cooplabmst_id,dsp_sample_id,dsp_pedon_id,layer_no,dsp_pedon,sand_pct,silt_pct,clay_pct,texture,bulk_density,water_content,soc_pct,tc_pct,tn_pct,kssl_wsa,yoder_agg_stab_mwd,yoder_agg_stab_total_ws,yoder_ws_2_8,yoder_ws_pt5_2,yoder_ws_250_500,yoder_ws_53_250,ec,p_h,soil_respiration,bglucosidase,bglucosaminidase,alkaline_phosphatase,acid_phosphatase,phosphodiesterase,arylsulfatase,pox_c,ace,weoc,weon,effervescence,plfa_id,kssl_labsampnum,coarse_frag_volume,laydesg_id,hzdesg,hrzdep_t,hrzdep_b,dsp_plot_id,pedon_num,date_sampled,pedon_x,pedon_y,target_soil_name,soil_sampled_name,dspplotmgt_id,label_full,label,lu,till,trt,explanation,gen_state,site,project,soil,estimated_organic_c,c_tot_ncs,soc_pct_mod,genhz,bd_fill,soc_fill,coarse_frag_fill,hrzdepth,cf_mult,soc_stock_hrz
108,KeC1-1-1,KeC1-1,1,S2018KS179110,NA,NA,NA,,1.11023909,0.27,2.17,NA,NA,10,0.507324803,NA,NA,NA,NA,NA,NA,NA,1.064809976,77.5806569,104.407741,32.47043952,275.5157323,28.48571991,6.567889988,496.1191361,7.997775606,NA,NA,,KS-179-SW-110-1-0_5-2018,19N02553,0,108,Ap1,0,5,KeC1,NA,NA,-100.557271,39.244626,NA,Keith,46,BAU,BAU,CROP,Till,Till with rotation (eco-fallow),"Eco-Fallow Rotation.  Summer fallow is reg tillage, driled to wheat, spray stubble after harvest.  No-till corn, then fallow. (Fallow is the tillage part and wheat stubble is cleaned) No disc, just a sweep plow",AG-CROP,NA,KansasState,Keith,2.1,2.14,2.17,A,1.11023909,2.17,0,5,1,12.0460941265
109,KeC1-1-2,KeC1-1,2,S2018KS179110,NA,NA,NA,,1.420685092,0.2,1.9,NA,NA,13.33333333,0.313069575,NA,NA,NA,NA,NA,NA,NA,1.003563314,54.69240416,47.25891735,40.35378441,268.2230102,31.0761933,8.60070093,459.1304348,6.834202952,NA,NA,,KS-179-SW-110-2-5_10-2018,19N02554,0,109,Ap1,5,10,KeC1,NA,NA,-100.557271,39.244626,NA,Keith,46,BAU,BAU,CROP,Till,Till with rotation (eco-fallow),"Eco-Fallow Rotation.  Summer fallow is reg tillage, driled to wheat, spray stubble after harvest.  No-till corn, then fallow. (Fallow is the tillage part and wheat stubble is cleaned) No disc, just a sweep plow",AG-CROP,NA,KansasState,Keith,1.8,1.79,1.9,A,1.420685092,1.9,0,5,1,13.496508374000001
110,KeC1-1-3,KeC1-1,3,S2018KS179110,NA,NA,NA,,1.269239791,0.2,1.61,NA,NA,16.66666667,0.637495358,NA,NA,NA,NA,NA,NA,NA,0.847963289,67.5017613,44.57900088,147.660917,389.6314171,65.07012822,25.21829198,389.5283529,3.227247185,NA,NA,,KS-179-SW-110-3-10_23-2018,19N02555,0,110,Ap2,10,23,KeC1,NA,NA,-100.557271,39.244626,NA,Keith,46,BAU,BAU,CROP,Till,Till with rotation (eco-fallow),"Eco-Fallow Rotation.  Summer fallow is reg tillage, driled to wheat, spray stubble after harvest.  No-till corn, then fallow. (Fallow is the tillage part and wheat stubble is cleaned) No disc, just a sweep plow",AG-CROP,NA,KansasState,Keith,1.5,1.54,1.61,A,1.269239791,1.61,0,13,1,26.56518882563
111,KeC1-1-4,KeC1-1,4,S2018KS179110,NA,NA,NA,,1.277334863,0.23,1.14,NA,NA,18.33333333,0.877940981,NA,NA,NA,NA,NA,NA,NA,0.811817506,34.51686004,37.0352107,195.3996704,231.1459522,188.0698757,55.79728623,286.1524014,1.710420726,NA,NA,,KS-179-SW-110-4-23_36-2018,19N02556,0,111,Bt1,23,36,KeC1,NA,NA,-100.557271,39.244626,NA,Keith,46,BAU,BAU,CROP,Till,Till with rotation (eco-fallow),"Eco-Fallow Rotation.  Summer fallow is reg tillage, driled to wheat, spray stubble after harvest.  No-till corn, then fallow. (Fallow is the tillage part and wheat stubble is cleaned) No disc, just a sweep plow",AG-CROP,NA,KansasState,Keith,1.1,1.1,1.14,Bt,1.277334863,1.14,0,13,1,18.930102669660002
112,KeC1-1-5,KeC1-1,5,S2018KS179110,NA,NA,NA,,1.324462422,0.22,0.78,NA,NA,16.66666667,0.90935168,NA,NA,NA,NA,NA,NA,NA,0.779057826,27.63962376,29.33053359,166.6281385,81.79968338,116.19129650000001,32.46407388,180.919841,1.270259465,NA,NA,,KS-179-SW-110-5-36_54-2018,19N02557,0,112,Bt2,36,54,KeC1,NA,NA,-100.557271,39.244626,NA,Keith,46,BAU,BAU,CROP,Till,Till with rotation (eco-fallow),"Eco-Fallow Rotation.  Summer fallow is reg tillage, driled to wheat, spray stubble after harvest.  No-till corn, then fallow. (Fallow is the tillage part and wheat stubble is cleaned) No disc, just a sweep plow",AG-CROP,NA,KansasState,Keith,0.8,0.78,0.78,Bt,1.324462422,0.78,0,18,1,18.595452404880003
113,KeC1-1-6,KeC1-1,6,S2018KS179110,NA,NA,NA,,1.403438092,0.18,0.6,NA,NA,26.66666667,0.898082891,NA,NA,NA,NA,NA,NA,NA,0.88160834,19.62190038,11.27612866,93.9339485,23.23641636,61.62334584,38.66092137,124.881878,1.083677601,NA,NA,,KS-179-SW-110-6-54_69-2018,19N02558,0,113,Btk1,54,69,KeC1,NA,NA,-100.557271,39.244626,NA,Keith,46,BAU,BAU,CROP,Till,Till with rotation (eco-fallow),"Eco-Fallow Rotation.  Summer fallow is reg tillage, driled to wheat, spray stubble after harvest.  No-till corn, then fallow. (Fallow is the tillage part and wheat stubble is cleaned) No disc, just a sweep plow",AG-CROP,NA,KansasState,Keith,0.6,1.03,0.6,Btk,1.403438092,0.6,0,15,1,12.630942828
114,KeC1-1-7,KeC1-1,7,S2018KS179110,NA,NA,NA,,1.287678566,0.19,0.83,NA,NA,6.666666667,0.580567087,NA,NA,NA,NA,NA,NA,NA,0.924530943,16.42682371,7.878261069,85.2971646,13.5858194,33.53780725,28.20208421,110.7485733,1.047286371,NA,NA,,KS-179-SW-110-7-69_87-2018,19N02559,0,114,Btk2,69,87,KeC1,NA,NA,-100.557271,39.244626,NA,Keith,46,BAU,BAU,CROP,Till,Till with rotation (eco-fallow),"Eco-Fallow Rotation.  Summer fallow is reg tillage, driled to wheat, spray stubble after harvest.  No-till corn, then fallow. (Fallow is the tillage part and wheat stubble is cleaned) No disc, just a sweep plow",AG-CROP,NA,KansasState,Keith,0.5,1.76,0.83,Btk,1.287678566,0.83,0,18,1,19.23791777604
115,KeC1-1-8,KeC1-1,8,S2018KS179110,NA,NA,NA,,1.111048597,0.19,0.53,NA,NA,6.666666667,0.344307477,NA,NA,NA,NA,NA,NA,NA,0.811894469,11.43061655,6.174033791,43.0205342,8.566509496,17.17591882,20.63371909,65.14731103,0.809178416,NA,NA,,KS-179-SW-110-8-87_100-2018,19N02560,0,115,Bk,87,100,KeC1,NA,NA,-100.557271,39.244626,NA,Keith,46,BAU,BAU,CROP,Till,Till with rotation (eco-fallow),"Eco-Fallow Rotation.  Summer fallow is reg tillage, driled to wheat, spray stubble after harvest.  No-till corn, then fallow. (Fallow is the tillage part and wheat stubble is cleaned) No disc, just a sweep plow",AG-CROP,NA,KansasState,Keith,0.3,1.42,0.53,Bk,1.111048597,0.53,0,13,1,7.6551248333299995
116,KeC1-2-1,KeC1-2,1,S2018KS179111,NA,NA,NA,,1.268092989,0.23,2.1,NA,NA,6.666666667,0.567062531,NA,NA,NA,NA,NA,NA,NA,0.951311112,78.88579999,101.532134,25.57346289,244.8173586,28.37776789,4.822480668,457.86521,6.807891767,NA,NA,,KS-179-SW-111-1-0_5-2018,19N02561,0,116,Ap,0,5,KeC1,NA,NA,-100.557271,39.244626,NA,Keith,46,BAU,BAU,CROP,Till,Till with rotation (eco-fallow),"Eco-Fallow Rotation.  Summer fallow is reg tillage, driled to wheat, spray stubble after harvest.  No-till corn, then fallow. (Fallow is the tillage part and wheat stubble is cleaned) No disc, just a sweep plow",AG-CROP,NA,KansasState,Keith,1.9,1.9,2.1,A,1.268092989,2.1,0,5,1,13.3149763845
117,KeC1-2-2,KeC1-2,2,S2018KS179111,NA,NA,NA,,1.313695227,0.23,1.74,NA,NA,6.666666667,0.534717175,NA,NA,NA,NA,NA,NA,NA,0.846934674,31.97314049,50.72831257,30.15211167,235.3416709,20.55463615,6.715153519,361.3193288,5.55426632,NA,NA,,KS-179-SW-111-2-5_10-2018,19N02562,0,117,Ap,5,10,KeC1,NA,NA,-100.557271,39.244626,NA,Keith,46,BAU,BAU,CROP,Till,Till with rotation (eco-fallow),"Eco-Fallow Rotation.  Summer fallow is reg tillage, driled to wheat, spray stubble after harvest.  No-till corn, then fallow. (Fallow is the tillage part and wheat stubble is cleaned) No disc, just a sweep plow",AG-CROP,NA,KansasState,Keith,1.6,1.61,1.74,A,1.313695227,1.74,0,5,1,11.4291484749
118,KeC1-2-3,KeC1-2,3,S2018KS179111,NA,NA,NA,,1.305217888,0.23,1.15,NA,NA,13.33333333,0.744553382,NA,NA,NA,NA,NA,NA,NA,0.749106637,42.4601848,43.4747127,156.8380026,297.9370915,59.03912506,18.68289312,281.6029038,1.828286173,NA,NA,,KS-179-SW-111-3-10_25-2018,19N02563,0,118,A,10,25,KeC1,NA,NA,-100.557271,39.244626,NA,Keith,46,BAU,BAU,CROP,Till,Till with rotation (eco-fallow),"Eco-Fallow Rotation.  Summer fallow is reg tillage, driled to wheat, spray stubble after harvest.  No-till corn, then fallow. (Fallow is the tillage part and wheat stubble is cleaned) No disc, just a sweep plow",AG-CROP,NA,KansasState,Keith,1.1,1.11,1.15,A,1.305217888,1.15,0,15,1,22.515008568
119,KeC1-2-4,KeC1-2,4,S2018KS179111,NA,NA,NA,,1.313456054,0.24,0.75,NA,NA,10,0.61915462,NA,NA,NA,NA,NA,NA,NA,0.779431021,18.36406873,31.16804689,154.015748,118.3637985,102.2604379,31.2397098,198.6127527,1.174103355,NA,NA,,KS-179-SW-111-4-25_36-2018,19N02564,0,119,Bt1,25,36,KeC1,NA,NA,-100.557271,39.244626,NA,Keith,46,BAU,BAU,CROP,Till,Till with rotation (eco-fallow),"Eco-Fallow Rotation.  Summer fallow is reg tillage, driled to wheat, spray stubble after harvest.  No-till corn, then fallow. (Fallow is the tillage part and wheat stubble is cleaned) No disc, just a sweep plow",AG-CROP,NA,KansasState,Keith,0.8,0.79,0.75,Bt,1.313456054,0.75,0,11,1,10.8360124455
120,KeC1-2-5,KeC1-2,5,S2018KS179111,NA,NA,NA,,1.327269137,0.22,0.59,NA,NA,16.66666667,1.172623784,NA,NA,NA,NA,NA,NA,NA,0.846188999,25.54486508,12.45267513,123.1587693,35.01849458,69.56074564,41.69182478,125.0770674,1.036462424,NA,NA,,KS-179-SW-111-5-36_59-2018,19N02565,0,120,Bt2,36,59,KeC1,NA,NA,-100.557271,39.244626,NA,Keith,46,BAU,BAU,CROP,Till,Till with rotation (eco-fallow),"Eco-Fallow Rotation.  Summer fallow is reg tillage, driled to wheat, spray stubble after harvest.  No-till corn, then fallow. (Fallow is the tillage part and wheat stubble is cleaned) No disc, just a sweep plow",AG-CROP,NA,KansasState,Keith,0.6,0.61,0.59,Bt,1.327269137,0.59,0,23,1,18.01104218909
121,KeC1-2-6,KeC1-2,6,S2018KS179111,NA,NA,NA,,1.201212785,0.2,0.64,NA,NA,10,0.724944297,NA,NA,NA,NA,NA,NA,NA,0.941087221,17.62042854,13.96485641,69.84655764,19.91162895,41.38111522,28.72551183,115.3186824,0.860085021,NA,NA,,KS-179-SW-111-6-59_78-2018,19N02566,0,121,Btk,59,78,KeC1,NA,NA,-100.557271,39.244626,NA,Keith,46,BAU,BAU,CROP,Till,Till with rotation (eco-fallow),"Eco-Fallow Rotation.  Summer fallow is reg tillage, driled to wheat, spray stubble after harvest.  No-till corn, then fallow. (Fallow is the tillage part and wheat stubble is cleaned) No disc, just a sweep plow",AG-CROP,NA,KansasState,Keith,0.5,1.39,0.64,Btk,1.201212785,0.64,0,19,1,14.6067474656
122,KeC1-2-7,KeC1-2,7,S2018KS179111,NA,NA,NA,,1.077273137,0.2,0.7,NA,NA,3.333333333,0.341053634,NA,NA,NA,NA,NA,NA,NA,0.811400811,12.88369209,7.461451794,31.21592974,5.535762424,29.74793914,22.17638928,65.33003064,0.745116938,NA,NA,,KS-179-SW-111-7-78_100-2018,19N02567,0,122,Bk,78,100,KeC1,NA,NA,-100.557271,39.244626,NA,Keith,46,BAU,BAU,CROP,Till,Till with rotation (eco-fallow),"Eco-Fallow Rotation.  Summer fallow is reg tillage, driled to wheat, spray stubble after harvest.  No-till corn, then fallow. (Fallow is the tillage part and wheat stubble is cleaned) No disc, just a sweep plow",AG-CROP,NA,KansasState,Keith,0.4,1.47,0.7,Bk,1.077273137,0.7,0,22,1,16.5900063098
123,KeC1-3-1,KeC1-3,1,S2018KS179112,NA,NA,NA,,0.989217767,0.25,2.12,NA,NA,13.33333333,0.628437999,NA,NA,NA,NA,NA,NA,NA,1.008468461,79.21897723,90.72272663,48.52059423,347.4646757,45.83161674,4.009632534,481.2834225,7.363731581,NA,NA,,KS-179-SW-112-1-0_5-2018,19N02568,0,123,Ap1,0,5,KeC1,NA,NA,-100.557271,39.244626,NA,Keith,46,BAU,BAU,CROP,Till,Till with rotation (eco-fallow),"Eco-Fallow Rotation.  Summer fallow is reg tillage, driled to wheat, spray stubble after harvest.  No-till corn, then fallow. (Fallow is the tillage part and wheat stubble is cleaned) No disc, just a sweep plow",AG-CROP,NA,KansasState,Keith,2.1,2.07,2.12,A,0.989217767,2.12,0,5,1,10.485708330200001
124,KeC1-3-2,KeC1-3,2,S2018KS179112,NA,NA,NA,,1.182150311,0.26,1.78,NA,NA,6.666666667,0.364983002,NA,NA,NA,NA,NA,NA,NA,0.947138397,50.4142004,38.9644676,38.58895435,289.1995216,30.11909474,9.814741884,430.636523,6.269299132,NA,NA,,KS-179-SW-112-2-5_10-2018,19N02569,0,124,Ap1,5,10,KeC1,NA,NA,-100.557271,39.244626,NA,Keith,46,BAU,BAU,CROP,Till,Till with rotation (eco-fallow),"Eco-Fallow Rotation.  Summer fallow is reg tillage, driled to wheat, spray stubble after harvest.  No-till corn, then fallow. (Fallow is the tillage part and wheat stubble is cleaned) No disc, just a sweep plow",AG-CROP,NA,KansasState,Keith,1.7,1.69,1.78,A,1.182150311,1.78,0,5,1,10.521137767899999
125,KeC1-3-3,KeC1-3,3,S2018KS179112,NA,NA,NA,,1.181085423,0.19,1.41,NA,NA,20,0.887000553,NA,NA,NA,NA,NA,NA,NA,0.822964166,56.40008068,40.54933503,201.7515668,406.3519004,71.66133734,21.54324403,342.411129,2.434221222,NA,NA,,KS-179-SW-112-3-10_24-2018,19N02570,0,125,Ap2,10,24,KeC1,NA,NA,-100.557271,39.244626,NA,Keith,46,BAU,BAU,CROP,Till,Till with rotation (eco-fallow),"Eco-Fallow Rotation.  Summer fallow is reg tillage, driled to wheat, spray stubble after harvest.  No-till corn, then fallow. (Fallow is the tillage part and wheat stubble is cleaned) No disc, just a sweep plow",AG-CROP,NA,KansasState,Keith,1.4,1.37,1.41,A,1.181085423,1.41,0,14,1,23.31462625002
126,KeC1-3-4,KeC1-3,4,S2018KS179112,NA,NA,NA,,1.235582603,0.25,0.92,NA,NA,19,0.491409697,NA,NA,NA,NA,NA,NA,NA,0.975037422,28.80387574,29.81549561,159.2259237,132.966327,160.8323733,46.10500579,204.0002792,1.344609485,NA,NA,,KS-179-SW-112-4-24_38-2018,19N02571,0,126,Bt,24,38,KeC1,NA,NA,-100.557271,39.244626,NA,Keith,46,BAU,BAU,CROP,Till,Till with rotation (eco-fallow),"Eco-Fallow Rotation.  Summer fallow is reg tillage, driled to wheat, spray stubble after harvest.  No-till corn, then fallow. (Fallow is the tillage part and wheat stubble is cleaned) No disc, just a sweep plow",AG-CROP,NA,KansasState,Keith,0.9,0.9,0.92,Bt,1.235582603,0.92,0,14,1,15.914303926639999
127,KeC1-3-5,KeC1-3,5,S2018KS179112,NA,NA,NA,,NA,0.23,0.64,NA,NA,15,0.69975708,NA,NA,NA,NA,NA,NA,NA,0.884452187,23.63865049,13.61679365,161.1387393,54.8087399,99.4734399,28.32335364,136.9139467,0.962118934,NA,NA,,KS-179-SW-112-5-38_61-2018,19N02572,0,127,Btk1,38,61,KeC1,NA,NA,-100.557271,39.244626,NA,Keith,46,BAU,BAU,CROP,Till,Till with rotation (eco-fallow),"Eco-Fallow Rotation.  Summer fallow is reg tillage, driled to wheat, spray stubble after harvest.  No-till corn, then fallow. (Fallow is the tillage part and wheat stubble is cleaned) No disc, just a sweep plow",AG-CROP,NA,KansasState,Keith,0.6,0.74,0.64,Btk,1.2896228975625,0.64,0,23,1,18.98324905212
128,KeC1-3-6,KeC1-3,6,S2018KS179112,NA,NA,NA,,NA,0.21,0.64,NA,NA,16.5,0.672414567,NA,NA,NA,NA,NA,NA,NA,0.885710672,18.37531458,5.901244857,87.04816809,17.62132238,50.01375873,32.95410749,97.18773824,0.86983241,NA,NA,,KS-179-SW-112-6-61_80-2018R,19N02573,0,128,Btk2,61,80,KeC1,NA,NA,-100.557271,39.244626,NA,Keith,46,BAU,BAU,CROP,Till,Till with rotation (eco-fallow),"Eco-Fallow Rotation.  Summer fallow is reg tillage, driled to wheat, spray stubble after harvest.  No-till corn, then fallow. (Fallow is the tillage part and wheat stubble is cleaned) No disc, just a sweep plow",AG-CROP,NA,KansasState,Keith,0.4,1.3,0.64,Btk,1.2896228975625,0.64,0,19,1,15.68181443436
129,KeC1-3-7,KeC1-3,7,S2018KS179112,NA,NA,NA,,NA,0.2,0.7,NA,NA,7.833333333,0.393256781,NA,NA,NA,NA,NA,NA,NA,0.872766549,13.01664678,5.741770297,56.13178345,17.66944299,24.77882909,23.50305692,85.77193734,0.765745958,NA,NA,,KS-179-SW-112-7-80_100-2018,19N02574,0,129,Bk,80,100,KeC1,NA,NA,-100.557271,39.244626,NA,Keith,46,BAU,BAU,CROP,Till,Till with rotation (eco-fallow),"Eco-Fallow Rotation.  Summer fallow is reg tillage, driled to wheat, spray stubble after harvest.  No-till corn, then fallow. (Fallow is the tillage part and wheat stubble is cleaned) No disc, just a sweep plow",AG-CROP,NA,KansasState,Keith,0.3,1.47,0.7,Bk,1.2237974818333333,0.7,0,20,1,17.133164745666665
130,KeC2-1-1,KeC2-1,1,S2018KS193101,NA,NA,NA,,0.933968903,0.253132832,2.37,NA,NA,7,0.508598397,NA,NA,NA,NA,NA,NA,NA,0.933778193,221.7331907,170.0381488,38.90491681,469.3799911,103.1812369,4.710299883,483.7589264,8.386554648,NA,NA,,KS-193-SW-101-1-0_5-2018,19N02575,0,130,Ap1,0,5,KeC2,NA,NA,-101.0631493,39.3817794,NA,Keith,47,BAU,BAU,CROP,Till,Tilled once every 3 years.  Sorghum/wheat/corn,"Tilled once every 3 years.  Sorghum '15, tilled summer 2016, wheat '16, corn '18",AG-CROP,NA,KansasState,Keith,2.2,2.15,2.37,A,0.933968903,2.37,0,5,1,11.06753150055
131,KeC2-1-2,KeC2-1,2,S2018KS193101,NA,NA,NA,,1.140932904,0.2425,1.73,NA,NA,5.833333333,0.606465856,NA,NA,NA,NA,NA,NA,NA,7.737255756,61.65974105,44.9615553,37.14614878,283.7241178,69.97971921,7.356392784,338.3806456,5.370330763,NA,NA,,KS-193-SW-101-2-5_10-2018,19N02576,0,131,Ap1,5,10,KeC2,NA,NA,-101.0631493,39.3817794,NA,Keith,47,BAU,BAU,CROP,Till,Tilled once every 3 years.  Sorghum/wheat/corn,"Tilled once every 3 years.  Sorghum '15, tilled summer 2016, wheat '16, corn '18",AG-CROP,NA,KansasState,Keith,1.5,1.5,1.73,A,1.140932904,1.73,0,5,1,9.869069619600001
132,KeC2-1-3,KeC2-1,3,S2018KS193101,NA,NA,NA,,1.221540705,0.199040767,1.26,NA,NA,6.5,0.434293214,NA,NA,NA,NA,NA,NA,NA,0.667306888,47.91776518,36.94724084,49.03584229,331.6383726,45.23634305,13.50500955,164.7802074,3.271023549,NA,NA,,KS-193-SW-101-3-10_22-2018,19N02577,0,132,Ap2,10,22,KeC2,NA,NA,-101.0631493,39.3817794,NA,Keith,47,BAU,BAU,CROP,Till,Tilled once every 3 years.  Sorghum/wheat/corn,"Tilled once every 3 years.  Sorghum '15, tilled summer 2016, wheat '16, corn '18",AG-CROP,NA,KansasState,Keith,1.1,1.14,1.26,A,1.221540705,1.26,0,12,1,18.4696954596
133,KeC2-1-4,KeC2-1,4,S2018KS193101,NA,NA,NA,,1.319614748,0.186320755,0.74,NA,NA,8,0.388488582,NA,NA,NA,NA,NA,NA,NA,0.575373512,8.467947654,28.43358534,51.14741461,57.90940708,78.0585779,14.3941039,51.31679718,1.156749555,NA,NA,,KS-193-SW-101-4-22_42-2018,19N02578,0,133,Bt1,22,42,KeC2,NA,NA,-101.0631493,39.3817794,NA,Keith,47,BAU,BAU,CROP,Till,Tilled once every 3 years.  Sorghum/wheat/corn,"Tilled once every 3 years.  Sorghum '15, tilled summer 2016, wheat '16, corn '18",AG-CROP,NA,KansasState,Keith,0.7,0.68,0.74,Bt,1.319614748,0.74,0,20,1,19.5302982704
134,KeC2-1-5,KeC2-1,5,S2018KS193101,NA,NA,NA,,1.382474426,0.155963303,0.75,NA,NA,30.66666667,0.905362023,NA,NA,NA,NA,NA,NA,NA,0.605912978,8.612422129,30.10179957,104.8387097,31.11844872,76.10464874,22.57393962,85.33141607,1.231495655,NA,NA,,KS-193-SW-101-5-42_56-2018,19N02579,0,134,Bt2,42,56,KeC2,NA,NA,-101.0631493,39.3817794,NA,Keith,47,BAU,BAU,CROP,Till,Tilled once every 3 years.  Sorghum/wheat/corn,"Tilled once every 3 years.  Sorghum '15, tilled summer 2016, wheat '16, corn '18",AG-CROP,NA,KansasState,Keith,0.7,0.7,0.75,Bt,1.382474426,0.75,0,14,1,14.515981473
135,KeC2-1-6,KeC2-1,6,S2018KS193101,NA,NA,NA,,1.368067125,0.140909091,1.02,NA,NA,24.83333333,0.783405722,NA,NA,NA,NA,NA,NA,NA,0.805581232,9.637171701,17.02488684,70.70702971,17.96742319,66.84919248,25.69022808,97.97083588,0.816852812,NA,NA,,KS-193-SW-101-6-56_69-2018,19N02580,0,135,Btk1,56,69,KeC2,NA,NA,-101.0631493,39.3817794,NA,Keith,47,BAU,BAU,CROP,Till,Tilled once every 3 years.  Sorghum/wheat/corn,"Tilled once every 3 years.  Sorghum '15, tilled summer 2016, wheat '16, corn '18",AG-CROP,NA,KansasState,Keith,0.9,1.27,1.02,Btk,1.368067125,1.02,0,13,1,18.1405700775
136,KeC2-1-7,KeC2-1,7,S2018KS193101,NA,NA,NA,,1.256107786,0.116071429,0.82,NA,NA,9.333333333,0.474282764,NA,NA,NA,NA,NA,NA,NA,0.752569792,8.087520493,7.385072942,22.49679804,3.116921706,34.05224025,19.61465332,66.72662176,0.616701977,NA,NA,,KS-193-SW-101-7-69_84-2018,19N02581,0,136,Btk2,69,84,KeC2,NA,NA,-101.0631493,39.3817794,NA,Keith,47,BAU,BAU,CROP,Till,Tilled once every 3 years.  Sorghum/wheat/corn,"Tilled once every 3 years.  Sorghum '15, tilled summer 2016, wheat '16, corn '18",AG-CROP,NA,KansasState,Keith,0.7,1.34,0.82,Btk,1.256107786,0.82,0,15,1,15.450125767800001
137,KeC2-1-8,KeC2-1,8,S2018KS193101,NA,NA,NA,,1.242825403,0.109375,0.59,NA,NA,8.166666667,0.355798047,NA,NA,NA,NA,NA,NA,NA,0.694949958,2.940653243,7.699644517,19.26288748,0,17.72272843,14.34862857,30.26102979,0.598964141,NA,NA,,KS-193-SW-101-8-84_100-2018,19N02582,0,137,Btk3,84,100,KeC2,NA,NA,-101.0631493,39.3817794,NA,Keith,47,BAU,BAU,CROP,Till,Tilled once every 3 years.  Sorghum/wheat/corn,"Tilled once every 3 years.  Sorghum '15, tilled summer 2016, wheat '16, corn '18",AG-CROP,NA,KansasState,Keith,0.5,1.17,0.59,Btk,1.242825403,0.59,0,16,1,11.73227180432
138,KeC2-2-1,KeC2-2,1,S2018KS193102,NA,NA,NA,,1.382098583,0.238916256,2.28,NA,NA,8.333333333,0.351567086,NA,NA,NA,NA,NA,NA,NA,0.939737848,158.1702189,118.3062187,41.77615452,486.5852483,119.9268848,7.789811728,389.4061969,8.108058201,NA,NA,,KS-193-SW-102-1-0_5-2018,19N02583,0,138,Ap1,0,5,KeC2,NA,NA,-101.0632519,39.3815262,NA,Keith,47,BAU,BAU,CROP,Till,Tilled once every 3 years.  Sorghum/wheat/corn,"Tilled once every 3 years.  Sorghum '15, tilled summer 2016, wheat '16, corn '18",AG-CROP,NA,KansasState,Keith,2.1,2.14,2.28,A,1.382098583,2.28,0,5,1,15.7559238462
139,KeC2-2-2,KeC2-2,2,S2018KS193102,NA,NA,NA,,1.451378905,0.230576441,1.6,NA,NA,7.666666667,0.571283318,NA,NA,NA,NA,NA,NA,NA,0.684388247,69.80500962,52.33230919,37.85263261,278.1636191,44.02863891,5.715290544,323.7936061,5.25948936,NA,NA,,KS-193-SW-102-2-5_10-2018,19N02584,0,139,Ap1,5,10,KeC2,NA,NA,-101.0632519,39.3815262,NA,Keith,47,BAU,BAU,CROP,Till,Tilled once every 3 years.  Sorghum/wheat/corn,"Tilled once every 3 years.  Sorghum '15, tilled summer 2016, wheat '16, corn '18",AG-CROP,NA,KansasState,Keith,1.5,1.48,1.6,A,1.451378905,1.6,0,5,1,11.61103124
140,KeC2-2-3,KeC2-2,3,S2018KS193102,NA,NA,NA,,1.447331369,0.205811138,1.25,NA,NA,12,0.439073187,NA,NA,NA,NA,NA,NA,NA,0.556049686,46.7275111,34.25954397,72.80283081,340.5398413,54.34857549,13.10510045,208.9353296,2.68659299,NA,NA,,KS-193-SW-102-3-10_23-2018,19N02585,0,140,Ap2,10,23,KeC2,NA,NA,-101.0632519,39.3815262,NA,Keith,47,BAU,BAU,CROP,Till,Tilled once every 3 years.  Sorghum/wheat/corn,"Tilled once every 3 years.  Sorghum '15, tilled summer 2016, wheat '16, corn '18",AG-CROP,NA,KansasState,Keith,1.1,1.13,1.25,A,1.447331369,1.25,0,13,1,23.519134746250003
141,KeC2-2-4,KeC2-2,4,S2018KS193102,NA,NA,NA,,1.266184298,0.183770883,0.95,NA,NA,16.66666667,0.441124523,NA,NA,NA,NA,NA,NA,NA,0.574831154,10.18159008,37.67744986,124.5028858,157.0156901,97.68032613,24.15155618,141.3337094,1.479365685,NA,NA,,KS-193-SW-102-4-23_40-2018,19N02586,0,141,Bt1,23,40,KeC2,NA,NA,-101.0632519,39.3815262,NA,Keith,47,BAU,BAU,CROP,Till,Tilled once every 3 years.  Sorghum/wheat/corn,"Tilled once every 3 years.  Sorghum '15, tilled summer 2016, wheat '16, corn '18",AG-CROP,NA,KansasState,Keith,0.9,0.88,0.95,Bt,1.266184298,0.95,0,17,1,20.4488764127
142,KeC2-2-5,KeC2-2,5,S2018KS193102,NA,NA,NA,,1.334358741,0.137299771,0.78,NA,NA,36.16666667,0.604691041,NA,NA,NA,NA,NA,NA,NA,0.784059534,11.16428602,40.7390197,156.3072197,61.46946968,105.9584801,30.84322431,104.0500293,1.065160021,NA,NA,,KS-193-SW-102-5-40_56-2018,19N02587,0,142,Bt2,40,56,KeC2,NA,NA,-101.0632519,39.3815262,NA,Keith,47,BAU,BAU,CROP,Till,Tilled once every 3 years.  Sorghum/wheat/corn,"Tilled once every 3 years.  Sorghum '15, tilled summer 2016, wheat '16, corn '18",AG-CROP,NA,KansasState,Keith,0.7,0.74,0.78,Bt,1.334358741,0.78,0,16,1,16.65279708768
143,KeC2-2-6,KeC2-2,6,S2018KS193102,NA,NA,NA,,1.224716896,0.125,0.78,NA,NA,42.33333333,0.835313858,NA,NA,NA,NA,NA,NA,NA,0.777871553,5.437651828,20.53047008,100.6604354,25.10387532,74.708899829999993,37.76057486,79.03090791,0.889199349,NA,NA,,KS-193-SW-102-6-56_69-2018,19N02588,0,143,Btk1,56,69,KeC2,NA,NA,-101.0632519,39.3815262,NA,Keith,47,BAU,BAU,CROP,Till,Tilled once every 3 years.  Sorghum/wheat/corn,"Tilled once every 3 years.  Sorghum '15, tilled summer 2016, wheat '16, corn '18",AG-CROP,NA,KansasState,Keith,0.7,1.06,0.78,Btk,1.224716896,0.78,0,13,1,12.418629325440001
144,KeC2-2-7,KeC2-2,7,S2018KS193102,NA,NA,NA,,1.274231752,0.103524229,0.7,NA,NA,16.66666667,0.494797302,NA,NA,NA,NA,NA,NA,NA,0.695109638,11.14650821,11.36476779,39.85930713,9.724208067,45.2933576,26.45015063,32.94375984,0.67173498,NA,NA,,KS-193-SW-102-7-69_79-2018,19N02589,0,144,Btk2,69,79,KeC2,NA,NA,-101.0632519,39.3815262,NA,Keith,47,BAU,BAU,CROP,Till,Tilled once every 3 years.  Sorghum/wheat/corn,"Tilled once every 3 years.  Sorghum '15, tilled summer 2016, wheat '16, corn '18",AG-CROP,NA,KansasState,Keith,0.5,1.41,0.7,Btk,1.274231752,0.7,0,10,1,8.919622264
145,KeC2-2-8,KeC2-2,8,S2018KS193102,NA,NA,NA,,1.297544434,0.093275488,0.78,NA,NA,11.33333333,0.446783918,NA,NA,NA,NA,NA,NA,NA,0.632459243,4.336123558,6.612205614,31.80558428,5.292864033,23.4693839,14.71581618,18.46694052,0.484760599,NA,NA,,KS-193-SW-102-8-79_100-2018,19N02590,0,145,Btk3,79,100,KeC2,NA,NA,-101.0632519,39.3815262,NA,Keith,47,BAU,BAU,CROP,Till,Tilled once every 3 years.  Sorghum/wheat/corn,"Tilled once every 3 years.  Sorghum '15, tilled summer 2016, wheat '16, corn '18",AG-CROP,NA,KansasState,Keith,0.3,1.56,0.78,Btk,1.297544434,0.78,0,21,1,21.25377782892
146,KeC2-3-1,KeC2-3,1,S2018KS193103,NA,NA,NA,,1.15759526,0.23095823100000001,2.09,NA,NA,17,0.495940304,NA,NA,NA,NA,NA,NA,NA,0.847567175,155.0866904,86.92131012,48.43884409,431.7322695,86.61744088,8.196012608,496.4943717,6.921658641,NA,NA,,KS-193-SW-103-1-0_5-2018,19N02591,0,146,Ap1,0,5,KeC2,NA,NA,-101.0629297,39.3816973,NA,Keith,47,BAU,BAU,CROP,Till,Tilled once every 3 years.  Sorghum/wheat/corn,"Tilled once every 3 years.  Sorghum '15, tilled summer 2016, wheat '16, corn '18",AG-CROP,NA,KansasState,Keith,1.9,1.9,2.09,A,1.15759526,2.09,0,5,1,12.096870466999999
147,KeC2-3-2,KeC2-3,2,S2018KS193103,NA,NA,NA,,1.404899702,0.205128205,1.53,NA,NA,6.5,0.523803672,NA,NA,NA,NA,NA,NA,NA,0.673926174,54.25779631,34.10624941,37.06080922,254.1917211,36.27122638,8.771373921,322.3739195,4.85720799,NA,NA,,KS-193-SW-103-2-5_10-2018,19N02592,0,147,Ap1,5,10,KeC2,NA,NA,-101.0629297,39.3816973,NA,Keith,47,BAU,BAU,CROP,Till,Tilled once every 3 years.  Sorghum/wheat/corn,"Tilled once every 3 years.  Sorghum '15, tilled summer 2016, wheat '16, corn '18",AG-CROP,NA,KansasState,Keith,1.4,1.4,1.53,A,1.404899702,1.53,0,5,1,10.7474827203
148,KeC2-3-3,KeC2-3,3,S2018KS193103,NA,NA,NA,,1.356008841,0.23095823100000001,1.21,NA,NA,11.16666667,0.443757524,NA,NA,NA,NA,NA,NA,NA,0.616425602,52.23986006,40.18281485,91.41160688,408.2117027,64.32695345,18.83764357,185.8611094,2.423903584,NA,NA,,KS-193-SW-103-3-10_26-2018,19N02593,0,148,Ap2,10,26,KeC2,NA,NA,-101.0629297,39.3816973,NA,Keith,47,BAU,BAU,CROP,Till,Tilled once every 3 years.  Sorghum/wheat/corn,"Tilled once every 3 years.  Sorghum '15, tilled summer 2016, wheat '16, corn '18",AG-CROP,NA,KansasState,Keith,1.1,1.11,1.21,A,1.356008841,1.21,0,16,1,26.252331161759997
149,KeC2-3-4,KeC2-3,4,S2018KS193103,NA,NA,NA,,1.28694776,0.179245283,0.89,NA,NA,42.33333333,0.728955458,NA,NA,NA,NA,NA,NA,NA,0.580529541,10.78763003,59.29452595,165.8148636,207.885422,136.4356767,29.28015762,135.037455,1.285603522,NA,NA,,KS-193-SW-103-4-26_40-2018,19N02594,0,149,Bt1,26,40,KeC2,NA,NA,-101.0629297,39.3816973,NA,Keith,47,BAU,BAU,CROP,Till,Tilled once every 3 years.  Sorghum/wheat/corn,"Tilled once every 3 years.  Sorghum '15, tilled summer 2016, wheat '16, corn '18",AG-CROP,NA,KansasState,Keith,0.8,0.81,0.89,Bt,1.28694776,0.89,0,14,1,16.035369089600003
150,KeC2-3-5,KeC2-3,5,S2018KS193103,NA,NA,NA,,1.357105049,0.128668172,0.96,NA,NA,35.83333333,1.117065024,NA,NA,NA,NA,NA,NA,NA,0.557106972,9.711417417,46.44448723,144.6654434,58.5758547,99.0482251,35.66085702,131.3915604,1.006620447,NA,NA,,KS-193-SW-103-5-40_52-2018,19N02595,0,150,Bt2,40,52,KeC2,NA,NA,-101.0629297,39.3816973,NA,Keith,47,BAU,BAU,CROP,Till,Tilled once every 3 years.  Sorghum/wheat/corn,"Tilled once every 3 years.  Sorghum '15, tilled summer 2016, wheat '16, corn '18",AG-CROP,NA,KansasState,Keith,0.9,0.93,0.96,Bt,1.357105049,0.96,0,12,1,15.63385016448
151,KeC2-3-6,KeC2-3,6,S2018KS193103,NA,NA,NA,,1.372765158,0.109131403,1.23,NA,NA,26.16666667,0.599417714,NA,NA,NA,NA,NA,NA,NA,0.7038631,13.4156409,18.67887009,84.2511843,16.93960981,59.31719553,32.26465723,131.4759463,0.986750832,NA,NA,,KS-193-SW-103-6-52_66-2018,19N02596,0,151,Bt3,52,66,KeC2,NA,NA,-101.0629297,39.3816973,NA,Keith,47,BAU,BAU,CROP,Till,Tilled once every 3 years.  Sorghum/wheat/corn,"Tilled once every 3 years.  Sorghum '15, tilled summer 2016, wheat '16, corn '18",AG-CROP,NA,KansasState,Keith,1.1,1.13,1.23,Bt,1.372765158,1.23,0,14,1,23.63901602076
152,KeC2-3-7,KeC2-3,7,S2018KS193103,NA,NA,NA,,1.328019006,0.101321586,1.25,NA,NA,11.5,0.924167792,NA,NA,NA,NA,NA,NA,NA,0.694506892,9.266156101,10.17260641,38.17264038,0.435390071,38.90649676,22.55292646,129.6638781,0.875377151,NA,NA,,KS-193-SW-103-7-66_81-2018R,19N02597,0,152,Btk1,66,81,KeC2,NA,NA,-101.0629297,39.3816973,NA,Keith,47,BAU,BAU,CROP,Till,Tilled once every 3 years.  Sorghum/wheat/corn,"Tilled once every 3 years.  Sorghum '15, tilled summer 2016, wheat '16, corn '18",AG-CROP,NA,KansasState,Keith,1.2,1.31,1.25,Btk,1.328019006,1.25,0,15,1,24.9003563625
153,KeC2-3-8,KeC2-3,8,S2018KS193103,NA,NA,NA,,1.334373164,0.11409396,0.85,NA,NA,13.33333333,0.606629345,NA,NA,NA,NA,NA,NA,NA,0.668605807,7.87254098,11.11111731,39.58360505,0.316514414,24.58414104,21.90737159,70.2634652,0.725985899,NA,NA,,KS-193-SW-103-8-81_100-2018,19N02598,0,153,Btk2,81,100,KeC2,NA,NA,-101.0629297,39.3816973,NA,Keith,47,BAU,BAU,CROP,Till,Tilled once every 3 years.  Sorghum/wheat/corn,"Tilled once every 3 years.  Sorghum '15, tilled summer 2016, wheat '16, corn '18",AG-CROP,NA,KansasState,Keith,0.8,1.22,0.85,Btk,1.334373164,0.85,0,19,1,21.5501265986
22,KeC3-1-1,KeC3-1,1,S2018KS153104,NA,NA,NA,,1.3557896,0.2,3.79,NA,NA,4.833333333,0.307503796,NA,NA,NA,NA,NA,NA,NA,1.471433049,157.6381994,92.93264955,483.968254,1087.450651,26.38337845,NA,828.1734547,6.518869454,NA,NA,,KS-153-SW-104-1-0_5-2018,19N02641,0,22,Ap1,0,5,KeC3,NA,NA,-100.868944,39.978288,NA,Keith,48,BAU,BAU,CROP,Till,Till converting to no-till,"Conventional tillage estimated at every two years until 2018, 2018 was first year of no-till.  Recently purchased fields.""Tillage Until 2018"" ",AG-CROP,NA,KansasState,Keith,1.1,1.08,3.79,A,1.3557896,3.79,0,5,1,25.69221292
23,KeC3-1-2,KeC3-1,2,S2018KS153104,NA,NA,NA,,1.3557896,0.21,3.73,NA,NA,3.833333333,0.305644865,NA,NA,NA,NA,NA,NA,NA,0.909115008,86.58806373,41.49892835,61.68391701,222.0269757,30.81331612,NA,254.00174,2.072477653,NA,NA,,KS-153-SW-104-2-5_10-2018,19N02642,0,23,Ap1,5,10,KeC3,NA,NA,-100.868944,39.978288,NA,Keith,48,BAU,BAU,CROP,Till,Till converting to no-till,"Conventional tillage estimated at every two years until 2018, 2018 was first year of no-till.  Recently purchased fields.""Tillage Until 2018"" ",AG-CROP,NA,KansasState,Keith,1.3,1.32,3.73,A,1.3557896,3.73,0,5,1,25.28547604
24,KeC3-1-3,KeC3-1,3,S2018KS153104,NA,NA,NA,,1.319496695,0.27735369,0.96,NA,NA,15.33333333,0.598306127,NA,NA,NA,NA,NA,NA,NA,0.872604737,32.84279485,29.794258,147.3500882,103.9973897,67.37462855,NA,185.1148128,1.398252466,NA,NA,,KS-153-SW-104-3-10_23-2018,19N02643,0,24,Ap2,10,23,KeC3,NA,NA,-100.868944,39.978288,NA,Keith,48,BAU,BAU,CROP,Till,Till converting to no-till,"Conventional tillage estimated at every two years until 2018, 2018 was first year of no-till.  Recently purchased fields.""Tillage Until 2018"" ",AG-CROP,NA,KansasState,Keith,0.9,0.94,0.96,A,1.319496695,0.96,0,13,1,16.4673187536
25,KeC3-1-4,KeC3-1,4,S2018KS153104,NA,NA,NA,,1.267764127,0.182464455,0.72,NA,NA,8.166666667,0.494713451,NA,NA,NA,NA,NA,NA,NA,1.052500315,14.15172677,12.19653278,85.85430753,51.10644258,93.22666896,NA,135.4659818,0.916941169,NA,NA,,KS-153-SW-104-4-23_39-2018,19N02644,0,25,Bt,23,39,KeC3,NA,NA,-100.868944,39.978288,NA,Keith,48,BAU,BAU,CROP,Till,Till converting to no-till,"Conventional tillage estimated at every two years until 2018, 2018 was first year of no-till.  Recently purchased fields.""Tillage Until 2018"" ",AG-CROP,NA,KansasState,Keith,0.7,0.9,0.72,Bt,1.267764127,0.72,0,16,1,14.60464274304
26,KeC3-1-5,KeC3-1,5,S2018KS153104,NA,NA,NA,,1.21216204,0.108888889,0.52,NA,NA,6.833333333,0.458498439,NA,NA,NA,NA,NA,NA,NA,1.020264799,15.81395693,4.739755342,48.89122845,24.39809104,34.78505169,NA,90.96712665,0.863135859,NA,NA,,KS-153-SW-104-5-39_57-2018,19N02645,0,26,Btk,39,57,KeC3,NA,NA,-100.868944,39.978288,NA,Keith,48,BAU,BAU,CROP,Till,Till converting to no-till,"Conventional tillage estimated at every two years until 2018, 2018 was first year of no-till.  Recently purchased fields.""Tillage Until 2018"" ",AG-CROP,NA,KansasState,Keith,0.4,1.02,0.52,Btk,1.21216204,0.52,0,18,1,11.3458366944
27,KeC3-1-6,KeC3-1,6,S2018KS153104,NA,NA,NA,,1.325972752,0.079913607,0.62,NA,NA,7.333333333,0.728521362,NA,NA,NA,NA,NA,NA,NA,1.005676056,4.659157641,2.866996872,28.54662698,37.57979641,34.49657159,NA,80.35707786,0.661355905,NA,NA,,KS-153-SW-104-6-57_77-2018,19N02646,0,27,Bk1,57,77,KeC3,NA,NA,-100.868944,39.978288,NA,Keith,48,BAU,BAU,CROP,Till,Till converting to no-till,"Conventional tillage estimated at every two years until 2018, 2018 was first year of no-till.  Recently purchased fields.""Tillage Until 2018"" ",AG-CROP,NA,KansasState,Keith,0.8,1.08,0.62,Bk,1.325972752,0.62,0,20,1,16.4420621248
28,KeC3-1-7,KeC3-1,7,S2018KS153104,NA,NA,NA,,1.268741182,0.074946467,0.49,NA,NA,11.16666667,0.422605123,NA,NA,NA,NA,NA,NA,NA,0.951573543,7.037148782,1.703223254,43.18165132,29.76582513,6.027956492,NA,79.510069,0.542048362,NA,NA,,KS-153-SW-104-7-77_100-2018R,19N02647,0,28,Bk2,77,100,KeC3,NA,NA,-100.868944,39.978288,NA,Keith,48,BAU,BAU,CROP,Till,Till converting to no-till,"Conventional tillage estimated at every two years until 2018, 2018 was first year of no-till.  Recently purchased fields.""Tillage Until 2018"" ",AG-CROP,NA,KansasState,Keith,0.5,1.03,0.49,Bk,1.268741182,0.49,0,23,1,14.29871312114
29,KeC3-2-1,KeC3-2,1,S2018KS153105,NA,NA,NA,,1.316326125,0.18,1.22,NA,NA,4.166666667,0.2926964,NA,NA,NA,NA,NA,NA,NA,1.050406868,146.3145789,94.78466704,64.33891189,267.0293886,26.72368382,NA,277.5474589,2.788854055,NA,NA,,KS-153-SW-105-1-0_5-2018,19N02648,0,29,Ap1,0,5,KeC3,NA,NA,-100.868986,39.978452,NA,Keith,48,BAU,BAU,CROP,Till,Till converting to no-till,"Conventional tillage estimated at every two years until 2018, 2018 was first year of no-till.  Recently purchased fields.""Tillage Until 2018"" ",AG-CROP,NA,KansasState,Keith,1.1,1.1,1.22,A,1.316326125,1.22,0,5,1,8.029589362500001
30,KeC3-2-2,KeC3-2,2,S2018KS153105,NA,NA,NA,,1.332111515,0.18,0.96,NA,NA,3.333333333,0.297998662,NA,NA,NA,NA,NA,NA,NA,1.009037661,82.87903168,49.2379457,89.05932031,282.662037,19.40846008,NA,276.3173384,2.23266495,NA,NA,,KS-153-SW-105-2-5_10-2018,19N02649,0,30,Ap1,5,10,KeC3,NA,NA,-100.868986,39.978452,NA,Keith,48,BAU,BAU,CROP,Till,Till converting to no-till,"Conventional tillage estimated at every two years until 2018, 2018 was first year of no-till.  Recently purchased fields.""Tillage Until 2018"" ",AG-CROP,NA,KansasState,Keith,1,0.95,0.96,A,1.332111515,0.96,0,5,1,6.394135272
31,KeC3-2-3,KeC3-2,3,S2018KS153105,NA,NA,NA,,1.282124447,0.180522565,0.78,NA,NA,2.333333333,0.278104081,NA,NA,NA,NA,NA,NA,NA,0.863514908,34.54868336,30.06022412,137.0242764,177.6715225,63.07809991,NA,188.8867155,1.304265997,NA,NA,,KS-153-SW-105-3-10_15-2018,19N02650,0,31,Ap2,10,15,KeC3,NA,NA,-100.868986,39.978452,NA,Keith,48,BAU,BAU,CROP,Till,Till converting to no-till,"Conventional tillage estimated at every two years until 2018, 2018 was first year of no-till.  Recently purchased fields.""Tillage Until 2018"" ",AG-CROP,NA,KansasState,Keith,0.8,0.79,0.78,A,1.282124447,0.78,0,5,1,5.0002853433
32,KeC3-2-4,KeC3-2,4,S2018KS153105,NA,NA,NA,,1.477289268,0.204379562,0.68,NA,NA,3.333333333,0.353624707,NA,NA,NA,NA,NA,NA,NA,0.854245523,29.55690448,17.84450183,124.0173014,94.62837333,117.9349088,NA,136.5855923,1.033831436,NA,NA,,KS-153-SW-105-4-15_26-2018,19N02651,0,32,Bt1,15,26,KeC3,NA,NA,-100.868986,39.978452,NA,Keith,48,BAU,BAU,CROP,Till,Till converting to no-till,"Conventional tillage estimated at every two years until 2018, 2018 was first year of no-till.  Recently purchased fields.""Tillage Until 2018"" ",AG-CROP,NA,KansasState,Keith,0.7,0.69,0.68,Bt,1.477289268,0.68,0,11,1,11.050123724640002
33,KeC3-2-5,KeC3-2,5,S2018KS153105,NA,NA,NA,,1.372451956,0.169767442,0.87,NA,NA,15.16666667,0.514089968,NA,NA,NA,NA,NA,NA,NA,1.065662376,25.62578404,12.02704778,125.6835009,77.5241148,108.4158444,NA,158.895788,0.874680608,NA,NA,,KS-153-SW-105-5-26_35-2018,19N02652,0,33,Bt2,26,35,KeC3,NA,NA,-100.868986,39.978452,NA,Keith,48,BAU,BAU,CROP,Till,Till converting to no-till,"Conventional tillage estimated at every two years until 2018, 2018 was first year of no-till.  Recently purchased fields.""Tillage Until 2018"" ",AG-CROP,NA,KansasState,Keith,0.9,0.94,0.87,Bt,1.372451956,0.87,0,9,1,10.74629881548
34,KeC3-2-6,KeC3-2,6,S2018KS153105,NA,NA,NA,,1.27401251,0.084415584,0.8,NA,NA,8.166666667,0.386215574,NA,NA,NA,NA,NA,NA,NA,1.030262758,14.12402587,5.580381832,66.29173208,63.32894942,53.72054053,NA,140.353864,0.918826587,NA,NA,,KS-153-SW-105-6-35_55-2018,19N02653,0,34,Btk1,35,55,KeC3,NA,NA,-100.868986,39.978452,NA,Keith,48,BAU,BAU,CROP,Till,Till converting to no-till,"Conventional tillage estimated at every two years until 2018, 2018 was first year of no-till.  Recently purchased fields.""Tillage Until 2018"" ",AG-CROP,NA,KansasState,Keith,0.8,1.36,0.8,Btk,1.27401251,0.8,0,20,1,20.38420016
35,KeC3-2-7,KeC3-2,7,S2018KS153105,NA,NA,NA,,1.313044574,0.070212766,0.45,NA,NA,3.5,0.261490644,NA,NA,NA,NA,NA,NA,NA,0.978541091,6.400410245,4.664214567,28.27289353,93.21170635,28.98246009,NA,94.8319799,0.703887115,NA,NA,,KS-153-SW-105-7-55_86-2018,19N02654,0,35,Btk2,55,86,KeC3,NA,NA,-100.868986,39.978452,NA,Keith,48,BAU,BAU,CROP,Till,Till converting to no-till,"Conventional tillage estimated at every two years until 2018, 2018 was first year of no-till.  Recently purchased fields.""Tillage Until 2018"" ",AG-CROP,NA,KansasState,Keith,0.5,0.91,0.45,Btk,1.313044574,0.45,0,31,1,18.316971807300003
36,KeC3-2-8,KeC3-2,8,S2018KS153105,NA,NA,NA,,1.334554492,0.068376068,0.4,NA,NA,8.166666667,0.383381731,NA,NA,NA,NA,NA,NA,NA,0.953996933,5.725139307,2.772838603,2.681270799,43.36105713,11.69189237,NA,50.755558980000004,0.597397463,NA,NA,,KS-153-SW-105-8-86_100-2018,19N02655,NA,36,Bk,86,100,KeC3,NA,NA,-100.868986,39.978452,NA,Keith,48,BAU,BAU,CROP,Till,Till converting to no-till,"Conventional tillage estimated at every two years until 2018, 2018 was first year of no-till.  Recently purchased fields.""Tillage Until 2018"" ",AG-CROP,NA,KansasState,Keith,0.3,0.84,0.4,Bk,1.334554492,0.4,0,14,1,7.473505155200002
37,KeC3-3-1,KeC3-3,1,S2018KS153106,NA,NA,NA,,1.252307599,0.21,1.23,NA,NA,5.833333333,0.269389469,NA,NA,NA,NA,NA,NA,NA,1.001461731,151.2082572,94.88018071,73.00508462,251.2685607,43.28463582,NA,355.7771108,3.167781283,NA,NA,,KS-153-SW-106-1-0_5-2018,19N02656,0,37,Ap1,0,5,KeC3,NA,NA,-100.8687585,39.9783659,NA,Keith,48,BAU,BAU,CROP,Till,Till converting to no-till,"Conventional tillage estimated at every two years until 2018, 2018 was first year of no-till.  Recently purchased fields.""Tillage Until 2018"" ",AG-CROP,NA,KansasState,Keith,1.1,1.14,1.23,A,1.252307599,1.23,0,5,1,7.70169173385
38,KeC3-3-2,KeC3-3,2,S2018KS153106,NA,NA,NA,,1.210213226,0.21,1.03,NA,NA,3.333333333,0.263955939,NA,NA,NA,NA,NA,NA,NA,0.905567696,93.84788239,51.15994573,69.70855232,240.6402193,28.36683248,NA,296.5281648,2.692065224,NA,NA,,KS-153-SW-106-2-5_10-2018,19N02657,0,38,Ap1,5,10,KeC3,NA,NA,-100.8687585,39.9783659,NA,Keith,48,BAU,BAU,CROP,Till,Till converting to no-till,"Conventional tillage estimated at every two years until 2018, 2018 was first year of no-till.  Recently purchased fields.""Tillage Until 2018"" ",AG-CROP,NA,KansasState,Keith,1,0.98,1.03,A,1.210213226,1.03,0,5,1,6.232598113900001
39,KeC3-3-3,KeC3-3,3,S2018KS153106,NA,NA,NA,,1.258446362,0.193317422,0.88,NA,NA,4.666666667,0.36472446,NA,NA,NA,NA,NA,NA,NA,0.855035132,47.09492543,33.793788,129.4205982,204.9618902,69.83446317,NA,222.802963,1.613607597,NA,NA,,KS-153-SW-106-3-10_18-2018,19N02658,0,39,Ap2,10,18,KeC3,NA,NA,-100.8687585,39.9783659,NA,Keith,48,BAU,BAU,CROP,Till,Till converting to no-till,"Conventional tillage estimated at every two years until 2018, 2018 was first year of no-till.  Recently purchased fields.""Tillage Until 2018"" ",AG-CROP,NA,KansasState,Keith,0.9,0.88,0.88,A,1.258446362,0.88,0,8,1,8.859462388479999
40,KeC3-3-4,KeC3-3,4,S2018KS153106,NA,NA,NA,,1.427461648,0.196642686,1.01,NA,NA,10.33333333,0.408587541,NA,NA,NA,NA,NA,NA,NA,0.867759697,24.88454487,21.64937215,163.9718818,83.13507027,138.8037421,NA,189.6074628,0.980589052,NA,NA,,KS-153-SW-106-4-18_29-2018,19N02659,0,40,Bt1,18,29,KeC3,NA,NA,-100.8687585,39.9783659,NA,Keith,48,BAU,BAU,CROP,Till,Till converting to no-till,"Conventional tillage estimated at every two years until 2018, 2018 was first year of no-till.  Recently purchased fields.""Tillage Until 2018"" ",AG-CROP,NA,KansasState,Keith,1,0.97,1.01,Bt,1.427461648,1.01,0,11,1,15.85909890928
41,KeC3-3-5,KeC3-3,5,S2018KS153106,NA,NA,NA,,1.348335388,0.140229885,0.89,NA,NA,13.83333333,0.443213805,NA,NA,NA,NA,NA,NA,NA,1.072766636,23.81139227,12.46478968,71.13172313,55.09726536,108.606457,NA,185.4862454,0.897603264,NA,NA,,KS-153-SW-106-5-29_41-2018,19N02660,0,41,Bt2,29,41,KeC3,NA,NA,-100.8687585,39.9783659,NA,Keith,48,BAU,BAU,CROP,Till,Till converting to no-till,"Conventional tillage estimated at every two years until 2018, 2018 was first year of no-till.  Recently purchased fields.""Tillage Until 2018"" ",AG-CROP,NA,KansasState,Keith,0.9,1.02,0.89,Bt,1.348335388,0.89,0,12,1,14.400221943839998
42,KeC3-3-6,KeC3-3,6,S2018KS153106,NA,NA,NA,,1.303390875,0.089519651,0.59,NA,NA,9.166666667,0.431500267,NA,NA,NA,NA,NA,NA,NA,1.028056277,12.91823779,6.539921505,56.53358041,44.9608911,35.43945445,NA,108.2541898,0.780012015,NA,NA,,KS-153-SW-106-6-41_57-2018,19N02661,0,42,Btk1,41,57,KeC3,NA,NA,-100.8687585,39.9783659,NA,Keith,48,BAU,BAU,CROP,Till,Till converting to no-till,"Conventional tillage estimated at every two years until 2018, 2018 was first year of no-till.  Recently purchased fields.""Tillage Until 2018"" ",AG-CROP,NA,KansasState,Keith,0.6,1.14,0.59,Btk,1.303390875,0.59,0,16,1,12.30400986
43,KeC3-3-7,KeC3-3,7,S2018KS153106,NA,NA,NA,,1.313141353,0.093275488,0.36,NA,NA,6.666666667,0.519450678,NA,NA,NA,NA,NA,NA,NA,0.983808949,9.707956896,1.815322189,33.55386546,15.04941599,23.70512595,NA,82.96796981,0.679277582,NA,NA,,KS-153-SW-106-7-57_76-2018,19N02662,0,43,Btk2,57,76,KeC3,NA,NA,-100.8687585,39.9783659,NA,Keith,48,BAU,BAU,CROP,Till,Till converting to no-till,"Conventional tillage estimated at every two years until 2018, 2018 was first year of no-till.  Recently purchased fields.""Tillage Until 2018"" ",AG-CROP,NA,KansasState,Keith,0.4,0.76,0.36,Btk,1.313141353,0.36,0,19,1,8.981886854519999
44,KeC3-3-8,KeC3-3,8,S2018KS153106,NA,NA,NA,,1.225194731,0.079229122,0.41,NA,NA,7.833333333,0.461198435,NA,NA,NA,NA,NA,NA,NA,0.967523982,4.888814921,0.616614149,21.75218355,31.96133502,15.3180731,NA,64.8566615,0.645395721,NA,NA,,KS-153-SW-106-8-76_100-2018-REDO,19N02663,NA,44,Bk,76,100,KeC3,NA,NA,-100.8687585,39.9783659,NA,Keith,48,BAU,BAU,CROP,Till,Till converting to no-till,"Conventional tillage estimated at every two years until 2018, 2018 was first year of no-till.  Recently purchased fields.""Tillage Until 2018"" ",AG-CROP,NA,KansasState,Keith,0.3,0.86,0.41,Bk,1.225194731,0.41,0,24,1,12.05591615304
66,KeCF1-1-1,KeCF1-1,1,S2018KS179104,NA,NA,NA,,1.495227211,0.28,1.92,NA,NA,10,0.98958544,NA,NA,NA,NA,NA,NA,NA,1.008940895,93.35614948,85.73990423,23.15384886,350.5526555,39.00611143,9.567300061,502.5348065,8.372095404,NA,NA,,KS-179-SW-104-1-0_5-2018,19N02511,0,66,Ap,0,5,KeCF1,NA,NA,-100.5431538,39.2447359,NA,Keith,49,SHM - no-till,SHM,CROP,No-till,"No-Till  with cover crop -  corn, oats, or wheat.","No-Till since 2001 with cover cropping.  Cover cropped every three years since 2006.  Typically planted to corn, oats, or wheat.",AG-CROP,NA,KansasState,Keith,2,1.99,1.92,A,1.495227211,1.92,0,5,1,14.3541812256
67,KeCF1-1-2,KeCF1-1,2,S2018KS179104,NA,NA,NA,,1.26107726,0.23,1.09,NA,NA,1.7,0.464253502,NA,NA,NA,NA,NA,NA,NA,0.753273745,40.14048144,14.53586301,20.88436862,185.0042255,19.30754624,10.3804472,263.3781049,3.952456051,NA,NA,,KS-179-SW-104-2-5_10-2018,19N02512,0,67,Ap,5,10,KeCF1,NA,NA,-100.5431538,39.2447359,NA,Keith,49,SHM - no-till,SHM,CROP,No-till,"No-Till  with cover crop -  corn, oats, or wheat.","No-Till since 2001 with cover cropping.  Cover cropped every three years since 2006.  Typically planted to corn, oats, or wheat.",AG-CROP,NA,KansasState,Keith,1.1,1.05,1.09,A,1.26107726,1.09,0,5,1,6.872871067
68,KeCF1-1-3,KeCF1-1,3,S2018KS179104,NA,NA,NA,,1.396568524,0.24,0.93,NA,NA,1.7,0.472319839,NA,NA,NA,NA,NA,NA,NA,0.72901167,25.04634709,28.59037108,59.72309711,143.0551565,28.5885574,14.90608272,253.8796731,2.429992258,NA,NA,,KS-179-SW-104-3-10_18-2018,19N02513,0,68,A,10,18,KeCF1,NA,NA,-100.5431538,39.2447359,NA,Keith,49,SHM - no-till,SHM,CROP,No-till,"No-Till  with cover crop -  corn, oats, or wheat.","No-Till since 2001 with cover cropping.  Cover cropped every three years since 2006.  Typically planted to corn, oats, or wheat.",AG-CROP,NA,KansasState,Keith,0.9,0.91,0.93,A,1.396568524,0.93,0,8,1,10.390469818560002
69,KeCF1-1-4,KeCF1-1,4,S2018KS179104,NA,NA,NA,,1.426531532,0.24,0.62,NA,NA,1.7,0.45629983,NA,NA,NA,NA,NA,NA,NA,0.702286869,11.34518232,18.12278661,75.7057296,73.00655602,52.76436769,21.77125473,197.2828859,1.362168808,NA,NA,,KS-179-SW-104-4-18_27-2018,19N02514,0,69,Bt1,18,27,KeCF1,NA,NA,-100.5431538,39.2447359,NA,Keith,49,SHM - no-till,SHM,CROP,No-till,"No-Till  with cover crop -  corn, oats, or wheat.","No-Till since 2001 with cover cropping.  Cover cropped every three years since 2006.  Typically planted to corn, oats, or wheat.",AG-CROP,NA,KansasState,Keith,0.6,0.61,0.62,Bt,1.426531532,0.62,0,9,1,7.96004594856
70,KeCF1-1-5,KeCF1-1,5,S2018KS179104,NA,NA,NA,,1.518466812,0.21,0.58,NA,NA,10,0.543493733,NA,NA,NA,NA,NA,NA,NA,0.836509114,21.50412112,14.52952526,98.69782684,48.04699658,72.46644219,28.5447746,162.9854135,1.309640536,NA,NA,,KS-179-SW-104-5-27_37-2018,19N02515,0,70,Bt2,27,37,KeCF1,NA,NA,-100.5431538,39.2447359,NA,Keith,49,SHM - no-till,SHM,CROP,No-till,"No-Till  with cover crop -  corn, oats, or wheat.","No-Till since 2001 with cover cropping.  Cover cropped every three years since 2006.  Typically planted to corn, oats, or wheat.",AG-CROP,NA,KansasState,Keith,0.6,0.59,0.58,Bt,1.518466812,0.58,0,10,1,8.8071075096
71,KeCF1-1-6,KeCF1-1,6,S2018KS179104,NA,NA,NA,,1.168358026,0.22,0.72,NA,NA,8.3,0.614603213,NA,NA,NA,NA,NA,NA,NA,0.896189297,15.71217175,6.542631243,64.94505282,14.29381276,44.05190231,31.50497256,98.61654084,1.04225876,NA,NA,,KS-179-SW-104-6-37_59-2018,19N02516,0,71,Btk,37,59,KeCF1,NA,NA,-100.5431538,39.2447359,NA,Keith,49,SHM - no-till,SHM,CROP,No-till,"No-Till  with cover crop -  corn, oats, or wheat.","No-Till since 2001 with cover cropping.  Cover cropped every three years since 2006.  Typically planted to corn, oats, or wheat.",AG-CROP,NA,KansasState,Keith,0.5,1.59,0.72,Btk,1.168358026,0.72,0,22,1,18.506791131839996
72,KeCF1-1-7,KeCF1-1,7,S2018KS179104,NA,NA,NA,,1.149574228,0.2,0.51,NA,NA,15,0.592114089,NA,NA,NA,NA,NA,NA,NA,0.824464808,8.11489379,3.016430382,29.55508221,6.951733074,14.78538757,15.98943112,60.83809338,0.900746046,NA,NA,,KS-179-SW-104-7-59_100-2018,19N02517,0,72,Bk,59,100,KeCF1,NA,NA,-100.5431538,39.2447359,NA,Keith,49,SHM - no-till,SHM,CROP,No-till,"No-Till  with cover crop -  corn, oats, or wheat.","No-Till since 2001 with cover cropping.  Cover cropped every three years since 2006.  Typically planted to corn, oats, or wheat.",AG-CROP,NA,KansasState,Keith,0.3,1.29,0.51,Bk,1.149574228,0.51,0,41,1,24.037597107480003
73,KeCF1-2-1,KeCF1-2,1,S2018KS179105,NA,NA,NA,,1.275108718,0.29,1.79,NA,NA,15,0.866007042,NA,NA,NA,NA,NA,NA,NA,1.035179493,46.27142361,43.09834953,33.58508758,230.5231616,28.32211126,6.212161661,352.1231229,7.197889825,NA,NA,,KS-179-SW-105-1-0_10-2018,19N02518,0,73,Ap1,0,5,KeCF1,NA,NA,-100.5430643,39.2450134,NA,Keith,49,SHM - no-till,SHM,CROP,No-till,"No-Till  with cover crop -  corn, oats, or wheat.","No-Till since 2001 with cover cropping.  Cover cropped every three years since 2006.  Typically planted to corn, oats, or wheat.",AG-CROP,NA,KansasState,Keith,1.7,1.74,1.79,A,1.275108718,1.79,0,5,1,11.412223026100001
74,KeCF1-2-2,KeCF1-2,2,S2018KS179105,NA,NA,NA,,1.3557896,0.23,1.11,NA,NA,3.333333333,0.502313539,NA,NA,NA,NA,NA,NA,NA,0.782104124,19.75093537,11.24557888,26.31099684,155.6067291,6.352180026,8.774440441,270.4674985,4.33773624,NA,NA,,KS-179-SW-105-2-5_10-2018,19N02519,0,74,Ap1,5,10,KeCF1,NA,NA,-100.5430643,39.2450134,NA,Keith,49,SHM - no-till,SHM,CROP,No-till,"No-Till  with cover crop -  corn, oats, or wheat.","No-Till since 2001 with cover cropping.  Cover cropped every three years since 2006.  Typically planted to corn, oats, or wheat.",AG-CROP,NA,KansasState,Keith,1,1.04,1.11,A,1.3557896,1.11,0,5,1,7.5246322800000005
75,KeCF1-2-3,KeCF1-2,3,S2018KS179105,NA,NA,NA,,1.470562539,0.21,0.9,NA,NA,8.333333333,0.517679849,NA,NA,NA,NA,NA,NA,NA,0.695039503,20.16807242,16.11567134,46.28769871,111.0959084,23.98174681,16.23993541,200.982216,2.264688747,NA,NA,,KS-179-SW-105-3-10_18-2018,19N02520,0,75,Ap2,10,18,KeCF1,NA,NA,-100.5430643,39.2450134,NA,Keith,49,SHM - no-till,SHM,CROP,No-till,"No-Till  with cover crop -  corn, oats, or wheat.","No-Till since 2001 with cover cropping.  Cover cropped every three years since 2006.  Typically planted to corn, oats, or wheat.",AG-CROP,NA,KansasState,Keith,0.9,0.86,0.9,A,1.470562539,0.9,0,8,1,10.5880502808
76,KeCF1-2-4,KeCF1-2,4,S2018KS179105,NA,NA,NA,,1.24811069,0.24,0.62,NA,NA,6.666666667,0.465956551,NA,NA,NA,NA,NA,NA,NA,1.24383393,14.20349351,12.90284452,104.3012481,51.00616084,74.79323521,19.51292154,142.9667675,1.361880775,NA,NA,,KS-179-SW-105-4-18_32-2018,19N02521,0,76,Bt1,18,32,KeCF1,NA,NA,-100.5430643,39.2450134,NA,Keith,49,SHM - no-till,SHM,CROP,No-till,"No-Till  with cover crop -  corn, oats, or wheat.","No-Till since 2001 with cover cropping.  Cover cropped every three years since 2006.  Typically planted to corn, oats, or wheat.",AG-CROP,NA,KansasState,Keith,0.6,0.63,0.62,Bt,1.24811069,0.62,0,14,1,10.8336007892
77,KeCF1-2-5,KeCF1-2,5,S2018KS179105,NA,NA,NA,,1.282731577,0.22,0.55,NA,NA,20,0.823634896,NA,NA,NA,NA,NA,NA,NA,0.69972669,25.15057723,14.51749746,178.8526434,23.36028751,91.45963275,22.30826133,148.9040255,1.308684554,NA,NA,,KS-179-SW-105-5-32_45-2018,19N02522,0,77,Bt2,32,45,KeCF1,NA,NA,-100.5430643,39.2450134,NA,Keith,49,SHM - no-till,SHM,CROP,No-till,"No-Till  with cover crop -  corn, oats, or wheat.","No-Till since 2001 with cover cropping.  Cover cropped every three years since 2006.  Typically planted to corn, oats, or wheat.",AG-CROP,NA,KansasState,Keith,0.6,0.57,0.55,Bt,1.282731577,0.55,0,13,1,9.17153077555
78,KeCF1-2-6,KeCF1-2,6,S2018KS179105,NA,NA,NA,,1.019368697,0.22,0.53,NA,NA,0,0.841648773,NA,NA,NA,NA,NA,NA,NA,0.809195645,17.52981006,5.950381584,44.88188976,4.590466223,31.39477557,21.36494249,94.44478235,1.084821325,NA,NA,,KS-179-SW-105-6-45_66-2018,19N02523,0,78,Btk,45,66,KeCF1,NA,NA,-100.5430643,39.2450134,NA,Keith,49,SHM - no-till,SHM,CROP,No-till,"No-Till  with cover crop -  corn, oats, or wheat.","No-Till since 2001 with cover cropping.  Cover cropped every three years since 2006.  Typically planted to corn, oats, or wheat.",AG-CROP,NA,KansasState,Keith,0.4,1.19,0.53,Btk,1.019368697,0.53,0,21,1,11.34557359761
79,KeCF1-2-7,KeCF1-2,7,S2018KS179105,NA,NA,NA,,1.077352861,0.22,0.5,NA,NA,6.666666667,0.411343352,NA,NA,NA,NA,NA,NA,NA,0.787286592,11.58842206,3.116944943,19.48695092,11.04134736,12.20148193,15.94588956,90.18018911,0.914368074,NA,NA,,KS-179-SW-105-7-66_100-2018,19N02524,0,79,Bk,66,100,KeCF1,NA,NA,-100.5430643,39.2450134,NA,Keith,49,SHM - no-till,SHM,CROP,No-till,"No-Till  with cover crop -  corn, oats, or wheat.","No-Till since 2001 with cover cropping.  Cover cropped every three years since 2006.  Typically planted to corn, oats, or wheat.",AG-CROP,NA,KansasState,Keith,0.3,1.24,0.5,Bk,1.077352861,0.5,0,34,1,18.314998637000002
80,KeCF1-3-1,KeCF1-3,1,S2018KS179106,NA,NA,NA,,1.06288292,0.26,1.89,NA,NA,6.666666667,1.147497196,NA,NA,NA,NA,NA,NA,NA,1.02319359,91.31217073,118.1970039,37.86653365,321.4691947,38.50278757,26.58085602,426.9901673,6.573001771,NA,NA,,KS-179-SW-106-1-0_5-2018,19N02525,0,80,Ap1,0,5,KeCF1,NA,NA,-100.5427146,39.2447102,NA,Keith,49,SHM - no-till,SHM,CROP,No-till,"No-Till  with cover crop -  corn, oats, or wheat.","No-Till since 2001 with cover cropping.  Cover cropped every three years since 2006.  Typically planted to corn, oats, or wheat.",AG-CROP,NA,KansasState,Keith,1.8,1.83,1.89,A,1.06288292,1.89,0,5,1,10.044243594
81,KeCF1-3-2,KeCF1-3,2,S2018KS179106,NA,NA,NA,,1.259323328,0.23,1.19,NA,NA,0,0.442895864,NA,NA,NA,NA,NA,NA,NA,0.760719432,42.53377836,17.78599242,28.27123586,182.0782056,14.91695793,12.33073771,275.9614522,4.076962933,NA,NA,,KS-179-SW-106-2-5_10-2018,19N02526,0,81,Ap1,5,10,KeCF1,NA,NA,-100.5427146,39.2447102,NA,Keith,49,SHM - no-till,SHM,CROP,No-till,"No-Till  with cover crop -  corn, oats, or wheat.","No-Till since 2001 with cover cropping.  Cover cropped every three years since 2006.  Typically planted to corn, oats, or wheat.",AG-CROP,NA,KansasState,Keith,1.2,1.17,1.19,A,1.259323328,1.19,0,5,1,7.4929738016
82,KeCF1-3-3,KeCF1-3,3,S2018KS179106,NA,NA,NA,,1.093467113,0.23,1.23,NA,NA,11.66666667,0.53401432,NA,NA,NA,NA,NA,NA,NA,0.760531778,59.3133297,26.8509824,89.20421406,250.5818284,60.32359665,15.39706987,271.637624,2.663114414,NA,NA,,KS-179-SW-106-3-10_18-2018,19N02527,0,82,Ap2,10,18,KeCF1,NA,NA,-100.5427146,39.2447102,NA,Keith,49,SHM - no-till,SHM,CROP,No-till,"No-Till  with cover crop -  corn, oats, or wheat.","No-Till since 2001 with cover cropping.  Cover cropped every three years since 2006.  Typically planted to corn, oats, or wheat.",AG-CROP,NA,KansasState,Keith,1.2,1.16,1.23,A,1.093467113,1.23,0,8,1,10.75971639192
83,KeCF1-3-4,KeCF1-3,4,S2018KS179106,NA,NA,NA,,NA,0.21,0.8,NA,NA,15,0.695010048,NA,NA,NA,NA,NA,NA,NA,0.727841065,20.08368476,18.79233198,98.13524912,117.3315465,79.19769968,26.54995096,199.8106352,1.506026985,NA,NA,,KS-179-SW-106-4-18_46-2018,19N02528,0,83,Bt1,18,46,KeCF1,NA,NA,-100.5427146,39.2447102,NA,Keith,49,SHM - no-till,SHM,CROP,No-till,"No-Till  with cover crop -  corn, oats, or wheat.","No-Till since 2001 with cover cropping.  Cover cropped every three years since 2006.  Typically planted to corn, oats, or wheat.",AG-CROP,NA,KansasState,Keith,0.8,0.79,0.8,Bt,1.318144935,0.8,0,28,1,29.526446544000002
84,KeCF1-3-5,KeCF1-3,5,S2018KS179106,NA,NA,NA,,1.265377223,0.2,0.57,NA,NA,8.333333333,0.5097153,NA,NA,NA,NA,NA,NA,NA,0.835430078,13.81156875,14.27305279,97.34156668,31.68182078,45.6949943,26.0084242,126.3199604,0.989228058,NA,NA,,KS-179-SW-106-5-46_77-2018,19N02529,0,84,Bt2,46,77,KeCF1,NA,NA,-100.5427146,39.2447102,NA,Keith,49,SHM - no-till,SHM,CROP,No-till,"No-Till  with cover crop -  corn, oats, or wheat.","No-Till since 2001 with cover cropping.  Cover cropped every three years since 2006.  Typically planted to corn, oats, or wheat.",AG-CROP,NA,KansasState,Keith,0.6,0.58,0.57,Bt,1.265377223,0.57,0,31,1,22.359215530409998
85,KeCF1-3-6,KeCF1-3,6,S2018KS179106,NA,NA,NA,,1.411671829,0.2,0.48,NA,NA,5,0.390622713,NA,NA,NA,NA,NA,NA,NA,0.870189368,11.91576229,5.827829153,58.20280798,4.999964228,21.74629105,23.10888736,697.1140586,0.877288222,NA,NA,,KS-179-SW-106-6-77_95-2018,19N02530,0,85,Btk,77,95,KeCF1,NA,NA,-100.5427146,39.2447102,NA,Keith,49,SHM - no-till,SHM,CROP,No-till,"No-Till  with cover crop -  corn, oats, or wheat.","No-Till since 2001 with cover cropping.  Cover cropped every three years since 2006.  Typically planted to corn, oats, or wheat.",AG-CROP,NA,KansasState,Keith,0.4,1.16,0.48,Btk,1.411671829,0.48,0,18,1,12.19684460256
86,KeCF1-3-7,KeCF1-3,7,S2018KS179106,NA,NA,NA,,1.571523262,0.18,0.45,NA,NA,6.666666667,0.335697103,NA,NA,NA,NA,NA,NA,NA,0.829077436,6.727937025,4.147383735,35.66317128,9.549107589,15.46848792,25.28455524,68.82552726,0.739985943,NA,NA,,KS-179-SW-106-7-95_100-2018,19N02531,0,86,Bk,95,100,KeCF1,NA,NA,-100.5427146,39.2447102,NA,Keith,49,SHM - no-till,SHM,CROP,No-till,"No-Till  with cover crop -  corn, oats, or wheat.","No-Till since 2001 with cover cropping.  Cover cropped every three years since 2006.  Typically planted to corn, oats, or wheat.",AG-CROP,NA,KansasState,Keith,0.3,1.18,0.45,Bk,1.571523262,0.45,0,5,1,3.5359273395
1,KeCF3-1-1,KeCF3-1,1,S2018KS153101,NA,NA,NA,,1.298786803,0.23,1.89,NA,NA,4,0.339342687,NA,NA,NA,NA,NA,NA,NA,0.995113817,183.1410914,83.86781345,94.37098511,361.5211518,36.72089609,NA,530.4245249,5.098742295,NA,NA,,KS-153-SW-101-1-0_5-2018,19N02620,0,1,Ap1,0,5,KeCF3,NA,NA,-100.89697,39.9519869,NA,Keith,50,SHM - no-till,SHM,CROP,No-till,No-till - diverse rotation,"20 years+ of No-till with 100% residue post-harvest. Covercropping is not typical of the area due to high water holding capacities of the soils paired with low and highly variable annual precipitation.  He has found covercropping to be less efficient at recharging the soil profile than fallow, and has documented yield losses from cover cropping.  Kastens has done covercropping research since 2010, spending over $50,000 to reach this conclusion, thought they still do some small trials currently.  The crop rotation is diverse as it includes a winter grass, summer grass, and legume.  Wheat, corn, yellow peas represent a typical crop rotation.",AG-CROP,NA,KansasState,Keith,1.9,1.86,1.89,A,1.298786803,1.89,0,5,1,12.273535288349999
2,KeCF3-1-2,KeCF3-1,2,S2018KS153101,NA,NA,NA,,1.347896905,0.18,1.05,NA,NA,1.833333333,0.271863927,NA,NA,NA,NA,NA,NA,NA,0.835345497,42.45556901,24.95279199,27.90919701,190.5578139,18.32827575,NA,260.5444967,3.306533768,NA,NA,,KS-153-SW-101-2-5_10-2018,19N02621,0,2,Ap1,5,10,KeCF3,NA,NA,-100.89697,39.9519869,NA,Keith,50,SHM - no-till,SHM,CROP,No-till,No-till - diverse rotation,"20 years+ of No-till with 100% residue post-harvest. Covercropping is not typical of the area due to high water holding capacities of the soils paired with low and highly variable annual precipitation.  He has found covercropping to be less efficient at recharging the soil profile than fallow, and has documented yield losses from cover cropping.  Kastens has done covercropping research since 2010, spending over $50,000 to reach this conclusion, thought they still do some small trials currently.  The crop rotation is diverse as it includes a winter grass, summer grass, and legume.  Wheat, corn, yellow peas represent a typical crop rotation.",AG-CROP,NA,KansasState,Keith,1,1.01,1.05,A,1.347896905,1.05,0,5,1,7.0764587512500015
3,KeCF3-1-3,KeCF3-1,3,S2018KS153101,NA,NA,NA,,1.394038814,0.197619048,0.89,NA,NA,3.166666667,0.3864885,NA,NA,NA,NA,NA,NA,NA,0.772198916,36.53035196,26.24792322,84.9517055,163.6690978,51.48724809,NA,155.7397509,1.857299906,NA,NA,,KS-153-SW-101-3-10_23-2018,19N02622,0,3,Ap2,10,23,KeCF3,NA,NA,-100.89697,39.9519869,NA,Keith,50,SHM - no-till,SHM,CROP,No-till,No-till - diverse rotation,"20 years+ of No-till with 100% residue post-harvest. Covercropping is not typical of the area due to high water holding capacities of the soils paired with low and highly variable annual precipitation.  He has found covercropping to be less efficient at recharging the soil profile than fallow, and has documented yield losses from cover cropping.  Kastens has done covercropping research since 2010, spending over $50,000 to reach this conclusion, thought they still do some small trials currently.  The crop rotation is diverse as it includes a winter grass, summer grass, and legume.  Wheat, corn, yellow peas represent a typical crop rotation.",AG-CROP,NA,KansasState,Keith,0.9,0.9,0.89,A,1.394038814,0.89,0,13,1,16.12902907798
4,KeCF3-1-4,KeCF3-1,4,S2018KS153101,NA,NA,NA,,1.358523671,0.186761229,0.72,NA,NA,9,0.357126952,NA,NA,NA,NA,NA,NA,NA,0.798660064,19.96335953,26.39477037,148.0259716,77.07302779,130.4705425,NA,121.0734411,1.066632078,NA,NA,,KS-153-SW-101-4-23_40-2018,19N02623,0,4,Bt1,23,40,KeCF3,NA,NA,-100.89697,39.9519869,NA,Keith,50,SHM - no-till,SHM,CROP,No-till,No-till - diverse rotation,"20 years+ of No-till with 100% residue post-harvest. Covercropping is not typical of the area due to high water holding capacities of the soils paired with low and highly variable annual precipitation.  He has found covercropping to be less efficient at recharging the soil profile than fallow, and has documented yield losses from cover cropping.  Kastens has done covercropping research since 2010, spending over $50,000 to reach this conclusion, thought they still do some small trials currently.  The crop rotation is diverse as it includes a winter grass, summer grass, and legume.  Wheat, corn, yellow peas represent a typical crop rotation.",AG-CROP,NA,KansasState,Keith,0.7,0.73,0.72,Bt,1.358523671,0.72,0,17,1,16.628329733039998
5,KeCF3-1-5,KeCF3-1,5,S2018KS153101,NA,NA,NA,,1.30281053,0.174825175,0.58,NA,NA,17.16666667,0.442720629,NA,NA,NA,NA,NA,NA,NA,0.845929059,17.96953464,14.37690971,126.4799054,53.32120638,92.19875987,NA,85.34827197,0.985384378,NA,NA,,KS-153-SW-101-5-40_57-2018,19N02624,0,5,Bt2,40,57,KeCF3,NA,NA,-100.89697,39.9519869,NA,Keith,50,SHM - no-till,SHM,CROP,No-till,No-till - diverse rotation,"20 years+ of No-till with 100% residue post-harvest. Covercropping is not typical of the area due to high water holding capacities of the soils paired with low and highly variable annual precipitation.  He has found covercropping to be less efficient at recharging the soil profile than fallow, and has documented yield losses from cover cropping.  Kastens has done covercropping research since 2010, spending over $50,000 to reach this conclusion, thought they still do some small trials currently.  The crop rotation is diverse as it includes a winter grass, summer grass, and legume.  Wheat, corn, yellow peas represent a typical crop rotation.",AG-CROP,NA,KansasState,Keith,0.6,0.61,0.58,Bt,1.30281053,0.58,0,17,1,12.845711825799999
6,KeCF3-1-6,KeCF3-1,6,S2018KS153101,NA,NA,NA,,1.370904369,0.185273159,0.48,NA,NA,7.5,0.339082894,NA,NA,NA,NA,NA,NA,NA,0.944392481,12.28485092,4.82685662,74.08759553,38.53914887,64.67837948,NA,47.60002778,0.970316427,NA,NA,,KS-153-SW-101-6-57_74-2018,19N02625,0,6,Btk1,57,74,KeCF3,NA,NA,-100.89697,39.9519869,NA,Keith,50,SHM - no-till,SHM,CROP,No-till,No-till - diverse rotation,"20 years+ of No-till with 100% residue post-harvest. Covercropping is not typical of the area due to high water holding capacities of the soils paired with low and highly variable annual precipitation.  He has found covercropping to be less efficient at recharging the soil profile than fallow, and has documented yield losses from cover cropping.  Kastens has done covercropping research since 2010, spending over $50,000 to reach this conclusion, thought they still do some small trials currently.  The crop rotation is diverse as it includes a winter grass, summer grass, and legume.  Wheat, corn, yellow peas represent a typical crop rotation.",AG-CROP,NA,KansasState,Keith,0.5,0.87,0.48,Btk,1.370904369,0.48,0,17,1,11.186579651039999
7,KeCF3-1-7,KeCF3-1,7,S2018KS153101,NA,NA,NA,,1.017617978,0.145785877,0.44,NA,NA,2.333333333,0.268639594,NA,NA,NA,NA,NA,NA,NA,1.004166536,10.24552076,3.365504235,67.64759085,33.03933695,57.15805188,NA,39.40372321,0.63061793,NA,NA,,KS-153-SW-101-7-74_100-2018,19N02626,0,7,Btk2,74,100,KeCF3,NA,NA,-100.89697,39.9519869,NA,Keith,50,SHM - no-till,SHM,CROP,No-till,No-till - diverse rotation,"20 years+ of No-till with 100% residue post-harvest. Covercropping is not typical of the area due to high water holding capacities of the soils paired with low and highly variable annual precipitation.  He has found covercropping to be less efficient at recharging the soil profile than fallow, and has documented yield losses from cover cropping.  Kastens has done covercropping research since 2010, spending over $50,000 to reach this conclusion, thought they still do some small trials currently.  The crop rotation is diverse as it includes a winter grass, summer grass, and legume.  Wheat, corn, yellow peas represent a typical crop rotation.",AG-CROP,NA,KansasState,Keith,0.4,1.35,0.44,Btk,1.017617978,0.44,0,26,1,11.641549668320001
8,KeCF3-2-1,KeCF3-2,1,S2018KS153102,NA,NA,NA,,0.859426784,0.22,1.65,NA,NA,7.5,0.289718643,NA,NA,NA,NA,NA,NA,NA,1.018056112,160.5537485,79.3393106,58.14359576,343.9442947,26.39045584,NA,437.8208059,4.941806525,NA,NA,,KS-153-SW-102-1-0_5-2018,19N02627,0,8,Ap1,0,5,KeCF3,NA,NA,-100.8967806,39.9521612,NA,Keith,50,SHM - no-till,SHM,CROP,No-till,No-till - diverse rotation,"20 years+ of No-till with 100% residue post-harvest. Covercropping is not typical of the area due to high water holding capacities of the soils paired with low and highly variable annual precipitation.  He has found covercropping to be less efficient at recharging the soil profile than fallow, and has documented yield losses from cover cropping.  Kastens has done covercropping research since 2010, spending over $50,000 to reach this conclusion, thought they still do some small trials currently.  The crop rotation is diverse as it includes a winter grass, summer grass, and legume.  Wheat, corn, yellow peas represent a typical crop rotation.",AG-CROP,NA,KansasState,Keith,1.6,1.62,1.65,A,0.859426784,1.65,0,5,1,7.090270968
9,KeCF3-2-2,KeCF3-2,2,S2018KS153102,NA,NA,NA,,1.422439024,0.22,1.01,NA,NA,3,0.256502747,NA,NA,NA,NA,NA,NA,NA,0.97639459,55.62581285,30.54198416,33.86268898,211.5965788,6.418323232,NA,258.9569196,3.096102026,NA,NA,,KS-153-SW-102-2-5_10-2018,19N02628,0,9,Ap1,5,10,KeCF3,NA,NA,-100.8967806,39.9521612,NA,Keith,50,SHM - no-till,SHM,CROP,No-till,No-till - diverse rotation,"20 years+ of No-till with 100% residue post-harvest. Covercropping is not typical of the area due to high water holding capacities of the soils paired with low and highly variable annual precipitation.  He has found covercropping to be less efficient at recharging the soil profile than fallow, and has documented yield losses from cover cropping.  Kastens has done covercropping research since 2010, spending over $50,000 to reach this conclusion, thought they still do some small trials currently.  The crop rotation is diverse as it includes a winter grass, summer grass, and legume.  Wheat, corn, yellow peas represent a typical crop rotation.",AG-CROP,NA,KansasState,Keith,1,0.99,1.01,A,1.422439024,1.01,0,5,1,7.1833170712
10,KeCF3-2-3,KeCF3-2,3,S2018KS153102,NA,NA,NA,,1.393180246,0.186761229,1.07,NA,NA,1,0.262511744,NA,NA,NA,NA,NA,NA,NA,0.863097757,20.59136725,22.56671628,124.5536258,182.2372286,41.01680988,NA,239.9933215,1.723183396,NA,NA,,KS-153-SW-102-3-10_21-2018,19N02629,0,10,Ap2,10,21,KeCF3,NA,NA,-100.8967806,39.9521612,NA,Keith,50,SHM - no-till,SHM,CROP,No-till,No-till - diverse rotation,"20 years+ of No-till with 100% residue post-harvest. Covercropping is not typical of the area due to high water holding capacities of the soils paired with low and highly variable annual precipitation.  He has found covercropping to be less efficient at recharging the soil profile than fallow, and has documented yield losses from cover cropping.  Kastens has done covercropping research since 2010, spending over $50,000 to reach this conclusion, thought they still do some small trials currently.  The crop rotation is diverse as it includes a winter grass, summer grass, and legume.  Wheat, corn, yellow peas represent a typical crop rotation.",AG-CROP,NA,KansasState,Keith,1,1.03,1.07,A,1.393180246,1.07,0,11,1,16.39773149542
11,KeCF3-2-4,KeCF3-2,4,S2018KS153102,NA,NA,NA,,1.199981955,0.182033097,0.67,NA,NA,3.666666667,0.391226315,NA,NA,NA,NA,NA,NA,NA,0.829297746,14.88197802,18.46215057,140.1006918,106.6448883,122.8167869,NA,129.7804167,1.112942342,NA,NA,,KS-153-SW-102-4-21_36-2018,19N02630,0,11,Bt1,21,36,KeCF3,NA,NA,-100.8967806,39.9521612,NA,Keith,50,SHM - no-till,SHM,CROP,No-till,No-till - diverse rotation,"20 years+ of No-till with 100% residue post-harvest. Covercropping is not typical of the area due to high water holding capacities of the soils paired with low and highly variable annual precipitation.  He has found covercropping to be less efficient at recharging the soil profile than fallow, and has documented yield losses from cover cropping.  Kastens has done covercropping research since 2010, spending over $50,000 to reach this conclusion, thought they still do some small trials currently.  The crop rotation is diverse as it includes a winter grass, summer grass, and legume.  Wheat, corn, yellow peas represent a typical crop rotation.",AG-CROP,NA,KansasState,Keith,0.7,0.67,0.67,Bt,1.199981955,0.67,0,15,1,12.05981864775
12,KeCF3-2-5,KeCF3-2,5,S2018KS153102,NA,NA,NA,,1.353542374,0.180522565,0.56,NA,NA,18.83333333,0.666713585,NA,NA,NA,NA,NA,NA,NA,1.102202474,19.78434638,13.79510044,134.0015371,69.79800665,90.6124456,NA,79.55862375,0.909627922,NA,NA,,KS-153-SW-102-5-36_52-2018,19N02631,0,12,Bt2,36,52,KeCF3,NA,NA,-100.8967806,39.9521612,NA,Keith,50,SHM - no-till,SHM,CROP,No-till,No-till - diverse rotation,"20 years+ of No-till with 100% residue post-harvest. Covercropping is not typical of the area due to high water holding capacities of the soils paired with low and highly variable annual precipitation.  He has found covercropping to be less efficient at recharging the soil profile than fallow, and has documented yield losses from cover cropping.  Kastens has done covercropping research since 2010, spending over $50,000 to reach this conclusion, thought they still do some small trials currently.  The crop rotation is diverse as it includes a winter grass, summer grass, and legume.  Wheat, corn, yellow peas represent a typical crop rotation.",AG-CROP,NA,KansasState,Keith,0.6,0.61,0.56,Bt,1.353542374,0.56,0,16,1,12.127739671040002
13,KeCF3-2-6,KeCF3-2,6,S2018KS153102,NA,NA,NA,,1.244338646,0.183098592,0.57,NA,NA,5.833333333,0.357842296,NA,NA,NA,NA,NA,NA,NA,0.946945907,13.1861962,6.593615031,60.74595826,49.79993386,35.92323533,NA,69.26770179,0.746899299,NA,NA,,KS-153-SW-102-6-52_75-2018,19N02632,0,13,Btk1,52,75,KeCF3,NA,NA,-100.8967806,39.9521612,NA,Keith,50,SHM - no-till,SHM,CROP,No-till,No-till - diverse rotation,"20 years+ of No-till with 100% residue post-harvest. Covercropping is not typical of the area due to high water holding capacities of the soils paired with low and highly variable annual precipitation.  He has found covercropping to be less efficient at recharging the soil profile than fallow, and has documented yield losses from cover cropping.  Kastens has done covercropping research since 2010, spending over $50,000 to reach this conclusion, thought they still do some small trials currently.  The crop rotation is diverse as it includes a winter grass, summer grass, and legume.  Wheat, corn, yellow peas represent a typical crop rotation.",AG-CROP,NA,KansasState,Keith,0.5,1.29,0.57,Btk,1.244338646,0.57,0,23,1,16.31327964906
14,KeCF3-2-7,KeCF3-2,7,S2018KS153102,NA,NA,NA,,1.237749962,0.132118451,0.78,NA,NA,4,0.366805418,NA,NA,NA,NA,NA,NA,NA,0.863636757,9.518221808,6.412173484,37.99063276,38.97908736,38.52728942,NA,54.41209103,0.612724228,NA,NA,,KS-153-SW-102-7-75_100-2018,19N02633,0,14,Btk2,75,100,KeCF3,NA,NA,-100.8967806,39.9521612,NA,Keith,50,SHM - no-till,SHM,CROP,No-till,No-till - diverse rotation,"20 years+ of No-till with 100% residue post-harvest. Covercropping is not typical of the area due to high water holding capacities of the soils paired with low and highly variable annual precipitation.  He has found covercropping to be less efficient at recharging the soil profile than fallow, and has documented yield losses from cover cropping.  Kastens has done covercropping research since 2010, spending over $50,000 to reach this conclusion, thought they still do some small trials currently.  The crop rotation is diverse as it includes a winter grass, summer grass, and legume.  Wheat, corn, yellow peas represent a typical crop rotation.",AG-CROP,NA,KansasState,Keith,0.3,1.45,0.78,Btk,1.237749962,0.78,0,25,1,24.136124259000002
15,KeCF3-3-1,KeCF3-3,1,S2018KS153103,NA,NA,NA,,1.114623921,0.2,1.63,NA,NA,8,0.418407478,NA,NA,NA,NA,NA,NA,NA,0.960487463,128.7078761,71.27198985,46.88768364,356.2771414,35.98428385,NA,463.4168682,5.259397507,NA,NA,,KS-153-SW-103-1-0_5-2018,19N02634,0,15,Ap1,0,5,KeCF3,NA,NA,-100.8967806,39.9521612,NA,Keith,50,SHM - no-till,SHM,CROP,No-till,No-till - diverse rotation,"20 years+ of No-till with 100% residue post-harvest. Covercropping is not typical of the area due to high water holding capacities of the soils paired with low and highly variable annual precipitation.  He has found covercropping to be less efficient at recharging the soil profile than fallow, and has documented yield losses from cover cropping.  Kastens has done covercropping research since 2010, spending over $50,000 to reach this conclusion, thought they still do some small trials currently.  The crop rotation is diverse as it includes a winter grass, summer grass, and legume.  Wheat, corn, yellow peas represent a typical crop rotation.",AG-CROP,NA,KansasState,Keith,1.6,1.59,1.63,A,1.114623921,1.63,0,5,1,9.084184956149999
16,KeCF3-3-2,KeCF3-3,2,S2018KS153103,NA,NA,NA,,1.454009804,0.2,1.01,NA,NA,2.666666667,0.290493306,NA,NA,NA,NA,NA,NA,NA,0.793370925,32.15250195,24.34761276,29.21837165,157.5894802,14.40662426,NA,254.9408974,3.229097281,NA,NA,,KS-153-SW-103-2-5_10-2018,19N02635,0,16,Ap1,5,10,KeCF3,NA,NA,-100.8967806,39.9521612,NA,Keith,50,SHM - no-till,SHM,CROP,No-till,No-till - diverse rotation,"20 years+ of No-till with 100% residue post-harvest. Covercropping is not typical of the area due to high water holding capacities of the soils paired with low and highly variable annual precipitation.  He has found covercropping to be less efficient at recharging the soil profile than fallow, and has documented yield losses from cover cropping.  Kastens has done covercropping research since 2010, spending over $50,000 to reach this conclusion, thought they still do some small trials currently.  The crop rotation is diverse as it includes a winter grass, summer grass, and legume.  Wheat, corn, yellow peas represent a typical crop rotation.",AG-CROP,NA,KansasState,Keith,1,0.98,1.01,A,1.454009804,1.01,0,5,1,7.342749510200001
17,KeCF3-3-3,KeCF3-3,3,S2018KS153103,NA,NA,NA,,0.788611771,0.126126126,0.8,NA,NA,2.833333333,0.301783943,NA,NA,NA,NA,NA,NA,NA,0.857923462,19.62347878,24.38382891,84.45427769,109.8422912,42.43565538,NA,127.1010896,1.467811982,NA,NA,,KS-153-SW-103-3-10_21-2018,19N02636,0,17,Ap2,10,21,KeCF3,NA,NA,-100.8967806,39.9521612,NA,Keith,50,SHM - no-till,SHM,CROP,No-till,No-till - diverse rotation,"20 years+ of No-till with 100% residue post-harvest. Covercropping is not typical of the area due to high water holding capacities of the soils paired with low and highly variable annual precipitation.  He has found covercropping to be less efficient at recharging the soil profile than fallow, and has documented yield losses from cover cropping.  Kastens has done covercropping research since 2010, spending over $50,000 to reach this conclusion, thought they still do some small trials currently.  The crop rotation is diverse as it includes a winter grass, summer grass, and legume.  Wheat, corn, yellow peas represent a typical crop rotation.",AG-CROP,NA,KansasState,Keith,0.8,0.8,0.8,A,0.788611771,0.8,0,11,1,6.939783584800001
18,KeCF3-3-4,KeCF3-3,4,S2018KS153103,NA,NA,NA,,1.274615425,0.186761229,0.59,NA,NA,19.33333333,0.466552693,NA,NA,NA,NA,NA,NA,NA,0.955544532,18.7356544,19.8454073,141.0852786,80.7396573,92.10845268,NA,103.7889725,1.126234542,NA,NA,,KS-153-SW-103-4-21_37-2018,19N02637,0,18,Bt1,21,37,KeCF3,NA,NA,-100.8967806,39.9521612,NA,Keith,50,SHM - no-till,SHM,CROP,No-till,No-till - diverse rotation,"20 years+ of No-till with 100% residue post-harvest. Covercropping is not typical of the area due to high water holding capacities of the soils paired with low and highly variable annual precipitation.  He has found covercropping to be less efficient at recharging the soil profile than fallow, and has documented yield losses from cover cropping.  Kastens has done covercropping research since 2010, spending over $50,000 to reach this conclusion, thought they still do some small trials currently.  The crop rotation is diverse as it includes a winter grass, summer grass, and legume.  Wheat, corn, yellow peas represent a typical crop rotation.",AG-CROP,NA,KansasState,Keith,0.6,0.62,0.59,Bt,1.274615425,0.59,0,16,1,12.032369611999998
19,KeCF3-3-5,KeCF3-3,5,S2018KS153103,NA,NA,NA,,1.268902496,0.169767442,0.54,NA,NA,14.83333333,0.581816648,NA,NA,NA,NA,NA,NA,NA,0.947136223,15.63314413,10.48429377,133.3242375,49.82913173,82.30734974,NA,94.21517525,1.096242164,NA,NA,,KS-153-SW-103-5-37_50-2018,19N02638,0,19,Bt2,37,50,KeCF3,NA,NA,-100.8967806,39.9521612,NA,Keith,50,SHM - no-till,SHM,CROP,No-till,No-till - diverse rotation,"20 years+ of No-till with 100% residue post-harvest. Covercropping is not typical of the area due to high water holding capacities of the soils paired with low and highly variable annual precipitation.  He has found covercropping to be less efficient at recharging the soil profile than fallow, and has documented yield losses from cover cropping.  Kastens has done covercropping research since 2010, spending over $50,000 to reach this conclusion, thought they still do some small trials currently.  The crop rotation is diverse as it includes a winter grass, summer grass, and legume.  Wheat, corn, yellow peas represent a typical crop rotation.",AG-CROP,NA,KansasState,Keith,0.6,0.69,0.54,Bt,1.268902496,0.54,0,13,1,8.907695521920001
20,KeCF3-3-6,KeCF3-3,6,S2018KS153103,NA,NA,NA,,1.281685964,0.194774347,0.72,NA,NA,6.333333333,0.376424955,NA,NA,NA,NA,NA,NA,NA,0.915478187,7.189494895,6.242991537,74.19698038,42.35456771,56.14438802,NA,62.68097397,0.847692133,NA,NA,,KS-153-SW-103-6-50_83-20118,19N02639,0,20,Btk1,50,83,KeCF3,NA,NA,-100.8967806,39.9521612,NA,Keith,50,SHM - no-till,SHM,CROP,No-till,No-till - diverse rotation,"20 years+ of No-till with 100% residue post-harvest. Covercropping is not typical of the area due to high water holding capacities of the soils paired with low and highly variable annual precipitation.  He has found covercropping to be less efficient at recharging the soil profile than fallow, and has documented yield losses from cover cropping.  Kastens has done covercropping research since 2010, spending over $50,000 to reach this conclusion, thought they still do some small trials currently.  The crop rotation is diverse as it includes a winter grass, summer grass, and legume.  Wheat, corn, yellow peas represent a typical crop rotation.",AG-CROP,NA,KansasState,Keith,0.5,1.47,0.72,Btk,1.281685964,0.72,0,33,1,30.452858504639998
21,KeCF3-3-7,KeCF3-3,7,S2018KS153103,NA,NA,NA,,NA,0.13258427,0.61,NA,NA,4.333333333,0.277990621,NA,NA,NA,NA,NA,NA,NA,0.926355004,5.876711338,4.612546601,65.99247157,24.53035292,34.87008755,NA,47.38218418,0.56878838,NA,NA,,KS-153-SW-103-7-83_100-2018,19N02640,0,21,Btk2,83,100,KeCF3,NA,NA,-100.8967806,39.9521612,NA,Keith,50,SHM - no-till,SHM,CROP,No-till,No-till - diverse rotation,"20 years+ of No-till with 100% residue post-harvest. Covercropping is not typical of the area due to high water holding capacities of the soils paired with low and highly variable annual precipitation.  He has found covercropping to be less efficient at recharging the soil profile than fallow, and has documented yield losses from cover cropping.  Kastens has done covercropping research since 2010, spending over $50,000 to reach this conclusion, thought they still do some small trials currently.  The crop rotation is diverse as it includes a winter grass, summer grass, and legume.  Wheat, corn, yellow peas represent a typical crop rotation.",AG-CROP,NA,KansasState,Keith,0.5,1.51,0.61,Btk,1.218961933875,0.61,0,17,1,12.64063525428375
87,KeN1-1-1,KeN1-1,1,S2018KS179107,NA,NA,NA,,1.153210429,0.29,3.19,NA,NA,50,1.311981046,NA,NA,NA,NA,NA,NA,NA,1.512575622,261.0787549,219.9274248,175.3465823,1002.843167,144.1282629,61.97531085,747.5916346,7.119717944,NA,NA,,KS-179-SW-107-1-0_5-2018,19N02532,0,87,A1,0,5,KeN1,NA,NA,-100.56165,39.249205,NA,Keith,51,Ref - Native,Ref,RANGE,Perennial,Native Rangeland (>40 years),"Native rangeland, never been tilled to their knowledge (over 40 years)",Reference,NA,KansasState,Keith,2.9,2.9,3.19,A,1.153210429,3.19,0,5,1,18.39370634255
88,KeN1-1-2,KeN1-1,2,S2018KS179107,NA,NA,NA,,1.247045803,0.27,2.01,NA,NA,43.33333333,1.727600415,NA,NA,NA,NA,NA,NA,NA,1.243858376,107.4900379,70.12128506,137.196627,772.9020677,92.24472797,59.9045082,516.1209555,4.335920929,NA,NA,,KS-179-SW-107-2-5_10-2018,19N02533,0,88,A1,5,10,KeN1,NA,NA,-100.56165,39.249205,NA,Keith,51,Ref - Native,Ref,RANGE,Perennial,Native Rangeland (>40 years),"Native rangeland, never been tilled to their knowledge (over 40 years)",Reference,NA,KansasState,Keith,1.9,1.87,2.01,A,1.247045803,2.01,0,5,1,12.532810320149999
89,KeN1-1-3,KeN1-1,3,S2018KS179107,NA,NA,NA,,0.795992902,0.22,1.68,NA,NA,36.66666667,1.126155537,NA,NA,NA,NA,NA,NA,NA,1.242294689,93.5301156,70.24860534,151.7987521,628.7747004,76.52722675,38.95224967,424.9224399,3.756617109,NA,NA,,KS-179-SW-107-3-10_25-2018,19N02534,0,89,A2,10,23,KeN1,NA,NA,-100.56165,39.249205,NA,Keith,51,Ref - Native,Ref,RANGE,Perennial,Native Rangeland (>40 years),"Native rangeland, never been tilled to their knowledge (over 40 years)",Reference,NA,KansasState,Keith,1.6,1.62,1.68,A,0.795992902,1.68,0,13,1,17.38448497968
90,KeN1-1-4,KeN1-1,4,S2018KS179107,NA,NA,NA,,1.210944031,0.23,1.04,NA,NA,36.66666667,1.419109076,NA,NA,NA,NA,NA,NA,NA,0.964205064,34.87184885,41.95496254,132.7080497,292.6887004,155.7572525,36.07401059,331.1311172,2.171893607,NA,NA,,KS-179-SW-107-4-25_43-2018,19N02535,0,90,Bt1,23,44,KeN1,NA,NA,-100.56165,39.249205,NA,Keith,51,Ref - Native,Ref,RANGE,Perennial,Native Rangeland (>40 years),"Native rangeland, never been tilled to their knowledge (over 40 years)",Reference,NA,KansasState,Keith,1,0.98,1.04,Bt,1.210944031,1.04,0,21,1,26.44701763704
91,KeN1-1-5,KeN1-1,5,S2018KS179107,NA,NA,NA,,1.239654231,0.1,0.68,NA,NA,43.33333333,1.90712715,NA,NA,NA,NA,NA,NA,NA,1.029954103,16.92758988,29.3034341,181.2741017,80.95431583,102.2649793,43.5672538,181.7329974,1.305876934,NA,NA,,KS-179-SW-107-5-43_57-2018,19N02536,0,91,Bt2,44,68,KeN1,NA,NA,-100.56165,39.249205,NA,Keith,51,Ref - Native,Ref,RANGE,Perennial,Native Rangeland (>40 years),"Native rangeland, never been tilled to their knowledge (over 40 years)",Reference,NA,KansasState,Keith,0.4,0.67,0.68,Bt,1.239654231,0.68,0,24,1,20.231157049920004
92,KeN1-1-6,KeN1-1,6,S2018KS179107,NA,NA,NA,,0.988779284,0.08,0.79,NA,NA,28.33333333,2.00197392,NA,NA,NA,NA,NA,NA,NA,0.993564633,17.31785567,9.842765721,63.1565172,16.57877742,43.72103175,22.58058963,182.1208369,0.972668034,NA,NA,,KS-179-SW-107-6-57_83-2018,19N02537,0,92,Bk1,68,80,KeN1,NA,NA,-100.56165,39.249205,NA,Keith,51,Ref - Native,Ref,RANGE,Perennial,Native Rangeland (>40 years),"Native rangeland, never been tilled to their knowledge (over 40 years)",Reference,NA,KansasState,Keith,0.5,1.59,0.79,Bk,0.988779284,0.79,0,12,1,9.373627612320002
93,KeN1-1-7,KeN1-1,7,S2018KS179107,NA,NA,NA,,1.109362124,0.06,0.53,NA,NA,11.66666667,0.56386217,NA,NA,NA,NA,NA,NA,NA,0.958523032,7.338262428,6.481291144,42.79554341,3.962683558,5.516818902,12.7590005,139.1311396,0.758706939,NA,NA,,KS-179-SW-107-7-83_100-2018,19N02538,0,93,Bk2,80,100,KeN1,NA,NA,-100.56165,39.249205,NA,Keith,51,Ref - Native,Ref,RANGE,Perennial,Native Rangeland (>40 years),"Native rangeland, never been tilled to their knowledge (over 40 years)",Reference,NA,KansasState,Keith,0.3,1.2,0.53,Bk,1.109362124,0.53,0,20,1,11.759238514400002
94,KeN1-2-1,KeN1-2,1,S2018KS179108,NA,NA,NA,,0.885735767,0.33,3.37,NA,NA,73.33333333,3.960029424,NA,NA,NA,NA,NA,NA,NA,1.563061784,295.2529472,198.2024995,252.2991116,1233.332415,178.3725214,82.28527785,786.8414849,8.543854045,NA,NA,,KS-179-SW-108-1-0_5-2018,19N02539,0,94,A1,0,5,KeN1,NA,NA,-100.56165,39.249205,NA,Keith,51,Ref - Native,Ref,RANGE,Perennial,Native Rangeland (>40 years),"Native rangeland, never been tilled to their knowledge (over 40 years)",Reference,NA,KansasState,Keith,3.1,3.05,3.37,A,0.885735767,3.37,0,5,1,14.92464767395
95,KeN1-2-2,KeN1-2,2,S2018KS179108,NA,NA,NA,,1.083053141,0.28,1.9,NA,NA,56.66666667,4.253820372,NA,NA,NA,NA,NA,NA,NA,1.267514967,88.26337233,55.0906857,137.5248901,872.9538521,61.94309849,47.19853247,489.8033607,4.376120059,NA,NA,,KS-179-SW-108-2-5_10-2018,19N02540,0,95,A1,5,10,KeN1,NA,NA,-100.56165,39.249205,NA,Keith,51,Ref - Native,Ref,RANGE,Perennial,Native Rangeland (>40 years),"Native rangeland, never been tilled to their knowledge (over 40 years)",Reference,NA,KansasState,Keith,1.8,1.78,1.9,A,1.083053141,1.9,0,5,1,10.2890048395
96,KeN1-2-3,KeN1-2,3,S2018KS179108,NA,NA,NA,,1.180688701,0.23,1.59,NA,NA,61.66666667,2.196524712,NA,NA,NA,NA,NA,NA,NA,1.120137218,80.69647669,85.69592286,175.7631167,579.1913494,70.52497675,36.24018354,358.3011485,3.144332487,NA,NA,,KS-179-SW-108-3-10_25-2018,19N02541,0,96,A2,10,28,KeN1,NA,NA,-100.56165,39.249205,NA,Keith,51,Ref - Native,Ref,RANGE,Perennial,Native Rangeland (>40 years),"Native rangeland, never been tilled to their knowledge (over 40 years)",Reference,NA,KansasState,Keith,1.5,1.52,1.59,A,1.180688701,1.59,0,18,1,33.79131062262
97,KeN1-2-4,KeN1-2,4,S2018KS179108,NA,NA,NA,,1.234768277,0.19,0.88,NA,NA,33.33333333,1.55572117,NA,NA,NA,NA,NA,NA,NA,0.956891616,27.01852068,55.13017091,168.8964264,153.9049525,103.3500862,50.01063407,220.2755846,1.4512139,NA,NA,,KS-179-SW-108-4-25_45-2018,19N02542,0,97,Bt1,28,42,KeN1,NA,NA,-100.56165,39.249205,NA,Keith,51,Ref - Native,Ref,RANGE,Perennial,Native Rangeland (>40 years),"Native rangeland, never been tilled to their knowledge (over 40 years)",Reference,NA,KansasState,Keith,0.9,0.92,0.88,Bt,1.234768277,0.88,0,14,1,15.21234517264
98,KeN1-2-5,KeN1-2,5,S2018KS179108,NA,NA,NA,,1.099749226,0.08,0.6,NA,NA,26.66666667,1.187257695,NA,NA,NA,NA,NA,NA,NA,0.985519187,16.37466137,15.41482615,102.3423371,35.4797673,45.82016186,30.51002607,191.8462114,1.148850841,NA,NA,,KS-179-SW-108-5-45_71-2018,19N02543,0,98,Bt2,42,64,KeN1,NA,NA,-100.56165,39.249205,NA,Keith,51,Ref - Native,Ref,RANGE,Perennial,Native Rangeland (>40 years),"Native rangeland, never been tilled to their knowledge (over 40 years)",Reference,NA,KansasState,Keith,0.6,0.61,0.6,Bt,1.099749226,0.6,0,22,1,14.516689783199999
99,KeN1-2-6,KeN1-2,6,S2018KS179108,NA,NA,NA,,1.16479891,0.09,0.53,NA,NA,18.33333333,0.893901949,NA,NA,NA,NA,NA,NA,NA,0.965547077,10.22902977,6.99144728,17.63072885,7.772379222,20.97235862,22.71026437,142.598296,0.836927404,NA,NA,,KS-179-SW-108-6-71_85-2018,19N02544,0,99,Btk,64,86,KeN1,NA,NA,-100.56165,39.249205,NA,Keith,51,Ref - Native,Ref,RANGE,Perennial,Native Rangeland (>40 years),"Native rangeland, never been tilled to their knowledge (over 40 years)",Reference,NA,KansasState,Keith,0.5,1.14,0.53,Btk,1.16479891,0.53,0,22,1,13.5815552906
100,KeN1-2-7,KeN1-2,7,S2018KS179108,NA,NA,NA,,1.148240955,0.09,0.56,NA,NA,0,0.24493196,NA,NA,NA,NA,NA,NA,NA,1.040015323,7.24152887,6.377244913,29.67303026,5.009219621,9.728372297,20.11949928,114.6345574,0.719702419,NA,NA,,KS-179-SW-108-7-85_100-2018,19N02545,0,100,Bk,86,100,KeN1,NA,NA,-100.56165,39.249205,NA,Keith,51,Ref - Native,Ref,RANGE,Perennial,Native Rangeland (>40 years),"Native rangeland, never been tilled to their knowledge (over 40 years)",Reference,NA,KansasState,Keith,0.4,1.35,0.56,Bk,1.148240955,0.56,0,14,1,9.0022090872
101,KeN1-3-1,KeN1-3,1,S2018KS179109,NA,NA,NA,,0.848903191,0.31,3.53,NA,NA,51.66666667,1.364906078,NA,NA,NA,NA,NA,NA,NA,1.558116141,300.1675475,232.2420865,187.5867225,1213.105306,139.5705467,35.8266219,804.88751,9.426343241,NA,NA,,KS-179-SW-109-1-0_5-2018,19N02546,0,101,A1,0,5,KeN1,NA,NA,-100.56165,39.249205,NA,Keith,51,Ref - Native,Ref,RANGE,Perennial,Native Rangeland (>40 years),"Native rangeland, never been tilled to their knowledge (over 40 years)",Reference,NA,KansasState,Keith,3.4,3.41,3.53,A,0.848903191,3.53,0,5,1,14.98314132115
102,KeN1-3-2,KeN1-3,2,S2018KS179109,NA,NA,NA,,1.210213226,0.25,1.82,NA,NA,53.33333333,1.822757522,NA,NA,NA,NA,NA,NA,NA,1.18343547,116.7597607,63.01246734,128.6839345,706.2322124,40.03447686,48.9068403,485.644181,4.229080263,NA,NA,,KS-179-SW-109-2-5_10-2018,19N02547,0,102,A1,5,10,KeN1,NA,NA,-100.56165,39.249205,NA,Keith,51,Ref - Native,Ref,RANGE,Perennial,Native Rangeland (>40 years),"Native rangeland, never been tilled to their knowledge (over 40 years)",Reference,NA,KansasState,Keith,1.7,1.72,1.82,A,1.210213226,1.82,0,5,1,11.012940356600001
103,KeN1-3-3,KeN1-3,3,S2018KS179109,NA,NA,NA,,1.181437776,0.21,1.31,NA,NA,51.66666667,1.972067027,NA,NA,NA,NA,NA,NA,NA,1.063336678,80.68170507,73.9870211,166.9720427,315.8525336,93.68035609,25.35470105,344.9368563,2.461449876,NA,NA,,KS-179-SW-109-3-10_26-2018,19N02548,0,103,A2,10,26,KeN1,NA,NA,-100.56165,39.249205,NA,Keith,51,Ref - Native,Ref,RANGE,Perennial,Native Rangeland (>40 years),"Native rangeland, never been tilled to their knowledge (over 40 years)",Reference,NA,KansasState,Keith,1.3,1.25,1.31,A,1.181437776,1.31,0,16,1,24.762935784960003
104,KeN1-3-4,KeN1-3,4,S2018KS179109,NA,NA,NA,,1.201199963,0.19,0.74,NA,NA,31.66666667,0.959404841,NA,NA,NA,NA,NA,NA,NA,1.222914596,22.32946261,32.14883814,169.1140274,109.9931416,152.6433336,40.06679539,211.6379047,1.24747992,NA,NA,,KS-179-SW-109-4-26_44-2018,19N02549,0,104,Bt,26,41,KeN1,NA,NA,-100.56165,39.249205,NA,Keith,51,Ref - Native,Ref,RANGE,Perennial,Native Rangeland (>40 years),"Native rangeland, never been tilled to their knowledge (over 40 years)",Reference,NA,KansasState,Keith,0.8,0.82,0.74,Bt,1.201199963,0.74,0,15,1,13.3333195893
105,KeN1-3-5,KeN1-3,5,S2018KS179109,NA,NA,NA,,0.991180501,0.1,0.59,NA,NA,33.33333333,1.2483813,NA,NA,NA,NA,NA,NA,NA,0.992332997,12.4982018,10.83977531,90.78582439,18.51972148,39.97438041,25.59347063,134.245917,1.005107081,NA,NA,,KS-179-SW-109-5-44_65-2018,19N02550,0,105,Btk,41,59,KeN1,NA,NA,-100.56165,39.249205,NA,Keith,51,Ref - Native,Ref,RANGE,Perennial,Native Rangeland (>40 years),"Native rangeland, never been tilled to their knowledge (over 40 years)",Reference,NA,KansasState,Keith,1.3,1.38,0.59,Btk,0.991180501,0.59,0,18,1,10.526336920619999
106,KeN1-3-6,KeN1-3,6,S2018KS179109,NA,NA,NA,,1.177640199,0.09,0.56,NA,NA,20,0.825563439,NA,NA,NA,NA,NA,NA,NA,1.033170904,12.4936808,11.00243535,77.69557498,17.03875375,38.37391263,24.2864124,127.002079,0.902580478,NA,NA,,KS-179-SW-109-6-65_79-2018,19N02551,0,106,Bk1,59,80,KeN1,NA,NA,-100.56165,39.249205,NA,Keith,51,Ref - Native,Ref,RANGE,Perennial,Native Rangeland (>40 years),"Native rangeland, never been tilled to their knowledge (over 40 years)",Reference,NA,KansasState,Keith,0.4,1.32,0.56,Bk,1.177640199,0.56,0,21,1,13.849048740240002
107,KeN1-3-7,KeN1-3,7,S2018KS179109,NA,NA,NA,,1.096207632,0.08,0.46,NA,NA,8.333333333,0.77103382,NA,NA,NA,NA,NA,NA,NA,0.950209789,9.710692727,7.066219125,40.98688045,10.66396711,22.21342959,16.58642002,99.08920949,0.749663233,NA,NA,,KS-179-SW-109-7-79_100-2018,19N02552,0,107,Bk2,80,100,KeN1,NA,NA,-100.56165,39.249205,NA,Keith,51,Ref - Native,Ref,RANGE,Perennial,Native Rangeland (>40 years),"Native rangeland, never been tilled to their knowledge (over 40 years)",Reference,NA,KansasState,Keith,0.3,1.12,0.46,Bk,1.096207632,0.46,0,20,1,10.085110214400002
154,KeN2-1-1,KeN2-1,1,S2018KS193104,NA,NA,NA,,0.917306547,0.333333333,1.12,NA,NA,71.33333333,1.489935644,NA,NA,NA,NA,NA,NA,NA,0.842200344,347.6057688,239.9034778,85.79000581,240.2602902,321.0924504,97.87054704,273.9357388,2.664869728,NA,NA,,KS-193-SW-104-1-0_5-2018,19N02599,0,154,A1,0,5,KeN2,NA,NA,-101.0636022,39.3843208,NA,Keith,52,Ref - Native,Ref,RANGE,Perennial,Native Rangeland - w 1 haying,"No knowledge of tillage in last 33+ years, occasional herbicide treatment for broadleaf, 1 cut of hay per year for last five years",AG-CROP,NA,KansasState,Keith,3.4,3.37,1.12,A,0.917306547,1.12,0,5,1,5.136916663200001
155,KeN2-1-2,KeN2-1,2,S2018KS193104,NA,NA,NA,,1.208459294,0.220064725,1.87,NA,NA,82.83333333,2.230339617,NA,NA,NA,NA,NA,NA,NA,0.977353225,134.5850181,146.796147,214.4459355,677.303384,224.266188,55.48266588,370.9124584,3.911428246,NA,NA,,KS-193-SW-104-2-5_10-2018,19N02600,0,155,A1,5,10,KeN2,NA,NA,-101.0636022,39.3843208,NA,Keith,52,Ref - Native,Ref,RANGE,Perennial,Native Rangeland - w 1 haying,"No knowledge of tillage in last 33+ years, occasional herbicide treatment for broadleaf, 1 cut of hay per year for last five years",AG-CROP,NA,KansasState,Keith,1.7,1.7,1.87,A,1.208459294,1.87,0,5,1,11.2990943989
156,KeN2-1-3,KeN2-1,3,S2018KS193104,NA,NA,NA,,1.205828396,0.187203791,1.6,NA,NA,62.5,1.617479364,NA,NA,NA,NA,NA,NA,NA,0.738428568,61.93924111,62.71055478,167.4686797,559.4827936,95.87258729,30.05090273,293.2310519,2.790840928,NA,NA,,KS-193-SW-104-3-10_25-2018,19N02601,0,156,A2,10,25,KeN2,NA,NA,-101.0636022,39.3843208,NA,Keith,52,Ref - Native,Ref,RANGE,Perennial,Native Rangeland - w 1 haying,"No knowledge of tillage in last 33+ years, occasional herbicide treatment for broadleaf, 1 cut of hay per year for last five years",AG-CROP,NA,KansasState,Keith,1.5,1.5,1.6,A,1.205828396,1.6,0,15,1,28.939881504000002
157,KeN2-1-4,KeN2-1,4,S2018KS193104,NA,NA,NA,,1.196135612,0.174825175,1.56,NA,NA,67.83333333,1.449005226,NA,NA,NA,NA,NA,NA,NA,0.676477105,18.90282083,55.0479764,163.1100721,477.6547701,183.7695101,44.33545619,269.2099257,2.384416613,NA,NA,,KS-193-SW-104-4-25_44-2018,19N02602,0,157,Bt1,25,44,KeN2,NA,NA,-101.0636022,39.3843208,NA,Keith,52,Ref - Native,Ref,RANGE,Perennial,Native Rangeland - w 1 haying,"No knowledge of tillage in last 33+ years, occasional herbicide treatment for broadleaf, 1 cut of hay per year for last five years",AG-CROP,NA,KansasState,Keith,1.4,1.42,1.56,Bt,1.196135612,1.56,0,19,1,35.45345953968
158,KeN2-1-5,KeN2-1,5,S2018KS193104,NA,NA,NA,,1.228764432,0.077586207,0.93,NA,NA,42.83333333,1.068908258,NA,NA,NA,NA,NA,NA,NA,0.692370129,9.02362498,42.37098063,117.859107,161.0217201,132.9896885,44.66768264,135.3450029,1.348882944,NA,NA,,KS-193-SW-104-5-44_70-2018,19N02603,0,158,Bt2,44,70,KeN2,NA,NA,-101.0636022,39.3843208,NA,Keith,52,Ref - Native,Ref,RANGE,Perennial,Native Rangeland - w 1 haying,"No knowledge of tillage in last 33+ years, occasional herbicide treatment for broadleaf, 1 cut of hay per year for last five years",AG-CROP,NA,KansasState,Keith,0.9,0.9,0.93,Bt,1.228764432,0.93,0,26,1,29.71152396576
159,KeN2-1-6,KeN2-1,6,S2018KS193104,NA,NA,NA,,1.274280472,0.075921909,0.61,NA,NA,26.83333333,1.574164678,NA,NA,NA,NA,NA,NA,NA,0.764171702,5.337401477,17.90755907,77.17869918,11.71275951,59.61564361,18.20255348,55.1928395,0.803989754,NA,NA,,KS-193-SW-104-6-70_88-2018,19N02604,0,159,Bt3,70,88,KeN2,NA,NA,-101.0636022,39.3843208,NA,Keith,52,Ref - Native,Ref,RANGE,Perennial,Native Rangeland - w 1 haying,"No knowledge of tillage in last 33+ years, occasional herbicide treatment for broadleaf, 1 cut of hay per year for last five years",AG-CROP,NA,KansasState,Keith,0.5,0.59,0.61,Bt,1.274280472,0.61,0,18,1,13.991599582560001
160,KeN2-1-7,KeN2-1,7,S2018KS193104,NA,NA,NA,,1.414107846,0.087719298,0.6,NA,NA,15.66666667,0.88790476,NA,NA,NA,NA,NA,NA,NA,0.677857796,3.986377929,10.49539297,41.63847792,13.41808735,32.42366005,15.90194198,35.26066536,0.6117749,NA,NA,,KS-193-SW-104-7-88_100-2018R,19N02605,0,160,Btk,88,100,KeN2,NA,NA,-101.0636022,39.3843208,NA,Keith,52,Ref - Native,Ref,RANGE,Perennial,Native Rangeland - w 1 haying,"No knowledge of tillage in last 33+ years, occasional herbicide treatment for broadleaf, 1 cut of hay per year for last five years",AG-CROP,NA,KansasState,Keith,0.5,1.19,0.6,Btk,1.414107846,0.6,0,12,1,10.181576491200001
161,KeN2-2-1,KeN2-2,1,S2018KS193105,NA,NA,NA,,0.81294758,0.380555556,3.87,NA,NA,78.33333333,2.295442046,NA,NA,NA,NA,NA,NA,NA,1.590409661,381.6373033,204.3592279,468.1227921,708.0739507,357.442764,113.5021433,556.2445795,5.62231672,NA,NA,,KS-193-SW-105-1-0_5-2018,19N02606,0,161,A1,0,5,KeN2,NA,NA,-101.0636425,39.3840397,NA,Keith,52,Ref - Native,Ref,RANGE,Perennial,Native Rangeland - w 1 haying,"No knowledge of tillage in last 33+ years, occasional herbicide treatment for broadleaf, 1 cut of hay per year for last five years",AG-CROP,NA,KansasState,Keith,3.9,3.85,3.87,A,0.81294758,3.87,0,5,1,15.730535673000002
162,KeN2-2-2,KeN2-2,2,S2018KS193105,NA,NA,NA,,1.010264954,0.303108808,2.44,NA,NA,76.33333333,2.205357528,NA,NA,NA,NA,NA,NA,NA,1.175740276,153.0885663,125.6486157,231.0562144,366.5120743,281.3325114,76.25981492,467.06125,3.644687592,NA,NA,,KS-193-SW-105-2-5_10-2018,19N02607,0,162,A1,5,10,KeN2,NA,NA,-101.0636425,39.3840397,NA,Keith,52,Ref - Native,Ref,RANGE,Perennial,Native Rangeland - w 1 haying,"No knowledge of tillage in last 33+ years, occasional herbicide treatment for broadleaf, 1 cut of hay per year for last five years",AG-CROP,NA,KansasState,Keith,2.4,2.39,2.44,A,1.010264954,2.44,0,5,1,12.325232438799997
163,KeN2-2-3,KeN2-2,3,S2018KS193105,NA,NA,NA,,1.251321012,0.238255034,1.56,NA,NA,49.5,1.809314896,NA,NA,NA,NA,NA,NA,NA,0.852734682,75.76881393,75.00412915,137.1142391,338.3040266,135.955365,40.80072205,232.0985398,2.6387949,NA,NA,,KS-193-SW-105-3-10_26-2018R,19N02608,0,163,A2,10,26,KeN2,NA,NA,-101.0636425,39.3840397,NA,Keith,52,Ref - Native,Ref,RANGE,Perennial,Native Rangeland - w 1 haying,"No knowledge of tillage in last 33+ years, occasional herbicide treatment for broadleaf, 1 cut of hay per year for last five years",AG-CROP,NA,KansasState,Keith,1.4,1.42,1.56,A,1.251321012,1.56,0,16,1,31.232972459520003
164,KeN2-2-4,KeN2-2,4,S2018KS193105,NA,NA,NA,,1.242880214,0.205741627,1.71,NA,NA,48,1.528391457,NA,NA,NA,NA,NA,NA,NA,0.76133447,23.31934235,65.43362351,155.1086748,429.7564888,208.1877765,46.2581564,298.4860383,2.342738904,NA,NA,,KS-193-SW-105-4-26_46-2018,19N02609,0,164,Bt1,26,46,KeN2,NA,NA,-101.0636425,39.3840397,NA,Keith,52,Ref - Native,Ref,RANGE,Perennial,Native Rangeland - w 1 haying,"No knowledge of tillage in last 33+ years, occasional herbicide treatment for broadleaf, 1 cut of hay per year for last five years",AG-CROP,NA,KansasState,Keith,1.5,1.5,1.71,Bt,1.242880214,1.71,0,20,1,42.50650331879999
165,KeN2-2-5,KeN2-2,5,S2018KS193105,NA,NA,NA,,1.157023325,0.116853933,1.21,NA,NA,26.16666667,0.972530841,NA,NA,NA,NA,NA,NA,NA,0.68047906,7.921683836,33.47246937,133.9669896,179.3657589,184.1350271,29.02995111,201.2362192,1.545742602,NA,NA,,KS-193-SW-105-5-46_69-2018,19N02610,0,165,Bt2,46,69,KeN2,NA,NA,-101.0636425,39.3840397,NA,Keith,52,Ref - Native,Ref,RANGE,Perennial,Native Rangeland - w 1 haying,"No knowledge of tillage in last 33+ years, occasional herbicide treatment for broadleaf, 1 cut of hay per year for last five years",AG-CROP,NA,KansasState,Keith,1.1,1.1,1.21,Bt,1.157023325,1.21,0,23,1,32.199959134749996
166,KeN2-2-6,KeN2-2,6,S2018KS193105,NA,NA,NA,,1.333901987,0.106430155,0.69,NA,NA,20.66666667,0.544673062,NA,NA,NA,NA,NA,NA,NA,0.651925623,2.869245658,22.70600337,93.35801124,29.57291464,61.86419158,15.81876597,97.51167357,0.952699293,NA,NA,,KS-193-SW-105-6-69_93-2018R,19N02611,0,166,Bt3,69,93,KeN2,NA,NA,-101.0636425,39.3840397,NA,Keith,52,Ref - Native,Ref,RANGE,Perennial,Native Rangeland - w 1 haying,"No knowledge of tillage in last 33+ years, occasional herbicide treatment for broadleaf, 1 cut of hay per year for last five years",AG-CROP,NA,KansasState,Keith,0.6,0.63,0.69,Bt,1.333901987,0.69,0,24,1,22.089416904719997
167,KeN2-2-7,KeN2-2,7,S2018KS193105,NA,NA,NA,,1.425069922,0.136054422,0.55,NA,NA,11.33333333,0.614224266,NA,NA,NA,NA,NA,NA,NA,0.771872981,3.939624963,12.50985065,62.29523142,14.49589182,27.02555175,11.6387725,22.13582551,0.690864843,NA,NA,,KS-193-SW-105-7-93_100-2018R,19N02612,0,167,Btk,93,100,KeN2,NA,NA,-101.0636425,39.3840397,NA,Keith,52,Ref - Native,Ref,RANGE,Perennial,Native Rangeland - w 1 haying,"No knowledge of tillage in last 33+ years, occasional herbicide treatment for broadleaf, 1 cut of hay per year for last five years",AG-CROP,NA,KansasState,Keith,0.4,0.85,0.55,Btk,1.425069922,0.55,0,7,1,5.486519199700001
168,KeN2-3-1,KeN2-3,1,S2018KS193106,NA,NA,NA,,0.755067817,0.376731302,4.33,NA,NA,84,1.634679641,NA,NA,NA,NA,NA,NA,NA,1.747301615,363.6390617,224.1615306,554.8579222,1153.592549,319.5824484,85.59013868,790.1523559,8.031437568,NA,NA,,KS-193-SW-106-1-0_5-2018R,19N02613,0,168,A1,0,5,KeN2,NA,NA,-101.063449,39.384217,NA,Keith,52,Ref - Native,Ref,RANGE,Perennial,Native Rangeland - w 1 haying,"No knowledge of tillage in last 33+ years, occasional herbicide treatment for broadleaf, 1 cut of hay per year for last five years",AG-CROP,NA,KansasState,Keith,4.3,4.32,4.33,A,0.755067817,4.33,0,5,1,16.34721823805
169,KeN2-3-2,KeN2-3,2,S2018KS193106,NA,NA,NA,,1.274231752,0.26440678,2.15,NA,NA,79.83333333,2.309088882,NA,NA,NA,NA,NA,NA,NA,1.197577538,80.70117205,98.74917474,198.1310055,747.600303,105.2617237,48.57182434,403.9150932,4.29468877,NA,NA,,KS-193-SW-106-2-5_10-2018,19N02614,0,169,A1,5,10,KeN2,NA,NA,-101.063449,39.384217,NA,Keith,52,Ref - Native,Ref,RANGE,Perennial,Native Rangeland - w 1 haying,"No knowledge of tillage in last 33+ years, occasional herbicide treatment for broadleaf, 1 cut of hay per year for last five years",AG-CROP,NA,KansasState,Keith,2.1,2.08,2.15,A,1.274231752,2.15,0,5,1,13.697991334
170,KeN2-3-3,KeN2-3,3,S2018KS193106,NA,NA,NA,,1.104977293,0.25,1.9,NA,NA,64,1.734376412,NA,NA,NA,NA,NA,NA,NA,0.931681542,67.78285478,55.09657173,143.3205817,624.2046036,90.80883586,36.02484957,327.9649722,3.541860892,NA,NA,,KS-193-SW-106-3-10_25-2018,19N02615,0,170,A2,10,25,KeN2,NA,NA,-101.063449,39.384217,NA,Keith,52,Ref - Native,Ref,RANGE,Perennial,Native Rangeland - w 1 haying,"No knowledge of tillage in last 33+ years, occasional herbicide treatment for broadleaf, 1 cut of hay per year for last five years",AG-CROP,NA,KansasState,Keith,1.8,1.83,1.9,A,1.104977293,1.9,0,15,1,31.491852850499995
171,KeN2-3-4,KeN2-3,4,S2018KS193106,NA,NA,NA,,1.008049461,0.205741627,1.61,NA,NA,47,1.015672807,NA,NA,NA,NA,NA,NA,NA,0.761101196,17.81966187,51.38828989,150.632471,434.0319432,178.9065048,40.28675788,473.2934504,2.334288438,NA,NA,,KS-193-SW-106-4-25_44-2018,19N02616,0,171,Bt1,25,44,KeN2,NA,NA,-101.063449,39.384217,NA,Keith,52,Ref - Native,Ref,RANGE,Perennial,Native Rangeland - w 1 haying,"No knowledge of tillage in last 33+ years, occasional herbicide treatment for broadleaf, 1 cut of hay per year for last five years",AG-CROP,NA,KansasState,Keith,1.6,1.59,1.61,Bt,1.008049461,1.61,0,19,1,30.83623301199
172,KeN2-3-5,KeN2-3,5,S2018KS193106,NA,NA,NA,,1.129093861,0.110864745,1.2,NA,NA,29.5,0.949549167,NA,NA,NA,NA,NA,NA,NA,0.735914645,8.369213489,36.26796813,128.1006407,212.3492063,126.7447962,33.90543929,174.9101156,1.549790517,NA,NA,,KS-193-SW-106-5-44_56-2018,19N02617,0,172,Bt2,44,56,KeN2,NA,NA,-101.063449,39.384217,NA,Keith,52,Ref - Native,Ref,RANGE,Perennial,Native Rangeland - w 1 haying,"No knowledge of tillage in last 33+ years, occasional herbicide treatment for broadleaf, 1 cut of hay per year for last five years",AG-CROP,NA,KansasState,Keith,1.2,1.17,1.2,Bt,1.129093861,1.2,0,12,1,16.258951598400003
173,KeN2-3-6,KeN2-3,6,S2018KS193106,NA,NA,NA,,1.31662969,0.10421286,0.76,NA,NA,31.5,1.006290434,NA,NA,NA,NA,NA,NA,NA,0.750196786,5.006215376,35.32231314,120.2256767,55.88229417,67.21562588,27.80159668,70.47508021,1.019076138,NA,NA,,KS-193-SW-106-6-56_82-2018,19N02618,0,173,Bt3,56,82,KeN2,NA,NA,-101.063449,39.384217,NA,Keith,52,Ref - Native,Ref,RANGE,Perennial,Native Rangeland - w 1 haying,"No knowledge of tillage in last 33+ years, occasional herbicide treatment for broadleaf, 1 cut of hay per year for last five years",AG-CROP,NA,KansasState,Keith,0.8,0.75,0.76,Bt,1.31662969,0.76,0,26,1,26.016602674399998
174,KeN2-3-7,KeN2-3,7,S2018KS193106,NA,NA,NA,,1.292306998,0.101545254,0.65,NA,NA,15.16666667,0.510925013,NA,NA,NA,NA,NA,NA,NA,0.763014613,6.444667771,24.02361373,84.09200286,11.47326916,60.23455477,17.6302433,49.39116857,0.83400847,NA,NA,,KS-193-SW-106-7-82_100-2018,19N02619,0,174,Bt4,82,100,KeN2,NA,NA,-101.063449,39.384217,NA,Keith,52,Ref - Native,Ref,RANGE,Perennial,Native Rangeland - w 1 haying,"No knowledge of tillage in last 33+ years, occasional herbicide treatment for broadleaf, 1 cut of hay per year for last five years",AG-CROP,NA,KansasState,Keith,0.7,0.67,0.65,Bt,1.292306998,0.65,0,18,1,15.119991876599999
45,KeN3-1-1,KeN3-1,1,S2018KS153107,NA,NA,NA,,1.056744158,0.26,1.35,NA,NA,68,1.612341658,NA,NA,NA,NA,NA,NA,NA,1.116454645,372.7618853,198.9023364,407.4875823,217.2604016,136.3001675,NA,340.7884063,6.423777877,NA,NA,,KS-153-SW-107-1-0_5-2018,19N02664,0,45,A1,0,5,KeN3,NA,NA,-100.8692162,39.9736474,NA,Keith,53,Ref - Native,Ref,RANGE,Perennial,Native Rangeland (>80years),"Native rangeland, never been tilled to his knowledge (over 80 years).  100-125 700lb steers to a 0.5mile x 1mile pasture",Reference,NA,KansasState,Keith,1.4,1.37,1.35,A,1.056744158,1.35,0,5,1,7.133023066500002
46,KeN3-1-2,KeN3-1,2,S2018KS153107,NA,NA,NA,,1.420685092,0.18,3.01,NA,NA,70.5,2.028060669,NA,NA,NA,NA,NA,NA,NA,1.483208904,96.06855166,111.348686,430.9240607,318.0944672,84.07039145,NA,755.3441247,6.595633501,NA,NA,,KS-153-SW-107-2-5_10-2018,19N02665,0,46,A1,5,10,KeN3,NA,NA,-100.8692162,39.9736474,NA,Keith,53,Ref - Native,Ref,RANGE,Perennial,Native Rangeland (>80years),"Native rangeland, never been tilled to his knowledge (over 80 years).  100-125 700lb steers to a 0.5mile x 1mile pasture",Reference,NA,KansasState,Keith,2.9,2.96,3.01,A,1.420685092,3.01,0,5,1,21.3813106346
47,KeN3-1-3,KeN3-1,3,S2018KS153107,NA,NA,NA,,1.254736121,0.17370892,1.04,NA,NA,41.16666667,1.060001223,NA,NA,NA,NA,NA,NA,NA,0.920163325,42.29639845,50.20038177,151.8109041,207.4382716,101.3801917,NA,203.5890834,1.527494018,NA,NA,,KS-153-SW-107-3-10_23-2018,19N02666,0,47,A2,10,25,KeN3,NA,NA,-100.8692162,39.9736474,NA,Keith,53,Ref - Native,Ref,RANGE,Perennial,Native Rangeland (>80years),"Native rangeland, never been tilled to his knowledge (over 80 years).  100-125 700lb steers to a 0.5mile x 1mile pasture",Reference,NA,KansasState,Keith,1,0.99,1.04,A,1.254736121,1.04,0,15,1,19.5738834876
48,KeN3-1-4,KeN3-1,4,S2018KS153107,NA,NA,NA,,1.301668263,0.117777778,0.74,NA,NA,21.16666667,0.599019225,NA,NA,NA,NA,NA,NA,NA,0.847463569,18.9967116,22.91582687,156.2497221,121.9378776,134.1659201,NA,153.9534734,1.162936815,NA,NA,,KS-153-SW-107-4-23_44-2018,19N02667,0,48,Bt1,25,43,KeN3,NA,NA,-100.8692162,39.9736474,NA,Keith,53,Ref - Native,Ref,RANGE,Perennial,Native Rangeland (>80years),"Native rangeland, never been tilled to his knowledge (over 80 years).  100-125 700lb steers to a 0.5mile x 1mile pasture",Reference,NA,KansasState,Keith,0.8,0.75,0.74,Bt,1.301668263,0.74,0,18,1,17.33822126316
49,KeN3-1-5,KeN3-1,5,S2018KS153107,NA,NA,NA,,1.35582614,0.075593952,0.59,NA,NA,15.66666667,0.498302171,NA,NA,NA,NA,NA,NA,NA,0.847929625,17.88363358,12.39310188,89.35164835,45.59611024,75.62746296,NA,114.4786293,0.978515626,NA,NA,,KS-153-SW-107-5-44_68-2018,19N02668,0,49,Bt2,43,57,KeN3,NA,NA,-100.8692162,39.9736474,NA,Keith,53,Ref - Native,Ref,RANGE,Perennial,Native Rangeland (>80years),"Native rangeland, never been tilled to his knowledge (over 80 years).  100-125 700lb steers to a 0.5mile x 1mile pasture",Reference,NA,KansasState,Keith,0.6,0.63,0.59,Bt,1.35582614,0.59,0,14,1,11.1991239164
50,KeN3-1-6,KeN3-1,6,S2018KS153107,NA,NA,NA,,1.164903311,0.075107296,0.73,NA,NA,9.833333333,0.378015459,NA,NA,NA,NA,NA,NA,NA,1.008516033,10.4326747,6.321350261,33.03511576,46.20846729,34.79834578,NA,108.6906986,0.939690553,NA,NA,,KS-153-SW-107-6-68_80-2018,19N02669,0,50,Bk1,57,83,KeN3,NA,NA,-100.8692162,39.9736474,NA,Keith,53,Ref - Native,Ref,RANGE,Perennial,Native Rangeland (>80years),"Native rangeland, never been tilled to his knowledge (over 80 years).  100-125 700lb steers to a 0.5mile x 1mile pasture",Reference,NA,KansasState,Keith,0.7,1.04,0.73,Bk,1.164903311,0.73,0,26,1,22.10986484278
51,KeN3-1-7,KeN3-1,7,S2018KS153107,NA,NA,NA,,1.348993112,0.086956522,0.82,NA,NA,6,0.369714909,NA,NA,NA,NA,NA,NA,NA,0.99094587,10.67635757,3.899329094,31.36507937,47.08592508,33.48804462,NA,114.8989293,0.920061031,NA,NA,,KS-153-SW-107-7-80_100-2018,19N02670,0,51,Bk2,83,100,KeN3,NA,NA,-100.8692162,39.9736474,NA,Keith,53,Ref - Native,Ref,RANGE,Perennial,Native Rangeland (>80years),"Native rangeland, never been tilled to his knowledge (over 80 years).  100-125 700lb steers to a 0.5mile x 1mile pasture",Reference,NA,KansasState,Keith,0.8,1.3,0.82,Bk,1.348993112,0.82,0,17,1,18.80496398128
52,KeN3-2-1,KeN3-2,1,S2018KS153108,NA,NA,NA,,0.686664461,0.26,2.91,NA,NA,75.83333333,2.124210026,NA,NA,NA,NA,NA,NA,NA,1.638794126,366.3830187,241.6724775,426.2003686,314.6632496,164.0245554,NA,646.5499446,6.214649214,NA,NA,,KS-153-SW-108-1-0_5-2018,19N02671,0,52,A1,0,5,KeN3,NA,NA,-100.8692095,39.9739409,NA,Keith,53,Ref - Native,Ref,RANGE,Perennial,Native Rangeland (>80years),"Native rangeland, never been tilled to his knowledge (over 80 years).  100-125 700lb steers to a 0.5mile x 1mile pasture",Reference,NA,KansasState,Keith,2.9,2.94,2.91,A,0.686664461,2.91,0,5,1,9.99096790755
53,KeN3-2-2,KeN3-2,2,S2018KS153108,NA,NA,NA,,1.275985684,0.21,1.29,NA,NA,70.5,2.47653541,NA,NA,NA,NA,NA,NA,NA,1.497324314,97.52335949,99.76033877,139.6402868,264.8286475,56.9957571,NA,353.096475,2.228380139,NA,NA,,KS-153-SW-108-2-5_10-2018,19N02672,0,53,A1,5,10,KeN3,NA,NA,-100.8692095,39.9739409,NA,Keith,53,Ref - Native,Ref,RANGE,Perennial,Native Rangeland (>80years),"Native rangeland, never been tilled to his knowledge (over 80 years).  100-125 700lb steers to a 0.5mile x 1mile pasture",Reference,NA,KansasState,Keith,1.2,1.2,1.29,A,1.275985684,1.29,0,5,1,8.230107661799998
54,KeN3-2-3,KeN3-2,3,S2018KS153108,NA,NA,NA,,1.297909837,0.185273159,1.06,NA,NA,36,1.05970176,NA,NA,NA,NA,NA,NA,NA,0.962275441,49.7716698,60.97654074,161.9880556,259.389234,101.2704285,NA,232.1893612,1.396868939,NA,NA,,KS-153-SW-108-3-10_28-2018,19N02673,0,54,A2,10,25,KeN3,NA,NA,-100.8692095,39.9739409,NA,Keith,53,Ref - Native,Ref,RANGE,Perennial,Native Rangeland (>80years),"Native rangeland, never been tilled to his knowledge (over 80 years).  100-125 700lb steers to a 0.5mile x 1mile pasture",Reference,NA,KansasState,Keith,1,1.02,1.06,A,1.297909837,1.06,0,15,1,20.636766408299998
55,KeN3-2-4,KeN3-2,4,S2018KS153108,NA,NA,NA,,1.330169661,0.125279642,0.67,NA,NA,29.5,0.76597905,NA,NA,NA,NA,NA,NA,NA,0.825477805,23.1997772,23.3774639,145.3962749,108.9936067,111.5380911,NA,176.5478985,0.980748882,NA,NA,,KS-153-SW-108-4-28_42-2018,19N02674,0,55,Bt1,25,45,KeN3,NA,NA,-100.8692095,39.9739409,NA,Keith,53,Ref - Native,Ref,RANGE,Perennial,Native Rangeland (>80years),"Native rangeland, never been tilled to his knowledge (over 80 years).  100-125 700lb steers to a 0.5mile x 1mile pasture",Reference,NA,KansasState,Keith,0.7,0.68,0.67,Bt,1.330169661,0.67,0,20,1,17.8242734574
56,KeN3-2-5,KeN3-2,5,S2018KS153108,NA,NA,NA,,1.348136077,0.08172043,0.58,NA,NA,12.5,0.647858075,NA,NA,NA,NA,NA,NA,NA,1.051660755,18.56152928,14.21059661,101.0118723,69.36636537,68.22908708,NA,100.7556373,0.974387758,NA,NA,,KS-153-SW-108-5-42_64-2018,19N02675,0,56,Bt2,45,71,KeN3,NA,NA,-100.8692095,39.9739409,NA,Keith,53,Ref - Native,Ref,RANGE,Perennial,Native Rangeland (>80years),"Native rangeland, never been tilled to his knowledge (over 80 years).  100-125 700lb steers to a 0.5mile x 1mile pasture",Reference,NA,KansasState,Keith,0.6,0.66,0.58,Bt,1.348136077,0.58,0,26,1,20.329892041159997
57,KeN3-2-6,KeN3-2,6,S2018KS153108,NA,NA,NA,,1.431647168,0.082608696,0.66,NA,NA,6.833333333,0.541630069,NA,NA,NA,NA,NA,NA,NA,0.994569125,11.05512846,4.807711108,54.07732197,61.44197073,47.02986593,NA,108.8579971,0.801324863,NA,NA,,KS-153-SW-108-6-64_86-2018,19N02676,0,57,Btk,71,85,KeN3,NA,NA,-100.8692095,39.9739409,NA,Keith,53,Ref - Native,Ref,RANGE,Perennial,Native Rangeland (>80years),"Native rangeland, never been tilled to his knowledge (over 80 years).  100-125 700lb steers to a 0.5mile x 1mile pasture",Reference,NA,KansasState,Keith,0.6,1.05,0.66,Btk,1.431647168,0.66,0,14,1,13.228419832320002
58,KeN3-2-7,KeN3-2,7,S2018KS153108,NA,NA,NA,,1.33862612,0.092307692,0.91,NA,NA,3.166666667,0.361732854,NA,NA,NA,NA,NA,NA,NA,0.972849441,10.35357909,3.626501841,63.16718427,50.93659488,22.60248992,NA,128.4758849,0.78680733,NA,NA,,KS-153-SW-108-7-86_100-2018-REDO,19N02677,0,58,Bk,85,100,KeN3,NA,NA,-100.8692095,39.9739409,NA,Keith,53,Ref - Native,Ref,RANGE,Perennial,Native Rangeland (>80years),"Native rangeland, never been tilled to his knowledge (over 80 years).  100-125 700lb steers to a 0.5mile x 1mile pasture",Reference,NA,KansasState,Keith,0.8,1.43,0.91,Bk,1.33862612,0.91,0,15,1,18.272246538
59,KeN3-3-1,KeN3-3,1,S2018KS153109,NA,NA,NA,,0.734897597,0.26,2.79,NA,NA,55.83333333,1.921802554,NA,NA,NA,NA,NA,NA,NA,1.613865915,343.1200241,231.8743357,368.4981685,429.4177195,130.6056525,NA,691.4635615,5.130717316,NA,NA,,KS-153-SW-109-1-0_5-2018,19N02678,0,59,A1,0,5,KeN3,NA,NA,-100.8690184,39.9737363,NA,Keith,53,Ref - Native,Ref,RANGE,Perennial,Native Rangeland (>80years),"Native rangeland, never been tilled to his knowledge (over 80 years).  100-125 700lb steers to a 0.5mile x 1mile pasture",Reference,NA,KansasState,Keith,2.6,2.55,2.79,A,0.734897597,2.79,0,5,1,10.251821478150001
60,KeN3-3-2,KeN3-3,2,S2018KS153109,NA,NA,NA,,1.158472226,0.22,1.35,NA,NA,70.66666667,1.90477477,NA,NA,NA,NA,NA,NA,NA,1.219982968,90.67066393,119.006076,140.4093466,247.3350999,38.12295223,NA,362.9474192,2.338539093,NA,NA,,KS-153-SW-109-2-2-5_10-2018,19N02679,0,60,A1,5,10,KeN3,NA,NA,-100.8690184,39.9737363,NA,Keith,53,Ref - Native,Ref,RANGE,Perennial,Native Rangeland (>80years),"Native rangeland, never been tilled to his knowledge (over 80 years).  100-125 700lb steers to a 0.5mile x 1mile pasture",Reference,NA,KansasState,Keith,1.2,1.23,1.35,A,1.158472226,1.35,0,5,1,7.819687525500001
61,KeN3-3-3,KeN3-3,3,S2018KS153109,NA,NA,NA,,1.290236383,0.170960187,0.96,NA,NA,35.66666667,1.034055492,NA,NA,NA,NA,NA,NA,NA,0.929159725,29.53778771,39.66641461,152.1505774,178.5233439,47.47172217,NA,209.1200042,1.365692195,NA,NA,,KS-153-SW-109-3-10_26-2018,19N02680,0,61,A2,10,26,KeN3,NA,NA,-100.8690184,39.9737363,NA,Keith,53,Ref - Native,Ref,RANGE,Perennial,Native Rangeland (>80years),"Native rangeland, never been tilled to his knowledge (over 80 years).  100-125 700lb steers to a 0.5mile x 1mile pasture",Reference,NA,KansasState,Keith,1,0.96,0.96,A,1.290236383,0.96,0,16,1,19.818030842880002
62,KeN3-3-4,KeN3-3,4,S2018KS153109,NA,NA,NA,,1.237691498,0.137299771,0.71,NA,NA,18.66666667,0.616172735,NA,NA,NA,NA,NA,NA,NA,0.845594411,25.31145167,26.34555018,138.7761425,56.79095538,97.45457404,NA,121.6948418,0.962531799,NA,NA,,KS-153-SW-109-4-26_41-2018,19N02681,0,62,Bt,26,44,KeN3,NA,NA,-100.8690184,39.9737363,NA,Keith,53,Ref - Native,Ref,RANGE,Perennial,Native Rangeland (>80years),"Native rangeland, never been tilled to his knowledge (over 80 years).  100-125 700lb steers to a 0.5mile x 1mile pasture",Reference,NA,KansasState,Keith,0.7,0.71,0.71,Bt,1.237691498,0.71,0,18,1,15.817697344439999
63,KeN3-3-5,KeN3-3,5,S2018KS153109,NA,NA,NA,,1.301807464,0.089715536,0.74,NA,NA,22.66666667,0.630179246,NA,NA,NA,NA,NA,NA,NA,0.907836517,19.81168938,14.55961764,87.13107154,44.50161707,55.78605603,NA,136.6379125,1.050942989,NA,NA,,KS-153-SW-109-5-41_59-2018,19N02682,0,63,Btk,44,65,KeN3,NA,NA,-100.8690184,39.9737363,NA,Keith,53,Ref - Native,Ref,RANGE,Perennial,Native Rangeland (>80years),"Native rangeland, never been tilled to his knowledge (over 80 years).  100-125 700lb steers to a 0.5mile x 1mile pasture",Reference,NA,KansasState,Keith,0.7,0.74,0.74,Btk,1.301807464,0.74,0,21,1,20.230087990559998
64,KeN3-3-6,KeN3-3,6,S2018KS153109,NA,NA,NA,,1.30271227,0.101545254,0.89,NA,NA,8.166666667,0.603206484,NA,NA,NA,NA,NA,NA,NA,1.001470596,15.39529336,4.921386946,53.55928086,36.88719586,40.73346965,NA,149.2055318,0.890908751,NA,NA,,KS-153-SW-109-6-59_80-2018,19N02683,0,64,Bk1,65,79,KeN3,NA,NA,-100.8690184,39.9737363,NA,Keith,53,Ref - Native,Ref,RANGE,Perennial,Native Rangeland (>80years),"Native rangeland, never been tilled to his knowledge (over 80 years).  100-125 700lb steers to a 0.5mile x 1mile pasture",Reference,NA,KansasState,Keith,0.9,1.31,0.89,Bk,1.30271227,0.89,0,14,1,16.2317948842
65,KeN3-3-7,KeN3-3,7,S2018KS153109,NA,NA,NA,,1.189385281,0.103982301,0.66,NA,NA,3,0.415009086,NA,NA,NA,NA,NA,NA,NA,1.032734482,8.999728306,6.15367453,63.82207832,40.02470612,17.00977566,NA,97.29762354,0.663310235,NA,NA,,KS-153-SW-109-7-80_100-2018,19N02684,0,65,Bk2,79,100,KeN3,NA,NA,-100.8690184,39.9737363,NA,Keith,53,Ref - Native,Ref,RANGE,Perennial,Native Rangeland (>80years),"Native rangeland, never been tilled to his knowledge (over 80 years).  100-125 700lb steers to a 0.5mile x 1mile pasture",Reference,NA,KansasState,Keith,0.7,1.04,0.66,Bk,1.189385281,0.66,0,21,1,16.48487999466
185,CeC1-1-1,CeC1-1,1,C1Pit,64.41524943,13.51959245,22.06515812,sandy clay loam,0.870713957,0.202263196,1.87,NA,0.1,40.58577406,4.025253918,NA,NA,NA,NA,NA,NA,NA,5.117934353,512.9715302,123.5815603,673.4751773,221.1751663,475.9074733,248.0141844,716.24458,12.68727021,NA,NA,,NC-183-SWSHA-C1PIT-0_5-03192018,18N05154,NA,185,Ap1,0,5,CeC1,a,NA,-78.6893,35.73547,NA,Cecil,20,BAU,BAU,CROP,Till,wheat - 1,corn,AG-CROP,Lake Wheeler,NCState,Cecil,2.2,2.22,1.87,A,0.870713957,1.87,0,5,1,8.14117549795
186,CeC1-1-2,CeC1-1,2,C1Pit,62.68707753,13.26873387,24.0441886,sandy clay loam,1.541044262,0.263499955,2.46,NA,0.12,42.68292683,4.562123937,NA,NA,NA,NA,NA,NA,NA,3.638791898,357.2241993,127.4822695,347.4822695,150.0258684,409.2704626,155.4964539,716.63313,5.665757043,NA,NA,,NC-183-SWSHA-C1PIT-05_10-03192018,18N05155,NA,186,Ap2,5,10,CeC1,a,NA,-78.6893,35.73547,NA,Cecil,20,BAU,BAU,CROP,Till,wheat - 1,corn,AG-CROP,Lake Wheeler,NCState,Cecil,2.3,2.27,2.46,A,1.541044262,2.46,0,5,1,18.954844422599997
187,CeC1-1-3,CeC1-1,3,C1Pit,56.78440972,14.35147916,28.86411111,sandy clay loam,2.127431703,0.331830478,1.37,NA,0.09,38.82352941,3.878807349,NA,NA,NA,NA,NA,NA,NA,2.942341189,119.0391459,40.07092199,196.7730496,98.72875092,212.6868327,139.0957447,716.0418583,3.629721694,NA,NA,,NC-183-SWSHA-C1PIT-10_20-03192018,,NA,187,Bt1,10,20,CeC1,a,NA,-78.6893,35.73547,NA,Cecil,20,BAU,BAU,CROP,Till,wheat - 1,corn,AG-CROP,Lake Wheeler,NCState,Cecil,NA,NA,1.37,Bt,2.127431703,1.37,0,10,1,29.145814331100006
188,CeC1-1-4,CeC1-1,4,C1Pit,18.88197639,13.61479039,67.50323322,clay,1.582248168,0.552205644,0.52,NA,0.03,5.902777778,1.107300859,NA,NA,NA,NA,NA,NA,NA,2.514034873,26.33451957,11.61347518,74.36170213,50.95343681,97.5088968,46.80851064,714.9437823,0.938503293,NA,NA,,NC-183-SWSHA-C1PIT-20_42-03192018,,NA,188,Bt2,20,42,CeC1,a,NA,-78.6893,35.73547,NA,Cecil,20,BAU,BAU,CROP,Till,wheat - 1,corn,AG-CROP,Lake Wheeler,NCState,Cecil,NA,NA,0.52,Bt,1.582248168,0.52,0,22,1,18.10091904192
189,CeC1-1-5,CeC1-1,5,C1Pit,15.11576693,16.32367212,68.56056095,clay,1.668044854,0.583062871,0.26,NA,0.02,6.209150327,0.369237035,NA,NA,NA,NA,NA,NA,NA,2.708620737,11.20996441,5.141843972,5.815602837,56.86622321,98.48754448,20.03546099,714.0315345,0.1888469,NA,NA,,NC-183-SWSHA-C1PIT-42_69-03192018,,NA,189,BC,42,69,CeC1,a,NA,-78.6893,35.73547,NA,Cecil,20,BAU,BAU,CROP,Till,wheat - 1,corn,AG-CROP,Lake Wheeler,NCState,Cecil,NA,NA,0.26,BC,1.668044854,0.26,0,27,1,11.70967487508
190,CeC1-1-6,CeC1-1,6,C1Pit,28.74253562,24.88077116,46.37669321,clay,1.912587688,0.455271992,0.32,NA,0.02,6.164383562,0.821062494,NA,NA,NA,NA,NA,NA,NA,4.096805714,8.71886121,22.5177305,NA,31.4781966,71.61921708,37.41134752,714.3018301,0.447216778,NA,NA,,NC-183-SWSHA-C1PIT-69_100-03192018,,NA,190,C1,69,100,CeC1,a,NA,-78.6893,35.73547,NA,Cecil,20,BAU,BAU,CROP,Till,wheat - 1,corn,AG-CROP,Lake Wheeler,NCState,Cecil,NA,NA,0.32,C,1.912587688,0.32,0,31,1,18.97286986496
175,CeC1-2-1,CeC1-2,1,C1B,55.1113304,17.49011722,27.39855239,sandy clay loam,1.536133195,0.17473697,1.82,NA,0.16,45.45454545,3.160908105,NA,NA,NA,NA,NA,NA,NA,5.118,569.0213523,165.8687943,286.4893617,282.9342203,275.3202847,97.69503546,717.02168,7.554663409,NA,NA,,NC-183-SWSHA-C1B-0_5-03192018,18N05150,NA,175,Ap1,0,5,CeC1,b,NA,-78.68135,35.73571,NA,Cecil,20,BAU,BAU,CROP,Till,wheat - 1,corn,AG-CROP,Lake Wheeler,NCState,Cecil,2.4,2.36,1.82,A,1.536133195,1.82,0,5,1,13.9788120745
176,CeC1-2-2,CeC1-2,2,C1B,52.77983865,16.66288254,30.55727882,sandy clay loam,1.83819412,0.259134563,1.44,NA,0.13,63.2034632,4.128463934,NA,NA,NA,NA,NA,NA,NA,3.276072252,329.0213523,111.2588652,253.8652482,291.954915,254.1459075,188.8297872,717.1230408,4.931264225,NA,NA,,NC-183-SWSHA-C1B-05_10-03192018,18N05151,NA,176,Ap2,5,10,CeC1,b,NA,-78.68135,35.73571,NA,Cecil,20,BAU,BAU,CROP,Till,wheat - 1,corn,AG-CROP,Lake Wheeler,NCState,Cecil,1.9,1.85,1.44,A,1.83819412,1.44,0,5,1,13.234997663999998
177,CeC1-2-3,CeC1-2,3,C1B,47.24027474,14.44037156,38.3193537,sandy clay,0.859146172,0.139045842,1.02,NA,0.08,33.73493976,2.950581468,NA,NA,NA,NA,NA,NA,NA,2.814791423,173.5142349,59.92907801,149.964539,129.0983001,183.683274,147.6950355,715.7546692,2.632117859,NA,NA,,NC-183-SWSHA-C1B-10_24-03192018,,NA,177,Bt1,10,24,CeC1,b,NA,-78.68135,35.73571,NA,Cecil,20,BAU,BAU,CROP,Till,wheat - 1,corn,AG-CROP,Lake Wheeler,NCState,Cecil,NA,NA,1.02,Bt,0.859146172,1.02,0,14,1,12.26860733616
178,CeC1-2-4,CeC1-2,4,C1B,15.91183285,10.0654977,74.02266944,clay,1.706353197,0.644986775,0.24,NA,0.02,1.872659176,0.680605239,NA,NA,NA,NA,NA,NA,NA,2.395181682,14.0569395,8.776595745,16.63120567,66.28233555,113.3451957,26.68439716,713.8625997,0.144047296,NA,NA,,NC-183-SWSHA-C1B-24_61-03192018,,NA,178,Bt2,24,61,CeC1,b,NA,-78.68135,35.73571,NA,Cecil,20,BAU,BAU,CROP,Till,wheat - 1,corn,AG-CROP,Lake Wheeler,NCState,Cecil,NA,NA,0.24,Bt,1.706353197,0.24,0,37,1,15.15241638936
179,CeC1-2-5,CeC1-2,5,C1B,23.49614145,14.98193689,61.52192166,clay,1.891973333,0.561377378,0.14,NA,NA,0,3.104575163,NA,NA,NA,NA,NA,NA,NA,2.282126208,6.049822064,1.241134752,NA,57.67923134,92.88256228,13.56382979,713.1192867,-0.009401483,NA,NA,,,,NA,179,BC,61,100,CeC1,b,NA,-78.68135,35.73571,NA,Cecil,20,BAU,BAU,CROP,Till,wheat - 1,corn,AG-CROP,Lake Wheeler,NCState,Cecil,NA,NA,0.14,BC,1.891973333,0.14,0,39,1,10.33017439818
180,CeC1-3-1,CeC1-3,1,C1C,56.58113738,15.37508259,28.04378003,sandy clay loam,1.537952109,0.200444283,1.45,NA,0.12,27.23577236,16.70007796,NA,NA,NA,NA,NA,NA,NA,2.908279603,241.5124555,91.40070922,143.9361702,177.9268293,164.4661922,54.34397163,716.4135148,4.759910045,NA,NA,,NC-183-SWSHA-C1C-0_5-03192018,18N05152,NA,180,Ap1,0,5,CeC1,c,NA,-78.68177,35.73594,NA,Cecil,20,BAU,BAU,CROP,Till,wheat - 1,corn,AG-CROP,Lake Wheeler,NCState,Cecil,1.6,1.62,1.45,A,1.537952109,1.45,0,5,1,11.150152790249999
181,CeC1-3-2,CeC1-3,2,C1C,51.08809795,14.92976561,33.98213644,sandy clay loam,1.678978546,0.316248451,1.17,NA,0.09,38.0952381,41.77489177,NA,NA,NA,NA,NA,NA,NA,2.586506331,202.1886121,65.60283688,100.141844,162.6644494,138.9679715,68.52836879,716.4304083,3.856015653,NA,NA,,NC-183-SWSHA-C1C-05_10-03192018,18N05153,NA,181,Ap2,5,10,CeC1,c,NA,-78.68177,35.73594,NA,Cecil,20,BAU,BAU,CROP,Till,wheat - 1,corn,AG-CROP,Lake Wheeler,NCState,Cecil,1.4,1.39,1.17,A,1.678978546,1.17,0,5,1,9.822024494099999
182,CeC1-3-3,CeC1-3,3,C1C,50.73005982,16.16961817,33.10032201,sandy clay loam,2.212873793,0.381089966,0.82,NA,0.07,48.65900383,55.93123352,NA,NA,NA,NA,NA,NA,NA,2.588318117,153.9145907,63.20921986,162.7304965,154.9667406,192.2241993,125.9751773,716.2107931,3.571306257,NA,NA,,NC-183-SWSHA-C1C-10_21-03192018,,NA,182,Bt1,10,21,CeC1,c,NA,-78.68177,35.73594,NA,Cecil,20,BAU,BAU,CROP,Till,wheat - 1,corn,AG-CROP,Lake Wheeler,NCState,Cecil,NA,NA,0.82,Bt,2.212873793,0.82,0,11,1,19.96012161286
183,CeC1-3-4,CeC1-3,4,C1C,15.41577773,12.27828359,72.30593869,clay,1.656120865,0.645471819,0.39,NA,0.04,8.391608392,21.06327408,NA,NA,NA,NA,NA,NA,NA,2.443375201,10.9430605,14.62765957,14.85815603,60.09238729,125.088968,37.14539007,713.8288128,0.267717576,NA,NA,,NC-183-SWSHA-C1C-21_55-03192018,,NA,183,Bt2,21,55,CeC1,c,NA,-78.68177,35.73594,NA,Cecil,20,BAU,BAU,CROP,Till,wheat - 1,corn,AG-CROP,Lake Wheeler,NCState,Cecil,NA,NA,0.39,Bt,1.656120865,0.39,0,34,1,21.9601626699
184,CeC1-3-5,CeC1-3,5,C1C,25.60224671,15.60189252,58.79586077,clay,1.764467487,0.677848481,0.14,NA,NA,0.8,1.345658226,NA,NA,NA,NA,NA,NA,NA,3.268462749,1.245551601,96.09929078,NA,35.98669623,96.97508897,10.54964539,713.271328,-0.023501431,NA,NA,,NC-183-SWSHA-C1C-55_100-03192018,,NA,184,BC,55,100,CeC1,c,NA,-78.68177,35.73594,NA,Cecil,20,BAU,BAU,CROP,Till,wheat - 1,corn,AG-CROP,Lake Wheeler,NCState,Cecil,NA,NA,0.14,BC,1.764467487,0.14,0,45,1,11.1161451681
191,CeC2-1-1,CeC2-1,1,C2A,46.49185922,33.69636503,19.81177574,loam,1.182778907,0.571745186,1.43,NA,0.14,8.759124088,0.871526301,NA,NA,NA,NA,NA,NA,NA,4.982412727,378.8790036,207.5886525,1538.014184,248.902439,936.1565836,228.1560284,718.1873299,6.002216798,NA,NA,,NC-183-SWSHA-C2A-0_5-03232018,18N05156,NA,191,Ap1,0,5,CeC2,a,NA,-78.67495,35.72791,NA,Cecil,21,BAU,BAU,CROP,Till,wheat - 2,corn,AG-CROP,Lake Wheeler,NCState,Cecil,1.9,1.91,1.43,A,1.182778907,1.43,0,5,1,8.45686918505
192,CeC2-1-2,CeC2-1,2,C2A,46.02809788,34.44056646,19.53133566,loam,1.31531708,0.571745186,1.58,NA,0.16,11.15384615,0.700044158,NA,NA,NA,NA,NA,NA,NA,4.76681014,410.9074733,215.035461,1563.191489,252.5609756,973.4341637,229.2198582,718.1704364,5.67420188,NA,NA,,NC-183-SWSHA-C2A-5_10-03232018,18N05157,NA,192,Ap2,5,10,CeC2,a,NA,-78.67495,35.72791,NA,Cecil,21,BAU,BAU,CROP,Till,wheat - 2,corn,AG-CROP,Lake Wheeler,NCState,Cecil,2,1.96,1.58,A,1.31531708,1.58,0,5,1,10.391004932000001
193,CeC2-1-3,CeC2-1,3,C2A,49.9251374,29.68614559,20.38871702,loam,1.687951854,0.590055583,0.66,NA,0.06,23.55212355,0.694053433,NA,NA,NA,NA,NA,NA,NA,4.167471183,118.4163701,68.26241135,268.5815603,91.10125647,363.9323843,104.964539,715.6870953,2.258814084,NA,NA,,NC-183-SWSHA-C2A-10_25R-03232018,,NA,193,Bt1,10,25,CeC2,a,NA,-78.67495,35.72791,NA,Cecil,21,BAU,BAU,CROP,Till,wheat - 2,corn,AG-CROP,Lake Wheeler,NCState,Cecil,NA,NA,0.66,Bt,1.687951854,0.66,0,15,1,16.7107233546
194,CeC2-1-4,CeC2-1,4,C2A,57.1227433,16.23892453,26.63833217,sandy clay loam,2.242053577,0.306668839,0.84,NA,0.07,16.66666667,1.389096911,NA,NA,NA,NA,NA,NA,NA,3.462686256,87.54448399,41.57801418,118.4042553,98.58093126,205.9252669,114.7163121,715.1971844,2.008227728,NA,NA,,NC-183-SWSHA-C2A-25_43-03232018,,NA,194,Bt2,25,43,CeC2,a,NA,-78.67495,35.72791,NA,Cecil,21,BAU,BAU,CROP,Till,wheat - 2,corn,AG-CROP,Lake Wheeler,NCState,Cecil,NA,NA,0.84,Bt,2.242053577,0.84,0,18,1,33.89985008424
195,CeC2-1-5,CeC2-1,5,C2A,13.59222697,22.83610375,63.57166928,clay,1.865538455,0.666449956,0.32,NA,0.02,0.694444444,0.5485708,NA,NA,NA,NA,NA,NA,NA,3.470658116,24.288256229999998,9.75177305,NA,89.26829268,131.13879,42.46453901,713.6091976,0.245377531,NA,NA,,NC-183-SWSHA-C2A-43_100R-03232018,,NA,195,Bt3,43,100,CeC2,a,NA,-78.67495,35.72791,NA,Cecil,21,BAU,BAU,CROP,Till,wheat - 2,corn,AG-CROP,Lake Wheeler,NCState,Cecil,NA,NA,0.32,Bt,1.865538455,0.32,0,57,1,34.0274214192
196,CeC2-2-1,CeC2-2,1,C2B,70.88086146,14.42357127,14.69556727,sandy loam,1.67946359,0.486498767,1.87,NA,0.17,20.70707071,2.044467147,NA,NA,NA,NA,NA,NA,NA,4.273279512,469.3238434,298.5460993,1524.539007,333.2446415,702.6512456,247.6595745,716.5317691,7.351388373,NA,NA,,NC-183-SWSHA-C2B-0_5-03232018,18N05158,NA,196,Ap1,0,5,CeC2,b,NA,-78.67525,35.72765,NA,Cecil,21,BAU,BAU,CROP,Till,wheat - 2,corn,AG-CROP,Lake Wheeler,NCState,Cecil,2.1,2.13,1.87,A,1.67946359,1.87,0,5,1,15.7029845665
197,CeC2-2-2,CeC2-2,2,C2B,69.77369953,15.65177993,14.57452054,sandy loam,1.67146037,0.403798827,1.06,NA,0.1,23.67149758,2.643275863,NA,NA,NA,NA,NA,NA,NA,4.105870444,370.8718861,157.8014184,342.4822695,291.0051737,360.7295374,223.7234043,716.3121539,7.47686167,NA,NA,,NC-183-SWSHA-C2B-5_10-03232018,18N05159,NA,197,Ap2,5,10,CeC2,b,NA,-78.67525,35.72765,NA,Cecil,21,BAU,BAU,CROP,Till,wheat - 2,corn,AG-CROP,Lake Wheeler,NCState,Cecil,1.7,1.68,1.06,A,1.67146037,1.06,0,5,1,8.858739961
198,CeC2-2-3,CeC2-2,3,C2B,67.8402502,12.21834364,19.94140617,sandy loam,2.20900998,0.356022029,0.67,NA,0.06,12.21719457,1.902148186,NA,NA,NA,NA,NA,NA,NA,3.442756605,56.85053381,24.91134752,42.71276596,67.41315595,75.88967972,97.07446809,714.4369779,2.055551664,NA,NA,,NC-183-SWSHA-C2B-10_34-03232018,18N05160,NA,198,A/B,10,34,CeC2,b,NA,-78.67525,35.72765,NA,Cecil,21,BAU,BAU,CROP,Till,wheat - 2,corn,AG-CROP,Lake Wheeler,NCState,Cecil,0.7,0.65,0.67,B,2.20900998,0.67,0,24,1,35.520880478399995
199,CeC2-2-4,CeC2-2,4,C2B,26.75757505,12.08015827,61.16226669,clay,1.838436642,0.577868862,0.22,NA,0.02,2.651515152,0.342415824,NA,NA,NA,NA,NA,NA,NA,3.208673796,24.73309609,59.57446809,NA,42.35402809,71.2633452,59.92907801,713.3895824,0.234651937,NA,NA,,NC-183-SWSHA-C2B-34_64-03232018,,NA,199,Bt1,34,64,CeC2,b,NA,-78.67525,35.72765,NA,Cecil,21,BAU,BAU,CROP,Till,wheat - 2,corn,AG-CROP,Lake Wheeler,NCState,Cecil,NA,NA,0.22,Bt,1.838436642,0.22,0,30,1,12.1336818372
200,CeC2-2-5,CeC2-2,5,C2B,27.53729045,13.52740202,58.93530752,clay,1.811880503,0.573685361,0.23,NA,0.02,5.078125,0.533439746,NA,NA,NA,NA,NA,NA,NA,2.569837895,29.27046263,3.191489362,14.53900709,38.73244642,52.4911032,6.117021277,713.2375411,0.090833678,NA,NA,,NC-183-SWSHA-C2B-64_89-03232018,,NA,200,BC,64,100,CeC2,b,NA,-78.67525,35.72765,NA,Cecil,21,BAU,BAU,CROP,Till,wheat - 2,corn,AG-CROP,Lake Wheeler,NCState,Cecil,NA,NA,0.23,BC,1.811880503,0.23,0,36,1,15.002370564840001
201,CeC2-3-1,CeC2-3,1,C2C,51.60636213,16.88002433,31.51361354,sandy clay loam,1.404807631,0.378334036,1.79,NA,0.17,17.44680851,2.413425006,NA,NA,NA,NA,NA,NA,NA,3.635168326,627.8914591,233.4751773,794.1134752,354.3569845,711.9039146,237.9078014,717.4271234,7.974487241,NA,NA,,NC-183-SWSHA-C2C-0_5-03232018,18N05161,NA,201,Ap1,0,5,CeC2,c,NA,-78.67555,35.72739,NA,Cecil,21,BAU,BAU,CROP,Till,wheat - 2,corn,AG-CROP,Lake Wheeler,NCState,Cecil,2.5,2.54,1.79,A,1.404807631,1.79,0,5,1,12.57302829745
202,CeC2-3-2,CeC2-3,2,C2C,49.97147511,17.95422364,32.07430125,sandy clay loam,1.570935076,0.565197097,1.15,NA,0.11,26.92307692,4.102538316,NA,NA,NA,NA,NA,NA,NA,3.663069837,503.3985765,222.6595745,815.4255319,376.9918699,742.8647687,252.0921986,717.5115908,6.308445243,NA,NA,,NC-183-SWSHA-C2C-5_10-03232018,18N05162,NA,202,Ap2,5,10,CeC2,c,NA,-78.67555,35.72739,NA,Cecil,21,BAU,BAU,CROP,Till,wheat - 2,corn,AG-CROP,Lake Wheeler,NCState,Cecil,2.2,2.18,1.15,A,1.570935076,1.15,0,5,1,9.032876687
203,CeC2-3-3,CeC2-3,3,C2C,44.33610579,15.06536222,40.59853199,clay,2.003472739,0.488863355,1.2,NA,0.12,18.33333333,3.12337723,NA,NA,NA,NA,NA,NA,NA,3.002492499,172.5355872,82.44680851,238.6170213,147.0066519,275.3202847,175.4432624,716.0080713,2.47090545,NA,NA,,NC-183-SWSHA-C2C-10_26R-03232018,,NA,203,Bt1,10,26,CeC2,c,NA,-78.67555,35.72739,NA,Cecil,21,BAU,BAU,CROP,Till,wheat - 2,corn,AG-CROP,Lake Wheeler,NCState,Cecil,NA,NA,1.2,Bt,2.003472739,1.2,0,16,1,38.46667658879999
204,CeC2-3-4,CeC2-3,4,C2C,16.50691549,17.51425574,65.97882877,clay,1.636415967,0.662630237,0.46,NA,0.05,3.985507246,0.743819003,NA,NA,NA,NA,NA,NA,NA,2.524543234,59.34163701,29.07801418,NA,43.49963045,88.61209964,60.63829787,714.2173627,0.361734779,NA,NA,,NC-183-SWSHA-C2C-26_46-03232018,,NA,204,Bt2,26,46,CeC2,c,NA,-78.67555,35.72739,NA,Cecil,21,BAU,BAU,CROP,Till,wheat - 2,corn,AG-CROP,Lake Wheeler,NCState,Cecil,NA,NA,0.46,Bt,1.636415967,0.46,0,20,1,15.055026896400001
205,CeC2-3-5,CeC2-3,5,C2C,20.69916291,25.27407268,54.02676441,clay,1.767317119,0.620916485,0.09,NA,NA,0,0.325695921,NA,NA,NA,NA,NA,NA,NA,2.31655015,3.647686833,2.570921986,NA,19.84478936,58.54092527,21.63120567,713.4571563,0.039550904,NA,NA,,NC-183-SWSHA-C2C-46_94R-03232018,,NA,205,Bt3,46,100,CeC2,c,NA,-78.67555,35.72739,NA,Cecil,21,BAU,BAU,CROP,Till,wheat - 2,corn,AG-CROP,Lake Wheeler,NCState,Cecil,NA,NA,0.09,Bt,1.767317119,0.09,0,54,1,8.58916119834
206,CeC3-1-1,CeC3-1,1,C3A,57.35743356,17.25443231,25.38813413,sandy clay loam,1.445915079,0.39882713,2.24,NA,0.15,18.38565022,2.710572637,NA,NA,NA,NA,NA,NA,NA,3.918169368,444.8576512,245.5319149,440.9751773,162.3355506,439.430605,227.8014184,717.4778038,10.77324249,NA,NA,,NC-183-SWSHA-C3A-0_5-03232018,18N05163,NA,206,Ap1,0,5,CeC3,a,NA,-78.67194,35.72451,NA,Cecil,22,BAU,BAU,CROP,Till,wheat - 3,corn,AG-CROP,Lake Wheeler,NCState,Cecil,2.8,2.78,2.24,A,1.445915079,2.24,0,5,1,16.1942488848
207,CeC3-1-2,CeC3-1,2,C3A,58.84231911,16.33232376,24.82535713,sandy clay loam,1.696318856,0.475585285,1.68,NA,0.11,11.38211382,2.725243063,NA,NA,NA,NA,NA,NA,NA,3.759819233,245.6049822,179.964539,314.7340426,147.1101256,309.6619217,254.5744681,717.6974191,9.328650153,NA,NA,,NC-183-SWSHA-C3A-05_10R-03232018,18N05164,NA,207,Ap2,5,10,CeC3,a,NA,-78.67194,35.72451,NA,Cecil,22,BAU,BAU,CROP,Till,wheat - 3,corn,AG-CROP,Lake Wheeler,NCState,Cecil,2.6,2.65,1.68,A,1.696318856,1.68,0,5,1,14.249078390399998
208,CeC3-1-3,CeC3-1,3,C3A,50.29468285,17.32000479,32.38531236,sandy clay loam,1.758586333,0.463519825,1.34,NA,0.08,13.8996139,2.643939137,NA,NA,NA,NA,NA,NA,NA,2.701735948,64.41281139,70.21276596,45.39007092,82.13599409,93.68327402,209.5390071,716.8358517,5.752081829,NA,NA,,NC-183-SWSHA-C3A-10_49-03232018,,NA,208,C1,10,49,CeC3,a,NA,-78.67194,35.72451,NA,Cecil,22,BAU,BAU,CROP,Till,wheat - 3,corn,AG-CROP,Lake Wheeler,NCState,Cecil,NA,NA,1.34,C,1.758586333,1.34,0,39,1,91.90372176258
209,CeC3-1-4,CeC3-1,4,C3A,31.29348543,42.55271268,26.15380189,loam,2.060040953,0.506991861,0.44,NA,0.03,11.97183099,0.76620855,NA,NA,NA,NA,NA,NA,NA,2.725289172,15.39145907,22.60638298,115.212766,21.2158167,35.14234875,20.56737589,714.369404,2.112862242,NA,NA,,NC-183-SWSHA-C3A-49_79-03232018,,NA,209,2C,49,79,CeC3,a,NA,-78.67194,35.72451,NA,Cecil,22,BAU,BAU,CROP,Till,wheat - 3,corn,AG-CROP,Lake Wheeler,NCState,Cecil,NA,NA,0.44,C,2.060040953,0.44,0,30,1,27.192540579600003
210,CeC3-1-5,CeC3-1,5,C3A,58.71359133,12.17518782,29.11122085,sandy clay loam,2.257514343,0.279991439,0.59,NA,0.06,16.66666667,1.370712285,NA,NA,NA,NA,NA,NA,NA,2.820226782,35.85409253,36.61347518,NA,27.88248337,70.72953737,21.27659574,714.7748475,1.865642404,NA,NA,,NC-183-SWSHA-C3A-79_100-03232018,,NA,210,3Abp,79,100,CeC3,a,NA,-78.67194,35.72451,NA,Cecil,22,BAU,BAU,CROP,Till,wheat - 3,corn,AG-CROP,Lake Wheeler,NCState,Cecil,NA,NA,0.59,C,2.257514343,0.59,0,21,1,27.97060270977
211,CeC3-2-1,CeC3-2,1,C3B,55.75230173,18.97065915,25.27703912,sandy clay loam,1.597733737,0.435569185,1.86,NA,0.13,54.03225806,2.383617922,NA,NA,NA,NA,NA,NA,NA,4.021078839,333.5053381,207.2340426,534.5921986,185.2660754,518.7010676,323.1914894,716.987893,10.7205838,NA,NA,,NC-183-SWSHA-C3B-0_5-03232018,18N05165,NA,211,Ap1,0,5,CeC3,b,NA,-78.67194,35.72481,NA,Cecil,22,BAU,BAU,CROP,Till,wheat - 3,corn,AG-CROP,Lake Wheeler,NCState,Cecil,2.8,2.77,1.86,A,1.597733737,1.86,0,5,1,14.8589237541
212,CeC3-2-2,CeC3-2,2,C3B,49.37465923,20.96101925,29.66432152,sandy clay loam,1.520005495,0.388519953,1.72,NA,0.11,50.58823529,3.704072802,NA,NA,NA,NA,NA,NA,NA,3.795692605,200.5871886,119.9468085,199.964539,144.2461197,311.797153,442.2163121,716.7344908,8.926346696,NA,NA,,NC-183-SWSHA-C3B-5_10-03232018,18N05166,NA,212,Ap2,5,10,CeC3,b,NA,-78.67194,35.72481,NA,Cecil,22,BAU,BAU,CROP,Till,wheat - 3,corn,AG-CROP,Lake Wheeler,NCState,Cecil,2.3,2.27,1.72,A,1.520005495,1.72,0,5,1,13.072047257
213,CeC3-2-3,CeC3-2,3,C3B,47.98169626,19.28492494,32.7333788,sandy clay loam,1.841468164,0.438115664,1.96,NA,0.13,25.57251908,3.68617544,NA,NA,NA,NA,NA,NA,NA,3.471382831,121.1743772,109.929078,146.7730496,130.9053954,150.2669039,395,716.987893,4.791142169,NA,NA,,NC-183-SWSHA-C3B-10_39-03232018,,NA,213,C,10,39,CeC3,b,NA,-78.67194,35.72481,NA,Cecil,22,BAU,BAU,CROP,Till,wheat - 3,corn,AG-CROP,Lake Wheeler,NCState,Cecil,NA,NA,1.96,C,1.841468164,1.96,0,29,1,104.66905044175999
214,CeC3-2-4,CeC3-2,4,C3B,31.74946421,37.615557,30.63497879,clay loam,2.086597092,0.500686293,0.7,NA,0.05,6.060606061,1.885232879,NA,NA,NA,NA,NA,NA,NA,2.688691086,14.6797153,15.24822695,NA,NA,26.69039146,11.34751773,714.1160019,1.306941554,NA,NA,,NC-183-SWSHA-C3B-39_77-03232018,,NA,214,2C,39,77,CeC3,b,NA,-78.67194,35.72481,NA,Cecil,22,BAU,BAU,CROP,Till,wheat - 3,corn,AG-CROP,Lake Wheeler,NCState,Cecil,NA,NA,0.7,C,2.086597092,0.7,0,38,1,55.503482647199995
215,CeC3-2-5,CeC3-2,5,C3B,71.47273463,11.97764659,16.54961878,sandy loam,2.219559679,0.251737647,0.45,NA,0.05,13.36898396,1.215137847,NA,NA,NA,NA,NA,NA,NA,2.964444983,6.850533808,17.28723404,NA,18.25572801,17.34875445,24.29078014,714.1666823,1.495297127,NA,NA,,NC-183-SWSHA-C3B-77_94-03232018,,NA,215,3Abp,77,94,CeC3,b,NA,-78.67194,35.72481,NA,Cecil,22,BAU,BAU,CROP,Till,wheat - 3,corn,AG-CROP,Lake Wheeler,NCState,Cecil,NA,NA,0.45,C,2.219559679,0.45,0,17,1,16.97963154435
216,CeC3-3-1,CeC3-3,1,C3C,59.97616202,19.19272957,20.83110842,sandy clay loam,1.703715772,0.475827807,1.92,NA,0.15,34.49612403,2.867078758,NA,NA,NA,NA,NA,NA,NA,4.227260136,358.0604982,134.3085106,366.0638298,169.3569845,343.113879,349.787234,716.5824496,9.811107009,NA,NA,,NC-183-SWSHA-C3C-0_5-03232018,18N05167,NA,216,Ap1,0,5,CeC3,c,NA,-78.67194,35.72511,NA,Cecil,22,BAU,BAU,CROP,Till,wheat - 3,corn,AG-CROP,Lake Wheeler,NCState,Cecil,2.5,2.45,1.92,A,1.703715772,1.92,0,5,1,16.3556714112
217,CeC3-3-2,CeC3-3,2,C3C,55.61889731,19.34622499,25.03487771,sandy clay loam,1.843044556,0.46285289,1.96,NA,0.13,44.93927126,3.194916621,NA,NA,NA,NA,NA,NA,NA,4.388146773,322.4733096,152.74822700000001,334.0070922,162.5757576,336.1743772,456.4007092,716.7851713,9.184274527,NA,NA,,NC-183-SWSHA-C3C-05_10R-03232018,18N05168,NA,217,Ap2,5,10,CeC3,c,NA,-78.67194,35.72511,NA,Cecil,22,BAU,BAU,CROP,Till,wheat - 3,corn,AG-CROP,Lake Wheeler,NCState,Cecil,2.5,2.45,1.96,A,1.843044556,1.96,0,5,1,18.061836648799996
218,CeC3-3-3,CeC3-3,3,C3C,53.15501998,18.13709172,28.7078883,sandy clay loam,2.096055443,0.524514062,1.42,NA,0.08,28.85375494,3.228148037,NA,NA,NA,NA,NA,NA,NA,3.765254592,45.55160142,61.61347518,101.7730496,70.18107908,99.73309609,351.1702128,716.4641952,6.268824708,NA,NA,,NC-183-SWSHA-C3C-10_45-03232018,,NA,218,C,10,45,CeC3,c,NA,-78.67194,35.72511,NA,Cecil,22,BAU,BAU,CROP,Till,wheat - 3,corn,AG-CROP,Lake Wheeler,NCState,Cecil,NA,NA,1.42,C,2.096055443,1.42,0,35,1,104.1739555171
219,CeC3-3-4,CeC3-3,4,C3C,28.762662,39.5485683,31.6887697,clay loam,2.029543834,0.502565837,0.48,NA,0.04,11.82795699,1.424261752,NA,NA,NA,NA,NA,NA,NA,3.306872621,78.20284698,63.29787234,75.85106383,23.3037694,51.33451957,57.18085106,715.8391366,3.590933114,NA,NA,,NC-183-SWSHA-C3C-45_66R-03232018,,NA,219,2C,45,66,CeC3,c,NA,-78.67194,35.72511,NA,Cecil,22,BAU,BAU,CROP,Till,wheat - 3,corn,AG-CROP,Lake Wheeler,NCState,Cecil,NA,NA,0.48,C,2.029543834,0.48,0,21,1,20.45780184672
220,CeC3-3-5,CeC3-3,5,C3C,60.52445559,14.25520286,25.22034155,sandy clay loam,2.069438673,0.298665619,0.69,NA,0.07,21.37096774,2.377631882,NA,NA,NA,NA,NA,NA,NA,3.105401969,55.96085409,25,43.61702128,35.58758315,45.19572954,45.92198582,715.0789301,2.374316604,NA,NA,,NC-183-SWSHA-C3C-66_86-03232018,,NA,220,3Abp,66,89,CeC3,c,NA,-78.67194,35.72511,NA,Cecil,22,BAU,BAU,CROP,Till,wheat - 3,corn,AG-CROP,Lake Wheeler,NCState,Cecil,NA,NA,0.69,C,2.069438673,0.69,0,23,1,32.84199174051
221,CeC3-3-6,CeC3-3,6,C3C,26.48381446,10.60152071,62.91466484,clay,1.774532143,0.582476776,0.34,NA,0.04,15.10791367,0.930942462,NA,NA,NA,NA,NA,NA,NA,3.027132794,8.451957295,9.485815603,64.45035461,40.37694013,63.4341637,18.35106383,714.2173627,0.426778643,NA,NA,,NC-183-SWSHA-C3C-86_100-03232018,,NA,221,3Bbt,89,100,CeC3,c,NA,-78.67194,35.72511,NA,Cecil,22,BAU,BAU,CROP,Till,wheat - 3,corn,AG-CROP,Lake Wheeler,NCState,Cecil,NA,NA,0.34,C,1.774532143,0.34,0,11,1,6.636750214820001
227,CeF3-1-1,CeF3-1,1,F3PIT,67.47964896,23.07505107,9.445299967,sandy loam,0.311519275,0.589934322,8.59,NA,0.37,90.30612245,2.469305394,NA,NA,NA,NA,NA,NA,NA,5.143661721,720.088968,796.6312057,2524.361702,1448.756401,741.797153,1605.886525,720.4967644,9.224442068,NA,NA,,NC-183-SWSHA-F3PIT-0_5R-03232018,18N05171,NA,227,A,0,5,CeF3,a,NA,-78.66969,35.72612,NA,Cecil,23,Ref - Forest,Ref,FOREST,Perennial,forest,forest,Reference,Lake Wheeler,NCState,Cecil,11.5,11.48,8.59,A,0.311519275,8.59,0,5,1,13.379752861249997
228,CeF3-1-2,CeF3-1,2,F3PIT,61.88105217,16.43210989,21.68683794,sandy clay loam,1.276998633,0.337226588,2.56,NA,0.12,85.9030837,2.657276184,NA,NA,NA,NA,NA,NA,NA,1.88751912,120.5160142,92.81914894,75.67375887,218.5076811,105.9608541,462.429078,717.9958127,16.94522632,NA,NA,,NC-183-SWSHA-F3PIT-5_10-03232018,18N05172,NA,228,B,5,10,CeF3,a,NA,-78.66969,35.72612,NA,Cecil,23,Ref - Forest,Ref,FOREST,Perennial,forest,forest,Reference,Lake Wheeler,NCState,Cecil,NA,NA,2.56,B,1.276998633,2.56,0,5,1,16.3455825024
229,CeF3-1-3,CeF3-1,3,F3PIT,35.10499722,13.80405195,51.09095083,clay,1.448764711,0.478980591,0.49,NA,0.03,44.57364341,1.913325943,NA,NA,NA,NA,NA,NA,NA,1.641116163,39.85765125,10.19503546,NA,61.02414045,75.08896797,75.88652482,715.1180053,0.994847577,NA,NA,,NC-183-SWSHA-F3PIT-10_40R-03232018,,NA,229,Bt1,10,40,CeF3,a,NA,-78.66969,35.72612,NA,Cecil,23,Ref - Forest,Ref,FOREST,Perennial,forest,forest,Reference,Lake Wheeler,NCState,Cecil,NA,NA,0.49,Bt,1.448764711,0.49,0,30,1,21.2968412517
230,CeF3-1-4,CeF3-1,4,F3PIT,31.12592233,13.09767231,55.77640536,clay,1.686981766,0.615520374,0.16,NA,0.02,11.11111111,0.444897177,NA,NA,NA,NA,NA,NA,NA,0.525418069,159.252669,7.003546099,NA,72.19824433,171.975089,35.10638298,714.1587362,0.298864227,NA,NA,,NC-183-SWSHA-F3PIT-40_70-03232018,,NA,230,Bt2,40,70,CeF3,a,NA,-78.66969,35.72612,NA,Cecil,23,Ref - Forest,Ref,FOREST,Perennial,forest,forest,Reference,Lake Wheeler,NCState,Cecil,NA,NA,0.16,Bt,1.686981766,0.16,0,30,1,8.0975124768
231,CeF3-1-5,CeF3-1,5,F3PIT,51.22752527,15.87000705,32.90246769,sandy clay loam,1.733727847,0.529667651,0.1,NA,NA,11.65413534,24.02882206,NA,NA,NA,NA,NA,NA,NA,1.061706857,2.669039146,2.393617021,NA,53.08705194,186.1743772,7.978723404,713.5763228,0.072233657,NA,NA,,NC-183-SWSHA-F3PIT-70_100-03232018,,NA,231,Bt3,70,100,CeF3,a,NA,-78.66969,35.72612,NA,Cecil,23,Ref - Forest,Ref,FOREST,Perennial,forest,forest,Reference,Lake Wheeler,NCState,Cecil,NA,NA,0.1,Bt,1.733727847,0.1,0,30,1,5.201183541
222,CeF3-2-1,CeF3-2,1,F3B,77.70957184,17.38398287,4.906445295,loamy sand,1.667216238,-0.114106515,1.95,NA,0.12,77.77777778,49.01547117,NA,NA,NA,NA,NA,NA,NA,4.360969976,459.3594306,130.2304965,183.6524823,248.2443307,162.1530249,448.8652482,718.0643319,18.51857237,NA,NA,,NC-183-SWSHA-F3B-0_5-03232018,18N05169,NA,222,Ap1,0,5,CeF3,b,NA,-78.66952,35.72619,NA,Cecil,23,Ref - Forest,Ref,FOREST,Perennial,forest,forest,Reference,Lake Wheeler,NCState,Cecil,3,3.04,1.95,A,1.667216238,1.95,0,5,1,16.2553583205
223,CeF3-2-2,CeF3-2,2,F3B,79.49513929,15.02378097,5.481079743,loamy sand,1.986738733,0.250403777,1.18,NA,0.07,26.04166667,20.3793239,NA,NA,NA,NA,NA,NA,NA,3.037641156,80.96085409,34.4858156,35.28368794,69.583028530000007,61.74377224,237.3758865,716.1115341,8.127482892,NA,NA,,NC-183-SWSHA-F3B-5_10-03232018,18N05170,NA,223,Ap2,5,10,CeF3,b,NA,-78.66952,35.72619,NA,Cecil,23,Ref - Forest,Ref,FOREST,Perennial,forest,forest,Reference,Lake Wheeler,NCState,Cecil,1.2,1.23,1.18,A,1.986738733,1.18,0,5,1,11.721758524699998
224,CeF3-2-3,CeF3-2,3,F3B,75.90367181,16.64162792,7.454700276,sandy loam,2.455715299,0.240521013,0.37,NA,0.02,31.84357542,61.07484893,NA,NA,NA,NA,NA,NA,NA,2.715143168,3.558718861,8.156028369,7.80141844,10.82662765,23.1316726,60.63829787,714.3642939,1.996660474,NA,NA,,NC-183-SWSHA-F3B-10_40-03232018,,NA,224,E,10,40,CeF3,b,NA,-78.66952,35.72619,NA,Cecil,23,Ref - Forest,Ref,FOREST,Perennial,forest,forest,Reference,Lake Wheeler,NCState,Cecil,NA,NA,0.37,B,2.455715299,0.37,0,30,1,27.258439818899998
225,CeF3-2-4,CeF3-2,4,F3B,54.52357798,15.489934,29.98648802,sandy clay loam,2.176269534,0.368875685,0.2,NA,0.02,4.524886878,45.21398529,NA,NA,NA,NA,NA,NA,NA,2.54374817,61.5658363,5.762411348,46.87943262,18.19678127,30.24911032,28.0141844,714.1244766,0.375657014,NA,NA,,NC-183-SWSHA-F3B-40_60-03232018,,NA,225,Eb,40,60,CeF3,b,NA,-78.66952,35.72619,NA,Cecil,23,Ref - Forest,Ref,FOREST,Perennial,forest,forest,Reference,Lake Wheeler,NCState,Cecil,NA,NA,0.2,B,2.176269534,0.2,0,20,1,8.705078136
226,CeF3-2-5,CeF3-2,5,F3B,30.90756189,12.32676628,56.76567183,clay,2.025299702,0.571442034,0.15,NA,0.02,3.787878788,24.1807611,NA,NA,NA,NA,NA,NA,NA,2.456782421,5.604982206,4.343971631,NA,51.56912948,47.24199288,15.42553191,713.8161401,0.138371414,NA,NA,,NC-183-SWSHA-F3B-60_100-03232018,,NA,226,Bt,60,100,CeF3,b,NA,-78.66952,35.72619,NA,Cecil,23,Ref - Forest,Ref,FOREST,Perennial,forest,forest,Reference,Lake Wheeler,NCState,Cecil,NA,NA,0.15,Bt,2.025299702,0.15,0,40,1,12.151798211999997
232,CeH1-1-1,CeH1-1,1,P1A,74.50565106,16.91187171,8.582477232,sandy loam,1.052908473,0.276474873,2.76,NA,0.24,65.38461538,1.897718541,NA,NA,NA,NA,NA,NA,NA,3.1840335,513.9857651,174.4680851,472.8900709,291.9733925,457.2775801,684.1134752,716.6669169,12.79112489,NA,NA,,NC-183-SWSHA-P1A-0_5-03192018,18N05173,NA,232,Ap1,0,5,CeH1,a,NA,-78.68048,35.73409,NA,Cecil,24,SHM - forage,SHM,FORAGE,Perennial,hay 1,hay,AG-FORAGE,Lake Wheeler,NCState,Cecil,2.9,2.85,2.76,A,1.052908473,2.76,0,5,1,14.5301369274
233,CeH1-1-2,CeH1-1,2,P1A,78.51533981,13.5954593,7.889200889,loamy sand,1.676189545,0.263984999,0.44,NA,0.04,87.83068783,2.00024412,NA,NA,NA,NA,NA,NA,NA,1.663219958,229.4128114,78.10283688,196.7730496,109.1019956,236.3523132,423.9007092,715.146504,6.941620381,NA,NA,,NC-183-SWSHA-P1A-05_10-03192018,18N05174,NA,233,Ap2,5,10,CeH1,a,NA,-78.68048,35.73409,NA,Cecil,24,SHM - forage,SHM,FORAGE,Perennial,hay 1,hay,AG-FORAGE,Lake Wheeler,NCState,Cecil,1.6,1.58,0.44,A,1.676189545,0.44,0,5,1,3.6876169990000003
234,CeH1-1-3,CeH1-1,3,P1A,83.3784144,7.12856017,9.493025434,loamy sand,2.087445918,0.228758705,0.42,NA,0.03,19.90950226,0.943013522,NA,NA,NA,NA,NA,NA,NA,1.391451991,13.96797153,7.890070922,37.5,13.37767923,45.19572954,8.333333333,713.9977475,1.723998276,NA,NA,,NC-183-SWSHA-P1A-10_44-03192018,,NA,234,BA,10,44,CeH1,a,NA,-78.68048,35.73409,NA,Cecil,24,SHM - forage,SHM,FORAGE,Perennial,hay 1,hay,AG-FORAGE,Lake Wheeler,NCState,Cecil,NA,NA,0.42,B,2.087445918,0.42,0,34,1,29.808727709039996
235,CeH1-1-4,CeH1-1,4,P1A,52.00832238,15.26796039,32.72371722,sandy clay loam,2.076168654,0.369360729,0.23,NA,0.02,5.405405405,0.912969785,NA,NA,NA,NA,NA,NA,NA,1.054459712,8.362989324,23.40425532,66.75531915,27.75314117,40.9252669,4.078014184,713.6767715,0.235230863,NA,NA,,NC-183-SWSHA-P1A-44_75-03192018,,NA,235,Bt,44,75,CeH1,a,NA,-78.68048,35.73409,NA,Cecil,24,SHM - forage,SHM,FORAGE,Perennial,hay 1,hay,AG-FORAGE,Lake Wheeler,NCState,Cecil,NA,NA,0.23,Bt,2.076168654,0.23,0,31,1,14.80308250302
236,CeH1-1-5,CeH1-1,5,P1A,51.91085704,11.70475443,36.38438853,sandy clay,1.965214922,0.453940213,0.2,NA,0.02,6.666666667,0.429654255,NA,NA,NA,NA,NA,NA,NA,0.887775359,2.046263345,3.014184397,119.1134752,36.66297118,38.34519573,7.80141844,713.2037541,-0.026187311,NA,NA,,NC-183-SWSHA-P1A-75_100-03192018,,NA,236,BC,75,100,CeH1,a,NA,-78.68048,35.73409,NA,Cecil,24,SHM - forage,SHM,FORAGE,Perennial,hay 1,hay,AG-FORAGE,Lake Wheeler,NCState,Cecil,NA,NA,0.2,BC,1.965214922,0.2,0,25,1,9.826074610000001
237,CeH1-2-1,CeH1-2,1,P1B,65.65346181,24.02812026,10.31841794,sandy loam,0.898058292,0.411559525,5.05,NA,0.41,92.06349206,NA,NA,NA,NA,NA,NA,NA,NA,5.070465548,669.1992883,231.7021277,810.9397163,327.7383592,908.9323843,833.3687943,717.3257626,22.290392,NA,NA,,NC-183-SWSHA-P1B-0_5-03192018,18N05176,NA,237,Ap1,0,5,CeH1,b,NA,-78.68042,35.73443,NA,Cecil,24,SHM - forage,SHM,FORAGE,Perennial,hay 1,hay,AG-FORAGE,Lake Wheeler,NCState,Cecil,4.9,4.92,5.05,A,0.898058292,5.05,0,5,1,22.675971872999998
238,CeH1-2-2,CeH1-2,2,P1B,66.47911424,21.96012116,11.5607646,sandy loam,1.457919909,0.400282261,2.18,NA,0.17,52.03252033,2.31863586,NA,NA,NA,NA,NA,NA,NA,2.822038569,229.4128114,110.0177305,405.7801418,161.4781966,243.6476868,591.3297872,716.4304083,9.564898584,NA,NA,,NC-183-SWSHA-P1B-05_10R-03192018,18N05177,NA,238,Ap2,5,10,CeH1,b,NA,-78.68042,35.73443,NA,Cecil,24,SHM - forage,SHM,FORAGE,Perennial,hay 1,hay,AG-FORAGE,Lake Wheeler,NCState,Cecil,3.7,3.66,2.18,A,1.457919909,2.18,0,5,1,15.8913270081
239,CeH1-2-3,CeH1-2,3,P1B,61.69761172,18.28404426,20.01834402,sandy clay loam,1.52723451,0.251103359,1.43,NA,0.08,87.02290076,1.972440242,NA,NA,NA,NA,NA,NA,NA,2.795224129,49.46619217,28.63475177,128.3510638,49.26459719,158.8967972,157.712766,715.6026279,6.1515025,NA,NA,,NC-183-SWSHA-P1B-10_23R-03192018,18N05175,NA,239,BA,10,23,CeH1,b,NA,-78.68042,35.73443,NA,Cecil,24,SHM - forage,SHM,FORAGE,Perennial,hay 1,hay,AG-FORAGE,Lake Wheeler,NCState,Cecil,0.5,0.53,1.43,B,1.52723451,1.43,0,13,1,28.3912895409
240,CeH1-2-4,CeH1-2,4,P1B,29.25308084,17.51201041,53.23490875,clay,1.689649506,0.561498639,0.54,NA,0.04,14.33566434,0.488202508,NA,NA,NA,NA,NA,NA,NA,1.021847556,16.10320285,13.4751773,NA,20.88322247,75.88967972,33.24468085,714.8255279,0.496889321,NA,NA,,NC-183-SWSHA-P1B-23_49-03192018,,NA,240,Bt,23,49,CeH1,b,NA,-78.68042,35.73443,NA,Cecil,24,SHM - forage,SHM,FORAGE,Perennial,hay 1,hay,AG-FORAGE,Lake Wheeler,NCState,Cecil,NA,NA,0.54,Bt,1.689649506,0.54,0,26,1,23.72267906424
241,CeH1-2-5,CeH1-2,5,P1B,30.37134209,22.72911585,46.89954207,clay,1.616589809,0.55895216,0.2,NA,0.02,4.761904762,0.411007051,NA,NA,NA,NA,NA,NA,NA,1.572630635,10.14234875,7.712765957,NA,37.8713969,76.77935943,18.08510638,713.4740497,-0.05766472,NA,NA,,NC-183-SWSHA-P1B-49_100-03192018,,NA,241,BC,49,100,CeH1,b,NA,-78.68042,35.73443,NA,Cecil,24,SHM - forage,SHM,FORAGE,Perennial,hay 1,hay,AG-FORAGE,Lake Wheeler,NCState,Cecil,NA,NA,0.2,BC,1.616589809,0.2,0,51,1,16.4892160518
242,CeH1-3-1,CeH1-3,1,P1PIT,53.48222589,27.48104694,19.03672717,sandy loam,1.380434188,0.451818147,4.58,NA,0.41,86.31178707,1.996232253,NA,NA,NA,NA,NA,NA,NA,5.196203528,637.1708185,266.2765957,1177.836879,508.0413895,584.1814947,879.2907801,717.4440169,20.8837288,NA,NA,,NC-183-SWSHA-P1PIT-0_5-03192018,18N05179,NA,242,Ap1,0,5,CeH1,c,NA,-78.68036,35.73477,NA,Cecil,24,SHM - forage,SHM,FORAGE,Perennial,hay 1,hay,AG-FORAGE,Lake Wheeler,NCState,Cecil,4.9,4.92,4.58,A,1.380434188,4.58,0,5,1,31.611942905200003
243,CeH1-3-2,CeH1-3,2,P1PIT,56.67595423,19.90656967,23.41747609,sandy clay loam,1.801755217,0.280719004,2.19,NA,0.2,80.76923077,3.147001811,NA,NA,NA,NA,NA,NA,NA,2.788701698,181.7259786,123.8475177,327.2695035,271.0236511,320.1601423,541.2411348,716.4979822,8.356489636,NA,NA,,NC-183-SWSHA-P1PIT-05_10-03192018,18N05180,NA,243,Ap2,5,10,CeH1,c,NA,-78.68036,35.73477,NA,Cecil,24,SHM - forage,SHM,FORAGE,Perennial,hay 1,hay,AG-FORAGE,Lake Wheeler,NCState,Cecil,2.5,2.45,2.19,A,1.801755217,2.19,0,5,1,19.729219626149998
244,CeH1-3-3,CeH1-3,3,P1PIT,53.19891314,12.78418908,34.01689778,sandy clay loam,2.151724305,0.478980591,1.39,NA,0.11,67.49116608,2.393749308,NA,NA,NA,NA,NA,NA,NA,1.304486241,85.58718861,71.9858156,123.3687943,98.60310421,137.9003559,177.570922,715.9573909,3.573388969,NA,NA,,NC-183-SWSHA-P1PIT-10_23-03192018,18N05178,NA,244,Bt1,10,16,CeH1,c,NA,-78.68036,35.73477,NA,Cecil,24,SHM - forage,SHM,FORAGE,Perennial,hay 1,hay,AG-FORAGE,Lake Wheeler,NCState,Cecil,2,2,1.39,Bt,2.151724305,1.39,0,6,1,17.9453807037
245,CeH1-3-4,CeH1-3,4,P1PIT,18.50196493,16.44814677,65.04988829,clay,1.78073767,0.592420171,0.54,NA,0.04,20.80536913,1.69244741,NA,NA,NA,NA,NA,NA,NA,0.148566489,16.81494662,24.0248227,NA,43.62897265,101.8683274,92.0212766,714.5721258,1.038863507,NA,NA,,NC-183-SWSHA-P1PIT-23_49-03192018,,NA,245,Bt2,16,61,CeH1,c,NA,-78.68036,35.73477,NA,Cecil,24,SHM - forage,SHM,FORAGE,Perennial,hay 1,hay,AG-FORAGE,Lake Wheeler,NCState,Cecil,NA,NA,0.54,Bt,1.78073767,0.54,0,45,1,43.271925381
246,CeH1-3-5,CeH1-3,5,P1PIT,35.96606107,19.51893497,44.51500396,clay,2.001380988,0.59763439,0.18,NA,0.02,4.794520548,0.403835505,NA,NA,NA,NA,NA,NA,NA,0.293509404,7.918149466,6.205673759,NA,16.27124908,61.03202847,29.87588652,713.3895824,-0.018575374,NA,NA,,NC-183-SWSHA-P1PIT-49_100-03192018,,NA,246,Bt3,61,100,CeH1,c,NA,-78.68036,35.73477,NA,Cecil,24,SHM - forage,SHM,FORAGE,Perennial,hay 1,hay,AG-FORAGE,Lake Wheeler,NCState,Cecil,NA,NA,0.18,Bt,2.001380988,0.18,0,39,1,14.04969453576
247,CeH2-1-1,CeH2-1,1,P2A,75.18146309,20.20701456,4.611522354,loamy sand,1.25529293,0.381244298,1.83,NA,0.17,88.18181818,1.677029306,NA,NA,NA,NA,NA,NA,NA,2.138632721,572.2597865,126.3297872,421.4716312,293.2150776,509.8042705,363.0851064,716.0925387,12.41342759,NA,NA,,NC-183-SWSHA-P2A-0_5-03192018,18N05181,NA,247,Ap1,0,5,CeH2,a,NA,-78.67504,35.72877,NA,Cecil,25,SHM - forage,SHM,FORAGE,Perennial,hay 2,hay,AG-FORAGE,Lake Wheeler,NCState,Cecil,2.3,2.32,1.83,A,1.25529293,1.83,0,5,1,11.4859303095
248,CeH2-1-2,CeH2-1,2,P2A,74.73378319,20.36085445,4.905362362,sandy loam,1.796116584,0.419077702,1.72,NA,0.16,83.60655738,1.632245712,NA,NA,NA,NA,NA,NA,NA,1.540018479,236.7081851,77.30496454,319.1134752,218.917221,297.3843416,339.858156,715.889817,9.595690148,NA,NA,,NC-183-SWSHA-P2A-05_10-03192018,18N05182,NA,248,Ap2,5,10,CeH2,a,NA,-78.67504,35.72877,NA,Cecil,25,SHM - forage,SHM,FORAGE,Perennial,hay 2,hay,AG-FORAGE,Lake Wheeler,NCState,Cecil,1.8,1.81,1.72,A,1.796116584,1.72,0,5,1,15.446602622399999
249,CeH2-1-3,CeH2-1,3,P2A,74.43047413,19.02174108,6.547784788,sandy loam,NA,NA,0.62,NA,0.06,78.03468208,1.278013943,NA,NA,NA,NA,NA,NA,NA,0.847916057,91.90391459,28.54609929,102.570922,72.62010347,133.1850534,102.570922,714.757954,4.194752002,NA,NA,,NC-183-SWSHA-P2A-10_30-03192018,,NA,249,Bt1,10,30,CeH2,a,NA,-78.67504,35.72877,NA,Cecil,25,SHM - forage,SHM,FORAGE,Perennial,hay 2,hay,AG-FORAGE,Lake Wheeler,NCState,Cecil,NA,NA,0.62,Bt,1.8248646905,0.62,0,20,1,22.6283221622
250,CeH2-1-4,CeH2-1,4,P2A,30.64425058,11.03225768,58.32349174,clay,1.83558701,0.591692606,0.39,NA,0.04,20.68965517,1.012662227,NA,NA,NA,NA,NA,NA,NA,0.608760246,1.957295374,10.81560284,62.67730496,49.37546194,71.53024911,29.07801418,714.014641,0.635559152,NA,NA,,NC-183-SWSHA-P2A-30_62-03192018,,NA,250,Bt2,30,62,CeH2,a,NA,-78.67504,35.72877,NA,Cecil,25,SHM - forage,SHM,FORAGE,Perennial,hay 2,hay,AG-FORAGE,Lake Wheeler,NCState,Cecil,NA,NA,0.39,Bt,1.83558701,0.39,0,32,1,22.9081258848
251,CeH2-1-5,CeH2-1,5,P2A,21.37638368,8.996987363,69.62662896,clay,NA,NA,0.15,NA,0.02,5.574912892,0.447911434,NA,NA,NA,NA,NA,NA,NA,0.054353593,9.786476868,1.329787234,142.3404255,84.25720621,93.68327402,19.14893617,713.3220084,0.009083293,NA,NA,,NC-183-SWSHA-P2A-62_100-03192018,,NA,251,Bt/BC,62,100,CeH2,a,NA,-78.67504,35.72877,NA,Cecil,25,SHM - forage,SHM,FORAGE,Perennial,hay 2,hay,AG-FORAGE,Lake Wheeler,NCState,Cecil,NA,NA,0.15,Bt,1.8248646905,0.15,0,38,1,10.40172873585
252,CeH2-2-1,CeH2-2,1,P2B,74.53892333,19.105144460000002,6.355932203,sandy loam,1.386861016,0.389126257,2.12,NA,0.21,93.85964912,1.654616232,NA,NA,NA,NA,NA,NA,NA,1.909622914,515.5160142,103.3687943,455.6028369,257.405765,466.7437722,354.751773,716.2614735,12.30611497,NA,NA,,NC-183-SWSHA-P2B-0_5-03192018,18N05183,NA,252,Ap1,0,5,CeH2,b,NA,-78.67478,35.72871,NA,Cecil,25,SHM - forage,SHM,FORAGE,Perennial,hay 2,hay,AG-FORAGE,Lake Wheeler,NCState,Cecil,2.3,2.3,2.12,A,1.386861016,2.12,0,5,1,14.7007267696
253,CeH2-2-2,CeH2-2,2,P2B,72.42205731,19.86699314,7.710949548,sandy loam,1.728574258,0.342198285,1.26,NA,0.13,95.04950495,1.217371146,NA,NA,NA,NA,NA,NA,NA,1.62408537,262.5088968,72.5177305,276.9148936,168.3148559,328.8790036,295.3546099,715.5688409,8.4577722,NA,NA,,NC-183-SWSHA-P2B-05_10-03192018,18N05184,NA,253,Ap2,5,10,CeH2,b,NA,-78.67478,35.72871,NA,Cecil,25,SHM - forage,SHM,FORAGE,Perennial,hay 2,hay,AG-FORAGE,Lake Wheeler,NCState,Cecil,1.8,1.83,1.26,A,1.728574258,1.26,0,5,1,10.890017825400001
254,CeH2-2-3,CeH2-2,3,P2B,74.99224934,15.6664218,9.341328864,sandy loam,NA,NA,0.69,NA,0.06,57.8125,1.243753846,NA,NA,NA,NA,NA,NA,NA,0.558030225,84.0747331,31.82624113,119.5921986,64.02808574,202.4288256,100.9751773,714.6903801,4.331999708,NA,NA,,NC-183-SWSHA-P2B-10_15-03192018,,NA,254,Bt1,10,15,CeH2,b,NA,-78.67478,35.72871,NA,Cecil,25,SHM - forage,SHM,FORAGE,Perennial,hay 2,hay,AG-FORAGE,Lake Wheeler,NCState,Cecil,NA,NA,0.69,Bt,1.8248646905,0.69,0,5,1,6.295783182225
255,CeH2-2-4,CeH2-2,4,P2B,26.46673703,11.86684139,61.66642158,clay,1.859111627,0.432477032,0.45,NA,0.04,19.15708812,0.823323723,NA,NA,NA,NA,NA,NA,NA,0.43845232,18.41637011,13.38652482,NA,26.59275684,72.06405694,37.67730496,714.1160019,0.49976425,NA,NA,,NC-183-SWSHA-P2B-15_58-03192018,,NA,255,Bt2,15,58,CeH2,b,NA,-78.67478,35.72871,NA,Cecil,25,SHM - forage,SHM,FORAGE,Perennial,hay 2,hay,AG-FORAGE,Lake Wheeler,NCState,Cecil,NA,NA,0.45,Bt,1.859111627,0.45,0,43,1,35.97380998245
256,CeH2-2-5,CeH2-2,5,P2B,19.09886537,12.72270407,68.17843056,clay,1.693893638,0.535124392,0.26,NA,0.02,5.2,0.426275301,NA,NA,NA,NA,NA,NA,NA,0.148566489,7.829181495,4.69858156,23.54609929,65.54323725,83.00711744,43.97163121,713.4740497,0.032990389,NA,NA,,NC-183-SWSHA-P2B-58_100-03192018,,NA,256,Bt/BC,58,100,CeH2,b,NA,-78.67478,35.72871,NA,Cecil,25,SHM - forage,SHM,FORAGE,Perennial,hay 2,hay,AG-FORAGE,Lake Wheeler,NCState,Cecil,NA,NA,0.26,Bt,1.693893638,0.26,0,42,1,18.49731852696
257,CeH2-3-1,CeH2-3,1,P2C,63.11693357,25.15038472,11.73268171,sandy loam,1.221097354,0.477767982,2.68,NA,0.24,90.8045977,2.513269554,NA,NA,NA,NA,NA,NA,NA,2.658615431,744.6441281,186.1347518,892.7659574,445.0849963,792.6868327,665.3191489,716.7007039,14.67633921,NA,NA,,NC-183-SWSHA-P2C-0_5-03192018,18N05185,NA,257,Ap1,0,5,CeH2,c,NA,-78.67452,35.72865,NA,Cecil,25,SHM - forage,SHM,FORAGE,Perennial,hay 2,hay,AG-FORAGE,Lake Wheeler,NCState,Cecil,3.4,3.41,2.68,A,1.221097354,2.68,0,5,1,16.362704543600003
258,CeH2-3-2,CeH2-3,2,P2C,63.10427687,20.27151711,16.62420602,sandy loam,1.552867201,0.352384202,1.48,NA,0.13,87.44769874,3.184213301,NA,NA,NA,NA,NA,NA,NA,1.46645995,221.227758,83.42198582,540.7092199,190.4065041,389.0213523,371.0638298,715.6702018,8.416164988,NA,NA,,NC-183-SWSHA-P2C-05_10-03192018,18N05186,NA,258,Ap2,5,10,CeH2,c,NA,-78.67452,35.72865,NA,Cecil,25,SHM - forage,SHM,FORAGE,Perennial,hay 2,hay,AG-FORAGE,Lake Wheeler,NCState,Cecil,2,2,1.48,A,1.552867201,1.48,0,5,1,11.4912172874
259,CeH2-3-3,CeH2-3,3,P2C,62.9414697,19.10156995,17.95696035,sandy loam,1.938355631,0.360953306,1.26,NA,0.11,51.27118644,1.500314387,NA,NA,NA,NA,NA,NA,NA,2.053841115,122.4199288,62.58865248,182.9432624,111.6925351,259.1281139,273.7234043,715.2309714,5.269435546,NA,NA,,NC-183-SWSHA-P2C-10_22-03192018,,NA,259,Bt1,10,22,CeH2,c,NA,-78.67452,35.72865,NA,Cecil,25,SHM - forage,SHM,FORAGE,Perennial,hay 2,hay,AG-FORAGE,Lake Wheeler,NCState,Cecil,NA,NA,1.26,Bt,1.938355631,1.26,0,12,1,29.30793714072
260,CeH2-3-4,CeH2-3,4,P2C,23.04653207,13.32466354,63.62880439,clay,1.563841313,0.597937542,0.73,NA,0.05,29.07801418,1.203886827,NA,NA,NA,NA,NA,NA,NA,1.050836139,11.20996441,27.65957447,NA,79.10199557,108.0960854,120.9219858,714.8255279,0.955688793,NA,NA,,NC-183-SWSHA-P2C-22_52-03192018,,NA,260,Bt2,22,52,CeH2,c,NA,-78.67452,35.72865,NA,Cecil,25,SHM - forage,SHM,FORAGE,Perennial,hay 2,hay,AG-FORAGE,Lake Wheeler,NCState,Cecil,NA,NA,0.73,Bt,1.563841313,0.73,0,30,1,34.248124754699994
261,CeH2-3-5,CeH2-3,5,P2C,34.11705707,18.76869087,47.11425206,clay,1.73421289,0.596118629,0.13,NA,NA,6.94980695,0.402884349,NA,NA,NA,NA,NA,NA,NA,0.9892354,4.62633452,3.812056738,NA,55.80561715,108.1850534,30.67375887,713.305115,0.011598952,NA,NA,,NC-183-SWSHA-P2C-52_100-03192018,,NA,261,BC,52,100,CeH2,c,NA,-78.67452,35.72865,NA,Cecil,25,SHM - forage,SHM,FORAGE,Perennial,hay 2,hay,AG-FORAGE,Lake Wheeler,NCState,Cecil,NA,NA,0.13,BC,1.73421289,0.13,0,48,1,10.8214884336
262,CeH3-1-1,CeH3-1,1,P3A,56.11781211,26.11770382,17.76448407,sandy loam,1.531282759,0.368754424,3.08,NA,0.28,87.77292576,2.434578461,NA,NA,NA,NA,NA,NA,NA,3.890992572,860.5071174,221.0638298,564.4326241,462.804878,931.0854093,1078.93617,716.4810887,12.60861971,NA,NA,,NC-183-SWSHA-P3A-0_5-03192018,18N05187,NA,262,Ap1,0,5,CeH3,a,NA,-78.67191,35.73246,NA,Cecil,26,SHM - forage,SHM,FORAGE,Perennial,hay 3,hay,AG-FORAGE,Lake Wheeler,NCState,Cecil,3,3.01,3.08,A,1.531282759,3.08,0,5,1,23.581754488599998
263,CeH3-1-2,CeH3-1,2,P3A,56.04758771,26.6967583,17.25565399,sandy loam,1.756585528,0.389611301,1.68,NA,0.16,86.61417323,2.655737183,NA,NA,NA,NA,NA,NA,NA,2.071596623,243.8256228,110.0177305,219.2907801,235.1441242,498.86121,701.8439716,715.5181605,7.312474,NA,NA,,NC-183-SWSHA-P3A-05_10-03192018,18N05188,NA,263,Ap2,5,10,CeH3,a,NA,-78.67191,35.73246,NA,Cecil,26,SHM - forage,SHM,FORAGE,Perennial,hay 3,hay,AG-FORAGE,Lake Wheeler,NCState,Cecil,1.8,1.82,1.68,A,1.756585528,1.68,0,5,1,14.7553184352
264,CeH3-1-3,CeH3-1,3,P3A,54.2282154,24.71160558,21.06017902,sandy clay loam,NA,NA,1.09,NA,0.1,69.54545455,2.999293712,NA,NA,NA,NA,NA,NA,NA,0.634125256,78.7366548,42.19858156,82.44680851,85.68366593,302.544484,309.7163121,714.8593149,3.767133817,NA,NA,,NC-183-SWSHA-P3A-10_20-03192018,18N05189,NA,264,B/A,10,20,CeH3,a,NA,-78.67191,35.73246,NA,Cecil,26,SHM - forage,SHM,FORAGE,Perennial,hay 3,hay,AG-FORAGE,Lake Wheeler,NCState,Cecil,1.1,1.12,1.09,B,1.86403485275,1.09,0,10,1,20.317979894975
265,CeH3-1-4,CeH3-1,4,P3A,54.18724883,22.9901278,22.82262337,sandy clay loam,1.688073115,0.441692861,0.78,NA,0.05,22.31404959,1.082536693,NA,NA,NA,NA,NA,NA,NA,0.666737412,33.00711744,20.92198582,NA,32.77900961,70.90747331,131.3829787,715.1865246,2.082802728,NA,NA,,NC-183-SWSHA-P3A-20_36-03192018,,NA,265,Bt,20,50,CeH3,a,NA,-78.67191,35.73246,NA,Cecil,26,SHM - forage,SHM,FORAGE,Perennial,hay 3,hay,AG-FORAGE,Lake Wheeler,NCState,Cecil,NA,NA,0.78,Bt,1.688073115,0.78,0,30,1,39.500910891000004
266,CeH3-1-5,CeH3-1,5,P3A,55.60595963,16.37504701,28.01899336,sandy clay loam,1.879786612,0.602848609,0.33,NA,0.03,7.339449541,0.458862567,NA,NA,NA,NA,NA,NA,NA,0.500053059,7.028469751,6.560283688,NA,26.75905395,46.2633452,27.83687943,714.2443852,0.490075186,NA,NA,,NC-183-SWSHA-P3A-36_100-03192018,,NA,266,BC1,50,77,CeH3,a,NA,-78.67191,35.73246,NA,Cecil,26,SHM - forage,SHM,FORAGE,Perennial,hay 3,hay,AG-FORAGE,Lake Wheeler,NCState,Cecil,NA,NA,0.33,BC,1.879786612,0.33,0,27,1,16.74889871292
267,CeH3-2-1,CeH3-2,1,P3B,72.5690573,19.2246121,8.206330598,sandy loam,1.366367923,0.336256501,1.69,NA,0.16,72.90836653,1.965715539,NA,NA,NA,NA,NA,NA,NA,1.501246249,404.1992883,109.929078,254.5744681,240.1256467,368.9679715,288.4397163,717.4476589,9.318012124,NA,NA,,NC-183-SWSHA-P3B-0_5-03192018,18N05190,NA,267,Ap1,0,5,CeH3,b,NA,-78.67204,35.73285,NA,Cecil,26,SHM - forage,SHM,FORAGE,Perennial,hay 3,hay,AG-FORAGE,Lake Wheeler,NCState,Cecil,2,2.04,1.69,A,1.366367923,1.69,0,5,1,11.54580894935
268,CeH3-2-2,CeH3-2,2,P3B,74.71941973,16.92479459,8.355785682,sandy loam,1.602462913,0.300727054,0.93,NA,0.09,64.1025641,2.279184258,NA,NA,NA,NA,NA,NA,NA,1.130554742,183.683274,65.95744681,122.322695,92.77900961,177.633452,254.0425532,716.5226494,5.929907312,NA,NA,,NC-183-SWSHA-P3B-05_10-03192018,18N05191,NA,268,Ap2,5,10,CeH3,b,NA,-78.67204,35.73285,NA,Cecil,26,SHM - forage,SHM,FORAGE,Perennial,hay 3,hay,AG-FORAGE,Lake Wheeler,NCState,Cecil,1.3,1.3,0.93,A,1.602462913,0.93,0,5,1,7.451452545450001
269,CeH3-2-3,CeH3-2,3,P3B,69.77302124,12.97932276,17.247656,sandy loam,1.957064457,0.294620701,0.44,NA,0.04,23.7704918,1.576472431,NA,NA,NA,NA,NA,NA,NA,1.431311292,41.10320285,21.54255319,57.35815603,33.44789357,66.10320285,86.25886525,715.2721736,1.647568694,NA,NA,,NC-183-SWSHA-P3B-10_24-03192018,18N05192,NA,269,BA,10,24,CeH3,b,NA,-78.67204,35.73285,NA,Cecil,26,SHM - forage,SHM,FORAGE,Perennial,hay 3,hay,AG-FORAGE,Lake Wheeler,NCState,Cecil,0.5,0.47,0.44,B,1.957064457,0.44,0,14,1,12.05551705512
270,CeH3-2-4,CeH3-2,4,P3B,46.1176494,10.70851346,43.17383714,sandy clay,1.619852829,0.387180571,0.43,NA,0.04,32.47232472,1.574735764,NA,NA,NA,NA,NA,NA,NA,0.779068172,66.37010676,21.45390071,NA,49.96674058,85.85409253,129.6099291,715.3064332,0.968996563,NA,NA,,NC-183-SWSHA-P3B-24_46-03192018,,NA,270,Bt,24,44,CeH3,b,NA,-78.67204,35.73285,NA,Cecil,26,SHM - forage,SHM,FORAGE,Perennial,hay 3,hay,AG-FORAGE,Lake Wheeler,NCState,Cecil,NA,NA,0.43,Bt,1.619852829,0.43,0,20,1,13.9307343294
271,CeH3-3-1,CeH3-3,1,P3C,72.45598855,19.40220091,8.141810548,sandy loam,1.565720857,0.311034232,2.19,NA,0.2,85.04273504,1.743418349,NA,NA,NA,NA,NA,NA,NA,2.383948606,575.5782918,178.0141844,401.8085106,318.961229,626.4946619,337.9964539,717.6360868,10.22440867,NA,NA,,NC-183-SWSHA-P3C-0_5-03192018,18N05193,NA,271,Ap1,0,5,CeH3,c,NA,-78.67215,35.73325,NA,Cecil,26,SHM - forage,SHM,FORAGE,Perennial,hay 3,hay,AG-FORAGE,Lake Wheeler,NCState,Cecil,2.4,2.42,2.19,A,1.565720857,2.19,0,5,1,17.14464338415
272,CeH3-3-2,CeH3-3,2,P3C,67.88701911,18.08861489,14.024366,sandy loam,1.722511213,0.249554951,0.98,NA,0.09,18.69565217,2.877826714,NA,NA,NA,NA,NA,NA,NA,1.500159177,194.5373665,80.23049645,129.5212766,134.063643,204.3238434,302.2695035,716.7967263,4.257333844,NA,NA,,NC-183-SWSHA-P3C-05_10-03192018,18N05194,NA,272,Ap2,5,10,CeH3,c,NA,-78.67215,35.73325,NA,Cecil,26,SHM - forage,SHM,FORAGE,Perennial,hay 3,hay,AG-FORAGE,Lake Wheeler,NCState,Cecil,1.3,1.32,0.98,A,1.722511213,0.98,0,5,1,8.4403049437
273,CeH3-3-3,CeH3-3,3,P3C,66.19901551,15.37784778,18.42313671,sandy loam,1.884394526,0.249797473,0.59,NA,0.05,36.40350877,1.595072401,NA,NA,NA,NA,NA,NA,NA,1.079824722,36.83274021,20.39007092,25.79787234,50.17922458,102.5800712,133.6879433,715.6490293,2.667025248,NA,NA,,NC-183-SWSHA-P3C-10_20-03192018,18N05195,NA,273,A/B,10,20,CeH3,c,NA,-78.67215,35.73325,NA,Cecil,26,SHM - forage,SHM,FORAGE,Perennial,hay 3,hay,AG-FORAGE,Lake Wheeler,NCState,Cecil,0.7,0.72,0.59,B,1.884394526,0.59,0,10,1,11.1179277034
274,CeH3-3-4,CeH3-3,4,P3C,65.01208254,13.2691937,21.71872377,sandy clay loam,1.381085966,0.226227383,0.72,NA,0.05,20.25316456,1.235461059,NA,NA,NA,NA,NA,NA,NA,0.815303901,24.73309609,14.71631206,31.73758865,37.24945135,70.6405694,111.6134752,715.7860678,2.108577427,NA,NA,,NC-183-SWSHA-P3C-20_36-03192018,,NA,274,BCt,20,36,CeH3,c,NA,-78.67215,35.73325,NA,Cecil,26,SHM - forage,SHM,FORAGE,Perennial,hay 3,hay,AG-FORAGE,Lake Wheeler,NCState,Cecil,NA,NA,0.72,BC,1.381085966,0.72,0,16,1,15.91011032832
275,CeH3-3-5,CeH3-3,5,P3C,44.68144704,13.95825884,41.36029412,clay,1.915255428,0.723988257,0.15,NA,NA,14.71698113,0.661548479,NA,NA,NA,NA,NA,NA,NA,0.644995975,5.604982206,6.294326241,NA,32.67739576,52.40213523,32.62411348,714.792539,0.410530083,NA,NA,,NC-183-SWSHA-P3C-36_100-03192018,,NA,275,BCt,36,100,CeH3,c,NA,-78.67215,35.73325,NA,Cecil,26,SHM - forage,SHM,FORAGE,Perennial,hay 3,hay,AG-FORAGE,Lake Wheeler,NCState,Cecil,NA,NA,0.15,BC,1.915255428,0.15,0,64,1,18.3864521088
562,ASP10-1-1,ASP10-1,1,JEA-1A-ASP10,NA,NA,NA,,NA,4.986438556,2.18,NA,0.15838,55.63,1.810656287,NA,0.45,14.1,10.822,22.5,0.47,5.54,171.1,66.3937741,54.81251018,-0.790964449,8.082001258,85.54757649,5.932349045,343.3,6.849,NA,NA,,WA-075-SW-JEA-1A-ASP10-1-0_5-2018,19N01544,NA,562,Ap1a,0,5,ASP10,10,NA,-117.4595977,46.78836813,NA,Palouse,4,SHM - no-till,SHM,CROP,No-till,ASP10,ASP,AG-CROP,JEA,WashingtonState,Palouse,2.1,2.13,2.18,A,0.9951162790697674,2.18,0,5,1,10.846767441860464
563,ASP10-1-2,ASP10-1,2,JEA-1A-ASP10,NA,NA,NA,,NA,6.055508831,1.37,NA,0.12789,26.15,1.334189263,NA,0.33,8.84,12.2544,17.2,0.29,5.71,114.1,27.13115103,106.7077465,-1.23762828,57.91476028,67.52164974,93.84707373,138.2,4.0708,NA,NA,,WA-075-SW-JEA-1A-ASP10-2-5_10-2018,19N01545,NA,563,Ap1b,5,10,ASP10,10,NA,-117.4595977,46.78836813,NA,Palouse,4,SHM - no-till,SHM,CROP,No-till,ASP10,ASP,AG-CROP,JEA,WashingtonState,Palouse,1.5,1.53,1.37,A,0.9951162790697674,1.37,0,5,1,6.816546511627908
564,ASP10-1-3,ASP10-1,3,JEA-1A-ASP10,NA,NA,NA,,1.11,8.471690081,1.12,NA,0.10624,21.07,2.079554601,NA,0.51,4.09,13.564,43.8,0.31,6.7,97,77.28267586,-0.860057856,2.656195968,5.859979175,68.20873061,26.107145,91.1,2.8371,NA,NA,,WA-075-SW-JEA-1A-ASP10-3-10_33-18,19N01546,NA,564,Ap2,10,33,ASP10,10,NA,-117.4595977,46.78836813,NA,Palouse,4,SHM - no-till,SHM,CROP,No-till,ASP10,ASP,AG-CROP,JEA,WashingtonState,Palouse,1.1,1.08,1.12,A,1.11,1.12,0,23,1,28.593600000000006
565,ASP10-1-4,ASP10-1,4,JEA-1A-ASP10,NA,NA,NA,,1.03,12.06320944,0.48,NA,0.0694,13.27,0.449638835,NA,0.11,4.27,10.23,47.4,0.36,7.59,108.4,109.0248151,12.28768163,3.377892903,68.06414186,76.81203152,15.1462653,1.3,1.2466,NA,NA,,WA-075-SW-JEA-1A-ASP10-4-33_60-18,19N01547,NA,565,A,33,60,ASP10,10,NA,-117.4595977,46.78836813,NA,Palouse,4,SHM - no-till,SHM,CROP,No-till,ASP10,ASP,AG-CROP,JEA,WashingtonState,Palouse,0.5,0.53,0.48,A,1.03,0.48,0,27,1,13.3488
566,ASP10-1-5,ASP10-1,5,JEA-1A-ASP10,NA,NA,NA,,1.07,12.63489209,0.36,NA,0.05449,8.89,0.65259913,NA,0.16,2.9,9.6388,51.9,0.29,7.75,91.3,84.88314419,112.4953443,11.28983841,14.60294429,0.648131353,10.57516667,4.2,1.1383,NA,NA,,WA-075-SW-JEA-1A-ASP10-5-60_82-18,19N01548,NA,566,AB,60,82,ASP10,10,NA,-117.4595977,46.78836813,NA,Palouse,4,SHM - no-till,SHM,CROP,No-till,ASP10,ASP,AG-CROP,JEA,WashingtonState,Palouse,0.3,0.38,0.36,AB,1.07,0.36,0,22,1,8.4744
567,ASP10-1-6,ASP10-1,6,JEA-1A-ASP10,NA,NA,NA,,0.98,13.63329584,0.28,NA,0.04821,10.05,0.465093955,NA,0.11,0.63,1.993888342,35.7,0.39,7.96,119.8,40.02480219,22.78730739,8.692041252,33.19207165,55.25212701,1.588650334,0,0.7706,NA,NA,,WA-075-SW-JEA-1A-ASP10-6-82_106-18,,NA,567,Bw1,82,106,ASP10,10,NA,-117.4595977,46.78836813,NA,Palouse,4,SHM - no-till,SHM,CROP,No-till,ASP10,ASP,AG-CROP,JEA,WashingtonState,Palouse,NA,NA,0.28,Bw,0.98,0.28,0,24,1,6.585600000000001
568,ASP10-1-7,ASP10-1,7,JEA-1A-ASP10,NA,NA,NA,,1.41,14.244,0.17,NA,0.05166,4.6,16.138848,NA,3.96,2.93,5.6648,38.4,0.52,8.12,97,47.9168684,109.0492237,-1.7800433,4.629840671,60.72569834,6.054719326,0,0.8588,NA,NA,,,,NA,568,Bw2,106,122,ASP10,10,NA,-117.4595977,46.78836813,NA,Palouse,4,SHM - no-till,SHM,CROP,No-till,ASP10,ASP,AG-CROP,JEA,WashingtonState,Palouse,NA,NA,0.17,Bw,1.41,0.17,0,16,1,3.8352
569,ASP10-2-1,ASP10-2,1,JEA-1B-ASP10,NA,NA,NA,,NA,4.660754795,1.63,NA,0.12911,25.3,1.051020279,NA,0.26,3.14,4.3668,35.3,0.36,7.56,159.7,46.03036345,80.90404078,-2.118387896,53.27901,71.42320912,2.458579628,181.8,3.6796,NA,NA,,WA-075-SW-JEA-1B-ASP10-8-0_10-18,19N01549,NA,569,Ap1a,0,5,ASP10,10,NA,-117.4595978,46.788368,NA,Palouse,4,SHM - no-till,SHM,CROP,No-till,ASP10,ASP,AG-CROP,JEA,WashingtonState,Palouse,1.5,1.5,1.63,A,0.9951162790697674,1.63,0,5,1,8.110197674418604
570,ASP10-2-2,ASP10-2,2,JEA-1B-ASP10,NA,NA,NA,,NA,5.419029616,1.17,NA,0.10698,15.38,2.557539739,NA,0.63,3.28,6.9472,38.5,0.68,7.75,114.1,19.61264438,45.30254424,14.9352548,65.6002461,14.3534125,29.31843124,152.2,3.371,NA,NA,,WA-075-SW-JEA-1B-ASP10-9-5_10-18,19N01550,NA,570,Ap1b,5,10,ASP10,10,NA,-117.4595978,46.788368,NA,Palouse,4,SHM - no-till,SHM,CROP,No-till,ASP10,ASP,AG-CROP,JEA,WashingtonState,Palouse,7,7.02,1.17,A,0.9951162790697674,1.17,0,5,1,5.821430232558139
571,ASP10-2-3,ASP10-2,3,JEA-1B-ASP10,NA,NA,NA,,1.1,7.773471146,1,NA,0.09272,17.39,0.624217198,NA,0.15,3.97,11.7548,40.4,0.6,8.39,125.5,41.96055648,7.417655908,25.31373924,4.915751276,60.78346007,36.85538126,71.6,1.3436,NA,NA,,WA-075-SW-JEA-1B-ASP10-10-10_33-18,19N01551,NA,571,Ap2,10,32,ASP10,10,NA,-117.4595978,46.788368,NA,Palouse,4,SHM - no-till,SHM,CROP,No-till,ASP10,ASP,AG-CROP,JEA,WashingtonState,Palouse,0.8,0.93,1,A,1.1,1,0,22,1,24.200000000000003
572,ASP10-2-4,ASP10-2,4,JEA-1B-ASP10,NA,NA,NA,,1.23,9.164882227,0.44,NA,0.05901,22.21,1.7845329110000001,NA,0.44,6.62,18.654,38.5,0.49,8.46,131.2,70.29272007,90.89659285,17.61587898,34.68347271,5.570659142,31.11524368,15,0.633,NA,NA,,WA-075-SW-JEA-1B-ASP10-11-33_60-18,19N01552,NA,572,A,32,55,ASP10,10,NA,-117.4595978,46.788368,NA,Palouse,4,SHM - no-till,SHM,CROP,No-till,ASP10,ASP,AG-CROP,JEA,WashingtonState,Palouse,0.5,0.46,0.44,A,1.23,0.44,0,23,1,12.4476
573,ASP10-2-5,ASP10-2,5,JEA-1B-ASP10,NA,NA,NA,,1.06,9.794938918,0.23,NA,0.05386,10.28,4.507178032,NA,1.11,7.59,17.4428,8.5,0.52,8.48,119.8,58.77853585,8.234624482,-1.277673064,107.4640591,135.3657661,12.15060922,16,1.2958,NA,NA,,WA-075-SW-JEA-1B-ASP10-12-60_82-18,19N01553,NA,573,AB,55,84,ASP10,10,NA,-117.4595978,46.788368,NA,Palouse,4,SHM - no-till,SHM,CROP,No-till,ASP10,ASP,AG-CROP,JEA,WashingtonState,Palouse,0.2,0.2,0.23,AB,1.06,0.23,0,29,1,7.070200000000001
574,ASP10-2-6,ASP10-2,6,JEA-1B-ASP10,NA,NA,NA,,0.99,11.05538596,0.16,NA,0.04792,8.21,0.576096,NA,0.14,2.48,14.1136,44.9,0.26,8.41,125.5,29.04705901,44.77137034,-0.995954722,24.79364878,2.929953757,12.7357213,5.5,0.9489,NA,NA,,WA-075-SW-JEA-1BASP10-13-82_106-18,,NA,574,Bw1,84,108,ASP10,10,NA,-117.4595978,46.788368,NA,Palouse,4,SHM - no-till,SHM,CROP,No-till,ASP10,ASP,AG-CROP,JEA,WashingtonState,Palouse,NA,NA,0.16,Bw,0.99,0.16,0,24,1,3.8016000000000005
575,ASP10-2-7,ASP10-2,7,JEA-1B-ASP10,NA,NA,NA,,0.96,12.086,0.08,NA,0.03395,1.18,0.708288,NA,0.17,0.29,4.6672,34.7,0.29,8.36,136.9,23.86418348,24.59016077,14.10022851,97.61830731,10.93950141,10.60086452,0,0.6632,NA,NA,,,,NA,575,Bw2,108,122,ASP10,10,NA,-117.4595978,46.788368,NA,Palouse,4,SHM - no-till,SHM,CROP,No-till,ASP10,ASP,AG-CROP,JEA,WashingtonState,Palouse,NA,NA,0.08,Bw,0.96,0.08,0,14,1,1.0752
576,ASP10-3-1,ASP10-3,1,JEA-1C-ASP10,NA,NA,NA,,NA,5.153991201,0.77,NA,0.06686,11.03,4.796525403,NA,1.18,2.98,6.4596,29.2,0.23,7.01,142.6,55.19144282,24.56852087,18.46740918,78.03301814,33.82051519,20.38928365,326.1,2.1788,NA,NA,,WA-075-SW-JEA-1C-ASP10-15-0_5-18,19N01554,NA,576,Ap1a,0,5,ASP10,10,NA,-117.4595972,46.78836851,NA,Palouse,4,SHM - no-till,SHM,CROP,No-till,ASP10,ASP,AG-CROP,JEA,WashingtonState,Palouse,2.1,2.13,0.77,A,0.9951162790697674,0.77,0,5,1,3.8311976744186045
577,ASP10-3-2,ASP10-3,2,JEA-1C-ASP10,NA,NA,NA,,NA,6.021821234,0.67,NA,0.06634,4.71,1.38923674,NA,0.34,2.11,7.6352,41.9,0.86,6.96,136.9,95.92321325,65.02831279,2.866090048,73.89792935,36.08283641,46.31855828,295.1,1.697,NA,NA,,WA-075-SW-JEA-1C-ASP10-16-5_10-18,19N01555,NA,577,Ap1b,5,10,ASP10,10,NA,-117.4595972,46.78836851,NA,Palouse,4,SHM - no-till,SHM,CROP,No-till,ASP10,ASP,AG-CROP,JEA,WashingtonState,Palouse,1.1,1.07,0.67,A,0.9951162790697674,0.67,0,5,1,3.333639534883721
578,ASP10-3-3,ASP10-3,3,JEA-1C-ASP10,NA,NA,NA,,1.54,8.322608323,0.46,NA,0.05468,2.78,0.602076232,NA,0.15,0.88,8.8264,20.4,0.39,8.28,165.4,95.97687519,120.1159864,-1.594174065,6.330743988,70.76103097,4.096979668,71.8,1.3289,NA,NA,,WA-075-SW-JEA-1C-ASP10-17-10_27-18,19N01556,NA,578,Ap2,10,27,ASP10,10,NA,-117.4595972,46.78836851,NA,Palouse,4,SHM - no-till,SHM,CROP,No-till,ASP10,ASP,AG-CROP,JEA,WashingtonState,Palouse,0.6,0.61,0.46,A,1.54,0.46,0,17,1,12.0428
579,ASP10-3-4,ASP10-3,4,JEA-1C-ASP10,NA,NA,NA,,1,14.56179775,0.11,NA,0.03728,5.08,1.782087007,NA,0.44,3.18,15.5392,36.2,0.44,8.45,102.7,15.64325142,8.182905575,58.46964578,30.01002152,171.6784517,3.494604294,8.4,1.497,NA,NA,,WA-075-SW-JEA-1C-ASP10-18-27_51-18,19N01557,NA,579,A,27,51,ASP10,10,NA,-117.4595972,46.78836851,NA,Palouse,4,SHM - no-till,SHM,CROP,No-till,ASP10,ASP,AG-CROP,JEA,WashingtonState,Palouse,0.4,0.33,0.11,A,1,0.11,0,24,1,2.64
580,ASP10-3-5,ASP10-3,5,JEA-1C-ASP10,NA,NA,NA,,1.22,13.60544218,0.08,NA,0.01758,1.69,0.889825408,NA,0.22,2.29,9.6792,25.2,0.26,8.48,182.5,27.11186759,63.74230198,5.653085058,4.315137161,13.47457794,3.124984612,9.8,0.5283,NA,NA,,WA-075-SW-JEA-1C-ASP10-19-51_78-18,19N01558,NA,580,AB,51,78,ASP10,10,NA,-117.4595972,46.78836851,NA,Palouse,4,SHM - no-till,SHM,CROP,No-till,ASP10,ASP,AG-CROP,JEA,WashingtonState,Palouse,0.1,0.1,0.08,AB,1.22,0.08,0,27,1,2.6352
581,ASP10-3-6,ASP10-3,6,JEA-1C-ASP10,NA,NA,NA,,1.15,16.06025492,0.07,NA,0.02478,4.2,0.39168,NA,0.1,1.09,7.616,41.6,0.26,8.44,142.6,127.1435464,-0.547394916,112.9693713,87.1146892,0.731773752,5.421294969,0,0.3911,NA,NA,,WA-075-SW-JEA-1CASP10-20-78_105-18,,NA,581,Bw1,78,105,ASP10,10,NA,-117.4595972,46.78836851,NA,Palouse,4,SHM - no-till,SHM,CROP,No-till,ASP10,ASP,AG-CROP,JEA,WashingtonState,Palouse,NA,NA,0.07,Bw,1.15,0.07,0,27,1,2.1735
582,ASP10-3-7,ASP10-3,7,JEA-1C-ASP10,NA,NA,NA,,1.07,16.783,0.05,NA,0.03577,3.36,0.066912,NA,0.02,1.97,10.8684,41.9,0.23,8.51,154,66.53587854,25.3327227,146.527374,7.427515979,2.622420603,12.29711709,0,0.4651,NA,NA,,,,NA,582,Bw2,105,122,ASP10,10,NA,-117.4595972,46.78836851,NA,Palouse,4,SHM - no-till,SHM,CROP,No-till,ASP10,ASP,AG-CROP,JEA,WashingtonState,Palouse,NA,NA,0.05,Bw,1.07,0.05,0,17,1,0.9095000000000001
522,ASP2-1-1,ASP2-1,1,CK-1A-ASP2,NA,NA,NA,,0.76,4.340636627,2.8592,NA,0.19453,33.64,4.143359638,NA,1.02,8.41,12.44251426,36.7,0.44,4.92,302.3,92.32492971,49.98644567,11.3304166,11.3955559,3.332918425,2.971055524,530.8,7.4929,NA,NA,,WA-075-SW-CK-1A-ASP2-1-P1-0_5-2018,19N01487,NA,522,Ap1a,0,5,ASP2,1,NA,-117.0822114,46.78188975,NA,Palouse,5,SHM - no-till,SHM,CROP,No-till,ASP2,ASP,AG-CROP,CK,WashingtonState,Palouse,2.8,2.79,2.8592,A,0.76,2.8592,0,5,1,10.86496
523,ASP2-1-2,ASP2-1,2,CK-1A-ASP2,NA,NA,NA,,0.98,5.366464815,2.1884,NA,0.16226,28.06,4.031739063,NA,0.99,5.71,13.84593236,34,0.34,4.86,336.5,19.28753963,34.14606148,41.67016467,14.52105928,33.98543855,10.00942951,370,5.8065,NA,NA,,WA-075-SW-CK-1AASP2-2-P1-5_10-2018,19N01488,NA,523,Ap1b,5,10,ASP2,1,NA,-117.0822114,46.78188975,NA,Palouse,5,SHM - no-till,SHM,CROP,No-till,ASP2,ASP,AG-CROP,CK,WashingtonState,Palouse,2.4,2.4,2.1884,A,0.98,2.1884,0,5,1,10.72316
524,ASP2-1-3,ASP2-1,3,CK-1A-ASP2,NA,NA,NA,,1.35,8.770030316,1.8814,NA,0.13951,33.56,2.324196393,NA,0.57,11.7,21.43991424,39.4,0.26,5.68,319.4,62.38330053,6.221847173,18.69457857,95.12056811,6.510243466,22.34240583,205.9,4.6348,NA,NA,,WA-075-SW-CK1AASP2-3-P1-10_29-2018,19N01489,NA,524,Ap2,10,29,ASP2,1,NA,-117.0822114,46.78188975,NA,Palouse,5,SHM - no-till,SHM,CROP,No-till,ASP2,ASP,AG-CROP,CK,WashingtonState,Palouse,1.6,1.59,1.8814,A,1.35,1.8814,0,19,1,48.25791
525,ASP2-1-4,ASP2-1,4,CK-1A-ASP2,NA,NA,NA,,1.18,10.23417173,1.4542,NA,0.11498,15.4,0.420305284,NA,0.1,7.82,22.19636352,36,0.23,6.68,319.4,88.09193418,-2.546637,19.37496746,6.953981081,3.738044742,92.51517417,31.5,3.3878,NA,NA,,WA-075-SW-CK1AASP2-4-P1-29_65-2018,19N01490,NA,525,A,29,65,ASP2,1,NA,-117.0822114,46.78188975,NA,Palouse,5,SHM - no-till,SHM,CROP,No-till,ASP2,ASP,AG-CROP,CK,WashingtonState,Palouse,0.6,0.62,1.4542,A,1.18,1.4542,0,36,1,61.774415999999995
526,ASP2-1-5,ASP2-1,5,CK-1A-ASP2,NA,NA,NA,,1.09,9.910694838,0.98112,NA,0.08516,16.06,0.661612089,NA,0.16,11.18,21.51830388,34.1,0.26,7.11,319.4,36.74369553,43.03034891,4.150786722,61.84590536,2.956859262,1.589698201,515.5,1.4339,NA,NA,,WA-075-SW-CK1AASP25-P1-65_88-2018,19N01491,NA,526,AB,65,88,ASP2,1,NA,-117.0822114,46.78188975,NA,Palouse,5,SHM - no-till,SHM,CROP,No-till,ASP2,ASP,AG-CROP,CK,WashingtonState,Palouse,0.5,0.45,0.98112,AB,1.09,0.98112,0,23,1,24.596678400000002
527,ASP2-1-6,ASP2-1,6,CK-1A-ASP2,NA,NA,NA,,NA,13.2,0.72931,NA,0.06923,33.16,2.544457019,NA,0.63,29.55,26.06958768,24.5,0.34,7.17,325.1,14.99850282,24.70965371,30.82646212,100.0073551,0.641352992,6.322345088,225.7,0.8366,NA,NA,,,,NA,527,Bw1,88,122,ASP2,1,NA,-117.0822114,46.78188975,NA,Palouse,5,SHM - no-till,SHM,CROP,No-till,ASP2,ASP,AG-CROP,CK,WashingtonState,Palouse,NA,NA,0.72931,Bw,1.1125,0.72931,0,34,1,27.58615075
528,ASP2-2-1,ASP2-2,1,CK-1B-ASP2,NA,NA,NA,,0.51,4.782790309,2.6852,NA,0.1982,19.28,1.953784821,NA,0.48,5.17,9.55272115,48.6,0.44,5.22,330.8,26.66499426,46.26058723,2.676721994,96.84619903,6.288661121,12.30296086,224.9,5.716,NA,NA,,WA-075-SW-CK1B-ASP2-7-P2-0_5-2018,19N01492,NA,528,Ap1a,0,5,ASP2,2,NA,-117.0822114,46.78188975,NA,Palouse,5,SHM - no-till,SHM,CROP,No-till,ASP2,ASP,AG-CROP,CK,WashingtonState,Palouse,2.6,2.58,2.6852,A,0.51,2.6852,0,5,1,6.84726
529,ASP2-2-2,ASP2-2,2,CK-1B-ASP2,NA,NA,NA,,0.65,5.289567217,2.5545,NA,0.18868,21.26,1.138928604,NA,0.28,5.7,4.509083348,48.7,0.36,5.07,353.7,42.12026841,0.430357072,35.16510989,110.7618132,100.9583899,33.75015418,21.1,6.5284,NA,NA,,WA-075-SW-CK1B-ASP2-8-P2-5_10-2018,19N01493,NA,529,Ap1b,5,10,ASP2,2,NA,-117.0822114,46.78188975,NA,Palouse,5,SHM - no-till,SHM,CROP,No-till,ASP2,ASP,AG-CROP,CK,WashingtonState,Palouse,2.5,2.51,2.5545,A,0.65,2.5545,0,5,1,8.302125
530,ASP2-2-3,ASP2-2,3,CK-1B-ASP2,NA,NA,NA,,1.09,10.13186813,1.4813,NA,0.13748,56.7,15.3718262,NA,3.79,17.39,16.20133181,30.3,0.31,6.04,336.5,12.30108423,-3.311378228,55.64189985,5.987081481,5.394087349,11.89257961,11.1,3.0321,NA,NA,,WA-075-SW-CK1BASP2-9-P2-10_32-2018,19N01494,NA,530,Ap2,10,32,ASP2,2,NA,-117.0822114,46.78188975,NA,Palouse,5,SHM - no-till,SHM,CROP,No-till,ASP2,ASP,AG-CROP,CK,WashingtonState,Palouse,1.4,1.42,1.4813,A,1.09,1.4813,0,22,1,35.521574
531,ASP2-2-4,ASP2-2,4,CK-1B-ASP2,NA,NA,NA,,1.04,10.84442505,0.96083,NA,0.09892,58.98,4.959905106,NA,1.22,16.12,22.27297636,35.5,0.29,6.56,330.8,16.11602091,12.57455585,2.777465592,68.63833597,13.71389457,22.7629893,36.2,1.697,NA,NA,,WA-075-SW-CK1BASP2-9-P2-32_77-2018,19N01495,NA,531,A,32,77,ASP2,2,NA,-117.0822114,46.78188975,NA,Palouse,5,SHM - no-till,SHM,CROP,No-till,ASP2,ASP,AG-CROP,CK,WashingtonState,Palouse,1,0.98,0.96083,A,1.04,0.96083,0,45,1,44.966844
532,ASP2-2-5,ASP2-2,5,CK-1B-ASP2,NA,NA,NA,,1.2,12.4024091,0.49108,NA,0.06489,30.17,4.026433387,NA,0.99,11.81,23.72088373,33.9,0.7,7.05,325.1,125.9189001,5.252938613,95.20729276,21.12577968,33.95699867,1.631093047,482.1,0.9669,NA,NA,,WA-075-SW-CK1BASP2-9-P2-77_98-2018,19N01496,NA,532,AB,77,98,ASP2,2,NA,-117.0822114,46.78188975,NA,Palouse,5,SHM - no-till,SHM,CROP,No-till,ASP2,ASP,AG-CROP,CK,WashingtonState,Palouse,0.5,0.51,0.49108,AB,1.2,0.49108,0,21,1,12.375216000000002
533,ASP2-2-6,ASP2-2,6,CK-1B-ASP2,NA,NA,NA,,NA,16.444,0.28,NA,0.0526,1.84,0.442760976,NA,0.11,2.38,16.49874207,45.6,0.7,7.39,336.5,81.47481322,6.780127293,100.8990011,5.792982527,2.401269956,1.793428977,588.9,0.3907,NA,NA,,,,NA,533,Bw1,98,122,ASP2,2,NA,-117.0822114,46.78188975,NA,Palouse,5,SHM - no-till,SHM,CROP,No-till,ASP2,ASP,AG-CROP,CK,WashingtonState,Palouse,NA,NA,0.28,Bw,1.1125,0.28,0,24,1,7.476000000000001
534,ASP2-3-1,ASP2-3,1,CK-1C-ASP2,NA,NA,NA,,0.66,4.527518172,2.3962,NA,0.18069,19.62,0.99954859,NA,0.25,4.4,4.238054102,39.5,0.78,5.55,365.1,53.53384999,136.0864456,4.779400841,93.4795374,7.162067355,27.78779407,181,5.9827,NA,NA,,WA-075-SW-CK1C-ASP2-13-P3-0_5-2018,19N01497,NA,534,Ap1a,0,5,ASP2,2,NA,-117.0822114,46.78188975,NA,Palouse,5,SHM - no-till,SHM,CROP,No-till,ASP2,ASP,AG-CROP,CK,WashingtonState,Palouse,3,2.98,2.3962,A,0.66,2.3962,0,5,1,7.9074599999999995
535,ASP2-3-2,ASP2-3,2,CK-1C-ASP2,NA,NA,NA,,0.83,4.121162168,2.7359,NA,0.19725,28.94,3.376645934,NA,0.83,6.94,11.3609458,38.5,0.49,5.39,348,41.53201848,3.472295263,3.685572028,41.15119938,0.71505161,10.25391037,195.2,8.081,NA,NA,,WA-075-SW-CK1CASP2-14-P3-5_10-2018,19N01498,NA,535,Ap1b,5,10,ASP2,2,NA,-117.0822114,46.78188975,NA,Palouse,5,SHM - no-till,SHM,CROP,No-till,ASP2,ASP,AG-CROP,CK,WashingtonState,Palouse,2.3,2.34,2.7359,A,0.83,2.7359,0,5,1,11.353985
536,ASP2-3-3,ASP2-3,3,CK-1C-ASP2,NA,NA,NA,,1.18,5.056414542,2.319,NA,0.17358,21.61,7.468526846,NA,1.84,10.05,11.53003279,60.9,0.47,5.64,342.3,19.44493347,56.27711842,20.96794069,63.26379018,2.079553314,11.39221806,264.7,6.8527,NA,NA,,WA-075-SW-CK1CASP215-P3-10_39-2018,19N01499,NA,536,Ap2,10,39,ASP2,2,NA,-117.0822114,46.78188975,NA,Palouse,5,SHM - no-till,SHM,CROP,No-till,ASP2,ASP,AG-CROP,CK,WashingtonState,Palouse,1.8,1.79,2.319,A,1.18,2.319,0,29,1,79.35618
537,ASP2-3-4,ASP2-3,4,CK-1C-ASP2,NA,NA,NA,,1.28,8.524448291,1.541,NA,0.13712,49.2,12.82699195,NA,3.16,17.08,19.01840491,43.4,0.55,6.32,336.5,39.32244273,13.32581422,-2.039566884,16.5043802,18.09919779,87.28638684,150.8,4.2099,NA,NA,,WA-075-SW-CK1CASP216-P3-39_64-2018,19N01500,NA,537,A,39,64,ASP2,2,NA,-117.0822114,46.78188975,NA,Palouse,5,SHM - no-till,SHM,CROP,No-till,ASP2,ASP,AG-CROP,CK,WashingtonState,Palouse,1.6,1.61,1.541,A,1.28,1.541,0,25,1,49.312
538,ASP2-3-5,ASP2-3,5,CK-1C-ASP2,NA,NA,NA,,1.07,9.932181142,0.76323,NA,0.08921,58.66,3.712086629,NA,0.91,19.29,22.93509735,32.8,0.55,6.86,330.8,19.49525242,-0.841610487,2.991545023,55.07418625,2.276515064,28.68043679,184.8,1.5571,NA,NA,,WA-075-SW-CK1CASP217-P3-64_89-2018,19N01501,NA,538,AB,64,89,ASP2,2,NA,-117.0822114,46.78188975,NA,Palouse,5,SHM - no-till,SHM,CROP,No-till,ASP2,ASP,AG-CROP,CK,WashingtonState,Palouse,1,1.03,0.76323,AB,1.07,0.76323,0,25,1,20.4164025
539,ASP2-3-6,ASP2-3,6,CK-1C-ASP2,NA,NA,NA,,NA,11.98934281,0.39041,NA,0.05755,17.46,0.117961866,NA,0.03,2.98,16.76392828,44.4,1.01,7.49,319.4,110.7666925,66.34841507,19.46017579,75.2756069,2.66513365,28.11032479,240,0.8675,NA,NA,,WA-075-SW-CK1CASP218P3-89_108-2018,,NA,539,Bw1,89,108,ASP2,2,NA,-117.0822114,46.78188975,NA,Palouse,5,SHM - no-till,SHM,CROP,No-till,ASP2,ASP,AG-CROP,CK,WashingtonState,Palouse,NA,NA,0.39041,Bw,1.1125,0.39041,0,19,1,8.252291375
540,ASP2-3-7,ASP2-3,7,CK-1C-ASP2,NA,NA,NA,,NA,13.5828,0.52572,NA,0.06349,46.17,1.017937489,NA,0.25,24.05,26.4043034,28.4,1.35,7.86,319.4,118.4715537,180.4935641,16.41502166,111.5281473,5.392136918,48.23507965,575,0.5898,NA,NA,,,,NA,540,Bw2,108,122,ASP2,2,NA,-117.0822114,46.78188975,NA,Palouse,5,SHM - no-till,SHM,CROP,No-till,ASP2,ASP,AG-CROP,CK,WashingtonState,Palouse,NA,NA,0.52572,Bw,1.1125,0.52572,0,14,1,8.188089
583,ASP6-1-1,ASP6-1,1,KUI-1A-ASP6,NA,NA,NA,,0.99,8.813928183,2.58,NA,0.19,21.77,12.40780615,NA,3.05,8.75,13.62227369,42.5,0.75,5.75,330.8,13.36297206,3.152437428,5.762409199,76.84114627,1.001713449,3.642446361,25.4,6.0379,NA,NA,,ID-057-SW-KUI-1AASP6-1-P1-0_5-2018,19N01502,NA,583,Ap1a,0,5,ASP6,6,NA,-117.0822114,46.78188975,NA,Palouse,6,SHM - no-till,SHM,CROP,No-till,ASP6,ASP,AG-CROP,KU,WashingtonState,Palouse,2.5,2.54,2.58,A,0.99,2.58,0,5,1,12.771
584,ASP6-1-2,ASP6-1,2,KUI-1A-ASP6,NA,NA,NA,,1.02,12.54416961,1.69,NA,0.12,23.89,5.548117799,NA,1.36,11.46,20.66739462,42.2,0.44,5.97,308,77.90746,5.575556539,7.134984281,14.12579642,27.76332807,16.89400063,296.2,3.5767,NA,NA,,ID-057-SW-KUI1AASP6-2-P1-5_10-2018,19N01503,NA,584,Ap1b,5,10,ASP6,6,NA,-117.0822114,46.78188975,NA,Palouse,6,SHM - no-till,SHM,CROP,No-till,ASP6,ASP,AG-CROP,KU,WashingtonState,Palouse,1.8,1.8,1.69,A,1.02,1.69,0,5,1,8.619
585,ASP6-1-3,ASP6-1,3,KUI-1A-ASP6,NA,NA,NA,,1.13,11.27103632,1.5,NA,0.12,25.96,6.583615808,NA,1.62,10.78,18.48939795,42.9,0.44,6.03,313.7,12.39975597,2.764031229,-0.925953462,21.47990123,13.60926304,33.04193831,13.8,3.2692,NA,NA,,ID-057-SW-KUI1AASP63-P1-10_28-2018,19N01504,NA,585,Ap2,10,28,ASP6,6,NA,-117.0822114,46.78188975,NA,Palouse,6,SHM - no-till,SHM,CROP,No-till,ASP6,ASP,AG-CROP,KU,WashingtonState,Palouse,1.5,1.53,1.5,A,1.13,1.5,0,18,1,30.509999999999998
586,ASP6-1-4,ASP6-1,4,KUI-1A-ASP6,NA,NA,NA,,1.22,11.42666963,0.68,NA,0.07,14.77,3.081659168,NA,0.76,11.9,19.10586824,36.3,0.29,6.88,319.4,68.11250179,91.18045455,1.824207281,20.99327166,15.80713008,64.01717564,4.5,1.7918,NA,NA,,ID-057-SW-KUI-1AASP6-4P1-28_48-18,19N01505,NA,586,A,28,48,ASP6,6,NA,-117.0822114,46.78188975,NA,Palouse,6,SHM - no-till,SHM,CROP,No-till,ASP6,ASP,AG-CROP,KU,WashingtonState,Palouse,0.6,0.62,0.68,A,1.22,0.68,0,20,1,16.592
587,ASP6-1-5,ASP6-1,5,KUI-1A-ASP6,NA,NA,NA,,1.16,12.28265716,0.4,NA,0.06,4.64,0.678471054,NA,0.17,8.96,22.50715782,45.8,0.44,7.14,302.3,78.07567917,16.94450279,-2.08925703,9.746066609,80.31252831,19.35162895,1.9,0.9491,NA,NA,,ID-057-SW-KUI-1AASP6-5P1-48_72-18,19N01506,NA,587,AB,48,72,ASP6,6,NA,-117.0822114,46.78188975,NA,Palouse,6,SHM - no-till,SHM,CROP,No-till,ASP6,ASP,AG-CROP,KU,WashingtonState,Palouse,0.4,0.44,0.4,AB,1.16,0.4,0,24,1,11.136
588,ASP6-1-6,ASP6-1,6,KUI-1A-ASP6,NA,NA,NA,,1.23,13.09603761,0.26,NA,0.03,6.63,0.40235503,NA,0.1,6.53,21.42805718,45.7,0.52,7.26,302.3,69.12641741,172.7801952,12.89971697,12.81879149,57.74801173,2.919900298,2,0.9027,NA,NA,,ID-057-SW-KUI-1AASP6-6P1-72_92-18,,NA,588,Bw1,72,92,ASP6,6,NA,-117.0822114,46.78188975,NA,Palouse,6,SHM - no-till,SHM,CROP,No-till,ASP6,ASP,AG-CROP,KU,WashingtonState,Palouse,NA,NA,0.26,Bw,1.23,0.26,0,20,1,6.396000000000001
589,ASP6-1-7,ASP6-1,7,KUI-1A-ASP6,NA,NA,NA,,1.15,14.473333330000001,0.21,NA,0.04,3.8,1.956944689,NA,0.48,2.29,12.76459577,57.5,0.6,7.42,296.6,38.40222407,48.06893511,8.268872112,25.82649217,64.3685677,7.270316694,17.2,0.8444,NA,NA,,,,NA,589,Bw2,92,122,ASP6,6,NA,-117.0822114,46.78188975,NA,Palouse,6,SHM - no-till,SHM,CROP,No-till,ASP6,ASP,AG-CROP,KU,WashingtonState,Palouse,NA,NA,0.21,Bw,1.15,0.21,0,30,1,7.244999999999999
590,ASP6-2-1,ASP6-2,1,KUI-1B-ASP6,NA,NA,NA,,0.87,8.254716981,2.41,NA,0.18,40.9,13.79673011,NA,3.4,10.21,16.59222591,35,0.52,5.79,290.9,137.0804145,0.232485233,0.586745766,14.25185817,38.24977849,37.30700995,337.2,6.0444,NA,NA,,ID-057-SW-KUI-1B-ASP6-8-P2-0_5-18,19N01507,NA,590,Ap1a,0,5,ASP6,6,NA,-117.0822114,46.78188975,NA,Palouse,6,SHM - no-till,SHM,CROP,No-till,ASP6,ASP,AG-CROP,KU,WashingtonState,Palouse,2.5,2.52,2.41,A,0.87,2.41,0,5,1,10.483500000000001
591,ASP6-2-2,ASP6-2,2,KUI-1B-ASP6,NA,NA,NA,,0.7,10.31537451,2.04,NA,0.16,29.24,9.446528093,NA,2.33,13.09,13.2956922,38.1,0.49,5.81,308,40.56562803,-0.574658787,18.58758707,19.65888135,63.90671196,13.90502929,276.6,4.9205,NA,NA,,ID-057-SW-KUI-1B-ASP6-9-P2-5_10-18,19N01508,NA,591,Ap1b,5,10,ASP6,6,NA,-117.0822114,46.78188975,NA,Palouse,6,SHM - no-till,SHM,CROP,No-till,ASP6,ASP,AG-CROP,KU,WashingtonState,Palouse,2.1,2.05,2.04,A,0.7,2.04,0,5,1,7.14
592,ASP6-2-3,ASP6-2,3,KUI-1B-ASP6,NA,NA,NA,,1.05,11.05716177,1.51,NA,0.11,37.26,17.15303311,NA,4.23,14.21,18.64890162,34.3,0.47,6.24,325.1,79.54422343,-1.644403344,103.3374172,6.791513367,92.8687578,25.00729762,191.9,6.1582,NA,NA,,ID-057-SW-KUI-1BASP6-10P2-10_33-18,19N01509,NA,592,Ap2,10,33,ASP6,6,NA,-117.0822114,46.78188975,NA,Palouse,6,SHM - no-till,SHM,CROP,No-till,ASP6,ASP,AG-CROP,KU,WashingtonState,Palouse,1.6,1.61,1.51,A,1.05,1.51,0,23,1,36.4665
593,ASP6-2-4,ASP6-2,4,KUI-1B-ASP6,NA,NA,NA,,0.6,11.0816777,0.97,NA,0.08,47.76,17.52198957,NA,4.32,15.64,18.13669217,40.3,0.36,6.91,302.3,22.86434316,5.723822989,49.29339584,37.34952949,9.265307861,22.53529968,71.1,1.9,NA,NA,,ID-057-SW-KUI-1BASP6-11P2-33_57-18,19N01510,NA,593,A,33,57,ASP6,6,NA,-117.0822114,46.78188975,NA,Palouse,6,SHM - no-till,SHM,CROP,No-till,ASP6,ASP,AG-CROP,KU,WashingtonState,Palouse,1.2,1.18,0.97,A,0.6,0.97,0,24,1,13.968
594,ASP6-2-5,ASP6-2,5,KUI-1B-ASP6,NA,NA,NA,,1.18,11.11111111,0.65,NA,0.07,16.5,7.245040519,NA,1.79,10.17,17.08017404,30.9,0.49,7.29,296.6,173.5174061,-1.909634299,1.522666425,4.286001093,16.27699878,20.61905782,13.9,1.4798,NA,NA,,ID-057-SW-KUI-1BASP6-12P2-57_88-18,19N01511,NA,594,AB,57,88,ASP6,6,NA,-117.0822114,46.78188975,NA,Palouse,6,SHM - no-till,SHM,CROP,No-till,ASP6,ASP,AG-CROP,KU,WashingtonState,Palouse,0.7,0.68,0.65,AB,1.18,0.65,0,31,1,23.777
595,ASP6-2-6,ASP6-2,6,KUI-1B-ASP6,NA,NA,NA,,1.1,14.53976091,0.5,NA,0.05,10.31,2.291304696,NA,0.57,8.84,23.38972882,32.6,0.55,7.39,302.3,89.7069368,26.60440891,67.02738926,16.39268326,56.0171271,44.89874,52.3,0.8661,NA,NA,,ID-057-SW-KUI-1BASP613P2-88_106-18,,NA,595,Bw1,88,106,ASP6,6,NA,-117.0822114,46.78188975,NA,Palouse,6,SHM - no-till,SHM,CROP,No-till,ASP6,ASP,AG-CROP,KU,WashingtonState,Palouse,NA,NA,0.5,Bw,1.1,0.5,0,18,1,9.9
596,ASP6-2-7,ASP6-2,7,KUI-1B-ASP6,NA,NA,NA,,1.16,16.23375,0.38,NA,0.07,36.39,6.987416302,NA,1.73,15.23,26.85935538,22.4,0.42,7.47,319.4,66.29260938,55.84946644,64.22085561,7.357218851,10.07475437,29.85142813,0,0.837,NA,NA,,,,NA,596,Bw2,106,122,ASP6,6,NA,-117.0822114,46.78188975,NA,Palouse,6,SHM - no-till,SHM,CROP,No-till,ASP6,ASP,AG-CROP,KU,WashingtonState,Palouse,NA,NA,0.38,Bw,1.16,0.38,0,16,1,7.0527999999999995
597,ASP6-3-1,ASP6-3,1,KUI-1C-ASP6,NA,NA,NA,,1.07,8.304867635,2.69,NA,0.2,35.56,54.15938527,NA,13.35,15.13,19.00006,16,0.42,5.55,296.6,49.55931496,-0.049707725,13.50164001,3.232268081,44.77533905,64.86118973,369.2,6.4906,NA,NA,,ID-057-SW-KUI-1C-ASP6-15-P3-0_5-18,19N01512,NA,597,Ap1a,0,5,ASP6,6,NA,-117.0822114,46.78188975,NA,Palouse,6,SHM - no-till,SHM,CROP,No-till,ASP6,ASP,AG-CROP,KU,WashingtonState,Palouse,2.5,2.54,2.69,A,1.07,2.69,0,5,1,14.3915
598,ASP6-3-2,ASP6-3,2,KUI-1C-ASP6,NA,NA,NA,,1.05,9.130529527,1.87,NA,0.14,35.37,42.97615649,NA,10.58,12.81,17.50301983,30.7,0.36,5.58,319.4,29.794486590000002,-0.113692038,23.47104124,5.031596403,71.58582785,67.56816729,140.1,4.2537,NA,NA,,ID-057-SW-KUI-1CASP6-16P3-10_33-18,19N01513,NA,598,Ap1b,5,10,ASP6,6,NA,-117.0822114,46.78188975,NA,Palouse,6,SHM - no-till,SHM,CROP,No-till,ASP6,ASP,AG-CROP,KU,WashingtonState,Palouse,1.8,1.8,1.87,A,1.05,1.87,0,5,1,9.8175
599,ASP6-3-3,ASP6-3,3,KUI-1C-ASP6,NA,NA,NA,,1.12,9.750219106,1.84,NA,0.14,33.74,74.04932545,NA,18.22,17.54,17.3033627,15.5,0.31,5.8,330.8,49.21919396,33.93918976,48.14105043,4.89797417,52.96162127,65.92630367,167.4,3.6335,NA,NA,,ID-057-SW-KUI-1C-ASP6-17P3-5_10-18,19N01514,NA,599,Ap2,10,28,ASP6,6,NA,-117.0822114,46.78188975,NA,Palouse,6,SHM - no-till,SHM,CROP,No-till,ASP6,ASP,AG-CROP,KU,WashingtonState,Palouse,1.8,1.79,1.84,A,1.12,1.84,0,18,1,37.09440000000001
600,ASP6-3-4,ASP6-3,4,KUI-1C-ASP6,NA,NA,NA,,0.85,10.30542738,1.31,NA,0.1,46.65,6.31672466,NA,1.55,11.35,14.75154783,34.7,0.21,6.63,330.8,20.69392318,49.84328044,79.53864935,29.16942586,66.28062591,38.26728239,23.7,2.5152,NA,NA,,ID-057-SW-KUI-1CASP6-18P3-33_57-18,19N01515,NA,600,A,28,61,ASP6,6,NA,-117.0822114,46.78188975,NA,Palouse,6,SHM - no-till,SHM,CROP,No-till,ASP6,ASP,AG-CROP,KU,WashingtonState,Palouse,1.3,1.32,1.31,A,0.85,1.31,0,33,1,36.7455
601,ASP6-3-5,ASP6-3,5,KUI-1C-ASP6,NA,NA,NA,,1.13,10.74180057,0.97,NA,0.09,46.84,4.521156757,NA,1.11,12.96,17.01170297,28.5,0.23,7.09,342.3,14.70807833,0.573183247,17.33266499,32.74762122,10.76459115,5.353196309,10.7,1.8955,NA,NA,,ID-057-SW-KUI-1CASP6-19P3-57_88-18,19N01516,NA,601,A,61,88,ASP6,6,NA,-117.0822114,46.78188975,NA,Palouse,6,SHM - no-till,SHM,CROP,No-till,ASP6,ASP,AG-CROP,KU,WashingtonState,Palouse,1,0.96,0.97,A,1.13,0.97,0,27,1,29.594699999999996
602,ASP6-3-6,ASP6-3,6,KUI-1C-ASP6,NA,NA,NA,,1.14,11.30834977,0.68,NA,0.07,32.47,4.10437732,NA,1.02,9.91,22.56135607,41.9,0.34,7.57,319.4,103.748829,10.50602663,187.9054543,6.961172049,10.86255191,33.22546525,125,0.9802,NA,NA,,ID-057-SW-KUI-1CASP620P3-88_106-18,,NA,602,AB,88,109,ASP6,6,NA,-117.0822114,46.78188975,NA,Palouse,6,SHM - no-till,SHM,CROP,No-till,ASP6,ASP,AG-CROP,KU,WashingtonState,Palouse,NA,NA,0.68,AB,1.14,0.68,0,21,1,16.2792
603,ASP6-3-7,ASP6-3,7,KUI-1C-ASP6,NA,NA,NA,,1.63,13.99757143,0.31,NA,0.05,15.27,0.342563225,NA,0.08,5.05,23.11445839,46.8,0.42,7.67,308,97.02980198,-3.209783142,126.1843525,15.59879644,40.28574171,5.499044137,0,0.4508,NA,NA,,,,NA,603,Bw1,109,122,ASP6,6,NA,-117.0822114,46.78188975,NA,Palouse,6,SHM - no-till,SHM,CROP,No-till,ASP6,ASP,AG-CROP,KU,WashingtonState,Palouse,NA,NA,0.31,Bw,1.63,0.31,0,13,1,6.568899999999999
663,ASP9-1-1,ASP9-1,1,PCFS3-1A-ASP9,NA,NA,NA,,0.91,7.764642665,3.0774,NA,0.24105,54.87,42.84594163,NA,15.22,11.17,19.3528,27.6,0.96,4.84,336.5,16.89444115,2.382505596,1.231487718,98.92042746,4.697904033,10.87486414,650.3,3.001,NA,NA,,WA-075-SW-PCFS3-1A-ASP9-1-0_5-2018,19N01472,NA,663,Ap1a,0,5,ASP9,9,NA,-117.2000596,46.75757137,NA,Palouse,7,SHM - no-till,SHM,CROP,No-till,ASP9,ASP,AG-CROP,PCF,WashingtonState,Palouse,3.4,3.39,3.0774,A,0.91,3.0774,0,5,1,14.00217
664,ASP9-1-2,ASP9-1,2,PCFS3-1A-ASP9,NA,NA,NA,,0.65,9.745030251,2.1789,NA,0.1724,61.68,23.11947634,NA,8.22,16.79,21.98029301,24.4,0.44,4.5,342.3,50.99387241,0.322464085,10.66122026,44.79238596,7.9370594,20.15962842,428.1,2.4649,NA,NA,,WA-075-SW-PCFS31AASP9-2-5_10-2018,19N01473,NA,664,Ap1b,5,10,ASP9,9,NA,-117.2000596,46.75757137,NA,Palouse,7,SHM - no-till,SHM,CROP,No-till,ASP9,ASP,AG-CROP,PCF,WashingtonState,Palouse,2.6,2.61,2.1789,A,0.65,2.1789,0,5,1,7.081425
665,ASP9-1-3,ASP9-1,3,PCFS3-1A-ASP9,NA,NA,NA,,1.05,14.15349887,1.5741,NA,0.13377,49.9,42.06586668,NA,14.95,24.31,12.25713303,30.8,0.47,5.15,313.7,16.08357444,95.85759752,-1.289943576,81.06327724,33.67786369,7.037614236,268.3,1.2993,NA,NA,,WA-075-SW-PCFS31AASP9-3-10_30-2018,19N01474,NA,665,Ap2,10,30,ASP9,9,NA,-117.2000596,46.75757137,NA,Palouse,7,SHM - no-till,SHM,CROP,No-till,ASP9,ASP,AG-CROP,PCF,WashingtonState,Palouse,1.7,1.66,1.5741,A,1.05,1.5741,0,20,1,33.0561
666,ASP9-1-4,ASP9-1,4,PCFS3-1A-ASP9,NA,NA,NA,,1.16,11.95051911,1.7764,NA,0.14559,77.46,33.80481663,NA,12,13.26,17.71959014,25.4,0.81,6.11,336.5,14.67848866,2.338849856,16.43005752,81.41290222,35.27510965,62.99485713,364.7,0.1604,NA,NA,,WA-075-SW-PCFS31AASP9-4-30_63-2018,19N01475,NA,666,A,30,63,ASP9,9,NA,-117.2000596,46.75757137,NA,Palouse,7,SHM - no-till,SHM,CROP,No-till,ASP9,ASP,AG-CROP,PCF,WashingtonState,Palouse,1.8,1.82,1.7764,A,1.16,1.7764,0,33,1,68.000592
667,ASP9-1-5,ASP9-1,5,PCFS3-1A-ASP9,NA,NA,NA,,1.12,12.08203299,1.3819,NA,0.13501,79.05,33.56194111,NA,11.92,31.43,16.41949788,24.2,0.44,6.5,313.7,50.35545288,2.521850481,75.47523771,158.547201,52.23088766,6.096915738,280.8,-0.212,NA,NA,,WA-075-SW-PCFS31AASP95-63_104-2018,19N01476,NA,667,AB,63,104,ASP9,9,NA,-117.2000596,46.75757137,NA,Palouse,7,SHM - no-till,SHM,CROP,No-till,ASP9,ASP,AG-CROP,PCF,WashingtonState,Palouse,1.5,1.53,1.3819,AB,1.12,1.3819,0,41,1,63.456848
668,ASP9-1-6,ASP9-1,6,PCFS3-1A-ASP9,NA,NA,NA,,1.06,15.981,1.1099,NA,0.0888,71.11,5.529188889,NA,1.97,15.14,15.828,37.2,0.73,6.98,365.1,70.08011254,-2.856285345,7.531977403,31.09418961,9.874012347,61.30397411,166,1.9829,NA,NA,,,,NA,668,Bw1,104,122,ASP9,9,NA,-117.2000596,46.75757137,NA,Palouse,7,SHM - no-till,SHM,CROP,No-till,ASP9,ASP,AG-CROP,PCF,WashingtonState,Palouse,NA,NA,1.1099,Bw,1.06,1.1099,0,18,1,21.176892000000002
669,ASP9-2-1,ASP9-2,1,PCFS3-1B-ASP9,NA,NA,NA,,1.07,12.8,2.5818,NA,0.21536,68.49,21.68118664,NA,7.7,9.8,12.0056,32.6,0.55,4.7,216.8,13.17429058,1.002054738,14.9126075,111.1584033,22.67733464,134.3284312,780,8.1892,NA,NA,,WA-075-SW-PCFS3-1B-ASP9-7-0_5-2018,19N01477,NA,669,Ap1a,0,5,ASP9,9,NA,-117.2000596,46.75757137,NA,Palouse,7,SHM - no-till,SHM,CROP,No-till,ASP9,ASP,AG-CROP,PCF,WashingtonState,Palouse,3.1,3.09,2.5818,A,1.07,2.5818,0,5,1,13.812629999999999
670,ASP9-2-2,ASP9-2,2,PCFS3-1B-ASP9,NA,NA,NA,,0.77,8.5,2.193,NA,0.1882,45.08,6.449272928,NA,2.29,11.17,16.55083058,39.6,0.73,4.52,216.8,15.50045893,15.25815627,-0.650260126,2.896465264,55.7139379,50.61886037,455.7,5.5101,NA,NA,,WA-075-SW-PCFS3-1B-ASP9-8-5_10-2018,19N01478,NA,670,Ap1b,5,10,ASP9,9,NA,-117.2000596,46.75757137,NA,Palouse,7,SHM - no-till,SHM,CROP,No-till,ASP9,ASP,AG-CROP,PCF,WashingtonState,Palouse,2.3,2.29,2.193,A,0.77,2.193,0,5,1,8.443050000000001
671,ASP9-2-3,ASP9-2,3,PCFS3-1B-ASP9,NA,NA,NA,,0.99,10,1.5876,NA,0.12869,38,25.82100988,NA,9.17,18.85,18.16411561,33.5,0.42,5.45,233.9,20.69785415,26.14414693,85.04612597,6.133120708,58.34095652,9.858086184,331.1,4.4558,NA,NA,,WA-075-SW-PCFS31BASP9-9-10_33-2018,19N01479,NA,671,Ap2,10,33,ASP9,9,NA,-117.2000596,46.75757137,NA,Palouse,7,SHM - no-till,SHM,CROP,No-till,ASP9,ASP,AG-CROP,PCF,WashingtonState,Palouse,1.6,1.61,1.5876,A,0.99,1.5876,0,23,1,36.149651999999996
672,ASP9-2-4,ASP9-2,4,PCFS3-1B-ASP9,NA,NA,NA,,1.27,10.6,1.2529,NA,0.10405,74.9,28.15908236,NA,10,30.35,16.186298,18.2,0.75,6.3,262.4,22.52255252,0.78935573,18.40674838,27.10484996,59.0521313,20.08902692,175,2.7364,NA,NA,,WA-075-SW-PCFS31BASP910-33_57-2018,19N01480,NA,672,A,33,57,ASP9,9,NA,-117.2000596,46.75757137,NA,Palouse,7,SHM - no-till,SHM,CROP,No-till,ASP9,ASP,AG-CROP,PCF,WashingtonState,Palouse,1.3,1.3,1.2529,A,1.27,1.2529,0,24,1,38.18839199999999
673,ASP9-2-5,ASP9-2,5,PCFS3-1B-ASP9,NA,NA,NA,,1.23,11.2,0.91909,NA,0.09247,56.13,31.32597337,NA,11.14,30.07,18.32355634,19.3,0.18,6.66,256.7,20.91306462,29.98539339,4.820347638,4.173501831,60.97901657,2.211957205,120.2,1.8913,NA,NA,,WA-075-SW-PCFS31BASP911-57_87-2018,19N01481,NA,673,AB,57,87,ASP9,9,NA,-117.2000596,46.75757137,NA,Palouse,7,SHM - no-till,SHM,CROP,No-till,ASP9,ASP,AG-CROP,PCF,WashingtonState,Palouse,0.9,0.92,0.91909,AB,1.23,0.91909,0,30,1,33.914421
674,ASP9-2-6,ASP9-2,6,PCFS3-1B-ASP9,NA,NA,NA,,1.14,12.2,0.55295,NA,0.07008,46.25,7.851857924,NA,2.8,23.22,17.05840484,37.1,0.23,6.86,268.1,28.357012310000002,84.32059384,17.53233896,16.02349034,108.6406489,1.488238462,0,1.3547,NA,NA,,WA-075-SW-PCFS31BASP91287_109-2018,,NA,674,Bw1,87,109,ASP9,9,NA,-117.2000596,46.75757137,NA,Palouse,7,SHM - no-till,SHM,CROP,No-till,ASP9,ASP,AG-CROP,PCF,WashingtonState,Palouse,NA,NA,0.55295,Bw,1.14,0.55295,0,22,1,13.867986
675,ASP9-2-7,ASP9-2,7,PCFS3-1B-ASP9,NA,NA,NA,,0.97,17.7,0.4585,NA,0.0653,20.74,2.178128783,NA,0.78,10.12,17.65075276,38.3,0.1,6.91,273.8,27.94796216,6.064881777,12.31316478,17.21986988,81.21157578,4.983339792,0,1.165,NA,NA,,,,NA,675,Bw2,109,122,ASP9,9,NA,-117.2000596,46.75757137,NA,Palouse,7,SHM - no-till,SHM,CROP,No-till,ASP9,ASP,AG-CROP,PCF,WashingtonState,Palouse,NA,NA,0.4585,Bw,0.97,0.4585,0,13,1,5.781685
676,ASP9-3-1,ASP9-3,1,PCFS3-1C-ASP9,NA,NA,NA,,1.07,10.28232133,3.3002,NA,0.2474,39.12,15.06172713,NA,5.35,11.79,13.6352,36.7,0.6,5.14,319.4,14.21152829,104.1452083,41.92049772,19.02403924,31.69723908,2.479566367,868.8,11.2846,NA,NA,,WA-075-SW-PCFS31C-ASP9-14-0_5-2018,19N01482,NA,676,Ap1a,0,5,ASP9,9,NA,-117.4236807,46.74504918,NA,Palouse,7,SHM - no-till,SHM,CROP,No-till,ASP9,ASP,AG-CROP,PCF,WashingtonState,Palouse,4,3.95,3.3002,A,1.07,3.3002,0,5,1,17.65607
677,ASP9-3-2,ASP9-3,2,PCFS3-1C-ASP9,NA,NA,NA,,0.58,9.122515125,1.9376,NA,0.16347,42.94,4.257100109,NA,1.51,14.03,15.88815697,41.6,0.36,4.56,273.8,16.69415678,25.61602841,2.511339878,16.44252847,13.34066448,8.41869022,384.8,5.8611,NA,NA,,WA-075-SW-PCFS31CASP9-15-5_10-2018,19N01483,NA,677,Ap1b,5,10,ASP9,9,NA,-117.4236807,46.74504918,NA,Palouse,7,SHM - no-till,SHM,CROP,No-till,ASP9,ASP,AG-CROP,PCF,WashingtonState,Palouse,1.9,1.91,1.9376,A,0.58,1.9376,0,5,1,5.61904
678,ASP9-3-3,ASP9-3,3,PCFS3-1C-ASP9,NA,NA,NA,,0.89,12.07674944,1.3138,NA,0.11551,36.8,22.14800474,NA,7.87,28.92,21.11340882,27.1,0.29,5.41,313.7,14.5233914,27.81865718,1.841438264,3.801179775,42.75290951,64.77282341,134.3,2.802,NA,NA,,WA-075-SW-PCFS31CASP916-10_29-2018,19N01484,NA,678,Ap2,10,29,ASP9,9,NA,-117.4236807,46.74504918,NA,Palouse,7,SHM - no-till,SHM,CROP,No-till,ASP9,ASP,AG-CROP,PCF,WashingtonState,Palouse,1.3,1.27,1.3138,A,0.89,1.3138,0,19,1,22.216358000000003
679,ASP9-3-4,ASP9-3,4,PCFS3-1C-ASP9,NA,NA,NA,,1.06,11.27525955,0.87273,NA,0.08938,19.71,11.15935951,NA,3.96,25.54,20.28448262,31.7,0.29,6.06,313.7,11.47664837,72.84909403,2.336115954,5.333570029,75.15774564,1.833212604,22.4,1.6223,NA,NA,,WA-075-SW-PCFS31CASP9-17-29_51-2018,19N01485,NA,679,A,29,51,ASP9,9,NA,-117.4236807,46.74504918,NA,Palouse,7,SHM - no-till,SHM,CROP,No-till,ASP9,ASP,AG-CROP,PCF,WashingtonState,Palouse,0.7,0.73,0.87273,A,1.06,0.87273,0,22,1,20.3520636
680,ASP9-3-5,ASP9-3,5,PCFS3-1C-ASP9,NA,NA,NA,,0.88,11.6410165,0.63752,NA,0.07657,14.22,14.13075256,NA,5,18.59,22.96557903,36.8,0.23,6.2,290.9,13.23454594,25.33187286,22.36742352,2.949039764,43.92163303,2.569784318,14,1.3475,NA,NA,,WA-075-SW-PCFS31CASP918-51_82-2018,19N01486,NA,680,AB,51,82,ASP9,9,NA,-117.4236807,46.74504918,NA,Palouse,7,SHM - no-till,SHM,CROP,No-till,ASP9,ASP,AG-CROP,PCF,WashingtonState,Palouse,0.5,0.5,0.63752,AB,0.88,0.63752,0,31,1,17.3915456
681,ASP9-3-6,ASP9-3,6,PCFS3-1C-ASP9,NA,NA,NA,,0.84,14.0905,0.40291,NA,0.05659,3.5,7.471024964,NA,2.66,7.96,22.29447097,41.7,0.29,6.36,285.2,46.45422915,0.91910027,-1.484683144,10.16092095,63.30048816,18.69897464,0,0.7993,NA,NA,,WA-075-SW-PCFS31CASP91982_106-2018,,NA,681,Bw1,82,106,ASP9,9,NA,-117.4236807,46.74504918,NA,Palouse,7,SHM - no-till,SHM,CROP,No-till,ASP9,ASP,AG-CROP,PCF,WashingtonState,Palouse,NA,NA,0.40291,Bw,0.84,0.40291,0,24,1,8.1226656
682,ASP9-3-7,ASP9-3,7,PCFS3-1C-ASP9,NA,NA,NA,,0.96,15.5,0.1583,NA,0.02362,2.22,0.00897487,NA,0,2.51,8.841935213,55.5,0.34,6.41,268.1,19.00675299,7.084135065,-1.110981333,5.879156761,59.07363885,2.386141849,0,0.7167,NA,NA,,,,NA,682,Bw2,106,122,ASP9,9,NA,-117.4236807,46.74504918,NA,Palouse,7,SHM - no-till,SHM,CROP,No-till,ASP9,ASP,AG-CROP,PCF,WashingtonState,Palouse,NA,NA,0.1583,Bw,0.96,0.1583,0,16,1,2.431488
604,BAU3-1-1,BAU3-1,1,KUI-2A-BAU3,NA,NA,NA,,0.77,7.42796158,2.05,NA,0.15,12.4,9.927222169,NA,2.44,9.35,14.04756381,28.5,0.57,6.13,325.1,88.51679472,65.86847891,0.039703535,25.37952236,90.48324555,1.511051432,279.4,4.3861,NA,NA,,ID-057-SW-KUI-2A-BAU3-1-P1-0_5-18,19N01517,NA,604,Ap1a,0,5,BAU3,3,NA,-117.0822114,46.78188975,NA,Palouse,17,BAU,BAU,CROP,Till,BAU3,BAU,AG-CROP,KU,WashingtonState,Palouse,2,1.95,2.05,A,0.77,2.05,0,5,1,7.892499999999999
605,BAU3-1-2,BAU3-1,2,KUI-2A-BAU3,NA,NA,NA,,0.71,8.478214209,1.65,NA,0.13,18.29,5.01582574,NA,1.23,8.94,16.80671597,39.4,0.94,6.18,319.4,53.89782022,26.891438,9.444823986,45.51175538,118.8171475,2.671856087,210.6,3.7809,NA,NA,,ID-057-SW-KUI-2A-BAU3-2-P1-5_10-18,19N01518,NA,605,Ap1b,5,10,BAU3,3,NA,-117.0822114,46.78188975,NA,Palouse,17,BAU,BAU,CROP,Till,BAU3,BAU,AG-CROP,KU,WashingtonState,Palouse,1.6,1.62,1.65,A,0.71,1.65,0,5,1,5.8575
606,BAU3-1-3,BAU3-1,3,KUI-2A-BAU3,NA,NA,NA,,1.06,10.8871851,0.93,NA,0.08,30.66,3.817729024,NA,0.93,17.88,23.49478769,25.2,0.55,6.93,330.8,23.63627816,76.20900754,33.61298252,11.33242249,57.91157518,11.3309197,71.1,2.2804,NA,NA,,ID-057-SW-KUI-2A-BAU3-3P1-10_34-18,19N01519,NA,606,Ap2,10,34,BAU3,3,NA,-117.0822114,46.78188975,NA,Palouse,17,BAU,BAU,CROP,Till,BAU3,BAU,AG-CROP,KU,WashingtonState,Palouse,1,1.03,0.93,A,1.06,0.93,0,24,1,23.659200000000002
607,BAU3-1-4,BAU3-1,4,KUI-2A-BAU3,NA,NA,NA,,1.06,11.35409764,0.47,NA,0.06,14.15,3.309685964,NA,0.81,6.18,14.87230145,42.5,0.47,7.38,330.8,31.66061279,93.55438681,106.2829169,17.69581424,27.89804529,54.92963061,2.8,1.4892,NA,NA,,ID-057-SW-KUI-2A-BAU3-4P1-34_70-18,19N01520,NA,607,A,34,70,BAU3,3,NA,-117.0822114,46.78188975,NA,Palouse,17,BAU,BAU,CROP,Till,BAU3,BAU,AG-CROP,KU,WashingtonState,Palouse,0.6,0.58,0.47,A,1.06,0.47,0,36,1,17.9352
608,BAU3-1-5,BAU3-1,5,KUI-2A-BAU3,NA,NA,NA,,1.09,12.29361892,0.44,NA,0.07,21.82,1.293756823,NA,0.32,5.27,16.70738681,24,0.57,7.77,336.5,23.43578307,2.193054756,86.70509933,6.615656863,83.16697875,2.251648995,1.3,0.8575,NA,NA,,ID-057-SW-KUI-2ABAU3-5P1-70_100-18,,NA,608,AB,70,100,BAU3,3,NA,-117.0822114,46.78188975,NA,Palouse,17,BAU,BAU,CROP,Till,BAU3,BAU,AG-CROP,KU,WashingtonState,Palouse,NA,NA,0.44,AB,1.09,0.44,0,30,1,14.388000000000002
609,BAU3-1-6,BAU3-1,6,KUI-2A-BAU3,NA,NA,NA,,1.06,13.872,0.41,NA,0.03,80.2,55.98531511,NA,13.72,30.39,16.61007866,17.4,0.65,7.9,342.3,45.9363346,89.47848226,60.81367663,7.145586877,3.473099761,4.00731849,0,0.4521,NA,NA,,,,NA,609,Bw1,100,122,BAU3,3,NA,-117.0822114,46.78188975,NA,Palouse,17,BAU,BAU,CROP,Till,BAU3,BAU,AG-CROP,KU,WashingtonState,Palouse,NA,NA,0.41,Bw,1.06,0.41,0,22,1,9.5612
610,BAU3-2-1,BAU3-2,1,KUI-2B-BAU3,NA,NA,NA,,0.72,6.783601014,1.75,NA,0.13,13.14,3.53683371,NA,0.87,3.19,10.7316527,42.5,0.42,5.84,308,23.34964471,128.7698575,5.848384824,77.21936041,69.85423867,1.981013306,239.1,3.8341,NA,NA,,ID-057-SW-KUI-2B-BAU3-7-P2-0_5-18,19N01521,NA,610,Ap1a,0,5,BAU3,3,NA,-117.4236809,46.74504916,NA,Palouse,17,BAU,BAU,CROP,Till,BAU3,BAU,AG-CROP,KU,WashingtonState,Palouse,1.8,1.76,1.75,A,0.72,1.75,0,5,1,6.3
611,BAU3-2-2,BAU3-2,2,KUI-2B-BAU3,NA,NA,NA,,0.67,10.11723838,1.33,NA,0.11,31.26,2.618476846,NA,0.64,10.14,18.82211317,39.7,0.55,6.32,319.4,86.4450126,82.52237913,-1.996975351,7.300193974,76.06647953,82.22480606,92.1,3.0691,NA,NA,,ID-057-SW-KUI-2B-BAU3-8-P2-5_10-18,19N01522,NA,611,Ap1b,5,10,BAU3,3,NA,-117.4236809,46.74504916,NA,Palouse,17,BAU,BAU,CROP,Till,BAU3,BAU,AG-CROP,KU,WashingtonState,Palouse,1.4,1.44,1.33,A,0.67,1.33,0,5,1,4.455500000000001
612,BAU3-2-3,BAU3-2,3,KUI-2B-BAU3,NA,NA,NA,,0.99,12.38542365,0.84,NA,0.07,23.62,4.706283413,NA,1.15,18.25,25.06457572,14.6,0.49,6.96,308,76.38929682,122.2476498,13.8974918,8.286170438,93.65535259,11.18004512,2.1,2.0479,NA,NA,,ID-057-SW-KUI-2B-BAU3-9P2-10_38-18,19N01523,NA,612,Ap2,10,38,BAU3,3,NA,-117.4236809,46.74504916,NA,Palouse,17,BAU,BAU,CROP,Till,BAU3,BAU,AG-CROP,KU,WashingtonState,Palouse,0.9,0.86,0.84,A,0.99,0.84,0,28,1,23.2848
613,BAU3-2-4,BAU3-2,4,KUI-2B-BAU3,NA,NA,NA,,1.15,12.59807218,0.56,NA,0.07,17.93,1.743535646,NA,0.43,10.51,22.33010874,20.3,0.68,7.25,330.8,117.0567621,51.68839733,-1.44037425,22.33086366,9.578734157,23.10435421,9.9,0.895,NA,NA,,ID-057-SW-KUI-2BBAU3-10P2-38_75-18,19N01524,NA,613,A,38,75,BAU3,3,NA,-117.4236809,46.74504916,NA,Palouse,17,BAU,BAU,CROP,Till,BAU3,BAU,AG-CROP,KU,WashingtonState,Palouse,0.5,0.52,0.56,A,1.15,0.56,0,37,1,23.828
614,BAU3-2-5,BAU3-2,5,KUI-2B-BAU3,NA,NA,NA,,1.14,15.47455296,0.51,NA,0.06,12.24,1.161681963,NA,0.28,8.37,22.91644173,34.1,0.55,7.46,313.7,19.15149722,20.45609782,0.244794689,4.589651762,47.45486105,3.598568253,4.7,0.9107,NA,NA,,ID-057-SW-KUI-2BBAU311P2-75_103-18,,NA,614,AB,75,103,BAU3,3,NA,-117.4236809,46.74504916,NA,Palouse,17,BAU,BAU,CROP,Till,BAU3,BAU,AG-CROP,KU,WashingtonState,Palouse,NA,NA,0.51,AB,1.14,0.51,0,28,1,16.279199999999996
615,BAU3-2-6,BAU3-2,6,KUI-2B-BAU3,NA,NA,NA,,1.12,16.5935,0.2,NA,0.02,5.57,1.339872,NA,0.33,4.53,17.0388,49,0.36,7.57,296.6,13.0355937,84.53759629,10.93857307,18.52227508,58.90691226,19.71889396,0,0.632,NA,NA,,,,NA,615,Bw1,103,122,BAU3,3,NA,-117.4236809,46.74504916,NA,Palouse,17,BAU,BAU,CROP,Till,BAU3,BAU,AG-CROP,KU,WashingtonState,Palouse,NA,NA,0.2,Bw,1.12,0.2,0,19,1,4.256
616,BAU3-3-1,BAU3-3,1,KUI-2C-BAU3,NA,NA,NA,,0.72,6.806615776,1.9,NA,0.14,17.91,3.860439531,NA,0.95,4.51,11.24199058,26.4,0.44,6.22,325.1,11.6185992,68.79980323,9.667618469,4.025501918,13.89118915,143.6576659,217.5,4.7738,NA,NA,,ID-057-SW-KUI-2C-BAU3-13-P3-0_5-18,19N01525,NA,616,Ap1a,0,5,BAU3,3,NA,-117.4236809,46.74504916,NA,Palouse,17,BAU,BAU,CROP,Till,BAU3,BAU,AG-CROP,KU,WashingtonState,Palouse,1.9,1.91,1.9,A,0.72,1.9,0,5,1,6.84
617,BAU3-3-2,BAU3-3,2,KUI-2C-BAU3,NA,NA,NA,,0.71,8.964186146,1.44,NA,0.11,27.86,5.829506484,NA,1.43,8.46,15.18225344,38.9,0.29,6.31,296.6,17.60542792,160.5168483,0.241063132,8.820383682,0.506391153,126.3877698,1,3.0698,NA,NA,,ID-057-SW-KUI-2C-BAU3-14P3-5_10-18,19N01526,NA,617,Ap1b,5,10,BAU3,3,NA,-117.4236809,46.74504916,NA,Palouse,17,BAU,BAU,CROP,Till,BAU3,BAU,AG-CROP,KU,WashingtonState,Palouse,1.4,1.43,1.44,A,0.71,1.44,0,5,1,5.112
618,BAU3-3-3,BAU3-3,3,KUI-2C-BAU3,NA,NA,NA,,1,10.28770706,0.86,NA,0.09,38.72,2.372158769,NA,0.58,9.61,19.09608632,25.7,0.39,6.7,319.4,13.73044633,34.75944687,12.4047292,3.264464196,27.2866955,46.37206395,89,1.6133,NA,NA,,ID-057-SW-KUI-2CBAU3-15P3-10_33-18,19N01527,NA,618,Ap2,10,33,BAU3,3,NA,-117.4236809,46.74504916,NA,Palouse,17,BAU,BAU,CROP,Till,BAU3,BAU,AG-CROP,KU,WashingtonState,Palouse,0.9,0.95,0.86,A,1,0.86,0,23,1,19.78
619,BAU3-3-4,BAU3-3,4,KUI-2C-BAU3,NA,NA,NA,,0.99,11.47104504,0.51,NA,0.06,13.39,2.308647585,NA,0.57,4.39,16.06779363,38.9,0.44,7.45,313.7,55.27303375,16.62875734,41.7123961,9.108836583,30.64595825,105.7164266,3.8,1.3744,NA,NA,,ID-057-SW-KUI-2CBAU3-16P3-33_72-18,19N01528,NA,619,A,33,72,BAU3,3,NA,-117.4236809,46.74504916,NA,Palouse,17,BAU,BAU,CROP,Till,BAU3,BAU,AG-CROP,KU,WashingtonState,Palouse,0.5,0.54,0.51,A,0.99,0.51,0,39,1,19.691100000000002
620,BAU3-3-5,BAU3-3,5,KUI-2C-BAU3,NA,NA,NA,,0.99,12.72163121,0.3,NA,0.06,19.09,0.929916389,NA,0.23,2.38,17.60707274,37.8,0.36,7.7,342.3,64.90068302,5.458530889,9.801560979,12.62441242,7.757101114,33.0949152,0,1.0951,NA,NA,,ID-057-SW-KUI-2CBAU3-17P3-72_94-18,,NA,620,AB,72,94,BAU3,3,NA,-117.4236809,46.74504916,NA,Palouse,17,BAU,BAU,CROP,Till,BAU3,BAU,AG-CROP,KU,WashingtonState,Palouse,NA,NA,0.3,AB,0.99,0.3,0,22,1,6.534
621,BAU3-3-6,BAU3-3,6,KUI-2C-BAU3,NA,NA,NA,,0.6,13.335,0.18,NA,0.04,8.76,1.15872,NA,0.28,6.13,19.0348,38.3,0.42,7.87,342.3,72.3690014,142.4519305,20.93613694,9.290930669,55.80675057,39.95379191,0,1.0976,NA,NA,,,,NA,621,Bw1,94,122,BAU3,3,NA,-117.4236809,46.74504916,NA,Palouse,17,BAU,BAU,CROP,Till,BAU3,BAU,AG-CROP,KU,WashingtonState,Palouse,NA,NA,0.18,Bw,0.6,0.18,0,28,1,3.024
622,BAU8-1-1,BAU8-1,1,LYM-1A-BAU8,NA,NA,NA,,NA,4.92447755,2.057,NA,0.15587,32.33,1.563545785,NA,0.39,1.65,6.492,22,0.81,7.18,159.7,22.89876274,86.21527327,25.95848402,80.81685315,89.50641113,4.837973885,210.5,5.6125,NA,NA,,WA-075-SW-LYM-1A-BAU8-1-0_5-18,19N01559,NA,622,Ap1a,0,5,BAU8,8,NA,-117.4236809,46.74504916,NA,Palouse,18,BAU,BAU,CROP,Till,BAU8,BAU,AG-CROP,LYM,WashingtonState,Palouse,2.2,2.18,2.057,A,0.9414814814814815,2.057,0,5,1,9.683137037037037
623,BAU8-1-2,BAU8-1,2,LYM-1A-BAU8,NA,NA,NA,,NA,4.625963742,2.215,NA,0.17249,67.86,2.24731899,NA,0.55,2.48,5.8112,30.1,0.83,7.19,159.7,136.8907383,88.53621548,34.74377495,7.29665222,8.610176883,17.95647646,173.8,6.4422,NA,NA,,WA-075-SW-LYM-1A-BAU8-2-5_10-18,19N01560,NA,623,Ap1b,5,10,BAU8,8,NA,-117.4236809,46.74504916,NA,Palouse,18,BAU,BAU,CROP,Till,BAU8,BAU,AG-CROP,LYM,WashingtonState,Palouse,2,2.04,2.215,A,0.9414814814814815,2.215,0,5,1,10.426907407407406
624,BAU8-1-3,BAU8-1,3,LYM-1A-BAU8,NA,NA,NA,,0.8,8.392818516,2.0668,NA,0.15629,49.94,1.454939156,NA,0.36,2.57,10.9828,28.2,0.44,7.73,148.3,76.66992818,30.47602501,18.67489449,47.1411003,29.36697399,12.56244298,204.2,5.2835,NA,NA,,WA-075-SW-LYM-1A-BAU8-3-10_29-18,19N01561,NA,624,Ap2,10,29,BAU8,8,NA,-117.4236809,46.74504916,NA,Palouse,18,BAU,BAU,CROP,Till,BAU8,BAU,AG-CROP,LYM,WashingtonState,Palouse,2.5,2.51,2.0668,A,0.8,2.0668,0,19,1,31.415360000000003
625,BAU8-1-4,BAU8-1,4,LYM-1A-BAU8,NA,NA,NA,,0.74,11.40506892,2.5018,NA,0.18148,52.37,1.065846409,NA,0.26,8.82,11.5172,33.7,0.42,7.72,159.7,64.58523648,47.19228137,127.7668136,74.17642318,100.5609864,92.07618734,195,4.5416,NA,NA,,WA-075-SW-LYM-1A-BAU8-4-29_79-18,19N01562,NA,625,A,29,79,BAU8,8,NA,-117.4236809,46.74504916,NA,Palouse,18,BAU,BAU,CROP,Till,BAU8,BAU,AG-CROP,LYM,WashingtonState,Palouse,2.5,2.53,2.5018,A,0.74,2.5018,0,50,1,92.5666
626,BAU8-1-5,BAU8-1,5,LYM-1A-BAU8,NA,NA,NA,,0.9,13.43450123,1.925,NA,0.14215,23.43,0.110976,NA,0.03,4.86,9.7752,21.3,0.91,8.05,159.7,215.7529528,215.9653659,40.73624634,9.418620391,62.481375130000004,4.826628297,76.1,3.2242,NA,NA,,WA-075-SW-LYM-1A-BAU8-5-79_106-18,,NA,626,AB,79,106,BAU8,8,NA,-117.4236809,46.74504916,NA,Palouse,18,BAU,BAU,CROP,Till,BAU8,BAU,AG-CROP,LYM,WashingtonState,Palouse,NA,NA,1.925,AB,0.9,1.925,0,27,1,46.7775
627,BAU8-1-6,BAU8-1,6,LYM-1A-BAU8,NA,NA,NA,,NA,14.222,1.3431,NA,0.10407,23.28,0.148512,NA,0.04,4.79,7.3808,19.9,0.75,8.14,188.2,166.9153445,73.6740838,12.57386649,91.57050005,92.14170045,1.551752442,25.3,3.1624,NA,NA,,,,NA,627,Bw1,106,122,BAU8,8,NA,-117.4236809,46.74504916,NA,Palouse,18,BAU,BAU,CROP,Till,BAU8,BAU,AG-CROP,LYM,WashingtonState,Palouse,NA,NA,1.3431,Bw,1.1014285714285714,1.3431,0,16,1,23.66925942857143
628,BAU8-2-1,BAU8-2,1,LYM-1B-BAU8,NA,NA,NA,,NA,5.64113239,2.0435,NA,0.16798,30.54,1.23007232,NA,0.3,2.24,9.058,10.6,0.55,6.83,171.1,57.19692007,149.9374094,13.45972331,7.878736917,86.49351729,16.45038578,143.2,12.6425,NA,NA,,WA-075-SW-LYM-1B-BAU8-7-0_5-18,19N01563,NA,628,Ap1a,0,5,BAU8,8,NA,-117.4236809,46.74504915,NA,Palouse,18,BAU,BAU,CROP,Till,BAU8,BAU,AG-CROP,LYM,WashingtonState,Palouse,2.1,2.14,2.0435,A,0.9414814814814815,2.0435,0,5,1,9.619587037037036
629,BAU8-2-2,BAU8-2,2,LYM-1B-BAU8,NA,NA,NA,,NA,4.728033473,1.9509,NA,0.1392,22.23,1.250599175,NA,0.31,2.12,7.8508,28.2,0.44,6.86,193.9,79.04431999,0.472016689,35.45860054,86.20280088,62.60925837,3.506653184,170.7,10.8725,NA,NA,,WA-075-SW-LYM-1B-BAU8-8-5_10-18,19N01564,NA,629,Ap1b,5,10,BAU8,8,NA,-117.4236809,46.74504915,NA,Palouse,18,BAU,BAU,CROP,Till,BAU8,BAU,AG-CROP,LYM,WashingtonState,Palouse,2.1,2.08,1.9509,A,0.9414814814814815,1.9509,0,5,1,9.183681111111111
630,BAU8-2-3,BAU8-2,3,LYM-1B-BAU8,NA,NA,NA,,0.98,7.880085653,1.811,NA,0.15128,35.45,0.11866674,NA,0.03,2.32,7.2244,28.6,0.7,6.88,188.2,100.5708247,11.67770131,-1.952589396,15.29497613,48.01849626,5.205892604,119.3,10.6183,NA,NA,,WA-075-SW-LYM-1B-BAU8-9-10_26-18,19N01565,NA,630,Ap2,10,26,BAU8,8,NA,-117.4236809,46.74504915,NA,Palouse,18,BAU,BAU,CROP,Till,BAU8,BAU,AG-CROP,LYM,WashingtonState,Palouse,2.1,2.11,1.811,A,0.98,1.811,0,16,1,28.396479999999997
631,BAU8-2-4,BAU8-2,4,LYM-1B-BAU8,NA,NA,NA,,NA,11.0866696,1.9217,NA,0.16224,33.94,0.914309364,NA,0.22,4.45,14.192,18.2,0.86,7.17,199.6,87.70308254,70.61748608,39.4818344,80.07525646,79.12761808,9.722670337,163.1,7.2147,NA,NA,,WA-075-SW-LYM-1B-BAU8-10-26_56-18,19N01566,NA,631,A,26,56,BAU8,8,NA,-117.4236809,46.74504915,NA,Palouse,18,BAU,BAU,CROP,Till,BAU8,BAU,AG-CROP,LYM,WashingtonState,Palouse,2,1.95,1.9217,A,0.9414814814814815,1.9217,0,30,1,54.27734888888889
632,BAU8-2-5,BAU8-2,5,LYM-1B-BAU8,NA,NA,NA,,0.9,11.59581571,2.6226,NA,0.18929,55.15,0.68742764,NA,0.17,6.93,9.7948,32.7,0.34,7.84,142.6,139.6740217,40.80527438,28.60573604,52.18307554,21.76023068,16.80439119,255.9,7.3603,NA,NA,,WA-075-SW-LYM-1B-BAU8-11-56_77-18,19N01567,NA,632,AB,56,77,BAU8,8,NA,-117.4236809,46.74504915,NA,Palouse,18,BAU,BAU,CROP,Till,BAU8,BAU,AG-CROP,LYM,WashingtonState,Palouse,3.2,3.21,2.6226,AB,0.9,2.6226,0,21,1,49.567139999999995
633,BAU8-2-6,BAU8-2,6,LYM-1B-BAU8,NA,NA,NA,,NA,13.76827897,2.1902,NA,0.15967,47.82,0.656064,NA,0.16,7.38,8.4416,20.8,0.26,8.1,131.2,99.03881422,176.2437617,40.49591569,55.45390612,40.80892761,87.05623151,57.7,4.4077,NA,NA,,WA-075-SW-LYM-1B-BAU8-12-77_96-18,,NA,633,Bw1,77,96,BAU8,8,NA,-117.4236809,46.74504915,NA,Palouse,18,BAU,BAU,CROP,Till,BAU8,BAU,AG-CROP,LYM,WashingtonState,Palouse,NA,NA,2.1902,Bw,1.1014285714285714,2.1902,0,19,1,45.83462828571428
634,BAU8-2-7,BAU8-2,7,LYM-1B-BAU8,NA,NA,NA,,NA,14.445,1.0746,NA,0.08301,33.44,0.80784,NA,0.2,6.66,9.752,8.6,0.23,8.35,119.8,49.1034392,87.88269025,-0.457472197,14.79653798,117.3356979,12.3942777,4.2,3.3062,NA,NA,,,,NA,634,Bw2,96,122,BAU8,8,NA,-117.4236809,46.74504915,NA,Palouse,18,BAU,BAU,CROP,Till,BAU8,BAU,AG-CROP,LYM,WashingtonState,Palouse,NA,NA,1.0746,Bw,1.1014285714285714,1.0746,0,26,1,30.773473714285718
635,BAU8-3-1,BAU8-3,1,LYM-1C-BAU8,NA,NA,NA,,NA,5.363904081,2.4254,NA,0.18565,35.4,3.639393645,NA,0.9,9.3,8.5676,32.3,0.31,7.05,188.2,120.3543663,54.41143113,54.1426535,3.536319871,55.13544477,17.09875096,60.9,11.9638,NA,NA,,WA-075-SW-LYM-1C-BAU8-14-0_5-18,19N01568,NA,635,Ap1a,0,5,BAU8,8,NA,-117.4236808,46.74504922,NA,Palouse,18,BAU,BAU,CROP,Till,BAU8,BAU,AG-CROP,LYM,WashingtonState,Palouse,2.2,2.25,2.4254,A,0.9414814814814815,2.4254,0,5,1,11.417345925925925
636,BAU8-3-2,BAU8-3,2,LYM-1C-BAU8,NA,NA,NA,,NA,6.558755518,2.1139,NA,0.1554,23.81,3.833517651,NA,0.94,6.13,10.1692,12.9,0.31,6.87,193.9,80.68227303,156.7273454,20.33964994,4.996627678,11.41708104,14.14555102,111.3,9.3475,NA,NA,,WA-075-SW-LYM-1C-BAU8-15-5_10-18,19N01569,NA,636,Ap1b,5,10,BAU8,8,NA,-117.4236808,46.74504922,NA,Palouse,18,BAU,BAU,CROP,Till,BAU8,BAU,AG-CROP,LYM,WashingtonState,Palouse,2.2,2.23,2.1139,A,0.9414814814814815,2.1139,0,5,1,9.95098851851852
637,BAU8-3-3,BAU8-3,3,LYM-1C-BAU8,NA,NA,NA,,1.54,7.313432836,1.9411,NA,0.1507,22.68,1.14689805,NA,0.28,3.57,16.8896,19,0.23,7.02,171.1,117.4941449,5.113766009,0.261171086,103.2761196,50.90693777,29.14016454,179.2,11.0098,NA,NA,,WA-075-SW-LYM-1C-BAU8-16-10_24-18,19N01570,NA,637,Ap2,10,24,BAU8,8,NA,-117.4236808,46.74504922,NA,Palouse,18,BAU,BAU,CROP,Till,BAU8,BAU,AG-CROP,LYM,WashingtonState,Palouse,2,2,1.9411,A,1.54,1.9411,0,14,1,41.850116
638,BAU8-3-4,BAU8-3,4,LYM-1C-BAU8,NA,NA,NA,,0.85,10.60705676,1.9273,NA,0.14156,39.77,2.558040845,NA,0.63,5,18.0796,12.6,0.29,7.47,182.5,105.2098665,64.43269397,73.41894073,81.91796992,48.95613141,41.06790738,150.2,9.4788,NA,NA,,WA-075-SW-LYM-1C-BAU8-17-24_62-18,19N01571,NA,638,A,24,62,BAU8,8,NA,-117.4236808,46.74504922,NA,Palouse,18,BAU,BAU,CROP,Till,BAU8,BAU,AG-CROP,LYM,WashingtonState,Palouse,2,1.99,1.9273,A,0.85,1.9273,0,38,1,62.25179
639,BAU8-3-5,BAU8-3,5,LYM-1C-BAU8,NA,NA,NA,,NA,11.18756937,1.6069,NA,0.13607,55.3,0.759506113,NA,0.19,5.78,10.6496,28.4,0.26,7.78,211.1,15.69792018,104.362814,15.29122307,3.898781256,3.443817318,42.61398618,134.2,7.1562,NA,NA,,WA-075-SW-LYM-1C-BAU8-18-62_85-18,19N01572,NA,639,AB,62,85,BAU8,8,NA,-117.4236808,46.74504922,NA,Palouse,18,BAU,BAU,CROP,Till,BAU8,BAU,AG-CROP,LYM,WashingtonState,Palouse,1.6,1.65,1.6069,AB,1.0425,1.6069,0,23,1,38.529444749999996
640,BAU8-3-6,BAU8-3,6,LYM-1C-BAU8,NA,NA,NA,,NA,12.36535009,1.1349,NA,0.10115,51.2,1.432896,NA,0.35,10.79,16.4692,25.7,0.23,8,199.6,95.80477242,44.43043196,14.69616148,37.08002892,1.591191099,4.895620073,56.9,5.7029,NA,NA,,WA-075-SW-LYM-1C-BAU8-19-85_108-18,,NA,640,Bw1,85,108,BAU8,8,NA,-117.4236808,46.74504922,NA,Palouse,18,BAU,BAU,CROP,Till,BAU8,BAU,AG-CROP,LYM,WashingtonState,Palouse,NA,NA,1.1349,Bw,1.1014285714285714,1.1349,0,23,1,28.750259571428572
641,BAU8-3-7,BAU8-3,7,LYM-1C-BAU8,NA,NA,NA,,NA,13.023,0.83987,NA,0.08117,58.69,4.377024,NA,1.07,13.42,19.796,19.5,0.23,8.09,182.5,97.1167531,-1.670756909,47.19258157,92.860725,112.8795756,24.53482338,45.2,4.3731,NA,NA,,,,NA,641,Bw2,108,122,BAU8,8,NA,-117.4236808,46.74504922,NA,Palouse,18,BAU,BAU,CROP,Till,BAU8,BAU,AG-CROP,LYM,WashingtonState,Palouse,NA,NA,0.83987,Bw,1.1014285714285714,0.83987,0,14,1,12.9507954
541,BAU9-1-1,BAU9-1,1,CK-2A-BAU9,NA,NA,NA,,0.79,4.5100451,1.4886,NA,0.12304,21.76,1.939003696,NA,0.48,3.63,7.722640815,29,0.39,5.58,325.1,545.3756475,1012.002893,1012.002893,800.4740205,2638.992267,857.132712,178.4,4.5998,NA,NA,,WA-075-SW-CK-2A-BAU9-1-P1-0_5-18,19N01529,NA,541,Ap1a,0,5,BAU9,9,NA,-117.0822114,46.78188975,NA,Palouse,19,BAU,BAU,CROP,Till,BAU9,BAU,AG-CROP,CK,WashingtonState,Palouse,1.8,1.79,1.4886,A,0.79,1.4886,0,5,1,5.87997
542,BAU9-1-2,BAU9-1,2,CK-2A-BAU9,NA,NA,NA,,0.75,4.729166667,1.3078,NA,0.11437,23.88,2.105113183,NA,0.52,2.91,8.104648884,40.4,0.36,5.35,342.3,591.8856592,2468.208703,2468.208703,446.4727833,1734.056483,850.795956,133.1,4.0828,NA,NA,,WA-075-SW-CK-2A-BAU9-2-P1-5_10-18,19N01530,NA,542,Ap1b,5,10,BAU9,9,NA,-117.0822114,46.78188975,NA,Palouse,19,BAU,BAU,CROP,Till,BAU9,BAU,AG-CROP,CK,WashingtonState,Palouse,1.3,1.36,1.3078,A,0.75,1.3078,0,5,1,4.90425
543,BAU9-1-3,BAU9-1,3,CK-2A-BAU9,NA,NA,NA,,1.31,6.93725409,1.1747,NA,0.09216,29.63,20.81330373,NA,5.13,7.47,18.01384296,39.8,0.26,6.24,325.1,1115.4805,1401.948786,1401.948786,467.9849633,661.9830257,1077.356841,48.9,2.6472,NA,NA,,WA-075-SW-CK-2A-BAU9-3-P1-10_33-18,19N01531,NA,543,Ap2,10,33,BAU9,9,NA,-117.0822114,46.78188975,NA,Palouse,19,BAU,BAU,CROP,Till,BAU9,BAU,AG-CROP,CK,WashingtonState,Palouse,0.9,0.91,1.1747,A,1.31,1.1747,0,23,1,35.393711
544,BAU9-1-4,BAU9-1,4,CK-2A-BAU9,NA,NA,NA,,1.2,7.560355781,0.94565,NA,0.08753,20.54,1.062325694,NA,0.26,12.36,20.83971572,38.6,0.26,6.96,342.3,30.39839744,27.96103981,-1.806710491,14.82642484,92.15505488,29.3285452,15.1,1.0919,NA,NA,,WA-075-SW-CK-2A-BAU9-4-P1-33_68-18,19N01532,NA,544,A,33,68,BAU9,9,NA,-117.0822114,46.78188975,NA,Palouse,19,BAU,BAU,CROP,Till,BAU9,BAU,AG-CROP,CK,WashingtonState,Palouse,0.6,0.65,0.94565,A,1.2,0.94565,0,35,1,39.717299999999994
545,BAU9-1-5,BAU9-1,5,CK-2A-BAU9,NA,NA,NA,,1.48,11.64126353,0.61908,NA,0.05915,9.1,0.713393964,NA,0.18,2.68,14.26171611,23.4,0.29,7.38,325.1,32.05517634,75.3894961,-1.942046027,4.041558397,60.70312643,29.15591903,3.2,1.0604,NA,NA,,WA-075-SW-CK-2A-BAU9-5-P1-68_89-18,19N01533,NA,545,AB,68,89,BAU9,9,NA,-117.0822114,46.78188975,NA,Palouse,19,BAU,BAU,CROP,Till,BAU9,BAU,AG-CROP,CK,WashingtonState,Palouse,0.5,0.49,0.61908,AB,1.48,0.61908,0,21,1,19.241006399999996
546,BAU9-1-6,BAU9-1,6,CK-2A-BAU9,NA,NA,NA,,1.24,12.24671565,0.37446,NA,0.04619,3.83,0.468529427,NA,0.12,3.81,15.46515022,46.5,0.31,7.49,365.1,50.36549491,40.72635732,1.003806524,4.702748335,23.34070776,36.56712459,7.3,0.9221,NA,NA,,WA-075-SW-CK-2A-BAU9-6P1-89_106-18,,NA,546,Bw1,89,106,BAU9,9,NA,-117.0822114,46.78188975,NA,Palouse,19,BAU,BAU,CROP,Till,BAU9,BAU,AG-CROP,CK,WashingtonState,Palouse,NA,NA,0.37446,Bw,1.24,0.37446,0,17,1,7.8936168
547,BAU9-1-7,BAU9-1,7,CK-2A-BAU9,NA,NA,NA,,1.26,13.343,0.22639,NA,0.03273,2.88,11.40315414,NA,2.82,8.25,9.95916343,15.9,0.29,7.75,365.1,41.46001526,97.11020147,-0.991498054,5.89776016,6.065319502,35.02573338,0,4.5374,NA,NA,,,,NA,547,Bw2,106,122,BAU9,9,NA,-117.0822114,46.78188975,NA,Palouse,19,BAU,BAU,CROP,Till,BAU9,BAU,AG-CROP,CK,WashingtonState,Palouse,NA,NA,0.22639,Bw,1.26,0.22639,0,16,1,4.5640224
548,BAU9-2-1,BAU9-2,1,CK-2B-BAU9,NA,NA,NA,,0.7,4.245671888,1.5816,NA,0.12801,20.36,0.390088499,NA,0.1,4.94,9.3848,7.8,0.52,5.71,245.3,137.0165618,52.63690862,3.715893793,4.402069622,12.68997837,53.50453477,203,4.3951,NA,NA,,WA-075-SW-CK-2B-BAU9-8-P2-0_5-18,19N01534,NA,548,Ap1a,0,5,BAU9,9,NA,-117.0822114,46.78188975,NA,Palouse,19,BAU,BAU,CROP,Till,BAU9,BAU,AG-CROP,CK,WashingtonState,Palouse,1.7,1.74,1.5816,A,0.7,1.5816,0,5,1,5.5356
549,BAU9-2-2,BAU9-2,2,CK-2B-BAU9,NA,NA,NA,,0.88,5.286343612,1.5013,NA,0.12264,18.21,1.331893954,NA,0.33,11.01,17.4128,27.9,0.31,5.59,245.3,42.98433828,18.28301711,23.25524801,11.08751766,72.77681216,66.12267951,180.6,2.0584,NA,NA,,WA-075-SW-CK-2B-BAU9-9-P2-5_10-18,19N01535,NA,549,Ap1b,5,10,BAU9,9,NA,-117.0822114,46.78188975,NA,Palouse,19,BAU,BAU,CROP,Till,BAU9,BAU,AG-CROP,CK,WashingtonState,Palouse,1.6,1.54,1.5013,A,0.88,1.5013,0,5,1,6.605720000000001
550,BAU9-2-3,BAU9-2,3,CK-2B-BAU9,NA,NA,NA,,1.38,5.788590604,1.1734,NA,0.0983,24.33,5.353326525,NA,1.32,15.69,22.8168,41.8,0.23,6.17,262.4,79.13602426,20.6832864,58.35022298,44.06044776,28.95164883,40.63430915,218.7,1.2306,NA,NA,,WA-075-SW-CK-2B-BAU9-10P2-10_31-18,19N01536,NA,550,Ap2,10,31,BAU9,9,NA,-117.0822114,46.78188975,NA,Palouse,19,BAU,BAU,CROP,Till,BAU9,BAU,AG-CROP,CK,WashingtonState,Palouse,1.2,1.2,1.1734,A,1.38,1.1734,0,21,1,34.005131999999996
551,BAU9-2-4,BAU9-2,4,CK-2B-BAU9,NA,NA,NA,,1.09,8.957478955,0.86227,NA,0.09369,39.23,10.46761842,NA,2.58,20.34,23.9784,25.5,0.13,7.12,268.1,31.50816717,11.68267259,5.121209482,4.833100572,46.99384547,41.27441279,145.5,0.7848,NA,NA,,WA-075-SW-CK-2B-BAU9-11-P231_60-18,19N01537,NA,551,A,31,60,BAU9,9,NA,-117.0822114,46.78188975,NA,Palouse,19,BAU,BAU,CROP,Till,BAU9,BAU,AG-CROP,CK,WashingtonState,Palouse,0.8,0.85,0.86227,A,1.09,0.86227,0,29,1,27.256354700000003
552,BAU9-2-5,BAU9-2,5,CK-2B-BAU9,NA,NA,NA,,0.69,10.86381666,0.57909,NA,0.07561,13.83,1.15283799,NA,0.28,7.5,18.6028,27.2,0.23,7.45,256.7,28.43726738,28.7227533,-2.144296472,4.608010776,8.987474133,54.32608485,78.8,0.9352,NA,NA,,WA-075-SW-CK-2B-BAU9-12P2-60_83-18,19N01538,NA,552,AB,60,83,BAU9,9,NA,-117.0822114,46.78188975,NA,Palouse,19,BAU,BAU,CROP,Till,BAU9,BAU,AG-CROP,CK,WashingtonState,Palouse,1,1.02,0.57909,AB,0.69,0.57909,0,23,1,9.1901583
553,BAU9-2-6,BAU9-2,6,CK-2B-BAU9,NA,NA,NA,,1.3,11.29597198,0.56826,NA,0.06523,11.08,8.833056,NA,2.19,5.57,8.3292,34.6,0.7,7.46,262.4,45.49659197,98.62453244,4.699118364,4.828428885,42.83238068,29.75419918,0,1.5847,NA,NA,,WA-075-SW-CK-2BBAU9-13P2-83_102-18,,NA,553,Bw1,83,103,BAU9,9,NA,-117.0822114,46.78188975,NA,Palouse,19,BAU,BAU,CROP,Till,BAU9,BAU,AG-CROP,CK,WashingtonState,Palouse,NA,NA,0.56826,Bw,1.3,0.56826,0,20,1,14.77476
554,BAU9-2-7,BAU9-2,7,CK-2B-BAU9,NA,NA,NA,,1.13,12.57,0.42772,NA,0.05579,27.21,1.233008,NA,0.31,5.31,10.4324,41.8,0.49,7.68,268.1,17.82664896,30.55595898,-0.576528838,11.90008834,28.41044657,50.03377585,0,5.3779,NA,NA,,,,NA,554,Bw2,103,122,BAU9,9,NA,-117.0822114,46.78188975,NA,Palouse,19,BAU,BAU,CROP,Till,BAU9,BAU,AG-CROP,CK,WashingtonState,Palouse,NA,NA,0.42772,Bw,1.13,0.42772,0,19,1,9.183148399999999
555,BAU9-3-1,BAU9-3,1,CK-2C-BAU9,NA,NA,NA,,0.99,4.709314441,1.6908,NA,0.13449,15.58,15.03706309,NA,3.72,20.1,18.674,18.9,0.62,5.63,325.1,39.39446615,79.35439187,0.552317942,7.882867476,14.58935873,58.75764805,27.9,5.1286,NA,NA,,WA-075-SW-CK-2C-BAU9-15-P3-0_5-18,19N01539,NA,555,Ap1a,0,5,BAU9,9,NA,-117.0822114,46.78188975,NA,Palouse,19,BAU,BAU,CROP,Till,BAU9,BAU,AG-CROP,CK,WashingtonState,Palouse,1.7,1.74,1.6908,A,0.99,1.6908,0,5,1,8.36946
556,BAU9-3-2,BAU9-3,2,CK-2C-BAU9,NA,NA,NA,,0.87,5.601659751,1.5988,NA,0.1354,18.78,9.316705045,NA,2.3,22.32,25.5524,26.2,0.52,5.47,279.5,30.3239794,76.0060321,-0.136368262,15.03256938,59.22513239,41.73750536,152,4.2416,NA,NA,,WA-075-SW-CK-2C-BAU9-16-P3-5_10-18,19N01540,NA,556,Ap1b,5,10,BAU9,9,NA,-117.0822114,46.78188975,NA,Palouse,19,BAU,BAU,CROP,Till,BAU9,BAU,AG-CROP,CK,WashingtonState,Palouse,1.7,1.72,1.5988,A,0.87,1.5988,0,5,1,6.95478
557,BAU9-3-3,BAU9-3,3,CK-2C-BAU9,NA,NA,NA,,NA,7.412914189,1.3883,NA,0.10414,44.59,25.0584423,NA,6.19,19.39,21.21,9.9,0.62,5.54,319.4,23.92689141,43.73501391,1.211986833,3.301922886,33.73525596,29.03413176,144.9,2.3524,NA,NA,,WA-075-SW-CK-2C-BAU9-17P3-10_31-18,19N01541,NA,557,Ap2,10,30,BAU9,9,NA,-117.0822114,46.78188975,NA,Palouse,19,BAU,BAU,CROP,Till,BAU9,BAU,AG-CROP,CK,WashingtonState,Palouse,1.6,1.57,1.3883,A,0.9414814814814815,1.3883,0,20,1,26.141174814814818
558,BAU9-3-4,BAU9-3,4,CK-2C-BAU9,NA,NA,NA,,NA,8.444635933,1.1153,NA,0.10618,34.09,1.402036368,NA,0.35,7.69,16.316,36.3,0.86,6.53,330.8,28.87182534,26.43733318,-1.05430119,5.588157491,46.82521974,49.26485489,85.8,2.9886,NA,NA,,WA-075-SW-CK-2C-BAU9-18P3-31_60-18,19N01542,NA,558,A,30,59,BAU9,9,NA,-117.0822114,46.78188975,NA,Palouse,19,BAU,BAU,CROP,Till,BAU9,BAU,AG-CROP,CK,WashingtonState,Palouse,1.3,1.3,1.1153,A,0.9414814814814815,1.1153,0,29,1,30.450994592592593
559,BAU9-3-5,BAU9-3,5,CK-2C-BAU9,NA,NA,NA,,1.15,10.71116928,0.64053,NA,0.07371,15.46,2.994104713,NA,0.74,4.84,15.0464,38.7,0.6,7.45,308,20.79241748,63.18456711,3.397212587,13.55952291,55.27532526,42.10475276,6.2,1.4666,NA,NA,,WA-075-SW-CK-2C-BAU9-19P3-60_83-18,19N01543,NA,559,AB,59,86,BAU9,9,NA,-117.0822114,46.78188975,NA,Palouse,19,BAU,BAU,CROP,Till,BAU9,BAU,AG-CROP,CK,WashingtonState,Palouse,0.6,0.61,0.64053,AB,1.15,0.64053,0,27,1,19.8884565
560,BAU9-3-6,BAU9-3,6,CK-2C-BAU9,NA,NA,NA,,NA,10.76005303,0.48216,NA,0.05863,6.71,1.229776,NA,0.3,14.53,26.546,34.8,0.81,7.52,290.9,15.43328627,69.50313861,65.69392425,15.9767709,4.635806547,28.25993007,0,1.55,NA,NA,,WA-075-SW-CK-2CBAU9-20P3-83_102-18,,NA,560,Bw1,86,102,BAU9,9,NA,-117.0822114,46.78188975,NA,Palouse,19,BAU,BAU,CROP,Till,BAU9,BAU,AG-CROP,CK,WashingtonState,Palouse,NA,NA,0.48216,Bw,1.1014285714285714,0.48216,0,16,1,8.4970368
561,BAU9-3-7,BAU9-3,7,CK-2C-BAU9,NA,NA,NA,,NA,11.023,0.2709,NA,0.03326,6.96,1.221696,NA,0.3,5.9,18.438,36.6,0.88,7.78,273.8,13.4188733,135.2828359,-1.272963771,28.67956484,44.38220062,29.25129898,0,0.7276,NA,NA,,,,NA,561,Bw2,102,122,BAU9,9,NA,-117.0822114,46.78188975,NA,Palouse,19,BAU,BAU,CROP,Till,BAU9,BAU,AG-CROP,CK,WashingtonState,Palouse,NA,NA,0.2709,Bw,1.1014285714285714,0.2709,0,20,1,5.967539999999999
642,PGL7-7a-1,PGL7-7a,1,PCFS1-PGL7a,NA,NA,NA,,NA,21,1.8348,NA,0.14778,42.96,8.276752065,NA,2.04,7.44,9.9828,12.6,0.29,6.7,205.4,164.0734762,3.099314891,-1.706034655,34.55644921,65.16481147,5.054319388,336.157172,NA,NA,NA,,,,NA,642,Ap1a,0,5,PGL7,7,NA,-117.1998969,46.75739636,NA,Palouse,81,Ref - CRP,Ref,GRASS,Perennial,PGL7,PGL,ALT,PCF,WashingtonState,Palouse,NA,NA,1.8348,A,0.9572727272727273,1.8348,0,5,1,8.782020000000001
643,PGL7-7a-2,PGL7-7a,2,PCFS1-PGL7a,NA,NA,NA,,NA,16.22247972,1.6937,NA,0.14757,34.58,9.452274016,NA,2.33,7.01,14.4184,30.1,0.26,6.59,222.5,23.50904256,27.01983728,-1.231711217,6.689506527,5.923764304,36.95516116,284.7531273,NA,NA,NA,,,,NA,643,Ap1b,5,10,PGL7,7,NA,-117.1998969,46.75739636,NA,Palouse,81,Ref - CRP,Ref,GRASS,Perennial,PGL7,PGL,ALT,PCF,WashingtonState,Palouse,NA,NA,1.6937,A,0.9572727272727273,1.6937,0,5,1,8.10666409090909
644,PGL7-7a-3,PGL7-7a,3,PCFS1-PGL7a,NA,NA,NA,,1.13,9.958954418,1.215,NA,0.09761,38.6,6.015328943,NA,1.48,9.14,14.9104,30.7,0.23,6.76,216.8,17.43876473,101.2015597,2.479025738,9.228419616,13.66404491,24.41441396,184.1138344,NA,NA,NA,,,,NA,644,Ap2,10,20,PGL7,7,NA,-117.1998969,46.75739636,NA,Palouse,81,Ref - CRP,Ref,GRASS,Perennial,PGL7,PGL,ALT,PCF,WashingtonState,Palouse,NA,NA,1.215,A,1.13,1.215,0,10,1,13.729499999999998
645,PGL7-7a-4,PGL7-7a,4,PCFS1-PGL7a,NA,NA,NA,,1.15,10.56214317,0.54155,NA,0.07077,29.02,2.462636468,NA,0.6,15.84,23.6988,13.3,0.23,7.55,182.5,51.88878931,-0.51654198,3.327491097,4.926321751,0.352359662,6.908976888,0,NA,NA,NA,,,,NA,645,A,20,41,PGL7,7,NA,-117.1998969,46.75739636,NA,Palouse,81,Ref - CRP,Ref,GRASS,Perennial,PGL7,PGL,ALT,PCF,WashingtonState,Palouse,NA,NA,0.54155,A,1.15,0.54155,0,21,1,13.078432499999998
646,PGL7-7a-5,PGL7-7a,5,PCFS1-PGL7a,NA,NA,NA,,1.2,10.61242538,0.37795,NA,0.04161,11.74,2.225205742,NA,0.54,5.55,10.8972,34.4,0.23,7.86,205.4,15.09800159,61.85315649,-1.077837545,10.20345376,53.80101621,94.42001391,0,NA,NA,NA,,,,NA,646,AB,41,64,PGL7,7,NA,-117.1998969,46.75739636,NA,Palouse,81,Ref - CRP,Ref,GRASS,Perennial,PGL7,PGL,ALT,PCF,WashingtonState,Palouse,NA,NA,0.37795,AB,1.2,0.37795,0,23,1,10.43142
647,PGL7-7a-6,PGL7-7a,6,PCFS1-PGL7a,NA,NA,NA,,NA,11.31782946,0.25638,NA,0.03525,14.48,14.991552,NA,3.67,5.25,11.2912,7.9,0.18,7.94,222.5,13.88092294,67.21774097,-1.74419911,12.25402337,26.84767154,98.30709157,0,NA,NA,NA,,,,NA,647,Bw1,64,99,PGL7,7,NA,-117.1998969,46.75739636,NA,Palouse,81,Ref - CRP,Ref,GRASS,Perennial,PGL7,PGL,ALT,PCF,WashingtonState,Palouse,NA,NA,0.25638,Bw,1.0433333333333332,0.25638,0,35,1,9.362142999999998
648,PGL7-7a-7,PGL7-7a,7,PCFS1-PGL7a,NA,NA,NA,,NA,12.908,0.14312,NA,0.03019,23.35,12.086592,NA,2.96,7.94,8.308,22.2,0.18,7.98,222.5,18.9299195,70.42717721,-1.223996323,12.3968218,4.669775302,149.6651138,0,NA,NA,NA,,,,NA,648,Bw2,99,122,PGL7,7,NA,-117.1998969,46.75739636,NA,Palouse,81,Ref - CRP,Ref,GRASS,Perennial,PGL7,PGL,ALT,PCF,WashingtonState,Palouse,NA,NA,0.14312,Bw,1.0433333333333332,0.14312,0,23,1,3.434402933333333
649,PGL7-7b-1,PGL7-7b,1,PCFS1-PGL7b,NA,NA,NA,,0.79,22.2,2.5639,NA,0.19258,48.93,2.124967207,NA,0.52,7.85,7.2376,24.3,0.31,6.93,233.9,47.69067865,4.810418705,-0.22845737,43.97490066,9.964207566,12.1273293,510.1006634,NA,NA,NA,,,,NA,649,Ap1a,0,5,PGL7,7,NA,-117.1998969,46.75739636,NA,Palouse,81,Ref - CRP,Ref,GRASS,Perennial,PGL7,PGL,ALT,PCF,WashingtonState,Palouse,NA,NA,2.5639,A,0.79,2.5639,0,5,1,10.127405
650,PGL7-7b-2,PGL7-7b,2,PCFS1-PGL7b,NA,NA,NA,,0.76,15.1,1.9045,NA,0.15912,64.01,13.99122088,NA,3.44,10.53,11.5168,27.8,0.26,6.82,251,39.27068696,43.34153328,-1.170921601,10.8911026,4.051837074,56.96759988,240.4029407,NA,NA,NA,,,,NA,650,Ap1b,5,10,PGL7,7,NA,-117.1998969,46.75739636,NA,Palouse,81,Ref - CRP,Ref,GRASS,Perennial,PGL7,PGL,ALT,PCF,WashingtonState,Palouse,NA,NA,1.9045,A,0.76,1.9045,0,5,1,7.237100000000001
651,PGL7-7b-3,PGL7-7b,3,PCFS1-PGL7b,NA,NA,NA,,1.07,10.50318611,1.4214,NA,0.11778,43.97,8.942659212,NA,2.2,10.9,15.7884,21.5,0.18,6.93,222.5,90.9362547,91.46208071,3.102555967,5.6417308329999996,1.333415885,3.299453976,181.3838037,NA,NA,NA,,,,NA,651,Ap2,10,22,PGL7,7,NA,-117.1998969,46.75739636,NA,Palouse,81,Ref - CRP,Ref,GRASS,Perennial,PGL7,PGL,ALT,PCF,WashingtonState,Palouse,NA,NA,1.4214,A,1.07,1.4214,0,12,1,18.250776000000002
652,PGL7-7b-4,PGL7-7b,4,PCFS1-PGL7b,NA,NA,NA,,1.03,9.1184752,0.97936,NA,0.09269,48.94,23.55103773,NA,5.8,15.99,18.0188,16.4,0.65,7.41,233.9,59.6198132,26.46637532,79.57243671,3.666356062,48.43296927,32.16313575,54.97394065,NA,NA,NA,,,,NA,652,A,22,45,PGL7,7,NA,-117.1998969,46.75739636,NA,Palouse,81,Ref - CRP,Ref,GRASS,Perennial,PGL7,PGL,ALT,PCF,WashingtonState,Palouse,NA,NA,0.97936,A,1.03,0.97936,0,23,1,23.2010384
653,PGL7-7b-5,PGL7-7b,5,PCFS1-PGL7b,NA,NA,NA,,NA,10.59257651,0.47664,NA,0.05146,35.36,5.301724113,NA,1.3,13.41,19.9284,29.2,0.62,7.65,216.8,37.70544362,61.67108802,1.489253163,20.59258278,3.650634544,2.118842142,0,NA,NA,NA,,,,NA,653,AB,45,67,PGL7,7,NA,-117.1998969,46.75739636,NA,Palouse,81,Ref - CRP,Ref,GRASS,Perennial,PGL7,PGL,ALT,PCF,WashingtonState,Palouse,NA,NA,0.47664,AB,1.1075,0.47664,0,22,1,11.613333599999999
654,PGL7-7b-6,PGL7-7b,6,PCFS1-PGL7b,NA,NA,NA,,1.29,12.45543672,0.29965,NA,0.04766,7.63,0.328032,NA,0.08,2.52,13.6552,18,0.68,7.76,216.8,53.17897586,100.666857,-2.180254421,3.55343614,1.004702918,7.533174222,0,NA,NA,NA,,,,NA,654,Bw1,67,103,PGL7,7,NA,-117.1998969,46.75739636,NA,Palouse,81,Ref - CRP,Ref,GRASS,Perennial,PGL7,PGL,ALT,PCF,WashingtonState,Palouse,NA,NA,0.29965,Bw,1.29,0.29965,0,36,1,13.915746000000002
655,PGL7-7b-7,PGL7-7b,7,PCFS1-PGL7b,NA,NA,NA,,NA,13.592,0.24019,NA,0.02914,5.13,3.066528,NA,0.75,1.16,5.9936,22.6,0.49,8.11,228.2,37.78334503,71.02157731,-1.836010622,5.707549672,3.4578007,5.782043355,0,NA,NA,NA,,,,NA,655,Bw2,103,122,PGL7,7,NA,-117.1998969,46.75739636,NA,Palouse,81,Ref - CRP,Ref,GRASS,Perennial,PGL7,PGL,ALT,PCF,WashingtonState,Palouse,NA,NA,0.24019,Bw,1.0433333333333332,0.24019,0,19,1,4.7613664333333325
656,PGL7-7c-1,PGL7-7c,1,PCFS1-PGL7c,NA,NA,NA,,1.02,21.9,2.8044,NA,0.19955,53.13,25.48325316,NA,6.27,15.15,11.518,21.2,0.91,7.33,233.9,73.60387196,0.836114488,-0.779022819,5.281708076,16.84728079,5.182728547,447.6268794,NA,NA,NA,,,,NA,656,Ap1a,0,5,PGL7,7,NA,-117.1998969,46.75739636,NA,Palouse,81,Ref - CRP,Ref,GRASS,Perennial,PGL7,PGL,ALT,PCF,WashingtonState,Palouse,NA,NA,2.8044,A,1.02,2.8044,0,5,1,14.302439999999999
657,PGL7-7c-2,PGL7-7c,2,PCFS1-PGL7c,NA,NA,NA,,0.81,16.86019508,1.9918,NA,0.16821,55.09,17.8486979,NA,4.4,7.45,10.4992,24.7,0.52,7.32,256.7,15.39482182,73.36745106,-1.8172829,11.15469206,44.05435139,74.84031109,311.4261251,NA,NA,NA,,,,NA,657,Ap1b,5,10,PGL7,7,NA,-117.1998969,46.75739636,NA,Palouse,81,Ref - CRP,Ref,GRASS,Perennial,PGL7,PGL,ALT,PCF,WashingtonState,Palouse,NA,NA,1.9918,A,0.81,1.9918,0,5,1,8.066790000000001
658,PGL7-7c-3,PGL7-7c,3,PCFS1-PGL7c,NA,NA,NA,,0.8,10.85992908,1.6103,NA,0.12377,45.61,19.89014302,NA,4.89,12.97,15.88,30.9,0.52,7.36,211.1,21.0300884,108.8690559,10.57029476,13.65346454,66.84549889,1.882549808,189.7297243,NA,NA,NA,,,,NA,658,Ap2,10,23,PGL7,7,NA,-117.1998969,46.75739636,NA,Palouse,81,Ref - CRP,Ref,GRASS,Perennial,PGL7,PGL,ALT,PCF,WashingtonState,Palouse,NA,NA,1.6103,A,0.8,1.6103,0,13,1,16.747120000000002
659,PGL7-7c-4,PGL7-7c,4,PCFS1-PGL7c,NA,NA,NA,,1.03,9.728308501,1.6018,NA,0.13074,71.41,44.33270068,NA,10.9,22,16.5488,15.3,0.57,7.58,233.9,52.50715668,30.75773482,38.32197958,35.37780065,15.63535065,7.437656705,165.190316,NA,NA,NA,,,,NA,659,A,23,42,PGL7,7,NA,-117.1998969,46.75739636,NA,Palouse,81,Ref - CRP,Ref,GRASS,Perennial,PGL7,PGL,ALT,PCF,WashingtonState,Palouse,NA,NA,1.6018,A,1.03,1.6018,0,19,1,31.347226
660,PGL7-7c-5,PGL7-7c,5,PCFS1-PGL7c,NA,NA,NA,,NA,10.46613896,0.95548,NA,0.08157,66.54,18.8533035,NA,4.64,22.71,19.2148,15.8,0.7,7.85,239.6,18.89697349,60.46372344,30.56911328,6.802120296,76.09976876,24.80387222,139.0950254,NA,NA,NA,,,,NA,660,AB,42,65,PGL7,7,NA,-117.1998969,46.75739636,NA,Palouse,81,Ref - CRP,Ref,GRASS,Perennial,PGL7,PGL,ALT,PCF,WashingtonState,Palouse,NA,NA,0.95548,AB,1.1075,0.95548,0,23,1,24.3384643
661,PGL7-7c-6,PGL7-7c,6,PCFS1-PGL7c,NA,NA,NA,,NA,10.83939194,0.79111,NA,0.08576,47.43,3.928224,NA,0.96,9.87,11.3488,23.7,0.91,8.19,239.6,26.36190802,34.839625,8.404797729,23.12824552,1.887014601,16.08998614,84.20689995,NA,NA,NA,,,,NA,661,Bw1,65,98,PGL7,7,NA,-117.1998969,46.75739636,NA,Palouse,81,Ref - CRP,Ref,GRASS,Perennial,PGL7,PGL,ALT,PCF,WashingtonState,Palouse,NA,NA,0.79111,Bw,1.0433333333333332,0.79111,0,33,1,27.237917299999996
662,PGL7-7c-7,PGL7-7c,7,PCFS1-PGL7c,NA,NA,NA,,NA,11.988,0.3385,NA,0.05052,21.67,0.44064,NA,0.108,2.95,7.4324,21.7,0.08,8.39,199.6,24.96577933,46.34216714,3.325206586,3.3111752,7.221609149,9.699687552,0,NA,NA,NA,,,,NA,662,Bw2,98,122,PGL7,7,NA,-117.1998969,46.75739636,NA,Palouse,81,Ref - CRP,Ref,GRASS,Perennial,PGL7,PGL,ALT,PCF,WashingtonState,Palouse,NA,NA,0.3385,Bw,1.0433333333333332,0.3385,0,24,1,8.47604
683,PGL9-1-1,PGL9-1,1,PCFS3-2A-PGL9,NA,NA,NA,,0.91,7.764642665,3.0774,NA,0.24105,54.87,61.69815594,NA,15.22,11.17,19.3528,27.6,0.96,4.84,336.5,16.89444115,2.382505596,1.231487718,98.92042746,4.697904033,10.87486414,650.3,16.157,NA,NA,,WA-075-SW-PCFS31C-ASP9-14-0_5-2018,19N01573,NA,683,Ap1a,0,5,PGL9,9,NA,-117.20006,46.75757146,NA,Palouse,82,Ref - CRP,Ref,GRASS,Perennial,PGL9,PGL,ALT,PCF,WashingtonState,Palouse,2.3,2.33,3.0774,A,0.91,3.0774,0,5,1,14.00217
684,PGL9-1-2,PGL9-1,2,PCFS3-2A-PGL9,NA,NA,NA,,0.65,9.745030251,2.1789,NA,0.1724,61.68,33.29204594,NA,8.22,16.79,21.98029301,24.4,0.44,4.5,342.3,50.99387241,0.322464085,10.66122026,44.79238596,7.9370594,20.15962842,428.1,15.9449,NA,NA,,WA-075-SW-PCFS31CASP9-15-5_10-2018,19N01574,NA,684,Ap1b,5,10,PGL9,9,NA,-117.20006,46.75757146,NA,Palouse,82,Ref - CRP,Ref,GRASS,Perennial,PGL9,PGL,ALT,PCF,WashingtonState,Palouse,1.8,1.79,2.1789,A,0.65,2.1789,0,5,1,7.081425
685,PGL9-1-3,PGL9-1,3,PCFS3-2A-PGL9,NA,NA,NA,,1.05,14.15349887,1.5741,NA,0.13377,49.9,60.57484802,NA,14.95,24.31,12.25713303,30.8,0.47,5.15,313.7,16.08357444,95.85759752,-1.289943576,81.06327724,33.67786369,7.037614236,268.3,12.8164,NA,NA,,WA-075-SW-PCFS31CASP916-10_29-2018,19N01575,NA,685,Ap2,10,30,PGL9,9,NA,-117.20006,46.75757146,NA,Palouse,82,Ref - CRP,Ref,GRASS,Perennial,PGL9,PGL,ALT,PCF,WashingtonState,Palouse,1.2,1.21,1.5741,A,1.05,1.5741,0,20,1,33.0561
686,PGL9-1-4,PGL9-1,4,PCFS3-2A-PGL9,NA,NA,NA,,1.16,11.95051911,1.7764,NA,0.14559,77.46,48.67893595,NA,12,13.26,17.71959014,25.4,0.81,6.11,336.5,14.67848866,2.338849856,16.43005752,81.41290222,35.27510965,62.99485713,364.7,8.3742,NA,NA,,WA-075-SW-PCFS31CASP9-17-29_51-2018,19N01576,NA,686,A,30,63,PGL9,9,NA,-117.20006,46.75757146,NA,Palouse,82,Ref - CRP,Ref,GRASS,Perennial,PGL9,PGL,ALT,PCF,WashingtonState,Palouse,0.5,0.49,1.7764,A,1.16,1.7764,0,33,1,68.000592
687,PGL9-1-5,PGL9-1,5,PCFS3-2A-PGL9,NA,NA,NA,,1.12,12.08203299,1.3819,NA,0.13501,79.05,48.32919519,NA,11.92,31.43,16.41949788,24.2,0.44,6.5,313.7,50.35545288,2.521850481,75.47523771,158.547201,52.23088766,6.096915738,280.8,6.1603,NA,NA,,WA-075-SW-PCFS31CASP918-51_82-2018,19N01577,NA,687,AB,63,104,PGL9,9,NA,-117.20006,46.75757146,NA,Palouse,82,Ref - CRP,Ref,GRASS,Perennial,PGL9,PGL,ALT,PCF,WashingtonState,Palouse,0.4,0.42,1.3819,AB,1.12,1.3819,0,41,1,63.456848
688,PGL9-1-6,PGL9-1,6,PCFS3-2A-PGL9,NA,NA,NA,,1.06,15.981,1.1099,NA,0.0888,71.11,7.962032,NA,1.97,15.14,15.828,37.2,0.73,6.98,365.1,70.08011254,-2.856285345,7.531977403,31.09418961,9.874012347,61.30397411,166,3.8493,NA,NA,,,,NA,688,Bw1,104,122,PGL9,9,NA,-117.20006,46.75757146,NA,Palouse,82,Ref - CRP,Ref,GRASS,Perennial,PGL9,PGL,ALT,PCF,WashingtonState,Palouse,NA,NA,1.1099,Bw,1.06,1.1099,0,18,1,21.176892000000002
689,PGL9-2-1,PGL9-2,1,PCFS3-2B-PGL9,NA,NA,NA,,1.07,12.8,2.5818,NA,0.21536,68.49,31.22090877,NA,7.7,9.8,12.0056,32.6,0.55,4.7,216.8,13.17429058,1.002054738,14.9126075,111.1584033,22.67733464,134.3284312,780,3.1916,NA,NA,,WA-075-SW-PCFS3-2B-PGL9-8-0_5-18,19N01578,NA,689,Ap1a,0,5,PGL9,9,NA,-117.1998969,46.75739636,NA,Palouse,82,Ref - CRP,Ref,GRASS,Perennial,PGL9,PGL,ALT,PCF,WashingtonState,Palouse,2.9,2.9,2.5818,A,1.07,2.5818,0,5,1,13.812629999999999
690,PGL9-2-2,PGL9-2,2,PCFS3-2B-PGL9,NA,NA,NA,,0.77,8.5,2.193,NA,0.1882,45.08,9.286953016,NA,2.29,11.17,16.55083058,39.6,0.73,4.52,216.8,15.50045893,15.25815627,-0.650260126,2.896465264,55.7139379,50.61886037,455.7,14.6575,NA,NA,,WA-075-SW-PCFS3-2B-PGL9-9-5_10-18,19N01579,NA,690,Ap1b,5,10,PGL9,9,NA,-117.1998969,46.75739636,NA,Palouse,82,Ref - CRP,Ref,GRASS,Perennial,PGL9,PGL,ALT,PCF,WashingtonState,Palouse,2,2.02,2.193,A,0.77,2.193,0,5,1,8.443050000000001
691,PGL9-2-3,PGL9-2,3,PCFS3-2B-PGL9,NA,NA,NA,,0.99,10,1.5876,NA,0.12869,38,37.18225423,NA,9.17,18.85,18.16411561,33.5,0.42,5.45,233.9,20.69785415,26.14414693,85.04612597,6.133120708,58.34095652,9.858086184,331.1,10.3745,NA,NA,,WA-075-SW-PCFS3-2BPGL9-10-10_22-18,19N01580,NA,691,Ap2,10,33,PGL9,9,NA,-117.1998969,46.75739636,NA,Palouse,82,Ref - CRP,Ref,GRASS,Perennial,PGL9,PGL,ALT,PCF,WashingtonState,Palouse,1.4,1.44,1.5876,A,0.99,1.5876,0,23,1,36.149651999999996
692,PGL9-2-4,PGL9-2,4,PCFS3-2B-PGL9,NA,NA,NA,,1.27,10.6,1.2529,NA,0.10405,74.9,40.5490786,NA,10,30.35,16.186298,18.2,0.75,6.3,262.4,22.52255252,0.78935573,18.40674838,27.10484996,59.0521313,20.08902692,175,8.3641,NA,NA,,WA-075-SW-PCFS32BPGL9-11-22_45-18R,19N01581,NA,692,A,33,57,PGL9,9,NA,-117.1998969,46.75739636,NA,Palouse,82,Ref - CRP,Ref,GRASS,Perennial,PGL9,PGL,ALT,PCF,WashingtonState,Palouse,0.9,0.91,1.2529,A,1.27,1.2529,0,24,1,38.18839199999999
693,PGL9-2-5,PGL9-2,5,PCFS3-2B-PGL9,NA,NA,NA,,1.23,11.2,0.91909,NA,0.09247,56.13,45.10940166,NA,11.14,30.07,18.32355634,19.3,0.18,6.66,256.7,20.91306462,29.98539339,4.820347638,4.173501831,60.97901657,2.211957205,120.2,6.393,NA,NA,,WA-075-SW-PCFS3-2BPGL9-12-45_67-18,19N01582,NA,693,AB,57,87,PGL9,9,NA,-117.1998969,46.75739636,NA,Palouse,82,Ref - CRP,Ref,GRASS,Perennial,PGL9,PGL,ALT,PCF,WashingtonState,Palouse,0.5,0.55,0.91909,AB,1.23,0.91909,0,30,1,33.914421
694,PGL9-2-6,PGL9-2,6,PCFS3-2B-PGL9,NA,NA,NA,,1.14,12.2,0.55295,NA,0.07008,46.25,11.30667541,NA,2.8,23.22,17.05840484,37.1,0.23,6.86,268.1,28.357012310000002,84.32059384,17.53233896,16.02349034,108.6406489,1.488238462,0,4.8345,NA,NA,,WA-075-SW-PCFS32BPGL9-13-67_103-18,,NA,694,Bw1,87,109,PGL9,9,NA,-117.1998969,46.75739636,NA,Palouse,82,Ref - CRP,Ref,GRASS,Perennial,PGL9,PGL,ALT,PCF,WashingtonState,Palouse,NA,NA,0.55295,Bw,1.14,0.55295,0,22,1,13.867986
695,PGL9-2-7,PGL9-2,7,PCFS3-2B-PGL9,NA,NA,NA,,0.97,17.7,0.4585,NA,0.0653,20.74,3.136505448,NA,0.78,10.12,17.65075276,38.3,0.1,6.91,273.8,27.94796216,6.064881777,12.31316478,17.21986988,81.21157578,4.983339792,0,4.6405,NA,NA,,,,NA,695,Bw2,109,122,PGL9,9,NA,-117.1998969,46.75739636,NA,Palouse,82,Ref - CRP,Ref,GRASS,Perennial,PGL9,PGL,ALT,PCF,WashingtonState,Palouse,NA,NA,0.4585,Bw,0.97,0.4585,0,13,1,5.781685
696,PGL9-3-1,PGL9-3,1,PCFS3-2C-PGL9,NA,NA,NA,,1.07,10.28232133,3.3002,NA,0.2474,39.12,21.68888707,NA,5.35,11.79,13.6352,36.7,0.6,5.14,319.4,14.21152829,104.1452083,41.92049772,19.02403924,31.69723908,2.479566367,868.8,5.341,NA,NA,,WA-075-SW-PCFS3-2C-PGL9-15-0_5-18,19N01583,NA,696,Ap1a,0,5,PGL9,9,NA,-117.1998969,46.75739636,NA,Palouse,82,Ref - CRP,Ref,GRASS,Perennial,PGL9,PGL,ALT,PCF,WashingtonState,Palouse,2.9,2.86,3.3002,A,1.07,3.3002,0,5,1,17.65607
697,PGL9-3-2,PGL9-3,2,PCFS3-2C-PGL9,NA,NA,NA,,0.58,9.122515125,1.9376,NA,0.16347,42.94,6.130224157,NA,1.51,14.03,15.88815697,41.6,0.36,4.56,273.8,16.69415678,25.61602841,2.511339878,16.44252847,13.34066448,8.41869022,384.8,12.9878,NA,NA,,WA-075-SW-PCFS3-2C-PGL9-16-5_10-18,19N01584,NA,697,Ap1b,5,10,PGL9,9,NA,-117.1998969,46.75739636,NA,Palouse,82,Ref - CRP,Ref,GRASS,Perennial,PGL9,PGL,ALT,PCF,WashingtonState,Palouse,2.1,2.08,1.9376,A,0.58,1.9376,0,5,1,5.61904
698,PGL9-3-3,PGL9-3,3,PCFS3-2C-PGL9,NA,NA,NA,,0.89,12.07674944,1.3138,NA,0.11551,36.8,31.89312683,NA,7.87,28.92,21.11340882,27.1,0.29,5.41,313.7,14.5233914,27.81865718,1.841438264,3.801179775,42.75290951,64.77282341,134.3,13.0799,NA,NA,,WA-075-SW-PCFS3-2C-PGL9-17-10_23-18,19N01585,NA,698,Ap2,10,29,PGL9,9,NA,-117.1998969,46.75739636,NA,Palouse,82,Ref - CRP,Ref,GRASS,Perennial,PGL9,PGL,ALT,PCF,WashingtonState,Palouse,1.7,1.67,1.3138,A,0.89,1.3138,0,19,1,22.216358000000003
699,PGL9-3-4,PGL9-3,4,PCFS3-2C-PGL9,NA,NA,NA,,1.06,11.27525955,0.87273,NA,0.08938,19.71,16.0694777,NA,3.96,25.54,20.28448262,31.7,0.29,6.06,313.7,11.47664837,72.84909403,2.336115954,5.333570029,75.15774564,1.833212604,22.4,10.8681,NA,NA,,WA-075-SW-PCFS3-2CPGL9-18-23_42-18,19N01586,NA,699,A,29,51,PGL9,9,NA,-117.1998969,46.75739636,NA,Palouse,82,Ref - CRP,Ref,GRASS,Perennial,PGL9,PGL,ALT,PCF,WashingtonState,Palouse,1.7,1.66,0.87273,A,1.06,0.87273,0,22,1,20.3520636
700,PGL9-3-5,PGL9-3,5,PCFS3-2C-PGL9,NA,NA,NA,,0.88,11.6410165,0.63752,NA,0.07657,14.22,20.34828369,NA,5,18.59,22.96557903,36.8,0.23,6.2,290.9,13.23454594,25.33187286,22.36742352,2.949039764,43.92163303,2.569784318,14,8.5157,NA,NA,,WA-075-SW-PCFS3-2CPGL9-19-42_65-18,19N01587,NA,700,AB,51,82,PGL9,9,NA,-117.1998969,46.75739636,NA,Palouse,82,Ref - CRP,Ref,GRASS,Perennial,PGL9,PGL,ALT,PCF,WashingtonState,Palouse,1.2,1.17,0.63752,AB,0.88,0.63752,0,31,1,17.3915456
701,PGL9-3-6,PGL9-3,6,PCFS3-2C-PGL9,NA,NA,NA,,0.84,14.0905,0.40291,NA,0.05659,3.5,10.75827595,NA,2.66,7.96,22.29447097,41.7,0.29,6.36,285.2,46.45422915,0.91910027,-1.484683144,10.16092095,63.30048816,18.69897464,0,7.0454,NA,NA,,WA-075-SW-PCFS3-2CPGL9-20-65_98-18,,NA,701,Bw1,82,106,PGL9,9,NA,-117.1998969,46.75739636,NA,Palouse,82,Ref - CRP,Ref,GRASS,Perennial,PGL9,PGL,ALT,PCF,WashingtonState,Palouse,NA,NA,0.40291,Bw,0.84,0.40291,0,24,1,8.1226656
702,PGL9-3-7,PGL9-3,7,PCFS3-2C-PGL9,NA,NA,NA,,0.96,15.5,0.1583,NA,0.02362,2.22,0.012923813,NA,0,2.51,8.841935213,55.5,0.34,6.41,268.1,19.00675299,7.084135065,-1.110981333,5.879156761,59.07363885,2.386141849,0,3.3258,NA,NA,,,,NA,702,Bw2,106,122,PGL9,9,NA,-117.1998969,46.75739636,NA,Palouse,82,Ref - CRP,Ref,GRASS,Perennial,PGL9,PGL,ALT,PCF,WashingtonState,Palouse,NA,NA,0.1583,Bw,0.96,0.1583,0,16,1,2.431488
759,ALT-1-1,ALT-1,1,S2019MN99-A-ALT,NA,NA,NA,L,1.316609735,NA,2.9871,NA,NA,3.78,2.07,NA,NA,1.39,0.57,0.09,NA,NA,1.11,215.02,52.76,162.27,350.74,NA,163.33,697.01,5.25,NA,NA,,MN-099-SW-ALT-010-1-102919,20N01677,NA,759,Ap1,0,5,ALT,NA,NA,-92.85464,43.74984,NA,Marquis,1,SHM-no till,SHM,CROP,No-till,"No-till (cover crop, no-fertilizer). Soybean. Soybean","Western field, 50-acre section with grass waterway running south of field; bordered by hay",AG-CROP,Mower,UnivOfMinnesota,Marquis,2.9,2.93,2.9871,Ap1,1.316609735,2.9871,0,5,1,19.6642246970925
760,ALT-1-2,ALT-1,2,S2019MN99-A-ALT,NA,NA,NA,L,1.43862096,NA,2.548,NA,NA,5.81,2.25,NA,NA,1.7,0.41,0.11,NA,NA,0.76,142.6,30,88.55,259.69,NA,134.92,533.98,5.25,NA,NA,,MN-099-SW-ALT-010-2-102919,20N01678,NA,760,Ap2,5,10,ALT,NA,NA,-92.85464,43.74984,NA,Marquis,1,SHM-no till,SHM,CROP,No-till,"No-till (cover crop, no-fertilizer). Soybean. Soybean","Western field, 50-acre section with grass waterway running south of field; bordered by hay",AG-CROP,Mower,UnivOfMinnesota,Marquis,2.6,2.62,2.548,Ap2,1.43862096,2.548,0,5,1,18.328031030400002
761,ALT-1-3,ALT-1,3,S2019MN99-A-ALT,NA,NA,NA,L,1.537770868,NA,2.6083,NA,NA,20.5,1.23,NA,NA,0.61,0.44,0.14,NA,NA,0.33,39.73,14.68,41.35,128.51,NA,43.25,259.2,3.31,NA,NA,,MN-099-SW-ALT-010-3-102919,20N01679,NA,761,Ap3,10,20,ALT,NA,NA,-92.85464,43.74984,NA,Marquis,1,SHM-no till,SHM,CROP,No-till,"No-till (cover crop, no-fertilizer). Soybean. Soybean","Western field, 50-acre section with grass waterway running south of field; bordered by hay",AG-CROP,Mower,UnivOfMinnesota,Marquis,2.2,2.15,2.6083,A,1.537770868,2.6083,0,10,1,40.109677550044
762,ALT-1-4,ALT-1,4,S2019MN99-A-ALT,NA,NA,NA,L,1.469376377,NA,2.0574,NA,NA,23.66,1.23,NA,NA,0.66,0.38,0.14,NA,NA,0.29,40.81,19.69,33.09,128.72,NA,50.51,212.76,2.66,NA,NA,,MN-099-SW-ALT-010-4-102919,20N01680,NA,762,BA,20,35,ALT,NA,NA,-92.85464,43.74984,NA,Marquis,1,SHM-no till,SHM,CROP,No-till,"No-till (cover crop, no-fertilizer). Soybean. Soybean","Western field, 50-acre section with grass waterway running south of field; bordered by hay",AG-CROP,Mower,UnivOfMinnesota,Marquis,1.9,1.94,2.0574,BA,1.469376377,2.0574,0,15,1,45.34642437059699
763,ALT-1-5,ALT-1,5,S2019MN99-A-ALT,NA,NA,NA,L,1.74023877,NA,0.3874,NA,NA,15.9,1.14,NA,NA,0.26,0.6,0.24,NA,NA,0.12,3.87,6.72,15.75,39.63,NA,10.21,0,0.92,NA,NA,,MN-099-SW-ALT-010-5-102919,20N01681,NA,763,2Bw1,35,61,ALT,NA,NA,-92.85464,43.74984,NA,Marquis,1,SHM-no till,SHM,CROP,No-till,"No-till (cover crop, no-fertilizer). Soybean. Soybean","Western field, 50-acre section with grass waterway running south of field; bordered by hay",AG-CROP,Mower,UnivOfMinnesota,Marquis,0.4,0.4,0.3874,2Bw,1.74023877,0.3874,0,26,1,17.528380986948
764,ALT-1-6,ALT-1,6,S2019MN99-A-ALT,NA,NA,NA,L,2.116503198,NA,0.2755,NA,NA,2.43,1.28,NA,NA,0.47,0.51,0.25,NA,NA,0.17,2.1,6.08,33.19,51.53,NA,6.35,0,0.73,NA,NA,,MN-099-SW-ALT-010-6-102919,20N01682,NA,764,2Bw2,61,100,ALT,NA,NA,-92.85464,43.74984,NA,Marquis,1,SHM-no till,SHM,CROP,No-till,"No-till (cover crop, no-fertilizer). Soybean. Soybean","Western field, 50-acre section with grass waterway running south of field; bordered by hay",AG-CROP,Mower,UnivOfMinnesota,Marquis,0.2,0.23,0.2755,2Bw,2.116503198,0.2755,0,39,1,22.740768610911005
765,ALT-2-1,ALT-2,1,S2019MN99-B-ALT,NA,NA,NA,SiL,1.04252655,NA,4.0545,NA,NA,11.11,2.25,NA,NA,1.68,0.43,0.11,NA,NA,1.09,216.16,45.79,165.47,287.28,NA,146.48,778.31,6.93,NA,NA,,MN-099-SW-ALT-011-1-102919,20N01683,NA,765,Ap1,0,5,ALT,NA,NA,-92.85499,43.74981,NA,Marquis,1,SHM-no till,SHM,CROP,No-till,"No-till (cover crop, no-fertilizer). Soybean. Soybean","Western field, 50-acre section with grass waterway running south of field; bordered by hay",AG-CROP,Mower,UnivOfMinnesota,Marquis,3.3,3.27,4.0545,Ap1,1.04252655,4.0545,0,5,1,21.134619484875003
766,ALT-2-2,ALT-2,2,S2019MN99-B-ALT,NA,NA,NA,SiL,1.091217365,NA,3.4605,NA,NA,5.98,1.91,NA,NA,1.29,0.48,0.11,NA,NA,0.8,179.23,40.5,145.71,301.24,NA,165.37,782.81,6.73,NA,NA,,MN-099-SW-ALT-011-2-102919,20N01684,NA,766,Ap2,5,10,ALT,NA,NA,-92.85499,43.74981,NA,Marquis,1,SHM-no till,SHM,CROP,No-till,"No-till (cover crop, no-fertilizer). Soybean. Soybean","Western field, 50-acre section with grass waterway running south of field; bordered by hay",AG-CROP,Mower,UnivOfMinnesota,Marquis,3.2,3.21,3.4605,Ap2,1.091217365,3.4605,0,5,1,18.8807884579125
767,ALT-2-3,ALT-2,3,S2019MN99-B-ALT,NA,NA,NA,SiL,1.477017867,NA,3.4519,NA,NA,10.67,1.89,NA,NA,1.23,0.52,0.11,NA,NA,0.61,145.23,30.86,106.91,255,NA,139.2,625.37,5.31,NA,NA,,MN-099-SW-ALT-011-3-102919,20N01685,NA,767,Ap3,10,22,ALT,NA,NA,-92.85499,43.74981,NA,Marquis,1,SHM-no till,SHM,CROP,No-till,"No-till (cover crop, no-fertilizer). Soybean. Soybean","Western field, 50-acre section with grass waterway running south of field; bordered by hay",AG-CROP,Mower,UnivOfMinnesota,Marquis,2.8,2.84,3.4519,A,1.477017867,3.4519,0,12,1,61.1822157011676
768,ALT-2-4,ALT-2,4,S2019MN99-B-ALT,NA,NA,NA,SiCL,1.629531898,NA,1.6097,NA,NA,14.59,0.92,NA,NA,0.14,0.62,0.13,NA,NA,0.16,11.56,8.83,40.4,86.38,NA,21.72,82.3,1.74,NA,NA,,MN-099-SW-ALT-011-4-102919,20N01686,NA,768,BA,22,40,ALT,NA,NA,-92.85499,43.74981,NA,Marquis,1,SHM-no till,SHM,CROP,No-till,"No-till (cover crop, no-fertilizer). Soybean. Soybean","Western field, 50-acre section with grass waterway running south of field; bordered by hay",AG-CROP,Mower,UnivOfMinnesota,Marquis,1.5,1.46,1.6097,BA,1.629531898,1.6097,0,18,1,47.2150349317908
769,ALT-2-5,ALT-2,5,S2019MN99-B-ALT,NA,NA,NA,CL,2.154079119,NA,0.8608,NA,NA,16.32,1.82,NA,NA,0.96,0.71,0.13,NA,NA,0.28,2.77,4.18,18.91,48.26,NA,6.39,45.05,0.88,NA,NA,,MN-099-SW-ALT-011-5-102919,20N01687,NA,769,2Bw1,40,70,ALT,NA,NA,-92.85499,43.74981,NA,Marquis,1,SHM-no till,SHM,CROP,No-till,"No-till (cover crop, no-fertilizer). Soybean. Soybean","Western field, 50-acre section with grass waterway running south of field; bordered by hay",AG-CROP,Mower,UnivOfMinnesota,Marquis,0.4,0.44,0.8608,2Bw,2.154079119,0.8608,0,30,1,55.626939169056
770,ALT-2-6,ALT-2,6,S2019MN99-B-ALT,NA,NA,NA,CL,1.854924268,NA,0.7747,NA,NA,14.24,1.01,NA,NA,0.2,0.54,0.23,NA,NA,0.2,0.41,0.4,20.09,19.61,NA,2.58,0,0.44,NA,NA,,MN-099-SW-ALT-011-6-102919,20N01688,NA,770,2Bw2,70,110,ALT,NA,NA,-92.85499,43.74981,NA,Marquis,1,SHM-no till,SHM,CROP,No-till,"No-till (cover crop, no-fertilizer). Soybean. Soybean","Western field, 50-acre section with grass waterway running south of field; bordered by hay",AG-CROP,Mower,UnivOfMinnesota,Marquis,0.2,0.84,0.7747,2Bw,1.854924268,0.7747,0,40,1,57.48039321678401
771,ALT-3-1,ALT-3,1,S2019MN99-C-ALT,NA,NA,NA,L,1.169675655,NA,2.5567,NA,NA,10,2.24,NA,NA,1.61,0.51,0.1,NA,NA,0.98,237.82,49.98,179.69,340.12,NA,186.4,704.14,6.79,NA,NA,,MN-099-SW-ALT-012-1-103019,20N01689,NA,771,Ap1,0,5,ALT,NA,NA,-92.85457,43.74953,NA,Marquis,1,SHM-no till,SHM,CROP,No-till,"No-till (cover crop, no-fertilizer). Soybean. Soybean","Western field, 50-acre section with grass waterway running south of field; bordered by hay",AG-CROP,Mower,UnivOfMinnesota,Marquis,2.9,2.85,2.5567,Ap1,1.169675655,2.5567,0,5,1,14.9525487356925
772,ALT-3-2,ALT-3,2,S2019MN99-C-ALT,NA,NA,NA,L,1.486574266,NA,2.6255,NA,NA,10.13,1.55,NA,NA,0.79,0.59,0.14,NA,NA,0.59,140.08,32.55,97.76,246.24,NA,136.34,541.51,5.33,NA,NA,,MN-099-SW-ALT-012-2-103019,20N01690,NA,772,Ap2,5,10,ALT,NA,NA,-92.85457,43.74953,NA,Marquis,1,SHM-no till,SHM,CROP,No-till,"No-till (cover crop, no-fertilizer). Soybean. Soybean","Western field, 50-acre section with grass waterway running south of field; bordered by hay",AG-CROP,Mower,UnivOfMinnesota,Marquis,2.5,2.45,2.6255,Ap2,1.486574266,2.6255,0,5,1,19.515003676915
773,ALT-3-3,ALT-3,3,S2019MN99-C-ALT,NA,NA,NA,L,1.237900223,NA,2.0574,NA,NA,9.84,1.35,NA,NA,0.75,0.4,0.16,NA,NA,0.36,72.53,18.78,55.66,168.29,NA,91.17,330.98,3.84,NA,NA,,MN-099-SW-ALT-012-3-103019,20N01691,NA,773,Ap3,10,22,ALT,NA,NA,-92.85457,43.74953,NA,Marquis,1,SHM-no till,SHM,CROP,No-till,"No-till (cover crop, no-fertilizer). Soybean. Soybean","Western field, 50-acre section with grass waterway running south of field; bordered by hay",AG-CROP,Mower,UnivOfMinnesota,Marquis,2,1.99,2.0574,A,1.237900223,2.0574,0,12,1,30.5622710256024
774,ALT-3-4,ALT-3,4,S2019MN99-C-ALT,NA,NA,NA,SiL,1.551432688,NA,1.0933,NA,NA,24.47,0.64,NA,NA,0.04,0.35,0.19,NA,NA,0.5,11.9,7.23,26.3,65.78,NA,21.31,65.45,1.7,NA,NA,,MN-099-SW-ALT-012-4-103019,20N01692,NA,774,BA,22,38,ALT,NA,NA,-92.85457,43.74953,NA,Marquis,1,SHM-no till,SHM,CROP,No-till,"No-till (cover crop, no-fertilizer). Soybean. Soybean","Western field, 50-acre section with grass waterway running south of field; bordered by hay",AG-CROP,Mower,UnivOfMinnesota,Marquis,1.2,1.21,1.0933,BA,1.551432688,1.0933,0,16,1,27.1389017246464
775,ALT-3-5,ALT-3,5,S2019MN99-C-ALT,NA,NA,NA,L,1.927359074,NA,0.3185,NA,NA,30.29,0.97,NA,NA,0.25,0.39,0.27,NA,NA,0.4,1.83,4.29,28.3,48.96,NA,6.59,0,0.65,NA,NA,,MN-099-SW-ALT-012-5-103019,20N01693,NA,775,2Bw1,38,80,ALT,NA,NA,-92.85457,43.74953,NA,Marquis,1,SHM-no till,SHM,CROP,No-till,"No-till (cover crop, no-fertilizer). Soybean. Soybean","Western field, 50-acre section with grass waterway running south of field; bordered by hay",AG-CROP,Mower,UnivOfMinnesota,Marquis,0.3,0.25,0.3185,2Bw,1.927359074,0.3185,0,42,1,25.782282332898003
776,ALT-3-6,ALT-3,6,S2019MN99-C-ALT,NA,NA,NA,L,1.937036744,NA,0.2669,NA,NA,11.39,1.25,NA,NA,0.45,0.54,0.21,NA,NA,0.08,1.54,3.14,16.76,66.09,NA,3.4,0,0.76,NA,NA,,MN-099-SW-ALT-012-6-103019,20N01694,NA,776,2Bw2,80,140,ALT,NA,NA,-92.85457,43.74953,NA,Marquis,1,SHM-no till,SHM,CROP,No-till,"No-till (cover crop, no-fertilizer). Soybean. Soybean","Western field, 50-acre section with grass waterway running south of field; bordered by hay",AG-CROP,Mower,UnivOfMinnesota,Marquis,0.2,0.17,0.2669,2Bw,1.937036744,0.2669,0,60,1,31.019706418416003
777,ALT-4-1,ALT-4,1,S2019MN99-D-ALT,NA,NA,NA,L,1.390639102,NA,3.5552,NA,NA,11.62,2.6,NA,NA,2.1,0.4,0.08,NA,NA,0.99,229.5,53.62,245.19,364.64,NA,166.55,858.22,6.75,NA,NA,,MN-099-SW-ALT-013-1-103019,20N01695,NA,777,Ap1,0,5,ALT,NA,NA,-92.85453,43.74922,NA,Readlyn,1,SHM-no till,SHM,CROP,No-till,"No-till (cover crop, no-fertilizer). Soybean. Soybean","Western field, 50-acre section with grass waterway running south of field; bordered by hay",AG-CROP,Mower,UnivOfMinnesota,Marquis,3.5,3.45,3.5552,Ap1,1.390639102,3.5552,0,5,1,24.720000677152
778,ALT-4-2,ALT-4,2,S2019MN99-D-ALT,NA,NA,NA,L,1.399775784,NA,2.9699,NA,NA,12.28,1.61,NA,NA,0.91,0.55,0.12,NA,NA,0.61,148.42,30.68,135.56,295.26,NA,149.88,627.57,5.67,NA,NA,,MN-099-SW-ALT-013-2-103019,20N01696,NA,778,Ap2,5,10,ALT,NA,NA,-92.85453,43.74922,NA,Readlyn,1,SHM-no till,SHM,CROP,No-till,"No-till (cover crop, no-fertilizer). Soybean. Soybean","Western field, 50-acre section with grass waterway running south of field; bordered by hay",AG-CROP,Mower,UnivOfMinnesota,Marquis,2.9,2.85,2.9699,Ap2,1.399775784,2.9699,0,5,1,20.785970504508
779,ALT-4-3,ALT-4,3,S2019MN99-D-ALT,NA,NA,NA,L,1.562312553,NA,2.9612,NA,NA,18.78,1.54,NA,NA,0.94,0.44,0.13,NA,NA,0.42,88.62,16.61,74.2,204.11,NA,103.2,425.26,4.77,NA,NA,,MN-099-SW-ALT-013-3-103019,20N01697,NA,779,Ap3,10,25,ALT,NA,NA,-92.85453,43.74922,NA,Readlyn,1,SHM-no till,SHM,CROP,No-till,"No-till (cover crop, no-fertilizer). Soybean. Soybean","Western field, 50-acre section with grass waterway running south of field; bordered by hay",AG-CROP,Mower,UnivOfMinnesota,Marquis,2.6,2.57,2.9612,A,1.562312553,2.9612,0,15,1,69.39479897915399
780,ALT-4-4,ALT-4,4,S2019MN99-D-ALT,NA,NA,NA,L,1.457180597,NA,1.5323,NA,NA,49.64,1.2,NA,NA,0.48,0.57,0.13,NA,NA,0.19,17.06,17.37,23.29,88.6,NA,25.94,89.64,2.04,NA,NA,,MN-099-SW-ALT-013-4-103019,20N01698,NA,780,A,25,40,ALT,NA,NA,-92.85453,43.74922,NA,Readlyn,1,SHM-no till,SHM,CROP,No-till,"No-till (cover crop, no-fertilizer). Soybean. Soybean","Western field, 50-acre section with grass waterway running south of field; bordered by hay",AG-CROP,Mower,UnivOfMinnesota,Marquis,1.4,1.44,1.5323,A,1.457180597,1.5323,0,15,1,33.4925674317465
781,ALT-4-5,ALT-4,5,S2019MN99-D-ALT,NA,NA,NA,SiL,1.545241383,NA,0.7661,NA,NA,30.28,1.84,NA,NA,0.85,0.88,0.09,NA,NA,0.11,7.07,5.86,25.11,72.35,NA,15.8,15.54,1.35,NA,NA,,MN-099-SW-ALT-013-5-103019,20N01699,NA,781,2BA,40,61,ALT,NA,NA,-92.85453,43.74922,NA,Readlyn,1,SHM-no till,SHM,CROP,No-till,"No-till (cover crop, no-fertilizer). Soybean. Soybean","Western field, 50-acre section with grass waterway running south of field; bordered by hay",AG-CROP,Mower,UnivOfMinnesota,Marquis,0.8,0.8,0.7661,BA,1.545241383,0.7661,0,21,1,24.859997893842298
782,ALT-4-6,ALT-4,6,S2019MN99-D-ALT,NA,NA,NA,L,1.938238939,NA,0.241,NA,NA,21.4,0.95,NA,NA,0.24,0.42,0.24,NA,NA,0.06,2.24,1.94,33.25,50.79,NA,2.22,0,0.6,NA,NA,,MN-099-SW-ALT-013-6-103019,20N01700,NA,782,2Bw1,61,100,ALT,NA,NA,-92.85453,43.74922,NA,Readlyn,1,SHM-no till,SHM,CROP,No-till,"No-till (cover crop, no-fertilizer). Soybean. Soybean","Western field, 50-acre section with grass waterway running south of field; bordered by hay",AG-CROP,Mower,UnivOfMinnesota,Marquis,0.2,0.15,0.241,2Bw,1.938238939,0.241,0,39,1,18.217507787661
783,ALT-5-1,ALT-5,1,S2019MN99-E-ALT,NA,NA,NA,L,1.366715421,NA,3.3989,NA,NA,9.24,1.76,NA,NA,1.1,0.51,0.12,NA,NA,0.97,231.01,48.21,235.25,377.3,NA,180.22,749.03,6.34,NA,NA,,MN-099-SW-ALT-014-1-103019,20N01701,NA,783,Ap1,0,5,ALT,NA,NA,-92.85467,43.74899,NA,Readlyn,1,SHM-no till,SHM,CROP,No-till,"No-till (cover crop, no-fertilizer). Soybean. Soybean","Western field, 50-acre section with grass waterway running south of field; bordered by hay",AG-CROP,Mower,UnivOfMinnesota,Marquis,3.3,3.3,3.3989,Ap1,1.366715421,3.3989,0,5,1,23.226645222184498
784,ALT-5-2,ALT-5,2,S2019MN99-E-ALT,NA,NA,NA,L,1.63787051,NA,3.3349,NA,NA,17.99,1.81,NA,NA,1.19,0.47,0.12,NA,NA,0.52,161.04,36.43,106.68,277.73,NA,169.03,599.59,6.09,NA,NA,,MN-099-SW-ALT-014-2-103019,20N01702,NA,784,Ap2,5,10,ALT,NA,NA,-92.85467,43.74899,NA,Readlyn,1,SHM-no till,SHM,CROP,No-till,"No-till (cover crop, no-fertilizer). Soybean. Soybean","Western field, 50-acre section with grass waterway running south of field; bordered by hay",AG-CROP,Mower,UnivOfMinnesota,Marquis,2.8,2.83,3.3349,Ap2,1.63787051,3.3349,0,5,1,27.310671818995004
785,ALT-5-3,ALT-5,3,S2019MN99-E-ALT,NA,NA,NA,L,1.45645928,NA,2.8507,NA,NA,52.13,1.92,NA,NA,1.38,0.39,0.12,NA,NA,0.39,120.57,23.18,105.82,182.76,NA,136.38,507.44,5.61,NA,NA,,MN-099-SW-ALT-014-3-103019,20N01703,NA,785,Ap3,10,26,ALT,NA,NA,-92.85467,43.74899,NA,Readlyn,1,SHM-no till,SHM,CROP,No-till,"No-till (cover crop, no-fertilizer). Soybean. Soybean","Western field, 50-acre section with grass waterway running south of field; bordered by hay",AG-CROP,Mower,UnivOfMinnesota,Marquis,2.5,2.48,2.8507,A,1.45645928,2.8507,0,16,1,66.430855511936
786,ALT-5-4,ALT-5,4,S2019MN99-E-ALT,NA,NA,NA,SiL,1.651274985,NA,2.4348,NA,NA,40.5,1.49,NA,NA,0.85,0.47,0.14,NA,NA,0.28,60.78,13.25,46.11,136.7,NA,74.85,357.46,4.5,NA,NA,,MN-099-SW-ALT-014-4-103019,20N01704,NA,786,BA,26,46,ALT,NA,NA,-92.85467,43.74899,NA,Readlyn,1,SHM-no till,SHM,CROP,No-till,"No-till (cover crop, no-fertilizer). Soybean. Soybean","Western field, 50-acre section with grass waterway running south of field; bordered by hay",AG-CROP,Mower,UnivOfMinnesota,Marquis,2.2,2.21,2.4348,BA,1.651274985,2.4348,0,20,1,80.41048666956
787,ALT-5-5,ALT-5,5,S2019MN99-E-ALT,NA,NA,NA,L,1.825352825,NA,0.4058,NA,NA,30.63,1.13,NA,NA,0.35,0.49,0.24,NA,NA,0.07,2.6,0.52,13.63,60.64,NA,6.9,0,0.8,NA,NA,,MN-099-SW-ALT-014-5-103019,20N01705,NA,787,2Bw1,46,78,ALT,NA,NA,-92.85467,43.74899,NA,Readlyn,1,SHM-no till,SHM,CROP,No-till,"No-till (cover crop, no-fertilizer). Soybean. Soybean","Western field, 50-acre section with grass waterway running south of field; bordered by hay",AG-CROP,Mower,UnivOfMinnesota,Marquis,0.2,0.22,0.4058,2Bw,1.825352825,0.4058,0,32,1,23.70330164432
788,ALT-5-6,ALT-5,6,S2019MN99-E-ALT,NA,NA,NA,L,2.162147763,NA,0.2254,NA,NA,13.81,0.99,NA,NA,0.31,0.41,0.21,NA,NA,0.08,1.75,6.14,15.22,33.7,NA,7.75,0,0.51,NA,NA,,MN-099-SW-ALT-014-6-103019,20N01706,NA,788,2Bw2,78,116,ALT,NA,NA,-92.85467,43.74899,NA,Readlyn,1,SHM-no till,SHM,CROP,No-till,"No-till (cover crop, no-fertilizer). Soybean. Soybean","Western field, 50-acre section with grass waterway running south of field; bordered by hay",AG-CROP,Mower,UnivOfMinnesota,Marquis,0.1,0.16,0.2254,2Bw,2.162147763,0.2254,0,38,1,18.5192280196476
789,ALT-6-1,ALT-6,1,S2019MN99-F-ALT,NA,NA,NA,L,1.136675402,NA,3.3997,NA,NA,8.99,1.81,NA,NA,1.04,0.65,0.1,NA,NA,1.02,183.3,42.49,123.59,335.31,NA,147.44,657.25,7.54,NA,NA,,MN-099-SW-ALT-015-1-103019,20N01707,NA,789,Ap1,0,5,ALT,NA,NA,-92.85419,43.74893,NA,Readlyn,1,SHM-no till,SHM,CROP,No-till,"No-till (cover crop, no-fertilizer). Soybean. Soybean","Western field, 50-acre section with grass waterway running south of field; bordered by hay",AG-CROP,Mower,UnivOfMinnesota,Marquis,3,3.01,3.3997,Ap1,1.136675402,3.3997,0,5,1,19.321776820897
790,ALT-6-2,ALT-6,2,S2019MN99-F-ALT,NA,NA,NA,L,1.344835471,NA,3.048,NA,NA,17.02,2.07,NA,NA,1.43,0.5,0.11,NA,NA,0.55,135.6,26.83,100.42,282.74,NA,142.09,545.61,6.17,NA,NA,,MN-099-SW-ALT-015-2-103019,20N01708,NA,790,Ap2,5,10,ALT,NA,NA,-92.85419,43.74893,NA,Readlyn,1,SHM-no till,SHM,CROP,No-till,"No-till (cover crop, no-fertilizer). Soybean. Soybean","Western field, 50-acre section with grass waterway running south of field; bordered by hay",AG-CROP,Mower,UnivOfMinnesota,Marquis,2.7,2.66,3.048,Ap2,1.344835471,3.048,0,5,1,20.49529257804
791,ALT-6-3,ALT-6,3,S2019MN99-F-ALT,NA,NA,NA,L,1.501481484,NA,2.5949,NA,NA,55.6,1.61,NA,NA,0.96,0.48,0.13,NA,NA,0.38,61.29,11.79,66.41,186.33,NA,86.79,366.78,4.29,NA,NA,,MN-099-SW-ALT-015-3-103019,20N01709,NA,791,Ap3,10,23,ALT,NA,NA,-92.85419,43.74893,NA,Readlyn,1,SHM-no till,SHM,CROP,No-till,"No-till (cover crop, no-fertilizer). Soybean. Soybean","Western field, 50-acre section with grass waterway running south of field; bordered by hay",AG-CROP,Mower,UnivOfMinnesota,Marquis,2.3,2.31,2.5949,A,1.501481484,2.5949,0,13,1,50.650525936810794
792,ALT-6-4,ALT-6,4,S2019MN99-F-ALT,NA,NA,NA,L,1.449065781,NA,1.533,NA,NA,63.44,0.42,NA,NA,0.07,0.15,0.11,NA,NA,0.19,15.79,10.5,23.21,87.89,NA,27.47,62.31,1.82,NA,NA,,MN-099-SW-ALT-015-4-103019,20N01710,NA,792,A,23,43,ALT,NA,NA,-92.85419,43.74893,NA,Readlyn,1,SHM-no till,SHM,CROP,No-till,"No-till (cover crop, no-fertilizer). Soybean. Soybean","Western field, 50-acre section with grass waterway running south of field; bordered by hay",AG-CROP,Mower,UnivOfMinnesota,Marquis,1.5,1.47,1.533,A,1.449065781,1.533,0,20,1,44.42835684546
793,ALT-6-5,ALT-6,5,S2019MN99-F-ALT,NA,NA,NA,L,1.650733997,NA,0.7214,NA,NA,35.48,1.07,NA,NA,0.25,0.59,0.19,NA,NA,0.1,3.61,3.57,27.64,49.77,NA,7.75,0,1.05,NA,NA,,MN-099-SW-ALT-015-5-103019,20N01711,NA,793,2Bw1,43,70,ALT,NA,NA,-92.85419,43.74893,NA,Readlyn,1,SHM-no till,SHM,CROP,No-till,"No-till (cover crop, no-fertilizer). Soybean. Soybean","Western field, 50-acre section with grass waterway running south of field; bordered by hay",AG-CROP,Mower,UnivOfMinnesota,Marquis,0.6,0.57,0.7214,2Bw,1.650733997,0.7214,0,27,1,32.152666646766605
794,ALT-6-6,ALT-6,6,S2019MN99-F-ALT,NA,NA,NA,L,2.045955614,NA,0.4148,NA,NA,20.64,1.15,NA,NA,0.56,0.34,0.21,NA,NA,0.09,0.52,3.25,1.4,62.25,NA,4.77,0,0.75,NA,NA,,MN-099-SW-ALT-015-6-103019,20N01712,NA,794,2Bw2,70,104,ALT,NA,NA,-92.85419,43.74893,NA,Readlyn,1,SHM-no till,SHM,CROP,No-till,"No-till (cover crop, no-fertilizer). Soybean. Soybean","Western field, 50-acre section with grass waterway running south of field; bordered by hay",AG-CROP,Mower,UnivOfMinnesota,Marquis,0.2,0.23,0.4148,2Bw,2.045955614,0.4148,0,34,1,28.8545212153648
795,ALT-7-1,ALT-7,1,S2019MN99-G-ALT,NA,NA,NA,SiL,1.121708074,NA,3.0791,NA,NA,17.78,1.94,NA,NA,1.42,0.37,0.11,NA,NA,0.71,186.66,35.04,129.69,360.3,NA,123.49,584.1,6.27,NA,NA,,MN-099-SW-ALT-016-1-103019,20N01713,NA,795,Ap1,0,5,ALT,NA,NA,-92.85348,43.74876,NA,Marquis,1,SHM-no till,SHM,CROP,No-till,"No-till (cover crop, no-fertilizer). Soybean. Soybean","Western field, 50-acre section with grass waterway running south of field; bordered by hay",AG-CROP,Mower,UnivOfMinnesota,Marquis,2.8,2.77,3.0791,Ap1,1.121708074,3.0791,0,5,1,17.269256653267
796,ALT-7-2,ALT-7,2,S2019MN99-G-ALT,NA,NA,NA,SiL,1.290616476,NA,3.3095,NA,NA,22.76,2.17,NA,NA,1.48,0.59,0.08,NA,NA,0.62,147.52,30.68,109.15,290.65,NA,133.23,484.25,5.68,NA,NA,,MN-099-SW-ALT-016-2-103019,20N01714,NA,796,Ap2,5,10,ALT,NA,NA,-92.85348,43.74876,NA,Marquis,1,SHM-no till,SHM,CROP,No-till,"No-till (cover crop, no-fertilizer). Soybean. Soybean","Western field, 50-acre section with grass waterway running south of field; bordered by hay",AG-CROP,Mower,UnivOfMinnesota,Marquis,2.5,2.48,3.3095,Ap2,1.290616476,3.3095,0,5,1,21.35647613661
797,ALT-7-3,ALT-7,3,S2019MN99-G-ALT,NA,NA,NA,SiL,1.454776207,NA,2.5249,NA,NA,46.29,1.33,NA,NA,0.57,0.6,0.13,NA,NA,0.34,75.66,13.11,35.09,184.15,NA,101.35,274.21,4.78,NA,NA,,MN-099-SW-ALT-016-3-103019,20N01715,NA,797,Ap3,10,27,ALT,NA,NA,-92.85348,43.74876,NA,Marquis,1,SHM-no till,SHM,CROP,No-till,"No-till (cover crop, no-fertilizer). Soybean. Soybean","Western field, 50-acre section with grass waterway running south of field; bordered by hay",AG-CROP,Mower,UnivOfMinnesota,Marquis,2.2,2.24,2.5249,A,1.454776207,2.5249,0,17,1,62.443795565923104
798,ALT-7-4,ALT-7,4,S2019MN99-G-ALT,NA,NA,NA,SiL,1.55323598,NA,1.4338,NA,NA,37.5,1.01,NA,NA,0.18,0.65,0.15,NA,NA,0.15,15.32,8.54,32.29,98.5,NA,25.18,63.38,1.91,NA,NA,,MN-099-SW-ALT-016-4-103019,20N01716,NA,798,A,27,56,ALT,NA,NA,-92.85348,43.74876,NA,Marquis,1,SHM-no till,SHM,CROP,No-till,"No-till (cover crop, no-fertilizer). Soybean. Soybean","Western field, 50-acre section with grass waterway running south of field; bordered by hay",AG-CROP,Mower,UnivOfMinnesota,Marquis,1.2,1.2,1.4338,A,1.55323598,1.4338,0,29,1,64.583862695596
799,ALT-7-5,ALT-7,5,S2019MN99-G-ALT,NA,NA,NA,L,2.091098037,NA,0.9288,NA,NA,30.11,0.98,NA,NA,0.3,0.42,0.21,NA,NA,0.1,8.82,8.16,20.75,61.18,NA,13.32,0,1.25,NA,NA,,MN-099-SW-ALT-016-5-103019,20N01717,NA,799,2Bw1,56,77,ALT,NA,NA,-92.85348,43.74876,NA,Marquis,1,SHM-no till,SHM,CROP,No-till,"No-till (cover crop, no-fertilizer). Soybean. Soybean","Western field, 50-acre section with grass waterway running south of field; bordered by hay",AG-CROP,Mower,UnivOfMinnesota,Marquis,0.7,0.66,0.9288,2Bw,2.091098037,0.9288,0,21,1,40.786448992077595
800,ALT-7-6,ALT-7,6,S2019MN99-G-ALT,NA,NA,NA,L,1.81206857,NA,0.3246,NA,NA,18.32,0.99,NA,NA,0.2,0.48,0.26,NA,NA,0.15,3.57,6.21,31.17,62.91,NA,3.78,0,0.92,NA,NA,,MN-099-SW-ALT-016-6-103019,20N01718,NA,800,2Bw2,77,100,ALT,NA,NA,-92.85348,43.74876,NA,Marquis,1,SHM-no till,SHM,CROP,No-till,"No-till (cover crop, no-fertilizer). Soybean. Soybean","Western field, 50-acre section with grass waterway running south of field; bordered by hay",AG-CROP,Mower,UnivOfMinnesota,Marquis,0.3,0.31,0.3246,2Bw,1.81206857,0.3246,0,23,1,13.528541529906
801,ALT-8-1,ALT-8,1,S2019MN99-H-ALT,NA,NA,NA,SiL,1.3387643869999999,NA,3.0299,NA,NA,20.91,2.4,NA,NA,1.78,0.52,0.08,NA,NA,0.79,223.56,52.43,157.85,325.35,NA,157.63,614.54,6.71,NA,NA,,MN-099-SW-ALT-017-1-103019,20N01719,NA,801,Ap1,0,5,ALT,NA,NA,-92.85374,43.74855,NA,Marquis,1,SHM-no till,SHM,CROP,No-till,"No-till (cover crop, no-fertilizer). Soybean. Soybean","Western field, 50-acre section with grass waterway running south of field; bordered by hay",AG-CROP,Mower,UnivOfMinnesota,Marquis,2.7,2.74,3.0299,Ap1,1.3387643869999999,3.0299,0,5,1,20.281611080856496
802,ALT-8-2,ALT-8,2,S2019MN99-H-ALT,NA,NA,NA,SiL,1.456158731,NA,3.2103,NA,NA,15.58,2.17,NA,NA,1.55,0.48,0.11,NA,NA,0.62,146.17,28.32,110.09,273.21,NA,93.16,475.06,5.62,NA,NA,,MN-099-SW-ALT-017-2-103019,20N01720,NA,802,Ap2,5,10,ALT,NA,NA,-92.85374,43.74855,NA,Marquis,1,SHM-no till,SHM,CROP,No-till,"No-till (cover crop, no-fertilizer). Soybean. Soybean","Western field, 50-acre section with grass waterway running south of field; bordered by hay",AG-CROP,Mower,UnivOfMinnesota,Marquis,2.5,2.49,3.2103,Ap2,1.456158731,3.2103,0,5,1,23.3735318706465
803,ALT-8-3,ALT-8,3,S2019MN99-H-ALT,NA,NA,NA,SiL,1.600061477,NA,2.3356,NA,NA,93.71,2.32,NA,NA,1.85,0.33,0.11,NA,NA,0.39,67.99,13.73,60.65,202.04,NA,96.44,309.24,4.14,NA,NA,,MN-099-SW-ALT-017-3-103019,20N01721,NA,803,Ap3,10,23,ALT,NA,NA,-92.85374,43.74855,NA,Marquis,1,SHM-no till,SHM,CROP,No-till,"No-till (cover crop, no-fertilizer). Soybean. Soybean","Western field, 50-acre section with grass waterway running south of field; bordered by hay",AG-CROP,Mower,UnivOfMinnesota,Marquis,2.1,2.14,2.3356,A,1.600061477,2.3356,0,13,1,48.58234661385559
804,ALT-8-4,ALT-8,4,S2019MN99-H-ALT,NA,NA,NA,SiL,1.534361518,NA,1.3617,NA,NA,84.78,0.68,NA,NA,0.22,0.23,0.15,NA,NA,0.19,17.52,7.48,26.9,78.13,NA,30.48,54.07,1.82,NA,NA,,MN-099-SW-ALT-017-4-103019,20N01722,NA,804,BA,23,41,ALT,NA,NA,-92.85374,43.74855,NA,Marquis,1,SHM-no till,SHM,CROP,No-till,"No-till (cover crop, no-fertilizer). Soybean. Soybean","Western field, 50-acre section with grass waterway running south of field; bordered by hay",AG-CROP,Mower,UnivOfMinnesota,Marquis,1.3,1.25,1.3617,BA,1.534361518,1.3617,0,18,1,37.60812142309079
805,ALT-8-5,ALT-8,5,S2019MN99-H-ALT,NA,NA,NA,L,2.01055097,NA,0.2886,NA,NA,86.21,0.87,NA,NA,0.19,0.36,0.27,NA,NA,0.04,2.51,4.78,16.77,57.47,NA,6.02,0,0.77,NA,NA,,MN-099-SW-ALT-017-5-103019,20N01723,NA,805,2Bw1,41,85,ALT,NA,NA,-92.85374,43.74855,NA,Marquis,1,SHM-no till,SHM,CROP,No-till,"No-till (cover crop, no-fertilizer). Soybean. Soybean","Western field, 50-acre section with grass waterway running south of field; bordered by hay",AG-CROP,Mower,UnivOfMinnesota,Marquis,0.3,0.26,0.2886,2Bw,2.01055097,0.2886,0,44,1,25.530780437448005
806,ALT-8-6,ALT-8,6,S2019MN99-H-ALT,NA,NA,NA,L,1.963845693,NA,0.2164,NA,NA,47.06,0.87,NA,NA,0.23,0.31,0.27,NA,NA,0.03,1.36,2.51,13.29,70.07,NA,2.34,0,0.67,NA,NA,,MN-099-SW-ALT-017-6-103019,20N01724,NA,806,2Bw2,85,117,ALT,NA,NA,-92.85374,43.74855,NA,Marquis,1,SHM-no till,SHM,CROP,No-till,"No-till (cover crop, no-fertilizer). Soybean. Soybean","Western field, 50-acre section with grass waterway running south of field; bordered by hay",AG-CROP,Mower,UnivOfMinnesota,Marquis,0.2,0.16,0.2164,2Bw,1.963845693,0.2164,0,32,1,13.599238654886399
807,ALT-9-1,ALT-9,1,S2019MN99-I-ALT,NA,NA,NA,SiL,1.303540072,NA,3.0299,NA,NA,34.17,1.97,NA,NA,1.47,0.34,0.12,NA,NA,0.82,170.28,31.11,102.85,285.4,NA,141.14,624.45,7.45,NA,NA,,MN-099-SW-ALT-018-1-103019,20N01725,NA,807,Ap1,0,5,ALT,NA,NA,-92.85341,43.749,NA,Readlyn,1,SHM-no till,SHM,CROP,No-till,"No-till (cover crop, no-fertilizer). Soybean. Soybean","Western field, 50-acre section with grass waterway running south of field; bordered by hay",AG-CROP,Mower,UnivOfMinnesota,Marquis,3,2.99,3.0299,Ap1,1.303540072,3.0299,0,5,1,19.747980320764004
808,ALT-9-2,ALT-9,2,S2019MN99-I-ALT,NA,NA,NA,SiL,1.483989546,NA,3.1923,NA,NA,50.79,1.84,NA,NA,1.28,0.41,0.12,NA,NA,0.5,100.06,20.43,69.64,238.73,NA,120.4,418.14,5.62,NA,NA,,MN-099-SW-ALT-018-2-103019,20N01726,NA,808,Ap2,5,10,ALT,NA,NA,-92.85341,43.749,NA,Readlyn,1,SHM-no till,SHM,CROP,No-till,"No-till (cover crop, no-fertilizer). Soybean. Soybean","Western field, 50-acre section with grass waterway running south of field; bordered by hay",AG-CROP,Mower,UnivOfMinnesota,Marquis,2.6,2.59,3.1923,Ap2,1.483989546,3.1923,0,5,1,23.686699138479
809,ALT-9-3,ALT-9,3,S2019MN99-I-ALT,NA,NA,NA,SiL,1.563935516,NA,2.5249,NA,NA,83.01,0.86,NA,NA,0.43,0.23,0.13,NA,NA,0.31,26.31,22.28,37.22,138.65,NA,57.02,221.56,2.87,NA,NA,,MN-099-SW-ALT-018-3-103019,20N01727,NA,809,Ap3,10,21,ALT,NA,NA,-92.85341,43.749,NA,Readlyn,1,SHM-no till,SHM,CROP,No-till,"No-till (cover crop, no-fertilizer). Soybean. Soybean","Western field, 50-acre section with grass waterway running south of field; bordered by hay",AG-CROP,Mower,UnivOfMinnesota,Marquis,2.2,2.21,2.5249,A,1.563935516,2.5249,0,11,1,43.4365886278324
810,ALT-9-4,ALT-9,4,S2019MN99-I-ALT,NA,NA,NA,SiL,1.585815465,NA,1.6142,NA,NA,81.98,0.55,NA,NA,0.1,0.21,0.16,NA,NA,0.18,13.76,0,3.42,45.22,NA,15.34,76.92,1.83,NA,NA,,MN-099-SW-ALT-018-4-103019,20N01728,NA,810,A,21,46,ALT,NA,NA,-92.85341,43.749,NA,Readlyn,1,SHM-no till,SHM,CROP,No-till,"No-till (cover crop, no-fertilizer). Soybean. Soybean","Western field, 50-acre section with grass waterway running south of field; bordered by hay",AG-CROP,Mower,UnivOfMinnesota,Marquis,1.4,1.43,1.6142,A,1.585815465,1.6142,0,25,1,63.995583090075
811,ALT-9-5,ALT-9,5,S2019MN99-I-ALT,NA,NA,NA,SiL,1.755445184,NA,1.5871,NA,NA,90.21,0.49,NA,NA,0.04,0.25,0.11,NA,NA,0.13,14.11,15.42,13.98,65.88,NA,19.77,76.58,1.73,NA,NA,,MN-099-SW-ALT-018-5-103019,20N01729,NA,811,BA,46,72,ALT,NA,NA,-92.85341,43.749,NA,Readlyn,1,SHM-no till,SHM,CROP,No-till,"No-till (cover crop, no-fertilizer). Soybean. Soybean","Western field, 50-acre section with grass waterway running south of field; bordered by hay",AG-CROP,Mower,UnivOfMinnesota,Marquis,1.4,1.39,1.5871,BA,1.755445184,1.5871,0,26,1,72.4377433396864
812,ALT-9-6,ALT-9,6,S2019MN99-I-ALT,NA,NA,NA,L,1.925976549,NA,0.2976,NA,NA,44.37,1.05,NA,NA,0.18,0.62,0.21,NA,NA,0.05,0.96,1.93,10.49,42.12,NA,4.37,0,0.58,NA,NA,,MN-099-SW-ALT-018-6-103019,20N01730,NA,812,2Bw1,72,108,ALT,NA,NA,-92.85341,43.749,NA,Readlyn,1,SHM-no till,SHM,CROP,No-till,"No-till (cover crop, no-fertilizer). Soybean. Soybean","Western field, 50-acre section with grass waterway running south of field; bordered by hay",AG-CROP,Mower,UnivOfMinnesota,Marquis,0.3,0.25,0.2976,2Bw,1.925976549,0.2976,0,36,1,20.6341423553664
703,CON-1-1,CON-1,1,S2019MN99-A-CON,NA,NA,NA,SiL,1.123872025,NA,2.8666,NA,NA,28.27,2.12,NA,NA,1.51,0.5,0.09,NA,NA,0.75,184.97,38.17,166.31,200.74,NA,94.28,555.32,4.85,NA,NA,,MN-099-SW-CON-001-1-102819,20N01622,NA,703,Ap1,0,5,CON,NA,NA,-92.845294,43.74768,NA,Readlyn,27,BAU,BAU,CROP,Till,conventional tillage (10cm tillage in Spring; 30cm tillage in fall). Soybean,"Eastern field, 150-acre section with grass waterway running from middle of W border to north-center of section",AG-CROP,Mower,UnivOfMinnesota,Readlyn,2.7,2.68,2.8666,Ap1,1.123872025,2.8666,0,5,1,16.108457734325
704,CON-1-2,CON-1,2,S2019MN99-A-CON,NA,NA,NA,SiL,1.350425678,NA,2.7633,NA,NA,15.22,2.23,NA,NA,1.58,0.54,0.09,NA,NA,0.61,152.3,25.48,139.05,169.64,NA,92.7,542.1,5,NA,NA,,MN-099-SW-CON-001-2-102819,20N01623,NA,704,Ap2,5,10,CON,NA,NA,-92.845294,43.74768,NA,Readlyn,27,BAU,BAU,CROP,Till,conventional tillage (10cm tillage in Spring; 30cm tillage in fall). Soybean,"Eastern field, 150-acre section with grass waterway running from middle of W border to north-center of section",AG-CROP,Mower,UnivOfMinnesota,Readlyn,2.6,2.64,2.7633,Ap2,1.350425678,2.7633,0,5,1,18.658156380087
705,CON-1-3,CON-1,3,S2019MN99-A-CON,NA,NA,NA,SiL,1.257556112,NA,2.5997,NA,NA,5.99,1.65,NA,NA,1.01,0.48,0.13,NA,NA,0.48,104.89,28.85,72.66,146.47,NA,75.84,457.47,4.87,NA,NA,,MN-099-SW-CON-001-3-102819,20N01624,NA,705,Ap3,10,26,CON,NA,NA,-92.845294,43.74768,NA,Readlyn,27,BAU,BAU,CROP,Till,conventional tillage (10cm tillage in Spring; 30cm tillage in fall). Soybean,"Eastern field, 150-acre section with grass waterway running from middle of W border to north-center of section",AG-CROP,Mower,UnivOfMinnesota,Readlyn,2.5,2.46,2.5997,A,1.257556112,2.5997,0,16,1,52.3082979898624
706,CON-1-4,CON-1,4,S2019MN99-A-CON,NA,NA,NA,SiL,1.496732814,NA,0.8953,NA,NA,1.81,0.96,NA,NA,0.14,0.63,0.15,NA,NA,0.1,10.05,9.98,16.87,43.99,NA,15.58,1.44,1.32,NA,NA,,MN-099-SW-CON-001-4-102819,20N01625,NA,706,Bw,26,50,CON,NA,NA,-92.845294,43.74768,NA,Readlyn,27,BAU,BAU,CROP,Till,conventional tillage (10cm tillage in Spring; 30cm tillage in fall). Soybean,"Eastern field, 150-acre section with grass waterway running from middle of W border to north-center of section",AG-CROP,Mower,UnivOfMinnesota,Readlyn,0.7,0.68,0.8953,Bw,1.496732814,0.8953,0,24,1,32.1605973209808
707,CON-1-5,CON-1,5,S2019MN99-A-CON,NA,NA,NA,CL,1.573673296,NA,0.3788,NA,NA,13.94,1.75,NA,NA,0.92,0.67,0.13,NA,NA,0.1,3.88,11.14,18.06,50.01,NA,10.1,0,0.99,NA,NA,,MN-099-SW-CON-001-5-102819,20N01626,NA,707,2BG,50,110,CON,NA,NA,-92.845294,43.74768,NA,Readlyn,27,BAU,BAU,CROP,Till,conventional tillage (10cm tillage in Spring; 30cm tillage in fall). Soybean,"Eastern field, 150-acre section with grass waterway running from middle of W border to north-center of section",AG-CROP,Mower,UnivOfMinnesota,Readlyn,0.3,0.29,0.3788,2Bw,1.573673296,0.3788,0,60,1,35.766446671488
708,CON-2-1,CON-2,1,S2019MN99-B-CON,NA,NA,NA,L,1.282822983,NA,2.9268,NA,NA,4.26,2.57,NA,NA,2.05,0.42,0.08,NA,NA,0.88,252.18,41.45,205.49,271.1,NA,132.45,633.25,6.69,NA,NA,,MN-099-SW-CON-002-1-102819,20N01627,NA,708,Ap1,0,5,CON,NA,NA,-92.845601,43.747906,NA,Marquis,27,BAU,BAU,CROP,Till,conventional tillage (10cm tillage in Spring; 30cm tillage in fall). Soybean,"Eastern field, 150-acre section with grass waterway running from middle of W border to north-center of section",AG-CROP,Mower,UnivOfMinnesota,Readlyn,3.1,3.08,2.9268,Ap1,1.282822983,2.9268,0,5,1,18.772831533222
709,CON-2-2,CON-2,2,S2019MN99-B-CON,NA,NA,NA,L,1.247331105,NA,2.7719,NA,NA,5.54,2.76,NA,NA,2.21,0.47,0.07,NA,NA,0.67,181.51,28.59,129.11,232.84,NA,129.84,578.88,6.19,NA,NA,,MN-099-SW-CON-002-2-102819,20N01628,NA,709,Ap2,5,10,CON,NA,NA,-92.845601,43.747906,NA,Marquis,27,BAU,BAU,CROP,Till,conventional tillage (10cm tillage in Spring; 30cm tillage in fall). Soybean,"Eastern field, 150-acre section with grass waterway running from middle of W border to north-center of section",AG-CROP,Mower,UnivOfMinnesota,Readlyn,2.9,2.92,2.7719,Ap2,1.247331105,2.7719,0,5,1,17.2873854497475
710,CON-2-3,CON-2,3,S2019MN99-B-CON,NA,NA,NA,L,1.350017571,NA,2.4103,NA,NA,3.72,1.88,NA,NA,1.2,0.56,0.1,NA,NA,0.44,108.01,16.19,70.47,189.61,NA,111.48,412.95,4.89,NA,NA,,MN-099-SW-CON-002-3-102819,20N01629,NA,710,Ap3,10,32,CON,NA,NA,-92.845601,43.747906,NA,Marquis,27,BAU,BAU,CROP,Till,conventional tillage (10cm tillage in Spring; 30cm tillage in fall). Soybean,"Eastern field, 150-acre section with grass waterway running from middle of W border to north-center of section",AG-CROP,Mower,UnivOfMinnesota,Readlyn,2.4,2.43,2.4103,A,1.350017571,2.4103,0,22,1,71.5868417303886
711,CON-2-4,CON-2,4,S2019MN99-B-CON,NA,NA,NA,CL,1.624100756,NA,0.9641,NA,NA,3.27,1.57,NA,NA,0.71,0.68,0.15,NA,NA,0.19,10.98,7.43,14.22,95.55,NA,13.28,8.66,1.64,NA,NA,,MN-099-SW-CON-002-4-102819,20N01630,NA,711,BA,32,54,CON,NA,NA,-92.845601,43.747906,NA,Marquis,27,BAU,BAU,CROP,Till,conventional tillage (10cm tillage in Spring; 30cm tillage in fall). Soybean,"Eastern field, 150-acre section with grass waterway running from middle of W border to north-center of section",AG-CROP,Mower,UnivOfMinnesota,Readlyn,0.9,0.89,0.9641,BA,1.624100756,0.9641,0,22,1,34.447501854911195
712,CON-2-5,CON-2,5,S2019MN99-B-CON,NA,NA,NA,CL,1.962789264,NA,0.4218,NA,NA,29.89,1.67,NA,NA,0.94,0.61,0.09,NA,NA,0.1,3.09,7.21,14.48,41.99,NA,5.19,0,0.91,NA,NA,,MN-099-SW-CON-002-5-102819,20N01631,NA,712,Bw1,54,77,CON,NA,NA,-92.845601,43.747906,NA,Marquis,27,BAU,BAU,CROP,Till,conventional tillage (10cm tillage in Spring; 30cm tillage in fall). Soybean,"Eastern field, 150-acre section with grass waterway running from middle of W border to north-center of section",AG-CROP,Mower,UnivOfMinnesota,Readlyn,0.3,0.31,0.4218,Bw,1.962789264,0.4218,0,23,1,19.0418037657696
713,CON-2-6,CON-2,6,S2019MN99-B-CON,NA,NA,NA,CL,1.883153574,NA,0.3099,NA,NA,7.27,1.96,NA,NA,1.19,0.62,0.12,NA,NA,0.09,2.31,6.74,25.29,36.96,NA,5.03,0,0.85,NA,NA,,MN-099-SW-CON-002-6-102819,20N01632,NA,713,Bw2,77,137,CON,NA,NA,-92.845601,43.747906,NA,Marquis,27,BAU,BAU,CROP,Till,conventional tillage (10cm tillage in Spring; 30cm tillage in fall). Soybean,"Eastern field, 150-acre section with grass waterway running from middle of W border to north-center of section",AG-CROP,Mower,UnivOfMinnesota,Readlyn,0.2,0.22,0.3099,Bw,1.883153574,0.3099,0,60,1,35.015357554956005
714,CON-3-1,CON-3,1,S2019MN99-C-CON,NA,NA,NA,L,1.15544377,NA,2.7626,NA,NA,3.66,1,NA,NA,0.47,0.34,0.13,NA,NA,0.77,201.76,40.23,155.09,254.37,NA,100.26,565.36,5.43,NA,NA,,MN-099-SW-CON-003-1-102819,20N01633,NA,714,Ap1,0,5,CON,NA,NA,-92.844985,43.747593,NA,Marquis,27,BAU,BAU,CROP,Till,conventional tillage (10cm tillage in Spring; 30cm tillage in fall). Soybean,"Eastern field, 150-acre section with grass waterway running from middle of W border to north-center of section",AG-CROP,Mower,UnivOfMinnesota,Readlyn,2.7,2.71,2.7626,Ap1,1.15544377,2.7626,0,5,1,15.960144795009999
715,CON-3-2,CON-3,2,S2019MN99-C-CON,NA,NA,NA,L,1.22990093,NA,2.8407,NA,NA,3.91,2.57,NA,NA,2.04,0.44,0.09,NA,NA,0.61,172.92,31.97,118.11,232.12,NA,112.94,549.29,6.06,NA,NA,,MN-099-SW-CON-003-2-102819,20N01634,NA,715,Ap2,5,10,CON,NA,NA,-92.844985,43.747593,NA,Marquis,27,BAU,BAU,CROP,Till,conventional tillage (10cm tillage in Spring; 30cm tillage in fall). Soybean,"Eastern field, 150-acre section with grass waterway running from middle of W border to north-center of section",AG-CROP,Mower,UnivOfMinnesota,Readlyn,2.7,2.64,2.8407,Ap2,1.22990093,2.8407,0,5,1,17.468897859254998
716,CON-3-3,CON-3,3,S2019MN99-C-CON,NA,NA,NA,L,1.307768342,NA,2.0488,NA,NA,2.22,1.72,NA,NA,1.05,0.52,0.12,NA,NA,0.39,103.7,8.22,54.87,189.83,NA,84.24,414.5,4.89,NA,NA,,MN-099-SW-CON-003-3-102819,20N01635,NA,716,Ap3,10,25,CON,NA,NA,-92.844985,43.747593,NA,Marquis,27,BAU,BAU,CROP,Till,conventional tillage (10cm tillage in Spring; 30cm tillage in fall). Soybean,"Eastern field, 150-acre section with grass waterway running from middle of W border to north-center of section",AG-CROP,Mower,UnivOfMinnesota,Readlyn,2.3,2.26,2.0488,A,1.307768342,2.0488,0,15,1,40.190336686344
717,CON-3-4,CON-3,4,S2019MN99-C-CON,NA,NA,NA,CL,1.36677587,NA,0.7834,NA,NA,2.45,1.22,NA,NA,0.33,0.79,0.06,NA,NA,0.1,10.23,6.97,17.57,61.3,NA,17.37,9.83,1.41,NA,NA,,MN-099-SW-CON-003-4-102819,20N01636,NA,717,BA,25,35,CON,NA,NA,-92.844985,43.747593,NA,Marquis,27,BAU,BAU,CROP,Till,conventional tillage (10cm tillage in Spring; 30cm tillage in fall). Soybean,"Eastern field, 150-acre section with grass waterway running from middle of W border to north-center of section",AG-CROP,Mower,UnivOfMinnesota,Readlyn,0.8,0.77,0.7834,BA,1.36677587,0.7834,0,10,1,10.707322165579999
718,CON-3-5,CON-3,5,S2019MN99-C-CON,NA,NA,NA,CL,1.523035213,NA,0.5768,NA,NA,0.82,1.65,NA,NA,0.69,0.8,0.13,NA,NA,0.14,3.47,6.46,24.6,72.4,NA,15.1,0,1.07,NA,NA,,MN-099-SW-CON-003-5-102819,20N01637,NA,718,Bw1,35,60,CON,NA,NA,-92.844985,43.747593,NA,Marquis,27,BAU,BAU,CROP,Till,conventional tillage (10cm tillage in Spring; 30cm tillage in fall). Soybean,"Eastern field, 150-acre section with grass waterway running from middle of W border to north-center of section",AG-CROP,Mower,UnivOfMinnesota,Readlyn,0.4,0.43,0.5768,Bw,1.523035213,0.5768,0,25,1,21.96216777146
719,CON-3-6,CON-3,6,S2019MN99-C-CON,NA,NA,NA,CL,1.799372603,NA,0.3443,NA,NA,10.92,1.55,NA,NA,0.72,0.66,0.14,NA,NA,0.07,4.18,9.89,22.74,95.31,NA,10.84,0,0.87,NA,NA,,MN-099-SW-CON-003-6-102819,20N01638,NA,719,Bw2,60,80,CON,NA,NA,-92.844985,43.747593,NA,Marquis,27,BAU,BAU,CROP,Till,conventional tillage (10cm tillage in Spring; 30cm tillage in fall). Soybean,"Eastern field, 150-acre section with grass waterway running from middle of W border to north-center of section",AG-CROP,Mower,UnivOfMinnesota,Readlyn,0.3,0.27,0.3443,Bw,1.799372603,0.3443,0,20,1,12.390479744257998
720,CON-3-7,CON-3,7,S2019MN99-C-CON,NA,NA,NA,CL,1.755779623,NA,0.1636,NA,NA,9.47,0.93,NA,NA,0.21,0.51,0.16,NA,NA,0.06,2.1,8.28,25.46,69.75,NA,3.88,0,0.61,NA,NA,,MN-099-SW-CON-003-7-102819,20N01639,NA,720,2C1,80,110,CON,NA,NA,-92.844985,43.747593,NA,Marquis,27,BAU,BAU,CROP,Till,conventional tillage (10cm tillage in Spring; 30cm tillage in fall). Soybean,"Eastern field, 150-acre section with grass waterway running from middle of W border to north-center of section",AG-CROP,Mower,UnivOfMinnesota,Readlyn,0.2,0.18,0.1636,Bw,1.755779623,0.1636,0,30,1,8.617366389684
721,CON-4-1,CON-4,1,S2019MN99-D-CON,NA,NA,NA,L,0.954238925,NA,3.1851,NA,NA,10.25,2.12,NA,NA,1.72,0.27,0.09,NA,NA,0.78,212.72,34.75,211.14,303.6,NA,132.67,689.39,6.82,NA,NA,,MN-099-SW-CON-004-1-102819,20N01640,NA,721,Ap1,0,5,CON,NA,NA,-92.84107,43.750483,NA,Marquis,27,BAU,BAU,CROP,Till,conventional tillage (10cm tillage in Spring; 30cm tillage in fall). Soybean,"Eastern field, 150-acre section with grass waterway running from middle of W border to north-center of section",AG-CROP,Mower,UnivOfMinnesota,Readlyn,3.2,3.23,3.1851,Ap1,0.954238925,3.1851,0,5,1,15.196732000087499
722,CON-4-2,CON-4,2,S2019MN99-D-CON,NA,NA,NA,L,1.180452282,NA,2.7977,NA,NA,4.76,1.4,NA,NA,0.88,0.35,0.13,NA,NA,0.59,186.4,26.4,160.21,241.43,NA,138.59,652.18,6.21,NA,NA,,MN-099-SW-CON-004-2-102819,20N01641,NA,722,Ap2,5,10,CON,NA,NA,-92.84107,43.750483,NA,Marquis,27,BAU,BAU,CROP,Till,conventional tillage (10cm tillage in Spring; 30cm tillage in fall). Soybean,"Eastern field, 150-acre section with grass waterway running from middle of W border to north-center of section",AG-CROP,Mower,UnivOfMinnesota,Readlyn,3.1,3.12,2.7977,Ap2,1.180452282,2.7977,0,5,1,16.512756746757
723,CON-4-3,CON-4,3,S2019MN99-D-CON,NA,NA,NA,L,1.440389239,NA,2.5739,NA,NA,16.02,1.47,NA,NA,0.9,0.41,0.12,NA,NA,0.41,136.23,22.01,122.32,201.01,NA,109.41,500.18,4.99,NA,NA,,MN-099-SW-CON-004-3-102819,20N01642,NA,723,Ap3,10,25,CON,NA,NA,-92.84107,43.750483,NA,Marquis,27,BAU,BAU,CROP,Till,conventional tillage (10cm tillage in Spring; 30cm tillage in fall). Soybean,"Eastern field, 150-acre section with grass waterway running from middle of W border to north-center of section",AG-CROP,Mower,UnivOfMinnesota,Readlyn,2.7,2.69,2.5739,A,1.440389239,2.5739,0,15,1,55.6112679339315
724,CON-4-4,CON-4,4,S2019MN99-D-CON,NA,NA,NA,CL,1.480253165,NA,1.0072,NA,NA,18.15,1.19,NA,NA,0.58,0.45,0.12,NA,NA,0.22,18.44,11.65,27.28,69.98,NA,22.03,50.03,1.67,NA,NA,,MN-099-SW-CON-004-4-102819,20N01643,NA,724,AB,25,47,CON,NA,NA,-92.84107,43.750483,NA,Marquis,27,BAU,BAU,CROP,Till,conventional tillage (10cm tillage in Spring; 30cm tillage in fall). Soybean,"Eastern field, 150-acre section with grass waterway running from middle of W border to north-center of section",AG-CROP,Mower,UnivOfMinnesota,Readlyn,1,0.99,1.0072,AB,1.480253165,1.0072,0,22,1,32.800041731336
725,CON-4-5,CON-4,5,S2019MN99-D-CON,NA,NA,NA,CL,1.72697668,NA,0.3013,NA,NA,9.51,1.25,NA,NA,0.48,0.57,0.16,NA,NA,0.1,4.17,4.22,31.11,80.64,NA,6.64,0,0.7,NA,NA,,MN-099-SW-CON-004-5-102819,20N01644,NA,725,Bw,47,110,CON,NA,NA,-92.84107,43.750483,NA,Marquis,27,BAU,BAU,CROP,Till,conventional tillage (10cm tillage in Spring; 30cm tillage in fall). Soybean,"Eastern field, 150-acre section with grass waterway running from middle of W border to north-center of section",AG-CROP,Mower,UnivOfMinnesota,Readlyn,0.2,0.22,0.3013,Bw,1.72697668,0.3013,0,63,1,32.781298642092
726,CON-5-1,CON-5,1,S2019MN99-E-CON,NA,NA,NA,CL,0.965038055,NA,3.1334,NA,NA,9.62,1.38,NA,NA,0.88,0.32,0.13,NA,NA,0.66,189.32,29.38,178.84,300.22,NA,129.34,670.68,5.68,NA,NA,,MN-099-SW-CON-005-1-102819,20N01645,NA,726,Ap1,0,5,CON,NA,NA,-92.84134,43.75062,NA,Marquis,27,BAU,BAU,CROP,Till,conventional tillage (10cm tillage in Spring; 30cm tillage in fall). Soybean,"Eastern field, 150-acre section with grass waterway running from middle of W border to north-center of section",AG-CROP,Mower,UnivOfMinnesota,Readlyn,3.2,3.15,3.1334,Ap1,0.965038055,3.1334,0,5,1,15.119251207684998
727,CON-5-2,CON-5,2,S2019MN99-E-CON,NA,NA,NA,CL,1.062167073,NA,2.9957,NA,NA,7.67,1.83,NA,NA,1.33,0.36,0.11,NA,NA,0.58,169.19,34.59,156.57,280.33,NA,137.81,574.5,5.26,NA,NA,,MN-099-SW-CON-005-2-102819,20N01646,NA,727,Ap2,5,10,CON,NA,NA,-92.84134,43.75062,NA,Marquis,27,BAU,BAU,CROP,Till,conventional tillage (10cm tillage in Spring; 30cm tillage in fall). Soybean,"Eastern field, 150-acre section with grass waterway running from middle of W border to north-center of section",AG-CROP,Mower,UnivOfMinnesota,Readlyn,3.1,3.1,2.9957,Ap2,1.062167073,2.9957,0,5,1,15.909669502930496
728,CON-5-3,CON-5,3,S2019MN99-E-CON,NA,NA,NA,CL,1.540044369,NA,2.5653,NA,NA,9.37,1.61,NA,NA,0.86,0.64,0.09,NA,NA,0.4,115.6,20.86,113.97,243.81,NA,126.81,481.6,4.77,NA,NA,,MN-099-SW-CON-005-3-102819,20N01647,NA,728,Ap3,10,22,CON,NA,NA,-92.84134,43.75062,NA,Marquis,27,BAU,BAU,CROP,Till,conventional tillage (10cm tillage in Spring; 30cm tillage in fall). Soybean,"Eastern field, 150-acre section with grass waterway running from middle of W border to north-center of section",AG-CROP,Mower,UnivOfMinnesota,Readlyn,2.8,2.79,2.5653,A,1.540044369,2.5653,0,12,1,47.40810983754841
729,CON-5-4,CON-5,4,S2019MN99-E-CON,NA,NA,NA,CL,1.370163316,NA,0.9469,NA,NA,11.43,0.79,NA,NA,0.18,0.43,0.14,NA,NA,0.16,14.61,0.14,0.09,55.21,NA,19.61,18.4,1.4,NA,NA,,MN-099-SW-CON-005-4-102819,20N01648,NA,729,AB,22,53,CON,NA,NA,-92.84134,43.75062,NA,Marquis,27,BAU,BAU,CROP,Till,conventional tillage (10cm tillage in Spring; 30cm tillage in fall). Soybean,"Eastern field, 150-acre section with grass waterway running from middle of W border to north-center of section",AG-CROP,Mower,UnivOfMinnesota,Readlyn,0.9,0.86,0.9469,AB,1.370163316,0.9469,0,31,1,40.219636961532395
730,CON-5-5,CON-5,5,S2019MN99-E-CON,NA,NA,NA,CL,1.667739346,NA,0.4735,NA,NA,16.03,1.45,NA,NA,0.58,0.68,0.15,NA,NA,0.12,4.71,4.96,42.21,87.88,NA,13.19,29.34,1.02,NA,NA,,MN-099-SW-CON-005-5-102819,20N01649,NA,730,Bw1,53,80,CON,NA,NA,-92.84134,43.75062,NA,Marquis,27,BAU,BAU,CROP,Till,conventional tillage (10cm tillage in Spring; 30cm tillage in fall). Soybean,"Eastern field, 150-acre section with grass waterway running from middle of W border to north-center of section",AG-CROP,Mower,UnivOfMinnesota,Readlyn,0.4,0.35,0.4735,Bw,1.667739346,0.4735,0,27,1,21.321213668937002
731,CON-5-6,CON-5,6,S2019MN99-E-CON,NA,NA,NA,CL,1.710241186,NA,0.1894,NA,NA,21.2,1.03,NA,NA,0.29,0.49,0.2,NA,NA,0.08,4.4,2.99,31.91,37.39,NA,8.29,0,0.6,NA,NA,,MN-099-SW-CON-005-6-102819,20N01650,NA,731,Bw2,80,110,CON,NA,NA,-92.84134,43.75062,NA,Marquis,27,BAU,BAU,CROP,Till,conventional tillage (10cm tillage in Spring; 30cm tillage in fall). Soybean,"Eastern field, 150-acre section with grass waterway running from middle of W border to north-center of section",AG-CROP,Mower,UnivOfMinnesota,Readlyn,0.2,0.21,0.1894,Bw,1.710241186,0.1894,0,30,1,9.717590418852001
732,CON-6-1,CON-6,1,S2019MN99-F-CON,NA,NA,NA,CL,1.175021141,NA,3.1678,NA,NA,6.52,2.02,NA,NA,1.57,0.31,0.1,NA,NA,0.78,217.06,37.2,243.98,219.06,NA,130.24,704.44,6.04,NA,NA,,MN-099-SW-CON-006-1-102819,20N01651,NA,732,Ap1,0,5,CON,NA,NA,-92.84078,43.75034,NA,Marquis,27,BAU,BAU,CROP,Till,conventional tillage (10cm tillage in Spring; 30cm tillage in fall). Soybean,"Eastern field, 150-acre section with grass waterway running from middle of W border to north-center of section",AG-CROP,Mower,UnivOfMinnesota,Readlyn,3.1,3.13,3.1678,Ap1,1.175021141,3.1678,0,5,1,18.611159852299004
733,CON-6-2,CON-6,2,S2019MN99-F-CON,NA,NA,NA,CL,1.271518631,NA,2.9785,NA,NA,1.61,2.3,NA,NA,1.79,0.4,0.09,NA,NA,0.66,212.38,38.51,202.59,220.42,NA,143.61,701.28,5.65,NA,NA,,MN-099-SW-CON-006-2-102819,20N01652,NA,733,Ap2,5,10,CON,NA,NA,-92.84078,43.75034,NA,Marquis,27,BAU,BAU,CROP,Till,conventional tillage (10cm tillage in Spring; 30cm tillage in fall). Soybean,"Eastern field, 150-acre section with grass waterway running from middle of W border to north-center of section",AG-CROP,Mower,UnivOfMinnesota,Readlyn,3,2.99,2.9785,Ap2,1.271518631,2.9785,0,5,1,18.936091212167497
734,CON-6-3,CON-6,3,S2019MN99-F-CON,NA,NA,NA,CL,1.172368723,NA,2.4964,NA,NA,10.58,1.87,NA,NA,1.32,0.41,0.11,NA,NA,0.41,127.97,19.68,115.19,171.42,NA,99.82,505.92,4.44,NA,NA,,MN-099-SW-CON-006-3-102819,20N01653,NA,734,Ap3,10,25,CON,NA,NA,-92.84078,43.75034,NA,Marquis,27,BAU,BAU,CROP,Till,conventional tillage (10cm tillage in Spring; 30cm tillage in fall). Soybean,"Eastern field, 150-acre section with grass waterway running from middle of W border to north-center of section",AG-CROP,Mower,UnivOfMinnesota,Readlyn,2.6,2.58,2.4964,A,1.172368723,2.4964,0,15,1,43.900519201457996
735,CON-6-4,CON-6,4,S2019MN99-F-CON,NA,NA,NA,CL,1.609512458,NA,1.0158,NA,NA,6.67,0.87,NA,NA,0.27,0.45,0.1,NA,NA,0.11,13.91,4.97,23.7,65.27,NA,19.2,5.66,1.8,NA,NA,,MN-099-SW-CON-006-4-102819,20N01654,NA,735,AB,25,42,CON,NA,NA,-92.84078,43.75034,NA,Marquis,27,BAU,BAU,CROP,Till,conventional tillage (10cm tillage in Spring; 30cm tillage in fall). Soybean,"Eastern field, 150-acre section with grass waterway running from middle of W border to north-center of section",AG-CROP,Mower,UnivOfMinnesota,Readlyn,1.1,1.05,1.0158,AB,1.609512458,1.0158,0,17,1,27.794026832218798
736,CON-6-5,CON-6,5,S2019MN99-F-CON,NA,NA,NA,CL,1.806991287,NA,0.3443,NA,NA,3.85,2.01,NA,NA,1.22,0.67,0.1,NA,NA,0.18,4.02,7.97,14.73,55.23,NA,6.09,0,0.96,NA,NA,,MN-099-SW-CON-006-5-102819,20N01655,NA,736,Bw,42,87,CON,NA,NA,-92.84078,43.75034,NA,Marquis,27,BAU,BAU,CROP,Till,conventional tillage (10cm tillage in Spring; 30cm tillage in fall). Soybean,"Eastern field, 150-acre section with grass waterway running from middle of W border to north-center of section",AG-CROP,Mower,UnivOfMinnesota,Readlyn,0.4,0.39,0.3443,Bw,1.806991287,0.3443,0,45,1,27.9966195051345
737,CON-6-6,CON-6,6,S2019MN99-F-CON,NA,NA,NA,CL,2.259860072,NA,NA,NA,NA,2.82,0.99,NA,NA,0.36,0.38,0.18,NA,NA,0.12,0.15,1.95,14.73,19.23,NA,5.31,0,0.24,NA,NA,,MN-099-SW-CON-006-6-102819,20N01656,NA,737,2BC,87,110,CON,NA,NA,-92.84078,43.75034,NA,Marquis,27,BAU,BAU,CROP,Till,conventional tillage (10cm tillage in Spring; 30cm tillage in fall). Soybean,"Eastern field, 150-acre section with grass waterway running from middle of W border to north-center of section",AG-CROP,Mower,UnivOfMinnesota,Readlyn,0.2,1.5,NA,Bw,2.259860072,0.40202,0,23,1,20.89570576134512
738,CON-7-1,CON-7,1,S2019MN99-G-CON,NA,NA,NA,L,0.969963974,NA,2.5308,NA,NA,14.46,1.91,NA,NA,1.34,0.47,0.06,NA,NA,0.84,211.15,43.79,205.41,253.18,NA,133.6,697.95,6.02,NA,NA,,MN-099-SW-CON-007-1-102919,20N01657,NA,738,Ap1,0,5,CON,NA,NA,-92.84329,43.75222,NA,Readlyn,27,BAU,BAU,CROP,Till,conventional tillage (10cm tillage in Spring; 30cm tillage in fall). Soybean,"Eastern field, 150-acre section with grass waterway running from middle of W border to north-center of section",AG-CROP,Mower,UnivOfMinnesota,Readlyn,3.1,3.06,2.5308,Ap1,0.969963974,2.5308,0,5,1,12.273924126996
739,CON-7-2,CON-7,2,S2019MN99-G-CON,NA,NA,NA,L,1.352227919,NA,2.7374,NA,NA,21.57,2.87,NA,NA,2.41,0.39,0.06,NA,NA,0.63,179.9,30.82,158.08,241.31,NA,125.2,625.6,5.86,NA,NA,,MN-099-SW-CON-007-2-102919,20N01658,NA,739,Ap2,5,10,CON,NA,NA,-92.84329,43.75222,NA,Readlyn,27,BAU,BAU,CROP,Till,conventional tillage (10cm tillage in Spring; 30cm tillage in fall). Soybean,"Eastern field, 150-acre section with grass waterway running from middle of W border to north-center of section",AG-CROP,Mower,UnivOfMinnesota,Readlyn,3,2.96,2.7374,Ap2,1.352227919,2.7374,0,5,1,18.507943527353
740,CON-7-3,CON-7,3,S2019MN99-G-CON,NA,NA,NA,L,1.443736337,NA,2.66,NA,NA,2.53,1.88,NA,NA,1.06,0.73,0.07,NA,NA,0.35,82.8,18.38,76.44,188.33,NA,85.25,416.65,4.65,NA,NA,,MN-099-SW-CON-007-3-102919,20N01659,NA,740,Ap3,10,20,CON,NA,NA,-92.84329,43.75222,NA,Readlyn,27,BAU,BAU,CROP,Till,conventional tillage (10cm tillage in Spring; 30cm tillage in fall). Soybean,"Eastern field, 150-acre section with grass waterway running from middle of W border to north-center of section",AG-CROP,Mower,UnivOfMinnesota,Readlyn,2.5,2.51,2.66,A,1.443736337,2.66,0,10,1,38.403386564200005
741,CON-7-4,CON-7,4,S2019MN99-G-CON,NA,NA,NA,L,1.388288172,NA,0.9297,NA,NA,11.27,1.32,NA,NA,0.6,0.58,0.11,NA,NA,0.12,15.22,14.33,25.18,80.07,NA,22.41,49.73,1.59,NA,NA,,MN-099-SW-CON-007-4-102919,20N01660,NA,741,BA,20,34,CON,NA,NA,-92.84329,43.75222,NA,Readlyn,27,BAU,BAU,CROP,Till,conventional tillage (10cm tillage in Spring; 30cm tillage in fall). Soybean,"Eastern field, 150-acre section with grass waterway running from middle of W border to north-center of section",AG-CROP,Mower,UnivOfMinnesota,Readlyn,1,0.99,0.9297,BA,1.388288172,0.9297,0,14,1,18.069681189117603
742,CON-7-5,CON-7,5,S2019MN99-G-CON,NA,NA,NA,L,1.46021922,NA,0.6628,NA,NA,12.1,2.59,NA,NA,1.91,0.57,0.09,NA,NA,0.26,3.88,1.63,23.16,65.17,NA,5.01,39.41,1.19,NA,NA,,MN-099-SW-CON-007-5-102919,20N01661,NA,742,2Bw1,34,70,CON,NA,NA,-92.84329,43.75222,NA,Readlyn,27,BAU,BAU,CROP,Till,conventional tillage (10cm tillage in Spring; 30cm tillage in fall). Soybean,"Eastern field, 150-acre section with grass waterway running from middle of W border to north-center of section",AG-CROP,Mower,UnivOfMinnesota,Readlyn,0.2,1.04,0.6628,2Bw,1.46021922,0.6628,0,36,1,34.841998764576
743,CON-7-6,CON-7,6,S2019MN99-G-CON,NA,NA,NA,L,2.110314223,NA,0.2755,NA,NA,5,1.91,NA,NA,1.24,0.51,0.13,NA,NA,0.12,3.8,5.92,32.09,67.12,NA,4.45,14.53,0.64,NA,NA,,MN-099-SW-CON-007-6-102919,20N01662,NA,743,2Bw2,70,83,CON,NA,NA,-92.84329,43.75222,NA,Readlyn,27,BAU,BAU,CROP,Till,conventional tillage (10cm tillage in Spring; 30cm tillage in fall). Soybean,"Eastern field, 150-acre section with grass waterway running from middle of W border to north-center of section",AG-CROP,Mower,UnivOfMinnesota,Readlyn,0.5,0.49,0.2755,2Bw,2.110314223,0.2755,0,13,1,7.558090389674501
744,CON-7-7,CON-7,7,S2019MN99-G-CON,NA,NA,NA,L,2.056381725,NA,1.1105,NA,NA,1.11,1.07,NA,NA,0.36,0.46,0.2,NA,NA,0.13,0.5,2.84,3.85,22.34,NA,6.42,0,0.32,NA,NA,,MN-099-SW-CON-007-7-102919,20N01663,NA,744,2Bw3,83,103,CON,NA,NA,-92.84329,43.75222,NA,Readlyn,27,BAU,BAU,CROP,Till,conventional tillage (10cm tillage in Spring; 30cm tillage in fall). Soybean,"Eastern field, 150-acre section with grass waterway running from middle of W border to north-center of section",AG-CROP,Mower,UnivOfMinnesota,Readlyn,0.3,0.26,1.1105,2Bw,2.056381725,1.1105,0,20,1,45.67223811225
745,CON-8-1,CON-8,1,S2019MN99-H-CON,NA,NA,NA,L,0.981205174,NA,2.6858,NA,NA,13.67,1.17,NA,NA,0.62,0.38,0.12,NA,NA,0.61,203.4,26.15,182.32,243.89,NA,99.2,590.45,4.35,NA,NA,,MN-099-SW-CON-008-1-102919,20N01664,NA,745,Ap1,0,5,CON,NA,NA,-92.843677,43.75218,NA,Readlyn,27,BAU,BAU,CROP,Till,conventional tillage (10cm tillage in Spring; 30cm tillage in fall). Soybean,"Eastern field, 150-acre section with grass waterway running from middle of W border to north-center of section",AG-CROP,Mower,UnivOfMinnesota,Readlyn,2.7,2.73,2.6858,Ap1,0.981205174,2.6858,0,5,1,13.176604281645998
746,CON-8-2,CON-8,2,S2019MN99-H-CON,NA,NA,NA,L,1.391003743,NA,2.6255,NA,NA,11.81,2.26,NA,NA,1.61,0.55,0.08,NA,NA,0.74,184.99,24.51,150.97,240.71,NA,117.66,623.89,5.18,NA,NA,,MN-099-SW-CON-008-2-102919,20N01665,NA,746,Ap2,5,10,CON,NA,NA,-92.843677,43.75218,NA,Readlyn,27,BAU,BAU,CROP,Till,conventional tillage (10cm tillage in Spring; 30cm tillage in fall). Soybean,"Eastern field, 150-acre section with grass waterway running from middle of W border to north-center of section",AG-CROP,Mower,UnivOfMinnesota,Readlyn,2.7,2.7,2.6255,Ap2,1.391003743,2.6255,0,5,1,18.2604016362325
747,CON-8-3,CON-8,3,S2019MN99-H-CON,NA,NA,NA,L,1.229079944,NA,2.0229,NA,NA,0.78,1.56,NA,NA,0.82,0.61,0.11,NA,NA,0.38,87.94,14.2,63.25,154.2,NA,81.11,403.24,4.49,NA,NA,,MN-099-SW-CON-008-3-102919,20N01666,NA,747,Ap3,10,22,CON,NA,NA,-92.843677,43.75218,NA,Readlyn,27,BAU,BAU,CROP,Till,conventional tillage (10cm tillage in Spring; 30cm tillage in fall). Soybean,"Eastern field, 150-acre section with grass waterway running from middle of W border to north-center of section",AG-CROP,Mower,UnivOfMinnesota,Readlyn,2.3,2.34,2.0229,A,1.229079944,2.0229,0,12,1,29.835669824611195
748,CON-8-4,CON-8,4,S2019MN99-H-CON,NA,NA,NA,L,1.576483539,NA,1.076,NA,NA,12.13,1.17,NA,NA,0.15,0.88,0.12,NA,NA,0.41,12.01,9.24,21.52,78.69,NA,20.96,61.99,1.61,NA,NA,,MN-099-SW-CON-008-4-102919,20N01667,NA,748,BA,22,39,CON,NA,NA,-92.843677,43.75218,NA,Readlyn,27,BAU,BAU,CROP,Till,conventional tillage (10cm tillage in Spring; 30cm tillage in fall). Soybean,"Eastern field, 150-acre section with grass waterway running from middle of W border to north-center of section",AG-CROP,Mower,UnivOfMinnesota,Readlyn,1,1.01,1.076,BA,1.576483539,1.076,0,17,1,28.837036895388003
749,CON-8-5,CON-8,5,S2019MN99-H-CON,NA,NA,NA,L,1.767836547,NA,0.5251,NA,NA,10.95,1.96,NA,NA,1.13,0.71,0.1,NA,NA,0.39,2.88,7.43,29.03,57.79,NA,5.88,0,0.98,NA,NA,,MN-099-SW-CON-008-5-102919,20N01668,NA,749,2Bw1,39,65,CON,NA,NA,-92.843677,43.75218,NA,Readlyn,27,BAU,BAU,CROP,Till,conventional tillage (10cm tillage in Spring; 30cm tillage in fall). Soybean,"Eastern field, 150-acre section with grass waterway running from middle of W border to north-center of section",AG-CROP,Mower,UnivOfMinnesota,Readlyn,0.3,0.33,0.5251,2Bw,1.767836547,0.5251,0,26,1,24.135565241572202
750,CON-8-6,CON-8,6,S2019MN99-H-CON,NA,NA,NA,L,1.745669911,NA,0.396,NA,NA,3.9,1.36,NA,NA,0.57,0.58,0.17,NA,NA,0.05,2.54,3.91,29,60.83,NA,4.91,0,0.68,NA,NA,,MN-099-SW-CON-008-6-102919,20N01669,NA,750,2Bw2,65,96,CON,NA,NA,-92.843677,43.75218,NA,Readlyn,27,BAU,BAU,CROP,Till,conventional tillage (10cm tillage in Spring; 30cm tillage in fall). Soybean,"Eastern field, 150-acre section with grass waterway running from middle of W border to north-center of section",AG-CROP,Mower,UnivOfMinnesota,Readlyn,0.3,0.26,0.396,2Bw,1.745669911,0.396,0,31,1,21.429843827436002
751,CON-8-7,CON-8,7,S2019MN99-H-CON,NA,NA,NA,L,1.775414884,NA,1.5323,NA,NA,4.21,1.21,NA,NA,0.6,0.36,0.18,NA,NA,0,0.8,4.39,11.37,16.1,NA,3.27,0,0.28,NA,NA,,MN-099-SW-CON-009-7-102919,20N01670,NA,751,2Bw3,96,142,CON,NA,NA,-92.843677,43.75218,NA,Readlyn,27,BAU,BAU,CROP,Till,conventional tillage (10cm tillage in Spring; 30cm tillage in fall). Soybean,"Eastern field, 150-acre section with grass waterway running from middle of W border to north-center of section",AG-CROP,Mower,UnivOfMinnesota,Readlyn,0.3,1.4,1.5323,2Bw,1.775414884,1.5323,0,46,1,125.14153843064719
752,CON-9-1,CON-9,1,S2019MN99-I-CON,NA,NA,NA,L,1.414054518,NA,3.1162,NA,NA,13.17,1.83,NA,NA,1.29,0.41,0.1,NA,NA,0.53,210.1,34.41,213.35,269.3,NA,134.48,779.65,5.24,NA,NA,,MN-099-SW-CON-009-1-102919,20N01671,NA,752,Ap1,0,5,CON,NA,NA,-92.842882,43.752284,NA,Readlyn,27,BAU,BAU,CROP,Till,conventional tillage (10cm tillage in Spring; 30cm tillage in fall). Soybean,"Eastern field, 150-acre section with grass waterway running from middle of W border to north-center of section",AG-CROP,Mower,UnivOfMinnesota,Readlyn,3.4,3.4,3.1162,Ap1,1.414054518,3.1162,0,5,1,22.032383444958
753,CON-9-2,CON-9,2,S2019MN99-I-CON,NA,NA,NA,L,1.230658764,NA,3.2281,NA,NA,12.45,1.54,NA,NA,1.03,0.36,0.11,NA,NA,0.66,174.05,34.1,153.05,243.97,NA,134.04,746.85,5.46,NA,NA,,MN-099-SW-CON-009-2-102919,20N01672,NA,753,Ap2,5,10,CON,NA,NA,-92.842882,43.752284,NA,Readlyn,27,BAU,BAU,CROP,Till,conventional tillage (10cm tillage in Spring; 30cm tillage in fall). Soybean,"Eastern field, 150-acre section with grass waterway running from middle of W border to north-center of section",AG-CROP,Mower,UnivOfMinnesota,Readlyn,3.3,3.26,3.2281,Ap2,1.230658764,3.2281,0,5,1,19.863447780342
754,CON-9-3,CON-9,3,S2019MN99-I-CON,NA,NA,NA,L,1.408370765,NA,2.6772,NA,NA,22.02,1.45,NA,NA,0.85,0.46,0.11,NA,NA,0.48,126.5,21.79,110.48,247.53,NA,117.87,616.31,5.09,NA,NA,,MN-099-SW-CON-009-3-102919,20N01673,NA,754,Ap3,10,20,CON,NA,NA,-92.842882,43.752284,NA,Readlyn,27,BAU,BAU,CROP,Till,conventional tillage (10cm tillage in Spring; 30cm tillage in fall). Soybean,"Eastern field, 150-acre section with grass waterway running from middle of W border to north-center of section",AG-CROP,Mower,UnivOfMinnesota,Readlyn,2.9,2.91,2.6772,A,1.408370765,2.6772,0,10,1,37.704902120579995
755,CON-9-4,CON-9,4,S2019MN99-I-CON,NA,NA,NA,L,NA,NA,NA,NA,NA,NA,NA,NA,NA,NA,NA,NA,NA,NA,NA,NA,NA,NA,NA,NA,NA,NA,NA,NA,NA,,.,,NA,755,A,20,29,CON,NA,NA,-92.842882,43.752284,NA,Readlyn,27,BAU,BAU,CROP,Till,conventional tillage (10cm tillage in Spring; 30cm tillage in fall). Soybean,"Eastern field, 150-acre section with grass waterway running from middle of W border to north-center of section",AG-CROP,Mower,UnivOfMinnesota,Readlyn,NA,NA,NA,A,1.3499257113333334,2.4505,0,9,1,29.771936600601
756,CON-9-5,CON-9,5,S2019MN99-I-CON,NA,NA,NA,L,1.523308875,NA,1.0416,NA,NA,10.28,2.16,NA,NA,1.45,0.63,0.06,NA,NA,0.26,10.77,7.02,40.66,83.9,NA,18.34,101.21,1.74,NA,NA,,MN-099-SW-CON-009-4-102919,20N01674,NA,756,BA,29,45,CON,NA,NA,-92.842882,43.752284,NA,Readlyn,27,BAU,BAU,CROP,Till,conventional tillage (10cm tillage in Spring; 30cm tillage in fall). Soybean,"Eastern field, 150-acre section with grass waterway running from middle of W border to north-center of section",AG-CROP,Mower,UnivOfMinnesota,Readlyn,1,0.98,1.0416,BA,1.523308875,1.0416,0,16,1,25.3868563872
757,CON-9-6,CON-9,6,S2019MN99-I-CON,NA,NA,NA,L,1.824105698,NA,0.6628,NA,NA,22.14,2.27,NA,NA,1.55,0.62,0.08,NA,NA,0.24,10.1,9.31,20.37,58.49,NA,12.63,32.83,1.03,NA,NA,,MN-099-SW-CON-009-5-102919,20N01675,NA,757,2Bw1,45,63,CON,NA,NA,-92.842882,43.752284,NA,Readlyn,27,BAU,BAU,CROP,Till,conventional tillage (10cm tillage in Spring; 30cm tillage in fall). Soybean,"Eastern field, 150-acre section with grass waterway running from middle of W border to north-center of section",AG-CROP,Mower,UnivOfMinnesota,Readlyn,0.6,0.6,0.6628,2Bw,1.824105698,0.6628,0,18,1,21.7623106194192
758,CON-9-7,CON-9,7,S2019MN99-I-CON,NA,NA,NA,L,1.696979096,NA,0.3357,NA,NA,7.69,1.99,NA,NA,1.25,0.59,0.12,NA,NA,0.17,3.48,7.83,29.36,73.03,NA,6.4,0.8,0.89,NA,NA,,MN-099-SW-CON-009-6-102919,20N01676,NA,758,2Bw2,63,102,CON,NA,NA,-92.842882,43.752284,NA,Readlyn,27,BAU,BAU,CROP,Till,conventional tillage (10cm tillage in Spring; 30cm tillage in fall). Soybean,"Eastern field, 150-acre section with grass waterway running from middle of W border to north-center of section",AG-CROP,Mower,UnivOfMinnesota,Readlyn,0.3,0.29,0.3357,2Bw,1.696979096,0.3357,0,39,1,22.2173594185608
813,REF-1-1,REF-1,1,S2019MN99-A-REF,NA,NA,NA,SiL,0.777339307,NA,5.7713,NA,NA,32.71,4.33,NA,NA,4.12,0.2,0.01,NA,NA,1.71,329.1,95.56,269.91,654.72,NA,529.05,895.7,15.47,NA,NA,,MN-099-SW-REF-019-1-110419,20N01731,NA,813,Ap1,0,5,REF,NA,NA,-92.845067,43.746917,NA,Kenyon,85,Ref - Native,Ref,RANGE,Perennial,Native rangeland,Undisturbed fencerow running W-E located at the southern edge of the CON field,Reference,Mower,UnivOfMinnesota,Kenyon,5.5,5.53,5.7713,Ap1,0.777339307,5.7713,0,5,1,22.4312917124455
814,REF-1-2,REF-1,2,S2019MN99-A-REF,NA,NA,NA,SiL,0.982794438,NA,5.3114,NA,NA,91.38,3.14,NA,NA,2.65,0.45,0.03,NA,NA,1.19,129.48,50.08,140.92,430.53,NA,417.66,696.16,11.09,NA,NA,,MN-099-SW-REF-019-2-110419,20N01732,NA,814,Ap2,5,10,REF,NA,NA,-92.845067,43.746917,NA,Kenyon,85,Ref - Native,Ref,RANGE,Perennial,Native rangeland,Undisturbed fencerow running W-E located at the southern edge of the CON field,Reference,Mower,UnivOfMinnesota,Kenyon,4.7,4.71,5.3114,Ap2,0.982794438,5.3114,0,5,1,26.100071889966003
815,REF-1-3,REF-1,3,S2019MN99-A-REF,NA,NA,NA,SiL,0.98225345,NA,4.3465,NA,NA,86.44,2.63,NA,NA,1.94,0.64,0.04,NA,NA,0.91,87.26,31.94,103.87,349.86,NA,318.38,562.32,8.78,NA,NA,,MN-099-SW-REF-019-3-110419,20N01733,NA,815,Ap3,10,24,REF,NA,NA,-92.845067,43.746917,NA,Kenyon,85,Ref - Native,Ref,RANGE,Perennial,Native rangeland,Undisturbed fencerow running W-E located at the southern edge of the CON field,Reference,Mower,UnivOfMinnesota,Kenyon,4.2,4.17,4.3465,A,0.98225345,4.3465,0,14,1,59.77110468594999
816,REF-1-4,REF-1,4,S2019MN99-A-REF,NA,NA,NA,SiL,0.950335172,NA,4.2112,NA,NA,78.42,1.86,NA,NA,1.15,0.6,0.09,NA,NA,0.75,62.48,21.8,56.58,253.57,NA,186.9,463.33,7.49,NA,NA,,MN-099-SW-REF-019-4-110419,20N01734,NA,816,2AB,24,42,REF,NA,NA,-92.845067,43.746917,NA,Kenyon,85,Ref - Native,Ref,RANGE,Perennial,Native rangeland,Undisturbed fencerow running W-E located at the southern edge of the CON field,Reference,Mower,UnivOfMinnesota,Kenyon,3.9,3.92,4.2112,AB,0.950335172,4.2112,0,18,1,72.03692657387519
817,REF-1-5,REF-1,5,S2019MN99-A-REF,NA,NA,NA,L,1.016696338,NA,3.4808,NA,NA,49.49,1.66,NA,NA,1.08,0.42,0.12,NA,NA,0.5,37.31,13.19,44.39,157.5,NA,97.72,274.59,4.51,NA,NA,,MN-099-SW-REF-019-5-110419,20N01735,NA,817,2A/Bt1,42,70,REF,NA,NA,-92.845067,43.746917,NA,Kenyon,85,Ref - Native,Ref,RANGE,Perennial,Native rangeland,Undisturbed fencerow running W-E located at the southern edge of the CON field,Reference,Mower,UnivOfMinnesota,Kenyon,2.8,2.79,3.4808,Bt,1.016696338,3.4808,0,28,1,99.08966517269121
818,REF-1-6,REF-1,6,S2019MN99-A-REF,NA,NA,NA,SiL,1.272162782,NA,1.7855,NA,NA,45.08,1.17,NA,NA,0.29,0.71,0.14,NA,NA,0.29,17.25,13.82,29.4,87.97,NA,27.74,76.76,2.1,NA,NA,,MN-099-SW-REF-019-6-110419,20N01736,NA,818,2A/Bt2,70,92,REF,NA,NA,-92.845067,43.746917,NA,Kenyon,85,Ref - Native,Ref,RANGE,Perennial,Native rangeland,Undisturbed fencerow running W-E located at the southern edge of the CON field,Reference,Mower,UnivOfMinnesota,Kenyon,1.5,1.52,1.7855,Bt,1.272162782,1.7855,0,22,1,49.97182623974201
819,REF-1-7,REF-1,7,S2019MN99-A-REF,NA,NA,NA,SiCL,1.514284861,NA,0.532,NA,NA,32.96,1.09,NA,NA,0.24,0.64,0.17,NA,NA,0.1,6.24,9.1,28.58,70.54,NA,7.37,0,0.99,NA,NA,,MN-099-SW-REF-020-7-110419,20N01737,NA,819,3Bt3,92,161,REF,NA,NA,-92.845067,43.746917,NA,Kenyon,85,Ref - Native,Ref,RANGE,Perennial,Native rangeland,Undisturbed fencerow running W-E located at the southern edge of the CON field,Reference,Mower,UnivOfMinnesota,Kenyon,0.5,0.54,0.532,Bt,1.514284861,0.532,0,69,1,55.586368677588
820,REF-2-1,REF-2,1,S2019MN99-B-REF,NA,NA,NA,SiL,0.608430905,NA,5.7533,NA,NA,57.09,2.85,NA,NA,2.19,0.64,0.02,NA,NA,1.61,303.53,74.73,261.2,647.27,NA,518.62,728.31,13.14,NA,NA,,MN-099-SW-REF-020-1-110419,20N01738,NA,820,Ap1,0,5,REF,NA,NA,-92.8454,43.7469,NA,Kenyon,85,Ref - Native,Ref,RANGE,Perennial,Native rangeland,Undisturbed fencerow running W-E located at the southern edge of the CON field,Reference,Mower,UnivOfMinnesota,Kenyon,5.2,5.22,5.7533,Ap1,0.608430905,5.7533,0,5,1,17.5024276286825
821,REF-2-2,REF-2,2,S2019MN99-B-REF,NA,NA,NA,SiL,0.97744467,NA,4.9958,NA,NA,92.06,2.86,NA,NA,2.2,0.62,0.03,NA,NA,1.3,154.94,48.39,218.42,500.47,NA,400.92,604.76,10.8,NA,NA,,MN-099-SW-REF-020-2-110419,20N01739,NA,821,Ap2,5,10,REF,NA,NA,-92.8454,43.7469,NA,Kenyon,85,Ref - Native,Ref,RANGE,Perennial,Native rangeland,Undisturbed fencerow running W-E located at the southern edge of the CON field,Reference,Mower,UnivOfMinnesota,Kenyon,4.8,4.77,4.9958,Ap2,0.97744467,4.9958,0,5,1,24.415590411929998
822,REF-2-3,REF-2,3,S2019MN99-B-REF,NA,NA,NA,SiL,0.884094226,NA,4.7974,NA,NA,88.36,2.52,NA,NA,1.84,0.63,0.04,NA,NA,1.05,113.27,31.28,153.09,364.16,NA,337.95,539.78,9.63,NA,NA,,MN-099-SW-REF-020-3-110419,20N01740,NA,822,Ap3,10,26,REF,NA,NA,-92.8454,43.7469,NA,Kenyon,85,Ref - Native,Ref,RANGE,Perennial,Native rangeland,Undisturbed fencerow running W-E located at the southern edge of the CON field,Reference,Mower,UnivOfMinnesota,Kenyon,4.4,4.38,4.7974,A,0.884094226,4.7974,0,16,1,67.8616582369984
823,REF-2-4,REF-2,4,S2019MN99-B-REF,NA,NA,NA,SiL,1.145271096,NA,4.0579,NA,NA,81.44,1.75,NA,NA,1.1,0.51,0.12,NA,NA,0.61,60.03,16.6,66.69,240.41,NA,135.26,495.94,5.26,NA,NA,,MN-099-SW-REF-020-4-110419,20N01741,NA,823,A,26,62,REF,NA,NA,-92.8454,43.7469,NA,Kenyon,85,Ref - Native,Ref,RANGE,Perennial,Native rangeland,Undisturbed fencerow running W-E located at the southern edge of the CON field,Reference,Mower,UnivOfMinnesota,Kenyon,3.6,3.59,4.0579,A,1.145271096,4.0579,0,36,1,167.30624089650243
824,REF-2-5,REF-2,5,S2019MN99-B-REF,NA,NA,NA,SiCL,1.518011666,NA,1.6502,NA,NA,32.16,1.26,NA,NA,0.57,0.52,0.13,NA,NA,0.31,17.02,14,36.66,102.22,NA,31.38,105.87,1.52,NA,NA,,MN-099-SW-REF-020-5-110419,20N01742,NA,824,AB,62,100,REF,NA,NA,-92.8454,43.7469,NA,Kenyon,85,Ref - Native,Ref,RANGE,Perennial,Native rangeland,Undisturbed fencerow running W-E located at the southern edge of the CON field,Reference,Mower,UnivOfMinnesota,Kenyon,1.3,1.3,1.6502,AB,1.518011666,1.6502,0,38,1,95.19086834686159
825,REF-3-1,REF-3,1,S2019MN99-C-REF,NA,NA,NA,SiL,0.928094564,NA,5.9246,NA,NA,12.54,4.15,NA,NA,3.93,0.21,0.01,NA,NA,1.66,290.65,112.59,25.69,714.99,NA,415.5,813.94,17.03,NA,NA,,MN-099-SW-REF-021-1-110419,20N01743,NA,825,Ap1,0,5,REF,NA,NA,-92.84465,43.746883,NA,Kenyon,85,Ref - Native,Ref,RANGE,Perennial,Native rangeland,Undisturbed fencerow running W-E located at the southern edge of the CON field,Reference,Mower,UnivOfMinnesota,Kenyon,5.8,5.8,5.9246,Ap1,0.928094564,5.9246,0,5,1,27.492945269372
826,REF-3-2,REF-3,2,S2019MN99-C-REF,NA,NA,NA,SiL,0.758524955,NA,4.4187,NA,NA,38.2,2.47,NA,NA,1.83,0.59,0.04,NA,NA,1.07,125.28,49.61,135.26,483.12,NA,364.35,627.5,12.4,NA,NA,,MN-099-SW-REF-021-2-110419,20N01744,NA,826,Ap2,5,10,REF,NA,NA,-92.84465,43.746883,NA,Kenyon,85,Ref - Native,Ref,RANGE,Perennial,Native rangeland,Undisturbed fencerow running W-E located at the southern edge of the CON field,Reference,Mower,UnivOfMinnesota,Kenyon,4.5,4.54,4.4187,Ap2,0.758524955,4.4187,0,5,1,16.7584710932925
827,REF-3-3,REF-3,3,S2019MN99-C-REF,NA,NA,NA,SiL,0.784792916,NA,4.1571,NA,NA,88.77,2.04,NA,NA,1.35,0.6,0.07,NA,NA,0.88,95.42,36.05,104.36,379.08,NA,300.52,563.96,8.61,NA,NA,,MN-099-SW-REF-021-3-110419,20N01745,NA,827,Ap3,10,36,REF,NA,NA,-92.84465,43.746883,NA,Kenyon,85,Ref - Native,Ref,RANGE,Perennial,Native rangeland,Undisturbed fencerow running W-E located at the southern edge of the CON field,Reference,Mower,UnivOfMinnesota,Kenyon,4.1,4.14,4.1571,A,0.784792916,4.1571,0,26,1,84.8240284086936
828,REF-3-4,REF-3,4,S2019MN99-C-REF,NA,NA,NA,SiL,1.070494565,NA,3.8055,NA,NA,88.55,1.71,NA,NA,0.99,0.62,0.08,NA,NA,0.63,57.37,17.5,72.99,216.58,NA,133.59,441.35,5.29,NA,NA,,MN-099-SW-REF-021-4-110419,20N01746,NA,828,A,36,62,REF,NA,NA,-92.84465,43.746883,NA,Kenyon,85,Ref - Native,Ref,RANGE,Perennial,Native rangeland,Undisturbed fencerow running W-E located at the southern edge of the CON field,Reference,Mower,UnivOfMinnesota,Kenyon,3.7,3.69,3.8055,A,1.070494565,3.8055,0,26,1,105.917943744795
829,REF-3-5,REF-3,5,S2019MN99-C-REF,NA,NA,NA,SiL,1.208206006,NA,1.7584,NA,NA,72.79,0.99,NA,NA,0.37,0.46,0.12,NA,NA,0.24,24.35,17.52,40.68,126.65,NA,39.96,124.48,2.02,NA,NA,,MN-099-SW-REF-021-5-110419,20N01747,NA,829,AB,62,83,REF,NA,NA,-92.84465,43.746883,NA,Kenyon,85,Ref - Native,Ref,RANGE,Perennial,Native rangeland,Undisturbed fencerow running W-E located at the southern edge of the CON field,Reference,Mower,UnivOfMinnesota,Kenyon,1.6,1.59,1.7584,AB,1.208206006,1.7584,0,21,1,44.6146982599584
830,REF-3-6,REF-3,6,S2019MN99-C-REF,NA,NA,NA,SiCL,1.371944969,NA,0.9288,NA,NA,56.94,1.27,NA,NA,0.46,0.68,0.1,NA,NA,0.16,12.53,7.21,33.65,97.16,NA,15.26,48.12,1.57,NA,NA,,MN-099-SW-REF-021-6-110419,20N01748,NA,830,Bt1,83,93,REF,NA,NA,-92.84465,43.746883,NA,Kenyon,85,Ref - Native,Ref,RANGE,Perennial,Native rangeland,Undisturbed fencerow running W-E located at the southern edge of the CON field,Reference,Mower,UnivOfMinnesota,Kenyon,0.8,0.83,0.9288,Bt,1.371944969,0.9288,0,10,1,12.742624872072
831,REF-3-7,REF-3,7,S2019MN99-C-REF,NA,NA,NA,SiCL,1.479541425,NA,0.2435,NA,NA,30.49,1.59,NA,NA,0.67,0.74,0.15,NA,NA,0.09,4.97,6.68,22.67,65.91,NA,8.29,0,1.08,NA,NA,,MN-099-SW-REF-021-7-110419,20N01749,NA,831,Bt2,93,150,REF,NA,NA,-92.84465,43.746883,NA,Kenyon,85,Ref - Native,Ref,RANGE,Perennial,Native rangeland,Undisturbed fencerow running W-E located at the southern edge of the CON field,Reference,Mower,UnivOfMinnesota,Kenyon,0.4,0.36,0.2435,Bt,1.479541425,0.2435,0,57,1,20.5352952082875
832,REF-4-1,REF-4,1,S2019MN99-D-REF,NA,NA,NA,SiL,0.731535676,NA,6.3845,NA,NA,88.97,3.9,NA,NA,3.59,0.3,0.01,NA,NA,2.69,445.32,158.79,429.28,1004.16,NA,503.48,980.4,20.2,NA,NA,,MN-099-SW-REF-022-1-110719,20N01750,NA,832,Ap1,0,5,REF,NA,NA,-92.84395,43.746883,NA,Kenyon,85,Ref - Native,Ref,RANGE,Perennial,Native rangeland,Undisturbed fencerow running W-E located at the southern edge of the CON field,Reference,Mower,UnivOfMinnesota,Kenyon,6.5,6.46,6.3845,Ap1,0.731535676,6.3845,0,5,1,23.35244761711
833,REF-4-2,REF-4,2,S2019MN99-D-REF,NA,NA,NA,SiL,0.923225674,NA,5.2573,NA,NA,92.1,2.83,NA,NA,2.2,0.59,0.03,NA,NA,1.66,173.7,64.54,192.52,612.86,NA,473.31,732.89,13.12,NA,NA,,MN-099-SW-REF-022-2-110719,20N01751,NA,833,Ap2,5,10,REF,NA,NA,-92.84395,43.746883,NA,Kenyon,85,Ref - Native,Ref,RANGE,Perennial,Native rangeland,Undisturbed fencerow running W-E located at the southern edge of the CON field,Reference,Mower,UnivOfMinnesota,Kenyon,4.9,4.92,5.2573,Ap2,0.923225674,5.2573,0,5,1,24.268371679601
834,REF-4-3,REF-4,3,S2019MN99-D-REF,NA,NA,NA,SiL,0.822301401,NA,4.608,NA,NA,31.8,2.79,NA,NA,2.16,0.59,0.03,NA,NA,1.22,98.29,40.83,115.7,494.23,NA,406.06,536.31,11.01,NA,NA,,MN-099-SW-REF-022-3-110719,20N01752,NA,834,Ap3,10,29,REF,NA,NA,-92.84395,43.746883,NA,Kenyon,85,Ref - Native,Ref,RANGE,Perennial,Native rangeland,Undisturbed fencerow running W-E located at the southern edge of the CON field,Reference,Mower,UnivOfMinnesota,Kenyon,4.2,4.23,4.608,A,0.822301401,4.608,0,19,1,71.994132260352
835,REF-4-4,REF-4,4,S2019MN99-D-REF,NA,NA,NA,SiL,0.954061977,NA,3.3456,NA,NA,28.62,2.09,NA,NA,1.38,0.62,0.07,NA,NA,0.72,50.86,18.29,51.32,248.65,NA,154.54,361.15,6.06,NA,NA,,MN-099-SW-REF-022-4-110719,20N01753,NA,835,AB,29,51,REF,NA,NA,-92.84395,43.746883,NA,Kenyon,85,Ref - Native,Ref,RANGE,Perennial,Native rangeland,Undisturbed fencerow running W-E located at the southern edge of the CON field,Reference,Mower,UnivOfMinnesota,Kenyon,3.2,3.16,3.3456,AB,0.954061977,3.3456,0,22,1,70.2220145055264
836,REF-4-5,REF-4,5,S2019MN99-D-REF,NA,NA,NA,SiL,1.08149465,NA,2.3536,NA,NA,53.61,1.52,NA,NA,0.82,0.58,0.09,NA,NA,0.54,25.43,12.84,27.88,147.9,NA,53.41,171.95,3.54,NA,NA,,MN-099-SW-REF-022-5-110719,20N01754,NA,836,2Bw1,51,70,REF,NA,NA,-92.84395,43.746883,NA,Kenyon,85,Ref - Native,Ref,RANGE,Perennial,Native rangeland,Undisturbed fencerow running W-E located at the southern edge of the CON field,Reference,Mower,UnivOfMinnesota,Kenyon,2.2,2.17,2.3536,2Bw,1.08149465,2.3536,0,19,1,48.36271035656
837,REF-4-6,REF-4,6,S2019MN99-D-REF,NA,NA,NA,L,1.16612918,NA,0.4238,NA,NA,90.31,1.13,NA,NA,0.25,0.64,0.2,NA,NA,0.08,4.44,7.14,9.59,40.93,NA,6.03,0,0.86,NA,NA,,MN-099-SW-REF-022-6-110719,20N01755,NA,837,2Bw2,70,130,REF,NA,NA,-92.84395,43.746883,NA,Kenyon,85,Ref - Native,Ref,RANGE,Perennial,Native rangeland,Undisturbed fencerow running W-E located at the southern edge of the CON field,Reference,Mower,UnivOfMinnesota,Kenyon,0.4,0.35,0.4238,2Bw,1.16612918,0.4238,0,60,1,29.65233278904
838,REF-5-1,REF-5,1,S2019MN99-E-REF,NA,NA,NA,SiL,0.772951295,NA,7.0157,NA,NA,67.93,4.31,NA,NA,4.13,0.17,0.01,NA,NA,2.1,321.73,105.06,278.28,858.55,NA,476.12,771.78,16.19,NA,NA,,MN-099-SW-REF-023-1-110719,20N01756,NA,838,Ap1,0,5,REF,NA,NA,-92.844333,43.7469,NA,Kenyon,85,Ref - Native,Ref,RANGE,Perennial,Native rangeland,Undisturbed fencerow running W-E located at the southern edge of the CON field,Reference,Mower,UnivOfMinnesota,Kenyon,6.1,6.1,7.0157,Ap1,0.772951295,7.0157,0,5,1,27.1139720016575
839,REF-5-2,REF-5,2,S2019MN99-E-REF,NA,NA,NA,SiL,0.980630487,NA,4.8425,NA,NA,25.7,3.45,NA,NA,3.04,0.39,0.02,NA,NA,1.13,126.62,44.83,139.28,465.84,NA,363.48,610.79,10.75,NA,NA,,MN-099-SW-REF-023-2-110719,20N01757,NA,839,Ap2,5,10,REF,NA,NA,-92.844333,43.7469,NA,Kenyon,85,Ref - Native,Ref,RANGE,Perennial,Native rangeland,Undisturbed fencerow running W-E located at the southern edge of the CON field,Reference,Mower,UnivOfMinnesota,Kenyon,4.4,4.44,4.8425,Ap2,0.980630487,4.8425,0,5,1,23.7435156664875
840,REF-5-3,REF-5,3,S2019MN99-E-REF,NA,NA,NA,SiL,0.883553238,NA,4.2654,NA,NA,40.14,2.43,NA,NA,1.71,0.65,0.06,NA,NA,0.76,91.77,29.96,83.58,339.21,NA,240.02,435.86,7.76,NA,NA,,MN-099-SW-REF-023-3-110719,20N01758,NA,840,Ap3,10,42,REF,NA,NA,-92.844333,43.7469,NA,Kenyon,85,Ref - Native,Ref,RANGE,Perennial,Native rangeland,Undisturbed fencerow running W-E located at the southern edge of the CON field,Reference,Mower,UnivOfMinnesota,Kenyon,3.9,3.9,4.2654,A,0.883553238,4.2654,0,32,1,120.59865540368638
841,REF-5-4,REF-5,4,S2019MN99-E-REF,NA,NA,NA,SiL,1.142385828,NA,2.3446,NA,NA,84.37,1.37,NA,NA,0.8,0.43,0.1,NA,NA,0.38,28.96,11.96,26.07,185.84,NA,57.92,145.3,3.05,NA,NA,,MN-099-SW-REF-023-4-110719,20N01759,NA,841,AB,42,78,REF,NA,NA,-92.844333,43.7469,NA,Kenyon,85,Ref - Native,Ref,RANGE,Perennial,Native rangeland,Undisturbed fencerow running W-E located at the southern edge of the CON field,Reference,Mower,UnivOfMinnesota,Kenyon,2.2,2.16,2.3446,AB,1.142385828,2.3446,0,36,1,96.4237612438368
842,REF-5-5,REF-5,5,S2019MN99-E-REF,NA,NA,NA,L,1.242648894,NA,0.4779,NA,NA,56.21,1.16,NA,NA,0.34,0.59,0.19,NA,NA,0.06,2.27,6.99,16.46,66.21,NA,7.72,0,1,NA,NA,,MN-099-SW-REF-023-5-110719,20N01760,NA,842,2Bw1,78,148,REF,NA,NA,-92.844333,43.7469,NA,Kenyon,85,Ref - Native,Ref,RANGE,Perennial,Native rangeland,Undisturbed fencerow running W-E located at the southern edge of the CON field,Reference,Mower,UnivOfMinnesota,Kenyon,0.3,0.27,0.4779,2Bw,1.242648894,0.4779,0,70,1,41.570333450982
843,REF-6-1,REF-6,1,S2019MN99-F-REF,NA,NA,NA,SiL,0.790743782,NA,7.7732,NA,NA,37.98,3.06,NA,NA,2.47,0.57,0.02,NA,NA,1.88,314.72,106.64,292.83,784.35,NA,548.22,914.41,18.94,NA,NA,,MN-099-SW-REF-024-1-110719,20N01761,NA,843,Ap1,0,5,REF,NA,NA,-92.8436,43.74685,NA,Kenyon,85,Ref - Native,Ref,RANGE,Perennial,Native rangeland,Undisturbed fencerow running W-E located at the southern edge of the CON field,Reference,Mower,UnivOfMinnesota,Kenyon,6,6.04,7.7732,Ap1,0.790743782,7.7732,0,5,1,30.733047831211998
844,REF-6-2,REF-6,2,S2019MN99-F-REF,NA,NA,NA,SiL,0.928154674,NA,4.8876,NA,NA,12.23,2.98,NA,NA,2.4,0.55,0.02,NA,NA,1.53,164.16,54.49,184.42,533.19,NA,508.88,664.75,13.94,NA,NA,,MN-099-SW-REF-024-2-110719,20N01762,NA,844,Ap2,5,10,REF,NA,NA,-92.8436,43.74685,NA,Kenyon,85,Ref - Native,Ref,RANGE,Perennial,Native rangeland,Undisturbed fencerow running W-E located at the southern edge of the CON field,Reference,Mower,UnivOfMinnesota,Kenyon,5,4.99,4.8876,Ap2,0.928154674,4.8876,0,5,1,22.682243923212
845,REF-6-3,REF-6,3,S2019MN99-F-REF,NA,NA,NA,SiL,0.958870757,NA,4.5359,NA,NA,21.74,2.42,NA,NA,1.78,0.58,0.05,NA,NA,0.96,89.24,35.02,107.92,352.81,NA,310.71,443.11,9.15,NA,NA,,MN-099-SW-REF-024-3-110719,20N01763,NA,845,Ap3,10,49,REF,NA,NA,-92.8436,43.74685,NA,Kenyon,85,Ref - Native,Ref,RANGE,Perennial,Native rangeland,Undisturbed fencerow running W-E located at the southern edge of the CON field,Reference,Mower,UnivOfMinnesota,Kenyon,4.2,4.18,4.5359,A,0.958870757,4.5359,0,39,1,169.62433280037567
846,REF-6-4,REF-6,4,S2019MN99-F-REF,NA,NA,NA,SiL,1.06448359,NA,1.9749,NA,NA,65.58,1.11,NA,NA,0.43,0.52,0.12,NA,NA,0.36,21.21,8.54,22.33,129.08,NA,45.42,90.07,2.79,NA,NA,,MN-099-SW-REF-024-4-110719,20N01764,NA,846,AB,49,72,REF,NA,NA,-92.8436,43.74685,NA,Kenyon,85,Ref - Native,Ref,RANGE,Perennial,Native rangeland,Undisturbed fencerow running W-E located at the southern edge of the CON field,Reference,Mower,UnivOfMinnesota,Kenyon,1.7,1.73,1.9749,AB,1.06448359,1.9749,0,23,1,48.351718763493004
847,REF-6-5,REF-6,5,S2019MN99-F-REF,NA,NA,NA,SiL,1.415584649,NA,1.1092,NA,NA,67.48,1.08,NA,NA,0.34,0.58,0.12,NA,NA,0.2,12.12,6.03,17.25,76.52,NA,20.68,12.46,1.55,NA,NA,,MN-099-SW-REF-024-5-110719,20N01765,NA,847,Bw1,72,84,REF,NA,NA,-92.8436,43.74685,NA,Kenyon,85,Ref - Native,Ref,RANGE,Perennial,Native rangeland,Undisturbed fencerow running W-E located at the southern edge of the CON field,Reference,Mower,UnivOfMinnesota,Kenyon,0.9,0.94,1.1092,Bw,1.415584649,1.1092,0,12,1,18.8419979120496
848,REF-6-6,REF-6,6,S2019MN99-F-REF,NA,NA,NA,L,1.593269075,NA,0.496,NA,NA,39.08,1.21,NA,NA,0.33,0.67,0.17,NA,NA,0.09,4.34,5.61,22.87,69.65,NA,10.01,0,0.93,NA,NA,,MN-099-SW-REF-024-6-110719,20N01766,NA,848,2Bw2,84,133,REF,NA,NA,-92.8436,43.74685,NA,Kenyon,85,Ref - Native,Ref,RANGE,Perennial,Native rangeland,Undisturbed fencerow running W-E located at the southern edge of the CON field,Reference,Mower,UnivOfMinnesota,Kenyon,0.4,0.35,0.496,2Bw,1.593269075,0.496,0,49,1,38.7228115988
849,REF-7-1,REF-7,1,S2019MN99-G-REF,NA,NA,NA,SiL,0.574288566,NA,6.2763,NA,NA,45.96,3.25,NA,NA,2.71,0.52,0.02,NA,NA,1.6,307.95,79.52,299.37,641.34,NA,488.93,949.66,17.35,NA,NA,,MN-099-SW-REF-025-1-110719,20N01767,NA,849,Ap1,0,5,REF,NA,NA,-92.843,43.74685,NA,Kenyon,85,Ref - Native,Ref,RANGE,Perennial,Native rangeland,Undisturbed fencerow running W-E located at the southern edge of the CON field,Reference,Mower,UnivOfMinnesota,Kenyon,5.7,5.73,6.2763,Ap1,0.574288566,6.2763,0,5,1,18.022036633928998
850,REF-7-2,REF-7,2,S2019MN99-G-REF,NA,NA,NA,SiL,0.795071684,NA,4.8245,NA,NA,33.57,2.94,NA,NA,2.32,0.58,0.03,NA,NA,1.3,232.98,54.39,209.52,540.08,NA,473.22,826.32,15.09,NA,NA,,MN-099-SW-REF-025-2-110719,20N01768,NA,850,Ap2,5,10,REF,NA,NA,-92.843,43.74685,NA,Kenyon,85,Ref - Native,Ref,RANGE,Perennial,Native rangeland,Undisturbed fencerow running W-E located at the southern edge of the CON field,Reference,Mower,UnivOfMinnesota,Kenyon,5,4.95,4.8245,Ap2,0.795071684,4.8245,0,5,1,19.17911669729
851,REF-7-3,REF-7,3,S2019MN99-G-REF,NA,NA,NA,SiL,0.784372148,NA,4.0309,NA,NA,62.65,1.81,NA,NA,1.1,0.6,0.09,NA,NA,0.86,107.7,30.23,89.28,342.45,NA,240.48,517.29,8.98,NA,NA,,MN-099-SW-REF-025-3-110719,20N01769,NA,851,Ap3,10,35,REF,NA,NA,-92.843,43.74685,NA,Kenyon,85,Ref - Native,Ref,RANGE,Perennial,Native rangeland,Undisturbed fencerow running W-E located at the southern edge of the CON field,Reference,Mower,UnivOfMinnesota,Kenyon,3.9,3.88,4.0309,A,0.784372148,4.0309,0,25,1,79.04314228432999
852,REF-7-4,REF-7,4,S2019MN99-G-REF,NA,NA,NA,SiL,1.13475189,NA,3.4989,NA,NA,37.46,1.4,NA,NA,0.71,0.54,0.12,NA,NA,0.91,58.53,21.31,49.45,236.01,NA,154.29,359.76,6.47,NA,NA,,MN-099-SW-REF-025-4-110719,20N01770,NA,852,A,35,60,REF,NA,NA,-92.843,43.74685,NA,Kenyon,85,Ref - Native,Ref,RANGE,Perennial,Native rangeland,Undisturbed fencerow running W-E located at the southern edge of the CON field,Reference,Mower,UnivOfMinnesota,Kenyon,3.3,3.27,3.4989,A,1.13475189,3.4989,0,25,1,99.259584698025
853,REF-7-5,REF-7,5,S2019MN99-G-REF,NA,NA,NA,SiL,1.336540326,NA,2.9848,NA,NA,32.01,1.91,NA,NA,1.14,0.68,0.07,NA,NA,0.69,40.18,15.84,46.92,201.63,NA,102.04,281.22,5.28,NA,NA,,MN-099-SW-REF-025-5-110719,20N01771,NA,853,Bw1,60,80,REF,NA,NA,-92.843,43.74685,NA,Kenyon,85,Ref - Native,Ref,RANGE,Perennial,Native rangeland,Undisturbed fencerow running W-E located at the southern edge of the CON field,Reference,Mower,UnivOfMinnesota,Kenyon,2.6,2.64,2.9848,Bw,1.336540326,2.9848,0,20,1,79.786111300896
854,REF-7-6,REF-7,6,S2019MN99-G-REF,NA,NA,NA,L,1.840560593,NA,0.2918,NA,NA,33.2,1,NA,NA,0.11,0.68,0.17,NA,NA,0.09,3.45,6.91,26.66,68.17,NA,5.99,152.03,0.89,NA,NA,,MN-099-SW-REF-025-6-110719,20N01772,NA,854,2Bw2,80,132,REF,NA,NA,-92.843,43.74685,NA,Kenyon,85,Ref - Native,Ref,RANGE,Perennial,Native rangeland,Undisturbed fencerow running W-E located at the southern edge of the CON field,Reference,Mower,UnivOfMinnesota,Kenyon,0.2,0.24,0.2918,2Bw,1.840560593,0.2918,0,52,1,27.9279302139448
855,REF-8-1,REF-8,1,S2019MN99-H-REF,NA,NA,NA,SiL,0.664513303,NA,6.665,NA,NA,22.13,3.62,NA,NA,3.26,0.33,0.02,NA,NA,2.6,318.95,137.98,302.63,741.27,NA,577.85,941.72,19.96,NA,NA,,MN-099-SW-REF-026-1-110719,20N01773,NA,855,Ap1,0,5,REF,NA,NA,-92.84325,43.7469,NA,Kenyon,85,Ref - Native,Ref,RANGE,Perennial,Native rangeland,Undisturbed fencerow running W-E located at the southern edge of the CON field,Reference,Mower,UnivOfMinnesota,Kenyon,6.7,6.65,6.665,Ap1,0.664513303,6.665,0,5,1,22.144905822475
856,REF-8-2,REF-8,2,S2019MN99-H-REF,NA,NA,NA,SiL,0.895875737,NA,5.4797,NA,NA,15.98,2.97,NA,NA,2.33,0.62,0.02,NA,NA,1.79,170.87,69.39,222.09,604.81,NA,638.28,630.39,15.52,NA,NA,,MN-099-SW-REF-026-2-110719,20N01774,NA,856,Ap2,5,10,REF,NA,NA,-92.84325,43.7469,NA,Kenyon,85,Ref - Native,Ref,RANGE,Perennial,Native rangeland,Undisturbed fencerow running W-E located at the southern edge of the CON field,Reference,Mower,UnivOfMinnesota,Kenyon,5.4,5.35,5.4797,Ap2,0.895875737,5.4797,0,5,1,24.545651380194503
857,REF-8-3,REF-8,3,S2019MN99-H-REF,NA,NA,NA,SiL,0.981712462,NA,4.4494,NA,NA,6.7,2.39,NA,NA,1.61,0.74,0.03,NA,NA,1.18,87.38,34.69,113.08,362.81,NA,362.14,466.28,9.99,NA,NA,,MN-099-SW-REF-026-3-110719,20N01775,NA,857,Ap3,10,33,REF,NA,NA,-92.84325,43.7469,NA,Kenyon,85,Ref - Native,Ref,RANGE,Perennial,Native rangeland,Undisturbed fencerow running W-E located at the southern edge of the CON field,Reference,Mower,UnivOfMinnesota,Kenyon,4.2,4.23,4.4494,A,0.981712462,4.4494,0,23,1,100.4647228537244
858,REF-8-4,REF-8,4,S2019MN99-H-REF,NA,NA,NA,SiL,1.065625676,NA,3.1091,NA,NA,47.99,2.14,NA,NA,1.64,0.39,0.09,NA,NA,0.57,44.65,17.39,51.05,216.71,NA,136.67,290.57,4.95,NA,NA,,MN-099-SW-REF-026-4-110719,20N01776,NA,858,A,33,52,REF,NA,NA,-92.84325,43.7469,NA,Kenyon,85,Ref - Native,Ref,RANGE,Perennial,Native rangeland,Undisturbed fencerow running W-E located at the southern edge of the CON field,Reference,Mower,UnivOfMinnesota,Kenyon,3,2.95,3.1091,A,1.065625676,3.1091,0,19,1,62.949598995780406
859,REF-8-5,REF-8,5,S2019MN99-H-REF,NA,NA,NA,SiL,1.201413604,NA,2.17,NA,NA,36.3,1.52,NA,NA,0.85,0.51,0.13,NA,NA,0.38,28.19,10.8,38.77,142.95,NA,80.25,156.29,3.47,NA,NA,,MN-099-SW-REF-026-5-110719,20N01777,NA,859,Bw1,52,72,REF,NA,NA,-92.84325,43.7469,NA,Kenyon,85,Ref - Native,Ref,RANGE,Perennial,Native rangeland,Undisturbed fencerow running W-E located at the southern edge of the CON field,Reference,Mower,UnivOfMinnesota,Kenyon,1.8,1.82,2.17,Bw,1.201413604,2.17,0,20,1,52.14135041360001
860,REF-8-6,REF-8,6,S2019MN99-H-REF,NA,NA,NA,L,1.421836063,NA,0.6747,NA,NA,25.37,1.31,NA,NA,0.5,0.61,0.16,NA,NA,0.18,6.19,4.25,22.93,63.41,NA,12.44,0,1.06,NA,NA,,MN-099-SW-REF-026-6-110719,20N01778,NA,860,2Bw2,72,115,REF,NA,NA,-92.84325,43.7469,NA,Kenyon,85,Ref - Native,Ref,RANGE,Perennial,Native rangeland,Undisturbed fencerow running W-E located at the southern edge of the CON field,Reference,Mower,UnivOfMinnesota,Kenyon,0.5,0.49,0.6747,2Bw,1.421836063,0.6747,0,43,1,41.2504500433623
861,REF-9-1,REF-9,1,S2019MN99-I-REF,NA,NA,NA,SiL,0.593523687,NA,6.8382,NA,NA,40.58,4.44,NA,NA,4.34,0.08,0.01,NA,NA,2,287.1,100.65,271.72,654.1,NA,501.39,808.16,18.37,NA,NA,,MN-099-SW-REF-027-1-110719,20N01779,NA,861,Ap1,0,5,REF,NA,NA,-92.84265,43.746867,NA,Kenyon,85,Ref - Native,Ref,RANGE,Perennial,Native rangeland,Undisturbed fencerow running W-E located at the southern edge of the CON field,Reference,Mower,UnivOfMinnesota,Kenyon,6.4,6.37,6.8382,Ap1,0.593523687,6.8382,0,5,1,20.293168382217
862,REF-9-2,REF-9,2,S2019MN99-I-REF,NA,NA,NA,SiL,0.924608198,NA,5.2882,NA,NA,48.29,3.87,NA,NA,3.58,0.28,0.01,NA,NA,1.75,188.12,12.8,194.49,544.18,NA,540.07,805.6,15.7,NA,NA,,MN-099-SW-REF-027-2-110719,20N01780,NA,862,Ap2,5,10,REF,NA,NA,-92.84265,43.746867,NA,Kenyon,85,Ref - Native,Ref,RANGE,Perennial,Native rangeland,Undisturbed fencerow running W-E located at the southern edge of the CON field,Reference,Mower,UnivOfMinnesota,Kenyon,5.4,5.43,5.2882,Ap2,0.924608198,5.2882,0,5,1,24.447565363318002
863,REF-9-3,REF-9,3,S2019MN99-I-REF,NA,NA,NA,SiL,0.909039773,NA,3.957,NA,NA,52.46,2.17,NA,NA,1.62,0.45,0.08,NA,NA,1,68.77,22.1,75.28,277.74,NA,242.36,487.13,7.3,NA,NA,,MN-099-SW-REF-027-3-110719,20N01781,NA,863,Ap3,10,25,REF,NA,NA,-92.84265,43.746867,NA,Kenyon,85,Ref - Native,Ref,RANGE,Perennial,Native rangeland,Undisturbed fencerow running W-E located at the southern edge of the CON field,Reference,Mower,UnivOfMinnesota,Kenyon,3.7,3.74,3.957,A,0.909039773,3.957,0,15,1,53.956055726415
864,REF-9-4,REF-9,4,S2019MN99-I-REF,NA,NA,NA,SiL,0.967466451,NA,3.6015,NA,NA,61.65,1.68,NA,NA,1.1,0.44,0.11,NA,NA,0.77,54.1,19.76,62.96,225.64,NA,130.46,383.72,5.68,NA,NA,,MN-099-SW-REF-027-4-110719,20N01782,NA,864,A,25,52,REF,NA,NA,-92.84265,43.746867,NA,Kenyon,85,Ref - Native,Ref,RANGE,Perennial,Native rangeland,Undisturbed fencerow running W-E located at the southern edge of the CON field,Reference,Mower,UnivOfMinnesota,Kenyon,3.5,3.45,3.6015,A,0.967466451,3.6015,0,27,1,94.0769214284655
865,REF-9-5,REF-9,5,S2019MN99-I-REF,NA,NA,NA,SiL,1.146172743,NA,1.705,NA,NA,28.83,0.63,NA,NA,0.15,0.28,0.14,NA,NA,0.3,25.72,7.93,23.02,122.19,NA,42.99,35.58,2.28,NA,NA,,MN-099-SW-REF-027-5-110719,20N01783,NA,865,Bw1,52,71,REF,NA,NA,-92.84265,43.746867,NA,Kenyon,85,Ref - Native,Ref,RANGE,Perennial,Native rangeland,Undisturbed fencerow running W-E located at the southern edge of the CON field,Reference,Mower,UnivOfMinnesota,Kenyon,1.5,1.52,1.705,Bw,1.146172743,1.705,0,19,1,37.130266009485
866,REF-9-6,REF-9,6,S2019MN99-I-REF,NA,NA,NA,L,1.538509091,NA,0.3647,NA,NA,74.74,1.01,NA,NA,0.34,0.43,0.17,NA,NA,0.04,3.12,4.57,15.46,59.38,NA,7.47,0,0.68,NA,NA,,MN-099-SW-REF-027-6-110719,20N01784,NA,866,2Bw2,71,126,REF,NA,NA,-92.84265,43.746867,NA,Kenyon,85,Ref - Native,Ref,RANGE,Perennial,Native rangeland,Undisturbed fencerow running W-E located at the southern edge of the CON field,Reference,Mower,UnivOfMinnesota,Kenyon,0.3,0.27,0.3647,2Bw,1.538509091,0.3647,0,55,1,30.8601846018235
1233,IL-019-SW-ARBRTM-001-1-061920,IL-019-SW-ARBRTM-001,1,IL-019-SW-ARBRTM-001,5,67,28,,1.133035004,27.3,5.4558,NA,0.4278,NA,1.71,NA,NA,NA,NA,NA,NA,6.7,0.465567981,367.6095,250.247,489.8763,283.4839,507.8075,367.5537,907.502,14.33127268,NA,NA,,IL-019-SW-ARBRTM-001-1-061920,,NA,1233,,0,5,IL-019-SW-ARBRTM,1,6/19/2020,-88.216396,40.0916401,Drummer,Drummer,31,Ref - Ref,Ref,FOREST,Perennial,Ref,Restored since 1990,Reference,Arboretum,Illinois,Drummer,NA,NA,5.4558,not-used,1.133035004,5.4558,0,5,1,30.908061874115997
1234,IL-019-SW-ARBRTM-001-2-061920,IL-019-SW-ARBRTM-001,2,IL-019-SW-ARBRTM-001,10,64,26,,1.387331842,26.7,NA,NA,NA,NA,1.21,NA,NA,NA,NA,NA,NA,6.5,0.208281663,162.645,126.302,277.5306,159.4673,504.8571,162.6118,558.027,10.67104614,NA,NA,,IL-019-SW-ARBRTM-001-2-061920,,NA,1234,,5,10,IL-019-SW-ARBRTM,1,6/19/2020,-88.216396,40.0916401,Drummer,Drummer,31,Ref - Ref,Ref,FOREST,Perennial,Ref,Restored since 1990,Reference,Arboretum,Illinois,Drummer,NA,NA,NA,not-used,1.387331842,2.620994117647059,0,5,1,18.180942985532294
1235,IL-019-SW-ARBRTM-001-3-061920,IL-019-SW-ARBRTM-001,3,IL-019-SW-ARBRTM-001,10,57,33,,1.401303885,22.5,2.7988,NA,0.2222,NA,1.5,NA,NA,NA,NA,NA,NA,6.4,0.082085949,57.00476,53.22532,146.382,41.09472,285.5039,56.99167,388.317,5.534754904,NA,NA,,IL-019-SW-ARBRTM-001-3-061920,,NA,1235,,10,20,IL-019-SW-ARBRTM,1,6/19/2020,-88.216396,40.0916401,Drummer,Drummer,31,Ref - Ref,Ref,FOREST,Perennial,Ref,Restored since 1990,Reference,Arboretum,Illinois,Drummer,NA,NA,2.7988,not-used,1.401303885,2.7988,0,10,1,39.21969313338
1236,IL-019-SW-ARBRTM-001-4-061920,IL-019-SW-ARBRTM-001,4,IL-019-SW-ARBRTM-001,9,60,31,,1.505640297,27.5,2.3437,NA,0.1785,NA,1.72,NA,NA,NA,NA,NA,NA,6.3,0.067142857,55.93048,22.9261,120.2651,28.87328,203.6243,55.94167,285.97,4.013950841,NA,NA,,IL-019-SW-ARBRTM-001-4-061920,,NA,1236,,20,30,IL-019-SW-ARBRTM,1,6/19/2020,-88.216396,40.0916401,Drummer,Drummer,31,Ref - Ref,Ref,FOREST,Perennial,Ref,Restored since 1990,Reference,Arboretum,Illinois,Drummer,NA,NA,2.3437,not-used,1.505640297,2.3437,0,10,1,35.287691640789006
1237,IL-019-SW-ARBRTM-001-5-061920,IL-019-SW-ARBRTM-001,5,IL-019-SW-ARBRTM-001,9,53,38,,1.47094083,25.9,1.1163,NA,0.0972,NA,1.68,NA,NA,NA,NA,NA,NA,6.3,0.041841004,36.29435,13.88014,96.37441,0,85.64817,36.34093,110.827,1.778247798,NA,NA,,IL-019-SW-ARBRTM-001-5-061920,,NA,1237,,30,50,IL-019-SW-ARBRTM,1,6/19/2020,-88.216396,40.0916401,Drummer,Drummer,31,Ref - Ref,Ref,FOREST,Perennial,Ref,Restored since 1990,Reference,Arboretum,Illinois,Drummer,NA,NA,1.1163,not-used,1.47094083,1.1163,0,20,1,32.84022497058
1238,IL-019-SW-ARBRTM-001-6-061920,IL-019-SW-ARBRTM-001,6,IL-019-SW-ARBRTM-001,7,48,45,,1.608168063,26.3,0.4766,NA,0.0637,NA,2.13,NA,NA,NA,NA,NA,NA,6.4,0.032243206,26.50591,7.50943,43.83972,0,34.06726,26.45637,64.984,1.420123412,NA,NA,,IL-019-SW-ARBRTM-001-6-061920,,NA,1238,,50,100,IL-019-SW-ARBRTM,1,6/19/2020,-88.216396,40.0916401,Drummer,Drummer,31,Ref - Ref,Ref,FOREST,Perennial,Ref,Restored since 1990,Reference,Arboretum,Illinois,Drummer,NA,NA,0.4766,not-used,1.608168063,0.4766,0,50,1,38.32264494129
1239,IL-019-SW-ARBRTM-002-1-061920,IL-019-SW-ARBRTM-002,1,IL-019-SW-ARBRTM-002,10,66,24,,0.994371983,26.6,5.707,NA,0.4792,NA,1.56,NA,NA,NA,NA,NA,NA,6.7,0.404223322,534.2575,271.4101,478.2895,310.0537,473.2947,447.0105,1011.984,15.95614058,NA,NA,,IL-019-SW-ARBRTM-002-1-061920,,NA,1239,,0,5,IL-019-SW-ARBRTM,2,6/19/2020,-88.2161899,40.0918033,Drummer,Drummer,31,Ref - Ref,Ref,FOREST,Perennial,Ref,Restored since 1990,Reference,Arboretum,Illinois,Drummer,NA,NA,5.707,not-used,0.994371983,5.707,0,5,1,28.374404534904997
1240,IL-019-SW-ARBRTM-002-2-061920,IL-019-SW-ARBRTM-002,2,IL-019-SW-ARBRTM-002,11,49,40,,1.195271529,29.3,4.253,NA,0.3571,NA,1.72,NA,NA,NA,NA,NA,NA,6.6,0.266960651,300.7886,180.8435,510.3004,355.5577,540.9039,316.9844,733.329,12.25300282,NA,NA,,IL-019-SW-ARBRTM-002-2-061920,,NA,1240,,5,10,IL-019-SW-ARBRTM,2,6/19/2020,-88.2161899,40.0918033,Drummer,Drummer,31,Ref - Ref,Ref,FOREST,Perennial,Ref,Restored since 1990,Reference,Arboretum,Illinois,Drummer,NA,NA,4.253,not-used,1.195271529,4.253,0,5,1,25.417449064185003
1241,IL-019-SW-ARBRTM-002-3-061920,IL-019-SW-ARBRTM-002,3,IL-019-SW-ARBRTM-002,11,48,41,,1.388169626,23.6,3.1905,NA,0.2469,NA,1.61,NA,NA,NA,NA,NA,NA,6.5,0.111607143,127.632,87.60226,385.5154,212.3029,481.3576,127.6526,450.74,6.454100598,NA,NA,,IL-019-SW-ARBRTM-002-3-061920,,NA,1241,,10,20,IL-019-SW-ARBRTM,2,6/19/2020,-88.2161899,40.0918033,Drummer,Drummer,31,Ref - Ref,Ref,FOREST,Perennial,Ref,Restored since 1990,Reference,Arboretum,Illinois,Drummer,NA,NA,3.1905,not-used,1.388169626,3.1905,0,10,1,44.289551917530005
1242,IL-019-SW-ARBRTM-002-4-061920,IL-019-SW-ARBRTM-002,4,IL-019-SW-ARBRTM-002,12,44,44,,1.318460552,25.4,2.2414,NA,0.1828,NA,1.67,NA,NA,NA,NA,NA,NA,6.5,0.088392424,93.95307,62.92138,308.5162,176.7796,413.1202,90.19846,345.309,4.506996444,NA,NA,,IL-019-SW-ARBRTM-002-4-061920,,NA,1242,,20,30,IL-019-SW-ARBRTM,2,6/19/2020,-88.2161899,40.0918033,Drummer,Drummer,31,Ref - Ref,Ref,FOREST,Perennial,Ref,Restored since 1990,Reference,Arboretum,Illinois,Drummer,NA,NA,2.2414,not-used,1.318460552,2.2414,0,10,1,29.551974812527998
1243,IL-019-SW-ARBRTM-002-5-061920,IL-019-SW-ARBRTM-002,5,IL-019-SW-ARBRTM-002,9,45,46,,1.462408937,19.5,1.2981,NA,0.13,NA,1.72,NA,NA,NA,NA,NA,NA,6.6,0.056079171,76.70272,27.60435,145.5343,85.28312,198.5102,56.89035,205.249,2.439553279,NA,NA,,IL-019-SW-ARBRTM-002-5-061920,,NA,1243,,30,50,IL-019-SW-ARBRTM,2,6/19/2020,-88.2161899,40.0918033,Drummer,Drummer,31,Ref - Ref,Ref,FOREST,Perennial,Ref,Restored since 1990,Reference,Arboretum,Illinois,Drummer,NA,NA,1.2981,not-used,1.462408937,1.2981,0,20,1,37.967060822394004
1244,IL-019-SW-ARBRTM-002-6-061920,IL-019-SW-ARBRTM-002,6,IL-019-SW-ARBRTM-002,3,49,48,,1.62427423,24.7,0.4478,NA,0.0504,NA,1.91,NA,NA,NA,NA,NA,NA,6.4,0.034626039,29.34782,23.35554,68.92613,6.64411,65.89603,43.39129,56.973,1.37305129,NA,NA,,IL-019-SW-ARBRTM-002-6-061920,,NA,1244,,50,100,IL-019-SW-ARBRTM,2,6/19/2020,-88.2161899,40.0918033,Drummer,Drummer,31,Ref - Ref,Ref,FOREST,Perennial,Ref,Restored since 1990,Reference,Arboretum,Illinois,Drummer,NA,NA,0.4478,not-used,1.62427423,0.4478,0,50,1,36.3675000097
1245,IL-019-SW-ARBRTM-003-1-061920,IL-019-SW-ARBRTM-003,1,IL-019-SW-ARBRTM-003,7,75,18,,1.035571668,32,5.8616,NA,0.451,NA,2.14,NA,NA,NA,NA,NA,NA,6.4,0.642359839,699.2173,331.8625,416.802,299.9458,478.122,604.7787,1044.719,20.60876699,NA,NA,,IL-019-SW-ARBRTM-003-1-061920,,NA,1245,,0,5,IL-019-SW-ARBRTM,3,6/19/2020,-88.2159005,40.0914285,Drummer,Drummer,31,Ref - Ref,Ref,FOREST,Perennial,Ref,Restored since 1990,Reference,Arboretum,Illinois,Drummer,NA,NA,5.8616,not-used,1.035571668,5.8616,0,5,1,30.350534445744
1246,IL-019-SW-ARBRTM-003-2-061920,IL-019-SW-ARBRTM-003,2,IL-019-SW-ARBRTM-003,8,68,24,,1.304833526,27.1,3.8759,NA,0.3029,NA,1.98,NA,NA,NA,NA,NA,NA,6.3,0.292984076,214.4633,148.2444,471.0032,263.5553,484.7129,431.9555,703.643,13.82695141,NA,NA,,IL-019-SW-ARBRTM-003-2-061920,,NA,1246,,5,10,IL-019-SW-ARBRTM,3,6/19/2020,-88.2159005,40.0914285,Drummer,Drummer,31,Ref - Ref,Ref,FOREST,Perennial,Ref,Restored since 1990,Reference,Arboretum,Illinois,Drummer,NA,NA,3.8759,not-used,1.304833526,3.8759,0,5,1,25.287021317117
1247,IL-019-SW-ARBRTM-003-3-061920,IL-019-SW-ARBRTM-003,3,IL-019-SW-ARBRTM-003,NA,NA,NA,,1.470932253,20.8,2.2837,NA,0.1801,NA,1.04,NA,NA,NA,NA,NA,NA,6.3,0.091573307,86.73646,68.84605,124.7309,55.4485,140.7861,136.2755,298.767,5.9888393110000004,NA,NA,,IL-019-SW-ARBRTM-003-3-061920,,NA,1247,,10,20,IL-019-SW-ARBRTM,3,6/19/2020,-88.2159005,40.0914285,Drummer,Drummer,31,Ref - Ref,Ref,FOREST,Perennial,Ref,Restored since 1990,Reference,Arboretum,Illinois,Drummer,NA,NA,2.2837,not-used,1.470932253,2.2837,0,10,1,33.591679861761
1248,IL-019-SW-ARBRTM-003-4-061920,IL-019-SW-ARBRTM-003,4,IL-019-SW-ARBRTM-003,NA,NA,NA,,1.376170464,25.6,1.3411,NA,0.1244,NA,1.05,NA,NA,NA,NA,NA,NA,6.3,0.084179971,91.41763,166.2911,119.5688,50.02593,136.8615,113.0406,256.976,4.287623915,NA,NA,,IL-019-SW-ARBRTM-003-4-061920,,NA,1248,,20,30,IL-019-SW-ARBRTM,3,6/19/2020,-88.2159005,40.0914285,Drummer,Drummer,31,Ref - Ref,Ref,FOREST,Perennial,Ref,Restored since 1990,Reference,Arboretum,Illinois,Drummer,NA,NA,1.3411,not-used,1.376170464,1.3411,0,10,1,18.455822092704
1249,IL-019-SW-ARBRTM-003-5-061920,IL-019-SW-ARBRTM-003,5,IL-019-SW-ARBRTM-003,NA,NA,NA,,1.559880307,25.7,1.3471,NA,0.1189,NA,1.33,NA,NA,NA,NA,NA,NA,6.4,0.051125704,74.76628,208.8098,100.4292,20.2083,110.3057,70.83569,124.804,2.729875653,NA,NA,,IL-019-SW-ARBRTM-003-5-061920,,NA,1249,,30,50,IL-019-SW-ARBRTM,3,6/19/2020,-88.2159005,40.0914285,Drummer,Drummer,31,Ref - Ref,Ref,FOREST,Perennial,Ref,Restored since 1990,Reference,Arboretum,Illinois,Drummer,NA,NA,1.3471,not-used,1.559880307,1.3471,0,20,1,42.026295231194
1250,IL-019-SW-ARBRTM-003-6-061920,IL-019-SW-ARBRTM-003,6,IL-019-SW-ARBRTM-003,NA,NA,NA,,1.756635779,26.4,0.5185,NA,0.0612,NA,1.17,NA,NA,NA,NA,NA,NA,6.8,0.030344828,33.93471,47.50487,52.10191,0,45.14386,30.2247,0,1.165033992,NA,NA,,IL-019-SW-ARBRTM-003-6-061920,,NA,1250,,50,100,IL-019-SW-ARBRTM,3,6/19/2020,-88.2159005,40.0914285,Drummer,Drummer,31,Ref - Ref,Ref,FOREST,Perennial,Ref,Restored since 1990,Reference,Arboretum,Illinois,Drummer,NA,NA,0.5185,not-used,1.756635779,0.5185,0,50,1,45.540782570575
1251,IL-019-SW-RTHRML-001-1-010820,IL-019-SW-RTHRML-001,1,IL-019-SW-RTHRML-001,NA,NA,NA,,NA,NA,3.2561,NA,0.2782,NA,1.6,NA,NA,NA,NA,NA,NA,6.1,NA,506.4,153.5,310.95,369.6,540.36,375.5,515.685,8.286240308,NA,NA,,IL-019-SW-RTHRML-001-1-010820,,NA,1251,,0,5,IL-019-SW-RTHRML,1,1/8/2020,-88.0238,39.9295,Drummer,Drummer,32,SHM - NT,SHM,CROP,No-till,NT,No-Till managed with corn-soybean rotations,AG-CROP,Rothermel,Illinois,Drummer,NA,NA,3.2561,not-used,1.0805353862666667,3.2561,0,5,1,17.591656356114466
1252,IL-019-SW-RTHRML-001-2-010820,IL-019-SW-RTHRML-001,2,IL-019-SW-RTHRML-001,NA,NA,NA,,NA,NA,2.3027,NA,0.2025,NA,1.6,NA,NA,NA,NA,NA,NA,6.1,NA,79.98,15.2,27.82,46.33,326.42,137.18,316.612,5.027571219,NA,NA,,IL-019-SW-RTHRML-001-2-010820,,NA,1252,,5,10,IL-019-SW-RTHRML,1,1/8/2020,-88.0238,39.9295,Drummer,Drummer,32,SHM - NT,SHM,CROP,No-till,NT,No-Till managed with corn-soybean rotations,AG-CROP,Rothermel,Illinois,Drummer,NA,NA,2.3027,not-used,1.5097717475333334,2.3027,0,5,1,17.382757015225035
1253,IL-019-SW-RTHRML-001-3-010820,IL-019-SW-RTHRML-001,3,IL-019-SW-RTHRML-001,20,39,41,,NA,NA,1.9708,NA,0.1702,NA,1.5,NA,NA,NA,NA,NA,NA,6.6,NA,53.09,0,43.025,70.68,332.15,113.92,232.324,3.74458578,NA,NA,,IL-019-SW-RTHRML-001-3-010820,,NA,1253,,10,20,IL-019-SW-RTHRML,1,1/8/2020,-88.0238,39.9295,Drummer,Drummer,32,SHM - NT,SHM,CROP,No-till,NT,No-Till managed with corn-soybean rotations,AG-CROP,Rothermel,Illinois,Drummer,NA,NA,1.9708,not-used,1.5482508774,1.9708,0,10,1,30.5129282917992
1254,IL-019-SW-RTHRML-001-4-010820,IL-019-SW-RTHRML-001,4,IL-019-SW-RTHRML-001,19,38,43,,NA,NA,1.2655,NA,0.1066,NA,1.6,NA,NA,NA,NA,NA,NA,6.8,NA,21.27,0,64.54,48.16,315.96,85.25,108.023,2.028011489,NA,NA,,IL-019-SW-RTHRML-001-4-010820,,NA,1254,,20,30,IL-019-SW-RTHRML,1,1/8/2020,-88.0238,39.9295,Drummer,Drummer,32,SHM - NT,SHM,CROP,No-till,NT,No-Till managed with corn-soybean rotations,AG-CROP,Rothermel,Illinois,Drummer,NA,NA,1.2655,not-used,1.5490122222666667,1.2655,0,10,1,19.602749672784668
1255,IL-019-SW-RTHRML-001-5-010820,IL-019-SW-RTHRML-001,5,IL-019-SW-RTHRML-001,20,39,41,,NA,NA,0.7462,NA,0.0764,NA,1.6,NA,NA,NA,NA,NA,NA,7,NA,0,0,28.58,35.29,214.89,38.03,37.1377,1.094275732,NA,NA,,IL-019-SW-RTHRML-001-5-010820,,NA,1255,,30,40,IL-019-SW-RTHRML,1,1/8/2020,-88.0238,39.9295,Drummer,Drummer,32,SHM - NT,SHM,CROP,No-till,NT,No-Till managed with corn-soybean rotations,AG-CROP,Rothermel,Illinois,Drummer,NA,NA,0.7462,not-used,1.554935408,0.7462,0,10,1,11.602928014496
1256,IL-019-SW-RTHRML-001-6-010820,IL-019-SW-RTHRML-001,6,IL-019-SW-RTHRML-001,21,40,39,,NA,NA,0.4951,NA,0.0535,NA,1,NA,NA,NA,NA,NA,NA,7.6,NA,0,0,0,0,102.13,0,7.831,0.799493152,NA,NA,,IL-019-SW-RTHRML-001-6-010820,,NA,1256,,40,100,IL-019-SW-RTHRML,1,1/8/2020,-88.0238,39.9295,Drummer,Drummer,32,SHM - NT,SHM,CROP,No-till,NT,No-Till managed with corn-soybean rotations,AG-CROP,Rothermel,Illinois,Drummer,NA,NA,0.4951,not-used,1.5973935088333333,0.4951,0,60,1,47.45217157340299
1307,IL-019-SW-RTHRML-001A-1-111820,IL-019-SW-RTHRML-001A,1,IL-019-SW-RTHRML-001A,17,47,36,,NA,21.99675325,2.5982,NA,0.2417,NA,1.2,NA,NA,NA,NA,NA,NA,6.1,0.095843521,275.0207,86.8322,497.1065,539.1575,288.1849,126.6823,655.6426,8.96687693,NA,NA,,IL-019-SW-RTHRML-001A-1-111820,21N02444,0,1307,Ap1,0,7,IL-019-SW-RTHRML,1,11/18/2020,-88.0238,39.9295,Drummer,Drummer,32,SHM - NT,SHM,CROP,No-till,NT,No-Till managed with corn-soybean rotations,AG-CROP,Rothermel,Illinois,Drummer,2.9,2.87,2.5982,A,1.2031743466285714,2.5982,0,7,1,21.882613111872477
1308,IL-019-SW-RTHRML-001A-2-111820,IL-019-SW-RTHRML-001A,2,IL-019-SW-RTHRML-001A,16,47,37,,NA,19.54314721,2.1003,NA,0.1932,NA,1.5,NA,NA,NA,NA,NA,NA,6.1,0.050632911,122.1587,32.26628,423.5813,435.4422,232.9993,88.80383,463.7436,4.436647478,NA,NA,,IL-019-SW-RTHRML-001A-2-111820,21N02445,0,1308,Ap2,7,14,IL-019-SW-RTHRML,1,11/18/2020,-88.0238,39.9295,Drummer,Drummer,32,SHM - NT,SHM,CROP,No-till,NT,No-Till managed with corn-soybean rotations,AG-CROP,Rothermel,Illinois,Drummer,2.2,2.17,2.1003,A,1.5317598217428572,2.1003,0,7,1,22.520086075245658
1309,IL-019-SW-RTHRML-001A-3-111820,IL-019-SW-RTHRML-001A,3,IL-019-SW-RTHRML-001A,20,45,35,,NA,19.26646045,1.2851,NA,0.1201,NA,1.2,NA,NA,NA,NA,NA,NA,7,0.046707146,92.83365,16.91505,493.6304,168.0412,163.8825,79.75582,173.9441,2.24270341,NA,NA,,IL-019-SW-RTHRML-001A-3-111820,21N02446,0,1309,Ap3,14,26,IL-019-SW-RTHRML,1,11/18/2020,-88.0238,39.9295,Drummer,Drummer,32,SHM - NT,SHM,CROP,No-till,NT,No-Till managed with corn-soybean rotations,AG-CROP,Rothermel,Illinois,Drummer,1.7,1.66,1.2851,A,1.5486315498333334,1.2851,0,12,1,23.881756856289797
1310,IL-019-SW-RTHRML-001A-4-111820,IL-019-SW-RTHRML-001A,4,IL-019-SW-RTHRML-001A,23,46,31,,NA,21.84844193,0.9437,NA,0.0915,NA,1.3,NA,NA,NA,NA,NA,NA,7.2,0.044268406,79.38567,15.44686,535.5196,142.2875,158.9745,72.43017,110.7826,1.777402354,NA,NA,,IL-019-SW-RTHRML-001A-4-111820,21N02447,0,1310,BAt,26,41,IL-019-SW-RTHRML,1,11/18/2020,-88.0238,39.9295,Drummer,Drummer,32,SHM - NT,SHM,CROP,No-till,NT,No-Till managed with corn-soybean rotations,AG-CROP,Rothermel,Illinois,Drummer,1,0.96,0.9437,Bt,1.5533558918044443,0.9437,0,15,1,21.98852932643781
1311,IL-019-SW-RTHRML-001A-5-111820,IL-019-SW-RTHRML-001A,5,IL-019-SW-RTHRML-001A,20,49,31,,NA,17.88667688,0.499,NA,0.0577,NA,1.9,NA,NA,NA,NA,NA,NA,8,0.040389972,48.98542,9.0305,455.9606,92.55196,101.8787,35.57689,0,1.231728213,NA,NA,,IL-019-SW-RTHRML-001A-5-111820,21N02448,0,1311,Btg1,41,79,IL-019-SW-RTHRML,1,11/18/2020,-88.0238,39.9295,Drummer,Drummer,32,SHM - NT,SHM,CROP,No-till,NT,No-Till managed with corn-soybean rotations,AG-CROP,Rothermel,Illinois,Drummer,0.5,0.54,0.499,Bt,1.5938180898157894,0.499,0,38,1,30.221978619086997
1312,IL-019-SW-RTHRML-001A-6-111820,IL-019-SW-RTHRML-001A,6,IL-019-SW-RTHRML-001A,15,58,27,,NA,21.84520471,0.2471,NA,0.0285,NA,0.7,NA,NA,NA,NA,NA,NA,7.9,0.032718894,27.41596,9.32067,304.5465,76.49846,73.00152,22.3845,76.50603,0.958590843,NA,NA,,IL-019-SW-RTHRML-001A-6-111820,21N02449,0,1312,2 Btg2,79,106,IL-019-SW-RTHRML,1,11/18/2020,-88.0238,39.9295,Drummer,Drummer,32,SHM - NT,SHM,CROP,No-till,NT,No-Till managed with corn-soybean rotations,AG-CROP,Rothermel,Illinois,Drummer,0.3,0.38,0.2471,Bt,NA,0.2471,0,27,1,NA
1313,IL-019-SW-RTHRML-001A-7-111820,IL-019-SW-RTHRML-001A,7,IL-019-SW-RTHRML-001A,19,58,23,,NA,17.75294848,0.2348,NA,0.002,NA,0.6,NA,NA,NA,NA,NA,NA,8,0.033195021,24.41836,8.29661,183.5375,66.57083,53.41503,15.63486,63.28284,0.90012325,NA,NA,,IL-019-SW-RTHRML-001A-7-111820,21N02450,0,1313,2 BCtg,106,136,IL-019-SW-RTHRML,1,11/18/2020,-88.0238,39.9295,Drummer,Drummer,32,SHM - NT,SHM,CROP,No-till,NT,No-Till managed with corn-soybean rotations,AG-CROP,Rothermel,Illinois,Drummer,0.1,1.34,0.2348,C,NA,0.2348,0,30,1,NA
1257,IL-019-SW-RTHRML-002-1-010820,IL-019-SW-RTHRML-002,1,IL-019-SW-RTHRML-002,NA,NA,NA,,NA,NA,2.8098,NA,0.2327,NA,1.2,NA,NA,NA,NA,NA,NA,6.8,NA,347.91,43.9,305.95,329.5153,518.92,368.21,487.671,6.565228234,NA,NA,,IL-019-SW-RTHRML-002-1-010820,,NA,1257,,0,5,IL-019-SW-RTHRML,2,1/8/2020,-88.0238,39.9295,Drummer,Drummer,32,SHM - NT,SHM,CROP,No-till,NT,No-Till managed with corn-soybean rotations,AG-CROP,Rothermel,Illinois,Drummer,NA,NA,2.8098,not-used,1.0805353862666667,2.8098,0,5,1,15.180441641660401
1258,IL-019-SW-RTHRML-002-2-010820,IL-019-SW-RTHRML-002,2,IL-019-SW-RTHRML-002,NA,NA,NA,,NA,NA,2.1892,NA,0.1844,NA,1.4,NA,NA,NA,NA,NA,NA,6.7,NA,109.43,6.29,126.79,147.67,452.09,205.9,342.153,4.256275535,NA,NA,,IL-019-SW-RTHRML-002-2-010820,,NA,1258,,5,10,IL-019-SW-RTHRML,2,1/8/2020,-88.0238,39.9295,Drummer,Drummer,32,SHM - NT,SHM,CROP,No-till,NT,No-Till managed with corn-soybean rotations,AG-CROP,Rothermel,Illinois,Drummer,NA,NA,2.1892,not-used,1.5097717475333334,2.1892,0,5,1,16.52596154849987
1259,IL-019-SW-RTHRML-002-3-010820,IL-019-SW-RTHRML-002,3,IL-019-SW-RTHRML-002,7,51,42,,NA,NA,2.0271,NA,0.1635,NA,1.2,NA,NA,NA,NA,NA,NA,6.9,NA,55.64,0,110.89,179.5,340.709,120.67,283.568,3.523433796,NA,NA,,IL-019-SW-RTHRML-002-3-010820,,NA,1259,,10,20,IL-019-SW-RTHRML,2,1/8/2020,-88.0238,39.9295,Drummer,Drummer,32,SHM - NT,SHM,CROP,No-till,NT,No-Till managed with corn-soybean rotations,AG-CROP,Rothermel,Illinois,Drummer,NA,NA,2.0271,not-used,1.5482508774,2.0271,0,10,1,31.384593535775398
1260,IL-019-SW-RTHRML-002-4-010820,IL-019-SW-RTHRML-002,4,IL-019-SW-RTHRML-002,6,48,46,,NA,NA,1.2406,NA,0.123,NA,1.5,NA,NA,NA,NA,NA,NA,7,NA,27.55,0,102.42,78.71,383.55,95.6,101.117,1.402691914,NA,NA,,IL-019-SW-RTHRML-002-4-010820,,NA,1260,,20,30,IL-019-SW-RTHRML,2,1/8/2020,-88.0238,39.9295,Drummer,Drummer,32,SHM - NT,SHM,CROP,No-till,NT,No-Till managed with corn-soybean rotations,AG-CROP,Rothermel,Illinois,Drummer,NA,NA,1.2406,not-used,1.5490122222666667,1.2406,0,10,1,19.217045629440264
1261,IL-019-SW-RTHRML-002-5-010820,IL-019-SW-RTHRML-002,5,IL-019-SW-RTHRML-002,6,47,47,,NA,NA,0.7818,NA,0.0831,NA,1.6,NA,NA,NA,NA,NA,NA,7.3,NA,5.1,0,70.99,34.58,352.95,76.246,51.15,1.189463559,NA,NA,,IL-019-SW-RTHRML-002-5-010820,,NA,1261,,30,40,IL-019-SW-RTHRML,2,1/8/2020,-88.0238,39.9295,Drummer,Drummer,32,SHM - NT,SHM,CROP,No-till,NT,No-Till managed with corn-soybean rotations,AG-CROP,Rothermel,Illinois,Drummer,NA,NA,0.7818,not-used,1.554935408,0.7818,0,10,1,12.156485019744
1262,IL-019-SW-RTHRML-002-6-010820,IL-019-SW-RTHRML-002,6,IL-019-SW-RTHRML-002,11,58,31,,NA,NA,2.3007,NA,0.0537,NA,0.6,NA,NA,NA,NA,NA,NA,8,NA,0,0,100.75,32.02,231.85,11.74,0,0.800629735,NA,NA,,IL-019-SW-RTHRML-002-6-010820,,NA,1262,,40,100,IL-019-SW-RTHRML,2,1/8/2020,-88.0238,39.9295,Drummer,Drummer,32,SHM - NT,SHM,CROP,No-till,NT,No-Till managed with corn-soybean rotations,AG-CROP,Rothermel,Illinois,Drummer,NA,NA,2.3007,not-used,1.5973935088333333,2.3007,0,60,1,220.50739474637098
1263,IL-019-SW-RTHRML-003-1-010820,IL-019-SW-RTHRML-003,1,IL-019-SW-RTHRML-003,NA,NA,NA,,NA,NA,3.9814,NA,0.3183,NA,1,NA,NA,NA,NA,NA,NA,6.2,NA,368.12,43.7,337.89,245.23,516.14,274.67,706.882,8.771794417,NA,NA,,IL-019-SW-RTHRML-003-1-010820,,NA,1263,,0,5,IL-019-SW-RTHRML,3,1/8/2020,-88.0275783,39.9254322,Drummer,Flanagan,32,SHM - NT,SHM,CROP,No-till,NT,No-Till managed with corn-soybean rotations,AG-CROP,Rothermel,Illinois,Drummer,NA,NA,3.9814,not-used,1.0805353862666667,3.9814,0,5,1,21.510217934410534
1264,IL-019-SW-RTHRML-003-2-010820,IL-019-SW-RTHRML-003,2,IL-019-SW-RTHRML-003,NA,NA,NA,,NA,NA,3.2604,NA,0.273,NA,1.4,NA,NA,NA,NA,NA,NA,6.3,NA,180.94,27.5,135.88,98.71,256.65,131.56,496.718,6.467142561,NA,NA,,IL-019-SW-RTHRML-003-2-010820,,NA,1264,,5,10,IL-019-SW-RTHRML,3,1/8/2020,-88.0275783,39.9254322,Drummer,Flanagan,32,SHM - NT,SHM,CROP,No-till,NT,No-Till managed with corn-soybean rotations,AG-CROP,Rothermel,Illinois,Drummer,NA,NA,3.2604,not-used,1.5097717475333334,3.2604,0,5,1,24.612299028288405
1265,IL-019-SW-RTHRML-003-3-010820,IL-019-SW-RTHRML-003,3,IL-019-SW-RTHRML-003,10,49,41,,NA,NA,3.0583,NA,0.2407,NA,1.1,NA,NA,NA,NA,NA,NA,6.9,NA,96.98,0,160.47,134.93,422.67,151.6,446.895,4.529165216,NA,NA,,IL-019-SW-RTHRML-003-3-010820,,NA,1265,,10,20,IL-019-SW-RTHRML,3,1/8/2020,-88.0275783,39.9254322,Drummer,Flanagan,32,SHM - NT,SHM,CROP,No-till,NT,No-Till managed with corn-soybean rotations,AG-CROP,Rothermel,Illinois,Drummer,NA,NA,3.0583,not-used,1.5482508774,3.0583,0,10,1,47.350156583524196
1266,IL-019-SW-RTHRML-003-4-010820,IL-019-SW-RTHRML-003,4,IL-019-SW-RTHRML-003,9,44,47,,NA,NA,2.7106,NA,0.2123,NA,1.3,NA,NA,NA,NA,NA,NA,7,NA,45.2,0,276.09,124.01,416.95,133.5,349.971,2.797605061,NA,NA,,IL-019-SW-RTHRML-003-4-010820,,NA,1266,,20,30,IL-019-SW-RTHRML,3,1/8/2020,-88.0275783,39.9254322,Drummer,Flanagan,32,SHM - NT,SHM,CROP,No-till,NT,No-Till managed with corn-soybean rotations,AG-CROP,Rothermel,Illinois,Drummer,NA,NA,2.7106,not-used,1.5490122222666667,2.7106,0,10,1,41.98752529676027
1267,IL-019-SW-RTHRML-003-5-010820,IL-019-SW-RTHRML-003,5,IL-019-SW-RTHRML-003,7,44,49,,NA,NA,1.6805,NA,0.1227,NA,1.5,NA,NA,NA,NA,NA,NA,7.2,NA,0,0,168.43,56.49,361.34,120.09,192.439,2.13005486,NA,NA,,IL-019-SW-RTHRML-003-5-010820,,NA,1267,,30,40,IL-019-SW-RTHRML,3,1/8/2020,-88.0275783,39.9254322,Drummer,Flanagan,32,SHM - NT,SHM,CROP,No-till,NT,No-Till managed with corn-soybean rotations,AG-CROP,Rothermel,Illinois,Drummer,NA,NA,1.6805,not-used,1.554935408,1.6805,0,10,1,26.130689531439998
1268,IL-019-SW-RTHRML-003-6-010820,IL-019-SW-RTHRML-003,6,IL-019-SW-RTHRML-003,7,50,43,,NA,NA,0.566,NA,0.0522,NA,1.5,NA,NA,NA,NA,NA,NA,7.5,NA,0,0,60.707,26.414,287,35.507,70.032,0.773489147,NA,NA,,IL-019-SW-RTHRML-003-6-010820,,NA,1268,,40,100,IL-019-SW-RTHRML,3,1/8/2020,-88.0275783,39.9254322,Drummer,Flanagan,32,SHM - NT,SHM,CROP,No-till,NT,No-Till managed with corn-soybean rotations,AG-CROP,Rothermel,Illinois,Drummer,NA,NA,0.566,not-used,1.5973935088333333,0.566,0,60,1,54.24748355997999
1269,IL-019-SW-RTHRML-004-1-010820,IL-019-SW-RTHRML-004,1,IL-019-SW-RTHRML-004,NA,NA,NA,,NA,NA,2.4014,NA,0.2031,NA,1.3,NA,NA,NA,NA,NA,NA,6.5,NA,299.62,88.7,73.705,130.3,354.86,116.7,427.77,7.738099382,NA,NA,,IL-019-SW-RTHRML-004-1-010820,,NA,1269,,0,5,IL-019-SW-RTHRML,4,1/8/2020,-88.0275783,39.9254322,Drummer,Flanagan,32,SHM - NT,SHM,CROP,No-till,NT,No-Till managed with corn-soybean rotations,AG-CROP,Rothermel,Illinois,Drummer,NA,NA,2.4014,not-used,1.0805353862666667,2.4014,0,5,1,12.973988382903867
1270,IL-019-SW-RTHRML-004-2-010820,IL-019-SW-RTHRML-004,2,IL-019-SW-RTHRML-004,NA,NA,NA,,NA,NA,1.9403,NA,0.1656,NA,1.1,NA,NA,NA,NA,NA,NA,5.7,NA,75.04,36.7,11.61,6.53,97.46,72.05,255.392,5.717441153,NA,NA,,IL-019-SW-RTHRML-004-2-010820,,NA,1270,,5,10,IL-019-SW-RTHRML,4,1/8/2020,-88.0275783,39.9254322,Drummer,Flanagan,32,SHM - NT,SHM,CROP,No-till,NT,No-Till managed with corn-soybean rotations,AG-CROP,Rothermel,Illinois,Drummer,NA,NA,1.9403,not-used,1.5097717475333334,1.9403,0,5,1,14.647050608694634
1271,IL-019-SW-RTHRML-004-3-010820,IL-019-SW-RTHRML-004,3,IL-019-SW-RTHRML-004,8,55,37,,NA,NA,1.7932,NA,0.1598,NA,1.1,NA,NA,NA,NA,NA,NA,6.1,NA,53.27,46.2,22.705,31.067,134.65,81.818,247.183,4.205731752,NA,NA,,IL-019-SW-RTHRML-004-3-010820,,NA,1271,,10,20,IL-019-SW-RTHRML,4,1/8/2020,-88.0275783,39.9254322,Drummer,Flanagan,32,SHM - NT,SHM,CROP,No-till,NT,No-Till managed with corn-soybean rotations,AG-CROP,Rothermel,Illinois,Drummer,NA,NA,1.7932,not-used,1.5482508774,1.7932,0,10,1,27.763234733536795
1272,IL-019-SW-RTHRML-004-4-010820,IL-019-SW-RTHRML-004,4,IL-019-SW-RTHRML-004,8,54,38,,NA,NA,1.6582,NA,0.1444,NA,1.2,NA,NA,NA,NA,NA,NA,6.3,NA,45.279,254.6,51.3,38.58,158.2,86.5,202.293,2.886243558,NA,NA,,IL-019-SW-RTHRML-004-4-010820,,NA,1272,,20,30,IL-019-SW-RTHRML,4,1/8/2020,-88.0275783,39.9254322,Drummer,Flanagan,32,SHM - NT,SHM,CROP,No-till,NT,No-Till managed with corn-soybean rotations,AG-CROP,Rothermel,Illinois,Drummer,NA,NA,1.6582,not-used,1.5490122222666667,1.6582,0,10,1,25.685720669625866
1273,IL-019-SW-RTHRML-004-5-010820,IL-019-SW-RTHRML-004,5,IL-019-SW-RTHRML-004,9,48,43,,NA,NA,1.1604,NA,0.1252,NA,1.6,NA,NA,NA,NA,NA,NA,6.4,NA,22.8,192.1,30.18,27.86,195.7,61.97,134.884,2.234931476,NA,NA,,IL-019-SW-RTHRML-004-5-010820,,NA,1273,,30,40,IL-019-SW-RTHRML,4,1/8/2020,-88.0275783,39.9254322,Drummer,Flanagan,32,SHM - NT,SHM,CROP,No-till,NT,No-Till managed with corn-soybean rotations,AG-CROP,Rothermel,Illinois,Drummer,NA,NA,1.1604,not-used,1.554935408,1.1604,0,10,1,18.043470474432002
1274,IL-019-SW-RTHRML-004-6-010820,IL-019-SW-RTHRML-004,6,IL-019-SW-RTHRML-004,26,43,31,,NA,NA,0.4263,NA,0.047,NA,0.9,NA,NA,NA,NA,NA,NA,7.6,NA,0,0,14.84,5.407,277.02,23.45,38.955,1.599603097,NA,NA,,IL-019-SW-RTHRML-004-6-010820,,NA,1274,,40,100,IL-019-SW-RTHRML,4,1/8/2020,-88.0275783,39.9254322,Drummer,Flanagan,32,SHM - NT,SHM,CROP,No-till,NT,No-Till managed with corn-soybean rotations,AG-CROP,Rothermel,Illinois,Drummer,NA,NA,0.4263,not-used,1.5973935088333333,0.4263,0,60,1,40.858131168939
1314,IL-019-SW-RTHRML-004A-1-111820,IL-019-SW-RTHRML-004A,1,IL-019-SW-RTHRML-004A,12,66,22,,NA,23.879013,3.1639,NA,0.2608,NA,1.7,NA,NA,NA,NA,NA,NA,7.3,0.226399606,414.9837,90.84298,514.7767,400.8052,526.801,208.4556,936.0503,11.59481249,NA,NA,,IL-019-SW-RTHRML-004A-1-111820,21N02451,0,1314,Ap1,0,5,IL-019-SW-RTHRML,4,11/18/2020,-88.027589,39.92541,Drummer,Flanagan,32,SHM - NT,SHM,CROP,No-till,NT,No-Till managed with corn-soybean rotations,AG-CROP,Rothermel,Illinois,Drummer,3.1,3.17,3.1639,A,1.0805353862666667,3.1639,0,5,1,17.093529543045534
1315,IL-019-SW-RTHRML-004A-2-111820,IL-019-SW-RTHRML-004A,2,IL-019-SW-RTHRML-004A,10,57,33,,NA,22.38895558,2.1115,NA,0.1779,NA,1.3,NA,NA,NA,NA,NA,NA,6.3,0.070200573,147.8979,34.33299,493.1592,425.3178,378.3948,105.3227,548.0489,5.874379272,NA,NA,,IL-019-SW-RTHRML-004A-2-111820,21N02452,0,1315,Ap2,5,23,IL-019-SW-RTHRML,4,11/18/2020,-88.027589,39.92541,Drummer,Flanagan,32,SHM - NT,SHM,CROP,No-till,NT,No-Till managed with corn-soybean rotations,AG-CROP,Rothermel,Illinois,Drummer,2.2,2.23,2.1115,A,1.5376891210259258,2.1115,0,18,1,58.44295042283236
1316,IL-019-SW-RTHRML-004A-3-111820,IL-019-SW-RTHRML-004A,3,IL-019-SW-RTHRML-004A,9,55,36,,NA,21.41823444,1.5717,NA,0.126,NA,1.6,NA,NA,NA,NA,NA,NA,6.7,0.059574468,134.0216,17.69815,505.138,326.5616,261.7068,74.69282,287.3186,2.84406421,NA,NA,,IL-019-SW-RTHRML-004A-3-111820,21N02453,0,1316,BAt,23,36,IL-019-SW-RTHRML,4,11/18/2020,-88.027589,39.92541,Drummer,Flanagan,32,SHM - NT,SHM,CROP,No-till,NT,No-Till managed with corn-soybean rotations,AG-CROP,Rothermel,Illinois,Drummer,1.5,1.45,1.5717,Bt,1.551746000297436,1.5717,0,13,1,31.705429452677244
1317,IL-019-SW-RTHRML-004A-4-111820,IL-019-SW-RTHRML-004A,4,IL-019-SW-RTHRML-004A,4,57,39,,NA,24.90339201,1.1335,NA,0.1035,NA,1.5,NA,NA,NA,NA,NA,NA,6.6,0.031293143,91.00176,16.61807,566.9229,196.5271,188.2377,61.67392,59.6977,1.52646421,NA,NA,,IL-019-SW-RTHRML-004A-4-111820,21N02454,0,1317,Bt1,36,67,IL-019-SW-RTHRML,4,11/18/2020,-88.027589,39.92541,Drummer,Flanagan,32,SHM - NT,SHM,CROP,No-till,NT,No-Till managed with corn-soybean rotations,AG-CROP,Rothermel,Illinois,Drummer,0.5,0.53,1.1335,Bt,1.5828755775806451,1.1335,0,31,1,55.619873482817496
1318,IL-019-SW-RTHRML-004A-5-111820,IL-019-SW-RTHRML-004A,5,IL-019-SW-RTHRML-004A,8,56,36,,NA,19.69752859,0.5219,NA,0.0525,NA,1.1,NA,NA,NA,NA,NA,NA,7.3,0.035103926,65.99689,9.35911,327.4427,130.521,131.911,49.76442,42.03612,1.377619176,NA,NA,,IL-019-SW-RTHRML-004A-5-111820,21N02455,0,1318,2 Bt2,67,97,IL-019-SW-RTHRML,4,11/18/2020,-88.027589,39.92541,Drummer,Flanagan,32,SHM - NT,SHM,CROP,No-till,NT,No-Till managed with corn-soybean rotations,AG-CROP,Rothermel,Illinois,Drummer,0.4,0.37,0.5219,Bt,1.605885129,0.5219,0,30,1,25.143343464753002
1319,IL-019-SW-RTHRML-004A-6-111820,IL-019-SW-RTHRML-004A,6,IL-019-SW-RTHRML-004A,11,59,30,,NA,18.5828877,0.4761,NA,0.0562,NA,0.8,NA,NA,NA,NA,NA,NA,7.3,0.032243206,43.66281,9.84046,125.5437,103.3719,125.3193,39.60719,159.5826,1.34212165,NA,NA,,IL-019-SW-RTHRML-004A-6-111820,21N02456,0,1319,2 Bt2,97,123,IL-019-SW-RTHRML,4,11/18/2020,-88.027589,39.92541,Drummer,Flanagan,32,SHM - NT,SHM,CROP,No-till,NT,No-Till managed with corn-soybean rotations,AG-CROP,Rothermel,Illinois,Drummer,0.2,0.25,0.4761,Bt,NA,0.4761,0,26,1,NA
1320,IL-019-SW-RTHRML-004A-7-111820,IL-019-SW-RTHRML-004A,7,IL-019-SW-RTHRML-004A,22,52,26,,NA,20.02152853,0.2665,NA,0.0425,NA,0.9,NA,NA,NA,NA,NA,NA,7.7,0.030818767,36.6347,8.64104,103.3582,92.5477,88.01745,22.45043,106.524,0.935387663,NA,NA,,IL-019-SW-RTHRML-004A-7-111820,21N02457,13,1320,2 Cg,123,149,IL-019-SW-RTHRML,4,11/18/2020,-88.027589,39.92541,Drummer,Flanagan,32,SHM - NT,SHM,CROP,No-till,NT,No-Till managed with corn-soybean rotations,AG-CROP,Rothermel,Illinois,Drummer,0.1,1.05,0.2665,C,NA,0.2665,13,26,0.87,NA
1179,IL-115-SW-ETAL-001-1-051220,IL-115-SW-ETAL-001,1,IL-115-SW-ETAL-001,7,73,20,,1.059745323,23.8,2.6549,NA,0.2343,NA,1,NA,NA,NA,NA,NA,NA,NA,0.208607486,156.7469,126.9715,460.3639,62.07595,408.1482,174.1365,384.347,6.579133406,NA,NA,,IL-115-SW-ETAL-001-1-051220,,NA,1179,,0,5,IL-115-SW-ETAL,1,5/12/2020,-88.745608,39.895068,Drummer,Drummer,33,BAU - Organic,BAU,CROP,Till,Organic,Organically managed in a corn-soybean-small grains rotation with cover crops established prior to corn,AG-CROP,Etal,Illinois,Drummer,NA,NA,2.6549,not-used,1.059745323,2.6549,0,5,1,14.0675892901635
1180,IL-115-SW-ETAL-001-2-051220,IL-115-SW-ETAL-001,2,IL-115-SW-ETAL-001,7,60,33,,1.577562333,24.6,2.4984,NA,0.2039,NA,1.48,NA,NA,NA,NA,NA,NA,7.1,0.138025594,168.2304,72.24462,384.1802,18.21005,275.8039,168.1345,357.682,5.612886004,NA,NA,,IL-115-SW-ETAL-001-2-051220,,NA,1180,,5,10,IL-115-SW-ETAL,1,5/12/2020,-88.745608,39.895068,Drummer,Drummer,33,BAU - Organic,BAU,CROP,Till,Organic,Organically managed in a corn-soybean-small grains rotation with cover crops established prior to corn,AG-CROP,Etal,Illinois,Drummer,NA,NA,2.4984,not-used,1.577562333,2.4984,0,5,1,19.706908663836
1181,IL-115-SW-ETAL-001-3-051220,IL-115-SW-ETAL-001,3,IL-115-SW-ETAL-001,6,61,33,,1.517352536,23.3,2.0329,NA,0.1658,NA,1.48,NA,NA,NA,NA,NA,NA,7,0.080520733,43.88001,112.3756,189.2336,0,130.8494,76.22635,248.032,3.835139078,NA,NA,,IL-115-SW-ETAL-001-3-051220,,NA,1181,,10,20,IL-115-SW-ETAL,1,5/12/2020,-88.745608,39.895068,Drummer,Drummer,33,BAU - Organic,BAU,CROP,Till,Organic,Organically managed in a corn-soybean-small grains rotation with cover crops established prior to corn,AG-CROP,Etal,Illinois,Drummer,NA,NA,2.0329,not-used,1.517352536,2.0329,0,10,1,30.846259704344003
1182,IL-115-SW-ETAL-001-4-051220,IL-115-SW-ETAL-001,4,IL-115-SW-ETAL-001,6,59,35,,1.578291924,26.6,2.0891,NA,0.1605,NA,1.14,NA,NA,NA,NA,NA,NA,6.6,0.086808923,66.71518,286.3533,216.2571,0,0,6.84696,206.397,5.073667508,NA,NA,,IL-115-SW-ETAL-001-4-051220,,NA,1182,,20,30,IL-115-SW-ETAL,1,5/12/2020,-88.745608,39.895068,Drummer,Drummer,33,BAU - Organic,BAU,CROP,Till,Organic,Organically managed in a corn-soybean-small grains rotation with cover crops established prior to corn,AG-CROP,Etal,Illinois,Drummer,NA,NA,2.0891,not-used,1.578291924,2.0891,0,10,1,32.972096584284
1183,IL-115-SW-ETAL-001-5-051220,IL-115-SW-ETAL-001,5,IL-115-SW-ETAL-001,7,52,41,,1.478370287,28.2,1.7621,NA,0.1535,NA,1.63,NA,NA,NA,NA,NA,NA,6.6,0.086282113,56.50645,204.107,179.5402,0,48.29368,20.18138,148.954,2.802809198,NA,NA,,IL-115-SW-ETAL-001-5-051220,,NA,1183,,30,50,IL-115-SW-ETAL,1,5/12/2020,-88.745608,39.895068,Drummer,Drummer,33,BAU - Organic,BAU,CROP,Till,Organic,Organically managed in a corn-soybean-small grains rotation with cover crops established prior to corn,AG-CROP,Etal,Illinois,Drummer,NA,NA,1.7621,not-used,1.478370287,1.7621,0,20,1,52.100725654454
1184,IL-115-SW-ETAL-001-6-051220,IL-115-SW-ETAL-001,6,IL-115-SW-ETAL-001,5,42,53,,1.542211322,29,0.756,NA,0.0826,NA,1.4,NA,NA,NA,NA,NA,NA,6.9,0.083655706,27.02868,182.2991,161.5892,0,87.79915,27.32962,47.085,1.584162674,NA,NA,,IL-115-SW-ETAL-001-6-051220,,NA,1184,,50,100,IL-115-SW-ETAL,1,5/12/2020,-88.745608,39.895068,Drummer,Drummer,33,BAU - Organic,BAU,CROP,Till,Organic,Organically managed in a corn-soybean-small grains rotation with cover crops established prior to corn,AG-CROP,Etal,Illinois,Drummer,NA,NA,0.756,not-used,1.542211322,0.756,0,50,1,58.29558797160001
1283,IL-115-SW-ETAL-001A-1-11192020,IL-115-SW-ETAL-001A,1,IL-115-SW-ETAL-001A,6,62,32,,NA,22.13058419,2.2623,NA,0.187,NA,0.8,NA,NA,NA,NA,NA,NA,7.2,0.105029586,234.9661,79.75387,375.4401,523.2429,350.1507,120.3784,560.9155,5.918695255,NA,NA,,IL-115-SW-ETAL-001A-1-11192020,21N02459,0,1283,Ap1,0,13,IL-115-SW-ETAL,1,11/19/2020,-88.745608,39.895068,Drummer,Drummer,33,BAU - Organic,BAU,CROP,Till,Organic,Organically managed in a corn-soybean-small grains rotation with cover crops established prior to corn,AG-CROP,Etal,Illinois,Drummer,2.3,2.28,2.2623,A,1.3535606385538461,2.2623,0,13,1,39.80808302380476
1284,IL-115-SW-ETAL-001A-2-11192020,IL-115-SW-ETAL-001A,2,IL-115-SW-ETAL-001A,5,60,35,,NA,20.22354174,1.8438,NA,0.1515,NA,1,NA,NA,NA,NA,NA,NA,6.1,0.062085308,122.8454,80.76447,167.3439,539.5401,159.4839,76.22048,279.337,4.977289506,NA,NA,,IL-115-SW-ETAL-001A-2-11192020,21N02460,0,1284,Ap2,13,29,IL-115-SW-ETAL,1,11/19/2020,-88.745608,39.895068,Drummer,Drummer,33,BAU - Organic,BAU,CROP,Till,Organic,Organically managed in a corn-soybean-small grains rotation with cover crops established prior to corn,AG-CROP,Etal,Illinois,Drummer,1.2,1.24,1.8438,A,1.5486791338875,1.8438,0,16,1,45.68727339298836
1285,IL-115-SW-ETAL-001A-3-11192020,IL-115-SW-ETAL-001A,3,IL-115-SW-ETAL-001A,4,58,38,,NA,22.60934025,1.9232,NA,0.1489,NA,1.3,NA,NA,NA,NA,NA,NA,6.3,0.066127498,152.9762,460.3494,320.775,642.7341,182.3062,75.96968,180.1487,2.70007437,NA,NA,,IL-115-SW-ETAL-001A-3-11192020,21N02461,0,1285,A,29,50,IL-115-SW-ETAL,1,11/19/2020,-88.745608,39.895068,Drummer,Drummer,33,BAU - Organic,BAU,CROP,Till,Organic,Organically managed in a corn-soybean-small grains rotation with cover crops established prior to corn,AG-CROP,Etal,Illinois,Drummer,1.4,1.37,1.9232,A,1.554653351536508,1.9232,0,21,1,62.788095839175256
1286,IL-115-SW-ETAL-001A-4-11192020,IL-115-SW-ETAL-001A,4,IL-115-SW-ETAL-001A,2,51,47,,NA,22.97717842,0.976,NA,0.1035,NA,1.4,NA,NA,NA,NA,NA,NA,6.3,0.048175865,93.15449,307.6943,284.9142,468.9028,168.527,75.98057,84.70202,1.763584295,NA,NA,,IL-115-SW-ETAL-001A-4-11192020,21N02462,0,1286,Btg1,50,77,IL-115-SW-ETAL,1,11/19/2020,-88.745608,39.895068,Drummer,Drummer,33,BAU - Organic,BAU,CROP,Till,Organic,Organically managed in a corn-soybean-small grains rotation with cover crops established prior to corn,AG-CROP,Etal,Illinois,Drummer,0.9,0.86,0.976,Bt,1.605885129,0.976,0,27,1,42.318284919408
1287,IL-115-SW-ETAL-001A-5-11192020,IL-115-SW-ETAL-001A,5,IL-115-SW-ETAL-001A,2,58,40,,NA,22.19827586,0.5914,NA,0.0618,NA,1.2,NA,NA,NA,NA,NA,NA,7.3,0.044755245,85.32586,26.37314,426.0405,247.5304,222.9024,64.61657,0,1.396339955,NA,NA,,IL-115-SW-ETAL-001A-5-11192020,21N02463,0,1287,Btg2,77,107,IL-115-SW-ETAL,1,11/19/2020,-88.745608,39.895068,Drummer,Drummer,33,BAU - Organic,BAU,CROP,Till,Organic,Organically managed in a corn-soybean-small grains rotation with cover crops established prior to corn,AG-CROP,Etal,Illinois,Drummer,0.5,0.49,0.5914,Bt,NA,0.5914,0,30,1,NA
1288,IL-115-SW-ETAL-001A-6-11192020,IL-115-SW-ETAL-001A,6,IL-115-SW-ETAL-001A,2,67,31,,NA,17.3902439,0.5534,NA,0.0557,NA,0.7,NA,NA,NA,NA,NA,NA,7.6,0.049157303,64.13018,14.20092,252.0563,131.5228,144.703,41.11127,0,1.02575669,NA,NA,,IL-115-SW-ETAL-001A-6-11192020,21N02464,0,1288,2 Bt,107,137,IL-115-SW-ETAL,1,11/19/2020,-88.745608,39.895068,Drummer,Drummer,33,BAU - Organic,BAU,CROP,Till,Organic,Organically managed in a corn-soybean-small grains rotation with cover crops established prior to corn,AG-CROP,Etal,Illinois,Drummer,0.3,0.32,0.5534,Bt,NA,0.5534,0,30,1,NA
1289,IL-115-SW-ETAL-001A-7-11192020,IL-115-SW-ETAL-001A,7,IL-115-SW-ETAL-001A,2,68,30,,NA,19.95884774,0.2665,NA,0.0336,NA,0.5,NA,NA,NA,NA,NA,NA,7.7,0.0375,35.39901,6.44844,109.1224,92.1353,60.63807,15.06752,4.182814,0.856193455,NA,NA,,IL-115-SW-ETAL-001A-7-11192020,21N02465,0,1289,2 Btg,137,181,IL-115-SW-ETAL,1,11/19/2020,-88.745608,39.895068,Drummer,Drummer,33,BAU - Organic,BAU,CROP,Till,Organic,Organically managed in a corn-soybean-small grains rotation with cover crops established prior to corn,AG-CROP,Etal,Illinois,Drummer,0.2,0.22,0.2665,Bt,NA,0.2665,0,44,1,NA
1290,IL-115-SW-ETAL-001A-8-11192020,IL-115-SW-ETAL-001A,8,IL-115-SW-ETAL-001A,11,74,15,,NA,19.17283635,0.0975,NA,0.0023,NA,0.3,NA,NA,NA,NA,NA,NA,8,0.0408732,22.73927,8.17493,36.44972,55.75827,36.23233,3.18958,0,0.714165513,NA,NA,,IL-115-SW-ETAL-001A-8-11192020,21N02466,0,1290,3 BCtg,181,240,IL-115-SW-ETAL,1,11/19/2020,-88.745608,39.895068,Drummer,Drummer,33,BAU - Organic,BAU,CROP,Till,Organic,Organically managed in a corn-soybean-small grains rotation with cover crops established prior to corn,AG-CROP,Etal,Illinois,Drummer,0.1,0.47,0.0975,C,NA,0.0975,0,59,1,NA
1185,IL-115-SW-ETAL-002-1-051220,IL-115-SW-ETAL-002,1,IL-115-SW-ETAL-002,8,70,22,,1.008040096,21.1,2.3544,NA,0.2117,NA,0.97,NA,NA,NA,NA,NA,NA,NA,0.259625653,201.448,104.8991,278.2643,189.4521,307.7923,160.0226,401.842,7.348250466,NA,NA,,IL-115-SW-ETAL-002-1-051220,,NA,1185,,0,5,IL-115-SW-ETAL,2,5/12/2020,-88.746645,39.895384,Drummer,Drummer,33,BAU - Organic,BAU,CROP,Till,Organic,Organically managed in a corn-soybean-small grains rotation with cover crops established prior to corn,AG-CROP,Etal,Illinois,Drummer,NA,NA,2.3544,not-used,1.008040096,2.3544,0,5,1,11.866648010112
1186,IL-115-SW-ETAL-002-2-051220,IL-115-SW-ETAL-002,2,IL-115-SW-ETAL-002,8,62,30,,1.522847525,23.6,2.029,NA,0.1761,NA,1.03,NA,NA,NA,NA,NA,NA,6.3,0.164276808,97.99816,66.31476,221.2236,123.9635,217.3675,123.6719,340.424,6.070019306,NA,NA,,IL-115-SW-ETAL-002-2-051220,,NA,1186,,5,10,IL-115-SW-ETAL,2,5/12/2020,-88.746645,39.895384,Drummer,Drummer,33,BAU - Organic,BAU,CROP,Till,Organic,Organically managed in a corn-soybean-small grains rotation with cover crops established prior to corn,AG-CROP,Etal,Illinois,Drummer,NA,NA,2.029,not-used,1.522847525,2.029,0,5,1,15.449288141124999
1187,IL-115-SW-ETAL-002-3-051220,IL-115-SW-ETAL-002,3,IL-115-SW-ETAL-002,7,60,33,,1.536589828,24.5,1.5743,NA,0.1343,NA,0.85,NA,NA,NA,NA,NA,NA,6.1,0.088921283,30.49055,83.55314,116.0534,10.15614,95.65873,62.82633,217.283,5.64791891,NA,NA,,IL-115-SW-ETAL-002-3-051220,,NA,1187,,10,20,IL-115-SW-ETAL,2,5/12/2020,-88.746645,39.895384,Drummer,Drummer,33,BAU - Organic,BAU,CROP,Till,Organic,Organically managed in a corn-soybean-small grains rotation with cover crops established prior to corn,AG-CROP,Etal,Illinois,Drummer,NA,NA,1.5743,not-used,1.536589828,1.5743,0,10,1,24.190533662204
1188,IL-115-SW-ETAL-002-4-051220,IL-115-SW-ETAL-002,4,IL-115-SW-ETAL-002,7,55,38,,1.601544033,27.1,1.6515,NA,0.1387,NA,0.99,NA,NA,NA,NA,NA,NA,6.2,0.09104187,40.1632,270.9672,119.892,36.87101,117.9632,63.60596,181.238,3.530105205,NA,NA,,IL-115-SW-ETAL-002-4-051220,,NA,1188,,20,30,IL-115-SW-ETAL,2,5/12/2020,-88.746645,39.895384,Drummer,Drummer,33,BAU - Organic,BAU,CROP,Till,Organic,Organically managed in a corn-soybean-small grains rotation with cover crops established prior to corn,AG-CROP,Etal,Illinois,Drummer,NA,NA,1.6515,not-used,1.601544033,1.6515,0,10,1,26.449499704995
1189,IL-115-SW-ETAL-002-5-051220,IL-115-SW-ETAL-002,5,IL-115-SW-ETAL-002,6,46,48,,1.490996178,30.9,1.3775,NA,0.1253,NA,1.3,NA,NA,NA,NA,NA,NA,6.4,0.074820144,46.67862,314.548,159.7684,40.15896,135.506,80.00605,193.331,2.178421138,NA,NA,,IL-115-SW-ETAL-002-5-051220,,NA,1189,,30,50,IL-115-SW-ETAL,2,5/12/2020,-88.746645,39.895384,Drummer,Drummer,33,BAU - Organic,BAU,CROP,Till,Organic,Organically managed in a corn-soybean-small grains rotation with cover crops established prior to corn,AG-CROP,Etal,Illinois,Drummer,NA,NA,1.3775,not-used,1.490996178,1.3775,0,20,1,41.076944703900004
1190,IL-115-SW-ETAL-002-6-051220,IL-115-SW-ETAL-002,6,IL-115-SW-ETAL-002,5,53,42,,1.547465262,28.7,0.5047,NA,0.0599,NA,1.01,NA,NA,NA,NA,NA,NA,7.1,0.055581724,15.74235,9.91822,178.9846,4.40827,92.29358,33.79145,29.743,1.523109902,NA,NA,,IL-115-SW-ETAL-002-6-051220,,NA,1190,,50,100,IL-115-SW-ETAL,2,5/12/2020,-88.746645,39.895384,Drummer,Drummer,33,BAU - Organic,BAU,CROP,Till,Organic,Organically managed in a corn-soybean-small grains rotation with cover crops established prior to corn,AG-CROP,Etal,Illinois,Drummer,NA,NA,0.5047,not-used,1.547465262,0.5047,0,50,1,39.05028588657
1191,IL-115-SW-ETAL-003-1-051220,IL-115-SW-ETAL-003,1,IL-115-SW-ETAL-003,9,64,27,,1.061123714,24.7,2.5469,NA,0.2186,NA,0.84,NA,NA,NA,NA,NA,NA,6.5,0.295450604,237.7787,170.7907,337.2251,183.5136,360.0595,193.8959,464.822,7.550718552,NA,NA,,IL-115-SW-ETAL-003-1-051220,,NA,1191,,0,5,IL-115-SW-ETAL,3,5/12/2020,-88.746587,39.90146,Drummer,Dana,33,BAU - Organic,BAU,CROP,Till,Organic,Organically managed in a corn-soybean-small grains rotation with cover crops established prior to corn,AG-CROP,Etal,Illinois,Drummer,NA,NA,2.5469,not-used,1.061123714,2.5469,0,5,1,13.512879935933
1192,IL-115-SW-ETAL-003-2-051220,IL-115-SW-ETAL-003,2,IL-115-SW-ETAL-003,7,62,31,,1.422961803,25.9,2.3649,NA,0.196,NA,0.95,NA,NA,NA,NA,NA,NA,6.4,0.187599364,149.2922,128.5524,228.5763,158.8725,275.4913,185.5607,449.324,6.541528176,NA,NA,,IL-115-SW-ETAL-003-2-051220,,NA,1192,,5,10,IL-115-SW-ETAL,3,5/12/2020,-88.746587,39.90146,Drummer,Dana,33,BAU - Organic,BAU,CROP,Till,Organic,Organically managed in a corn-soybean-small grains rotation with cover crops established prior to corn,AG-CROP,Etal,Illinois,Drummer,NA,NA,2.3649,not-used,1.422961803,2.3649,0,5,1,16.8258118395735
1193,IL-115-SW-ETAL-003-3-051220,IL-115-SW-ETAL-003,3,IL-115-SW-ETAL-003,7,59,34,,1.553405381,24.1,1.9489,NA,0.1565,NA,1.03,NA,NA,NA,NA,NA,NA,6.8,0.052112676,54.9402,91.10707,154.4754,63.19742,208.7872,120.6749,404.575,5.172671851,NA,NA,,IL-115-SW-ETAL-003-3-051220,,NA,1193,,10,20,IL-115-SW-ETAL,3,5/12/2020,-88.746587,39.90146,Drummer,Dana,33,BAU - Organic,BAU,CROP,Till,Organic,Organically managed in a corn-soybean-small grains rotation with cover crops established prior to corn,AG-CROP,Etal,Illinois,Drummer,NA,NA,1.9489,not-used,1.553405381,1.9489,0,10,1,30.274317470308997
1194,IL-115-SW-ETAL-003-4-051220,IL-115-SW-ETAL-003,4,IL-115-SW-ETAL-003,10,49,41,,1.520182194,27.1,1.7361,NA,0.1483,NA,1.16,NA,NA,NA,NA,NA,NA,6.7,0.097991181,51.81238,100.0105,174.9224,78.67663,233.9598,113.5562,236.074,3.326487727,NA,NA,,IL-115-SW-ETAL-003-4-051220,,NA,1194,,20,30,IL-115-SW-ETAL,3,5/12/2020,-88.746587,39.90146,Drummer,Dana,33,BAU - Organic,BAU,CROP,Till,Organic,Organically managed in a corn-soybean-small grains rotation with cover crops established prior to corn,AG-CROP,Etal,Illinois,Drummer,NA,NA,1.7361,not-used,1.520182194,1.7361,0,10,1,26.391883070033998
1195,IL-115-SW-ETAL-003-5-051220,IL-115-SW-ETAL-003,5,IL-115-SW-ETAL-003,14,42,44,,1.622686839,26,1.1333,NA,0.0997,NA,1.26,NA,NA,NA,NA,NA,NA,7.1,0.069689737,48.22701,84.05919,210.3371,42.35208,219.9074,87.52555,105.535,2.127236003,NA,NA,,IL-115-SW-ETAL-003-5-051220,,NA,1195,,30,50,IL-115-SW-ETAL,3,5/12/2020,-88.746587,39.90146,Drummer,Dana,33,BAU - Organic,BAU,CROP,Till,Organic,Organically managed in a corn-soybean-small grains rotation with cover crops established prior to corn,AG-CROP,Etal,Illinois,Drummer,NA,NA,1.1333,not-used,1.622686839,1.1333,0,20,1,36.779819892774
1196,IL-115-SW-ETAL-003-6-051220,IL-115-SW-ETAL-003,6,IL-115-SW-ETAL-003,22,47,31,,1.594135287,22.3,0.4033,NA,0.0399,NA,1.06,NA,NA,NA,NA,NA,NA,7.5,0.048175865,2.9679,53.51952,115.6531,0,88.66759,41.74431,0,1.278141169,NA,NA,,IL-115-SW-ETAL-003-6-051220,,NA,1196,,50,100,IL-115-SW-ETAL,3,5/12/2020,-88.746587,39.90146,Drummer,Dana,33,BAU - Organic,BAU,CROP,Till,Organic,Organically managed in a corn-soybean-small grains rotation with cover crops established prior to corn,AG-CROP,Etal,Illinois,Drummer,NA,NA,0.4033,not-used,1.594135287,0.4033,0,50,1,32.145738062355
1161,IL-115-SW-WDFLD-001-1-051220,IL-115-SW-WDFLD-001,1,IL-115-SW-WDFLD-001,4,63,33,,1.019267248,27.3,2.5792,NA,0.2218,NA,1.37,NA,NA,NA,NA,NA,NA,NA,0.504971048,307.7825,64.82324,205.0506,371.4281,330.0963,148.2961,483.798,6.534739278,NA,NA,,IL-115-SW-WDFLD-001-1-051220,,NA,1161,,0,5,IL-115-SW-WDFLD,1,5/12/2020,-88.798131,39.866062,Drummer,Drummer,34,BAU - Organic,BAU,CROP,Till,Organic,Organically managed in a corn-soybean-small grains rotation with cover crops established prior to corn,AG-CROP,Woodfield,Illinois,Drummer,NA,NA,2.5792,not-used,1.019267248,2.5792,0,5,1,13.144470430208003
1162,IL-115-SW-WDFLD-001-2-051220,IL-115-SW-WDFLD-001,2,IL-115-SW-WDFLD-001,4,57,39,,1.656952954,26.2,2.6935,NA,0.2107,NA,1.16,NA,NA,NA,NA,NA,NA,7.2,0.132848044,274.0564,21.43146,110.1849,363.4832,285.4967,133.3771,398.155,4.744808153,NA,NA,,IL-115-SW-WDFLD-001-2-051220,,NA,1162,,5,10,IL-115-SW-WDFLD,1,5/12/2020,-88.798131,39.866062,Drummer,Drummer,34,BAU - Organic,BAU,CROP,Till,Organic,Organically managed in a corn-soybean-small grains rotation with cover crops established prior to corn,AG-CROP,Woodfield,Illinois,Drummer,NA,NA,2.6935,not-used,1.656952954,2.6935,0,5,1,22.315013907995002
1163,IL-115-SW-WDFLD-001-3-051220,IL-115-SW-WDFLD-001,3,IL-115-SW-WDFLD-001,4,50,46,,1.524652906,25.8,2.1485,NA,0.1863,NA,1.49,NA,NA,NA,NA,NA,NA,7.1,0.078960039,132.7013,15.14867,116.0323,268.8479,122.7059,109.3335,305.34,3.822887347,NA,NA,,IL-115-SW-WDFLD-001-3-051220,,NA,1163,,10,20,IL-115-SW-WDFLD,1,5/12/2020,-88.798131,39.866062,Drummer,Drummer,34,BAU - Organic,BAU,CROP,Till,Organic,Organically managed in a corn-soybean-small grains rotation with cover crops established prior to corn,AG-CROP,Woodfield,Illinois,Drummer,NA,NA,2.1485,not-used,1.524652906,2.1485,0,10,1,32.757167685409996
1164,IL-115-SW-WDFLD-001-4-051220,IL-115-SW-WDFLD-001,4,IL-115-SW-WDFLD-001,3,53,44,,1.62548793,26.3,1.8252,NA,0.1451,NA,1.83,NA,NA,NA,NA,NA,NA,7,0.073275862,26.24974,4.39396,0,194.1164,170.0755,108.7892,188.03,2.907069088,NA,NA,,IL-115-SW-WDFLD-001-4-051220,,NA,1164,,20,30,IL-115-SW-WDFLD,1,5/12/2020,-88.798131,39.866062,Drummer,Drummer,34,BAU - Organic,BAU,CROP,Till,Organic,Organically managed in a corn-soybean-small grains rotation with cover crops established prior to corn,AG-CROP,Woodfield,Illinois,Drummer,NA,NA,1.8252,not-used,1.62548793,1.8252,0,10,1,29.66840569836
1165,IL-115-SW-WDFLD-001-5-051220,IL-115-SW-WDFLD-001,5,IL-115-SW-WDFLD-001,3,46,51,,1.584755248,28,0.9631,NA,0.0894,NA,1.78,NA,NA,NA,NA,NA,NA,7.1,0.047685835,44.85086,0,0,56.69063,174.6917,81.14932,16.407,1.402402746,NA,NA,,IL-115-SW-WDFLD-001-5-051220,,NA,1165,,30,50,IL-115-SW-WDFLD,1,5/12/2020,-88.798131,39.866062,Drummer,Drummer,34,BAU - Organic,BAU,CROP,Till,Organic,Organically managed in a corn-soybean-small grains rotation with cover crops established prior to corn,AG-CROP,Woodfield,Illinois,Drummer,NA,NA,0.9631,not-used,1.584755248,0.9631,0,20,1,30.525555586976
1166,IL-115-SW-WDFLD-001-6-051220,IL-115-SW-WDFLD-001,6,IL-115-SW-WDFLD-001,3,53,44,,1.602585594,27.3,0.5345,NA,0.0581,NA,1.45,NA,NA,NA,NA,NA,NA,7.4,0.0375,12.81994,0,0,4.98327,49.45473,35.47253,0,1.049696098,NA,NA,,IL-115-SW-WDFLD-001-6-051220,,NA,1166,,50,100,IL-115-SW-WDFLD,1,5/12/2020,-88.798131,39.866062,Drummer,Drummer,34,BAU - Organic,BAU,CROP,Till,Organic,Organically managed in a corn-soybean-small grains rotation with cover crops established prior to corn,AG-CROP,Woodfield,Illinois,Drummer,NA,NA,0.5345,not-used,1.602585594,0.5345,0,50,1,42.82909999965
1275,IL-115-SW-WDFLD-001A-1-11192020,IL-115-SW-WDFLD-001A,1,IL-115-SW-WDFLD-001A,7,51,42,,NA,17.95511222,2.0567,NA,0.1748,NA,0.8,NA,NA,NA,NA,NA,NA,6.9,0.087336245,202.4568,85.17335,304.7893,483.8049,273.3351,75.212,428.9801,6.885472448,NA,NA,,IL-115-SW-WDFLD-001A-1-11192020,21N02467,0,1275,Ap1,0,15,IL-115-SW-WDFLD,1,11/19/2020,-88.798131,39.866062,Drummer,Drummer,34,BAU - Organic,BAU,CROP,Till,Organic,Organically managed in a corn-soybean-small grains rotation with cover crops established prior to corn,AG-CROP,Woodfield,Illinois,Drummer,2.1,2.13,2.0567,A,1.3795193370666667,2.0567,0,15,1,42.5588613081752
1276,IL-115-SW-WDFLD-001A-2-11192020,IL-115-SW-WDFLD-001A,2,IL-115-SW-WDFLD-001A,6,59,35,,NA,21.20194102,1.5432,NA,0.1316,NA,1.1,NA,NA,NA,NA,NA,NA,6.4,0.054092192,85.91397,233.3178,159.9168,541.3566,119.4681,46.67582,182.274,3.701127356,NA,NA,,IL-115-SW-WDFLD-001A-2-11192020,21N02468,0,1276,Ap2,15,31,IL-115-SW-WDFLD,1,11/19/2020,-88.798131,39.866062,Drummer,Drummer,34,BAU - Organic,BAU,CROP,Till,Organic,Organically managed in a corn-soybean-small grains rotation with cover crops established prior to corn,AG-CROP,Woodfield,Illinois,Drummer,1.7,1.74,1.5432,A,1.5491445011041667,1.5432,0,16,1,38.2502367056632
1277,IL-115-SW-WDFLD-001A-3-11192020,IL-115-SW-WDFLD-001A,3,IL-115-SW-WDFLD-001A,5,51,44,,NA,23.41097513,1.0529,NA,0.1123,NA,1.5,NA,NA,NA,NA,NA,NA,6.2,0.041841004,76.99694,335.5305,156.8965,555.681,114.9023,58.7117,104.2349,2.05690502,NA,NA,,IL-115-SW-WDFLD-001A-3-11192020,21N02469,0,1277,AB,31,48,IL-115-SW-WDFLD,1,11/19/2020,-88.798131,39.866062,Drummer,Drummer,34,BAU - Organic,BAU,CROP,Till,Organic,Organically managed in a corn-soybean-small grains rotation with cover crops established prior to corn,AG-CROP,Woodfield,Illinois,Drummer,1.1,1.05,1.0529,A,1.554935408,1.0529,0,17,1,27.8322553484144
1278,IL-115-SW-WDFLD-001A-4-11192020,IL-115-SW-WDFLD-001A,4,IL-115-SW-WDFLD-001A,6,44,50,,NA,20.37541629,0.6876,NA,0.0815,NA,1.4,NA,NA,NA,NA,NA,NA,6.4,0.034626039,68.14569,122.1551,218.5223,377.0634,111.2385,53.0401,37.02501,1.835565395,NA,NA,,IL-115-SW-WDFLD-001A-4-11192020,21N02470,0,1278,Bt1,48,67,IL-115-SW-WDFLD,1,11/19/2020,-88.798131,39.866062,Drummer,Drummer,34,BAU - Organic,BAU,CROP,Till,Organic,Organically managed in a corn-soybean-small grains rotation with cover crops established prior to corn,AG-CROP,Woodfield,Illinois,Drummer,0.6,0.64,0.6876,Bt,1.6005220004736842,0.6876,0,19,1,20.9098596229884
1279,IL-115-SW-WDFLD-001A-5-11192020,IL-115-SW-WDFLD-001A,5,IL-115-SW-WDFLD-001A,6,56,38,,NA,18.04311774,0.3216,NA,0.0571,NA,0.8,NA,NA,NA,NA,NA,NA,7.1,0.042325581,41.58362,10.88812,284.3413,122.2888,104.1554,34.24917,36.22728,1.1707183,NA,NA,,IL-115-SW-WDFLD-001A-5-11192020,21N02471,0,1279,Bt2,67,94,IL-115-SW-WDFLD,1,11/19/2020,-88.798131,39.866062,Drummer,Drummer,34,BAU - Organic,BAU,CROP,Till,Organic,Organically managed in a corn-soybean-small grains rotation with cover crops established prior to corn,AG-CROP,Woodfield,Illinois,Drummer,0.4,0.42,0.3216,Bt,1.605885129,0.3216,0,27,1,13.944221752132801
1280,IL-115-SW-WDFLD-001A-6-11192020,IL-115-SW-WDFLD-001A,6,IL-115-SW-WDFLD-001A,9,56,35,,NA,16.58317954,0.2157,NA,0.027,NA,0.5,NA,NA,NA,NA,NA,NA,7.5,0.045730285,26.988,8.96557,145.131,88.22956,68.05653,21.08011,0,0.969656941,NA,NA,,IL-115-SW-WDFLD-001A-6-11192020,21N02472,0,1280,2 Bt3,94,126,IL-115-SW-WDFLD,1,11/19/2020,-88.798131,39.866062,Drummer,Drummer,34,BAU - Organic,BAU,CROP,Till,Organic,Organically managed in a corn-soybean-small grains rotation with cover crops established prior to corn,AG-CROP,Woodfield,Illinois,Drummer,0.2,0.35,0.2157,Bt,NA,0.2157,0,32,1,NA
1281,IL-115-SW-WDFLD-001A-7-11192020,IL-115-SW-WDFLD-001A,7,IL-115-SW-WDFLD-001A,6,63,31,,NA,20.4046737,0.1839,NA,0.0259,NA,0.4,NA,NA,NA,NA,NA,NA,7.8,0.04281061,25.62078,13.43758,101.6931,72.8846,53.15323,9.35243,0,0.811361103,NA,NA,,IL-115-SW-WDFLD-001A-7-11192020,21N02473,0,1281,2 Bt4,126,146,IL-115-SW-WDFLD,1,11/19/2020,-88.798131,39.866062,Drummer,Drummer,34,BAU - Organic,BAU,CROP,Till,Organic,Organically managed in a corn-soybean-small grains rotation with cover crops established prior to corn,AG-CROP,Woodfield,Illinois,Drummer,0.1,1.37,0.1839,Bt,NA,0.1839,0,20,1,NA
1282,IL-115-SW-WDFLD-001A-8-11192020,IL-115-SW-WDFLD-001A,8,IL-115-SW-WDFLD-001A,24,43,33,,NA,18.04068522,0.2555,NA,0.0012,NA,0.5,NA,NA,NA,NA,NA,NA,7.7,0.037980547,19.34592,10.36625,96.67664,75.69491,74.3967,6.09527,90.89508,0.844152243,NA,NA,,IL-115-SW-WDFLD-001A-8-11192020,21N02474,0,1282,2 Bt5,146,176,IL-115-SW-WDFLD,1,11/19/2020,-88.798131,39.866062,Drummer,Drummer,34,BAU - Organic,BAU,CROP,Till,Organic,Organically managed in a corn-soybean-small grains rotation with cover crops established prior to corn,AG-CROP,Woodfield,Illinois,Drummer,0,2.17,0.2555,Bt,NA,0.2555,0,30,1,NA
1167,IL-115-SW-WDFLD-002-1-051220,IL-115-SW-WDFLD-002,1,IL-115-SW-WDFLD-002,6,63,31,,0.926176463,27.7,3.1046,NA,0.278,NA,2.2,NA,NA,NA,NA,NA,NA,NA,NA,366.3598,139.7,251.9196,250.9588,344.6185,125.5788,489.315,7.222132188,NA,NA,,IL-115-SW-WDFLD-002-1-051220,,NA,1167,,0,5,IL-115-SW-WDFLD,2,5/12/2020,-88.799917,39.865395,Drummer,Drummer,34,BAU - Organic,BAU,CROP,Till,Organic,Organically managed in a corn-soybean-small grains rotation with cover crops established prior to corn,AG-CROP,Woodfield,Illinois,Drummer,NA,NA,3.1046,not-used,0.926176463,3.1046,0,5,1,14.377037235149
1168,IL-115-SW-WDFLD-002-2-051220,IL-115-SW-WDFLD-002,2,IL-115-SW-WDFLD-002,6,61,33,,1.515364479,25.8,2.4034,NA,0.2068,NA,1,NA,NA,NA,NA,NA,NA,6.1,0.111607143,288.5193,60.3,36.45061,242.6796,250.432,88.56966,364.585,5.68705442,NA,NA,,IL-115-SW-WDFLD-002-2-051220,,NA,1168,,5,10,IL-115-SW-WDFLD,2,5/12/2020,-88.799917,39.865395,Drummer,Drummer,34,BAU - Organic,BAU,CROP,Till,Organic,Organically managed in a corn-soybean-small grains rotation with cover crops established prior to corn,AG-CROP,Woodfield,Illinois,Drummer,NA,NA,2.4034,not-used,1.515364479,2.4034,0,5,1,18.210134944143
1169,IL-115-SW-WDFLD-002-3-051220,IL-115-SW-WDFLD-002,3,IL-115-SW-WDFLD-002,5,54,41,,1.681043535,25.4,2.0947,NA,0.1578,NA,1.08,NA,NA,NA,NA,NA,NA,6,0.065114068,177.3988,1.9,0,176.9815,47.32476,49.36721,278.389,4.414718882,NA,NA,,IL-115-SW-WDFLD-002-3-051220,,NA,1169,,10,20,IL-115-SW-WDFLD,2,5/12/2020,-88.799917,39.865395,Drummer,Drummer,34,BAU - Organic,BAU,CROP,Till,Organic,Organically managed in a corn-soybean-small grains rotation with cover crops established prior to corn,AG-CROP,Woodfield,Illinois,Drummer,NA,NA,2.0947,not-used,1.681043535,2.0947,0,10,1,35.212818927644996
1170,IL-115-SW-WDFLD-002-4-051220,IL-115-SW-WDFLD-002,4,IL-115-SW-WDFLD-002,4,47,49,,1.511683267,29.7,2.1559,NA,0.1735,NA,1.15,NA,NA,NA,NA,NA,NA,6.3,0.068160153,64.81042,1.4,0,131.7173,126.7465,90.3889,254.986,3.121475278,NA,NA,,IL-115-SW-WDFLD-002-4-051220,,NA,1170,,20,30,IL-115-SW-WDFLD,2,5/12/2020,-88.799917,39.865395,Drummer,Drummer,34,BAU - Organic,BAU,CROP,Till,Organic,Organically managed in a corn-soybean-small grains rotation with cover crops established prior to corn,AG-CROP,Woodfield,Illinois,Drummer,NA,NA,2.1559,not-used,1.511683267,2.1559,0,10,1,32.590379553253
1171,IL-115-SW-WDFLD-002-5-051220,IL-115-SW-WDFLD-002,5,IL-115-SW-WDFLD-002,3,48,49,,1.569032727,28.9,1.2658,NA,0.1029,NA,1.36,NA,NA,NA,NA,NA,NA,6.6,0.058573453,23.82052,0,0,29.61012,127.3183,90.82611,99.217,1.649231441,NA,NA,,IL-115-SW-WDFLD-002-5-051220,,NA,1171,,30,50,IL-115-SW-WDFLD,2,5/12/2020,-88.799917,39.865395,Drummer,Drummer,34,BAU - Organic,BAU,CROP,Till,Organic,Organically managed in a corn-soybean-small grains rotation with cover crops established prior to corn,AG-CROP,Woodfield,Illinois,Drummer,NA,NA,1.2658,not-used,1.569032727,1.2658,0,20,1,39.721632516732
1172,IL-115-SW-WDFLD-002-6-051220,IL-115-SW-WDFLD-002,6,IL-115-SW-WDFLD-002,2,55,43,,1.620441523,27.6,0.5481,NA,0.0586,NA,1.45,NA,NA,NA,NA,NA,NA,6.3,0.037019898,0,0,0,0,43.4339,34.22755,3.961,0.943701063,NA,NA,,IL-115-SW-WDFLD-002-6-051220,,NA,1172,,50,100,IL-115-SW-WDFLD,2,5/12/2020,-88.799917,39.865395,Drummer,Drummer,34,BAU - Organic,BAU,CROP,Till,Organic,Organically managed in a corn-soybean-small grains rotation with cover crops established prior to corn,AG-CROP,Woodfield,Illinois,Drummer,NA,NA,0.5481,not-used,1.620441523,0.5481,0,50,1,44.408199937815
1173,IL-115-SW-WDFLD-003-1-051220,IL-115-SW-WDFLD-003,1,IL-115-SW-WDFLD-003,4,59,37,,0.934091939,28.9,2.7563,NA,0.2242,NA,1.15,NA,NA,NA,NA,NA,NA,NA,0.183335093,375.441,88.8,140.356,299.6763,324.8089,163.1922,480.582,6.676667816,NA,NA,,IL-115-SW-WDFLD-003-1-051220,,NA,1173,,0,5,IL-115-SW-WDFLD,3,5/12/2020,-88.798039,39.868482,Drummer,Drummer,34,BAU - Organic,BAU,CROP,Till,Organic,Organically managed in a corn-soybean-small grains rotation with cover crops established prior to corn,AG-CROP,Woodfield,Illinois,Drummer,NA,NA,2.7563,not-used,0.934091939,2.7563,0,5,1,12.8731880573285
1174,IL-115-SW-WDFLD-003-2-051220,IL-115-SW-WDFLD-003,2,IL-115-SW-WDFLD-003,5,54,41,,1.455328051,30,2.5989,NA,0.2089,NA,1.11,NA,NA,NA,NA,NA,NA,6.3,0.13924050599999999,230.3635,82,153.9807,312.7897,326.6694,162.0409,408.569,6.046437456,NA,NA,,IL-115-SW-WDFLD-003-2-051220,,NA,1174,,5,10,IL-115-SW-WDFLD,3,5/12/2020,-88.798039,39.868482,Drummer,Drummer,34,BAU - Organic,BAU,CROP,Till,Organic,Organically managed in a corn-soybean-small grains rotation with cover crops established prior to corn,AG-CROP,Woodfield,Illinois,Drummer,NA,NA,2.5989,not-used,1.455328051,2.5989,0,5,1,18.9112603587195
1175,IL-115-SW-WDFLD-003-3-051220,IL-115-SW-WDFLD-003,3,IL-115-SW-WDFLD-003,4,56,40,,1.503943493,27.9,2.2961,NA,0.1867,NA,1.76,NA,NA,NA,NA,NA,NA,6,0.086282113,49.06828,40.7,24.90519,170.5625,132.0888,130.7614,306.697,5.361813738,NA,NA,,IL-115-SW-WDFLD-003-3-051220,,NA,1175,,10,20,IL-115-SW-WDFLD,3,5/12/2020,-88.798039,39.868482,Drummer,Drummer,34,BAU - Organic,BAU,CROP,Till,Organic,Organically managed in a corn-soybean-small grains rotation with cover crops established prior to corn,AG-CROP,Woodfield,Illinois,Drummer,NA,NA,2.2961,not-used,1.503943493,2.2961,0,10,1,34.532046542772996
1176,IL-115-SW-WDFLD-003-4-051220,IL-115-SW-WDFLD-003,4,IL-115-SW-WDFLD-003,4,50,46,,1.600976084,27.7,1.9841,NA,0.1613,NA,2.21,NA,NA,NA,NA,NA,NA,8,0.054092192,64.93912,9.7,0,33.53852,93.51812,69.29375,247.377,3.801089403,NA,NA,,IL-115-SW-WDFLD-003-4-051220,,NA,1176,,20,30,IL-115-SW-WDFLD,3,5/12/2020,-88.798039,39.868482,Drummer,Drummer,34,BAU - Organic,BAU,CROP,Till,Organic,Organically managed in a corn-soybean-small grains rotation with cover crops established prior to corn,AG-CROP,Woodfield,Illinois,Drummer,NA,NA,1.9841,not-used,1.600976084,1.9841,0,10,1,31.764966482644002
1177,IL-115-SW-WDFLD-003-5-051220,IL-115-SW-WDFLD-003,5,IL-115-SW-WDFLD-003,4,47,49,,1.581240828,27.6,1.138,NA,0.0998,NA,1.56,NA,NA,NA,NA,NA,NA,6.5,0.051618958,45.10272,3.2,0,13.77198,53.9262,76.22036,0,1.762958172,NA,NA,,IL-115-SW-WDFLD-003-5-051220,,NA,1177,,30,50,IL-115-SW-WDFLD,3,5/12/2020,-88.798039,39.868482,Drummer,Drummer,34,BAU - Organic,BAU,CROP,Till,Organic,Organically managed in a corn-soybean-small grains rotation with cover crops established prior to corn,AG-CROP,Woodfield,Illinois,Drummer,NA,NA,1.138,not-used,1.581240828,1.138,0,20,1,35.98904124528
1178,IL-115-SW-WDFLD-003-6-051220,IL-115-SW-WDFLD-003,6,IL-115-SW-WDFLD-003,3,48,49,,1.588602416,28.2,0.5738,NA,0.0612,NA,1.65,NA,NA,NA,NA,NA,NA,6.9,0.041356877,6.31267,0,0,7.12202,54.31368,43.90047,9.196,1.31654374,NA,NA,,IL-115-SW-WDFLD-003-6-051220,,NA,1178,,50,100,IL-115-SW-WDFLD,3,5/12/2020,-88.798039,39.868482,Drummer,Drummer,34,BAU - Organic,BAU,CROP,Till,Organic,Organically managed in a corn-soybean-small grains rotation with cover crops established prior to corn,AG-CROP,Woodfield,Illinois,Drummer,NA,NA,0.5738,not-used,1.588602416,0.5738,0,50,1,45.57700331504
1215,IL-147-SW-CRP-001-1-051220,IL-147-SW-CRP-001,1,IL-147-SW-CRP-001,7,59,34,,1.447685892,25.1,2.5714,NA,0.1881,NA,1,NA,NA,NA,NA,NA,NA,6.3,0.15182977,225.9089,95.34129,337.7162,399.3494,399.3494,93.98303,507.1716,8.111012468,NA,NA,,IL-147-SW-CRP-001-1-051220,,NA,1215,,0,5,IL-147-SW-CRP,1,5/12/2020,-88.743611,39.895694,Drummer,Drummer,35,BAU - Conventional,BAU,CROP,Till,Conventional,Conventionally managed field in a corn-soybean rotation with cover crops established prior to corn,AG-CROP,Cripe,Illinois,Drummer,NA,NA,2.5714,not-used,1.447685892,2.5714,0,5,1,18.612897513444
1216,IL-147-SW-CRP-001-2-051220,IL-147-SW-CRP-001,2,IL-147-SW-CRP-001,6,55,39,,1.888319016,26.1,2.6715,NA,0.1955,NA,1.48,NA,NA,NA,NA,NA,NA,5.8,0.091573307,125.4041,71.55436,292.4565,346.0573,346.0573,87.69737,428.094,6.731673106,NA,NA,,IL-147-SW-CRP-001-2-051220,,NA,1216,,5,10,IL-147-SW-CRP,1,5/12/2020,-88.743611,39.895694,Drummer,Drummer,35,BAU - Conventional,BAU,CROP,Till,Conventional,Conventionally managed field in a corn-soybean rotation with cover crops established prior to corn,AG-CROP,Cripe,Illinois,Drummer,NA,NA,2.6715,not-used,1.888319016,2.6715,0,5,1,25.22322125622
1217,IL-147-SW-CRP-001-3-051220,IL-147-SW-CRP-001,3,IL-147-SW-CRP-001,6,54,40,,1.777285093,26.4,1.9202,NA,0.1568,NA,1.48,NA,NA,NA,NA,NA,NA,6.3,0.058073654,62.64346,31.37632,90.61522,100.1203,100.1203,30.54504,335.162,6.411829454,NA,NA,,IL-147-SW-CRP-001-3-051220,,NA,1217,,10,20,IL-147-SW-CRP,1,5/12/2020,-88.743611,39.895694,Drummer,Drummer,35,BAU - Conventional,BAU,CROP,Till,Conventional,Conventionally managed field in a corn-soybean rotation with cover crops established prior to corn,AG-CROP,Cripe,Illinois,Drummer,NA,NA,1.9202,not-used,1.777285093,1.9202,0,10,1,34.127428355785995
1218,IL-147-SW-CRP-001-4-051220,IL-147-SW-CRP-001,4,IL-147-SW-CRP-001,5,50,45,,1.411527091,28.1,2.2045,NA,0.1722,NA,1.8,NA,NA,NA,NA,NA,NA,5.4,0.064608076,63.74964,58.23152,145.426,113.4696,113.4696,28.7125,284.126,3.430872823,NA,NA,,IL-147-SW-CRP-001-4-051220,,NA,1218,,20,30,IL-147-SW-CRP,1,5/12/2020,-88.743611,39.895694,Drummer,Drummer,35,BAU - Conventional,BAU,CROP,Till,Conventional,Conventionally managed field in a corn-soybean rotation with cover crops established prior to corn,AG-CROP,Cripe,Illinois,Drummer,NA,NA,2.2045,not-used,1.411527091,2.2045,0,10,1,31.117114721094996
1219,IL-147-SW-CRP-001-5-051220,IL-147-SW-CRP-001,5,IL-147-SW-CRP-001,5,50,45,,1.580779661,27.6,1.3573,NA,0.1107,NA,1.63,NA,NA,NA,NA,NA,NA,6.5,0.060075686,63.57737,88.06219,168.1629,138.8425,138.8425,67.18323,173.194,2.689772239,NA,NA,,IL-147-SW-CRP-001-5-051220,,NA,1219,,30,50,IL-147-SW-CRP,1,5/12/2020,-88.743611,39.895694,Drummer,Drummer,35,BAU - Conventional,BAU,CROP,Till,Conventional,Conventionally managed field in a corn-soybean rotation with cover crops established prior to corn,AG-CROP,Cripe,Illinois,Drummer,NA,NA,1.3573,not-used,1.580779661,1.3573,0,20,1,42.911844677506
1220,IL-147-SW-CRP-001-6-051220,IL-147-SW-CRP-001,6,IL-147-SW-CRP-001,4,55,41,,1.615054336,26,0.5528,NA,0.0601,NA,1.4,NA,NA,NA,NA,NA,NA,6.9,0.0408732,42.93125,16.93213,131.4685,55.23666,55.23666,42.22626,71.926,1.430356139,NA,NA,,IL-147-SW-CRP-001-6-051220,,NA,1220,,50,100,IL-147-SW-CRP,1,5/12/2020,-88.743611,39.895694,Drummer,Drummer,35,BAU - Conventional,BAU,CROP,Till,Conventional,Conventionally managed field in a corn-soybean rotation with cover crops established prior to corn,AG-CROP,Cripe,Illinois,Drummer,NA,NA,0.5528,not-used,1.615054336,0.5528,0,50,1,44.64010184704
1299,IL-147-SW-CRP-001A-1-111920,IL-147-SW-CRP-001A,1,IL-147-SW-CRP-001A,8,56,36,,NA,21.65097755,2.5938,NA,0.1879,NA,1.4,NA,NA,NA,NA,NA,NA,6.5,0.094238281,211.9737,79.64606,296.1886,519.0462,406.0175,107.4262,564.2329,7.643022814,NA,NA,,IL-147-SW-CRP-001A-1-111920,21N02477,0,1299,Ap1,0,16,IL-147-SW-CRP,1,11/19/2020,-88.743611,39.895694,Drummer,Drummer,35,BAU - Conventional,BAU,CROP,Till,Conventional,Conventionally managed field in a corn-soybean rotation with cover crops established prior to corn,AG-CROP,Cripe,Illinois,Drummer,2.6,2.58,2.5938,A,1.3900650583375,2.5938,0,16,1,57.68881197305292
1300,IL-147-SW-CRP-001A-2-111920,IL-147-SW-CRP-001A,2,IL-147-SW-CRP-001A,7,58,35,,NA,20.80825451,1.9727,NA,0.1463,NA,1.3,NA,NA,NA,NA,NA,NA,5.9,0.046707146,75.42368,32.87284,164.987,500.8426,109.5721,43.7202,245.8045,4.923412182,NA,NA,,IL-147-SW-CRP-001A-2-111920,21N02478,0,1300,Ap2,16,31,IL-147-SW-CRP,1,11/19/2020,-88.743611,39.895694,Drummer,Drummer,35,BAU - Conventional,BAU,CROP,Till,Conventional,Conventionally managed field in a corn-soybean rotation with cover crops established prior to corn,AG-CROP,Cripe,Illinois,Drummer,2.2,2.16,1.9727,A,1.5492040760177777,1.9727,0,15,1,45.841723211404044
1301,IL-147-SW-CRP-001A-3-111920,IL-147-SW-CRP-001A,3,IL-147-SW-CRP-001A,6,56,38,,NA,19.82936158,1.397,NA,0.1246,NA,1.7,NA,NA,NA,NA,NA,NA,6.2,0.047196262,90.57343,47.61431,482.9703,175.2973,185.5464,84.79551,122.9439,3.462654426,NA,NA,,IL-147-SW-CRP-001A-3-111920,21N02479,0,1301,BAt,31,53,IL-147-SW-CRP,1,11/19/2020,-88.743611,39.895694,Drummer,Drummer,35,BAU - Conventional,BAU,CROP,Till,Conventional,Conventionally managed field in a corn-soybean rotation with cover crops established prior to corn,AG-CROP,Cripe,Illinois,Drummer,1.5,1.54,1.397,Bt,1.5618830972272728,1.397,0,22,1,48.002915110183004
1302,IL-147-SW-CRP-001A-4-111920,IL-147-SW-CRP-001A,4,IL-147-SW-CRP-001A,6,58,36,,NA,21.64688961,1.0618,NA,0.0876,NA,1.7,NA,NA,NA,NA,NA,NA,6.8,0.036061026,93.89797,26.35776,521.2019,157.2321,192.0029,91.88235,0,1.849849463,NA,NA,,IL-147-SW-CRP-001A-4-111920,21N02480,0,1302,Btg1,53,67,IL-147-SW-CRP,1,11/19/2020,-88.743611,39.895694,Drummer,Drummer,35,BAU - Conventional,BAU,CROP,Till,Conventional,Conventionally managed field in a corn-soybean rotation with cover crops established prior to corn,AG-CROP,Cripe,Illinois,Drummer,1,0.95,1.0618,Bt,1.605885129,1.0618,0,14,1,23.8718036196108
1303,IL-147-SW-CRP-001A-5-111920,IL-147-SW-CRP-001A,5,IL-147-SW-CRP-001A,4,56,40,,NA,18.67612293,0.5654,NA,0.0595,NA,1.7,NA,NA,NA,NA,NA,NA,7,0.033195021,75.40595,16.66349,444.1932,136.3567,195.2514,62.24966,0,1.307869353,NA,NA,,IL-147-SW-CRP-001A-5-111920,21N02481,0,1303,Btg2,67,112,IL-147-SW-CRP,1,11/19/2020,-88.743611,39.895694,Drummer,Drummer,35,BAU - Conventional,BAU,CROP,Till,Conventional,Conventionally managed field in a corn-soybean rotation with cover crops established prior to corn,AG-CROP,Cripe,Illinois,Drummer,0.6,0.57,0.5654,Bt,NA,0.5654,0,45,1,NA
1304,IL-147-SW-CRP-001A-6-111920,IL-147-SW-CRP-001A,6,IL-147-SW-CRP-001A,4,64,32,,NA,21.31236443,0.4715,NA,0.0447,NA,1.5,NA,NA,NA,NA,NA,NA,7.5,0.025629291,41.29794,14.80332,243.2332,108.4715,147.6352,22.52075,0,0.847436775,NA,NA,,IL-147-SW-CRP-001A-6-111920,21N02482,0,1304,Btg3,112,142,IL-147-SW-CRP,1,11/19/2020,-88.743611,39.895694,Drummer,Drummer,35,BAU - Conventional,BAU,CROP,Till,Conventional,Conventionally managed field in a corn-soybean rotation with cover crops established prior to corn,AG-CROP,Cripe,Illinois,Drummer,0.4,0.41,0.4715,Bt,NA,0.4715,0,30,1,NA
1305,IL-147-SW-CRP-001A-7-111920,IL-147-SW-CRP-001A,7,IL-147-SW-CRP-001A,9,65,26,,NA,20.56514914,0.3068,NA,0.0303,NA,0.5,NA,NA,NA,NA,NA,NA,7.3,0.019099591,22.90394,7.25554,86.95858,83.56619,53.73862,3.17022,0,0.824465739,NA,NA,,IL-147-SW-CRP-001A-7-111920,21N02483,0,1305,2 Btg4,142,183,IL-147-SW-CRP,1,11/19/2020,-88.743611,39.895694,Drummer,Drummer,35,BAU - Conventional,BAU,CROP,Till,Conventional,Conventionally managed field in a corn-soybean rotation with cover crops established prior to corn,AG-CROP,Cripe,Illinois,Drummer,0.2,0.2,0.3068,Bt,NA,0.3068,0,41,1,NA
1306,IL-147-SW-CRP-001A-8-111920,IL-147-SW-CRP-001A,8,IL-147-SW-CRP-001A,28,49,23,,NA,11.90180236,0.2123,NA,0.0016,NA,0.4,NA,NA,NA,NA,NA,NA,7.9,0.026098901,22.50667,8.18988,60.45165,65.72218,39.68826,4.23968,0,0.824465739,NA,NA,,IL-147-SW-CRP-001A-8-111920,21N02484,0,1306,3 BCtg,183,211,IL-147-SW-CRP,1,11/19/2020,-88.743611,39.895694,Drummer,Drummer,35,BAU - Conventional,BAU,CROP,Till,Conventional,Conventionally managed field in a corn-soybean rotation with cover crops established prior to corn,AG-CROP,Cripe,Illinois,Drummer,0.2,0.28,0.2123,C,NA,0.2123,0,28,1,NA
1221,IL-147-SW-CRP-002-1-051220,IL-147-SW-CRP-002,1,IL-147-SW-CRP-002,11,61,28,,1.052235458,19.7,2.4815,NA,0.1933,NA,0.82,NA,NA,NA,NA,NA,NA,NA,0.187662303,147.206,86.14151,220.098,264.8087,264.8087,100.2829,397.526,7.223430599,NA,NA,,IL-147-SW-CRP-002-1-051220,,NA,1221,,0,5,IL-147-SW-CRP,2,5/12/2020,-88.743611,39.896889,Drummer,Flanagan,35,BAU - Conventional,BAU,CROP,Till,Conventional,Conventionally managed field in a corn-soybean rotation with cover crops established prior to corn,AG-CROP,Cripe,Illinois,Drummer,NA,NA,2.4815,not-used,1.052235458,2.4815,0,5,1,13.055611445135
1222,IL-147-SW-CRP-002-2-051220,IL-147-SW-CRP-002,2,IL-147-SW-CRP-002,12,60,28,,1.538188252,24.4,2.0058,NA,0.1594,NA,0.94,NA,NA,NA,NA,NA,NA,6.4,0.126074067,104.8291,64.05077,225.3817,279.4386,279.4386,103.3161,372.283,6.556073359,NA,NA,,IL-147-SW-CRP-002-2-051220,,NA,1222,,5,10,IL-147-SW-CRP,2,5/12/2020,-88.743611,39.896889,Drummer,Flanagan,35,BAU - Conventional,BAU,CROP,Till,Conventional,Conventionally managed field in a corn-soybean rotation with cover crops established prior to corn,AG-CROP,Cripe,Illinois,Drummer,NA,NA,2.0058,not-used,1.538188252,2.0058,0,5,1,15.426489979308
1223,IL-147-SW-CRP-002-3-051220,IL-147-SW-CRP-002,3,IL-147-SW-CRP-002,8,65,27,,1.489643023,24.1,1.8113,NA,0.1485,NA,0.9,NA,NA,NA,NA,NA,NA,5.5,0.064608076,37.97451,27.75533,69.92352,28.52165,28.52165,56.48863,286.906,5.790932117,NA,NA,,IL-147-SW-CRP-002-3-051220,,NA,1223,,10,20,IL-147-SW-CRP,2,5/12/2020,-88.743611,39.896889,Drummer,Flanagan,35,BAU - Conventional,BAU,CROP,Till,Conventional,Conventionally managed field in a corn-soybean rotation with cover crops established prior to corn,AG-CROP,Cripe,Illinois,Drummer,NA,NA,1.8113,not-used,1.489643023,1.8113,0,10,1,26.981904075598997
1224,IL-147-SW-CRP-002-4-051220,IL-147-SW-CRP-002,4,IL-147-SW-CRP-002,12,55,33,,1.609299136,25.5,1.5634,NA,0.1234,NA,1,NA,NA,NA,NA,NA,NA,5.2,1.142447419,31.61972,52.95673,45.86243,1.28085,1.28085,81.03341,251.375,5.315873952,NA,NA,,IL-147-SW-CRP-002-4-051220,,NA,1224,,20,30,IL-147-SW-CRP,2,5/12/2020,-88.743611,39.896889,Drummer,Flanagan,35,BAU - Conventional,BAU,CROP,Till,Conventional,Conventionally managed field in a corn-soybean rotation with cover crops established prior to corn,AG-CROP,Cripe,Illinois,Drummer,NA,NA,1.5634,not-used,1.609299136,1.5634,0,10,1,25.159782692224
1225,IL-147-SW-CRP-002-5-051220,IL-147-SW-CRP-002,5,IL-147-SW-CRP-002,13,46,41,,1.539130753,27.2,1.5689,NA,0.1204,NA,1.34,NA,NA,NA,NA,NA,NA,6,0.060577378,52.6532,83.94807,150.6501,112.7962,112.7962,66.4129,201.186,2.938112257,NA,NA,,IL-147-SW-CRP-002-5-051220,,NA,1225,,30,50,IL-147-SW-CRP,2,5/12/2020,-88.743611,39.896889,Drummer,Flanagan,35,BAU - Conventional,BAU,CROP,Till,Conventional,Conventionally managed field in a corn-soybean rotation with cover crops established prior to corn,AG-CROP,Cripe,Illinois,Drummer,NA,NA,1.5689,not-used,1.539130753,1.5689,0,20,1,48.294844767634004
1226,IL-147-SW-CRP-002-6-051220,IL-147-SW-CRP-002,6,IL-147-SW-CRP-002,10,51,39,,1.569279905,25.1,0.5571,NA,0.0656,NA,1.23,NA,NA,NA,NA,NA,NA,6.7,0.040389972,43.95629,14.02841,127.7608,62.20543,62.20543,38.7365,85.303,1.674979491,NA,NA,,IL-147-SW-CRP-002-6-051220,,NA,1226,,50,100,IL-147-SW-CRP,2,5/12/2020,-88.743611,39.896889,Drummer,Flanagan,35,BAU - Conventional,BAU,CROP,Till,Conventional,Conventionally managed field in a corn-soybean rotation with cover crops established prior to corn,AG-CROP,Cripe,Illinois,Drummer,NA,NA,0.5571,not-used,1.569279905,0.5571,0,50,1,43.712291753775
1227,IL-147-SW-CRP-003-1-051220,IL-147-SW-CRP-003,1,IL-147-SW-CRP-003,9,61,30,,1.255692801,23.8,2.1583,NA,0.1773,NA,0.86,NA,NA,NA,NA,NA,NA,6.4,0.134741,109.1998,66.18124,239.2926,322.1415,322.1415,90.52445,466.941,6.800081695,NA,NA,,IL-147-SW-CRP-003-1-051220,,NA,1227,,0,5,IL-147-SW-CRP,3,5/12/2020,-88.743333,39.898194,Drummer,Dana,35,BAU - Conventional,BAU,CROP,Till,Conventional,Conventionally managed field in a corn-soybean rotation with cover crops established prior to corn,AG-CROP,Cripe,Illinois,Drummer,NA,NA,2.1583,not-used,1.255692801,2.1583,0,5,1,13.550808861991499
1228,IL-147-SW-CRP-003-2-051220,IL-147-SW-CRP-003,2,IL-147-SW-CRP-003,9,61,30,,1.630885247,25.1,1.7914,NA,0.1528,NA,1.17,NA,NA,NA,NA,NA,NA,6.5,0.099068171,122.5161,55.11056,218.2413,280.0209,280.0209,99.14496,407.903,6.463379282,NA,NA,,IL-147-SW-CRP-003-2-051220,,NA,1228,,5,10,IL-147-SW-CRP,3,5/12/2020,-88.743333,39.898194,Drummer,Dana,35,BAU - Conventional,BAU,CROP,Till,Conventional,Conventionally managed field in a corn-soybean rotation with cover crops established prior to corn,AG-CROP,Cripe,Illinois,Drummer,NA,NA,1.7914,not-used,1.630885247,1.7914,0,5,1,14.607839157379
1229,IL-147-SW-CRP-003-3-051220,IL-147-SW-CRP-003,3,IL-147-SW-CRP-003,10,54,36,,1.651329895,25.6,1.7363,NA,0.1546,NA,1.36,NA,NA,NA,NA,NA,NA,6.3,0.112158809,73.09679,39.29035,117.6443,123.567,123.567,37.85253,374.813,4.584023102,NA,NA,,IL-147-SW-CRP-003-3-051220,,NA,1229,,10,20,IL-147-SW-CRP,3,5/12/2020,-88.743333,39.898194,Drummer,Dana,35,BAU - Conventional,BAU,CROP,Till,Conventional,Conventionally managed field in a corn-soybean rotation with cover crops established prior to corn,AG-CROP,Cripe,Illinois,Drummer,NA,NA,1.7363,not-used,1.651329895,1.7363,0,10,1,28.672040966885
1230,IL-147-SW-CRP-003-4-051220,IL-147-SW-CRP-003,4,IL-147-SW-CRP-003,10,49,41,,1.619216887,27.8,0.9802,NA,0.1106,NA,1.21,NA,NA,NA,NA,NA,NA,6.4,0.052606858,56.72989,33.88916,126.4561,82.75012,82.75012,52.94118,75.612,2.653929949,NA,NA,,IL-147-SW-CRP-003-4-051220,,NA,1230,,20,30,IL-147-SW-CRP,3,5/12/2020,-88.743333,39.898194,Drummer,Dana,35,BAU - Conventional,BAU,CROP,Till,Conventional,Conventionally managed field in a corn-soybean rotation with cover crops established prior to corn,AG-CROP,Cripe,Illinois,Drummer,NA,NA,0.9802,not-used,1.619216887,0.9802,0,10,1,15.871563926374
1231,IL-147-SW-CRP-003-5-051220,IL-147-SW-CRP-003,5,IL-147-SW-CRP-003,10,51,39,,1.580593012,27.4,0.746,NA,0.0793,NA,1.17,NA,NA,NA,NA,NA,NA,6.7,0.041841004,46.71195,75.761,156.8679,115.1211,115.1211,62.15181,67.56,2.257061012,NA,NA,,IL-147-SW-CRP-003-5-051220,,NA,1231,,30,50,IL-147-SW-CRP,3,5/12/2020,-88.743333,39.898194,Drummer,Dana,35,BAU - Conventional,BAU,CROP,Till,Conventional,Conventionally managed field in a corn-soybean rotation with cover crops established prior to corn,AG-CROP,Cripe,Illinois,Drummer,NA,NA,0.746,not-used,1.580593012,0.746,0,20,1,23.58244773904
1232,IL-147-SW-CRP-003-6-051220,IL-147-SW-CRP-003,6,IL-147-SW-CRP-003,11,61,28,,1.499399801,26.6,0.3932,NA,0.0445,NA,0.7,NA,NA,NA,NA,NA,NA,7.7,0.045730285,33.16681,21.07262,138.2888,45.12842,45.12842,36.72044,14.135,1.613118523,NA,NA,,IL-147-SW-CRP-003-6-051220,,NA,1232,,50,100,IL-147-SW-CRP,3,5/12/2020,-88.743333,39.898194,Drummer,Dana,35,BAU - Conventional,BAU,CROP,Till,Conventional,Conventionally managed field in a corn-soybean rotation with cover crops established prior to corn,AG-CROP,Cripe,Illinois,Drummer,NA,NA,0.3932,not-used,1.499399801,0.3932,0,50,1,29.47820008766
1197,IL-147-SW-TS-001-1-051220,IL-147-SW-TS-001,1,IL-147-SW-TS-001,8,58,34,,1.176885435,28.2,3.0601,NA,0.2541,NA,1.2,NA,NA,NA,NA,NA,NA,5.6,0.211154948,178.8334,96.40723,145.175,110.0018,480.1587,119.3575,454.893,7.708597245,NA,NA,,IL-147-SW-TS-001-1-051220,,NA,1197,,0,5,IL-147-SW-TS,1,5/12/2020,-88.700021,39.876683,Drummer,Drummer,36,BAU - Conventional,BAU,CROP,Till,Conventional,Conventionally managed field in a corn-soybean rotation with cover crops established prior to corn,AG-CROP,Taylor South,Illinois,Drummer,NA,NA,3.0601,not-used,1.176885435,3.0601,0,5,1,18.0069355982175
1198,IL-147-SW-TS-001-2-051220,IL-147-SW-TS-001,2,IL-147-SW-TS-001,8,55,37,,1.499133067,28,2.8926,NA,0.2305,NA,1.81,NA,NA,NA,NA,NA,NA,5.8,0.139414277,98.09711,67.46578,147.1219,142.395,484.7855,178.5568,407.699,6.554916179,NA,NA,,IL-147-SW-TS-001-2-051220,,NA,1198,,5,10,IL-147-SW-TS,1,5/12/2020,-88.700021,39.876683,Drummer,Drummer,36,BAU - Conventional,BAU,CROP,Till,Conventional,Conventionally managed field in a corn-soybean rotation with cover crops established prior to corn,AG-CROP,Taylor South,Illinois,Drummer,NA,NA,2.8926,not-used,1.499133067,2.8926,0,5,1,21.681961548021
1199,IL-147-SW-TS-001-3-051220,IL-147-SW-TS-001,3,IL-147-SW-TS-001,10,48,42,,1.625939676,27.9,2.1176,NA,0.1689,NA,1.72,NA,NA,NA,NA,NA,NA,6.4,0.077922078,0,0,112.2316,80.928,242.0719,87.85525,209.205,4.198596457,NA,NA,,IL-147-SW-TS-001-3-051220,,NA,1199,,10,20,IL-147-SW-TS,1,5/12/2020,-88.700021,39.876683,Drummer,Drummer,36,BAU - Conventional,BAU,CROP,Till,Conventional,Conventionally managed field in a corn-soybean rotation with cover crops established prior to corn,AG-CROP,Taylor South,Illinois,Drummer,NA,NA,2.1176,not-used,1.625939676,2.1176,0,10,1,34.430898578976
1200,IL-147-SW-TS-001-4-051220,IL-147-SW-TS-001,4,IL-147-SW-TS-001,10,45,45,,1.499337687,28.1,1.2362,NA,0.1143,NA,1.55,NA,NA,NA,NA,NA,NA,6.5,0.073275862,5.97452,0,116.1754,22.17959,184.5045,76.27117,44.888,2.256092836,NA,NA,,IL-147-SW-TS-001-4-051220,,NA,1200,,20,30,IL-147-SW-TS,1,5/12/2020,-88.700021,39.876683,Drummer,Drummer,36,BAU - Conventional,BAU,CROP,Till,Conventional,Conventionally managed field in a corn-soybean rotation with cover crops established prior to corn,AG-CROP,Taylor South,Illinois,Drummer,NA,NA,1.2362,not-used,1.499337687,1.2362,0,10,1,18.534812486693998
1201,IL-147-SW-TS-001-5-051220,IL-147-SW-TS-001,5,IL-147-SW-TS-001,8,46,46,,1.573813969,28.9,0.7537,NA,0.0753,NA,1.58,NA,NA,NA,NA,NA,NA,7,0.059073724,0,0,101.0954,9.47115,120.8894,64.32416,0,1.541881405,NA,NA,,IL-147-SW-TS-001-5-051220,,NA,1201,,30,50,IL-147-SW-TS,1,5/12/2020,-88.700021,39.876683,Drummer,Drummer,36,BAU - Conventional,BAU,CROP,Till,Conventional,Conventionally managed field in a corn-soybean rotation with cover crops established prior to corn,AG-CROP,Taylor South,Illinois,Drummer,NA,NA,0.7537,not-used,1.573813969,0.7537,0,20,1,23.723671768706
1202,IL-147-SW-TS-001-6-051220,IL-147-SW-TS-001,6,IL-147-SW-TS-001,12,49,39,,1.672023687,24.4,0.3595,NA,0.0433,NA,1.12,NA,NA,NA,NA,NA,NA,5.2,0.060577378,0,0,64.21451,0,116.2796,33.28013,0,1.024628003,NA,NA,,IL-147-SW-TS-001-6-051220,,NA,1202,,50,100,IL-147-SW-TS,1,5/12/2020,-88.700021,39.876683,Drummer,Drummer,36,BAU - Conventional,BAU,CROP,Till,Conventional,Conventionally managed field in a corn-soybean rotation with cover crops established prior to corn,AG-CROP,Taylor South,Illinois,Drummer,NA,NA,0.3595,not-used,1.672023687,0.3595,0,50,1,30.054625773825
1203,IL-147-SW-TS-002-1-051220,IL-147-SW-TS-002,1,IL-147-SW-TS-002,4,56,40,,1.151373061,27.7,3.0029,NA,0.2406,NA,1.27,NA,NA,NA,NA,NA,NA,5.1,0.135488448,228.9312,86.43829,126.4876,66.89303,405.4478,96.65827,406.82,7.37472678,NA,NA,,IL-147-SW-TS-002-1-051220,,NA,1203,,0,5,IL-147-SW-TS,2,5/12/2020,-88.700776,39.878541,Drummer,Drummer,36,BAU - Conventional,BAU,CROP,Till,Conventional,Conventionally managed field in a corn-soybean rotation with cover crops established prior to corn,AG-CROP,Taylor South,Illinois,Drummer,NA,NA,3.0029,not-used,1.151373061,3.0029,0,5,1,17.2872908243845
1204,IL-147-SW-TS-002-2-051220,IL-147-SW-TS-002,2,IL-147-SW-TS-002,4,57,39,,1.523168736,30.9,2.7491,NA,0.2051,NA,1.84,NA,NA,NA,NA,NA,NA,5.5,0,125.8643,40.07014,93.11057,33.53622,286.8382,89.17611,358.0253,6.188293296,NA,NA,,IL-147-SW-TS-002-2-051220,,NA,1204,,5,10,IL-147-SW-TS,2,5/12/2020,-88.700776,39.878541,Drummer,Drummer,36,BAU - Conventional,BAU,CROP,Till,Conventional,Conventionally managed field in a corn-soybean rotation with cover crops established prior to corn,AG-CROP,Taylor South,Illinois,Drummer,NA,NA,2.7491,not-used,1.523168736,2.7491,0,5,1,20.936715860687997
1205,IL-147-SW-TS-002-3-051220,IL-147-SW-TS-002,3,IL-147-SW-TS-002,4,52,44,,1.57216405,31.4,2.447,NA,0.1899,NA,1.65,NA,NA,NA,NA,NA,NA,5.8,0.073275862,0.48529,0,61.77021,0,129.598,41.33566,261.183,4.56056818,NA,NA,,IL-147-SW-TS-002-3-051220,,NA,1205,,10,20,IL-147-SW-TS,2,5/12/2020,-88.700776,39.878541,Drummer,Drummer,36,BAU - Conventional,BAU,CROP,Till,Conventional,Conventionally managed field in a corn-soybean rotation with cover crops established prior to corn,AG-CROP,Taylor South,Illinois,Drummer,NA,NA,2.447,not-used,1.57216405,2.447,0,10,1,38.470854303500005
1206,IL-147-SW-TS-002-4-051220,IL-147-SW-TS-002,4,IL-147-SW-TS-002,3,48,49,,1.653609766,29.3,1.7177,NA,0.1356,NA,1.49,NA,NA,NA,NA,NA,NA,6.3,0.081563707,19.64396,0,127.9128,13.47854,143.6984,88.8793,135.248,2.897208864,NA,NA,,IL-147-SW-TS-002-4-051220,,NA,1206,,20,30,IL-147-SW-TS,2,5/12/2020,-88.700776,39.878541,Drummer,Drummer,36,BAU - Conventional,BAU,CROP,Till,Conventional,Conventionally managed field in a corn-soybean rotation with cover crops established prior to corn,AG-CROP,Taylor South,Illinois,Drummer,NA,NA,1.7177,not-used,1.653609766,1.7177,0,10,1,28.404054950581997
1207,IL-147-SW-TS-002-5-051220,IL-147-SW-TS-002,5,IL-147-SW-TS-002,3,52,45,,1.644970098,27.3,0.9202,NA,0.0808,NA,1.81,NA,NA,NA,NA,NA,NA,6.7,0.056079171,10.73929,0,116.7357,34.69354,168.9352,63.0013,99.035,2.016047814,NA,NA,,IL-147-SW-TS-002-5-051220,,NA,1207,,30,50,IL-147-SW-TS,2,5/12/2020,-88.700776,39.878541,Drummer,Drummer,36,BAU - Conventional,BAU,CROP,Till,Conventional,Conventionally managed field in a corn-soybean rotation with cover crops established prior to corn,AG-CROP,Taylor South,Illinois,Drummer,NA,NA,0.9202,not-used,1.644970098,0.9202,0,20,1,30.274029683591998
1208,IL-147-SW-TS-002-6-051220,IL-147-SW-TS-002,6,IL-147-SW-TS-002,2,53,45,,1.634516266,27,0.5015,NA,0.0533,NA,1.54,NA,NA,NA,NA,NA,NA,NA,0.044268406,0,0,88.38437,0,156.8568,36.09277,47.211,0.816244579,NA,NA,,IL-147-SW-TS-002-6-051220,,NA,1208,,50,100,IL-147-SW-TS,2,5/12/2020,-88.700776,39.878541,Drummer,Drummer,36,BAU - Conventional,BAU,CROP,Till,Conventional,Conventionally managed field in a corn-soybean rotation with cover crops established prior to corn,AG-CROP,Taylor South,Illinois,Drummer,NA,NA,0.5015,not-used,1.634516266,0.5015,0,50,1,40.98549536995
1209,IL-147-SW-TS-003-1-051220,IL-147-SW-TS-003,1,IL-147-SW-TS-003,9,69,22,,0.952734709,31.8,3.3031,NA,0.2552,NA,0.88,NA,NA,NA,NA,NA,NA,5.7,0.060075686,234.7869,58.46125,296.6884,219.9005,488.6788,187.6975,516.986,8.99733206,NA,NA,,IL-147-SW-TS-003-1-051220,,NA,1209,,0,5,IL-147-SW-TS,3,5/12/2020,-88.705988,39.878261,Drummer,Drummer,36,BAU - Conventional,BAU,CROP,Till,Conventional,Conventionally managed field in a corn-soybean rotation with cover crops established prior to corn,AG-CROP,Taylor South,Illinois,Drummer,NA,NA,3.3031,not-used,0.952734709,3.3031,0,5,1,15.734890086489502
1210,IL-147-SW-TS-003-2-051220,IL-147-SW-TS-003,2,IL-147-SW-TS-003,9,58,33,,1.528427853,30.3,2.8432,NA,0.2242,NA,1.26,NA,NA,NA,NA,NA,NA,5.4,0.107760751,293.416,36.75519,140.0318,75.85992,475.1877,141.7794,437.252,6.679711402,NA,NA,,IL-147-SW-TS-003-2-051220,,NA,1210,,5,10,IL-147-SW-TS,3,5/12/2020,-88.705988,39.878261,Drummer,Drummer,36,BAU - Conventional,BAU,CROP,Till,Conventional,Conventionally managed field in a corn-soybean rotation with cover crops established prior to corn,AG-CROP,Taylor South,Illinois,Drummer,NA,NA,2.8432,not-used,1.528427853,2.8432,0,5,1,21.728130358247995
1211,IL-147-SW-TS-003-3-051220,IL-147-SW-TS-003,3,IL-147-SW-TS-003,10,48,42,,1.530007981,28,2.5826,NA,0.2004,NA,1.09,NA,NA,NA,NA,NA,NA,5.9,0.075335893,0,19.06406,70.4086,12.73723,278.2357,63.19965,329.565,5.543387401,NA,NA,,IL-147-SW-TS-003-3-051220,,NA,1211,,10,20,IL-147-SW-TS,3,5/12/2020,-88.705988,39.878261,Drummer,Drummer,36,BAU - Conventional,BAU,CROP,Till,Conventional,Conventionally managed field in a corn-soybean rotation with cover crops established prior to corn,AG-CROP,Taylor South,Illinois,Drummer,NA,NA,2.5826,not-used,1.530007981,2.5826,0,10,1,39.513986117306
1212,IL-147-SW-TS-003-4-051220,IL-147-SW-TS-003,4,IL-147-SW-TS-003,11,49,40,,1.803756022,25.6,1.8733,NA,0.1421,NA,1.31,NA,NA,NA,NA,NA,NA,6.4,0.071223709,26.56801,11.31677,162.399,40.50027,285.8433,95.60308,225.194,2.745300559,NA,NA,,IL-147-SW-TS-003-4-051220,,NA,1212,,20,30,IL-147-SW-TS,3,5/12/2020,-88.705988,39.878261,Drummer,Drummer,36,BAU - Conventional,BAU,CROP,Till,Conventional,Conventionally managed field in a corn-soybean rotation with cover crops established prior to corn,AG-CROP,Taylor South,Illinois,Drummer,NA,NA,1.8733,not-used,1.803756022,1.8733,0,10,1,33.789761560125996
1213,IL-147-SW-TS-003-5-051220,IL-147-SW-TS-003,5,IL-147-SW-TS-003,12,49,39,,1.584431446,24.8,0.9032,NA,0.0816,NA,1.4,NA,NA,NA,NA,NA,NA,6.3,0.051618958,13.40237,0,138.2836,0,253.7194,75.6766,109.343,1.649218124,NA,NA,,IL-147-SW-TS-003-5-051220,,NA,1213,,30,50,IL-147-SW-TS,3,5/12/2020,-88.705988,39.878261,Drummer,Drummer,36,BAU - Conventional,BAU,CROP,Till,Conventional,Conventionally managed field in a corn-soybean rotation with cover crops established prior to corn,AG-CROP,Taylor South,Illinois,Drummer,NA,NA,0.9032,not-used,1.584431446,0.9032,0,20,1,28.621169640543997
1214,IL-147-SW-TS-003-6-051220,IL-147-SW-TS-003,6,IL-147-SW-TS-003,10,53,37,,1.613483464,24.1,0.6017,NA,0.0638,NA,1.24,NA,NA,NA,NA,NA,NA,6.3,0.041356877,0,0,142.5585,19.26528,141.6803,55.16754,85.55,1.113495984,NA,NA,,IL-147-SW-TS-003-6-051220,,NA,1214,,50,100,IL-147-SW-TS,3,5/12/2020,-88.705988,39.878261,Drummer,Drummer,36,BAU - Conventional,BAU,CROP,Till,Conventional,Conventionally managed field in a corn-soybean rotation with cover crops established prior to corn,AG-CROP,Taylor South,Illinois,Drummer,NA,NA,0.6017,not-used,1.613483464,0.6017,0,50,1,48.54165001444
1291,IL-147-SW-TS-003A-1-111920,IL-147-SW-TS-003A,1,IL-147-SW-TS-003A,8,59,33,,NA,19.00228484,2.6394,NA,0.2242,NA,1.4,NA,NA,NA,NA,NA,NA,6.1,0.085230024,174.4189,85.28117,226.8103,539.8611,258.682,78.81137,691.6806,6.499445455,NA,NA,,IL-147-SW-TS-003A-1-111920,21N02486,0,1291,Ap1,0,23,IL-147-SW-TS,3,11/19/2020,-88.705988,39.878261,Drummer,Drummer,36,BAU - Conventional,BAU,CROP,Till,Conventional,Conventionally managed field in a corn-soybean rotation with cover crops established prior to corn,AG-CROP,Taylor South,Illinois,Drummer,2.8,2.8,2.6394,A,1.4383078743391304,2.6394,0,23,1,87.31420548120613
1292,IL-147-SW-TS-003A-2-111920,IL-147-SW-TS-003A,2,IL-147-SW-TS-003A,9,53,38,,NA,18.42818428,1.3555,NA,0.1088,NA,1.8,NA,NA,NA,NA,NA,NA,6.6,0.062588905,82.57099,31.89453,391.0522,441.4079,193.3233,75.8999,262.9717,2.800606089,NA,NA,,IL-147-SW-TS-003A-2-111920,21N02487,0,1292,Ap2,23,41,IL-147-SW-TS,3,11/19/2020,-88.705988,39.878261,Drummer,Drummer,36,BAU - Conventional,BAU,CROP,Till,Conventional,Conventionally managed field in a corn-soybean rotation with cover crops established prior to corn,AG-CROP,Taylor South,Illinois,Drummer,1.5,1.49,1.3555,A,1.5526319468814815,1.3555,0,18,1,37.88266687196126
1293,IL-147-SW-TS-003A-3-111920,IL-147-SW-TS-003A,3,IL-147-SW-TS-003A,11,56,33,,NA,15.57603687,0.6835,NA,0.0775,NA,1.9,NA,NA,NA,NA,NA,NA,6.9,0.046707146,73.65673,15.61916,419.7268,176.1902,168.8991,72.5681,124.9291,1.143152764,NA,NA,,IL-147-SW-TS-003A-3-111920,21N02488,0,1293,Btg1,41,60,IL-147-SW-TS,3,11/19/2020,-88.705988,39.878261,Drummer,Drummer,36,BAU - Conventional,BAU,CROP,Till,Conventional,Conventionally managed field in a corn-soybean rotation with cover crops established prior to corn,AG-CROP,Taylor South,Illinois,Drummer,0.5,0.49,0.6835,Bt,1.5817510506315788,0.6835,0,19,1,20.541410019026998
1294,IL-147-SW-TS-003A-4-111920,IL-147-SW-TS-003A,4,IL-147-SW-TS-003A,10,57,33,,NA,14.2896628,0.4924,NA,0.054,NA,1.6,NA,NA,NA,NA,NA,NA,7.1,0.043782021,60.19934,11.96148,398.0588,130.2791,149.7991,57.12768,59.86187,1.035871677,NA,NA,,IL-147-SW-TS-003A-4-111920,21N02489,0,1294,Btg2,60,81,IL-147-SW-TS,3,11/19/2020,-88.705988,39.878261,Drummer,Drummer,36,BAU - Conventional,BAU,CROP,Till,Conventional,Conventionally managed field in a corn-soybean rotation with cover crops established prior to corn,AG-CROP,Taylor South,Illinois,Drummer,0.3,0.33,0.4924,Bt,1.605885129,0.4924,0,21,1,16.6054945879116
1295,IL-147-SW-TS-003A-5-111920,IL-147-SW-TS-003A,5,IL-147-SW-TS-003A,4,62,34,,NA,15.90594744,0.3527,NA,0.0449,NA,1.3,NA,NA,NA,NA,NA,NA,7.3,0.043782021,32.25287,9.17974,212.6818,112.7663,123.5588,33.85357,87.0906,0.845121895,NA,NA,,IL-147-SW-TS-003A-5-111920,21N02490,0,1295,Btg3,81,115,IL-147-SW-TS,3,11/19/2020,-88.705988,39.878261,Drummer,Drummer,36,BAU - Conventional,BAU,CROP,Till,Conventional,Conventionally managed field in a corn-soybean rotation with cover crops established prior to corn,AG-CROP,Taylor South,Illinois,Drummer,0.3,0.26,0.3527,Bt,NA,0.3527,0,34,1,NA
1296,IL-147-SW-TS-003A-6-111920,IL-147-SW-TS-003A,6,IL-147-SW-TS-003A,9,62,29,,NA,17.52496059,0.3609,NA,0.0385,NA,0.7,NA,NA,NA,NA,NA,NA,7.3,0.030818767,24.53807,10.16483,136.0523,132.2096,72.98288,22.19846,20.15323,0.75143192,NA,NA,,IL-147-SW-TS-003A-6-111920,21N02491,0,1296,Btg4,115,134,IL-147-SW-TS,3,11/19/2020,-88.705988,39.878261,Drummer,Drummer,36,BAU - Conventional,BAU,CROP,Till,Conventional,Conventionally managed field in a corn-soybean rotation with cover crops established prior to corn,AG-CROP,Taylor South,Illinois,Drummer,0.2,0.21,0.3609,Bt,NA,0.3609,0,19,1,NA
1297,IL-147-SW-TS-003A-7-111920,IL-147-SW-TS-003A,7,IL-147-SW-TS-003A,28,48,24,,NA,18.35658915,0.1904,NA,0.025,NA,0.6,NA,NA,NA,NA,NA,NA,7.5,0.027039413,16.65882,9.94736,93.70321,93.82089,54.95388,18.79659,15.35754,0.787716786,NA,NA,,IL-147-SW-TS-003A-7-111920,21N02492,7,1297,2 Btg5,134,163,IL-147-SW-TS,3,11/19/2020,-88.705988,39.878261,Drummer,Drummer,36,BAU - Conventional,BAU,CROP,Till,Conventional,Conventionally managed field in a corn-soybean rotation with cover crops established prior to corn,AG-CROP,Taylor South,Illinois,Drummer,0.1,0.18,0.1904,Bt,NA,0.1904,7,29,0.9299999999999999,NA
1298,IL-147-SW-TS-003A-8-111920,IL-147-SW-TS-003A,8,IL-147-SW-TS-003A,40,35,25,,NA,14.4766147,0.1559,NA,0.0223,NA,0.4,NA,NA,NA,NA,NA,NA,7.8,0.024223035,11.31367,5.06245,45.19859,50.62069,36.84101,13.34336,45.41911,0.604168655,NA,NA,,IL-147-SW-TS-003A-8-111920,21N02493,0,1298,3 BCt,163,225,IL-147-SW-TS,3,11/19/2020,-88.705988,39.878261,Drummer,Drummer,36,BAU - Conventional,BAU,CROP,Till,Conventional,Conventionally managed field in a corn-soybean rotation with cover crops established prior to corn,AG-CROP,Taylor South,Illinois,Drummer,0.1,0.38,0.1559,C,NA,0.1559,0,62,1,NA
1655,PaH2-1-1,PaH2-1,1,S2020CT013019,56.1,32.6,11.3,,1.21,13.16749585,5.204555577,NA,0.41356493,79.47612732,4.073484194,96.06476484,78.02929838,15.3307633,NA,2.704703161,1.36,6,2.578335272,323.6383976,47.49208022,310.9896704,317.5383609,NA,163.1885746,1022.166515,20.97473738,NA,NA,,CT-013-SW-019-1-08112020,21N00244,5,1655,Ap1,0,5,PaH2,1,8/11/2020,-72.2346389,41.7541111,Paxton/ Woodbridge,Woodbridge,70,SHM - Hayland,SHM,GRASS,No-till,Hayland,"Mountain Dairy farm, Mansfield, CT, hayfield",AG-CROP,H2,UConn,Woodbridge,NA,NA,5.204555577,A,1.21,5.204555577,5,5,0.95,29.913183178807497
1656,PaH2-1-2,PaH2-1,2,S2020CT013019,58.7,31,10.3,,1.42,15.06849315,4.828478964,NA,0.414239482,76.48819421,3.789903058,98.90227386,70.08696272,25.59341364,NA,3.221897498,0.68,6.1,1.635007038,186.1932365,22.24749818,198.3749295,258.202038,NA,175.7492715,807.8939017,13.71474959,NA,NA,,CT-013-SW-019-2-08112020,21N00245,5,1656,Ap2,5,10,PaH2,1,8/11/2020,-72.2346389,41.7541111,Paxton/ Woodbridge,Woodbridge,70,SHM - Hayland,SHM,GRASS,No-till,Hayland,"Mountain Dairy farm, Mansfield, CT, hayfield",AG-CROP,H2,UConn,Woodbridge,NA,NA,4.828478964,A,1.42,4.828478964,5,5,0.95,32.56809061218
1657,PaH2-1-3,PaH2-1,3,S2020CT013019,63.4,27.7,8.9,,1.38,8.236705318,1.056756115,NA,0.080147233,63.37981408,2.054023896,89.95210274,30.09105742,48.68150955,NA,11.17953577,0.51,6.3,0.172052068,13.01233342,5.038292755,26.33865876,12.41901244,NA,31.35149955,283.7501233,1.539385395,NA,NA,,CT-013-SW-019-3-08112020,21N00246,5,1657,Ap2,10,19,PaH2,1,8/11/2020,-72.2346389,41.7541111,Paxton/ Woodbridge,Woodbridge,70,SHM - Hayland,SHM,GRASS,No-till,Hayland,"Mountain Dairy farm, Mansfield, CT, hayfield",AG-CROP,H2,UConn,Woodbridge,NA,NA,1.056756115,A,1.38,1.056756115,5,9,0.95,12.468665400884998
1658,PaH2-1-4,PaH2-1,4,S2020CT013019,62.2,31.4,6.4,,1.4,9.260908281,0.749686681,NA,0.052409707,55.61088977,2.194648104,91.7638417,34.59737398,40.34064824,NA,16.82581948,NA,6.6,0.208836959,6.431625699,3.614884147,NA,7.066041409,NA,25.4228506,198.0410778,1.365264916,NA,NA,,CT-013-SW-019-4-08112020,21N00247,17,1658,Bw1,19,32,PaH2,1,8/11/2020,-72.2346389,41.7541111,Paxton/ Woodbridge,Woodbridge,70,SHM - Hayland,SHM,GRASS,No-till,Hayland,"Mountain Dairy farm, Mansfield, CT, hayfield",AG-CROP,H2,UConn,Woodbridge,NA,NA,0.749686681,Bw,1.4,0.749686681,17,13,0.83,11.324767003185999
1659,PaH2-1-5,PaH2-1,5,S2020CT013019,61.3,32.5,6.2,,1.38,7.877947295,0.603136309,NA,0.040209087,65.9234609,1.478979567,91.3354415,17.10532717,54.45390416,NA,19.77621017,NA,6.6,0.09199622,3.432822183,4.059699337,NA,18.40708172,NA,13.56555269,151.8900533,0.896426005,NA,NA,,CT-013-SW-019-5-08112020,21N00248,11,1659,Bw2,32,41,PaH2,1,8/11/2020,-72.2346389,41.7541111,Paxton/ Woodbridge,Woodbridge,70,SHM - Hayland,SHM,GRASS,No-till,Hayland,"Mountain Dairy farm, Mansfield, CT, hayfield",AG-CROP,H2,UConn,Woodbridge,NA,NA,0.603136309,Bw,1.38,0.603136309,11,9,0.89,6.6669481324242
1660,PaH2-1-6,PaH2-1,6,S2020CT013019,71,24.2,4.8,,1.56,4.929577465,0.205852363,NA,0,53.0428999,2.482034268,92.52253144,40.95275825,37.94196296,NA,13.62781024,NA,6.6,0,0.850519155,0,NA,11.60245753,NA,0,135.4075445,0.541955634,NA,NA,,CT-013-SW-019-6-08112020,21N00249,12,1660,Bw3,41,55,PaH2,1,8/11/2020,-72.2346389,41.7541111,Paxton/ Woodbridge,Woodbridge,70,SHM - Hayland,SHM,GRASS,No-till,Hayland,"Mountain Dairy farm, Mansfield, CT, hayfield",AG-CROP,H2,UConn,Woodbridge,NA,NA,0.205852363,Bw,1.56,0.205852363,12,14,0.88,3.9563177349696006
1661,PaH2-1-7,PaH2-1,7,S2020CT013019,64.5,29.6,5.9,,1.93,7.313757477,0.159286397,NA,0,37.45430376,1.823521714,82.2659046,28.12349768,35.86346883,NA,18.27893809,NA,6.8,0,1.100419448,0,NA,2.257440318,NA,0,59.58800429,0.697936626,NA,NA,,CT-013-SW-019-7-08112020,21N00250,22,1661,Cd1,55,75,PaH2,1,8/11/2020,-72.2346389,41.7541111,Paxton/ Woodbridge,Woodbridge,70,SHM - Hayland,SHM,GRASS,No-till,Hayland,"Mountain Dairy farm, Mansfield, CT, hayfield",AG-CROP,H2,UConn,Woodbridge,NA,NA,0.159286397,C,1.93,0.159286397,22,20,0.78,4.795794840876
1607,PaL1-1-1,PaL1-1,1,S2020CT013015,61.4,26,12.6,,1.22,25.27777778,3.792445631,NA,0.297596337,63.45194546,3.318834383,96.54052362,58.65847454,34.72390717,NA,3.158141901,2.41,4.5,2.849327108,137.3793792,33.08607595,71.95688711,227.3544084,NA,278.144073,751.8533719,20.54602397,NA,NA,,CT-013-SW-015-1-07232020,21N00221,10,1607,^A,0,5,PaL1,1,7/23/2020,-72.188333,41.7995278,Paxton/ Woodbridge,Woodbridge,71,SHM - Lawn,SHM,GRASS,No-till,Lawn,"Will Ouimet residential lawn, Mansfield, CT",AG-CROP,L1,UConn,Woodbridge,NA,NA,3.792445631,A,1.22,3.792445631,10,5,0.9,20.82052651419
1608,PaL1-1-2,PaL1-1,2,S2020CT013015,64,25.2,10.8,,1.53,15.23775216,1.829307158,NA,0.140225636,65.15957447,3.093139121,93.55811539,54.55084788,32.49616849,NA,6.511099026,1.04,4.8,0.906837459,25.42404797,14.07840764,26.00199286,115.6678434,NA,140.9812624,352.9766601,5.017935127,NA,NA,,CT-013-SW-015-2-07232020,21N00222,15,1608,^Bw,5,10,PaL1,1,7/23/2020,-72.188333,41.7995278,Paxton/ Woodbridge,Woodbridge,71,SHM - Lawn,SHM,GRASS,No-till,Lawn,"Will Ouimet residential lawn, Mansfield, CT",AG-CROP,L1,UConn,Woodbridge,NA,NA,1.829307158,Bw,1.53,1.829307158,15,5,0.85,11.895069794895
1609,PaL1-1-3,PaL1-1,3,S2020CT013015,63.3,25.2,11.5,,NA,22.64150943,2.639056832,NA,0.1904474,62.62055205,2.843747427,96.36064224,48.36558254,37.48456155,NA,10.51049815,0.78,4.7,0.821259963,17.76043898,16.87037681,24.6553293,196.9604204,NA,101.9928591,359.5696636,7.9652116,NA,NA,,CT-013-SW-015-3-07232020,21N00223,20,1609,Ap,10,28,PaL1,1,7/23/2020,-72.188333,41.7995278,Paxton/ Woodbridge,Woodbridge,71,SHM - Lawn,SHM,GRASS,No-till,Lawn,"Will Ouimet residential lawn, Mansfield, CT",AG-CROP,L1,UConn,Woodbridge,NA,NA,2.639056832,A,1.3029411764705883,2.639056832,20,18,0.8,49.51491571380706
1610,PaL1-1-4,PaL1-1,4,S2020CT013015,67,22.4,10.6,,1.58,14.53874539,0.683836736,NA,0.047786182,28.18212031,1.756008898,96.74445865,20.10869565,67.15686275,NA,9.478900256,NA,5.4,0.128589661,2.266620816,2.54732769,NA,45.35339349,NA,0,165.0760603,2.09350768,NA,NA,,CT-013-SW-015-4-07232020,21N00224,20,1610,Bw,28,44,PaL1,1,7/23/2020,-72.188333,41.7995278,Paxton/ Woodbridge,Woodbridge,71,SHM - Lawn,SHM,GRASS,No-till,Lawn,"Will Ouimet residential lawn, Mansfield, CT",AG-CROP,L1,UConn,Woodbridge,NA,NA,0.683836736,Bw,1.58,0.683836736,20,16,0.8,13.829914148864
1611,PaL1-1-5,PaL1-1,5,S2020CT013015,64,24.4,11.6,,1.77,12.54961832,0.328016852,NA,0.015046645,14.76174608,0.915083598,79.51213426,9.189593861,37.71289538,NA,32.60964502,NA,5.8,0.049010921,1.100419448,0.501177816,NA,7.701139667,NA,2.411653812,85.96001829,0.749146599,NA,NA,,CT-013-SW-015-5-07232020,21N00225,24,1611,BC1,44,74,PaL1,1,7/23/2020,-72.188333,41.7995278,Paxton/ Woodbridge,Woodbridge,71,SHM - Lawn,SHM,GRASS,No-till,Lawn,"Will Ouimet residential lawn, Mansfield, CT",AG-CROP,L1,UConn,Woodbridge,NA,NA,0.328016852,BC,1.77,0.328016852,24,30,0.76,13.237448079312
1612,PaL1-1-6,PaL1-1,6,S2020CT013015,76,18.8,5.2,,1.82,11.50415257,0.303083163,NA,0.013082726,32.32255915,1.211172406,86.23209376,16.58949501,30.21993923,NA,39.42265953,NA,6,0.01228514,0.933819253,0.76806693,NA,45.98849175,NA,0,132.1110428,0.499534523,NA,NA,,CT-013-SW-015-6-07232020,21N00226,24,1612,BC2,74,94,PaL1,1,7/23/2020,-72.188333,41.7995278,Paxton/ Woodbridge,Woodbridge,71,SHM - Lawn,SHM,GRASS,No-till,Lawn,"Will Ouimet residential lawn, Mansfield, CT",AG-CROP,L1,UConn,Woodbridge,NA,NA,0.303083163,BC,1.82,0.303083163,24,20,0.76,8.384492621232
1613,PaL1-1-7,PaL1-1,7,S2020CT013015,58.7,35.4,5.9,,1.71,15.40380418,0.209386168,NA,0.012594657,34.23064141,1.656869381,88.91302152,21.76987575,49.68683705,NA,17.45630872,NA,6.1,0,5.34872443,0,NA,8.336237924,NA,0,122.2215375,0.20135449,NA,NA,,CT-013-SW-015-7-07232020,21N00227,24,1613,Cd,94,112,PaL1,1,7/23/2020,-72.188333,41.7995278,Paxton/ Woodbridge,Woodbridge,71,SHM - Lawn,SHM,GRASS,No-till,Lawn,"Will Ouimet residential lawn, Mansfield, CT",AG-CROP,L1,UConn,Woodbridge,NA,NA,0.209386168,C,1.71,0.209386168,24,18,0.76,4.8981287507904
1614,PaL1-2-1,PaL1-2,1,S2020CT013016,NA,NA,NA,,1.21,27.11142654,5.884748524,NA,0.468336388,73.05129913,3.481575897,101.5966754,61.84601925,34.82939633,NA,4.921259843,NA,NA,2.551107582,89.64842327,23.8122107,56.89108845,321.4396788,NA,308.18926,811.1904034,19.03607554,NA,NA,,CT-013-SW-016-1-07232020,21N00228,8,1614,A,0,5,PaL1,2,7/23/2020,-72.18838889,41.7995556,Paxton/ Woodbridge,Woodbridge,71,SHM - Lawn,SHM,GRASS,No-till,Lawn,"Will Ouimet residential lawn, Mansfield, CT",AG-CROP,L1,UConn,Woodbridge,NA,NA,5.884748524,A,1.21,5.884748524,8,5,0.92,32.754510284584
1615,PaL1-2-2,PaL1-2,2,S2020CT013016,NA,NA,NA,,1.22,34.01129944,3.938851398,NA,0.302988569,67.442633850000007,2.847384233,97.75676975,48.07723121,39.12033328,NA,10.55920526,NA,NA,1.391793336,24.75764719,9.32058567,41.48862389,424.8699664,NA,247.0940301,537.5807581,14.73503592,NA,NA,,CT-013-SW-016-2-07232020,21N00229,20,1615,Ap,5,10,PaL1,2,7/23/2020,-72.18838889,41.7995556,Paxton/ Woodbridge,Woodbridge,71,SHM - Lawn,SHM,GRASS,No-till,Lawn,"Will Ouimet residential lawn, Mansfield, CT",AG-CROP,L1,UConn,Woodbridge,NA,NA,3.938851398,A,1.22,3.938851398,20,5,0.8,19.221594822240004
1616,PaL1-2-3,PaL1-2,3,S2020CT013016,NA,NA,NA,,1.26,25.81967213,3.14162539,NA,0.238488351,59.56175299,2.812795469,88.85218827,48.19364162,36.13232865,NA,4.526218002,NA,NA,0.637364054,13.17893361,3.170068957,25.91782639,111.4036123,NA,60.09037414,392.5346811,9.667081224,NA,NA,,CT-013-SW-016-3-07232020,21N00230,20,1616,Ap,10,24,PaL1,2,7/23/2020,-72.18838889,41.7995556,Paxton/ Woodbridge,Woodbridge,71,SHM - Lawn,SHM,GRASS,No-till,Lawn,"Will Ouimet residential lawn, Mansfield, CT",AG-CROP,L1,UConn,Woodbridge,NA,NA,3.14162539,A,1.26,3.14162539,20,14,0.8,44.33461750368001
1617,PaL1-2-4,PaL1-2,4,S2020CT013016,NA,NA,NA,,1.43,14.81624758,0.795029977,NA,0.062994178,25.53333333,1.280263549,90.52709725,13.91982183,50.10393467,NA,26.50334076,NA,NA,0,1.933420425,2.458364652,NA,140.7088604,NA,10.45049985,165.0760603,1.691272261,NA,NA,,CT-013-SW-016-4-07232020,21N00231,10,1617,Bw1,24,40,PaL1,2,7/23/2020,-72.18838889,41.7995556,Paxton/ Woodbridge,Woodbridge,71,SHM - Lawn,SHM,GRASS,No-till,Lawn,"Will Ouimet residential lawn, Mansfield, CT",AG-CROP,L1,UConn,Woodbridge,NA,NA,0.795029977,Bw,1.43,0.795029977,10,16,0.9,16.371257286384
1618,PaL1-2-5,PaL1-2,5,S2020CT013016,NA,NA,NA,,1.47,13.63163371,0.528499763,NA,0.039224592,29.67763377,1.468370439,86.28180509,16.80268843,55.5268843,NA,13.95223236,NA,NA,0,3.516122281,0.679103892,NA,57.14807542,NA,1.507283632,145.2970498,0.994591366,NA,NA,,CT-013-SW-016-5-07232020,21N00232,13,1618,Bw2,40,57,PaL1,2,7/23/2020,-72.18838889,41.7995556,Paxton/ Woodbridge,Woodbridge,71,SHM - Lawn,SHM,GRASS,No-till,Lawn,"Will Ouimet residential lawn, Mansfield, CT",AG-CROP,L1,UConn,Woodbridge,NA,NA,0.528499763,Bw,1.47,0.528499763,13,17,0.87,11.490271897311901
1625,PaL2-2-1,PaL2-2,1,S2020CT013018,NA,NA,NA,,1.33,25.93213238,3.002090063,NA,0.223256698,59.47560571,3.198585759,95.57828482,56.89614477,31.32572777,NA,7.356412274,NA,NA,1.017280432,55.99518381,12.01729471,68.42189524,109.5890458,NA,128.7220222,992.4979997,14.87133039,NA,NA,,CT-013-SW-018-1-07242020,21N00239,5,1625,^Au,0,5,PaL2,2,7/24/2020,-72.1895,41.80006,Paxton/ Woodbridge,Canton,72,SHM - Lawn,SHM,GRASS,No-till,Lawn,"Nels Barrett residential lawn, Mansfield, CT",AG-CROP,L2,UConn,Canton,NA,NA,3.002090063,A,1.33,3.002090063,5,5,0.95,18.9657039730025
1626,PaL2-2-2,PaL2-2,2,S2020CT013018,NA,NA,NA,,1.33,18.6187399,2.458639706,NA,0.179227941,60.43189369,2.069101644,93.69637858,29.70288088,51.68879256,NA,12.30470514,NA,NA,0.430001363,27.09004992,4.47299348,39.46862854,73.75135843,NA,54.56366749,590.3247861,6.810289485,NA,NA,,CT-013-SW-018-2-07242020,21N00240,5,1626,^Au,5,10,PaL2,2,7/24/2020,-72.1895,41.80006,Paxton/ Woodbridge,Canton,72,SHM - Lawn,SHM,GRASS,No-till,Lawn,"Nels Barrett residential lawn, Mansfield, CT",AG-CROP,L2,UConn,Canton,NA,NA,2.458639706,A,1.33,2.458639706,5,5,0.95,15.532456342655001
1627,PaL2-2-3,PaL2-2,3,S2020CT013018,NA,NA,NA,,1.47,16.51959054,1.585302854,NA,0.113005295,51.8469218,2.661778485,98.07941192,42.38235751,48.51685044,NA,7.180203965,NA,NA,0.398729761,9.513729313,1.746660348,30.21031651,190.6094378,NA,40.1942302,441.9822073,5.518665837,NA,NA,,CT-013-SW-018-3-07242020,21N00241,9,1627,^AB,10,29,PaL2,2,7/24/2020,-72.1895,41.80006,Paxton/ Woodbridge,Canton,72,SHM - Lawn,SHM,GRASS,No-till,Lawn,"Nels Barrett residential lawn, Mansfield, CT",AG-CROP,L2,UConn,Canton,NA,NA,1.585302854,A,1.47,1.585302854,9,19,0.91,40.2925329281202
1628,PaL2-2-4,PaL2-2,4,S2020CT013018,NA,NA,NA,,1.48,15.17789553,1.721872947,NA,0.117293798,NA,1.240582345,89.75789579,10.5260536,63.10152436,NA,16.13031782,NA,NA,0.172189614,5.098824137,0,NA,0,NA,15.5752642,273.8606181,4.123208807,NA,NA,,CT-013-SW-018-4-07242020,21N00242,7,1628,Ap,29,44,PaL2,2,7/24/2020,-72.1895,41.80006,Paxton/ Woodbridge,Canton,72,SHM - Lawn,SHM,GRASS,No-till,Lawn,"Nels Barrett residential lawn, Mansfield, CT",AG-CROP,L2,UConn,Canton,NA,NA,1.721872947,A,1.48,1.721872947,7,15,0.9299999999999999,35.549788863762
1629,PaL2-2-5,PaL2-2,5,S2020CT013018,NA,NA,NA,,1.48,10.99515468,0.664276677,NA,0.040418951,24.14593698,1.770906049,94.1981982,21.7039897,61.03474903,NA,11.45945946,NA,NA,0,4.765623746,1.390808196,NA,9.424977794,NA,4.722822048,155.1865551,1.060141195,NA,NA,,CT-013-SW-018-5-07242020,21N00243,13,1629,Bw,44,60,PaL2,2,7/24/2020,-72.1895,41.80006,Paxton/ Woodbridge,Canton,72,SHM - Lawn,SHM,GRASS,No-till,Lawn,"Nels Barrett residential lawn, Mansfield, CT",AG-CROP,L2,UConn,Canton,NA,NA,0.664276677,Bw,1.48,0.664276677,13,16,0.87,13.685162388883201
1560,PaM1-1-1,PaM1-1,1,S2020CT013007,NA,NA,NA,,1.11,36.28196268,6.721915285,NA,0.376695128,73.70345745,2.597634902,94.69987719,41.86367823,44.96469143,NA,7.871507522,NA,NA,1.90824409,106.475043,22.28157275,109.9292016,234.1590326,NA,219.9629247,712.2953509,27.22418722,NA,NA,,CT-013-SW-007-1-07152020,21N00171,5,1560,A,0,5,PaM1,1,7/14/2020,-72.23745,41.8184833,Paxton/ Woodbridge,Canton,73,Ref - Managed forest,Ref,FOREST,Perennial,Managed forest,"UConn forest east of Horsebarn Hill, Storrs, CT, Stand D, oak/ hickory upland hardwoof, thinned 2013",Reference,M1,UConn,Canton,NA,NA,6.721915285,A,1.11,6.721915285,5,5,0.95,35.4412983401625
1561,PaM1-1-2,PaM1-1,2,S2020CT013007,NA,NA,NA,,1.32,21.13452188,1.737633704,NA,0.094258432,48.67021277,1.519359683,88.77943296,16.93416627,59.77895243,NA,12.06631427,NA,NA,0.37396888,19.75964133,5.011614834,6.755574055,37.73221441,NA,47.02724933,237.5990988,5.282041715,NA,NA,,CT-013-SW-007-2-07152020,21N00172,8,1561,Ap,5,10,PaM1,1,7/14/2020,-72.23745,41.8184833,Paxton/ Woodbridge,Canton,73,Ref - Managed forest,Ref,FOREST,Perennial,Managed forest,"UConn forest east of Horsebarn Hill, Storrs, CT, Stand D, oak/ hickory upland hardwoof, thinned 2013",Reference,M1,UConn,Canton,NA,NA,1.737633704,A,1.32,1.737633704,8,5,0.92,10.550911850688
1562,PaM1-1-3,PaM1-1,3,S2020CT013007,NA,NA,NA,,1.39,18.24188452,0.808262236,NA,0.044903458,59.16195544,1.464170565,92.27206017,15.16235553,62.52981104,NA,14.5798936,NA,NA,0.036794821,10.18013009,1.479771234,13.18030544,16.3203303,NA,17.18303341,102.442527,2.737729075,NA,NA,,CT-013-SW-007-3-07152020,21N00173,8,1562,Ap,10,22,PaM1,1,7/14/2020,-72.23745,41.8184833,Paxton/ Woodbridge,Canton,73,Ref - Managed forest,Ref,FOREST,Perennial,Managed forest,"UConn forest east of Horsebarn Hill, Storrs, CT, Stand D, oak/ hickory upland hardwoof, thinned 2013",Reference,M1,UConn,Canton,NA,NA,0.808262236,A,1.39,0.808262236,8,12,0.92,12.403268968761601
1581,PaM2-1-1,PaM2-1,1,S2020CT013011,65.2,22.9,11.9,,1.22,52.58666667,8.747855918,NA,0.584460962,67.77629827,3.378115949,97.27354439,59.4061054,36.97193648,NA,0.89550251300000006,3.67,5.1,3.634118837,204.8524583,27.8638994,335.9285763,378.1448803,NA,211.7231076,979.3119927,25.08113518,NA,NA,,CT-013-SW-011-1-07222020,21N00194,0,1581,A,0,5,PaM2,1,7/21/2020,-72.25135,41.8207833,Paxton/ Woodbridge,Woodbridge,74,SHM - Managed forest,SHM,FOREST,Perennial,Managed forest,"UConn forest east of Horsebarn Hill, Storrs, CT, Stand B, ash-dominated, thinned 2013",AG-CROP,M2,UConn,Woodbridge,NA,NA,8.747855918,A,1.22,8.747855918,0,5,1,53.36192109980001
1582,PaM2-1-2,PaM2-1,2,S2020CT013011,64.9,23.9,11.2,,1.27,30.64723532,2.805649042,NA,0.198156827,62.13430851,2.6702081030000002,94.82410337,43.42340969,44.59351298,NA,6.807180699,1.1,4.8,1.050065039,38.00236272,7.166100252,72.98699615,114.8512885,NA,116.1613253,366.1626671,8.607476812,NA,NA,,CT-013-SW-011-2-07222020,21N00195,5,1582,Ap,5,10,PaM2,1,7/21/2020,-72.25135,41.8207833,Paxton/ Woodbridge,Woodbridge,74,SHM - Managed forest,SHM,FOREST,Perennial,Managed forest,"UConn forest east of Horsebarn Hill, Storrs, CT, Stand B, ash-dominated, thinned 2013",AG-CROP,M2,UConn,Woodbridge,NA,NA,2.805649042,A,1.27,2.805649042,5,5,0.95,16.925077845865
1583,PaM2-1-3,PaM2-1,3,S2020CT013011,66.2,22.4,11.4,,1.38,21.12341772,1.719393259,NA,0.134293199,51.64288085,1.606896552,93.35599806,18.49441476,60.36911122,NA,14.49247207,NA,4.7,0.349254967,16.67753771,15.98074643,18.18781667,60.50502335,NA,26.6286775,263.9711128,4.201341516,NA,NA,,CT-013-SW-011-3-07222020,21N00196,5,1583,Ap,10,23,PaM2,1,7/21/2020,-72.25135,41.8207833,Paxton/ Woodbridge,Woodbridge,74,SHM - Managed forest,SHM,FOREST,Perennial,Managed forest,"UConn forest east of Horsebarn Hill, Storrs, CT, Stand B, ash-dominated, thinned 2013",AG-CROP,M2,UConn,Woodbridge,NA,NA,1.719393259,A,1.38,1.719393259,5,13,0.95,29.303619313137
1584,PaM2-1-4,PaM2-1,4,S2020CT013011,65.7,24.2,10.1,,1.67,15.78558226,0.498345573,NA,0.032281495,56.57807309,1.929125829,95.24584164,23.9415999,65.9400545,NA,5.364187238,NA,5.1,0.067383309,13.4288339,4.326588451,NA,25.48389087,NA,0,132.1110428,1.387916248,NA,NA,,CT-013-SW-011-4-07222020,21N00197,5,1584,Bw1,23,52,PaM2,1,7/21/2020,-72.25135,41.8207833,Paxton/ Woodbridge,Woodbridge,74,SHM - Managed forest,SHM,FOREST,Perennial,Managed forest,"UConn forest east of Horsebarn Hill, Storrs, CT, Stand B, ash-dominated, thinned 2013",AG-CROP,M2,UConn,Woodbridge,NA,NA,0.498345573,Bw,1.67,0.498345573,5,29,0.95,22.9281322953705
1585,PaM2-1-5,PaM2-1,5,S2020CT013011,63.8,27.9,8.3,,1.79,11.09976166,0.355003811,NA,0.013067625,33.97734843,1.222576254,80.14858567,13.33579438,48.43800471,NA,18.37478658,NA,5.2,0.055377098,5.515324625,0.76806693,NA,20.13091985,NA,0,79.36701479,1.133270328,NA,NA,,CT-013-SW-011-5-07222020,21N00198,13,1585,Bw2,52,61,PaM2,1,7/21/2020,-72.25135,41.8207833,Paxton/ Woodbridge,Woodbridge,74,SHM - Managed forest,SHM,FOREST,Perennial,Managed forest,"UConn forest east of Horsebarn Hill, Storrs, CT, Stand B, ash-dominated, thinned 2013",AG-CROP,M2,UConn,Woodbridge,NA,NA,0.355003811,Bw,1.79,0.355003811,13,9,0.87,4.9756269138327
1586,PaM2-1-6,PaM2-1,6,S2020CT013011,67,24.3,8.7,,1.89,10.42145594,0.227165749,NA,0,45.30313125,1.838349303,87.17462595,25.6558721,49.09305185,NA,12.42570199,NA,5.3,0.012302946,0.600618862,0,NA,41.08916234,NA,0,46.40199728,0.853285239,NA,NA,,CT-013-SW-011-6-07222020,21N00199,8,1586,BC1,61,81,PaM2,1,7/21/2020,-72.25135,41.8207833,Paxton/ Woodbridge,Woodbridge,74,SHM - Managed forest,SHM,FOREST,Perennial,Managed forest,"UConn forest east of Horsebarn Hill, Storrs, CT, Stand B, ash-dominated, thinned 2013",AG-CROP,M2,UConn,Woodbridge,NA,NA,0.227165749,BC,1.89,0.227165749,8,20,0.92,7.899916087223999
1587,PaM2-1-7,PaM2-1,7,S2020CT013011,67,24.9,8.1,,1.92,10.34937376,0.241033353,NA,0,15.45636243,1.016946867,72.06574243,11.82485415,35.93877423,NA,24.30211405,NA,5.4,0,0.100818276,0.32325174,NA,0.896515481,NA,14.67089402,59.58800429,0.951609688,NA,NA,,CT-013-SW-011-7-07222020,21N00200,10,1587,BC2,81,98,PaM2,1,7/21/2020,-72.25135,41.8207833,Paxton/ Woodbridge,Woodbridge,74,SHM - Managed forest,SHM,FOREST,Perennial,Managed forest,"UConn forest east of Horsebarn Hill, Storrs, CT, Stand B, ash-dominated, thinned 2013",AG-CROP,M2,UConn,Woodbridge,NA,NA,0.241033353,BC,1.92,0.241033353,10,17,0.9,7.080595777728
1588,PaM2-2-1,PaM2-2,1,S2020CT013012,NA,NA,NA,,1.02,36.93918245,8.877070976,NA,0.593168337,86.84995031,2.687641779,95.12031377,43.74050387,44.75813575,NA,6.621674146,NA,NA,3.41615162,208.1844623,35.78720175,226.0467733,353.4667766,NA,221.8721507,933.1609682,30.9004522,NA,NA,,CT-013-SW-012-1-07222020,21N00202,5,1588,A,0,5,PaM2,2,7/21/2020,-72.2543056,41.821,Paxton/ Woodbridge,Woodbridge,74,SHM - Managed forest,SHM,FOREST,Perennial,Managed forest,"UConn forest east of Horsebarn Hill, Storrs, CT, Stand B, ash-dominated, thinned 2013",AG-CROP,M2,UConn,Woodbridge,NA,NA,8.877070976,A,1.02,8.877070976,5,5,0.95,43.00940887872001
1589,PaM2-2-2,PaM2-2,2,S2020CT013012,NA,NA,NA,,1.31,17.79489258,2.414188239,NA,0.182301162,56.8718802,1.395006764,90.37588173,14.0593294,61.19431829,NA,15.12223403,NA,NA,0.718071461,35.1701594,4.47299348,34.91101455,153.4108256,NA,90.23604679,369.4591688,6.939815063,NA,NA,,CT-013-SW-012-2-07222020,21N00203,8,1589,A/Ap,5,10,PaM2,2,7/21/2020,-72.2543056,41.821,Paxton/ Woodbridge,Woodbridge,74,SHM - Managed forest,SHM,FOREST,Perennial,Managed forest,"UConn forest east of Horsebarn Hill, Storrs, CT, Stand B, ash-dominated, thinned 2013",AG-CROP,M2,UConn,Woodbridge,NA,NA,2.414188239,A,1.31,2.414188239,8,5,0.92,14.547898328214004
1590,PaM2-2-3,PaM2-2,3,S2020CT013012,NA,NA,NA,,1.42,17.71106942,1.5943154,NA,0.122409984,65.16816517,1.532760832,92.30330673,17.331813,58.71341695,NA,16.25807678,NA,NA,0.165808016,18.34353967,3.703847185,15.73130173,63.68051463,NA,51.54910023,280.4536216,5.13760386,NA,NA,,CT-013-SW-012-3-07222020,21N00204,8,1590,Ap,10,19,PaM2,2,7/21/2020,-72.2543056,41.821,Paxton/ Woodbridge,Woodbridge,74,SHM - Managed forest,SHM,FOREST,Perennial,Managed forest,"UConn forest east of Horsebarn Hill, Storrs, CT, Stand B, ash-dominated, thinned 2013",AG-CROP,M2,UConn,Woodbridge,NA,NA,1.5943154,A,1.42,1.5943154,8,9,0.92,18.74532274704
1591,PaM2-2-4,PaM2-2,4,S2020CT013012,NA,NA,NA,,1.49,18.72607031,0.777297209,NA,0.061204505,35.75215374,0.896152859,86.68264293,4.210886683,59.74552094,NA,22.72623531,NA,NA,0.042993699,8.597428239,1.924586424,NA,98.88310376,NA,3.416509567,155.1865551,1.845045034,NA,NA,,CT-013-SW-012-4-07222020,21N00205,10,1591,Bw1,19,34,PaM2,2,7/21/2020,-72.2543056,41.821,Paxton/ Woodbridge,Woodbridge,74,SHM - Managed forest,SHM,FOREST,Perennial,Managed forest,"UConn forest east of Horsebarn Hill, Storrs, CT, Stand B, ash-dominated, thinned 2013",AG-CROP,M2,UConn,Woodbridge,NA,NA,0.777297209,Bw,1.49,0.777297209,10,15,0.9,15.635333359034998
1592,PaM2-2-5,PaM2-2,5,S2020CT013012,NA,NA,NA,,1.55,17.5238795,0.529595599,NA,0.037427251,38.1745503,1.227451397,86.19993626,10.27302667,63.47604377,NA,12.45086582,NA,NA,0.006149015,3.516122281,0.76806693,NA,69.21494231,NA,1.306312481,148.5935516,1.822076841,NA,NA,,CT-013-SW-012-5-07222020,21N00206,15,1592,Bw2,34,49,PaM2,2,7/21/2020,-72.2543056,41.821,Paxton/ Woodbridge,Woodbridge,74,SHM - Managed forest,SHM,FOREST,Perennial,Managed forest,"UConn forest east of Horsebarn Hill, Storrs, CT, Stand B, ash-dominated, thinned 2013",AG-CROP,M2,UConn,Woodbridge,NA,NA,0.529595599,Bw,1.55,0.529595599,15,15,0.85,10.466133025237498
1593,PaM2-2-6,PaM2-2,6,S2020CT013012,NA,NA,NA,,1.69,10.11436741,0.341156403,NA,0.013724683,30.58236273,1.54180576,91.29229376,17.12119498,60.82380898,NA,13.3472898,NA,NA,0.116598267,0,1.746660348,NA,17.95344011,NA,0,23.32648503,1.050341408,NA,NA,,CT-013-SW-012-6-07222020,21N00207,15,1593,BC,49,67,PaM2,2,7/21/2020,-72.2543056,41.821,Paxton/ Woodbridge,Woodbridge,74,SHM - Managed forest,SHM,FOREST,Perennial,Managed forest,"UConn forest east of Horsebarn Hill, Storrs, CT, Stand B, ash-dominated, thinned 2013",AG-CROP,M2,UConn,Woodbridge,NA,NA,0.341156403,BC,1.69,0.341156403,15,18,0.85,8.821281112370999
1667,PaT2-1-1,PaT2-1,1,S2020CT013021,62.5,29.6,7.9,,1.59,2.493551161,2.450860701,NA,0.201440606,67.43333333,3.436945488,92.87427064,64.04763808,20.36208137,NA,8.464551195,NA,7.1,1.011706348,55.16218284,13.27782008,116.1442854,103.9638898,NA,59.98988857,587.0282844,5.523509902,NA,NA,,CT-013-SW-021-1-08122020,21N00257,5,1667,Ap,0,5,PaT2,1,8/12/2020,-72.2351944,41.7537778,Paxton/ Woodbridge,Woodbridge,78,BAU - Conv till silage corn,BAU,CROP,Till,Conv till silage corn,"Mountain Dairy farm, Mansfield, CT, corn field, conventional till, with manure",AG-CROP,T2,UConn,Woodbridge,NA,NA,2.450860701,A,1.59,2.450860701,5,5,0.95,18.5101254443025
1668,PaT2-1-2,PaT2-1,2,S2020CT013021,61.5,30,8.5,,1.47,5.395564383,2.213197213,NA,0.175118298,66.00133067,2.659284371,92.76059665,44.68745899,37.41743581,NA,10.65570185,NA,7.1,0.815740464,43.99996975,16.86128463,108.232637,111.2221556,NA,119.2763781,501.3192389,5.850644709,NA,NA,,CT-013-SW-021-2-08122020,21N00258,5,1668,Ap,5,10,PaT2,1,8/12/2020,-72.2351944,41.7537778,Paxton/ Woodbridge,Woodbridge,78,BAU - Conv till silage corn,BAU,CROP,Till,Conv till silage corn,"Mountain Dairy farm, Mansfield, CT, corn field, conventional till, with manure",AG-CROP,T2,UConn,Woodbridge,NA,NA,2.213197213,A,1.47,2.213197213,5,5,0.95,15.453649539772501
1669,PaT2-1-3,PaT2-1,3,S2020CT013021,62.6,28.8,8.6,,1.51,6.050531915,2.121857958,NA,0.191186611,69.39926983,3.151230522,92.61879906,56.59049608,28.37644511,NA,7.651857866,NA,7,0.631392749,41.91746731,13.13392922,80.12103499,58.41827193,NA,132.5404741,554.0632669,5.261203238,NA,NA,,CT-013-SW-021-3-08122020,21N00259,5,1669,Ap,10,19,PaT2,1,8/12/2020,-72.2351944,41.7537778,Paxton/ Woodbridge,Woodbridge,78,BAU - Conv till silage corn,BAU,CROP,Till,Conv till silage corn,"Mountain Dairy farm, Mansfield, CT, corn field, conventional till, with manure",AG-CROP,T2,UConn,Woodbridge,NA,NA,2.121857958,A,1.51,2.121857958,5,9,0.95,27.394247166759
1670,PaT2-1-4,PaT2-1,4,S2020CT013021,56.9,32.8,10.3,,1.73,5.754614549,0.445939031,NA,0.032897142,20.60485211,1.014750988,90.00790514,7.188405797,56.59552042,NA,26.22397892,NA,6.9,0.177753068,4.015922867,2.369401614,NA,19.1329083,NA,6.933504709,191.4480743,1.75184479,NA,NA,,CT-013-SW-021-4-08122020,21N00260,10,1670,Bw,19,30,PaT2,1,8/12/2020,-72.2351944,41.7537778,Paxton/ Woodbridge,Woodbridge,78,BAU - Conv till silage corn,BAU,CROP,Till,Conv till silage corn,"Mountain Dairy farm, Mansfield, CT, corn field, conventional till, with manure",AG-CROP,T2,UConn,Woodbridge,NA,NA,0.445939031,Bw,1.73,0.445939031,10,11,0.9,7.637597783937
1671,PaT2-1-5,PaT2-1,5,S2020CT013021,59.8,32,8.2,,1.84,5.275229358,0.357056565,NA,0.024161722,26.94094227,1.00656584,83.57971344,7.705253582,53.9959063,NA,21.87855356,NA,6.9,0.208254951,2.266620816,2.458364652,NA,8.699151214,NA,6.330591256,109.0355305,0.67908663,NA,NA,,CT-013-SW-021-5-08122020,21N00261,16,1671,BC,30,45,PaT2,1,8/12/2020,-72.2351944,41.7537778,Paxton/ Woodbridge,Woodbridge,78,BAU - Conv till silage corn,BAU,CROP,Till,Conv till silage corn,"Mountain Dairy farm, Mansfield, CT, corn field, conventional till, with manure",AG-CROP,T2,UConn,Woodbridge,NA,NA,0.357056565,BC,1.84,0.357056565,16,15,0.84,8.277999402959999
1672,PaT2-1-6,PaT2-1,6,S2020CT013021,56.3,34.2,9.5,,1.88,5.626850938,0.24769506,NA,0.009829169,20.84441489,0.853980351,72.17834062,10.9210784,23.72870292,NA,37.52855931,NA,6.9,0.036829687,9.763629606,3.259031995,NA,5.795844895,NA,1.205826906,59.58800429,0.138541633,NA,NA,,CT-013-SW-021-6-08122020,21N00262,15,1672,Cd1,45,62,PaT2,1,8/12/2020,-72.2351944,41.7537778,Paxton/ Woodbridge,Woodbridge,78,BAU - Conv till silage corn,BAU,CROP,Till,Conv till silage corn,"Mountain Dairy farm, Mansfield, CT, corn field, conventional till, with manure",AG-CROP,T2,UConn,Woodbridge,NA,NA,0.24769506,C,1.88,0.24769506,15,17,0.85,6.728883999959999
1673,PaT2-1-7,PaT2-1,7,S2020CT013021,57.7,33,9.3,,1.98,6.820744081,0.241645804,NA,0,18.75207434,0.660607043,71.71635342,5.481745517,31.1514366,NA,35.08317131,NA,6.9,0,9.180528922,0.590140854,NA,6.793856442,NA,0,89.25652004,1.033836935,NA,NA,,CT-013-SW-021-7-08122020,21N00263,5,1673,Cd2,62,80,PaT2,1,8/12/2020,-72.2351944,41.7537778,Paxton/ Woodbridge,Woodbridge,78,BAU - Conv till silage corn,BAU,CROP,Till,Conv till silage corn,"Mountain Dairy farm, Mansfield, CT, corn field, conventional till, with manure",AG-CROP,T2,UConn,Woodbridge,NA,NA,0.241645804,C,1.98,0.241645804,5,18,0.95,8.181643631832
1674,PaT2-1-8,PaT2-1,8,S2020CT013021,61,27.6,11.4,,1.97,7.995154452,0.23357184,NA,0,20.39800995,0.404842485,63.59438259,3.757591093,14.5812247,NA,45.2555668,NA,6.9,0,0.68391896,0.412214778,NA,7.519683022,NA,0,62.88450604,0.358192975,NA,NA,,CT-013-SW-021-8-08122020,21N00264,10,1674,Cd3,80,94,PaT2,1,8/12/2020,-72.2351944,41.7537778,Paxton/ Woodbridge,Woodbridge,78,BAU - Conv till silage corn,BAU,CROP,Till,Conv till silage corn,"Mountain Dairy farm, Mansfield, CT, corn field, conventional till, with manure",AG-CROP,T2,UConn,Woodbridge,NA,NA,0.23357184,C,1.97,0.23357184,10,14,0.9,5.79772021248
1675,PaT2-1-9,PaT2-1,9,S2020CT013021,66.7,21.4,11.9,,2.04,8.536585366,0.232326585,NA,0,5.586963751,0.561164873,46.06051852,7.236224453,15.46905467,NA,23.3552394,NA,6.9,0.122472437,1.76682023,1.390808196,NA,10.15080437,NA,0,56.29150254,0.793270678,NA,NA,,CT-013-SW-021-9-08122020,21N00265,5,1675,Cd4,94,116,PaT2,1,8/12/2020,-72.2351944,41.7537778,Paxton/ Woodbridge,Woodbridge,78,BAU - Conv till silage corn,BAU,CROP,Till,Conv till silage corn,"Mountain Dairy farm, Mansfield, CT, corn field, conventional till, with manure",AG-CROP,T2,UConn,Woodbridge,NA,NA,0.232326585,C,2.04,0.232326585,5,22,0.95,9.90547627806
1569,PaU1-1-1,PaU1-1,1,S2020CT013009,65.4,26.1,8.5,,0.73,51.88789412,10.77628316,NA,0.631246712,67.49833666,2.510864811,92.13033325,40.60125292,42.70675019,NA,8.822330133,3.5,4.3,2.798637489,96.14583089,33.98645122,254.8635832,511.4247861,NA,69.73698939,801.3008982,42.14060104,NA,NA,,CT-013-SW-009-1-07152020,21N00182,0,1569,Oe/A,0,5,PaU1,1,7/14/2020,-72.2388333,41.8184333,Paxton/ Woodbridge,Woodbridge,79,Ref - Unmanaged forest,Ref,FOREST,Perennial,Unmanaged forest,"UConn forest east of Horsebarn Hill, Storrs, CT, Stand C, oak/ hickory upland hardwood, no recent management",Reference,U1,UConn,Woodbridge,NA,NA,10.77628316,A,0.73,10.77628316,0,5,1,39.333433534
1570,PaU1-1-2,PaU1-1,2,S2020CT013009,65.6,27,7.4,,0.99,37.87983425,6.469539688,NA,0.3512635,66.73333333,2.225164415,94.96592132,32.76336243,52.23006098,NA,9.972497907,2.2,4.2,1.193505105,18.093639369999998,12.28300312,60.98786547,195.7809522,NA,263.2722078,573.8422774,23.52382202,NA,NA,,CT-013-SW-009-2-07152020,21N00183,0,1570,A,5,10,PaU1,1,7/14/2020,-72.2388333,41.8184333,Paxton/ Woodbridge,Woodbridge,79,Ref - Unmanaged forest,Ref,FOREST,Perennial,Unmanaged forest,"UConn forest east of Horsebarn Hill, Storrs, CT, Stand C, oak/ hickory upland hardwood, no recent management",Reference,U1,UConn,Woodbridge,NA,NA,6.469539688,A,0.99,6.469539688,0,5,1,32.0242214556
1571,PaU1-1-3,PaU1-1,3,S2020CT013009,66.5,27,6.5,,1.18,30.64029501,4.543040603,NA,0.217254864,66.48918469,2.024138464,90.7395953,30.08306088,45.55535919,NA,15.10117522,0.61,4.3,0.412128107,12.67913302,17.93793327,0.330842668,69.39639895,NA,21.80536988,428.7962003,12.8671435,NA,NA,,CT-013-SW-009-3-07152020,21N00184,2,1571,Ap,10,24,PaU1,1,7/14/2020,-72.2388333,41.8184333,Paxton/ Woodbridge,Woodbridge,79,Ref - Unmanaged forest,Ref,FOREST,Perennial,Unmanaged forest,"UConn forest east of Horsebarn Hill, Storrs, CT, Stand C, oak/ hickory upland hardwood, no recent management",Reference,U1,UConn,Woodbridge,NA,NA,4.543040603,A,1.18,4.543040603,2,14,0.98,73.55001014632879
1572,PaU1-1-4,PaU1-1,4,S2020CT013009,70,24.6,5.4,,1.27,21.69842862,1.207888611,NA,0.074669478,30.11647255,0.927479194,86.92415895,5.157660298,58.1936467,NA,23.57285195,NA,4.8,0,0,13.84563352,NA,61.23084993,NA,6.933504709,204.6340813,3.159093373,NA,NA,,CT-013-SW-009-4-07152020,21N00185,10,1572,Bw1,24,36,PaU1,1,7/14/2020,-72.2388333,41.8184333,Paxton/ Woodbridge,Woodbridge,79,Ref - Unmanaged forest,Ref,FOREST,Perennial,Unmanaged forest,"UConn forest east of Horsebarn Hill, Storrs, CT, Stand C, oak/ hickory upland hardwood, no recent management",Reference,U1,UConn,Woodbridge,NA,NA,1.207888611,Bw,1.27,1.207888611,10,12,0.9,16.567400188476
1573,PaU1-1-5,PaU1-1,5,S2020CT013009,71.5,23.7,4.8,,1.55,17.97328688,0.492109282,NA,0.021211607,35.54596747,1.851626423,93.04829283,23.45944837,60.68389214,NA,8.904952322,NA,4.9,0.006139506,0.517318765,7.351331744,NA,0,NA,0,105.7390288,0.943568004,NA,NA,,CT-013-SW-009-5-07152020,21N00186,10,1573,Bw2,36,70,PaU1,1,7/14/2020,-72.2388333,41.8184333,Paxton/ Woodbridge,Woodbridge,79,Ref - Unmanaged forest,Ref,FOREST,Perennial,Unmanaged forest,"UConn forest east of Horsebarn Hill, Storrs, CT, Stand C, oak/ hickory upland hardwood, no recent management",Reference,U1,UConn,Woodbridge,NA,NA,0.492109282,Bw,1.55,0.492109282,10,34,0.9,23.34074324526
1574,PaU1-1-6,PaU1-1,6,S2020CT013009,78.8,18.3,2.9,,1.72,12.51501321,0.278990781,NA,0.00866431,20.72161536,1.529287844,88.25069071,17.79118802,56.57990403,NA,13.87959866,NA,5.1,0,0.267418472,4.148662375,NA,7.066041409,NA,5.627192227,82.66351654,0.302918057,NA,NA,,CT-013-SW-009-6-07152020,21N00187,20,1574,BC,70,97,PaU1,1,7/14/2020,-72.2388333,41.8184333,Paxton/ Woodbridge,Woodbridge,79,Ref - Unmanaged forest,Ref,FOREST,Perennial,Unmanaged forest,"UConn forest east of Horsebarn Hill, Storrs, CT, Stand C, oak/ hickory upland hardwood, no recent management",Reference,U1,UConn,Woodbridge,NA,NA,0.278990781,BC,1.72,0.278990781,20,27,0.8,10.365065495712003
1575,PaU1-1-7,PaU1-1,7,S2020CT013009,72.5,20.7,6.8,,1.94,12.80923584,0.275231394,NA,0,13.08691309,0.964100032,76.93104565,7.329232761,52.37293623,NA,17.22887666,NA,5.1,0,1.267019644,12.8670401,NA,6.521671475,NA,4.923793199,52.99500078,0.574558213,NA,NA,,CT-013-SW-009-7-07152020,21N00188,10,1575,Cd,97,110,PaU1,1,7/14/2020,-72.2388333,41.8184333,Paxton/ Woodbridge,Woodbridge,79,Ref - Unmanaged forest,Ref,FOREST,Perennial,Unmanaged forest,"UConn forest east of Horsebarn Hill, Storrs, CT, Stand C, oak/ hickory upland hardwood, no recent management",Reference,U1,UConn,Woodbridge,NA,NA,0.275231394,C,1.94,0.275231394,10,13,0.9,6.247202181012
1576,PaU1-2-1,PaU1-2,1,S2020CT013010,NA,NA,NA,,1.13,51.8132716,10.14722681,NA,0.61556035,76.35697636,1.888080492,90.10358222,25.973241260000002,52.23133362,NA,11.89900734,NA,NA,3.494135853,88.06572142,29.30449983,368.6191213,544.5406238,NA,316.6300484,943.0504734,39.56246212,NA,NA,,CT-013-SW-010-1-07152020,21N00189,9,1576,Oe/Ap1,0,5,PaU1,2,7/14/2020,-72.238939,41.818491,Paxton/ Woodbridge,Woodbridge,79,Ref - Unmanaged forest,Ref,FOREST,Perennial,Unmanaged forest,"UConn forest east of Horsebarn Hill, Storrs, CT, Stand C, oak/ hickory upland hardwood, no recent management",Reference,U1,UConn,Woodbridge,NA,NA,10.14722681,A,1.13,10.14722681,9,5,0.91,52.171966643614994
1577,PaU1-2-2,PaU1-2,2,S2020CT013010,NA,NA,NA,,NA,33.37837838,6.609356507,NA,0.355073818,67.7622842,1.873870218,93.00469698,26.06594008,49.93843769,NA,17.00031921,NA,NA,1.117613082,44.33317014,15.24542057,47.19358926,120.7486295,NA,196.1478434,494.7262354,20.30688252,NA,NA,,CT-013-SW-010-2-07152020,21N00190,9,1577,Ap2,5,10,PaU1,2,7/14/2020,-72.238939,41.818491,Paxton/ Woodbridge,Woodbridge,79,Ref - Unmanaged forest,Ref,FOREST,Perennial,Unmanaged forest,"UConn forest east of Horsebarn Hill, Storrs, CT, Stand C, oak/ hickory upland hardwood, no recent management",Reference,U1,UConn,Woodbridge,NA,NA,6.609356507,A,1.09,6.609356507,9,5,0.91,32.779103596466506
1578,PaU1-2-3,PaU1-2,3,S2020CT013010,NA,NA,NA,,NA,30.4083699,5.189678813,NA,0.270079362,72.50332889,1.459924508,93.64038432,17.802857,48.71638453,NA,27.1211428,NA,NA,0.854158268,24.67434709,16.15867251,46.34325716,216.7391947,NA,287.7906882,455.1682144,18.06286847,NA,NA,,CT-013-SW-010-3-07152020,21N00191,9,1578,Ap2,10,14,PaU1,2,7/14/2020,-72.238939,41.818491,Paxton/ Woodbridge,Woodbridge,79,Ref - Unmanaged forest,Ref,FOREST,Perennial,Unmanaged forest,"UConn forest east of Horsebarn Hill, Storrs, CT, Stand C, oak/ hickory upland hardwood, no recent management",Reference,U1,UConn,Woodbridge,NA,NA,5.189678813,A,1.09,5.189678813,9,4,0.91,20.5905696584588
1579,PaU1-2-4,PaU1-2,4,S2020CT013010,NA,NA,NA,,1.28,18.13391197,0.948840849,NA,0.05624572,25.25790349,1.007475795,81.21715076,8.87966805,48.52005533,NA,23.81742739,NA,NA,0.030660823,2.8497215,4.771403641,NA,106.5042828,NA,23.91556697,151.8900533,2.411916991,NA,NA,,CT-013-SW-010-4-07152020,21N00192,9,1579,Bw1,14,31,PaU1,2,7/14/2020,-72.238939,41.818491,Paxton/ Woodbridge,Woodbridge,79,Ref - Unmanaged forest,Ref,FOREST,Perennial,Unmanaged forest,"UConn forest east of Horsebarn Hill, Storrs, CT, Stand C, oak/ hickory upland hardwood, no recent management",Reference,U1,UConn,Woodbridge,NA,NA,0.948840849,Bw,1.28,0.948840849,9,17,0.91,18.7885669555584
1580,PaU1-2-5,PaU1-2,5,S2020CT013010,NA,NA,NA,,1.42,16.11094718,0.475505136,NA,0.029630884,18.18787475,0.829916199,80.37030537,4.431379431,52.65882766,NA,23.28009828,NA,NA,0.006136139,2.016720523,6.728590478,NA,5.432931605,NA,1.306312481,0,1.287766221,NA,NA,,CT-013-SW-010-5-07152020,21N00193,12,1580,Bw2,31,58,PaU1,2,7/14/2020,-72.238939,41.818491,Paxton/ Woodbridge,Woodbridge,79,Ref - Unmanaged forest,Ref,FOREST,Perennial,Unmanaged forest,"UConn forest east of Horsebarn Hill, Storrs, CT, Stand C, oak/ hickory upland hardwood, no recent management",Reference,U1,UConn,Woodbridge,NA,NA,0.475505136,Bw,1.42,0.475505136,12,27,0.88,16.0431628845312
1594,PaU2-1-1,PaU2-1,1,S2020CT013013,43.2,38.8,18,,0.88,118.0582524,19.45659489,NA,1.043068641,68.28780813,3.593302062,99.89919355,64.14542144,35.0091051,NA,0.744667014,3.33,4.2,5.230167199,217.0142726,37.85806486,435.6063942,437.7533882,NA,204.287175,1285.886655,70.84094426,NA,NA,,CT-013-SW-013-1-07222020,21N00208,5,1594,A,0,5,PaU2,1,7/21/2020,-72.2532778,41.8216111,Paxton/ Woodbridge,Woodbridge,80,Ref - Unmanaged forest,Ref,FOREST,Perennial,Unmanaged forest,"UConn forest east of Horsebarn Hill, Storrs, CT, Stand A, ash- dominated, no recent management",Reference,U2,UConn,Woodbridge,NA,NA,19.45659489,A,0.88,19.45659489,5,5,0.95,81.32856664020001
1595,PaU2-1-2,PaU2-1,2,S2020CT013013,48.3,36,15.7,,NA,45.050700139999996,5.857052498,NA,0.411132195,82.12030575,3.270417059,96.39598688,58.78762297,29.13081594,NA,8.477547972,2.09,4.1,2.33810209,49.58107629,15.78404192,133.2660936,222.182894,NA,252.8217079,718.8883544,25.34432318,NA,NA,,CT-013-SW-013-2-07222020,21N00209,5,1595,A,5,10,PaU2,1,7/21/2020,-72.2532778,41.8216111,Paxton/ Woodbridge,Woodbridge,80,Ref - Unmanaged forest,Ref,FOREST,Perennial,Unmanaged forest,"UConn forest east of Horsebarn Hill, Storrs, CT, Stand A, ash- dominated, no recent management",Reference,U2,UConn,Woodbridge,NA,NA,5.857052498,A,1.09,5.857052498,5,5,0.95,30.324889308395
1596,PaU2-1-3,PaU2-1,3,S2020CT013013,50.9,34,15.1,,NA,28.36734694,3.314152209,NA,0.23796132,73.5,2.10407369,92.32943837,30.82924991,49.81907275,NA,11.68111572,0.69,4.5,0.920971834,27.67315061,15.71385732,51.25628705,71.39242205,NA,79.78554694,409.0171898,9.566589723,NA,NA,,CT-013-SW-013-3-07222020,21N00210,10,1596,Ap,10,25,PaU2,1,7/21/2020,-72.2532778,41.8216111,Paxton/ Woodbridge,Woodbridge,80,Ref - Unmanaged forest,Ref,FOREST,Perennial,Unmanaged forest,"UConn forest east of Horsebarn Hill, Storrs, CT, Stand A, ash- dominated, no recent management",Reference,U2,UConn,Woodbridge,NA,NA,3.314152209,A,1.09,3.314152209,10,15,0.9,48.767749755435005
1597,PaU2-1-4,PaU2-1,4,S2020CT013013,56.3,33.9,9.8,,1.39,21.96787149,0.895834511,NA,0.064997457,70.66798942,1.759777498,92.85272405,20.89743061,64.09865138,NA,7.856642059,0.15,5,0.31947742,6.015125211,2.280438576,NA,64.49706954,NA,0,118.9250358,2.136824593,NA,NA,,CT-013-SW-013-4-07222020,21N00211,7,1597,Bw1,25,47,PaU2,1,7/21/2020,-72.2532778,41.8216111,Paxton/ Woodbridge,Woodbridge,80,Ref - Unmanaged forest,Ref,FOREST,Perennial,Unmanaged forest,"UConn forest east of Horsebarn Hill, Storrs, CT, Stand A, ash- dominated, no recent management",Reference,U2,UConn,Woodbridge,NA,NA,0.895834511,Bw,1.39,0.895834511,7,22,0.9299999999999999,25.476995992133396
1598,PaU2-1-5,PaU2-1,5,S2020CT013013,51.8,35.3,12.9,,1.67,15.25073746,0.521515946,NA,0.02457405,37.01363485,0.721265309,83.7083452,4.177347384,42.35735308,NA,37.17364474,NA,5.2,0.190714733,2.349920914,1.568734272,NA,15.68523204,NA,0,72.77401129,1.10831583,NA,NA,,CT-013-SW-013-5-07222020,21N00212,7,1598,Bw2,47,66,PaU2,1,7/21/2020,-72.2532778,41.8216111,Paxton/ Woodbridge,Woodbridge,80,Ref - Unmanaged forest,Ref,FOREST,Perennial,Unmanaged forest,"UConn forest east of Horsebarn Hill, Storrs, CT, Stand A, ash- dominated, no recent management",Reference,U2,UConn,Woodbridge,NA,NA,0.521515946,Bw,1.67,0.521515946,7,19,0.9299999999999999,15.389361898919395
1599,PaU2-1-6,PaU2-1,6,S2020CT013013,64.5,25.6,9.9,,1.91,10.87042143,0.394477318,NA,0,19.32801065,1.977349934,87.01965924,31.10878113,36.10484928,NA,19.80602883,NA,5.5,0.110478041,4.599023551,0.679103892,NA,14.05212224,NA,0,59.58800429,0.686523067,NA,NA,,CT-013-SW-013-6-07222020,21N00213,17,1599,BC,66,87,PaU2,1,7/21/2020,-72.2532778,41.8216111,Paxton/ Woodbridge,Woodbridge,80,Ref - Unmanaged forest,Ref,FOREST,Perennial,Unmanaged forest,"UConn forest east of Horsebarn Hill, Storrs, CT, Stand A, ash- dominated, no recent management",Reference,U2,UConn,Woodbridge,NA,NA,0.394477318,BC,1.91,0.394477318,17,21,0.83,13.1326627367334
1600,PaU2-1-7,PaU2-1,7,S2020CT013013,57.4,29.3,13.3,,1.86,11.48580968,0.282204515,NA,0,9.238949817,0.714370362,68.30811713,7.743197377,25.79531726,NA,34.76960249,NA,6.1,0.042869619,22.00874396,0,NA,20.40310481,NA,0,151.8900533,0.490968855,NA,NA,,CT-013-SW-013-7-07222020,21N00214,22,1600,Cd,87,120,PaU2,1,7/21/2020,-72.2532778,41.8216111,Paxton/ Woodbridge,Woodbridge,80,Ref - Unmanaged forest,Ref,FOREST,Perennial,Unmanaged forest,"UConn forest east of Horsebarn Hill, Storrs, CT, Stand A, ash- dominated, no recent management",Reference,U2,UConn,Woodbridge,NA,NA,0.282204515,C,1.86,0.282204515,22,33,0.78,13.510936241946002
1601,PaU2-2-1,PaU2-2,1,S2020CT013014,NA,NA,NA,,NA,47.98464491,9.251728345,NA,0.630337536,67.28847435,3.105941708,96.95443404,53.84641214,36.89600752,NA,6.212014372,NA,NA,3.763689754,142.7938856,30.65506273,349.2504458,336.682037,NA,250.3095685,923.2714629,30.87971015,NA,NA,,CT-013-SW-014-1-07222020,21N00215,0,1601,Ap,0,5,PaU2,2,7/21/2020,-72.25333,41.82161667,Paxton/ Woodbridge,Woodbridge,80,Ref - Unmanaged forest,Ref,FOREST,Perennial,Unmanaged forest,"UConn forest east of Horsebarn Hill, Storrs, CT, Stand A, ash- dominated, no recent management",Reference,U2,UConn,Woodbridge,NA,NA,9.251728345,A,1.09,9.251728345,0,5,1,50.421919480250004
1602,PaU2-2-2,PaU2-2,2,S2020CT013014,NA,NA,NA,,1.01,26.56641604,3.753917667,NA,0.25354791,76.4745085,1.436188227,94.54488899,16.8396905,50.98176445,NA,26.72343404,NA,NA,1.005925588,22.50854455,6.896789575,19.52117444,0,NA,93.85352751,501.3192389,11.79447018,NA,NA,,CT-013-SW-014-2-07222020,21N00216,0,1602,Ap,5,10,PaU2,2,7/21/2020,-72.25333,41.82161667,Paxton/ Woodbridge,Woodbridge,80,Ref - Unmanaged forest,Ref,FOREST,Perennial,Unmanaged forest,"UConn forest east of Horsebarn Hill, Storrs, CT, Stand A, ash- dominated, no recent management",Reference,U2,UConn,Woodbridge,NA,NA,3.753917667,A,1.01,3.753917667,0,5,1,18.95728421835
1603,PaU2-2-3,PaU2-2,3,S2020CT013014,NA,NA,NA,,1.16,26.15156018,3.130043319,NA,0.208103287,61.84778996,1.134364202,88.26781576,8.406845807,62.99443067,NA,16.86653929,NA,NA,0.656697832,15.84453674,6.63962744,14.21868665,8.608422892,NA,43.00782631,432.0927021,8.255651377,NA,NA,,CT-013-SW-014-3-07222020,21N00217,0,1603,Ap,10,23,PaU2,2,7/21/2020,-72.25333,41.82161667,Paxton/ Woodbridge,Woodbridge,80,Ref - Unmanaged forest,Ref,FOREST,Perennial,Unmanaged forest,"UConn forest east of Horsebarn Hill, Storrs, CT, Stand A, ash- dominated, no recent management",Reference,U2,UConn,Woodbridge,NA,NA,3.130043319,A,1.16,3.130043319,0,13,1,47.20105325051999
1604,PaU2-2-4,PaU2-2,4,S2020CT013014,NA,NA,NA,,1.41,22.55060729,1.056321996,NA,0.070573237,47.75523778,1.740920946,93.35232317,19.96892572,66.74311927,NA,6.640278189,NA,NA,0.270313554,8.680728336,8.063036048,NA,33.19579828,NA,9.244672945,211.2270848,2.525466548,NA,NA,,CT-013-SW-014-4-07222020,21N00218,50,1604,Bw1,23,37,PaU2,2,7/21/2020,-72.25333,41.82161667,Paxton/ Woodbridge,Woodbridge,80,Ref - Unmanaged forest,Ref,FOREST,Perennial,Unmanaged forest,"UConn forest east of Horsebarn Hill, Storrs, CT, Stand A, ash- dominated, no recent management",Reference,U2,UConn,Woodbridge,NA,NA,1.056321996,Bw,1.41,1.056321996,50,14,0.5,10.425898100520001
1605,PaU2-2-5,PaU2-2,5,S2020CT013014,NA,NA,NA,,1.29,20.79168333,0.726544751,NA,0.051735385,62.28799468,2.816290795,94.97502535,46.2913584,45.21726068,NA,3.466406279,NA,NA,0.177885951,7.347926774,3.881773261,NA,78.74141617,NA,18.79080262,178.2620673,1.785607339,NA,NA,,CT-013-SW-014-5-07222020,21N00219,50,1605,Bw2,37,46,PaU2,2,7/21/2020,-72.25333,41.82161667,Paxton/ Woodbridge,Woodbridge,80,Ref - Unmanaged forest,Ref,FOREST,Perennial,Unmanaged forest,"UConn forest east of Horsebarn Hill, Storrs, CT, Stand A, ash- dominated, no recent management",Reference,U2,UConn,Woodbridge,NA,NA,0.726544751,Bw,1.29,0.726544751,50,9,0.5,4.217592279555
1606,PaU2-2-6,PaU2-2,6,S2020CT013014,NA,NA,NA,,1.56,16.2373655,0.470811977,NA,0.025511979,29.59013662,2.056857154,94.50067986,28.0404895,58.64178879,NA,7.818401571,NA,NA,0.226912702,1.850120328,3.614884147,NA,46.1699484,NA,0,102.442527,1.16097172,NA,NA,,CT-013-SW-014-6-07222020,21N00220,45,1606,Bw3,46,60,PaU2,2,7/21/2020,-72.25333,41.82161667,Paxton/ Woodbridge,Woodbridge,80,Ref - Unmanaged forest,Ref,FOREST,Perennial,Unmanaged forest,"UConn forest east of Horsebarn Hill, Storrs, CT, Stand A, ash- dominated, no recent management",Reference,U2,UConn,Woodbridge,NA,NA,0.470811977,Bw,1.56,0.470811977,45,14,0.55,5.655393467724001
1483,AR2-1-1,AR2-1,1,TX-AR2-1-REF,76.44287397,13.74165685,9.815469179,,1.977215116,3.557724193,0.97,1.02,0.0632,2.813299233,0.288711503,42.9701765,1.8867925,13.5727328,NA,27.5106512,NA,8.71,17.17779793,536.695279,NA,NA,NA,NA,NA,718.1784,0.8637808,NA,NA,None,TX-215-SW-AR2-1-1-032420,,0,1483,A1,0,5,AR2,1,2/27/2021,-98.203663,26.309166,Hidalgo,NA,2,Ref - Reference,Ref,FOREST,Perennial,Reference,"Native treeline composed of mesquite, hackberry, anacua and others. No major disturbances in over 50 years.",Reference,UTRGV10,UTRGV,Hidalgo,NA,NA,0.97,A,1.977215116,0.97,0,5,1,9.589493312599998
1484,AR2-1-2,AR2-1,2,TX-AR2-1-REF,78.07454654,11.95933825,9.966115208,,1.868535299,4.030528259,0.97,1.01,0.0594,3.551496702,0.283075561,45.218418,1.8890201,12.6328217,NA,30.6965762,NA,8.66,17.09613127,154.6722591,NA,NA,NA,NA,NA,717.4008,0.7596568,NA,NA,Slight,TX-215-SW-AR2-1-2-032420,,0,1484,A1,5,10,AR2,1,2/27/2021,-98.203663,26.309166,Hidalgo,NA,2,Ref - Reference,Ref,FOREST,Perennial,Reference,"Native treeline composed of mesquite, hackberry, anacua and others. No major disturbances in over 50 years.",Reference,UTRGV10,UTRGV,Hidalgo,NA,NA,0.97,A,1.868535299,0.97,0,5,1,9.06239620015
1485,AR2-1-3,AR2-1,3,TX-AR2-1-REF,80.01998002,7.992007992,11.98801199,,1.656420267,3.975001408,0.58,1.5,0.0183,2.17611336,0.225267081,49.068323,1.242236,9.3167702,NA,38.5093168,NA,8.55,16.63116102,54.02848225,NA,NA,NA,NA,NA,715.7808,1.7993752,NA,NA,Slight,TX-215-SW-AR2-1-3-032420,,0,1485,A1,10,30,AR2,1,2/27/2021,-98.203663,26.309166,Hidalgo,NA,2,Ref - Reference,Ref,FOREST,Perennial,Reference,"Native treeline composed of mesquite, hackberry, anacua and others. No major disturbances in over 50 years.",Reference,UTRGV10,UTRGV,Hidalgo,NA,NA,0.58,A,1.656420267,0.58,0,20,1,19.214475097199998
1486,AR2-1-4,AR2-1,4,TX-AR2-1-REF,80.06776958,7.972892167,11.95933825,,NA,NA,0.9,1.06,0.0644,1.260080645,0.144663221,37.2180451,0.877193,4.6992481,NA,31.641604,NA,8.63,9.965255851,40.65572766,NA,NA,NA,NA,NA,716.3424,0.976516,NA,NA,Strong,TX-215-SW-AR2-1-4-032420,,0,1486,A1,30,50,AR2,1,2/27/2021,-98.203663,26.309166,Hidalgo,NA,2,Ref - Reference,Ref,FOREST,Perennial,Reference,"Native treeline composed of mesquite, hackberry, anacua and others. No major disturbances in over 50 years.",Reference,UTRGV10,UTRGV,Hidalgo,NA,NA,0.9,A,1.4649999999999999,0.9,0,20,1,26.37
1487,AR2-1-5,AR2-1,5,TX-AR2-1-REF,76.07178465,7.976071785,15.95214357,,NA,NA,0.59,0.994,0.0484,0.653266332,0.167052417,37.449039,1.2813046,4.950495,NA,31.2172394,NA,8.87,7.591916667,24.39523995,NA,NA,NA,NA,NA,716.04,0.629112,NA,NA,Violently,TX-215-SW-AR2-1-5-032420,,0,1487,B2,50,80,AR2,1,2/27/2021,-98.203663,26.309166,Hidalgo,NA,2,Ref - Reference,Ref,FOREST,Perennial,Reference,"Native treeline composed of mesquite, hackberry, anacua and others. No major disturbances in over 50 years.",Reference,UTRGV10,UTRGV,Hidalgo,NA,NA,0.59,B,1.4,0.59,0,30,1,24.779999999999998
1488,AR2-1-6,AR2-1,6,TX-AR2-1-REF,76.4058199,7.864726701,15.7294534,,NA,NA,0.39,1.45,0.0321,0.250501002,0.113786068,33.8105727,0.8259912,2.3127753,NA,30.6718062,NA,8.64,10.50898819,15.2458057,NA,NA,NA,NA,NA,714.7008,0.5490144,NA,NA,Violently,TX-215-SW-AR2-1-6-032420,,0,1488,B2ca,80,100,AR2,1,2/27/2021,-98.203663,26.309166,Hidalgo,NA,2,Ref - Reference,Ref,FOREST,Perennial,Reference,"Native treeline composed of mesquite, hackberry, anacua and others. No major disturbances in over 50 years.",Reference,UTRGV10,UTRGV,Hidalgo,NA,NA,0.39,BC,1.415,0.39,0,20,1,11.037
1489,AR2-2-1,AR2-2,1,TX-AR2-2-REF,74.21146598,15.86986709,9.918666931,,2.354243757,3.679567671,1.33,2.03,0.0154,8.070175439,1.248546777,92.2927776,15.9961222,34.2220068,NA,42.0746486,NA,8.53,20.79525,335.6808428,NA,NA,NA,NA,NA,717.3144,1.2836424,NA,NA,Violently,TX-215-SW-AR2-2-1-032420,,0,1489,A1,0,5,AR2,2,2/27/2021,-98.20307,26.30907954,Hidalgo,NA,2,Ref - Reference,Ref,FOREST,Perennial,Reference,"Native treeline composed of mesquite, hackberry, anacua and others. No major disturbances in over 50 years.",Reference,UTRGV10,UTRGV,Hidalgo,NA,NA,1.33,A,2.354243757,1.33,0,5,1,15.655720984050001
1490,AR2-2-2,AR2-2,2,TX-AR2-2-REF,74.18073486,13.90268123,11.91658391,,2.398822878,3.718863291,1.15,2.05,0.00135,5.440414508,1.159212372,87.4330249,14.2230882,34.6322455,NA,38.5776912,NA,8.59,19.15702604,135.4857589,NA,NA,NA,NA,NA,717.4224,1.252816,NA,NA,Strong,TX-215-SW-AR2-2-2-032420,,0,1490,A1,5,10,AR2,2,2/27/2021,-98.20307,26.30907954,Hidalgo,NA,2,Ref - Reference,Ref,FOREST,Perennial,Reference,"Native treeline composed of mesquite, hackberry, anacua and others. No major disturbances in over 50 years.",Reference,UTRGV10,UTRGV,Hidalgo,NA,NA,1.15,A,2.398822878,1.15,0,5,1,13.793231548499998
1491,AR2-2-3,AR2-2,3,TX-AR2-2-REF,76.13365155,12.92760541,10.93874304,,1.491118169,3.700683686,1.4,1.77,0.0271,7.36677116,0.412546917,83.9142091,1.9436997,19.6380697,NA,62.3324397,NA,8.2,10.04303693,82.7058135,NA,NA,NA,NA,NA,716.1264,1.726928,NA,NA,Strong,TX-215-SW-AR2-2-3-032420,,0,1491,A1,10,30,AR2,2,2/27/2021,-98.20307,26.30907954,Hidalgo,NA,2,Ref - Reference,Ref,FOREST,Perennial,Reference,"Native treeline composed of mesquite, hackberry, anacua and others. No major disturbances in over 50 years.",Reference,UTRGV10,UTRGV,Hidalgo,NA,NA,1.4,A,1.491118169,1.4,0,20,1,41.751308732
1492,AR2-2-4,AR2-2,4,TX-AR2-2-REF,78.28232971,9.871668312,11.84600197,,NA,NA,0.87,1.4,0.0654,3.472931563,0.28421984,88.2267442,0.7267442,11.8459302,NA,75.6540698,NA,8.38,11.55291667,47.2688256,NA,NA,NA,NA,NA,715.6512,1.1144048,NA,NA,Violently,TX-215-SW-AR2-2-4-032420,,0,1492,A1,30,50,AR2,2,2/27/2021,-98.20307,26.30907954,Hidalgo,NA,2,Ref - Reference,Ref,FOREST,Perennial,Reference,"Native treeline composed of mesquite, hackberry, anacua and others. No major disturbances in over 50 years.",Reference,UTRGV10,UTRGV,Hidalgo,NA,NA,0.87,A,1.4649999999999999,0.87,0,20,1,25.490999999999996
1493,AR2-2-5,AR2-2,5,TX-AR2-2-REF,74.40944882,9.842519685,15.7480315,,NA,NA,0.72,1.37,0.04,0.704225352,0.186013434,85.321101,0.1310616,5.1769332,NA,80.0131062,NA,8.25,16.23134495,15.5872025,NA,NA,NA,NA,NA,715.392,0.6584976,NA,NA,Violently,TX-215-SW-AR2-2-5-032420,,0,1493,B2,50,80,AR2,2,2/27/2021,-98.20307,26.30907954,Hidalgo,NA,2,Ref - Reference,Ref,FOREST,Perennial,Reference,"Native treeline composed of mesquite, hackberry, anacua and others. No major disturbances in over 50 years.",Reference,UTRGV10,UTRGV,Hidalgo,NA,NA,0.72,B,1.4,0.72,0,30,1,30.240000000000002
1494,AR2-2-6,AR2-2,6,TX-AR2-2-REF,74.37918802,7.883326764,17.73748522,,NA,NA,0.7,1.85,0.0344,0.554156171,0.203230128,85.6031129,0.2779322,6.1700945,NA,79.1550862,NA,8.15,9.032055761,9.851736247,NA,NA,NA,NA,NA,715.3488,0.5779024,NA,NA,Violently,TX-215-SW-AR2-2-6-032420,,0,1494,B2ca,80,100,AR2,2,2/27/2021,-98.20307,26.30907954,Hidalgo,NA,2,Ref - Reference,Ref,FOREST,Perennial,Reference,"Native treeline composed of mesquite, hackberry, anacua and others. No major disturbances in over 50 years.",Reference,UTRGV10,UTRGV,Hidalgo,NA,NA,0.7,BC,1.415,0.7,0,20,1,19.81
1495,AR2-3-1,AR2-3,1,TX-AR2-3-REF,76.23762376,15.84158416,7.920792079,,2.304128668,4.048533873,2.79,2.7,0.105,8.049702863,1.041929398,92.4819278,9.3493976,46.0722892,NA,37.060241,NA,8.47,27.34110256,300.0390168,NA,NA,NA,NA,NA,716.7312,7.3189336,NA,NA,Strong,TX-215-SW-AR2-3-1-032420,,0,1495,A1,0,5,AR2,3,2/27/2021,-98.202272,26.30896,Hidalgo,NA,2,Ref - Reference,Ref,FOREST,Perennial,Reference,"Native treeline composed of mesquite, hackberry, anacua and others. No major disturbances in over 50 years.",Reference,UTRGV10,UTRGV,Hidalgo,NA,NA,2.79,A,2.304128668,2.79,0,5,1,32.1425949186
1496,AR2-3-2,AR2-3,2,TX-AR2-3-REF,80.11533108,11.93080135,7.953867568,,1.800549712,4.374065095,2.04,2.6,0.0735,2.539360081,0.868488026,89.9414583,7.3443321,38.6375732,NA,43.959553,NA,8.63,4.621166667,95.47405384,NA,NA,NA,NA,NA,716.5584,4.1638376,NA,NA,Strong,TX-215-SW-AR2-3-2-032420,,0,1496,A1,5,10,AR2,3,2/27/2021,-98.202272,26.30896,Hidalgo,NA,2,Ref - Reference,Ref,FOREST,Perennial,Reference,"Native treeline composed of mesquite, hackberry, anacua and others. No major disturbances in over 50 years.",Reference,UTRGV10,UTRGV,Hidalgo,NA,NA,2.04,A,1.800549712,2.04,0,5,1,18.3656070624
1497,AR2-3-3,AR2-3,3,TX-AR2-3-REF,79.09199522,8.960573477,11.9474313,,2.581218496,4.388962838,0.91,1.46,0.062,3.560528993,0.657000262,88.7198321,7.6075551,15.792235,NA,65.320042,NA,8.27,15.02078949,45.42528287,NA,NA,NA,NA,NA,714.2472,0.8238152,NA,NA,Violently,TX-215-SW-AR2-3-3-032420,,0,1497,A1,10,30,AR2,3,2/27/2021,-98.202272,26.30896,Hidalgo,NA,2,Ref - Reference,Ref,FOREST,Perennial,Reference,"Native treeline composed of mesquite, hackberry, anacua and others. No major disturbances in over 50 years.",Reference,UTRGV10,UTRGV,Hidalgo,NA,NA,0.91,A,2.581218496,0.91,0,20,1,46.9781766272
1498,AR2-3-4,AR2-3,4,TX-AR2-3-REF,75.04491915,10.98023558,13.97484528,,NA,NA,0.43,1.73,0.0365,0.954773869,0.291257654,88.7389725,1.5568241,8.3549559,NA,78.8271925,NA,8.09,8.450394269,16.47483418,NA,NA,NA,NA,NA,715.2408,0.531972,NA,NA,Violently,TX-215-SW-AR2-3-4-032420,,0,1498,A1,30,50,AR2,3,2/27/2021,-98.202272,26.30896,Hidalgo,NA,2,Ref - Reference,Ref,FOREST,Perennial,Reference,"Native treeline composed of mesquite, hackberry, anacua and others. No major disturbances in over 50 years.",Reference,UTRGV10,UTRGV,Hidalgo,NA,NA,0.43,A,1.4649999999999999,0.43,0,20,1,12.598999999999998
1499,AR2-3-5,AR2-3,5,TX-AR2-3-REF,73.07538891,8.974870363,17.94974073,,NA,NA,0.9,2.17,0.0268,1.465386559,0.276577797,79.0646853,1.0926573,10.6643357,NA,67.3076923,NA,8.08,12.10220841,15.60150376,NA,NA,NA,NA,NA,715.8024,0.5004048,NA,NA,Violently,TX-215-SW-AR2-3-5-032420,,0,1499,B2,50,80,AR2,3,2/27/2021,-98.202272,26.30896,Hidalgo,NA,2,Ref - Reference,Ref,FOREST,Perennial,Reference,"Native treeline composed of mesquite, hackberry, anacua and others. No major disturbances in over 50 years.",Reference,UTRGV10,UTRGV,Hidalgo,NA,NA,0.9,B,1.4,0.9,0,30,1,37.8
1500,AR2-3-6,AR2-3,6,TX-AR2-3-REF,70.08376546,12.96370164,16.95253291,,NA,NA,0.73,2.12,0.0214,1.328564129,0.292697628,82.2291854,0.4476276,15.0402865,NA,66.7412713,NA,8.13,8.437057084,37.91455326,NA,NA,NA,NA,NA,715.7592,0.4710552,NA,NA,Very Slight,TX-215-SW-AR2-3-6-032420,,0,1500,B2ca,80,100,AR2,3,2/27/2021,-98.202272,26.30896,Hidalgo,NA,2,Ref - Reference,Ref,FOREST,Perennial,Reference,"Native treeline composed of mesquite, hackberry, anacua and others. No major disturbances in over 50 years.",Reference,UTRGV10,UTRGV,Hidalgo,NA,NA,0.73,BC,1.415,0.73,0,20,1,20.659
1501,AR3-1-1,AR3-1,1,TX-AR3-1-REF,91.04833897,5.96777402,2.98388701,,0.887988889,4.391927219,3.17,3.14,0.197,0.26652452,2.601798428,91.6835699,46.653144,20.6389452,NA,24.3914807,NA,8.25,23.15332734,686.9781506,NA,NA,NA,NA,NA,719.1936,6.9327928,NA,NA,Slight,TX-215-SW-AR3-1-1-032420,,0,1501,A1,0,5,AR3,1,3/18/2021,-97.865571,26.425936,Hidalgo,NA,3,Ref - Reference,Ref,FOREST,Perennial,Reference,"Native treeline composed of mesquite, Texas ebony, and others. Undisturbed in landowner's memory (60+ year). Area catches sand deposited by strong winds.",Reference,UTRGV11,UTRGV,Hidalgo,NA,NA,3.17,A,0.887988889,3.17,0,5,1,14.074623890649999
1502,AR3-1-2,AR3-1,2,TX-AR3-1-REF,89.02633679,6.983240223,3.990422985,,1.305614638,3.322545847,2.16,1.84,0.0628,0.341491178,3.159861876,95.0483991,56.9992554,25.912137,NA,12.1370067,NA,7.89,31.53452059,250.399922,NA,NA,NA,NA,NA,717.9624,2.4523112,NA,NA,Slight,TX-215-SW-AR3-1-2-032420,,0,1502,A1,5,10,AR3,1,3/18/2021,-97.865571,26.425936,Hidalgo,NA,3,Ref - Reference,Ref,FOREST,Perennial,Reference,"Native treeline composed of mesquite, Texas ebony, and others. Undisturbed in landowner's memory (60+ year). Area catches sand deposited by strong winds.",Reference,UTRGV11,UTRGV,Hidalgo,NA,NA,2.16,A,1.305614638,2.16,0,5,1,14.100638090400002
1503,AR3-1-3,AR3-1,3,TX-AR3-1-REF,83.00679728,10.99560176,5.99760096,,1.321639812,3.673816097,3.47,2.46,0.122,0.544069641,0.440168561,77.7777778,4.9242424,8.5858586,NA,64.2676768,NA,7.73,14.19498652,80.3160359,NA,NA,NA,NA,NA,717.8976,3.8671448,NA,NA,Strong,TX-215-SW-AR3-1-3-032420,,0,1503,A1,10,30,AR3,1,3/18/2021,-97.865571,26.425936,Hidalgo,NA,3,Ref - Reference,Ref,FOREST,Perennial,Reference,"Native treeline composed of mesquite, Texas ebony, and others. Undisturbed in landowner's memory (60+ year). Area catches sand deposited by strong winds.",Reference,UTRGV11,UTRGV,Hidalgo,NA,NA,3.47,A,1.321639812,3.47,0,20,1,91.7218029528
1504,AR3-1-4,AR3-1,4,TX-AR3-1-REF,80.12323594,11.92605844,7.950705625,,NA,NA,2.38,2.19,0.0717,0.206504904,0.290653664,79.2401628,2.3744912,5.6987788,NA,71.1668928,NA,8.06,14.90820958,49.3172604,NA,NA,NA,NA,NA,717.6816,3.1275352,NA,NA,Strong,TX-215-SW-AR3-1-4-032420,,0,1504,A1,30,50,AR3,1,3/18/2021,-97.865571,26.425936,Hidalgo,NA,3,Ref - Reference,Ref,FOREST,Perennial,Reference,"Native treeline composed of mesquite, Texas ebony, and others. Undisturbed in landowner's memory (60+ year). Area catches sand deposited by strong winds.",Reference,UTRGV11,UTRGV,Hidalgo,NA,NA,2.38,A,1.4649999999999999,2.38,0,20,1,69.734
1505,AR3-1-5,AR3-1,5,TX-AR3-1-REF,84.12068281,9.924573243,5.954743946,,NA,NA,1.16,1.57,0.0759,0.254971953,0.200397145,77.8184481,0.8784773,4.0995608,NA,72.84041,NA,8.35,10.66644013,27.46781116,NA,NA,NA,NA,NA,716.364,1.0554128,NA,NA,Violently,TX-215-SW-AR3-1-5-032420,,0,1505,B2,50,80,AR3,1,3/18/2021,-97.865571,26.425936,Hidalgo,NA,3,Ref - Reference,Ref,FOREST,Perennial,Reference,"Native treeline composed of mesquite, Texas ebony, and others. Undisturbed in landowner's memory (60+ year). Area catches sand deposited by strong winds.",Reference,UTRGV11,UTRGV,Hidalgo,NA,NA,1.16,B,1.4,1.16,0,30,1,48.72
1506,AR3-1-6,AR3-1,6,TX-AR3-1-REF,85.04188273,4.986039091,9.972078181,,NA,NA,1.11,1.46,0.0563,0.151821862,0.231541891,76.479631,1.614143,3.8431975,NA,71.0222905,NA,8.52,12.3744833,23.57588763,NA,NA,NA,NA,NA,715.8888,0.6867112,NA,NA,Strong,TX-215-SW-AR3-1-6-032420,,0,1506,B2ca,80,100,AR3,1,3/18/2021,-97.865571,26.425936,Hidalgo,NA,3,Ref - Reference,Ref,FOREST,Perennial,Reference,"Native treeline composed of mesquite, Texas ebony, and others. Undisturbed in landowner's memory (60+ year). Area catches sand deposited by strong winds.",Reference,UTRGV11,UTRGV,Hidalgo,NA,NA,1.11,BC,1.415,1.11,0,20,1,31.413000000000004
1507,AR3-2-1,AR3-2,1,TX-AR3-2-REF,90.07542676,6.94720127,2.977371973,,1.842895021,3.228274174,3.45,3,0.249,1.002638522,2.015355982,95.331388,30.8878699,38.3493122,NA,26.0942059,NA,7.99,24.56323567,235.0370659,NA,NA,NA,NA,NA,717.3576,5.0330792,NA,NA,Very Slight,TX-215-SW-AR3-2-1-032420,,0,1507,A1,0,5,AR3,2,3/18/2021,-97.86555,26.42575,Hidalgo,NA,3,Ref - Reference,Ref,FOREST,Perennial,Reference,"Native treeline composed of mesquite, Texas ebony, and others. Undisturbed in landowner's memory (60+ year). Area catches sand deposited by strong winds.",Reference,UTRGV11,UTRGV,Hidalgo,NA,NA,3.45,A,1.842895021,3.45,0,5,1,31.78993911225
1508,AR3-2-2,AR3-2,2,TX-AR3-2-REF,89.14116486,6.910167818,3.948667325,,1.342035488,3.465139025,1.91,1.96,0.0639,3.53713997,2.88461564,101.268116,49.5772947,33.6352657,NA,18.0555556,NA,7.66,18.99554495,90.89933671,NA,NA,NA,NA,NA,716.904,3.2334168,NA,NA,Very Slight,TX-215-SW-AR3-2-2-032420,,0,1508,A1,5,10,AR3,2,3/18/2021,-97.86555,26.42575,Hidalgo,NA,3,Ref - Reference,Ref,FOREST,Perennial,Reference,"Native treeline composed of mesquite, Texas ebony, and others. Undisturbed in landowner's memory (60+ year). Area catches sand deposited by strong winds.",Reference,UTRGV11,UTRGV,Hidalgo,NA,NA,1.91,A,1.342035488,1.91,0,5,1,12.8164389104
1509,AR3-2-3,AR3-2,3,TX-AR3-2-REF,92.08860759,3.955696203,3.955696203,,1.677204433,3.654318233,1.4,1.43,0.0244,1.360887097,0.251579065,91.8708241,1.8374165,2.3942094,NA,87.6391982,NA,7.5,20.0152557,102.9847835,NA,NA,NA,NA,NA,716.4072,2.2140224,NA,NA,None,TX-215-SW-AR3-2-3-032420,,0,1509,A1,10,30,AR3,2,3/18/2021,-97.86555,26.42575,Hidalgo,NA,3,Ref - Reference,Ref,FOREST,Perennial,Reference,"Native treeline composed of mesquite, Texas ebony, and others. Undisturbed in landowner's memory (60+ year). Area catches sand deposited by strong winds.",Reference,UTRGV11,UTRGV,Hidalgo,NA,NA,1.4,A,1.677204433,1.4,0,20,1,46.96172412399999
1510,AR3-2-4,AR3-2,4,TX-AR3-2-REF,84.23955871,7.880220646,7.880220646,,NA,NA,1.03,1.39,0.00428,0.301204819,0.176649546,91.4869466,0.3972758,1.9296254,NA,89.1600454,NA,8.03,5.256557825,50.18796992,NA,NA,NA,NA,NA,717.3792,0.8876184,NA,NA,Very Slight,TX-215-SW-AR3-2-4-032420,,0,1510,A1,30,50,AR3,2,3/18/2021,-97.86555,26.42575,Hidalgo,NA,3,Ref - Reference,Ref,FOREST,Perennial,Reference,"Native treeline composed of mesquite, Texas ebony, and others. Undisturbed in landowner's memory (60+ year). Area catches sand deposited by strong winds.",Reference,UTRGV11,UTRGV,Hidalgo,NA,NA,1.03,A,1.4649999999999999,1.03,0,20,1,30.178999999999995
1511,AR3-2-5,AR3-2,5,TX-AR3-2-REF,84.07643312,7.961783439,7.961783439,,NA,NA,0.43,1.34,0.0588,0.200702459,0.159448276,83.8690824,0.2337814,2.1624781,NA,81.4728229,NA,8.19,11.13581338,24.39523995,NA,NA,NA,NA,NA,715.6728,0.7226888,NA,NA,Strong,TX-215-SW-AR3-2-5-032420,,0,1511,B2,50,80,AR3,2,3/18/2021,-97.86555,26.42575,Hidalgo,NA,3,Ref - Reference,Ref,FOREST,Perennial,Reference,"Native treeline composed of mesquite, Texas ebony, and others. Undisturbed in landowner's memory (60+ year). Area catches sand deposited by strong winds.",Reference,UTRGV11,UTRGV,Hidalgo,NA,NA,0.43,B,1.4,0.43,0,30,1,18.06
1512,AR3-2-6,AR3-2,6,TX-AR3-2-REF,82.10379797,4.97116723,12.9250348,,NA,NA,0.62,1.98,0.0358,0.15060241,0.146784539,74.9242096,0.1732352,2.5552187,NA,72.1957557,NA,8.09,6.028031073,14.42645337,NA,NA,NA,NA,NA,715.8024,0.6089744,NA,NA,Violently,TX-215-SW-AR3-2-6-032420,,0,1512,B2ca,80,100,AR3,2,3/18/2021,-97.86555,26.42575,Hidalgo,NA,3,Ref - Reference,Ref,FOREST,Perennial,Reference,"Native treeline composed of mesquite, Texas ebony, and others. Undisturbed in landowner's memory (60+ year). Area catches sand deposited by strong winds.",Reference,UTRGV11,UTRGV,Hidalgo,NA,NA,0.62,BC,1.415,0.62,0,20,1,17.546
1513,AR3-3-1,AR3-3,1,TX-AR3-3-REF,75.17378352,14.89572989,9.930486594,,1.156531958,5.813493633,8.83,4.96,0.367,8.11287478,2.656668836,93.5279634,45.585649,31.3049595,NA,16.6373549,NA,7.38,22.65052796,598.8294967,NA,NA,NA,NA,NA,718.2432,10.8503048,NA,NA,None,TX-215-SW-AR3-3-1-032420,,0,1513,A1,0,5,AR3,3,3/18/2021,-97.863987,26.425912,Hidalgo,NA,3,Ref - Reference,Ref,FOREST,Perennial,Reference,"Native treeline composed of mesquite, Texas ebony, and others. Undisturbed in landowner's memory (60+ year). Area catches sand deposited by strong winds.",Reference,UTRGV11,UTRGV,Hidalgo,NA,NA,8.83,A,1.156531958,8.83,0,5,1,51.0608859457
1514,AR3-3-2,AR3-3,2,TX-AR3-3-REF,70.05390297,9.982032342,19.96406468,,1.545021027,4.197530864,2.93,2.2,0.0913,0.215053763,0.546723609,84.8153926,4.9401976,18.3567343,NA,61.5184607,NA,7.94,11.53863466,105.5793991,NA,NA,NA,NA,NA,714.96,3.1873664,NA,NA,None,TX-215-SW-AR3-3-2-032420,,0,1514,A1,5,10,AR3,3,3/18/2021,-97.863987,26.425912,Hidalgo,NA,3,Ref - Reference,Ref,FOREST,Perennial,Reference,"Native treeline composed of mesquite, Texas ebony, and others. Undisturbed in landowner's memory (60+ year). Area catches sand deposited by strong winds.",Reference,UTRGV11,UTRGV,Hidalgo,NA,NA,2.93,A,1.545021027,2.93,0,5,1,22.63455804555
1515,AR3-3-3,AR3-3,3,TX-AR3-3-REF,74.52978056,11.75548589,13.71473354,,1.302409603,4.077253219,2.58,1.91,0.056,6.401384083,0.52976352,103.877551,3.2653061,21.9897959,NA,78.622449,NA,8.1,6.85094823,62.8365197,NA,NA,NA,NA,NA,716.688,2.0406952,NA,NA,None,TX-215-SW-AR3-3-3-032420,,0,1515,A1,10,30,AR3,3,3/18/2021,-97.863987,26.425912,Hidalgo,NA,3,Ref - Reference,Ref,FOREST,Perennial,Reference,"Native treeline composed of mesquite, Texas ebony, and others. Undisturbed in landowner's memory (60+ year). Area catches sand deposited by strong winds.",Reference,UTRGV11,UTRGV,Hidalgo,NA,NA,2.58,A,1.302409603,2.58,0,20,1,67.20433551480001
1516,AR3-3-4,AR3-3,4,TX-AR3-3-REF,72.05030944,9.982032342,17.96765822,,NA,NA,1.45,1.4,0.084,1.672579828,0.213219404,79.3502448,0.7565643,5.7854918,NA,72.8081887,NA,8.1,12.63344548,26.716738200000002,NA,NA,NA,NA,NA,719.5608,1.0307368,NA,NA,None,TX-215-SW-AR3-3-4-032420,,0,1516,A1,30,50,AR3,3,3/18/2021,-97.863987,26.425912,Hidalgo,NA,3,Ref - Reference,Ref,FOREST,Perennial,Reference,"Native treeline composed of mesquite, Texas ebony, and others. Undisturbed in landowner's memory (60+ year). Area catches sand deposited by strong winds.",Reference,UTRGV11,UTRGV,Hidalgo,NA,NA,1.45,A,1.4649999999999999,1.45,0,20,1,42.48499999999999
1517,AR3-3-5,AR3-3,5,TX-AR3-3-REF,72.04472843,9.984025559,17.97124601,,NA,NA,0.57,0.893,0.036,1.502504174,0.209943767,78.7267905,1.1671088,3.5013263,NA,74.0583554,NA,8.13,11.55998752,13.67538041,NA,NA,NA,NA,NA,714.5496,0.5087424,NA,NA,None,TX-215-SW-AR3-3-5-032420,,0,1517,B2,50,80,AR3,3,3/18/2021,-97.863987,26.425912,Hidalgo,NA,3,Ref - Reference,Ref,FOREST,Perennial,Reference,"Native treeline composed of mesquite, Texas ebony, and others. Undisturbed in landowner's memory (60+ year). Area catches sand deposited by strong winds.",Reference,UTRGV11,UTRGV,Hidalgo,NA,NA,0.57,B,1.4,0.57,0,30,1,23.939999999999998
1518,AR3-3-6,AR3-3,6,TX-AR3-3-REF,72.16699801,7.952286282,19.88071571,,NA,NA,0.22,0.851,0.0225,0.759878419,0.194049975,82.0984584,0.198906,6.1660865,NA,75.7334659,NA,8.06,7.782581967,9.032383925,NA,NA,NA,NA,NA,714.3768,0.3978656,NA,NA,Strong,TX-215-SW-AR3-3-6-032420,,0,1518,B2ca,80,100,AR3,3,3/18/2021,-97.863987,26.425912,Hidalgo,NA,3,Ref - Reference,Ref,FOREST,Perennial,Reference,"Native treeline composed of mesquite, Texas ebony, and others. Undisturbed in landowner's memory (60+ year). Area catches sand deposited by strong winds.",Reference,UTRGV11,UTRGV,Hidalgo,NA,NA,0.22,BC,1.415,0.22,0,20,1,6.226000000000001
1321,AX1-1-1,AX1-1,1,TX-AX1-1-CON,78.02197802,11.98801199,9.99000999,,1.468682925,2.727389682,1.45,1.1,0.0458,0.831946755,0.315132982,68.3199007,1.115933,16.1810291,NA,51.0229386,NA,7.85,8.148505188,179.5143639,NA,NA,NA,NA,NA,714.204,1.388868,NA,NA,None,TX-215-SW-AX1-1-1-120420,,0,1321,Ap,0,5,AX1,1,12/4/2020,-97.86129,26.37183,Hidalgo,NA,8,BAU - Conventional Till,BAU,CROP,Till,Conventional Till,"Conventional tillage with a sorghum, sesame, cotton rotation",AG-CROP,UTRGV1,UTRGV,Hidalgo,NA,NA,1.45,A,1.468682925,1.45,0,5,1,10.64795120625
1322,AX1-1-2,AX1-1,2,TX-AX1-1-CON,78.39324298,10.80337851,10.80337851,,1.657294368,2.741521801,1.3,1.09,0.0399,0,0.167537582,60.1960785,0.0653595,7.5163399,NA,52.6143791,NA,8.02,11.45908142,143.6046512,NA,NA,NA,NA,NA,708.9768,1.773404,NA,NA,Very Slightly,TX-215-SW-AX1-1-2-120420,,0,1322,Ap,5,10,AX1,1,12/4/2020,-97.86129,26.37183,Hidalgo,NA,8,BAU - Conventional Till,BAU,CROP,Till,Conventional Till,"Conventional tillage with a sorghum, sesame, cotton rotation",AG-CROP,UTRGV1,UTRGV,Hidalgo,NA,NA,1.3,A,1.657294368,1.3,0,5,1,10.772413392
1323,AX1-1-3,AX1-1,3,TX-AX1-1-CON,78.03952885,7.985625873,13.97484528,,1.32280528,2.880775813,1.21,0.987,0.0273,0.1001001,0.173540731,81.5907633,0.1282874,4.4900577,NA,76.9724182,NA,8.14,7.50139214,44.67420991,NA,NA,NA,NA,NA,711.0936,1.0231192,NA,NA,Very Slightly,TX-215-SW-AX1-1-3-120420,,0,1323,Ap,10,30,AX1,1,12/4/2020,-97.86129,26.37183,Hidalgo,NA,8,BAU - Conventional Till,BAU,CROP,Till,Conventional Till,"Conventional tillage with a sorghum, sesame, cotton rotation",AG-CROP,UTRGV1,UTRGV,Hidalgo,NA,NA,1.21,A,1.32280528,1.21,0,20,1,32.011887776
1324,AX1-1-4,AX1-1,4,TX-AX1-1-CON,74.14478918,11.93317422,13.9220366,,NA,NA,1.29,0.885,0.0209,0.04995005,0.17198617,74.5039086,0.0601323,5.7726999,NA,68.6710764,NA,8.46,7.839603658,25.28287163,NA,NA,NA,NA,NA,713.0376,0.804732,NA,NA,Very Slightly,TX-215-SW-AX1-1-4-120420,,0,1324,A1,30,50,AX1,1,12/4/2020,-97.86129,26.37183,Hidalgo,NA,8,BAU - Conventional Till,BAU,CROP,Till,Conventional Till,"Conventional tillage with a sorghum, sesame, cotton rotation",AG-CROP,UTRGV1,UTRGV,Hidalgo,NA,NA,1.29,A,1.4649999999999999,1.29,0,20,1,37.797
1325,AX1-1-5,AX1-1,5,TX-AX1-1-CON,78.02197802,7.992007992,13.98601399,,NA,NA,1.05,0.739,0.00872,0.0499002,0.134737615,39.343318,0.0576037,7.4308756,NA,31.8548387,NA,8.42,7.230428442,24.80491611,NA,NA,NA,NA,NA,712.3464,0.8431544,NA,NA,Very Slightly,TX-215-SW-AX1-1-5-120420,,0,1325,B2,50,80,AX1,1,12/4/2020,-97.86129,26.37183,Hidalgo,NA,8,BAU - Conventional Till,BAU,CROP,Till,Conventional Till,"Conventional tillage with a sorghum, sesame, cotton rotation",AG-CROP,UTRGV1,UTRGV,Hidalgo,NA,NA,1.05,B,1.4,1.05,0,30,1,44.1
1326,AX1-1-6,AX1-1,6,TX-AX1-1-CON,77.26374061,6.919731119,15.81652827,,NA,NA,1.01,0.669,0.00229,0.049925112,0.121625214,36.9925672,0.5145798,4.1738136,NA,32.3041738,NA,8.49,4.265918117,27.49658003,NA,NA,NA,NA,NA,711.6984,0.8388496,NA,NA,None,TX-215-SW-AX1-1-6-120420,,0,1326,B2ca,80,100,AX1,1,12/4/2020,-97.86129,26.37183,Hidalgo,NA,8,BAU - Conventional Till,BAU,CROP,Till,Conventional Till,"Conventional tillage with a sorghum, sesame, cotton rotation",AG-CROP,UTRGV1,UTRGV,Hidalgo,NA,NA,1.01,BC,1.415,1.01,0,20,1,28.583000000000002
1327,AX1-2-1,AX1-2,1,TX-AX1-2-CON,72.15592681,15.91089897,11.93317422,,1.576974253,3.757927805,1.87,1.24,0.0538,1.259445844,0.23394337,43.1807456,0.4247286,15.1958471,NA,27.560169900000002,NA,7.74,20.33027028,142.9282091,NA,NA,NA,NA,NA,715.0896,1.5022416,NA,NA,None,TX-215-SW-AX1-2-1-113020,,0,1327,Ap,0,5,AX1,2,11/30/2020,-97.861285,26.376803,Hidalgo,NA,8,BAU - Conventional Till,BAU,CROP,Till,Conventional Till,"Conventional tillage with a sorghum, sesame, cotton rotation",AG-CROP,UTRGV1,UTRGV,Hidalgo,NA,NA,1.87,A,1.576974253,1.87,0,5,1,14.74470926555
1328,AX1-2-2,AX1-2,2,TX-AX1-2-CON,80.06776958,6.976280646,12.95594977,,1.945553257,3.854091673,1.83,1.18,0.0453,0.703517588,0.13207221,38.0410023,0.3644647,5.8314351,NA,31.8451025,NA,7.53,7.686392815,90.21654311,NA,NA,NA,NA,NA,715.1112,1.6073512,NA,NA,None,TX-215-SW-AX1-2-2-113020,,0,1328,Ap,5,10,AX1,2,11/30/2020,-97.861285,26.376803,Hidalgo,NA,8,BAU - Conventional Till,BAU,CROP,Till,Conventional Till,"Conventional tillage with a sorghum, sesame, cotton rotation",AG-CROP,UTRGV1,UTRGV,Hidalgo,NA,NA,1.83,A,1.945553257,1.83,0,5,1,17.80181230155
1329,AX1-2-3,AX1-2,3,TX-AX1-2-CON,76.28458498,13.83399209,9.881422925,,1.960898575,4.108287818,1.84,1.19,0.0531,0.099800399,0.272133864,49.9545454,0.0909091,19.7272727,NA,30.1363636,NA,7.79,7.105499575,49.72688256,NA,NA,NA,NA,NA,714.4848,1.4968632,NA,NA,None,TX-215-SW-AX1-2-3-113020,,0,1329,Ap,10,30,AX1,2,11/30/2020,-97.861285,26.376803,Hidalgo,NA,8,BAU - Conventional Till,BAU,CROP,Till,Conventional Till,"Conventional tillage with a sorghum, sesame, cotton rotation",AG-CROP,UTRGV1,UTRGV,Hidalgo,NA,NA,1.84,A,1.960898575,1.84,0,20,1,72.16106756
1330,AX1-2-4,AX1-2,4,TX-AX1-2-CON,70.32053819,17.80767709,11.87178472,,NA,NA,1.67,1.22,0.0332,0.166666667,0.321995002,50.9343763,0.6953498,21.6862234,NA,28.5528031,NA,8.19,4.368431084,21.93718299,NA,NA,NA,NA,NA,714.8736,0.6470744,NA,NA,Strong,TX-215-SW-AX1-2-4-113020,,0,1330,A1,30,50,AX1,2,11/30/2020,-97.861285,26.376803,Hidalgo,NA,8,BAU - Conventional Till,BAU,CROP,Till,Conventional Till,"Conventional tillage with a sorghum, sesame, cotton rotation",AG-CROP,UTRGV1,UTRGV,Hidalgo,NA,NA,1.67,A,1.4649999999999999,1.67,0,20,1,48.931
1331,AX1-2-5,AX1-2,5,TX-AX1-2-CON,72.03355973,12.9844187,14.98202157,,NA,NA,1.56,2.16,0.0274,1.369168357,0.421560765,74.0040241,0.2012072,30.7847082,NA,43.0181087,NA,8.32,8.415053437,21.66406555,NA,NA,NA,NA,NA,713.4912,0.7824808,NA,NA,Violently,TX-215-SW-AX1-2-5-113020,,0,1331,B2,50,80,AX1,2,11/30/2020,-97.861285,26.376803,Hidalgo,NA,8,BAU - Conventional Till,BAU,CROP,Till,Conventional Till,"Conventional tillage with a sorghum, sesame, cotton rotation",AG-CROP,UTRGV1,UTRGV,Hidalgo,NA,NA,1.56,B,1.4,1.56,0,30,1,65.52
1332,AX1-2-6,AX1-2,6,TX-AX1-2-CON,72.43009059,15.75423395,11.81567546,,NA,NA,1.45,2.65,0.0193,0.332225914,0.745686703,83.6429872,1.2750455,57.2313297,NA,25.136612,NA,8.45,7.634435584,12.18611003,NA,NA,NA,NA,NA,712.9296,0.7132464,NA,NA,Violently,TX-215-SW-AX1-2-6-113020,,0,1332,B2ca,80,100,AX1,2,11/30/2020,-97.861285,26.376803,Hidalgo,NA,8,BAU - Conventional Till,BAU,CROP,Till,Conventional Till,"Conventional tillage with a sorghum, sesame, cotton rotation",AG-CROP,UTRGV1,UTRGV,Hidalgo,NA,NA,1.45,BC,1.415,1.45,0,20,1,41.035000000000004
1333,AX1-3-1,AX1-3,1,TX-AX1-3-CON,72.07261121,23.93776182,3.98962697,,1.462175733,3.127211891,1.92,1.25,0.0517,1.109430156,0.699255329,80.5506217,6.1722913,28.5523979,NA,45.8259325,NA,8.62,7.466181392,127.0873976,NA,NA,NA,NA,NA,713.5128,1.5213216,NA,NA,None,TX-215-SW-AX1-3-1-113020,,0,1333,Ap,0,5,AX1,3,11/30/2020,-97.861396,26.381147,Hidalgo,NA,8,BAU - Conventional Till,BAU,CROP,Till,Conventional Till,"Conventional tillage with a sorghum, sesame, cotton rotation",AG-CROP,UTRGV1,UTRGV,Hidalgo,NA,NA,1.92,A,1.462175733,1.92,0,5,1,14.0368870368
1334,AX1-3-2,AX1-3,2,TX-AX1-3-CON,72.02238209,21.98241407,5.995203837,,1.793459787,3.091052217,1.65,1.18,0.0435,0.100300903,0.368302839,81.3429472,0.9013069,20.6849932,NA,59.7566471,NA,8.72,12.03658104,45.22044479,NA,NA,NA,NA,NA,714.7656,1.2351696,NA,NA,None,TX-215-SW-AX1-3-2-113020,,0,1334,Ap,5,10,AX1,3,11/30/2020,-97.861396,26.381147,Hidalgo,NA,8,BAU - Conventional Till,BAU,CROP,Till,Conventional Till,"Conventional tillage with a sorghum, sesame, cotton rotation",AG-CROP,UTRGV1,UTRGV,Hidalgo,NA,NA,1.65,A,1.793459787,1.65,0,5,1,14.796043242749999
1335,AX1-3-3,AX1-3,3,TX-AX1-3-CON,72.27722772,22.77227723,4.95049505,,1.6303915,3.683515979,1.42,1.22,0.0331,0.500500501,0.277368471,78.1647058,0.0941176,15.8588235,NA,62.2117647,NA,8.69,12.02792322,29.24307452,NA,NA,NA,NA,NA,714.1608,1.062684,NA,NA,Strong,TX-215-SW-AX1-3-3-113020,,0,1335,Ap,10,30,AX1,3,11/30/2020,-97.861396,26.381147,Hidalgo,NA,8,BAU - Conventional Till,BAU,CROP,Till,Conventional Till,"Conventional tillage with a sorghum, sesame, cotton rotation",AG-CROP,UTRGV1,UTRGV,Hidalgo,NA,NA,1.42,A,1.6303915,1.42,0,20,1,46.3031186
1336,AX1-3-4,AX1-3,4,TX-AX1-3-CON,72.45179063,19.6772924,7.870916962,,NA,NA,1.21,1.41,0.0238,0.300150075,0.295308111,80.8605341,0.1978239,16.7655786,NA,63.8971316,NA,8.75,12.98107476,73.7004104,NA,NA,NA,NA,NA,712.9296,0.7012208,NA,NA,Violently,TX-215-SW-AX1-3-4-113020,,0,1336,A1,30,50,AX1,3,11/30/2020,-97.861396,26.381147,Hidalgo,NA,8,BAU - Conventional Till,BAU,CROP,Till,Conventional Till,"Conventional tillage with a sorghum, sesame, cotton rotation",AG-CROP,UTRGV1,UTRGV,Hidalgo,NA,NA,1.21,A,1.4649999999999999,1.21,0,20,1,35.452999999999996
1337,AX1-3-5,AX1-3,5,TX-AX1-3-CON,70.84548105,13.60544218,15.54907677,,NA,NA,2.13,1.77,0.027,0.200702459,0.351882378,80.3119731,0.1686341,22.8077572,NA,57.3355818,NA,8.74,5.873255971,21.93718299,NA,NA,NA,NA,NA,712.9728,0.7979016,NA,NA,Violently,TX-215-SW-AX1-3-5-113020,,0,1337,B2,50,80,AX1,3,11/30/2020,-97.861396,26.381147,Hidalgo,NA,8,BAU - Conventional Till,BAU,CROP,Till,Conventional Till,"Conventional tillage with a sorghum, sesame, cotton rotation",AG-CROP,UTRGV1,UTRGV,Hidalgo,NA,NA,2.13,B,1.4,2.13,0,30,1,89.46
1338,AX1-3-6,AX1-3,6,TX-AX1-3-CON,71.25335378,13.41510157,15.33154465,,NA,NA,1.21,1.79,0.0234,0.958627649,0.430979907,84.9830795,0.1692047,30.2030457,NA,54.6108291,NA,8.75,7.374202128,22.14202107,NA,NA,NA,NA,NA,713.9448,0.4674848,NA,NA,Violently,TX-215-SW-AX1-3-6-113020,,0,1338,B2ca,80,100,AX1,3,11/30/2020,-97.861396,26.381147,Hidalgo,NA,8,BAU - Conventional Till,BAU,CROP,Till,Conventional Till,"Conventional tillage with a sorghum, sesame, cotton rotation",AG-CROP,UTRGV1,UTRGV,Hidalgo,NA,NA,1.21,BC,1.415,1.21,0,20,1,34.243
1339,AX2-1-1,AX2-1,1,TX-AX2-1-CON,79.98398719,12.00960769,8.006405124,,1.856880627,2.707241362,1.35,1.16,0.0402,2.483527623,0.460401149,78.6577993,0.7255139,31.4389359,NA,46.4933495,NA,7.81,13.38230061,99.02458057,NA,NA,NA,NA,NA,714.4416,1.5939984,NA,NA,None,TX-215-SW-AX2-1-1-120420,,0,1339,Ap,0,5,AX2,1,12/4/2020,-97.860439,26.372257,Hidalgo,NA,9,BAU - Conventional Till,BAU,CROP,Till,Conventional Till,"Conventional tillage with a cotton, sorghum rotation",AG-CROP,UTRGV2,UTRGV,Hidalgo,NA,NA,1.35,A,1.856880627,1.35,0,5,1,12.53394423225
1340,AX2-1-2,AX2-1,2,TX-AX2-1-CON,79.81545559,8.650519031,11.53402537,,0.680341482,3.044982699,1.25,1.13,0.0339,0.166666667,0.35930983,76.4774722,1.87244,15.6816852,NA,58.923347,NA,7.91,7.593246273,82.3644167,NA,NA,NA,NA,NA,714.4416,0.879268,NA,NA,None,TX-215-SW-AX2-1-2-120420,,0,1340,Ap,5,10,AX2,1,12/4/2020,-97.860439,26.372257,Hidalgo,NA,9,BAU - Conventional Till,BAU,CROP,Till,Conventional Till,"Conventional tillage with a cotton, sorghum rotation",AG-CROP,UTRGV2,UTRGV,Hidalgo,NA,NA,1.25,A,0.680341482,1.25,0,5,1,4.2521342625
1341,AX2-1-3,AX2-1,3,TX-AX2-1-CON,77.15534366,6.952721494,15.89193484,,1.59571885,2.619724988,1.24,1.09,0.0295,0.4002001,0.245478237,75.7024793,0.4407713,11.2396694,NA,64.0220386,NA,7.82,5.470522851,59.21771362,NA,NA,NA,NA,NA,714.636,0.6394896,NA,NA,None,TX-215-SW-AX2-1-3-120420,,0,1341,Ap,10,30,AX2,1,12/4/2020,-97.860439,26.372257,Hidalgo,NA,9,BAU - Conventional Till,BAU,CROP,Till,Conventional Till,"Conventional tillage with a cotton, sorghum rotation",AG-CROP,UTRGV2,UTRGV,Hidalgo,NA,NA,1.24,A,1.59571885,1.24,0,20,1,39.57382748
1342,AX2-1-4,AX2-1,4,TX-AX2-1-CON,76.18575114,6.945822584,16.86842628,,NA,NA,1.16,0.996,0.0234,1.004520342,0.478534583,75.3959873,0.5807814,34.530095,NA,40.2851109,NA,7.81,6.594847498,28.96995108,NA,NA,NA,NA,NA,713.2536,0.6346456,NA,NA,Very Slightly,TX-215-SW-AX2-1-4-120420,,0,1342,A1,30,50,AX2,1,12/4/2020,-97.860439,26.372257,Hidalgo,NA,9,BAU - Conventional Till,BAU,CROP,Till,Conventional Till,"Conventional tillage with a cotton, sorghum rotation",AG-CROP,UTRGV2,UTRGV,Hidalgo,NA,NA,1.16,A,1.4649999999999999,1.16,0,20,1,33.988
1343,AX2-1-5,AX2-1,5,TX-AX2-1-CON,75.29644269,8.893280632,15.81027668,,NA,NA,1.05,0.937,0.0209,0.100401606,0.294536885,74.0983607,0.9836066,13.8251366,NA,59.2896175,NA,7.92,10.3078422,29.37963324,NA,NA,NA,NA,NA,713.3616,0.5242216,NA,NA,Slight,TX-215-SW-AX2-1-5-120420,,0,1343,B2,50,80,AX2,1,12/4/2020,-97.860439,26.372257,Hidalgo,NA,9,BAU - Conventional Till,BAU,CROP,Till,Conventional Till,"Conventional tillage with a cotton, sorghum rotation",AG-CROP,UTRGV2,UTRGV,Hidalgo,NA,NA,1.05,B,1.4,1.05,0,30,1,44.1
1344,AX2-1-6,AX2-1,6,TX-AX2-1-CON,77.10531555,7.963368505,14.93131595,,NA,NA,0.71,0.696,0.00158,0.049925112,0.424349866,69.0616622,1.3404826,26.1662198,NA,41.5549598,NA,8.03,8.543778741,31.56457277,NA,NA,NA,NA,NA,711.6768,0.3951776,NA,NA,Slight,TX-215-SW-AX2-1-6-120420,,0,1344,B2ca,80,100,AX2,1,12/4/2020,-97.860439,26.372257,Hidalgo,NA,9,BAU - Conventional Till,BAU,CROP,Till,Conventional Till,"Conventional tillage with a cotton, sorghum rotation",AG-CROP,UTRGV2,UTRGV,Hidalgo,NA,NA,0.71,BC,1.415,0.71,0,20,1,20.093
1345,AX2-2-1,AX2-2,1,TX-AX2-2-CON,80.07968127,12.94820717,6.972111554,,1.208201004,2.948978,0.94,0.952,0.0457,1.694915254,0.109355747,32.994527,0,6.0985145,NA,26.8960125,NA,8.32,13.95522785,143.3378853,NA,NA,NA,NA,NA,712.1736,0.7975368,NA,NA,Very Slightly,TX-215-SW-AX2-2-1-120420,,0,1345,Ap,0,5,AX2,2,12/4/2020,-97.854799,26.372359,Hidalgo,NA,9,BAU - Conventional Till,BAU,CROP,Till,Conventional Till,"Conventional tillage with a cotton, sorghum rotation",AG-CROP,UTRGV2,UTRGV,Hidalgo,NA,NA,0.94,A,1.208201004,0.94,0,5,1,5.6785447188
1346,AX2-2-2,AX2-2,2,TX-AX2-2-CON,77.37556561,13.77139485,8.853039544,,1.751308723,2.876225358,0.99,0.95,0.0452,0.200904068,0.132923617,29.228371,0.7014809,5.6118472,NA,22.9150429,NA,8.28,6.14606422,74.10261412,NA,NA,NA,NA,NA,713.016,0.7751448,NA,NA,None,TX-215-SW-AX2-2-2-120420,,0,1346,Ap,5,10,AX2,2,12/4/2020,-97.854799,26.372359,Hidalgo,NA,9,BAU - Conventional Till,BAU,CROP,Till,Conventional Till,"Conventional tillage with a cotton, sorghum rotation",AG-CROP,UTRGV2,UTRGV,Hidalgo,NA,NA,0.99,A,1.751308723,0.99,0,5,1,8.66897817885
1347,AX2-2-3,AX2-2,3,TX-AX2-2-CON,74.0674247,13.96369439,11.96888091,,1.614366326,2.378575204,1.25,0.917,0.0188,0.150300601,0.067651342,14.0939598,0.4697987,2.4161074,NA,11.2080537,NA,7.9,5.171316331,61.67577058,NA,NA,NA,NA,NA,714.1176,0.5674176,NA,NA,Very Slightly,TX-215-SW-AX2-2-3-120420,,0,1347,Ap,10,30,AX2,2,12/4/2020,-97.854799,26.372359,Hidalgo,NA,9,BAU - Conventional Till,BAU,CROP,Till,Conventional Till,"Conventional tillage with a cotton, sorghum rotation",AG-CROP,UTRGV2,UTRGV,Hidalgo,NA,NA,1.25,A,1.614366326,1.25,0,20,1,40.35915815
1348,AX2-2-4,AX2-2,4,TX-AX2-2-CON,78.54495807,7.801833431,13.6532085,,NA,NA,0.98,0.824,0.00943,0.099850225,0.082006193,13.6779752,0.2692515,4.9542272,NA,8.4544965,NA,8.5,12.38261628,20.57159579,NA,NA,NA,NA,NA,711.4176,0.3825344,NA,NA,Slight,TX-215-SW-AX2-2-4-120420,,0,1348,A1,30,50,AX2,2,12/4/2020,-97.854799,26.372359,Hidalgo,NA,9,BAU - Conventional Till,BAU,CROP,Till,Conventional Till,"Conventional tillage with a cotton, sorghum rotation",AG-CROP,UTRGV2,UTRGV,Hidalgo,NA,NA,0.98,A,1.4649999999999999,0.98,0,20,1,28.713999999999995
1349,AX2-2-5,AX2-2,5,TX-AX2-2-CON,84.01598402,5.994005994,9.99000999,,NA,NA,0.93,0.926,0.00159,0.150829563,0.381882938,74.2180095,0,27.6777251,NA,46.5402844,NA,8.58,5.004963838,20.09364027,NA,NA,NA,NA,NA,713.34,0.3454848,NA,NA,Strong,TX-215-SW-AX2-2-5-120420,,0,1349,B2,50,80,AX2,2,12/4/2020,-97.854799,26.372359,Hidalgo,NA,9,BAU - Conventional Till,BAU,CROP,Till,Conventional Till,"Conventional tillage with a cotton, sorghum rotation",AG-CROP,UTRGV2,UTRGV,Hidalgo,NA,NA,0.93,B,1.4,0.93,0,30,1,39.06
1350,AX2-2-6,AX2-2,6,TX-AX2-2-CON,90.06556726,2.980329823,6.954102921,,NA,NA,0.82,0.174,0.0187,0.40302267,1.112310944,84.8281311,10.5887001,48.3208218,NA,25.9186092,NA,8.7,7.070573787,17.08934842,NA,NA,NA,NA,NA,713.4048,0.3149896,NA,NA,Violently,TX-215-SW-AX2-2-6-120420,,0,1350,B2ca,80,100,AX2,2,12/4/2020,-97.854799,26.372359,Hidalgo,NA,9,BAU - Conventional Till,BAU,CROP,Till,Conventional Till,"Conventional tillage with a cotton, sorghum rotation",AG-CROP,UTRGV2,UTRGV,Hidalgo,NA,NA,0.82,BC,1.415,0.82,0,20,1,23.205999999999996
1351,AX2-3-1,AX2-3,1,TX-AX2-3-CON,64.29279905,27.77226741,7.934933545,,1.413614599,3.704928879,1.92,1.82,0.076,2.384576357,0.796172354,78.9038263,4.6880386,46.1564978,NA,28.0592899,NA,8.25,14.53971142,209.1591885,NA,NA,NA,NA,NA,715.3704,1.0740344,NA,NA,Strong,TX-215-SW-AX2-3-1-120720,,0,1351,Ap,0,5,AX2,3,12/7/2020,-97.841816,26.372348,Hidalgo,NA,9,BAU - Conventional Till,BAU,CROP,Till,Conventional Till,"Conventional tillage with a cotton, sorghum rotation",AG-CROP,UTRGV2,UTRGV,Hidalgo,NA,NA,1.92,A,1.413614599,1.92,0,5,1,13.570700150399999
1352,AX2-3-2,AX2-3,2,TX-AX2-3-CON,62.53204496,23.6639716,13.80398344,,1.777628857,3.653208401,1.77,1.68,0.0636,1.52027027,0.546505803,77.3667029,0.3989844,42.1109902,NA,34.8567283,NA,8.46,7.825981309,97.52243465,NA,NA,NA,NA,NA,713.1456,0.9066824,NA,NA,Violently,TX-215-SW-AX2-3-2-120720,,0,1352,Ap,5,10,AX2,3,12/7/2020,-97.841816,26.372348,Hidalgo,NA,9,BAU - Conventional Till,BAU,CROP,Till,Conventional Till,"Conventional tillage with a cotton, sorghum rotation",AG-CROP,UTRGV2,UTRGV,Hidalgo,NA,NA,1.77,A,1.777628857,1.77,0,5,1,15.73201538445
1353,AX2-3-3,AX2-3,3,TX-AX2-3-CON,62.09098164,26.93535515,10.97366321,,1.650981421,4.575053329,1.65,1.92,0.0496,1.368474404,0.347720328,108.3754208,0.1262626,18.2239057,NA,90.0252525,NA,8.65,11.14616197,45.97151775,NA,NA,NA,NA,NA,712.3896,0.4414144,NA,NA,Violently,TX-215-SW-AX2-3-3-120720,,0,1353,Ap,10,30,AX2,3,12/7/2020,-97.841816,26.372348,Hidalgo,NA,9,BAU - Conventional Till,BAU,CROP,Till,Conventional Till,"Conventional tillage with a cotton, sorghum rotation",AG-CROP,UTRGV2,UTRGV,Hidalgo,NA,NA,1.65,A,1.650981421,1.65,0,20,1,54.482386893
1354,AX2-3-4,AX2-3,4,TX-AX2-3-CON,64.01439424,19.9920032,15.99360256,,NA,NA,1.48,2.32,0.0399,3.054989817,0.780801034,116.6985829,0.0382995,61.8536959,NA,54.8065875,NA,8.6,19.26213794,30.40382364,NA,NA,NA,NA,NA,714.0312,0.331032,NA,NA,Violently,TX-215-SW-AX2-3-4-120720,,0,1354,A1,30,50,AX2,3,12/7/2020,-97.841816,26.372348,Hidalgo,NA,9,BAU - Conventional Till,BAU,CROP,Till,Conventional Till,"Conventional tillage with a cotton, sorghum rotation",AG-CROP,UTRGV2,UTRGV,Hidalgo,NA,NA,1.48,A,1.4649999999999999,1.48,0,20,1,43.36399999999999
1355,AX2-3-5,AX2-3,5,TX-AX2-3-CON,63.1327222,18.93184536,17.93543244,,NA,NA,1.22,2.76,0.0246,3.922567499,0.889548995,87.3810363,2.6083891,64.7867466,NA,19.9859006,NA,8.66,6.469152911,17.22590714,NA,NA,NA,NA,NA,713.4264,0.3626304,NA,NA,Violently,TX-215-SW-AX2-3-5-120720,,0,1355,B2,50,80,AX2,3,12/7/2020,-97.841816,26.372348,Hidalgo,NA,9,BAU - Conventional Till,BAU,CROP,Till,Conventional Till,"Conventional tillage with a cotton, sorghum rotation",AG-CROP,UTRGV2,UTRGV,Hidalgo,NA,NA,1.22,B,1.4,1.22,0,30,1,51.24
1356,AX2-3-6,AX2-3,6,TX-AX2-3-CON,84.05421567,5.979669125,9.966115208,,NA,NA,1.09,2.84,0.0154,1.984732824,1.568490572,88.6863608,19.9245757,48.0829667,NA,20.6788184,NA,8.75,4.501136364,17.90870074,NA,NA,NA,NA,NA,714.7008,0.3509552,NA,NA,Violently,TX-215-SW-AX2-3-6-120720,,0,1356,B2ca,80,100,AX2,3,12/7/2020,-97.841816,26.372348,Hidalgo,NA,9,BAU - Conventional Till,BAU,CROP,Till,Conventional Till,"Conventional tillage with a cotton, sorghum rotation",AG-CROP,UTRGV2,UTRGV,Hidalgo,NA,NA,1.09,BC,1.415,1.09,0,20,1,30.847
1357,AX3-1-1,AX3-1,1,TX-AX3-1-CON,74.08293461,16.94577352,8.971291866,,1.668560551,4.406855108,1.36,0.116,0.0797,0.301659125,0.174680495,74.7695294,0,6.3076177,NA,68.4619117,NA,8.49,13.24417977,210.5247757,NA,NA,NA,NA,NA,714.9384,1.1569536,NA,NA,None,TX-215-SW-AX3-1-1-020420,,0,1357,Ap,0,5,AX3,1,2/9/2021,-97.845711,26.449237,Hidalgo,NA,10,BAU - Conventional Till,BAU,CROP,Till,Conventional Till,"Conventional tillage with a cotton, corn, and sorghum rotation",AG-CROP,UTRGV3,UTRGV,Hidalgo,NA,NA,1.36,A,1.668560551,1.36,0,5,1,11.346211746799998
1358,AX3-1-2,AX3-1,2,TX-AX3-1-CON,70.07182761,15.96169194,13.96648045,,1.815506541,3.400341068,1.29,0.108,0.0686,0.652610442,0.203023077,79.951923,0.0480769,8.1730769,NA,71.7307692,NA,8.49,4.497126085,111.7928209,NA,NA,NA,NA,NA,714.7224,0.6959296,NA,NA,Very Slightly,TX-215-SW-AX3-1-2-020420,,0,1358,Ap,5,10,AX3,1,2/9/2021,-97.845711,26.449237,Hidalgo,NA,10,BAU - Conventional Till,BAU,CROP,Till,Conventional Till,"Conventional tillage with a cotton, corn, and sorghum rotation",AG-CROP,UTRGV3,UTRGV,Hidalgo,NA,NA,1.29,A,1.815506541,1.29,0,5,1,11.71001718945
1359,AX3-1-3,AX3-1,3,TX-AX3-1-CON,72.07818109,17.94974073,9.972078181,,1.886891408,12.98427912,1.43,1.03,0.0423,1.054216867,0.247328061,80.7953005,0.0451875,12.6073204,NA,68.1427926,NA,8.06,5.308690942,46.99570815,NA,NA,NA,NA,NA,714.9816,0.9206536,NA,NA,Very Slightly,TX-215-SW-AX3-1-3-020420,,0,1359,Ap,10,30,AX3,1,2/9/2021,-97.845711,26.449237,Hidalgo,NA,10,BAU - Conventional Till,BAU,CROP,Till,Conventional Till,"Conventional tillage with a cotton, corn, and sorghum rotation",AG-CROP,UTRGV3,UTRGV,Hidalgo,NA,NA,1.43,A,1.886891408,1.43,0,20,1,53.9650942688
1360,AX3-1-4,AX3-1,4,TX-AX3-1-CON,74.10874328,14.93726349,10.95399323,,NA,NA,1.77,1.16,0.0343,0.901803607,0.360030654,80.5927731,0.0406009,24.2387333,NA,56.3134389,NA,8.53,10.35506936,150.2669535,NA,NA,NA,NA,NA,713.7072,0.5081104,NA,NA,Strong,TX-215-SW-AX3-1-4-020420,,0,1360,A1,30,50,AX3,1,2/9/2021,-97.845711,26.449237,Hidalgo,NA,10,BAU - Conventional Till,BAU,CROP,Till,Conventional Till,"Conventional tillage with a cotton, corn, and sorghum rotation",AG-CROP,UTRGV3,UTRGV,Hidalgo,NA,NA,1.77,A,1.4649999999999999,1.77,0,20,1,51.861
1361,AX3-1-5,AX3-1,5,TX-AX3-1-CON,74.16534181,13.91096979,11.92368839,,NA,NA,1.63,1.66,0.0225,1.509054326,0.532459073,85.1209677,0.1612903,40.6451613,NA,44.3145161,NA,8.8,8.72961931,19.13772922,NA,NA,NA,NA,NA,715.2192,0.4920232,NA,NA,Violently,TX-215-SW-AX3-1-5-020420,,0,1361,B2,50,80,AX3,1,2/9/2021,-97.845711,26.449237,Hidalgo,NA,10,BAU - Conventional Till,BAU,CROP,Till,Conventional Till,"Conventional tillage with a cotton, corn, and sorghum rotation",AG-CROP,UTRGV3,UTRGV,Hidalgo,NA,NA,1.63,B,1.4,1.63,0,30,1,68.46
1362,AX3-1-6,AX3-1,6,TX-AX3-1-CON,80.11928429,7.952286282,11.92842942,,NA,NA,1.49,2.16,0.0108,1.204819277,0.502459039,91.0594722,0.6695549,34.1079165,NA,56.2820008,NA,8.85,4.966878465,40.66347469,NA,NA,NA,NA,NA,714.2256,0.533004,NA,NA,Violently,TX-215-SW-AX3-1-6-020420,,0,1362,B2ca,80,100,AX3,1,2/9/2021,-97.845711,26.449237,Hidalgo,NA,10,BAU - Conventional Till,BAU,CROP,Till,Conventional Till,"Conventional tillage with a cotton, corn, and sorghum rotation",AG-CROP,UTRGV3,UTRGV,Hidalgo,NA,NA,1.49,BC,1.415,1.49,0,20,1,42.167
1363,AX3-2-1,AX3-2,1,TX-AX3-2-CON,68.03196803,21.97802198,9.99000999,,1.639132504,5.519789509,2.3,1.72,0.0873,1.255650427,0.350277873,74.7970952,0.3844511,22.4263135,NA,51.9863306,NA,8.39,7.714804453,237.9730784,NA,NA,NA,NA,NA,715.9104,2.365292,NA,NA,Strong,TX-215-SW-AX3-2-1-020420,,0,1363,Ap,0,5,AX3,2,2/9/2021,-97.84310718,26.45138326,Hidalgo,NA,10,BAU - Conventional Till,BAU,CROP,Till,Conventional Till,"Conventional tillage with a cotton, corn, and sorghum rotation",AG-CROP,UTRGV3,UTRGV,Hidalgo,NA,NA,2.3,A,1.639132504,2.3,0,5,1,18.850023796
1364,AX3-2-2,AX3-2,2,TX-AX3-2-CON,68.01279488,20.99160336,10.99560176,,1.442557035,5.749095755,2.04,1.42,0.0754,0.600901352,0.235983004,69.3155719,0.2756086,12.0808452,NA,56.9591181,NA,8.33,7.086895551,322.4350205,NA,NA,NA,NA,NA,709.452,1.0188224,NA,NA,Slight,TX-215-SW-AX3-2-2-020420,,0,1364,Ap,5,10,AX3,2,2/9/2021,-97.84310718,26.45138326,Hidalgo,NA,10,BAU - Conventional Till,BAU,CROP,Till,Conventional Till,"Conventional tillage with a cotton, corn, and sorghum rotation",AG-CROP,UTRGV3,UTRGV,Hidalgo,NA,NA,2.04,A,1.442557035,2.04,0,5,1,14.714081757000002
1365,AX3-2-3,AX3-2,3,TX-AX3-2-CON,70.20262217,19.86491855,9.932459277,,1.626700854,5.490350976,1.97,1.3,0.0677,0.300601202,0.130430331,32.3279524,0.0849618,7.9439252,NA,24.2990654,NA,8.35,8.059606705,73.89777604,NA,NA,NA,NA,NA,714.3768,0.772936,NA,NA,Slight,TX-215-SW-AX3-2-3-020420,,0,1365,Ap,10,30,AX3,2,2/9/2021,-97.84310718,26.45138326,Hidalgo,NA,10,BAU - Conventional Till,BAU,CROP,Till,Conventional Till,"Conventional tillage with a cotton, corn, and sorghum rotation",AG-CROP,UTRGV3,UTRGV,Hidalgo,NA,NA,1.97,A,1.626700854,1.97,0,20,1,64.0920136476
1366,AX3-2-4,AX3-2,4,TX-AX3-2-CON,69.21549156,14.89572989,15.88877855,,NA,NA,1.71,2.69,0.0366,2.384576357,0.407418792,75.3938484,0.1125281,29.5573893,NA,45.723931,NA,8.79,8.24627376,21.52750683,NA,NA,NA,NA,NA,713.0808,0.3954648,NA,NA,Violently,TX-215-SW-AX3-2-4-020420,,0,1366,A1,30,50,AX3,2,2/9/2021,-97.84310718,26.45138326,Hidalgo,NA,10,BAU - Conventional Till,BAU,CROP,Till,Conventional Till,"Conventional tillage with a cotton, corn, and sorghum rotation",AG-CROP,UTRGV3,UTRGV,Hidalgo,NA,NA,1.71,A,1.4649999999999999,1.71,0,20,1,50.102999999999994
1367,AX3-2-5,AX3-2,5,TX-AX3-2-CON,80.0119928,8.994603238,10.99340396,,NA,NA,1.64,2.89,0.0268,2.758979698,0.647937991,78.9203963,0.6149641,51.2128459,NA,27.0925863,NA,8.76,7.374202128,17.84042138,NA,NA,NA,NA,NA,711.5688,0.3791776,NA,NA,Violently,TX-215-SW-AX3-2-5-020420,,0,1367,B2,50,80,AX3,2,2/9/2021,-97.84310718,26.45138326,Hidalgo,NA,10,BAU - Conventional Till,BAU,CROP,Till,Conventional Till,"Conventional tillage with a cotton, corn, and sorghum rotation",AG-CROP,UTRGV3,UTRGV,Hidalgo,NA,NA,1.64,B,1.4,1.64,0,30,1,68.88
1368,AX3-2-6,AX3-2,6,TX-AX3-2-CON,77.01379172,12.99220468,9.994003598,,NA,NA,1.33,3.28,0.00718,2.028397566,0.956780089,76.7473576,8.182748,45.5847255,NA,22.9798841,NA,9.01,6.107202009,14.358174,NA,NA,NA,NA,NA,713.9664,0.2511344,NA,NA,Violently,TX-215-SW-AX3-2-6-020420,,0,1368,B2ca,80,100,AX3,2,2/9/2021,-97.84310718,26.45138326,Hidalgo,NA,10,BAU - Conventional Till,BAU,CROP,Till,Conventional Till,"Conventional tillage with a cotton, corn, and sorghum rotation",AG-CROP,UTRGV3,UTRGV,Hidalgo,NA,NA,1.33,BC,1.415,1.33,0,20,1,37.639
1369,AX3-3-1,AX3-3,1,TX-AX3-3-CON,70.09569378,19.93620415,9.968102073,,2.010625176,7.136769389,1.22,1.26,0.0821,0.453400504,0.085242864,27.0924044,0.3870343,2.6124819,NA,24.0928882,NA,7.93,19.26388894,181.0963714,NA,NA,NA,NA,NA,714.3336,1.3285288,NA,NA,None,TX-215-SW-AX3-3-1-021120,,0,1369,Ap,0,5,AX3,3,2/9/2021,-97.842418,26.451224,Hidalgo,NA,10,BAU - Conventional Till,BAU,CROP,Till,Conventional Till,"Conventional tillage with a cotton, corn, and sorghum rotation",AG-CROP,UTRGV3,UTRGV,Hidalgo,NA,NA,1.22,A,2.010625176,1.22,0,5,1,12.2648135736
1370,AX3-3-2,AX3-3,2,TX-AX3-3-CON,72.04472843,15.97444089,11.98083067,,1.592513816,8.748400022,1.21,1.2,0.0617,0.35035035,0.057679714,20,0.1909308,1.8615752,NA,17.947494,NA,8.25,6.405993823,69.59617636,NA,NA,NA,NA,NA,716.5584,1.0294464,NA,NA,None,TX-215-SW-AX3-3-2-021120,,0,1370,Ap,5,10,AX3,3,2/9/2021,-97.842418,26.451224,Hidalgo,NA,10,BAU - Conventional Till,BAU,CROP,Till,Conventional Till,"Conventional tillage with a cotton, corn, and sorghum rotation",AG-CROP,UTRGV3,UTRGV,Hidalgo,NA,NA,1.21,A,1.592513816,1.21,0,5,1,9.6347085868
1371,AX3-3-3,AX3-3,3,TX-AX3-3-CON,68.044737370000007,20.9706411,10.98462153,,1.862513719,8.3361216,1,1.23,0.0514,0.1001001,0.13408985,37.2712146,0.6655574,4.6589018,NA,31.9467554,NA,8.52,6.948268248,46.38119391,NA,NA,NA,NA,NA,714.204,0.6675992,NA,NA,Very Slightly,TX-215-SW-AX3-3-3-021120,,0,1371,Ap,10,30,AX3,3,2/9/2021,-97.842418,26.451224,Hidalgo,NA,10,BAU - Conventional Till,BAU,CROP,Till,Conventional Till,"Conventional tillage with a cotton, corn, and sorghum rotation",AG-CROP,UTRGV3,UTRGV,Hidalgo,NA,NA,1,A,1.862513719,1,0,20,1,37.25027438
1372,AX3-3-4,AX3-3,4,TX-AX3-3-CON,72.26074896,11.88825045,15.85100059,,NA,NA,0.91,1.98,0.0412,1.460957179,0.236596061,56.15013,0.2601263,14.2697882,NA,41.6202155,NA,8.65,9.069310928,52.15458276,NA,NA,NA,NA,NA,714.1824,0.465428,NA,NA,Strong,TX-215-SW-AX3-3-4-021120,,0,1372,A1,30,50,AX3,3,2/9/2021,-97.842418,26.451224,Hidalgo,NA,10,BAU - Conventional Till,BAU,CROP,Till,Conventional Till,"Conventional tillage with a cotton, corn, and sorghum rotation",AG-CROP,UTRGV3,UTRGV,Hidalgo,NA,NA,0.91,A,1.4649999999999999,0.91,0,20,1,26.662999999999997
1373,AX3-3-5,AX3-3,5,TX-AX3-3-CON,79.16253225,6.945822584,13.89164517,,NA,NA,0.66,2.71,0.0205,1.50526844,0.428672022,66.3176895,0.2527076,32.4548736,NA,33.6101083,NA,8.78,9.580374727,46.16963064,NA,NA,NA,NA,NA,713.4048,0.3094304,NA,NA,Violently,TX-215-SW-AX3-3-5-021120,,0,1373,B2,50,80,AX3,3,2/9/2021,-97.842418,26.451224,Hidalgo,NA,10,BAU - Conventional Till,BAU,CROP,Till,Conventional Till,"Conventional tillage with a cotton, corn, and sorghum rotation",AG-CROP,UTRGV3,UTRGV,Hidalgo,NA,NA,0.66,B,1.4,0.66,0,30,1,27.72
1374,AX3-3-6,AX3-3,6,TX-AX3-3-CON,73.2831981,8.905600633,17.81120127,,NA,NA,0.42,2.51,0.00642,9.058882738,0.428805009,57.8238341,0.5872193,32.1243523,NA,25.1122625,NA,8.95,4.457987153,28.93296854,NA,NA,NA,NA,NA,711.2664,0.2431752,NA,NA,Violently,TX-215-SW-AX3-3-6-021120,,0,1374,B2ca,80,100,AX3,3,2/9/2021,-97.842418,26.451224,Hidalgo,NA,10,BAU - Conventional Till,BAU,CROP,Till,Conventional Till,"Conventional tillage with a cotton, corn, and sorghum rotation",AG-CROP,UTRGV3,UTRGV,Hidalgo,NA,NA,0.42,BC,1.415,0.42,0,20,1,11.886
1375,AY1-1-1,AY1-1,1,TX-AY1-1-INT,82.12867355,11.91421763,5.957108817,,1.748783544,2.738616108,0.94,0.699,0.0322,0.15015015,0.246518108,40.5025868,2.5129342,6.504065,NA,31.4855876,NA,7.62,8.117701581,134.9863201,NA,NA,NA,NA,NA,714.7008,1.2048264,NA,NA,None,TX-215-SW-AY1-1-1-121020,,0,1375,Ap,0,5,AY1,1,12/10/2020,-97.87775,26.429164,Hidalgo,NA,11,BAU - Intermittent Till,BAU,CROP,Till,Intermittent Till,"Strip tillage for 2 years, followed by return to conventional till for herbicide resistant weed management. Sorghum/cotton rotation.",AG-CROP,UTRGV4,UTRGV,Hidalgo,NA,NA,0.94,A,1.748783544,0.94,0,5,1,8.219282656799999
1376,AY1-1-2,AY1-1,2,TX-AY1-1-INT,79.17079944,10.91053362,9.918666931,,2.028107184,2.507119847,0.87,0.663,0.0266,1.144823289,0.084941489,28.7234042,0,4.2553191,NA,24.4680851,NA,7.27,4.309598646,76.57318741,NA,NA,NA,NA,NA,714.3984,1.095416,NA,NA,None,TX-215-SW-AY1-1-2-121020,,0,1376,Ap,5,10,AY1,1,12/10/2020,-97.87775,26.429164,Hidalgo,NA,11,BAU - Intermittent Till,BAU,CROP,Till,Intermittent Till,"Strip tillage for 2 years, followed by return to conventional till for herbicide resistant weed management. Sorghum/cotton rotation.",AG-CROP,UTRGV4,UTRGV,Hidalgo,NA,NA,0.87,A,2.028107184,0.87,0,5,1,8.8222662504
1377,AY1-1-3,AY1-1,3,TX-AY1-1-INT,76.18102422,9.924573243,13.89440254,,2.031117974,2.129352303,0.64,0.624,0.0219,0.150225338,0.203899143,85.1021753,0.5932762,4.7462096,NA,79.7626895,NA,7.77,7.828537804,48.80300958,NA,NA,NA,NA,NA,713.7288,0.882168,NA,NA,None,TX-215-SW-AY1-1-3-121020,,0,1377,Ap,10,30,AY1,1,12/10/2020,-97.87775,26.429164,Hidalgo,NA,11,BAU - Intermittent Till,BAU,CROP,Till,Intermittent Till,"Strip tillage for 2 years, followed by return to conventional till for herbicide resistant weed management. Sorghum/cotton rotation.",AG-CROP,UTRGV4,UTRGV,Hidalgo,NA,NA,0.64,A,2.031117974,0.64,0,20,1,25.998310067199995
1378,AY1-1-4,AY1-1,4,TX-AY1-1-INT,72.54901961,9.803921569,17.64705882,,NA,NA,0.6,1.12,0.0171,0.450225113,0.268067705,79.9593771,0.2708192,13.7440758,NA,65.9444821,NA,8.51,8.281131198,83.0369357,NA,NA,NA,NA,NA,713.3184,0.7991856,NA,NA,Violently,TX-215-SW-AY1-1-4-121020,,0,1378,A1,30,50,AY1,1,12/10/2020,-97.87775,26.429164,Hidalgo,NA,11,BAU - Intermittent Till,BAU,CROP,Till,Intermittent Till,"Strip tillage for 2 years, followed by return to conventional till for herbicide resistant weed management. Sorghum/cotton rotation.",AG-CROP,UTRGV4,UTRGV,Hidalgo,NA,NA,0.6,A,1.4649999999999999,0.6,0,20,1,17.58
1379,AY1-1-5,AY1-1,5,TX-AY1-1-INT,70.23218893,9.922603691,19.84520738,,NA,NA,0.54,2.03,0.00619,1.827242525,0.541807446,85.9220477,0.4072135,40.2559628,NA,45.2588714,NA,8.67,12.23753532,49.76060192,NA,NA,NA,NA,NA,710.8992,0.7301752,NA,NA,Violently,TX-215-SW-AY1-1-5-121020,,0,1379,B2,50,80,AY1,1,12/10/2020,-97.87775,26.429164,Hidalgo,NA,11,BAU - Intermittent Till,BAU,CROP,Till,Intermittent Till,"Strip tillage for 2 years, followed by return to conventional till for herbicide resistant weed management. Sorghum/cotton rotation.",AG-CROP,UTRGV4,UTRGV,Hidalgo,NA,NA,0.54,B,1.4,0.54,0,30,1,22.68
1380,AY1-1-6,AY1-1,6,TX-AY1-1-INT,68.29799881,8.916187834,22.78581335,,NA,NA,0.34,0.292,0.0115,0.102249489,0.988646433,86.752326,5.892778,58.7062472,NA,22.1533008,NA,8.77,11.79979878,12.37807257,NA,NA,NA,NA,NA,711.396,0.567136,NA,NA,Violently,TX-215-SW-AY1-1-6-121020,,0,1380,B2ca,80,100,AY1,1,12/10/2020,-97.87775,26.429164,Hidalgo,NA,11,BAU - Intermittent Till,BAU,CROP,Till,Intermittent Till,"Strip tillage for 2 years, followed by return to conventional till for herbicide resistant weed management. Sorghum/cotton rotation.",AG-CROP,UTRGV4,UTRGV,Hidalgo,NA,NA,0.34,BC,1.415,0.34,0,20,1,9.622
1381,AY1-2-1,AY1-2,1,TX-AY1-2-INT,80.03992016,11.9760479,7.984031936,,1.113603916,3.003130023,0.96,0.734,0.0354,2.364185111,0.262465132,74.9342105,1.5131579,7.7631579,NA,65.6578947,NA,7.82,12.35918579,546.0495513,NA,NA,NA,NA,NA,712.6704,1.8542712,NA,NA,None,TX-215-SW-AY1-2-1-121020,,0,1381,Ap,0,5,AY1,2,12/10/2020,-97.876675,26.428431,Hidalgo,NA,11,BAU - Intermittent Till,BAU,CROP,Till,Intermittent Till,"Strip tillage for 2 years, followed by return to conventional till for herbicide resistant weed management. Sorghum/cotton rotation.",AG-CROP,UTRGV4,UTRGV,Hidalgo,NA,NA,0.96,A,1.113603916,0.96,0,5,1,5.3452987968
1382,AY1-2-2,AY1-2,2,TX-AY1-2-INT,80.04390341,7.982438635,11.97365795,,1.741305129,2.707835902,0.85,0.666,0.0243,0.800800801,0.1911817,82.0246593,0.2595717,5.5807917,NA,76.1842959,NA,7.36,6.120486741,104.1455326,NA,NA,NA,NA,NA,711.9792,1.6215232,NA,NA,None,TX-215-SW-AY1-2-2-121020,,0,1382,Ap,5,10,AY1,2,12/10/2020,-97.876675,26.428431,Hidalgo,NA,11,BAU - Intermittent Till,BAU,CROP,Till,Intermittent Till,"Strip tillage for 2 years, followed by return to conventional till for herbicide resistant weed management. Sorghum/cotton rotation.",AG-CROP,UTRGV4,UTRGV,Hidalgo,NA,NA,0.85,A,1.741305129,0.85,0,5,1,7.40054679825
1383,AY1-2-3,AY1-2,3,TX-AY1-2-INT,68.17820207,12.92760541,18.89419252,,1.308236939,2.876919749,0.31,0.266,0.0128,1.108870968,0.35318943,74.1191822,0.2174859,23.6624619,NA,50.2392344,NA,9.08,9.45189846,76.69172932,NA,NA,NA,NA,NA,714.1824,0.5611392,NA,NA,Violently,TX-215-SW-AY1-2-3-121020,,0,1383,Ap,10,30,AY1,2,12/10/2020,-97.876675,26.428431,Hidalgo,NA,11,BAU - Intermittent Till,BAU,CROP,Till,Intermittent Till,"Strip tillage for 2 years, followed by return to conventional till for herbicide resistant weed management. Sorghum/cotton rotation.",AG-CROP,UTRGV4,UTRGV,Hidalgo,NA,NA,0.31,A,1.308236939,0.31,0,20,1,8.111069021799999
1384,AY1-2-4,AY1-2,4,TX-AY1-2-INT,70.12547301,9.958175662,19.91635132,,NA,NA,0.41,1.58,0.0106,0.050709939,0.284333484,74.3231047,0.1805054,16.7418773,NA,57.400722,NA,8.81,10.87287951,24.06015038,NA,NA,NA,NA,NA,713.6856,0.6091024,NA,NA,Violently,TX-215-SW-AY1-2-4-121020,,0,1384,A1,30,50,AY1,2,12/10/2020,-97.876675,26.428431,Hidalgo,NA,11,BAU - Intermittent Till,BAU,CROP,Till,Intermittent Till,"Strip tillage for 2 years, followed by return to conventional till for herbicide resistant weed management. Sorghum/cotton rotation.",AG-CROP,UTRGV4,UTRGV,Hidalgo,NA,NA,0.41,A,1.4649999999999999,0.41,0,20,1,12.012999999999998
1385,AY1-2-5,AY1-2,5,TX-AY1-2-INT,72.81025442,7.768498738,19.42124684,,NA,NA,0.57,0.742,0.025,0.04995005,0.063891919,30.3916708,0.0495786,1.5865146,NA,28.7555776,NA,8.63,11.82186206,26.51190012,NA,NA,NA,NA,NA,712.7136,0.8831672,NA,NA,Strong,TX-215-SW-AY1-2-5-121020,,0,1385,B2,50,80,AY1,2,12/10/2020,-97.876675,26.428431,Hidalgo,NA,11,BAU - Intermittent Till,BAU,CROP,Till,Intermittent Till,"Strip tillage for 2 years, followed by return to conventional till for herbicide resistant weed management. Sorghum/cotton rotation.",AG-CROP,UTRGV4,UTRGV,Hidalgo,NA,NA,0.57,B,1.4,0.57,0,30,1,23.939999999999998
1386,AY1-2-6,AY1-2,6,TX-AY1-2-INT,74.24212403,9.906875372,15.85100059,,NA,NA,0.75,0.627,0.0221,0,0.139285062,66.7383128,0.0537346,3.6539495,NA,63.0306287,NA,8.25,3.862282498,49.43609023,NA,NA,NA,NA,NA,713.772,1.1455664,NA,NA,None,TX-215-SW-AY1-2-6-121020,,0,1386,B2ca,80,100,AY1,2,12/10/2020,-97.876675,26.428431,Hidalgo,NA,11,BAU - Intermittent Till,BAU,CROP,Till,Intermittent Till,"Strip tillage for 2 years, followed by return to conventional till for herbicide resistant weed management. Sorghum/cotton rotation.",AG-CROP,UTRGV4,UTRGV,Hidalgo,NA,NA,0.75,BC,1.415,0.75,0,20,1,21.225
1387,AY1-3-1,AY1-3,1,TX-AY1-3-INT,78.70280736,11.61665053,9.68054211,,1.904179171,3.031801771,1,0.818,0.0373,2.056168506,0.162156209,39.1677676,0.330251,8.9167768,NA,29.9207398,NA,7.33,10.72611219,382.7936012,NA,NA,NA,NA,NA,714.6144,2.1425168,NA,NA,None,TX-215-SW-AY1-3-1-121020,,0,1387,Ap,0,5,AY1,3,12/10/2020,-97.878012,26.423498,Hidalgo,NA,11,BAU - Intermittent Till,BAU,CROP,Till,Intermittent Till,"Strip tillage for 2 years, followed by return to conventional till for herbicide resistant weed management. Sorghum/cotton rotation.",AG-CROP,UTRGV4,UTRGV,Hidalgo,NA,NA,1,A,1.904179171,1,0,5,1,9.520895855
1388,AY1-3-2,AY1-3,2,TX-AY1-3-INT,76.36864907,13.78495471,9.846396219,,2.193312161,3.684906385,0.99,0.768,0.0319,0.666666667,0.194252504,58.0114449,0.9298999,6.2947067,NA,50.7868383,NA,7.23,13.18857016,79.018728050000007,NA,NA,NA,NA,NA,715.0032,1.9824912,NA,NA,None,TX-215-SW-AY1-3-2-121020,,0,1388,Ap,5,10,AY1,3,12/10/2020,-97.878012,26.423498,Hidalgo,NA,11,BAU - Intermittent Till,BAU,CROP,Till,Intermittent Till,"Strip tillage for 2 years, followed by return to conventional till for herbicide resistant weed management. Sorghum/cotton rotation.",AG-CROP,UTRGV4,UTRGV,Hidalgo,NA,NA,0.99,A,2.193312161,0.99,0,5,1,10.856895196950001
1389,AY1-3-3,AY1-3,3,TX-AY1-3-INT,74.24722662,11.8858954,13.866877970000001,,1.592416693,3.909042958,0.88,0.766,0.0286,1.680672269,0.169422263,86.569873,0.0604961,3.6297641,NA,82.8796128,NA,7.37,5.80348668,39.28014046,NA,NA,NA,NA,NA,715.0032,1.578448,NA,NA,None,TX-215-SW-AY1-3-3-121020,,0,1389,Ap,10,30,AY1,3,12/10/2020,-97.878012,26.423498,Hidalgo,NA,11,BAU - Intermittent Till,BAU,CROP,Till,Intermittent Till,"Strip tillage for 2 years, followed by return to conventional till for herbicide resistant weed management. Sorghum/cotton rotation.",AG-CROP,UTRGV4,UTRGV,Hidalgo,NA,NA,0.88,A,1.592416693,0.88,0,20,1,28.026533796800003
1390,AY1-3-4,AY1-3,4,TX-AY1-3-INT,74.02078337,7.993605116,17.98561151,,NA,NA,0.53,0.605,0.0216,0.049975012,0.193778105,85.2783726,0.2141328,5.5674518,NA,79.496788,NA,8.45,7.853046422,21.11783067,NA,NA,NA,NA,NA,713.8368,0.8365424,NA,NA,None,TX-215-SW-AY1-3-4-121020,,0,1390,A1,30,50,AY1,3,12/10/2020,-97.878012,26.423498,Hidalgo,NA,11,BAU - Intermittent Till,BAU,CROP,Till,Intermittent Till,"Strip tillage for 2 years, followed by return to conventional till for herbicide resistant weed management. Sorghum/cotton rotation.",AG-CROP,UTRGV4,UTRGV,Hidalgo,NA,NA,0.53,A,1.4649999999999999,0.53,0,20,1,15.529
1391,AY1-3-5,AY1-3,5,TX-AY1-3-INT,76.25643055,5.935892362,17.80767709,,NA,NA,0.41,0.764,0.0119,0.200300451,0.20466151,79.2343996,0.6292606,5.5584688,NA,73.0466702,NA,8.71,11.46300583,17.15762778,NA,NA,NA,NA,NA,713.3184,0.637016,NA,NA,Strong,TX-215-SW-AY1-3-5-121020,,0,1391,B2,50,80,AY1,3,12/10/2020,-97.878012,26.423498,Hidalgo,NA,11,BAU - Intermittent Till,BAU,CROP,Till,Intermittent Till,"Strip tillage for 2 years, followed by return to conventional till for herbicide resistant weed management. Sorghum/cotton rotation.",AG-CROP,UTRGV4,UTRGV,Hidalgo,NA,NA,0.41,B,1.4,0.41,0,30,1,17.22
1392,AY1-3-6,AY1-3,6,TX-AY1-3-INT,76.16209774,9.932459277,13.90544299,,NA,NA,0.37,1.07,0.0112,0.252270434,0.216247901,80.5925926,0.3950617,7.7037037,NA,72.4938272,NA,8.77,10.87337963,42.28443231,NA,NA,NA,NA,NA,714.4632,0.7143328,NA,NA,Strong,TX-215-SW-AY1-3-6-121020,,0,1392,B2ca,80,100,AY1,3,12/10/2020,-97.878012,26.423498,Hidalgo,NA,11,BAU - Intermittent Till,BAU,CROP,Till,Intermittent Till,"Strip tillage for 2 years, followed by return to conventional till for herbicide resistant weed management. Sorghum/cotton rotation.",AG-CROP,UTRGV4,UTRGV,Hidalgo,NA,NA,0.37,BC,1.415,0.37,0,20,1,10.471
1393,AY2-1-1,AY2-1,1,TX-AY2-1-INT,74.12420382,20.89968153,4.97611465,,2.034517254,3.161982249,0.9,1.01,0.058,2.385786802,0.367942657,100.702165,2.6916325,8.7185489,NA,89.2919836,NA,8.09,10.40355651,104.5552087,NA,NA,NA,NA,NA,715.176,1.3570912,NA,NA,Very Slightly,TX-215-SW-AY2-1-1-121020,,0,1393,Ap,0,5,AY2,1,12/12/2020,-97.87736,26.417867,Hidalgo,NA,12,BAU - Intermittent Till,BAU,CROP,Till,Intermittent Till,"Strip tillage for 3 years, followed by return to conventional till for herbicide resistant weed management. Sorghum/cotton rotation.",AG-CROP,UTRGV5,UTRGV,Hidalgo,NA,NA,0.9,A,2.034517254,0.9,0,5,1,9.155327643
1394,AY2-1-2,AY2-1,2,TX-AY2-1-INT,67.1314741,25.89641434,6.972111554,,1.260064295,2.947336924,1.05,0.972,0.0466,0.965447154,0.329940224,84.1578328,2.7090695,7.3027091,NA,74.1460542,NA,8.2,13.18521757,140.6749902,NA,NA,NA,NA,NA,714.5712,1.5776992,NA,NA,Very Slightly,TX-215-SW-AY2-1-2-121220,,0,1394,Ap,5,10,AY2,1,12/12/2020,-97.87736,26.417867,Hidalgo,NA,12,BAU - Intermittent Till,BAU,CROP,Till,Intermittent Till,"Strip tillage for 3 years, followed by return to conventional till for herbicide resistant weed management. Sorghum/cotton rotation.",AG-CROP,UTRGV5,UTRGV,Hidalgo,NA,NA,1.05,A,1.260064295,1.05,0,5,1,6.615337548750001
1395,AY2-1-3,AY2-1,3,TX-AY2-1-INT,65.38081108,18.79327399,15.82591494,,1.675553354,3.339309727,0.79,1.09,0.0314,0.852130326,0.273306852,85.9980139,0.2979146,13.2075472,NA,72.4925521,NA,8.75,11.20247577,41.87475615,NA,NA,NA,NA,NA,715.4136,0.9626328,NA,NA,Strong,TX-215-SW-AY2-1-3-121220,,0,1395,Ap,10,30,AY2,1,12/12/2020,-97.87736,26.417867,Hidalgo,NA,12,BAU - Intermittent Till,BAU,CROP,Till,Intermittent Till,"Strip tillage for 3 years, followed by return to conventional till for herbicide resistant weed management. Sorghum/cotton rotation.",AG-CROP,UTRGV5,UTRGV,Hidalgo,NA,NA,0.79,A,1.675553354,0.79,0,20,1,26.4737429932
1396,AY2-1-4,AY2-1,4,TX-AY2-1-INT,65.09076401,16.95591462,17.95332136,,NA,NA,0.79,1.56,0.0288,1.307189542,0.482441573,87.054735,0.1303215,35.360556,NA,51.5638575,NA,8.75,16.74675044,30.1307062,NA,NA,NA,NA,NA,714.0312,0.9087752,NA,NA,Violently,TX-215-SW-AY2-1-4-121220,,0,1396,A1,30,50,AY2,1,12/12/2020,-97.87736,26.417867,Hidalgo,NA,12,BAU - Intermittent Till,BAU,CROP,Till,Intermittent Till,"Strip tillage for 3 years, followed by return to conventional till for herbicide resistant weed management. Sorghum/cotton rotation.",AG-CROP,UTRGV5,UTRGV,Hidalgo,NA,NA,0.79,A,1.4649999999999999,0.79,0,20,1,23.147
1397,AY2-1-5,AY2-1,5,TX-AY2-1-INT,67.27489092,11.90003967,20.82506942,,NA,NA,0.6,2.19,0.0131,1.206636501,0.589781947,91.3590263,0.1622718,45.5578093,NA,45.6389452,NA,8.9,5.995331665,28.56028092,NA,NA,NA,NA,NA,713.0376,0.8783184,NA,NA,Violently,TX-215-SW-AY2-1-5-121220,,0,1397,B2,50,80,AY2,1,12/12/2020,-97.87736,26.417867,Hidalgo,NA,12,BAU - Intermittent Till,BAU,CROP,Till,Intermittent Till,"Strip tillage for 3 years, followed by return to conventional till for herbicide resistant weed management. Sorghum/cotton rotation.",AG-CROP,UTRGV5,UTRGV,Hidalgo,NA,NA,0.6,B,1.4,0.6,0,30,1,25.2
1398,AY2-1-6,AY2-1,6,TX-AY2-1-INT,75.34516765,18.73767258,5.917159763,,NA,NA,0.6,2.54,0.00609,0.403836446,0.374018454,91.0034603,0.1153403,23.6831988,NA,67.2049212,NA,8.91,11.62755174,16.74795162,NA,NA,NA,NA,NA,715.3272,0.7823472,NA,NA,Violently,TX-215-SW-AY2-1-6-121220,,0,1398,B2ca,80,100,AY2,1,12/12/2020,-97.87736,26.417867,Hidalgo,NA,12,BAU - Intermittent Till,BAU,CROP,Till,Intermittent Till,"Strip tillage for 3 years, followed by return to conventional till for herbicide resistant weed management. Sorghum/cotton rotation.",AG-CROP,UTRGV5,UTRGV,Hidalgo,NA,NA,0.6,BC,1.415,0.6,0,20,1,16.98
1399,AY2-2-1,AY2-2,1,TX-AY2-2-INT,74.19610957,19.84914649,5.954743946,,1.86727271,3.425758489,0.87,0.989,0.0664,3.316326531,0.316245288,88.691099500000007,0.4188482,16.5968586,NA,71.6753927,NA,8.15,16.47799832,112.0659384,NA,NA,NA,NA,NA,715.6728,1.4105912,NA,NA,None,TX-215-SW-AY2-2-1-121220,,0,1399,Ap,0,5,AY2,2,12/12/2020,-97.877546,26.408338,Hidalgo,NA,12,BAU - Intermittent Till,BAU,CROP,Till,Intermittent Till,"Strip tillage for 3 years, followed by return to conventional till for herbicide resistant weed management. Sorghum/cotton rotation.",AG-CROP,UTRGV5,UTRGV,Hidalgo,NA,NA,0.87,A,1.86727271,0.87,0,5,1,8.122636288499999
1400,AY2-2-2,AY2-2,2,TX-AY2-2-INT,74.56964006,19.56181534,5.868544601,,2.142031604,3.555186287,1.27,0.951,0.0552,2.78340081,0.338996793,85.5944746,0.3946719,19.5362605,NA,65.6635422,NA,8.25,13.65954577,158.4276239,NA,NA,NA,NA,NA,715.284,1.7755344,NA,NA,None,TX-215-SW-AY2-2-2-121220,,0,1400,Ap,5,10,AY2,2,12/12/2020,-97.877546,26.408338,Hidalgo,NA,12,BAU - Intermittent Till,BAU,CROP,Till,Intermittent Till,"Strip tillage for 3 years, followed by return to conventional till for herbicide resistant weed management. Sorghum/cotton rotation.",AG-CROP,UTRGV5,UTRGV,Hidalgo,NA,NA,1.27,A,2.142031604,1.27,0,5,1,13.6019006854
1401,AY2-2-3,AY2-2,3,TX-AY2-2-INT,68.14652598,13.93589488,17.91757914,,1.378650583,3.710487044,0.9,0.724,0.0371,0.332778702,0.27534157,90.8914729,0.4360465,11.9670543,NA,78.4883721,NA,8.06,13.95695585,37.64143582,NA,NA,NA,NA,NA,712.8216,1.0257704,NA,NA,Very Slightly,TX-215-SW-AY2-2-3-121220,,0,1401,Ap,10,30,AY2,2,12/12/2020,-97.877546,26.408338,Hidalgo,NA,12,BAU - Intermittent Till,BAU,CROP,Till,Intermittent Till,"Strip tillage for 3 years, followed by return to conventional till for herbicide resistant weed management. Sorghum/cotton rotation.",AG-CROP,UTRGV5,UTRGV,Hidalgo,NA,NA,0.9,A,1.378650583,0.9,0,20,1,24.815710493999998
1402,AY2-2-4,AY2-2,4,TX-AY2-2-INT,72.05030944,13.97484528,13.97484528,,NA,NA,0.61,0.888,0.0157,0.332778702,0.278691717,84.1786877,0.7445323,11.8194509,NA,71.6147045,NA,8.16,13.48532001,23.84900507,NA,NA,NA,NA,NA,715.5864,0.9168824,NA,NA,Violently,TX-215-SW-AY2-2-4-121220,,0,1402,A1,30,50,AY2,2,12/12/2020,-97.877546,26.408338,Hidalgo,NA,12,BAU - Intermittent Till,BAU,CROP,Till,Intermittent Till,"Strip tillage for 3 years, followed by return to conventional till for herbicide resistant weed management. Sorghum/cotton rotation.",AG-CROP,UTRGV5,UTRGV,Hidalgo,NA,NA,0.61,A,1.4649999999999999,0.61,0,20,1,17.872999999999998
1403,AY2-2-5,AY2-2,5,TX-AY2-2-INT,68.36068816,10.87601345,20.7632984,,NA,NA,0.2,1.76,0.0102,0.252016129,0.314284699,90.0919732,0.2926421,16.8060201,NA,72.993311,NA,8.24,6.523320426,18.18181818,NA,NA,NA,NA,NA,715.4136,0.8569656,NA,NA,Violently,TX-215-SW-AY2-2-5-121220,,0,1403,B2,50,80,AY2,2,12/12/2020,-97.877546,26.408338,Hidalgo,NA,12,BAU - Intermittent Till,BAU,CROP,Till,Intermittent Till,"Strip tillage for 3 years, followed by return to conventional till for herbicide resistant weed management. Sorghum/cotton rotation.",AG-CROP,UTRGV5,UTRGV,Hidalgo,NA,NA,0.2,B,1.4,0.2,0,30,1,8.399999999999999
1404,AY2-2-6,AY2-2,6,TX-AY2-2-INT,64.08619314,13.96648045,21.94732642,,NA,NA,0.49,0.271,0.0124,2.872983871,0.492564998,86.2333468,0.2422285,35.9709326,NA,50.0201857,NA,8.29,10.79486829,24.2481203,NA,NA,NA,NA,NA,714.096,0.71684,NA,NA,Violently,TX-215-SW-AY2-2-6-121220,,0,1404,B2ca,80,100,AY2,2,12/12/2020,-97.877546,26.408338,Hidalgo,NA,12,BAU - Intermittent Till,BAU,CROP,Till,Intermittent Till,"Strip tillage for 3 years, followed by return to conventional till for herbicide resistant weed management. Sorghum/cotton rotation.",AG-CROP,UTRGV5,UTRGV,Hidalgo,NA,NA,0.49,BC,1.415,0.49,0,20,1,13.867
1405,AY2-3-1,AY2-3,1,TX-AY2-3-INT,70.44917258,21.67060678,7.880220646,,2.119402115,2.454070001,0.85,1.31,0.0516,2.178318136,0.141661874,40.0594944,0.594943,5.3544869,NA,34.1100645,NA,8.47,9.159445247,228.2091299,NA,NA,NA,NA,NA,715.608,1.4546424,NA,NA,Strong,TX-215-SW-AY2-3-1-121220,,0,1405,Ap,0,5,AY2,3,12/12/2020,-97.867819,26.408107,Hidalgo,NA,12,BAU - Intermittent Till,BAU,CROP,Till,Intermittent Till,"Strip tillage for 3 years, followed by return to conventional till for herbicide resistant weed management. Sorghum/cotton rotation.",AG-CROP,UTRGV5,UTRGV,Hidalgo,NA,NA,0.85,A,2.119402115,0.85,0,5,1,9.00745898875
1406,AY2-3-2,AY2-3,2,TX-AY2-3-INT,68.21613031,21.85141041,9.932459277,,1.665452638,3.030988464,0.97,1.18,0.0422,1.002004008,0.132824293,33.5651367,0.880853,4.0333797,NA,28.650904,NA,8.48,7.759756821,81.06710886,NA,NA,NA,NA,NA,714.7872,1.2446248,NA,NA,Strong,TX-215-SW-AY2-3-2-121220,,0,1406,Ap,5,10,AY2,3,12/12/2020,-97.867819,26.408107,Hidalgo,NA,12,BAU - Intermittent Till,BAU,CROP,Till,Intermittent Till,"Strip tillage for 3 years, followed by return to conventional till for herbicide resistant weed management. Sorghum/cotton rotation.",AG-CROP,UTRGV5,UTRGV,Hidalgo,NA,NA,0.97,A,1.665452638,0.97,0,5,1,8.0774452943
1407,AY2-3-3,AY2-3,3,TX-AY2-3-INT,72.55978048,6.86005488,20.58016464,,1.238891641,2.559010007,1.18,0.899,0.0427,0,0.111162344,46.0580912,0.1037344,3.7344398,NA,42.219917,NA,7.98,12.70362515,37.09520094,NA,NA,NA,NA,NA,715.0248,1.4648232,NA,NA,None,TX-215-SW-AY2-3-3-121220,,0,1407,Ap,10,30,AY2,3,12/12/2020,-97.867819,26.408107,Hidalgo,NA,12,BAU - Intermittent Till,BAU,CROP,Till,Intermittent Till,"Strip tillage for 3 years, followed by return to conventional till for herbicide resistant weed management. Sorghum/cotton rotation.",AG-CROP,UTRGV5,UTRGV,Hidalgo,NA,NA,1.18,A,1.238891641,1.18,0,20,1,29.237842727599997
1408,AY2-3-4,AY2-3,4,TX-AY2-3-INT,72.49508841,7.858546169,19.64636542,,NA,NA,0.84,0.705,0.0279,0,0.115469617,32.6794259,0.9569378,2.0095694,NA,29.7129187,NA,8.23,9.552460867,26.58017948,NA,NA,NA,NA,NA,714.5712,1.226368,NA,NA,None,TX-215-SW-AY2-3-4-121220,,0,1408,A1,30,50,AY2,3,12/12/2020,-97.867819,26.408107,Hidalgo,NA,12,BAU - Intermittent Till,BAU,CROP,Till,Intermittent Till,"Strip tillage for 3 years, followed by return to conventional till for herbicide resistant weed management. Sorghum/cotton rotation.",AG-CROP,UTRGV5,UTRGV,Hidalgo,NA,NA,0.84,A,1.4649999999999999,0.84,0,20,1,24.612
1409,AY2-3-5,AY2-3,5,TX-AY2-3-INT,69.20937624,10.9257052,19.86491855,,NA,NA,0.67,1.31,0.0211,2.828282828,0.107772115,25.8643916,0.2245173,5.9272564,NA,19.7126179,NA,8.57,19.48328302,38.5290675,NA,NA,NA,NA,NA,714.096,1.368808,NA,NA,Strong,TX-215-SW-AY2-3-5-121220,,0,1409,B2,50,80,AY2,3,12/12/2020,-97.867819,26.408107,Hidalgo,NA,12,BAU - Intermittent Till,BAU,CROP,Till,Intermittent Till,"Strip tillage for 3 years, followed by return to conventional till for herbicide resistant weed management. Sorghum/cotton rotation.",AG-CROP,UTRGV5,UTRGV,Hidalgo,NA,NA,0.67,B,1.4,0.67,0,30,1,28.139999999999997
1410,AY2-3-6,AY2-3,6,TX-AY2-3-INT,64.19335588,12.93017704,22.87646708,,NA,NA,0.55,1.8,0.0108,2.02020202,0.147667496,40.464345,0.0414594,8.6650083,NA,31.7578773,NA,8.68,6.676389335,25.55598908,NA,NA,NA,NA,NA,714.1392,1.0967208,NA,NA,Violently,TX-215-SW-AY2-3-6-121220,,0,1410,B2ca,80,100,AY2,3,12/12/2020,-97.867819,26.408107,Hidalgo,NA,12,BAU - Intermittent Till,BAU,CROP,Till,Intermittent Till,"Strip tillage for 3 years, followed by return to conventional till for herbicide resistant weed management. Sorghum/cotton rotation.",AG-CROP,UTRGV5,UTRGV,Hidalgo,NA,NA,0.55,BC,1.415,0.55,0,20,1,15.565000000000001
1411,AY3-1-1,AY3-1,1,TX-AY3-1-INT,83.2907411,9.828975821,6.880283075,,1.609704457,3.22316945,0.85,0.88,0.0442,2.801833928,0.419039836,63.7375513,1.6403046,24.9560633,NA,37.1411834,NA,8.36,7.47003331,200.7608272,NA,NA,NA,NA,NA,715.0896,1.5753096,NA,NA,Very Slightly,TX-215-SW-AY3-1-1-040621,,0,1411,Ap,0,5,AY3,1,4/2/2021,-97.894115,26.378011,Hidalgo,NA,13,BAU - Intermittent Till,BAU,CROP,Till,Intermittent Till,"Strip tillage for 2 years, followed by return to conventional till for herbicide resistant weed management. Sorghum/cotton rotation.",AG-CROP,UTRGV6,UTRGV,Hidalgo,NA,NA,0.85,A,1.609704457,0.85,0,5,1,6.84124394225
1412,AY3-1-2,AY3-1,2,TX-AY3-1-INT,75.30620308,9.877518767,14.81627815,,1.659916669,3.232929453,1.24,1.23,0.0731,2.133062468,0.334897313,51.0928962,0.3642987,24.6357013,NA,26.0928962,NA,8.39,14.62409924,177.409286,NA,NA,NA,NA,NA,715.0248,2.4108872,NA,NA,Very Slightly,TX-215-SW-AY3-1-2-040621,,0,1412,Ap,5,10,AY3,1,4/2/2021,-97.894115,26.378011,Hidalgo,NA,13,BAU - Intermittent Till,BAU,CROP,Till,Intermittent Till,"Strip tillage for 2 years, followed by return to conventional till for herbicide resistant weed management. Sorghum/cotton rotation.",AG-CROP,UTRGV6,UTRGV,Hidalgo,NA,NA,1.24,A,1.659916669,1.24,0,5,1,10.2914833478
1413,AY3-1-3,AY3-1,3,TX-AY3-1-INT,73.53978832,11.76009408,14.7001176,,1.589891514,2.338623076,1.09,0.938,0.0541,2.388211382,0.157120624,39.025544,0.4730369,7.7105014,NA,30.8420057,NA,8.02,5.874402285,41.39680062,NA,NA,NA,NA,NA,714.3552,1.9584584,NA,NA,Very Slightly,TX-215-SW-AY3-1-3-040621,,0,1413,Ap,10,30,AY3,1,4/2/2021,-97.894115,26.378011,Hidalgo,NA,13,BAU - Intermittent Till,BAU,CROP,Till,Intermittent Till,"Strip tillage for 2 years, followed by return to conventional till for herbicide resistant weed management. Sorghum/cotton rotation.",AG-CROP,UTRGV6,UTRGV,Hidalgo,NA,NA,1.09,A,1.589891514,1.09,0,20,1,34.6596350052
1414,AY3-1-4,AY3-1,4,TX-AY3-1-INT,69.14808917,8.957006369,21.89490446,,NA,NA,0.73,0.855,0.0345,0.050735667,0.402300818,49.6114519,0.7770961,29.7341513,NA,19.1002045,NA,8.18,14.57628042,48.68421053,NA,NA,NA,NA,NA,714.2256,1.2637192,NA,NA,Strong,TX-215-SW-AY3-1-4-040621,,0,1414,A1,30,50,AY3,1,4/2/2021,-97.894115,26.378011,Hidalgo,NA,13,BAU - Intermittent Till,BAU,CROP,Till,Intermittent Till,"Strip tillage for 2 years, followed by return to conventional till for herbicide resistant weed management. Sorghum/cotton rotation.",AG-CROP,UTRGV6,UTRGV,Hidalgo,NA,NA,0.73,A,1.4649999999999999,0.73,0,20,1,21.388999999999996
1415,AY3-1-5,AY3-1,5,TX-AY3-1-INT,71.02318145,5.995203837,22.98161471,,NA,NA,0.67,0.828,0.0117,0.15503876,0.405861926,52.5423729,0.6200909,30.4257958,NA,21.4964862,NA,8.28,7.835802948,37.70542333,NA,NA,NA,NA,NA,714.5928,0.9811896,NA,NA,Strong,TX-215-SW-AY3-1-5-040621,,0,1415,B2,50,80,AY3,1,4/2/2021,-97.894115,26.378011,Hidalgo,NA,13,BAU - Intermittent Till,BAU,CROP,Till,Intermittent Till,"Strip tillage for 2 years, followed by return to conventional till for herbicide resistant weed management. Sorghum/cotton rotation.",AG-CROP,UTRGV6,UTRGV,Hidalgo,NA,NA,0.67,B,1.4,0.67,0,30,1,28.139999999999997
1416,AY3-1-6,AY3-1,6,TX-AY3-1-INT,71.08097327,4.986039091,23.93298763,,NA,NA,0.48,0.762,0.0053,0.764136526,0.292926452,48.6196952,0.7416564,18.8298311,NA,29.0482077,NA,8.22,9.429768709,21.05263158,NA,NA,NA,NA,NA,715.1544,0.486204,NA,NA,Strong,TX-215-SW-AY3-1-6-040621,,0,1416,B2ca,80,100,AY3,1,4/2/2021,-97.894115,26.378011,Hidalgo,NA,13,BAU - Intermittent Till,BAU,CROP,Till,Intermittent Till,"Strip tillage for 2 years, followed by return to conventional till for herbicide resistant weed management. Sorghum/cotton rotation.",AG-CROP,UTRGV6,UTRGV,Hidalgo,NA,NA,0.48,BC,1.415,0.48,0,20,1,13.584
1417,AY3-2-1,AY3-2,1,TX-AY3-2-INT,82.07171315,11.95219124,5.9760956180000004,,1.810844672,2.555660082,0.91,0.769,0.035,2.867203219,0.312508003,89.5646607,0.9603073,13.3802817,NA,75.2240717,NA,8.5,11.02492852,220.6766917,NA,NA,NA,NA,NA,715.2192,0.8803736,NA,NA,None,TX-215-SW-AY3-2-1-040621,,0,1417,Ap,0,5,AY3,2,4/2/2021,-97.882158,26.371559,Hidalgo,NA,13,BAU - Intermittent Till,BAU,CROP,Till,Intermittent Till,"Strip tillage for 2 years, followed by return to conventional till for herbicide resistant weed management. Sorghum/cotton rotation.",AG-CROP,UTRGV6,UTRGV,Hidalgo,NA,NA,0.91,A,1.810844672,0.91,0,5,1,8.2393432576
1418,AY3-2-2,AY3-2,2,TX-AY3-2-INT,84.01278977,9.992006395,5.995203837,,2.115905714,2.688940504,0.86,0.802,0.0371,1.101652479,0.206197403,89.4806924,0.0665779,6.9241012,NA,82.4900133,NA,8.51,10.60458561,234.7744361,NA,NA,NA,NA,NA,715.716,0.818396,NA,NA,Very Slightly,TX-215-SW-AY3-2-2-040621,,0,1418,Ap,5,10,AY3,2,4/2/2021,-97.882158,26.371559,Hidalgo,NA,13,BAU - Intermittent Till,BAU,CROP,Till,Intermittent Till,"Strip tillage for 2 years, followed by return to conventional till for herbicide resistant weed management. Sorghum/cotton rotation.",AG-CROP,UTRGV6,UTRGV,Hidalgo,NA,NA,0.86,A,2.115905714,0.86,0,5,1,9.0983945702
1419,AY3-2-3,AY3-2,3,TX-AY3-2-INT,80,9,11,,1.819100065,3.553038105,1.07,0.797,0.0309,0.600600601,0.166230012,67.6014319,0.4176611,4.4749403,NA,62.7088305,NA,8.51,12.86861894,94.24502536,NA,NA,NA,NA,NA,715.2624,0.74114,NA,NA,Very Slightly,TX-215-SW-AY3-2-3-040621,,0,1419,Ap,10,30,AY3,2,4/2/2021,-97.882158,26.371559,Hidalgo,NA,13,BAU - Intermittent Till,BAU,CROP,Till,Intermittent Till,"Strip tillage for 2 years, followed by return to conventional till for herbicide resistant weed management. Sorghum/cotton rotation.",AG-CROP,UTRGV6,UTRGV,Hidalgo,NA,NA,1.07,A,1.819100065,1.07,0,20,1,38.928741391
1420,AY3-2-4,AY3-2,4,TX-AY3-2-INT,80.11137629,10.93874304,8.949880668,,NA,NA,1.02,0.803,0.0355,0.501504514,0.282503482,88.0441091,0.2321532,14.1613465,NA,73.6506094,NA,8.38,7.839479167,23.78022571,NA,NA,NA,NA,NA,716.04,0.7906752,NA,NA,Slight,TX-215-SW-AY3-2-4-040621,,0,1420,A1,30,50,AY3,2,4/2/2021,-97.882158,26.371559,Hidalgo,NA,13,BAU - Intermittent Till,BAU,CROP,Till,Intermittent Till,"Strip tillage for 2 years, followed by return to conventional till for herbicide resistant weed management. Sorghum/cotton rotation.",AG-CROP,UTRGV6,UTRGV,Hidalgo,NA,NA,1.02,A,1.4649999999999999,1.02,0,20,1,29.886
1421,AY3-2-5,AY3-2,5,TX-AY3-2-INT,76.13365155,10.93874304,12.92760541,,NA,NA,0.75,0.9,0.0325,0.650325163,0.316692892,88.7745098,0.4901961,16.2745098,NA,72.0098039,NA,8.63,5.267287234,29.17479516,NA,NA,NA,NA,NA,715.9104,0.7103344,NA,NA,Strong,TX-215-SW-AY3-2-5-040621,,0,1421,B2,50,80,AY3,2,4/2/2021,-97.882158,26.371559,Hidalgo,NA,13,BAU - Intermittent Till,BAU,CROP,Till,Intermittent Till,"Strip tillage for 2 years, followed by return to conventional till for herbicide resistant weed management. Sorghum/cotton rotation.",AG-CROP,UTRGV6,UTRGV,Hidalgo,NA,NA,0.75,B,1.4,0.75,0,30,1,31.499999999999993
1422,AY3-2-6,AY3-2,6,TX-AY3-2-INT,71.12704102,11.9474313,16.92552768,,NA,NA,0.56,1.48,0.0204,2.060301508,0.600078118,83.8437639,0.4438526,46.382601,NA,37.0173103,NA,8.77,8.060442767,17.2941865,NA,NA,NA,NA,NA,716.1696,0.4817336,NA,NA,Violently,TX-215-SW-AY3-2-6-040621,,0,1422,B2ca,80,100,AY3,2,4/2/2021,-97.882158,26.371559,Hidalgo,NA,13,BAU - Intermittent Till,BAU,CROP,Till,Intermittent Till,"Strip tillage for 2 years, followed by return to conventional till for herbicide resistant weed management. Sorghum/cotton rotation.",AG-CROP,UTRGV6,UTRGV,Hidalgo,NA,NA,0.56,BC,1.415,0.56,0,20,1,15.848000000000003
1423,AY3-3-1,AY3-3,1,TX-AY3-3-INT,82.06456756,11.95695496,5.978477481,,1.895243923,2.8235645640000002,0.96,0.814,0.0402,1.867743564,0.270361943,88.2900865,0.332668,12.3752495,NA,75.582169,NA,8.29,14.41980203,360.3979711,NA,NA,NA,NA,NA,716.3424,0.9599848,NA,NA,Very Slightly,TX-215-SW-AY3-3-1-040621,,0,1423,Ap,0,5,AY3,3,4/2/2021,-97.881485,26.371856,Hidalgo,NA,13,BAU - Intermittent Till,BAU,CROP,Till,Intermittent Till,"Strip tillage for 2 years, followed by return to conventional till for herbicide resistant weed management. Sorghum/cotton rotation.",AG-CROP,UTRGV6,UTRGV,Hidalgo,NA,NA,0.96,A,1.895243923,0.96,0,5,1,9.0971708304
1424,AY3-3-2,AY3-3,2,TX-AY3-3-INT,86.14958449,7.91452315,5.935892362,,1.745772753,2.874587994,0.92,0.775,0.0339,0.8004002,0.354663399,87.8267974,1.5522876,15.0326797,NA,71.2418301,NA,8.5,16.7537124,80.6574327,NA,NA,NA,NA,NA,716.9688,0.7793272,NA,NA,Very Slightly,TX-215-SW-AY3-3-2-040621,,0,1424,Ap,5,10,AY3,3,4/2/2021,-97.881485,26.371856,Hidalgo,NA,13,BAU - Intermittent Till,BAU,CROP,Till,Intermittent Till,"Strip tillage for 2 years, followed by return to conventional till for herbicide resistant weed management. Sorghum/cotton rotation.",AG-CROP,UTRGV6,UTRGV,Hidalgo,NA,NA,0.92,A,1.745772753,0.92,0,5,1,8.0305546638
1425,AY3-3-3,AY3-3,3,TX-AY3-3-INT,80.08364868,13.94144593,5.974905397,,1.984402164,3.239249858,1.09,0.111,0.0565,0.249625562,0.084934195,26.2068965,0.4597701,2.3563218,NA,23.3908046,NA,8.26,8.076636557,61.26609442,NA,NA,NA,NA,NA,716.472,0.8898184,NA,NA,None,TX-215-SW-AY3-3-3-040621,,0,1425,Ap,10,30,AY3,3,4/2/2021,-97.881485,26.371856,Hidalgo,NA,13,BAU - Intermittent Till,BAU,CROP,Till,Intermittent Till,"Strip tillage for 2 years, followed by return to conventional till for herbicide resistant weed management. Sorghum/cotton rotation.",AG-CROP,UTRGV6,UTRGV,Hidalgo,NA,NA,1.09,A,1.984402164,1.09,0,20,1,43.2599671752
1426,AY3-3-4,AY3-3,4,TX-AY3-3-INT,78.03952885,11.97843881,9.982032342,,NA,NA,0.75,0.935,0.0402,0.1998002,0.160589881,79.2857143,0.4761905,1.7857143,NA,77.0238095,NA,8.55,11.62755174,34.02262973,NA,NA,NA,NA,NA,717.228,0.5078848,NA,NA,None,TX-215-SW-AY3-3-4-040621,,0,1426,A1,30,50,AY3,3,4/2/2021,-97.881485,26.371856,Hidalgo,NA,13,BAU - Intermittent Till,BAU,CROP,Till,Intermittent Till,"Strip tillage for 2 years, followed by return to conventional till for herbicide resistant weed management. Sorghum/cotton rotation.",AG-CROP,UTRGV6,UTRGV,Hidalgo,NA,NA,0.75,A,1.4649999999999999,0.75,0,20,1,21.974999999999998
1427,AY3-3-5,AY3-3,5,TX-AY3-3-INT,80.23324768,8.895038545,10.87171378,,NA,NA,0.56,0.957,0.0398,0.050175615,0.102267677,23.6482471,0.4159239,4.7534165,NA,18.4789067,NA,8.61,7.302234409,53.34568865,NA,NA,NA,NA,NA,717.0336,0.5127256,NA,NA,None,TX-215-SW-AY3-3-5-040621,,0,1427,B2,50,80,AY3,3,4/2/2021,-97.881485,26.371856,Hidalgo,NA,13,BAU - Intermittent Till,BAU,CROP,Till,Intermittent Till,"Strip tillage for 2 years, followed by return to conventional till for herbicide resistant weed management. Sorghum/cotton rotation.",AG-CROP,UTRGV6,UTRGV,Hidalgo,NA,NA,0.56,B,1.4,0.56,0,30,1,23.52
1428,AY3-3-6,AY3-3,6,TX-AY3-3-INT,78.03075694,5.991611744,15.97763132,,NA,NA,0.64,0.136,0.0297,0.500250125,0.183689046,40.1060071,1.7667845,3.828033,NA,34.5111896,NA,8.71,10.29671659,16.40655482,NA,NA,NA,NA,NA,716.688,0.5031184,NA,NA,Slight,TX-215-SW-AY3-3-6-040621,,0,1428,B2ca,80,100,AY3,3,4/2/2021,-97.881485,26.371856,Hidalgo,NA,13,BAU - Intermittent Till,BAU,CROP,Till,Intermittent Till,"Strip tillage for 2 years, followed by return to conventional till for herbicide resistant weed management. Sorghum/cotton rotation.",AG-CROP,UTRGV6,UTRGV,Hidalgo,NA,NA,0.64,BC,1.415,0.64,0,20,1,18.112000000000002
1429,AZ1-1-1,AZ1-1,1,TX-AZ1-1-STR,76.18102422,21.83406114,1.984914649,,2.085700689,5.799008641,1.52,1.43,0.0135,5.733824303,0.36038747,91.3806863,1.3567438,16.0415004,NA,73.9824421,NA,8.17,11.8304962,122.5809598,NA,NA,NA,NA,NA,717.7248,0.9954056,NA,NA,Violently,TX-215-SW-AZ1-1-1-032420,,0,1429,Ap,0,5,AZ1,1,2/27/2021,-97.814156,26.442916,Hidalgo,NA,14,BAU - Strip Till,BAU,CROP,Till,Strip Till,Strip tillage for 4 years with a cotton/sorghum rotation.,AG-CROP,UTRGV7,UTRGV,Hidalgo,NA,NA,1.52,A,2.085700689,1.52,0,5,1,15.851325236399997
1430,AZ1-1-2,AZ1-1,2,TX-AZ1-1-STR,82.02516477,16.97623327,0.998601957,,2.432912794,7.917953242,1.37,1.42,0.0076,0.0999001,0.328087611,89.9115044,1.2831858,13.3185841,NA,75.3097345,NA,8.38,18.28889605,84.89075302,NA,NA,NA,NA,NA,716.7528,0.8352552,NA,NA,Strong,TX-215-SW-AZ1-1-2-032420,,0,1430,Ap,5,10,AZ1,1,2/27/2021,-97.814156,26.442916,Hidalgo,NA,14,BAU - Strip Till,BAU,CROP,Till,Strip Till,Strip tillage for 4 years with a cotton/sorghum rotation.,AG-CROP,UTRGV7,UTRGV,Hidalgo,NA,NA,1.37,A,2.432912794,1.37,0,5,1,16.6654526389
1431,AZ1-1-3,AZ1-1,3,TX-AZ1-1-STR,80.02796085,13.9804274,5.991611744,,1.369715335,8.824670287,1.07,0.108,0.0627,0.2,0.32054478,83.3674514,0.3070624,18.4237462,NA,64.6366428,NA,8.38,15.91405154,70.62036676,NA,NA,NA,NA,NA,716.364,0.8103408,NA,NA,Strong,TX-215-SW-AZ1-1-3-032420,,0,1431,Ap,10,30,AZ1,1,2/27/2021,-97.814156,26.442916,Hidalgo,NA,14,BAU - Strip Till,BAU,CROP,Till,Strip Till,Strip tillage for 4 years with a cotton/sorghum rotation.,AG-CROP,UTRGV7,UTRGV,Hidalgo,NA,NA,1.07,A,1.369715335,1.07,0,20,1,29.311908169
1432,AZ1-1-4,AZ1-1,4,TX-AZ1-1-STR,83.03054502,7.985625873,8.983829108,,NA,NA,0.75,0.109,0.0417,0.4,0.293735147,81.6275586,0.1997004,16.4752871,NA,64.9525711,NA,8.54,12.4996221,20.98127195,NA,NA,NA,NA,NA,715.9968,0.5795496,NA,NA,Very Slightly,TX-215-SW-AZ1-1-4-032420,,0,1432,A1,30,50,AZ1,1,2/27/2021,-97.814156,26.442916,Hidalgo,NA,14,BAU - Strip Till,BAU,CROP,Till,Strip Till,Strip tillage for 4 years with a cotton/sorghum rotation.,AG-CROP,UTRGV7,UTRGV,Hidalgo,NA,NA,0.75,A,1.4649999999999999,0.75,0,20,1,21.974999999999998
1433,AZ1-1-5,AZ1-1,5,TX-AZ1-1-STR,66.26314745,11.90712443,21.82972812,,NA,NA,0.07,0.184,0.0322,1.102204409,0.343092863,84.7526358,0.324412,20.4379562,NA,63.9902676,NA,8.64,3.157761596,31.20300752,NA,NA,NA,NA,NA,717.2064,0.5823576,NA,NA,Violently,TX-215-SW-AZ1-1-5-032420,,0,1433,B2,50,80,AZ1,1,2/27/2021,-97.814156,26.442916,Hidalgo,NA,14,BAU - Strip Till,BAU,CROP,Till,Strip Till,Strip tillage for 4 years with a cotton/sorghum rotation.,AG-CROP,UTRGV7,UTRGV,Hidalgo,NA,NA,0.07,B,1.4,0.07,0,30,1,2.94
1434,AZ1-1-6,AZ1-1,6,TX-AZ1-1-STR,64.09335727,12.96628765,22.94035508,,NA,NA,0.25,2.24,0.0308,2.324406266,0.660738553,89.2886345,1.5126738,46.4431725,NA,41.3327882,NA,8.68,8.519873203,17.49902458,NA,NA,NA,NA,NA,716.796,0.7179488,NA,NA,Violently,TX-215-SW-AZ1-1-6-032421,,0,1434,B2ca,80,100,AZ1,1,2/27/2021,-97.814156,26.442916,Hidalgo,NA,14,BAU - Strip Till,BAU,CROP,Till,Strip Till,Strip tillage for 4 years with a cotton/sorghum rotation.,AG-CROP,UTRGV7,UTRGV,Hidalgo,NA,NA,0.25,BC,1.415,0.25,0,20,1,7.075
1435,AZ1-2-1,AZ1-2,1,TX-AZ1-2-STR,78.44405252,13.71742112,7.838526357,,2.147081961,5.73511854,1.17,1.49,0.0292,7.276119403,0.958131696,86.8912338,12.6623377,21.8344156,NA,52.3944805,NA,8.26,13.918079,188.6071011,NA,NA,NA,NA,NA,717.5952,2.0844704,NA,NA,Violently,TX-215-SW-AZ1-2-1-032421,,0,1435,Ap,0,5,AZ1,2,2/27/2021,-97.81413,26.440373,Hidalgo,NA,14,BAU - Strip Till,BAU,CROP,Till,Strip Till,Strip tillage for 4 years with a cotton/sorghum rotation.,AG-CROP,UTRGV7,UTRGV,Hidalgo,NA,NA,1.17,A,2.147081961,1.17,0,5,1,12.560429471849998
1436,AZ1-2-2,AZ1-2,2,TX-AZ1-2-STR,78.36774828,11.79941003,9.832841691,,2.469236522,7.289501513,1.17,1.33,0.0102,1.5625,0.322364681,104.3621013,0.6566604,13.6022514,NA,90.1031895,NA,8.51,11.25365824,69.32305892,NA,NA,NA,NA,NA,716.0616,1.2239512,NA,NA,Very Slightly,TX-215-SW-AZ1-2-2-032420,,0,1436,Ap,5,10,AZ1,2,2/27/2021,-97.81413,26.440373,Hidalgo,NA,14,BAU - Strip Till,BAU,CROP,Till,Strip Till,Strip tillage for 4 years with a cotton/sorghum rotation.,AG-CROP,UTRGV7,UTRGV,Hidalgo,NA,NA,1.17,A,2.469236522,1.17,0,5,1,14.4450336537
1437,AZ1-2-3,AZ1-2,3,TX-AZ1-2-STR,68.49773577,16.73557787,14.76668636,,1.901848237,10.8287796,0.68,1.14,0.0654,2.127659574,0.366502481,88.8833746,0.2977667,22.3325062,NA,66.2531017,NA,8.45,7.757277563,63.04135778,NA,NA,NA,NA,NA,715.4136,1.0622256,NA,NA,Very Slightly,TX-215-SW-AZ1-2-3-032420,,0,1437,Ap,10,30,AZ1,2,2/27/2021,-97.81413,26.440373,Hidalgo,NA,14,BAU - Strip Till,BAU,CROP,Till,Strip Till,Strip tillage for 4 years with a cotton/sorghum rotation.,AG-CROP,UTRGV7,UTRGV,Hidalgo,NA,NA,0.68,A,1.901848237,0.68,0,20,1,25.8651360232
1438,AZ1-2-4,AZ1-2,4,TX-AZ1-2-STR,68.36694346,11.8623962,19.77066034,,NA,NA,0.32,1.41,0.0518,0.551378446,0.407874527,98.2954545,0.4734848,24.2424242,NA,73.5795455,NA,8.59,10.19386391,45.67669173,NA,NA,NA,NA,NA,715.0896,0.9604032,NA,NA,Slight,TX-215-SW-AZ1-2-4-032420,,0,1438,A1,30,50,AZ1,2,2/27/2021,-97.81413,26.440373,Hidalgo,NA,14,BAU - Strip Till,BAU,CROP,Till,Strip Till,Strip tillage for 4 years with a cotton/sorghum rotation.,AG-CROP,UTRGV7,UTRGV,Hidalgo,NA,NA,0.32,A,1.4649999999999999,0.32,0,20,1,9.376
1439,AZ1-2-5,AZ1-2,5,TX-AZ1-2-STR,64.17910448,11.94029851,23.88059701,,NA,NA,0.34,1.91,0.0431,0.909090909,0.418762701,87.1657754,0.2673797,28.1194296,NA,58.7789661,NA,8.63,11.56837289,38.5290675,NA,NA,NA,NA,NA,714.8736,0.9256288,NA,NA,Strong,TX-215-SW-AZ1-2-5-032420,,0,1439,B2,50,80,AZ1,2,2/27/2021,-97.81413,26.440373,Hidalgo,NA,14,BAU - Strip Till,BAU,CROP,Till,Strip Till,Strip tillage for 4 years with a cotton/sorghum rotation.,AG-CROP,UTRGV7,UTRGV,Hidalgo,NA,NA,0.34,B,1.4,0.34,0,30,1,14.28
1440,AZ1-2-6,AZ1-2,6,TX-AZ1-2-STR,66.00679864,10.99780044,22.99540092,,NA,NA,0.32,2.71,0.0261,5.110220441,0.780048663,87.295691,1.2630015,60.2526003,NA,25.7800892,NA,8.67,8.729945387,16.33827546,NA,NA,NA,NA,NA,715.1976,0.6455584,NA,NA,Strong,TX-215-SW-AZ1-2-6-032420,,0,1440,B2ca,80,100,AZ1,2,2/27/2021,-97.81413,26.440373,Hidalgo,NA,14,BAU - Strip Till,BAU,CROP,Till,Strip Till,Strip tillage for 4 years with a cotton/sorghum rotation.,AG-CROP,UTRGV7,UTRGV,Hidalgo,NA,NA,0.32,BC,1.415,0.32,0,20,1,9.056000000000001
1441,AZ1-3-1,AZ1-3,1,TX-AZ1-3-STR,85.04188273,10.969286,3.988831272,,2.332002758,7.717437257,0.88,1.64,0.109,2.115282919,0.228168151,51.3140311,0.2227171,14.3429844,NA,36.7483296,NA,8.26,8.302709611,172.0834959,NA,NA,NA,NA,NA,715.932,1.7153416,NA,NA,Strong,TX-215-SW-AZ1-3-1-032420,,0,1441,Ap,0,5,AZ1,3,2/27/2021,-97.814157,26.441954,Hidalgo,NA,14,BAU - Strip Till,BAU,CROP,Till,Strip Till,Strip tillage for 4 years with a cotton/sorghum rotation.,AG-CROP,UTRGV7,UTRGV,Hidalgo,NA,NA,0.88,A,2.332002758,0.88,0,5,1,10.260812135199998
1442,AZ1-3-2,AZ1-3,2,TX-AZ1-3-STR,78.18326061,10.90836969,10.90836969,,2.314132261,9.947465891,0.6,1.23,0.0523,0.703871292,0.145751981,36.5029055,0.3169572,7.7126255,NA,28.4733228,NA,8.76,8.619197292,93.28911432,NA,NA,NA,NA,NA,716.9904,1.0067792,NA,NA,Strong,TX-215-SW-AZ1-3-2-032420,,0,1442,Ap,5,10,AZ1,3,2/27/2021,-97.814157,26.441954,Hidalgo,NA,14,BAU - Strip Till,BAU,CROP,Till,Strip Till,Strip tillage for 4 years with a cotton/sorghum rotation.,AG-CROP,UTRGV7,UTRGV,Hidalgo,NA,NA,0.6,A,2.314132261,0.6,0,5,1,6.9423967829999995
1443,AZ1-3-3,AZ1-3,3,TX-AZ1-3-STR,70.20854022,14.89572989,14.89572989,,1.610869924,10.31200995,0.87,1.57,0.00493,1.109989909,0.266634764,55.27897,0.6008584,15.7939914,NA,38.8841202,NA,8.49,10.89275,63.1779165,NA,NA,NA,NA,NA,715.6296,1.2891872,NA,NA,Violently,TX-215-SW-AZ1-3-3-032420,,0,1443,Ap,10,30,AZ1,3,2/27/2021,-97.814157,26.441954,Hidalgo,NA,14,BAU - Strip Till,BAU,CROP,Till,Strip Till,Strip tillage for 4 years with a cotton/sorghum rotation.,AG-CROP,UTRGV7,UTRGV,Hidalgo,NA,NA,0.87,A,1.610869924,0.87,0,20,1,28.0291366776
1444,AZ1-3-4,AZ1-3,4,TX-AZ1-3-STR,66.22292867,15.89509239,17.88197894,,NA,NA,0.48,1.91,0.0727,1.201201201,0.298808538,62.5528318,0.2113271,19.9070161,NA,42.4344886,NA,8.59,10.88951357,47.9516192,NA,NA,NA,NA,NA,716.4288,1.1425464,NA,NA,Violently,TX-215-SW-AZ1-3-4-032420,,0,1444,A1,30,50,AZ1,3,2/27/2021,-97.814157,26.441954,Hidalgo,NA,14,BAU - Strip Till,BAU,CROP,Till,Strip Till,Strip tillage for 4 years with a cotton/sorghum rotation.,AG-CROP,UTRGV7,UTRGV,Hidalgo,NA,NA,0.48,A,1.4649999999999999,0.48,0,20,1,14.063999999999998
1445,AZ1-3-5,AZ1-3,5,TX-AZ1-3-STR,62.09098164,13.96648045,23.94253791,,NA,NA,0.33,2.57,0.0487,2.309236948,0.402823328,50.1519758,0.6458967,30.3571429,NA,19.1489362,NA,8.63,5.267287234,37.64143582,NA,NA,NA,NA,NA,714.96,0.8965816,NA,NA,Violently,TX-215-SW-AZ1-3-5-032420,,0,1445,B2,50,80,AZ1,3,2/27/2021,-97.814157,26.441954,Hidalgo,NA,14,BAU - Strip Till,BAU,CROP,Till,Strip Till,Strip tillage for 4 years with a cotton/sorghum rotation.,AG-CROP,UTRGV7,UTRGV,Hidalgo,NA,NA,0.33,B,1.4,0.33,0,30,1,13.86
1446,AZ1-3-6,AZ1-3,6,TX-AZ1-3-STR,62.20409787,13.92480605,23.87109608,,NA,NA,0.14,2.92,0.0236,0.36101083,0.687858901,68.9261506,2.0335355,49.8037817,NA,17.0888334,NA,8.78,10.20623479,19.36090226,NA,NA,NA,NA,NA,713.9232,0.632188,NA,NA,Violently,TX-215-SW-AZ1-3-6-032420,,0,1446,B2ca,80,100,AZ1,3,2/27/2021,-97.814157,26.441954,Hidalgo,NA,14,BAU - Strip Till,BAU,CROP,Till,Strip Till,Strip tillage for 4 years with a cotton/sorghum rotation.,AG-CROP,UTRGV7,UTRGV,Hidalgo,NA,NA,0.14,BC,1.415,0.14,0,20,1,3.9620000000000006
1447,AZ2-1-1,AZ2-1,1,TX-AZ2-1-STR,84.02555911,5.990415335,9.984025559,,1.233938405,3.442772458,0.86,1.09,0.0607,0.961538462,0.150109555,17.5287357,1.2212644,6.6091954,NA,9.6982759,NA,8.5,10.90840613,220.7666797,NA,NA,NA,NA,NA,714.5064,1.3975872,NA,NA,Very Slightly,TX-215-SW-AZ2-1-1-120820,,0,1447,Ap,0,5,AZ2,1,12/8/2020,-97.857232,26.358343,Hidalgo,NA,15,BAU - Strip Till,BAU,CROP,Till,Strip Till,Strip tillage for 3 years with a cotton/sorghum rotation.,AG-CROP,UTRGV8,UTRGV,Hidalgo,NA,NA,0.86,A,1.233938405,0.86,0,5,1,5.3059351415
1448,AZ2-1-2,AZ2-1,2,TX-AZ2-1-STR,84.01278977,6.994404476,8.992805755,,0.991812593,3.560298423,0.7,1.02,0.0542,0.65228299,0.14992848,23.2841565,1.2828736,5.3880693,NA,16.6132136,NA,8.25,19.69703864,125.1755755,NA,NA,NA,NA,NA,716.1912,1.0667104,NA,NA,Very Slightly,TX-215-SW-AZ2-1-2-120820,,0,1448,Ap,5,10,AZ2,1,12/8/2020,-97.857232,26.358343,Hidalgo,NA,15,BAU - Strip Till,BAU,CROP,Till,Strip Till,Strip tillage for 3 years with a cotton/sorghum rotation.,AG-CROP,UTRGV8,UTRGV,Hidalgo,NA,NA,0.7,A,0.991812593,0.7,0,5,1,3.4713440755
1449,AZ2-1-3,AZ2-1,3,TX-AZ2-1-STR,76.01918465,6.994404476,16.98641087,,1.35708944,3.667700793,0.77,1.09,0.0666,0.049925112,0.218048976,90.3048475,0.049975,8.095952,NA,82.1589205,NA,7.55,5.171518375,68.02575107,NA,NA,NA,NA,NA,715.6944,1.7012552,NA,NA,None,TX-215-SW-AZ2-1-3-120820,,0,1449,Ap,10,30,AZ2,1,12/8/2020,-97.857232,26.358343,Hidalgo,NA,15,BAU - Strip Till,BAU,CROP,Till,Strip Till,Strip tillage for 3 years with a cotton/sorghum rotation.,AG-CROP,UTRGV8,UTRGV,Hidalgo,NA,NA,0.77,A,1.35708944,0.77,0,20,1,20.899177376
1450,AZ2-1-4,AZ2-1,4,TX-AZ2-1-STR,74.1499304,6.959634122,18.89043547,,NA,NA,0.37,0.91,0.0494,0.04995005,0.246597327,78.2652547,0.5547151,10.388300600000001,NA,67.322239,NA,7.76,8.092730232,17.77214202,NA,NA,NA,NA,NA,715.3056,0.9668008,NA,NA,None,TX-215-SW-AZ2-1-4-120820,,0,1450,A1,30,50,AZ2,1,12/8/2020,-97.857232,26.358343,Hidalgo,NA,15,BAU - Strip Till,BAU,CROP,Till,Strip Till,Strip tillage for 3 years with a cotton/sorghum rotation.,AG-CROP,UTRGV8,UTRGV,Hidalgo,NA,NA,0.37,A,1.4649999999999999,0.37,0,20,1,10.840999999999998
1451,AZ2-1-5,AZ2-1,5,TX-AZ2-1-STR,74.11389885,5.973715651,19.9123855,,NA,NA,0.29,0.78,0.0371,0.250125063,0.206391057,70.626918,0.2630425,8.8996054,NA,61.4642701,NA,7.8,8.240076561,18.72805306,NA,NA,NA,NA,NA,715.6728,0.8355872,NA,NA,None,TX-215-SW-AZ2-1-5-120820,,0,1451,B2,50,80,AZ2,1,12/8/2020,-97.857232,26.358343,Hidalgo,NA,15,BAU - Strip Till,BAU,CROP,Till,Strip Till,Strip tillage for 3 years with a cotton/sorghum rotation.,AG-CROP,UTRGV8,UTRGV,Hidalgo,NA,NA,0.29,B,1.4,0.29,0,30,1,12.18
1452,AZ2-1-6,AZ2-1,6,TX-AZ2-1-STR,73.04313099,7.987220447,18.96964856,,NA,NA,0.11,0.73,0.0291,0.25025025,0.244069102,98.3218164,0.148075,9.0325765,NA,89.1411649,NA,8.13,9.003214285,20.09364027,NA,NA,NA,NA,NA,715.068,0.841904,NA,NA,None,TX-215-SW-AZ2-1-6-120820,,0,1452,B2ca,80,100,AZ2,1,12/8/2020,-97.857232,26.358343,Hidalgo,NA,15,BAU - Strip Till,BAU,CROP,Till,Strip Till,Strip tillage for 3 years with a cotton/sorghum rotation.,AG-CROP,UTRGV8,UTRGV,Hidalgo,NA,NA,0.11,BC,1.415,0.11,0,20,1,3.1130000000000004
1453,AZ2-2-1,AZ2-2,1,TX-AZ2-2-STR,74.21146598,11.90240032,13.8861337,,1.241805309,4.030623733,0.95,1.47,0.0047,1.056338028,0.373984231,88.5238721,1.0512484,19.4042926,NA,68.0683311,NA,8.24,13.18900519,106.125634,NA,NA,NA,NA,NA,715.716,1.3189288,NA,NA,Strong,TX-215-SW-AZ2-2-1-120820,,0,1453,Ap,0,5,AZ2,2,12/8/2020,-97.846311,26.358388,Hidalgo,NA,15,BAU - Strip Till,BAU,CROP,Till,Strip Till,Strip tillage for 3 years with a cotton/sorghum rotation.,AG-CROP,UTRGV8,UTRGV,Hidalgo,NA,NA,0.95,A,1.241805309,0.95,0,5,1,5.89857521775
1454,AZ2-2-2,AZ2-2,2,TX-AZ2-2-STR,72.01678993,12.99220468,14.9910054,,1.186834105,3.658152003,0.82,1.41,0.0706,0.847008999,0.269729398,85.6481482,1.0185185,9.3055556,NA,75.3240741,NA,8.37,9.732279514,101.755755,NA,NA,NA,NA,NA,715.4352,1.1744232,NA,NA,Strong,TX-215-SW-AZ2-2-2-120820,,0,1454,Ap,5,10,AZ2,2,12/8/2020,-97.846311,26.358388,Hidalgo,NA,15,BAU - Strip Till,BAU,CROP,Till,Strip Till,Strip tillage for 3 years with a cotton/sorghum rotation.,AG-CROP,UTRGV8,UTRGV,Hidalgo,NA,NA,0.82,A,1.186834105,0.82,0,5,1,4.8660198305
1455,AZ2-2-3,AZ2-2,3,TX-AZ2-2-STR,64.31403648,14.86915147,20.81681205,,1.235395239,3.563305534,0.74,1.86,0.0657,1.516683519,0.382886345,92.0080321,0.4016064,23.0120482,NA,68.5943775,NA,8.39,11.59849131,45.22044479,NA,NA,NA,NA,NA,715.5216,0.976328,NA,NA,Violently,TX-215-SW-AZ2-2-3-120820,,0,1455,Ap,10,30,AZ2,2,12/8/2020,-97.846311,26.358388,Hidalgo,NA,15,BAU - Strip Till,BAU,CROP,Till,Strip Till,Strip tillage for 3 years with a cotton/sorghum rotation.,AG-CROP,UTRGV8,UTRGV,Hidalgo,NA,NA,0.74,A,1.235395239,0.74,0,20,1,18.283849537200002
1456,AZ2-2-4,AZ2-2,4,TX-AZ2-2-STR,63.05910543,12.97923323,23.96166134,,NA,NA,0.48,2.19,0.0431,1.225114855,0.532656826,91.6474654,0.6912442,37.0103687,NA,53.9458525,NA,8.58,3.193767539,25,NA,NA,NA,NA,NA,715.824,0.6276968,NA,NA,Violently,TX-215-SW-AZ2-2-4-120820,,0,1456,A1,30,50,AZ2,2,12/8/2020,-97.846311,26.358388,Hidalgo,NA,15,BAU - Strip Till,BAU,CROP,Till,Strip Till,Strip tillage for 3 years with a cotton/sorghum rotation.,AG-CROP,UTRGV8,UTRGV,Hidalgo,NA,NA,0.48,A,1.4649999999999999,0.48,0,20,1,14.063999999999998
1457,AZ2-2-5,AZ2-2,5,TX-AZ2-2-STR,58.5717104,15.78220556,25.64608404,,NA,NA,0.36,2.24,0.0345,1.383905689,0.968363364,115.3271028,0.411215,79.4766355,NA,35.4392523,NA,8.74,16.14412642,17.02106906,NA,NA,NA,NA,NA,715.3056,0.5600872,NA,NA,Violently,TX-215-SW-AZ2-2-5-120820,,0,1457,B2,50,80,AZ2,2,12/8/2020,-97.846311,26.358388,Hidalgo,NA,15,BAU - Strip Till,BAU,CROP,Till,Strip Till,Strip tillage for 3 years with a cotton/sorghum rotation.,AG-CROP,UTRGV8,UTRGV,Hidalgo,NA,NA,0.36,B,1.4,0.36,0,30,1,15.120000000000001
1458,AZ2-2-6,AZ2-2,6,TX-AZ2-2-STR,62.20409787,13.92480605,23.87109608,,NA,NA,0.23,2.29,0.0316,4.040920716,0.657334542,89.7426604,0.6886553,50.1268576,NA,38.9271475,NA,8.77,11.98674313,18.42105263,NA,NA,NA,NA,NA,713.772,0.571172,NA,NA,Violently,TX-215-SW-AZ2-2-6-120820,,0,1458,B2ca,80,100,AZ2,2,12/8/2020,-97.846311,26.358388,Hidalgo,NA,15,BAU - Strip Till,BAU,CROP,Till,Strip Till,Strip tillage for 3 years with a cotton/sorghum rotation.,AG-CROP,UTRGV8,UTRGV,Hidalgo,NA,NA,0.23,BC,1.415,0.23,0,20,1,6.509
1459,AZ2-3-1,AZ2-3,1,TX-AZ2-3-STR,74.03634911,11.98322349,13.9804274,,1.344269301,3.175935642,1.11,1.4,0.013,4.422869471,0.714687361,88.2926829,7.6274945,21.6851441,NA,58.9800443,NA,7.97,15.41756517,177.6141241,NA,NA,NA,NA,NA,716.04,1.0862904,NA,NA,Strong,TX-215-SW-AZ2-3-1-120820,,0,1459,Ap,0,5,AZ2,3,12/8/2020,-97.85824,26.36504,Hidalgo,NA,15,BAU - Strip Till,BAU,CROP,Till,Strip Till,Strip tillage for 3 years with a cotton/sorghum rotation.,AG-CROP,UTRGV8,UTRGV,Hidalgo,NA,NA,1.11,A,1.344269301,1.11,0,5,1,7.46069462055
1460,AZ2-3-2,AZ2-3,2,TX-AZ2-3-STR,72.16699801,13.91650099,13.91650099,,1.505977876,3.280938124,1.19,1.44,0.00577,1.005530417,0.347949255,107.07635,0.4655493,16.7597765,NA,89.8510242,NA,8.37,13.53341667,67.54779555,NA,NA,NA,NA,NA,715.824,1.0673,NA,NA,Strong,TX-215-SW-AZ2-3-2-120820,,0,1460,Ap,5,10,AZ2,3,12/8/2020,-97.85824,26.36504,Hidalgo,NA,15,BAU - Strip Till,BAU,CROP,Till,Strip Till,Strip tillage for 3 years with a cotton/sorghum rotation.,AG-CROP,UTRGV8,UTRGV,Hidalgo,NA,NA,1.19,A,1.505977876,1.19,0,5,1,8.9605683622
1461,AZ2-3-3,AZ2-3,3,TX-AZ2-3-STR,68.43558887,11.83665417,19.72775695,,1.521808805,4.06538909,0.9,1.41,0.0697,0.752688172,0.388249319,107.9854809,0.907441,18.5571688,NA,88.5208711,NA,8.37,9.599074307,35.18337885,NA,NA,NA,NA,NA,716.6232,0.9270048,NA,NA,Violently,TX-215-SW-AZ2-3-3-120820,,0,1461,Ap,10,30,AZ2,3,12/8/2020,-97.85824,26.36504,Hidalgo,NA,15,BAU - Strip Till,BAU,CROP,Till,Strip Till,Strip tillage for 3 years with a cotton/sorghum rotation.,AG-CROP,UTRGV8,UTRGV,Hidalgo,NA,NA,0.9,A,1.521808805,0.9,0,20,1,27.39255849
1462,AZ2-3-4,AZ2-3,4,TX-AZ2-3-STR,66.70583627,9.792401097,23.50176263,,NA,NA,0.97,1.24,0.0639,0.1998002,0.395538327,83.0048181,0.7008322,24.2225142,NA,58.0814717,NA,8.42,3.435920819,29.58447132,NA,NA,NA,NA,NA,715.3056,0.6610152,NA,NA,Strong,TX-215-SW-AZ2-3-4-120820,,0,1462,A1,30,50,AZ2,3,12/8/2020,-97.85824,26.36504,Hidalgo,NA,15,BAU - Strip Till,BAU,CROP,Till,Strip Till,Strip tillage for 3 years with a cotton/sorghum rotation.,AG-CROP,UTRGV8,UTRGV,Hidalgo,NA,NA,0.97,A,1.4649999999999999,0.97,0,20,1,28.421
1463,AZ2-3-5,AZ2-3,5,TX-AZ2-3-STR,66.27653243,9.918666931,23.80480063,,NA,NA,0.75,1.01,0.0519,0.05005005,0.367954785,86.9622476,0.6145742,21.2028095,NA,65.1448639,NA,8.38,8.295264599,9.646898166,NA,NA,NA,NA,NA,715.6296,0.4548344,NA,NA,Very Slightly,TX-215-SW-AZ2-3-5-120820,,0,1463,B2,50,80,AZ2,3,12/8/2020,-97.85824,26.36504,Hidalgo,NA,15,BAU - Strip Till,BAU,CROP,Till,Strip Till,Strip tillage for 3 years with a cotton/sorghum rotation.,AG-CROP,UTRGV8,UTRGV,Hidalgo,NA,NA,0.75,B,1.4,0.75,0,30,1,31.499999999999993
1464,AZ2-3-6,AZ2-3,6,TX-AZ2-3-STR,68.23506055,7.941234862,23.82370459,,NA,NA,0.62,0.85,0.0402,0.25,0.409538745,78.7878787,0.995671,24.8484848,NA,52.9437229,NA,8.36,8.415581313,9.032383925,NA,NA,NA,NA,NA,715.824,0.4108824,NA,NA,None,TX-215-SW-AZ2-3-6-120820,,0,1464,B2ca,80,100,AZ2,3,12/8/2020,-97.85824,26.36504,Hidalgo,NA,15,BAU - Strip Till,BAU,CROP,Till,Strip Till,Strip tillage for 3 years with a cotton/sorghum rotation.,AG-CROP,UTRGV8,UTRGV,Hidalgo,NA,NA,0.62,BC,1.415,0.62,0,20,1,17.546
1465,AZ3-1-1,AZ3-1,1,TX-AZ3-1-STR,70.11952191,20.91633466,8.964143426,,1.695851908,3.610267734,1.36,1.78,0.0111,2.008238929,0.328806678,93.4070608,1.4887282,11.8247554,NA,80.0935772,NA,8.34,12.92879594,78.13109637,NA,NA,NA,NA,NA,715.4784,1.7625536,NA,NA,Strong,TX-215-SW-AZ3-1-1-121420,,0,1465,Ap,0,5,AZ3,1,12/14/2021,-97.852623,26.389298,Hidalgo,NA,16,BAU - Strip Till,BAU,CROP,Till,Strip Till,"Strip tillage for 6 years with a cotton/sorghum rotation, Sunn hemp cover crop 1 year before sampling.",AG-CROP,UTRGV9,UTRGV,Hidalgo,NA,NA,1.36,A,1.695851908,1.36,0,5,1,11.531792974400002
1466,AZ3-1-2,AZ3-1,2,TX-AZ3-1-STR,68.12749004,20.91633466,10.9561753,,0.815535678,4.362186788,1.05,1.64,0.0705,0.352644836,0.253807588,82.6106594,0.9485095,8.4914182,NA,73.1707317,NA,8.45,8.117204307,47.47366368,NA,NA,NA,NA,NA,715.6296,1.2289136,NA,NA,Strong,TX-215-SW-AZ3-1-2-121420,,0,1466,Ap,5,10,AZ3,1,12/14/2021,-97.852623,26.389298,Hidalgo,NA,16,BAU - Strip Till,BAU,CROP,Till,Strip Till,"Strip tillage for 6 years with a cotton/sorghum rotation, Sunn hemp cover crop 1 year before sampling.",AG-CROP,UTRGV9,UTRGV,Hidalgo,NA,NA,1.05,A,0.815535678,1.05,0,5,1,4.281562309500001
1467,AZ3-1-3,AZ3-1,3,TX-AZ3-1-STR,71.01738957,13.99160504,14.9910054,,0.883521265,4.443277311,1.08,1.71,0.0696,0.202020202,0.319540114,84.480491,0.3945638,17.71153,NA,66.3743972,NA,8.54,15.55477571,27.87748732,NA,NA,NA,NA,NA,715.8456,1.1741512,NA,NA,Strong,TX-215-SW-AZ3-1-3-121420,,0,1467,Ap,10,30,AZ3,1,12/14/2021,-97.852623,26.389298,Hidalgo,NA,16,BAU - Strip Till,BAU,CROP,Till,Strip Till,"Strip tillage for 6 years with a cotton/sorghum rotation, Sunn hemp cover crop 1 year before sampling.",AG-CROP,UTRGV9,UTRGV,Hidalgo,NA,NA,1.08,A,0.883521265,1.08,0,20,1,19.084059324000002
1468,AZ3-1-4,AZ3-1,4,TX-AZ3-1-STR,66.14220275,13.94144593,19.91635132,,NA,NA,0.73,2.49,0.0412,0.659898477,0.447492219,89.1460495,1.4764565,24.7406225,NA,62.9289705,NA,8.67,12.45387177,17.22590714,NA,NA,NA,NA,NA,715.4352,0.6562072,NA,NA,Violently,TX-215-SW-AZ3-1-4-121420,,0,1468,A1,30,50,AZ3,1,12/14/2021,-97.852623,26.389298,Hidalgo,NA,16,BAU - Strip Till,BAU,CROP,Till,Strip Till,"Strip tillage for 6 years with a cotton/sorghum rotation, Sunn hemp cover crop 1 year before sampling.",AG-CROP,UTRGV9,UTRGV,Hidalgo,NA,NA,0.73,A,1.4649999999999999,0.73,0,20,1,21.388999999999996
1469,AZ3-1-5,AZ3-1,5,TX-AZ3-1-STR,66.24305004,13.89992057,19.85702939,,NA,NA,0.75,3.03,0.0341,5.191532258,0.470307336,88.6486486,0.1158301,33.9382239,NA,54.5945946,NA,8.77,8.584806591,15.60710105,NA,NA,NA,NA,NA,714.5712,0.6221408,NA,NA,Violently,TX-215-SW-AZ3-1-5-121420,,0,1469,B2,50,80,AZ3,1,12/14/2021,-97.852623,26.389298,Hidalgo,NA,16,BAU - Strip Till,BAU,CROP,Till,Strip Till,"Strip tillage for 6 years with a cotton/sorghum rotation, Sunn hemp cover crop 1 year before sampling.",AG-CROP,UTRGV9,UTRGV,Hidalgo,NA,NA,0.75,B,1.4,0.75,0,30,1,31.499999999999993
1470,AZ3-1-6,AZ3-1,6,TX-AZ3-1-STR,62.03796204,13.98601399,23.97602398,,NA,NA,0.6,3.38,0.0272,2.556390977,0.683195406,89.1166078,0.7420495,52.614841,NA,35.7597173,NA,8.68,7.343325829,10.73936793,NA,NA,NA,NA,NA,713.8152,0.6317448,NA,NA,Violently,TX-215-SW-AZ3-1-6-121420,,0,1470,B2ca,80,100,AZ3,1,12/14/2021,-97.852623,26.389298,Hidalgo,NA,16,BAU - Strip Till,BAU,CROP,Till,Strip Till,"Strip tillage for 6 years with a cotton/sorghum rotation, Sunn hemp cover crop 1 year before sampling.",AG-CROP,UTRGV9,UTRGV,Hidalgo,NA,NA,0.6,BC,1.415,0.6,0,20,1,16.98
1471,AZ3-2-1,AZ3-2,1,TX-AZ3-2-STR,71.17869211,19.87676406,8.944543828,,1.401862805,3.328645101,1.23,1.51,0.0157,0.514933059,0.377848434,86.1204819,1.7831325,16.5301205,NA,67.8072289,NA,8.22,21.65412007,36.68552478,NA,NA,NA,NA,NA,715.9968,1.864928,NA,NA,Strong,TX-215-SW-AZ3-2-1-121420,,0,1471,Ap,0,5,AZ3,2,12/14/2021,-97.852666,26.387731,Hidalgo,NA,16,BAU - Strip Till,BAU,CROP,Till,Strip Till,"Strip tillage for 6 years with a cotton/sorghum rotation, Sunn hemp cover crop 1 year before sampling.",AG-CROP,UTRGV9,UTRGV,Hidalgo,NA,NA,1.23,A,1.401862805,1.23,0,5,1,8.621456250749999
1472,AZ3-2-2,AZ3-2,2,TX-AZ3-2-STR,72.01119552,17.99280288,9.996001599,,1.639909482,3.23782235,0.87,1.36,0.0158,0.200300451,0.295725145,88.4529648,0.891663,12.1711993,NA,75.3901025,NA,8.22,7.925075985,57.78384705,NA,NA,NA,NA,NA,715.3488,1.0918704,NA,NA,Strong,TX-215-SW-AZ3-2-2-121420,,0,1472,Ap,5,10,AZ3,2,12/14/2021,-97.852666,26.387731,Hidalgo,NA,16,BAU - Strip Till,BAU,CROP,Till,Strip Till,"Strip tillage for 6 years with a cotton/sorghum rotation, Sunn hemp cover crop 1 year before sampling.",AG-CROP,UTRGV9,UTRGV,Hidalgo,NA,NA,0.87,A,1.639909482,0.87,0,5,1,7.133606246699999
1473,AZ3-2-3,AZ3-2,3,TX-AZ3-2-STR,72.02238209,15.98721023,11.99040767,,0.951506852,4.232649071,0.82,1.38,0.0622,0.852985449,0.252420821,88.172043,0.5865103,9.2864125,NA,78.2991202,NA,8.59,13.24090031,27.058135,NA,NA,NA,NA,NA,714.5496,0.7974856,NA,NA,Strong,TX-215-SW-AZ3-2-3-121420,,0,1473,Ap,10,30,AZ3,2,12/14/2021,-97.852666,26.387731,Hidalgo,NA,16,BAU - Strip Till,BAU,CROP,Till,Strip Till,"Strip tillage for 6 years with a cotton/sorghum rotation, Sunn hemp cover crop 1 year before sampling.",AG-CROP,UTRGV9,UTRGV,Hidalgo,NA,NA,0.82,A,0.951506852,0.82,0,20,1,15.604712372799998
1474,AZ3-2-4,AZ3-2,4,TX-AZ3-2-STR,73.31488436,10.87171378,15.81340186,,NA,NA,0.62,1.83,0.0502,0.360638846,0.297622494,82.6280623,0.7572383,13.9420935,NA,67.9287305,NA,8.57,8.972310479,11.42216153,NA,NA,NA,NA,NA,714.7224,0.7098864,NA,NA,Violently,TX-215-SW-AZ3-2-4-121420,,0,1474,A1,30,50,AZ3,2,12/14/2021,-97.852666,26.387731,Hidalgo,NA,16,BAU - Strip Till,BAU,CROP,Till,Strip Till,"Strip tillage for 6 years with a cotton/sorghum rotation, Sunn hemp cover crop 1 year before sampling.",AG-CROP,UTRGV9,UTRGV,Hidalgo,NA,NA,0.62,A,1.4649999999999999,0.62,0,20,1,18.165999999999997
1475,AZ3-2-5,AZ3-2,5,TX-AZ3-2-STR,67.19029628,10.93656791,21.87313581,,NA,NA,0.36,2.69,0.0347,2.337398374,0.360881907,88.5796153,0.286533,21.8583709,NA,66.4347114,NA,8.66,16.68457472,10.1931335,NA,NA,NA,NA,NA,714.1824,0.488716,NA,NA,Violently,TX-215-SW-AZ3-2-5-121420,,0,1475,B2,50,80,AZ3,2,12/14/2021,-97.852666,26.387731,Hidalgo,NA,16,BAU - Strip Till,BAU,CROP,Till,Strip Till,"Strip tillage for 6 years with a cotton/sorghum rotation, Sunn hemp cover crop 1 year before sampling.",AG-CROP,UTRGV9,UTRGV,Hidalgo,NA,NA,0.36,B,1.4,0.36,0,30,1,15.120000000000001
1476,AZ3-2-6,AZ3-2,6,TX-AZ3-2-STR,70.04792332,9.984025559,19.96805112,,NA,NA,0.3,2.83,0.0223,1.220752798,0.562393351,87.5607023,0.5229735,41.5390362,NA,45.4986926,NA,8.72,28.70371583,30.1307062,NA,NA,NA,NA,NA,714.3336,0.4038112,NA,NA,Violently,TX-215-SW-AZ3-2-6-121420,,0,1476,B2ca,80,100,AZ3,2,12/14/2021,-97.852666,26.387731,Hidalgo,NA,16,BAU - Strip Till,BAU,CROP,Till,Strip Till,"Strip tillage for 6 years with a cotton/sorghum rotation, Sunn hemp cover crop 1 year before sampling.",AG-CROP,UTRGV9,UTRGV,Hidalgo,NA,NA,0.3,BC,1.415,0.3,0,20,1,8.49
1477,AZ3-3-1,AZ3-3,1,TX-AZ3-3-STR,71.05788423,19.96007984,8.982035928,,1.336596642,3.316003934,1.16,1.66,0.0329,1.898409441,0.239543276,74.1740344,0.6514658,9.8185202,NA,63.7040484,NA,8.21,3.102792662,40.03121342,NA,NA,NA,NA,NA,715.9968,1.2233744,NA,NA,Strong,TX-215-SW-AZ3-3-1-121420,,0,1477,Ap,0,5,AZ3,3,12/14/2021,-97.849146,26.387833,Hidalgo,NA,16,BAU - Strip Till,BAU,CROP,Till,Strip Till,"Strip tillage for 6 years with a cotton/sorghum rotation, Sunn hemp cover crop 1 year before sampling.",AG-CROP,UTRGV9,UTRGV,Hidalgo,NA,NA,1.16,A,1.336596642,1.16,0,5,1,7.752260523599999
1478,AZ3-3-2,AZ3-3,2,TX-AZ3-3-STR,70.06585512,19.95609659,9.978048294,,1.267931199,6.058861625,0.98,1.6,0.0376,0.905888274,0.12630084,47.1548507,0.4197761,3.5447761,NA,43.1902985,NA,8.18,7.722191894,32.65704253,NA,NA,NA,NA,NA,715.608,0.9529304,NA,NA,Strong,TX-215-SW-AZ3-3-2-121420,,0,1478,Ap,5,10,AZ3,3,12/14/2021,-97.849146,26.387833,Hidalgo,NA,16,BAU - Strip Till,BAU,CROP,Till,Strip Till,"Strip tillage for 6 years with a cotton/sorghum rotation, Sunn hemp cover crop 1 year before sampling.",AG-CROP,UTRGV9,UTRGV,Hidalgo,NA,NA,0.98,A,1.267931199,0.98,0,5,1,6.212862875099999
1479,AZ3-3-3,AZ3-3,3,TX-AZ3-3-STR,70.02398082,17.98561151,11.99040767,,1.434981498,3.777271247,0.86,1.3,0.133,0.551102204,0.164431829,52.9548627,0.2791996,7.2591903,NA,45.4164728,NA,8.6,9.182998229,26.0339446,NA,NA,NA,NA,NA,715.716,0.7880848,NA,NA,Strong,TX-215-SW-AZ3-3-3-121420,,0,1479,Ap,10,30,AZ3,3,12/14/2021,-97.849146,26.387833,Hidalgo,NA,16,BAU - Strip Till,BAU,CROP,Till,Strip Till,"Strip tillage for 6 years with a cotton/sorghum rotation, Sunn hemp cover crop 1 year before sampling.",AG-CROP,UTRGV9,UTRGV,Hidalgo,NA,NA,0.86,A,1.434981498,0.86,0,20,1,24.681681765599997
1480,AZ3-3-4,AZ3-3,4,TX-AZ3-3-STR,70.44334975,13.79310345,15.7635468,,NA,NA,1.29,1.74,0.0819,0.654252642,0.189953045,49.9571184,0.6003431,8.7478559,NA,40.6089194,NA,8.61,8.923862733,10.67108857,NA,NA,NA,NA,NA,715.3704,0.6764104,NA,NA,Violently,TX-215-SW-AZ3-3-4-121420,,0,1480,A1,30,50,AZ3,3,12/14/2021,-97.849146,26.387833,Hidalgo,NA,16,BAU - Strip Till,BAU,CROP,Till,Strip Till,"Strip tillage for 6 years with a cotton/sorghum rotation, Sunn hemp cover crop 1 year before sampling.",AG-CROP,UTRGV9,UTRGV,Hidalgo,NA,NA,1.29,A,1.4649999999999999,1.29,0,20,1,37.797
1481,AZ3-3-5,AZ3-3,5,TX-AZ3-3-STR,66.20950109,13.91373484,19.87676406,,NA,NA,0.58,2.27,0.0551,1.057401813,0.227813451,62.9370629,0.4524887,11.3533525,NA,51.1312217,NA,8.63,14.75311343,9.237222005,NA,NA,NA,NA,NA,714.9384,0.5801448,NA,NA,Violently,TX-215-SW-AZ3-3-5-121420,,0,1481,B2,50,80,AZ3,3,12/14/2021,-97.849146,26.387833,Hidalgo,NA,16,BAU - Strip Till,BAU,CROP,Till,Strip Till,"Strip tillage for 6 years with a cotton/sorghum rotation, Sunn hemp cover crop 1 year before sampling.",AG-CROP,UTRGV9,UTRGV,Hidalgo,NA,NA,0.58,B,1.4,0.58,0,30,1,24.36
1482,AZ3-3-6,AZ3-3,6,TX-AZ3-3-STR,70.05390297,11.97843881,17.96765822,,NA,NA,0.34,2.63,0.0392,0.867346939,0.284533814,66.7066827,0.040016,18.647459,NA,48.0192077,NA,8.66,9.009953847,7.735076083,NA,NA,NA,NA,NA,714.7008,0.5083856,NA,NA,Very Slightly,TX-215-SW-AZ3-3-6-121420,,0,1482,B2ca,80,100,AZ3,3,12/14/2021,-97.849146,26.387833,Hidalgo,NA,16,BAU - Strip Till,BAU,CROP,Till,Strip Till,"Strip tillage for 6 years with a cotton/sorghum rotation, Sunn hemp cover crop 1 year before sampling.",AG-CROP,UTRGV9,UTRGV,Hidalgo,NA,NA,0.34,BC,1.415,0.34,0,20,1,9.622
291,CVT-1-1-1,CVT-1-1,1,P1_R1a,NA,NA,NA,,1.11,5.51,0.15,NA,NA,NA,0.62,NA,NA,NA,NA,NA,NA,NA,26,22.46,20.18,1.48,NA,NA,2.26,150.56,0.07472,NA,NA,,TX-115-SWSHA-P1-R1A-0_5-06012018,18N06041,NA,291,Ap,0,5,CVT-1,a,NA,-101.9472,32.774177,NA,Amarillo,28,BAU,BAU,CROP,Till,Conv Till - 1,CT,AG-CROP,Lamesa,TexasA&MPt-1,Amarillo,0.2,0.24,0.15,A,1.11,0.15,0,5,1,0.8325
292,CVT-1-1-2,CVT-1-1,2,P1_R1a,NA,NA,NA,,1.15,6.74,0.15,NA,NA,NA,1.03,NA,NA,NA,NA,NA,NA,NA,50,18.72,0.38,2.13,NA,NA,2.48,172.87,0.08619,NA,NA,,TX-115-SWSHA-P1-R1A-5_10-06012018,18N06042,NA,292,Ap,5,10,CVT-1,a,NA,-101.9472,32.774177,NA,Amarillo,28,BAU,BAU,CROP,Till,Conv Till - 1,CT,AG-CROP,Lamesa,TexasA&MPt-1,Amarillo,0.2,0.22,0.15,A,1.15,0.15,0,5,1,0.8624999999999999
293,CVT-1-1-3,CVT-1-1,3,P1_R1a,NA,NA,NA,,1.43,8.36,0.17,NA,NA,NA,0.82,NA,NA,NA,NA,NA,NA,NA,236,19,7.96,4.04,NA,NA,1.24,168.29,0.07687,NA,NA,,TX-115-SWSHA-P1-R1A-10_35-06012018,18N06043,NA,293,Ap,10,35,CVT-1,a,NA,-101.9472,32.774177,NA,Amarillo,28,BAU,BAU,CROP,Till,Conv Till - 1,CT,AG-CROP,Lamesa,TexasA&MPt-1,Amarillo,0.2,0.21,0.17,A,1.43,0.17,0,25,1,6.077500000000001
294,CVT-1-1-4,CVT-1-1,4,P1_R1a,NA,NA,NA,,1.44,9.51,0.17,NA,NA,NA,1.42,NA,NA,NA,NA,NA,NA,NA,133,8.66,6.46,1.37,NA,NA,1.73,118.83,0.05679,NA,NA,,TX-115-SWSHA-P1-R1A-35_75-06012018,,NA,294,Bt1,35,75,CVT-1,a,NA,-101.9472,32.774177,NA,Amarillo,28,BAU,BAU,CROP,Till,Conv Till - 1,CT,AG-CROP,Lamesa,TexasA&MPt-1,Amarillo,NA,NA,0.17,Bt,1.44,0.17,0,40,1,9.792000000000002
295,CVT-1-1-5,CVT-1-1,5,P1_R1a,NA,NA,NA,,1.37,8.99,0.11,NA,NA,NA,1.44,NA,NA,NA,NA,NA,NA,NA,56,5.86,2.11,1.47,NA,NA,0.92,81.22,0.01879,NA,NA,,TX-115-SW-P1-R1A-75_100-06012018,,NA,295,Bt2,75,100,CVT-1,a,NA,-101.9472,32.774177,NA,Amarillo,28,BAU,BAU,CROP,Till,Conv Till - 1,CT,AG-CROP,Lamesa,TexasA&MPt-1,Amarillo,NA,NA,0.11,Bt,1.37,0.11,0,25,1,3.7675
296,CVT-1-2-1,CVT-1-2,1,P1_R1b,NA,NA,NA,,1.13,5.73,0.18,NA,NA,NA,0.75,NA,NA,NA,NA,NA,NA,NA,11,21.56,18.71,0.98,NA,NA,1.34,251.77,0.11343,NA,NA,,TX-115-SWSHA-P1-R1B-0_5-06012018,18N06044,NA,296,Ap,0,5,CVT-1,b,NA,-101.9472,32.774177,NA,Amarillo,28,BAU,BAU,CROP,Till,Conv Till - 1,CT,AG-CROP,Lamesa,TexasA&MPt-1,Amarillo,0.3,0.26,0.18,A,1.13,0.18,0,5,1,1.017
297,CVT-1-2-2,CVT-1-2,2,P1_R1b,NA,NA,NA,,1.45,7.43,0.17,NA,NA,NA,0.94,NA,NA,NA,NA,NA,NA,NA,80,21.19,8.28,2.95,NA,NA,1.86,150.56,0.08189,NA,NA,,TX-115-SWSHA-P1-R1B-5_10-06012018,18N06045,NA,297,Ap,5,10,CVT-1,b,NA,-101.9472,32.774177,NA,Amarillo,28,BAU,BAU,CROP,Till,Conv Till - 1,CT,AG-CROP,Lamesa,TexasA&MPt-1,Amarillo,0.3,0.31,0.17,A,1.45,0.17,0,5,1,1.2325
298,CVT-1-2-3,CVT-1-2,3,P1_R1b,NA,NA,NA,,1.36,8.09,0.14,NA,NA,NA,0.94,NA,NA,NA,NA,NA,NA,NA,83,15.48,5.29,0.7,NA,NA,2.73,151.16,0.09623,NA,NA,,TX-115-SWSHA-P1-R1B-10_35-06012018,,NA,298,Ap,10,35,CVT-1,b,NA,-101.9472,32.774177,NA,Amarillo,28,BAU,BAU,CROP,Till,Conv Till - 1,CT,AG-CROP,Lamesa,TexasA&MPt-1,Amarillo,NA,NA,0.14,A,1.36,0.14,0,25,1,4.760000000000001
299,CVT-1-2-4,CVT-1-2,4,P1_R1b,NA,NA,NA,,1.54,9.04,0.21,NA,NA,NA,1.52,NA,NA,NA,NA,NA,NA,NA,71,3.37,4.26,2.11,NA,NA,1.03,114.21,0.05249,NA,NA,,TX-115-SWSHA-P1-R1B-35_75-06012018,,NA,299,Bt1,35,75,CVT-1,b,NA,-101.9472,32.774177,NA,Amarillo,28,BAU,BAU,CROP,Till,Conv Till - 1,CT,AG-CROP,Lamesa,TexasA&MPt-1,Amarillo,NA,NA,0.21,Bt,1.54,0.21,0,40,1,12.936
300,CVT-1-2-5,CVT-1-2,5,P1_R1b,NA,NA,NA,,1.43,10.59,0.15,NA,NA,NA,1.12,NA,NA,NA,NA,NA,NA,NA,77,3.93,5.25,2.07,NA,NA,1.42,72.06,0.02524,NA,NA,,TX-115-SW-P1-R1B-75_100-06012018,,NA,300,Bt2,75,100,CVT-1,b,NA,-101.9472,32.774177,NA,Amarillo,28,BAU,BAU,CROP,Till,Conv Till - 1,CT,AG-CROP,Lamesa,TexasA&MPt-1,Amarillo,NA,NA,0.15,Bt,1.43,0.15,0,25,1,5.3625
301,CVT-1-3-1,CVT-1-3,1,P1_R1c,NA,NA,NA,,1.72,5.16,0.21,NA,NA,NA,0.63,NA,NA,NA,NA,NA,NA,NA,85,22.08,11.79,0.7,NA,NA,0.29,142.76,0.05249,NA,NA,,TX-115-SWSHA-P1-R1C-0_5-06012018,18N06046,NA,301,Ap,0,5,CVT-1,c,NA,-101.9472,32.774177,NA,Amarillo,28,BAU,BAU,CROP,Till,Conv Till - 1,CT,AG-CROP,Lamesa,TexasA&MPt-1,Amarillo,0.3,0.31,0.21,A,1.72,0.21,0,5,1,1.8059999999999998
302,CVT-1-3-2,CVT-1-3,2,P1_R1c,NA,NA,NA,,1.06,6.71,0.17,NA,NA,NA,0.77,NA,NA,NA,NA,NA,NA,NA,61,22.01,27.78,6.06,NA,NA,1.13,132.15,0.1034,NA,NA,,TX-115-SWSHA-P1-R1C-5_10-06012018,18N06047,NA,302,Ap,5,10,CVT-1,c,NA,-101.9472,32.774177,NA,Amarillo,28,BAU,BAU,CROP,Till,Conv Till - 1,CT,AG-CROP,Lamesa,TexasA&MPt-1,Amarillo,1,0.99,0.17,A,1.06,0.17,0,5,1,0.9010000000000001
303,CVT-1-3-3,CVT-1-3,3,P1_R1c,NA,NA,NA,,1.59,7.58,0.17,NA,NA,NA,0.87,NA,NA,NA,NA,NA,NA,NA,101,16.12,6.74,1.82,NA,NA,2.8,243.55,0.10268,NA,NA,,TX-115-SWSHA-P1-R1C-10_35-06012018,,NA,303,Ap,10,35,CVT-1,c,NA,-101.9472,32.774177,NA,Amarillo,28,BAU,BAU,CROP,Till,Conv Till - 1,CT,AG-CROP,Lamesa,TexasA&MPt-1,Amarillo,NA,NA,0.17,A,1.59,0.17,0,25,1,6.757500000000001
304,CVT-1-3-4,CVT-1-3,4,P1_R1c,NA,NA,NA,,1.55,10.37,0.15,NA,NA,NA,1.34,NA,NA,NA,NA,NA,NA,NA,27,3.93,2.63,2.14,NA,NA,0.75,155.16,0.04317,NA,NA,,TX-115-SWSHA-P1-R1C-35_75-06012018,,NA,304,Bt1,35,75,CVT-1,c,NA,-101.9472,32.774177,NA,Amarillo,28,BAU,BAU,CROP,Till,Conv Till - 1,CT,AG-CROP,Lamesa,TexasA&MPt-1,Amarillo,NA,NA,0.15,Bt,1.55,0.15,0,40,1,9.299999999999999
305,CVT-1-3-5,CVT-1-3,5,P1_R1c,NA,NA,NA,,1.48,10.22,0.15,NA,NA,NA,1.71,NA,NA,NA,NA,NA,NA,NA,65,2.96,4.73,0.98,NA,NA,0.57,109.15,0.0023,NA,NA,,TX-115-SW-P1-R1C-75_100-06012018,,NA,305,Bt2,75,100,CVT-1,c,NA,-101.9472,32.774177,NA,Amarillo,28,BAU,BAU,CROP,Till,Conv Till - 1,CT,AG-CROP,Lamesa,TexasA&MPt-1,Amarillo,NA,NA,0.15,Bt,1.48,0.15,0,25,1,5.55
366,CVT-2-1-1,CVT-2-1,1,P6_R2a,NA,NA,NA,,1.43,7.46,0.22,NA,NA,NA,0.62,NA,NA,NA,NA,NA,NA,NA,107,22,9.98,4.53,NA,NA,1.57,96.53,0.30894,NA,NA,,TX-115-SWSHA-P6-R2A-0_5-06012018,18N06082,NA,366,Ap,0,5,CVT-2,a,NA,-101.947051,32.774988,NA,Amarillo,29,BAU,BAU,CROP,Till,Conv Till - 2,CT,AG-CROP,Lamesa,TexasA&MPt-1,Amarillo,0.3,0.34,0.22,A,1.43,0.22,0,5,1,1.573
367,CVT-2-1-2,CVT-2-1,2,P6_R2a,NA,NA,NA,,1.08,7.44,0.22,NA,NA,NA,0.91,NA,NA,NA,NA,NA,NA,NA,114,10.75,5.5,4.58,NA,NA,2.17,97.32,0.15866,NA,NA,,TX-115-SWSHA-P6-R2A-5_10-06012018,18N06083,NA,367,Ap,5,10,CVT-2,a,NA,-101.947051,32.774988,NA,Amarillo,29,BAU,BAU,CROP,Till,Conv Till - 2,CT,AG-CROP,Lamesa,TexasA&MPt-1,Amarillo,0.3,0.3,0.22,A,1.08,0.22,0,5,1,1.188
368,CVT-2-1-3,CVT-2-1,3,P6_R2a,NA,NA,NA,,1.45,9.13,0.2,NA,NA,NA,0.84,NA,NA,NA,NA,NA,NA,NA,67,15.59,5.2,6.02,NA,NA,1.13,52.98,0.081,NA,NA,,TX-115-SWSHA-P6-R2A-10_35-06012018,18N06084,NA,368,Ap,10,35,CVT-2,a,NA,-101.947051,32.774988,NA,Amarillo,29,BAU,BAU,CROP,Till,Conv Till - 2,CT,AG-CROP,Lamesa,TexasA&MPt-1,Amarillo,0.3,0.3,0.2,A,1.45,0.2,0,25,1,7.249999999999999
369,CVT-2-1-4,CVT-2-1,4,P6_R2a,NA,NA,NA,,1.43,9.83,0.18,NA,NA,NA,1.16,NA,NA,NA,NA,NA,NA,NA,98,6.36,6.09,3.58,NA,NA,1.98,8.68,0.35029,NA,NA,,TX-115-SWSHA-P6-R2A-35_75-06012018,,NA,369,Bt1,35,75,CVT-2,a,NA,-101.947051,32.774988,NA,Amarillo,29,BAU,BAU,CROP,Till,Conv Till - 2,CT,AG-CROP,Lamesa,TexasA&MPt-1,Amarillo,NA,NA,0.18,Bt,1.43,0.18,0,40,1,10.296
370,CVT-2-1-5,CVT-2-1,5,P6_R2a,NA,NA,NA,,1.57,8.79,0.15,NA,NA,NA,1.69,NA,NA,NA,NA,NA,NA,NA,146,4.32,1.32,3.61,NA,NA,0.18,8.71,0.11428,NA,NA,,TX-115-SWSHA-P6-R2A-75_100-06012018,,NA,370,Bt2,75,100,CVT-2,a,NA,-101.947051,32.774988,NA,Amarillo,29,BAU,BAU,CROP,Till,Conv Till - 2,CT,AG-CROP,Lamesa,TexasA&MPt-1,Amarillo,NA,NA,0.15,Bt,1.57,0.15,0,25,1,5.887499999999999
371,CVT-2-2-1,CVT-2-2,1,P6_R2b,NA,NA,NA,,0.93,6.11,0.21,NA,NA,NA,0.71,NA,NA,NA,NA,NA,NA,NA,91,14.35,11.45,1.46,NA,NA,0.46,43.3,0.03763,NA,NA,,TX-115-SWSHA-P6-R2B-0_5-06012018,18N06085,NA,371,Ap,0,5,CVT-2,b,NA,-101.947051,32.774988,NA,Amarillo,29,BAU,BAU,CROP,Till,Conv Till - 2,CT,AG-CROP,Lamesa,TexasA&MPt-1,Amarillo,0.3,0.3,0.21,A,0.93,0.21,0,5,1,0.9765
372,CVT-2-2-2,CVT-2-2,2,P6_R2b,NA,NA,NA,,1.55,7.29,0.17,NA,NA,NA,0.87,NA,NA,NA,NA,NA,NA,NA,81,13.32,5.35,8.72,NA,NA,0.52,77.93,0.18892,NA,NA,,TX-115-SWSHA-P6-R2B-5_10-06012018,18N06086,NA,372,Ap,5,10,CVT-2,b,NA,-101.947051,32.774988,NA,Amarillo,29,BAU,BAU,CROP,Till,Conv Till - 2,CT,AG-CROP,Lamesa,TexasA&MPt-1,Amarillo,0.3,0.29,0.17,A,1.55,0.17,0,5,1,1.3175000000000001
373,CVT-2-2-3,CVT-2-2,3,P6_R2b,NA,NA,NA,,1.29,8.15,0.18,NA,NA,NA,1.1,NA,NA,NA,NA,NA,NA,NA,115,19.66,5.34,1.45,NA,NA,1.05,77.93,0.13345,NA,NA,,TX-115-SWSHA-P6-R2B-10_35-06012018,18N06087,NA,373,Ap,10,35,CVT-2,b,NA,-101.947051,32.774988,NA,Amarillo,29,BAU,BAU,CROP,Till,Conv Till - 2,CT,AG-CROP,Lamesa,TexasA&MPt-1,Amarillo,0.3,0.28,0.18,A,1.29,0.18,0,25,1,5.805
374,CVT-2-2-4,CVT-2-2,4,P6_R2b,NA,NA,NA,,1.37,9.35,0.17,NA,NA,NA,1.02,NA,NA,NA,NA,NA,NA,NA,91,7.12,5.06,4.31,NA,NA,0.09,28.35,0.07293,NA,NA,,TX-115-SWSHA-P6-R2B-35_75-06012018,,NA,374,Bt1,35,75,CVT-2,b,NA,-101.947051,32.774988,NA,Amarillo,29,BAU,BAU,CROP,Till,Conv Till - 2,CT,AG-CROP,Lamesa,TexasA&MPt-1,Amarillo,NA,NA,0.17,Bt,1.37,0.17,0,40,1,9.316
375,CVT-2-2-5,CVT-2-2,5,P6_R2b,NA,NA,NA,,1.41,9.3,0.13,NA,NA,NA,1.28,NA,NA,NA,NA,NA,NA,NA,55,6.12,0.8,2.38,NA,NA,1.8,53.44,0.25145,NA,NA,,TX-115-SW-P6-R2B-75_100-06122018,,NA,375,Bt2,75,100,CVT-2,b,NA,-101.947051,32.774988,NA,Amarillo,29,BAU,BAU,CROP,Till,Conv Till - 2,CT,AG-CROP,Lamesa,TexasA&MPt-1,Amarillo,NA,NA,0.13,Bt,1.41,0.13,0,25,1,4.5825
376,CVT-2-3-1,CVT-2-3,1,P6_R2c,NA,NA,NA,,1.08,6.16,0.24,NA,NA,NA,0.71,NA,NA,NA,NA,NA,NA,NA,142,19.88,12.13,5.65,NA,NA,0.31,73.27,0.18287,NA,NA,,TX-115-SW-P6-R2C-0_5-06012018,18N06088,NA,376,Ap,0,5,CVT-2,c,NA,-101.947051,32.774988,NA,Amarillo,29,BAU,BAU,CROP,Till,Conv Till - 2,CT,AG-CROP,Lamesa,TexasA&MPt-1,Amarillo,0.4,0.37,0.24,A,1.08,0.24,0,5,1,1.2959999999999998
377,CVT-2-3-2,CVT-2-3,2,P6_R2c,NA,NA,NA,,1.18,7.3,0.17,NA,NA,NA,0.76,NA,NA,NA,NA,NA,NA,NA,125,12.28,5.11,5.43,NA,NA,0.12,52.98,0.0931,NA,NA,,TX-115-SW-P6-R2C-5_10-06012018,18N06089,NA,377,Ap,5,10,CVT-2,c,NA,-101.947051,32.774988,NA,Amarillo,29,BAU,BAU,CROP,Till,Conv Till - 2,CT,AG-CROP,Lamesa,TexasA&MPt-1,Amarillo,0.4,0.35,0.17,A,1.18,0.17,0,5,1,1.0030000000000001
378,CVT-2-3-3,CVT-2-3,3,P6_R2c,NA,NA,NA,,1.47,8.42,0.18,NA,NA,NA,0.99,NA,NA,NA,NA,NA,NA,NA,125,17.85,4.45,3.62,NA,NA,0.82,43.3,0.23935,NA,NA,,TX-115-SW-P6-R2C-10_35-06012018,18N06090,NA,378,Ap,10,35,CVT-2,c,NA,-101.947051,32.774988,NA,Amarillo,29,BAU,BAU,CROP,Till,Conv Till - 2,CT,AG-CROP,Lamesa,TexasA&MPt-1,Amarillo,0.3,0.28,0.18,A,1.47,0.18,0,25,1,6.615
379,CVT-2-3-4,CVT-2-3,4,P6_R2c,NA,NA,NA,,1.54,9.91,0.18,NA,NA,NA,1.63,NA,NA,NA,NA,NA,NA,NA,122,3.45,2.35,3.31,NA,NA,1.85,38.2,0.16875,NA,NA,,TX-115-SW-P6-R2C-35_75-06012018,,NA,379,Bt1,35,75,CVT-2,c,NA,-101.947051,32.774988,NA,Amarillo,29,BAU,BAU,CROP,Till,Conv Till - 2,CT,AG-CROP,Lamesa,TexasA&MPt-1,Amarillo,NA,NA,0.18,Bt,1.54,0.18,0,40,1,11.088000000000001
380,CVT-2-3-5,CVT-2-3,5,P6_R2c,NA,NA,NA,,1.53,9.65,0.21,NA,NA,NA,1.4,NA,NA,NA,NA,NA,NA,NA,98,4.18,1.04,5.23,NA,NA,0.65,52.27,0.04671,NA,NA,,TX-115-SW-P6-R2C-75_100-06012018,,NA,380,Bt2,75,100,CVT-2,c,NA,-101.947051,32.774988,NA,Amarillo,29,BAU,BAU,CROP,Till,Conv Till - 2,CT,AG-CROP,Lamesa,TexasA&MPt-1,Amarillo,NA,NA,0.21,Bt,1.53,0.21,0,25,1,8.032499999999999
396,CVT-3-1-1,CVT-3-1,1,P8_R3a,NA,NA,NA,,1.48,9,0.19,NA,NA,NA,0.78,NA,NA,NA,NA,NA,NA,NA,128,62.51,8.13,1.68,NA,NA,0.02,126.88,0.15362,NA,NA,,TX-115-SW-P8-R3A-0_5-05312018,18N06099,NA,396,Ap,0,5,CVT-3,a,NA,-101.947185,32.775734,NA,Amarillo,30,BAU,BAU,CROP,Till,Conv Till - 3,CT,AG-CROP,Lamesa,TexasA&MPt-1,Amarillo,0.3,0.29,0.19,A,1.48,0.19,0,5,1,1.4060000000000001
397,CVT-3-1-2,CVT-3-1,2,P8_R3a,NA,NA,NA,,2.03,3.27,0.18,NA,NA,NA,1.02,NA,NA,NA,NA,NA,NA,NA,59,56.08,5.45,2.09,NA,NA,1.29,201.59,0.11428,NA,NA,,TX-115-SW-P8-R3A-5_10-05312018,18N06100,NA,397,Ap,5,10,CVT-3,a,NA,-101.947185,32.775734,NA,Amarillo,30,BAU,BAU,CROP,Till,Conv Till - 3,CT,AG-CROP,Lamesa,TexasA&MPt-1,Amarillo,0.3,0.3,0.18,A,2.03,0.18,0,5,1,1.8269999999999997
398,CVT-3-1-3,CVT-3-1,3,P8_R3a,NA,NA,NA,,1.41,8.01,0.22,NA,NA,NA,1.05,NA,NA,NA,NA,NA,NA,NA,105,20.58,7.86,1.51,NA,NA,3.03,112.55,0.03864,NA,NA,,TX-115-SW-P8-R3A-10_35-05312018,18N06101,NA,398,Ap,10,35,CVT-3,a,NA,-101.947185,32.775734,NA,Amarillo,30,BAU,BAU,CROP,Till,Conv Till - 3,CT,AG-CROP,Lamesa,TexasA&MPt-1,Amarillo,0.3,0.26,0.22,A,1.41,0.22,0,25,1,7.754999999999999
399,CVT-3-1-4,CVT-3-1,4,P8_R3a,NA,NA,NA,,1.45,9.39,0.13,NA,NA,NA,1.13,NA,NA,NA,NA,NA,NA,NA,28,5.45,13.43,3.26,NA,NA,0.76,78.24,0.18388,NA,NA,,TX-115-SW-P8-R3A-35_75-05312018,,NA,399,Bt1,35,75,CVT-3,a,NA,-101.947185,32.775734,NA,Amarillo,30,BAU,BAU,CROP,Till,Conv Till - 3,CT,AG-CROP,Lamesa,TexasA&MPt-1,Amarillo,NA,NA,0.13,Bt,1.45,0.13,0,40,1,7.54
400,CVT-3-1-5,CVT-3-1,5,P8_R3a,NA,NA,NA,,1.46,9.8,0.1,NA,NA,NA,1.38,NA,NA,NA,NA,NA,NA,NA,133,2.86,7.3,0.89,NA,NA,0.58,23.52,0.10521,NA,NA,,TX-115-SW-P8-R3A-75_100-05312018,,NA,400,Bt2,75,100,CVT-3,a,NA,-101.947185,32.775734,NA,Amarillo,30,BAU,BAU,CROP,Till,Conv Till - 3,CT,AG-CROP,Lamesa,TexasA&MPt-1,Amarillo,NA,NA,0.1,Bt,1.46,0.1,0,25,1,3.65
401,CVT-3-2-1,CVT-3-2,1,P8_R3b,NA,NA,NA,,1.12,7.48,0.31,NA,NA,NA,0.78,NA,NA,NA,NA,NA,NA,NA,113,91.12,7.3,3.9,NA,NA,1.48,157.7,0.02553,NA,NA,,TX-115-SW-P8-R3B-0_5-05312018,18N06102,NA,401,Ap,0,5,CVT-3,b,NA,-101.947185,32.775734,NA,Amarillo,30,BAU,BAU,CROP,Till,Conv Till - 3,CT,AG-CROP,Lamesa,TexasA&MPt-1,Amarillo,0.4,0.42,0.31,A,1.12,0.31,0,5,1,1.736
402,CVT-3-2-2,CVT-3-2,2,P8_R3b,NA,NA,NA,,1.07,9.52,0.33,NA,NA,NA,0.88,NA,NA,NA,NA,NA,NA,NA,80,69.04,7.84,3.86,NA,NA,0.35,245.12,0.17581,NA,NA,,TX-115-SW-P8-R3B-5_10-05312018,18N06103,NA,402,Ap,5,10,CVT-3,b,NA,-101.947185,32.775734,NA,Amarillo,30,BAU,BAU,CROP,Till,Conv Till - 3,CT,AG-CROP,Lamesa,TexasA&MPt-1,Amarillo,0.4,0.44,0.33,A,1.07,0.33,0,5,1,1.7655
403,CVT-3-2-3,CVT-3-2,3,P8_R3b,NA,NA,NA,,1.54,8.85,0.22,NA,NA,NA,1.1,NA,NA,NA,NA,NA,NA,NA,66,18.53,12.3,3.68,NA,NA,0.91,162.01,0.0931,NA,NA,,TX-115-SW-P8-R3B-10_35-05312018,18N06104,NA,403,Ap,10,35,CVT-3,b,NA,-101.947185,32.775734,NA,Amarillo,30,BAU,BAU,CROP,Till,Conv Till - 3,CT,AG-CROP,Lamesa,TexasA&MPt-1,Amarillo,0.3,0.26,0.22,A,1.54,0.22,0,25,1,8.469999999999999
404,CVT-3-2-4,CVT-3-2,4,P8_R3b,NA,NA,NA,,1.49,11.97,0.22,NA,NA,NA,1.63,NA,NA,NA,NA,NA,NA,NA,184,6.47,2.16,3.16,NA,NA,1.97,43.13,3.1e-4,NA,NA,,TX-115-SW-P8-R3B-35_75-05312018,,NA,404,Bt1,35,75,CVT-3,b,NA,-101.947185,32.775734,NA,Amarillo,30,BAU,BAU,CROP,Till,Conv Till - 3,CT,AG-CROP,Lamesa,TexasA&MPt-1,Amarillo,NA,NA,0.22,Bt,1.49,0.22,0,40,1,13.111999999999998
405,CVT-3-2-5,CVT-3-2,5,P8_R3b,NA,NA,NA,,1.46,9.88,0.12,NA,NA,NA,1.75,NA,NA,NA,NA,NA,NA,NA,95,3.54,6.84,2.97,NA,NA,1.87,18.57,0.25347,NA,NA,,TX-115-SW-P8-R3B-75_100-05312018,,NA,405,Bt2,75,100,CVT-3,b,NA,-101.947185,32.775734,NA,Amarillo,30,BAU,BAU,CROP,Till,Conv Till - 3,CT,AG-CROP,Lamesa,TexasA&MPt-1,Amarillo,NA,NA,0.12,Bt,1.46,0.12,0,25,1,4.38
406,CVT-3-3-1,CVT-3-3,1,P8_R3c,NA,NA,NA,,1.52,6.53,0.2,NA,NA,NA,0.72,NA,NA,NA,NA,NA,NA,NA,113,70.43,3.89,2.17,NA,NA,4.57,181.8,0.07696,NA,NA,,TX-115-SW-P8-R3C-0_5-05312018,18N06105,NA,406,Ap,0,5,CVT-3,c,NA,-101.947185,32.775734,NA,Amarillo,30,BAU,BAU,CROP,Till,Conv Till - 3,CT,AG-CROP,Lamesa,TexasA&MPt-1,Amarillo,0.3,0.32,0.2,A,1.52,0.2,0,5,1,1.5200000000000002
407,CVT-3-3-2,CVT-3-3,2,P8_R3c,NA,NA,NA,,1.21,7.8,0.37,NA,NA,NA,0.7,NA,NA,NA,NA,NA,NA,NA,79,59.25,3.4,2.16,NA,NA,1.78,132.87,-0.0128,NA,NA,,TX-115-SW-P8-R3C-5_10-05312018,18N06106,NA,407,Ap,5,10,CVT-3,c,NA,-101.947185,32.775734,NA,Amarillo,30,BAU,BAU,CROP,Till,Conv Till - 3,CT,AG-CROP,Lamesa,TexasA&MPt-1,Amarillo,0.3,0.28,0.37,A,1.21,0.37,0,5,1,2.2385
408,CVT-3-3-3,CVT-3-3,3,P8_R3c,NA,NA,NA,,1.56,8.2,0.17,NA,NA,NA,1.3,NA,NA,NA,NA,NA,NA,NA,136,18.68,9.13,1.11,NA,NA,0.24,92.4,0.19094,NA,NA,,TX-115-SW-P8-R3C-10_35-05312018,18N06107,NA,408,Ap,10,35,CVT-3,c,NA,-101.947185,32.775734,NA,Amarillo,30,BAU,BAU,CROP,Till,Conv Till - 3,CT,AG-CROP,Lamesa,TexasA&MPt-1,Amarillo,0.3,0.25,0.17,A,1.56,0.17,0,25,1,6.630000000000001
409,CVT-3-3-4,CVT-3-3,4,P8_R3c,NA,NA,NA,,1.41,9.8,0.22,NA,NA,NA,1.35,NA,NA,NA,NA,NA,NA,NA,152,6.57,1.37,2.21,NA,NA,0.2,36.41,0.04771,NA,NA,,TX-115-SW-P8-R3C-35_75-05312018,,NA,409,Bt1,35,75,CVT-3,c,NA,-101.947185,32.775734,NA,Amarillo,30,BAU,BAU,CROP,Till,Conv Till - 3,CT,AG-CROP,Lamesa,TexasA&MPt-1,Amarillo,NA,NA,0.22,Bt,1.41,0.22,0,40,1,12.408
410,CVT-3-3-5,CVT-3-3,5,P8_R3c,NA,NA,NA,,1.41,8.44,0.15,NA,NA,NA,1.4,NA,NA,NA,NA,NA,NA,NA,91,2.91,1.79,0.61,NA,NA,0.79,98.1,0.01544,NA,NA,,TX-115-SW-P8-R3C-75_100-05312018,,NA,410,Bt2,75,100,CVT-3,c,NA,-101.947185,32.775734,NA,Amarillo,30,BAU,BAU,CROP,Till,Conv Till - 3,CT,AG-CROP,Lamesa,TexasA&MPt-1,Amarillo,NA,NA,0.15,Bt,1.41,0.15,0,25,1,5.2875
276,NAT-1-1-1,NAT-1-1,1,NAT_R1,NA,NA,NA,,1.54,3.75,0.54,NA,NA,NA,0.53,NA,NA,NA,NA,NA,NA,NA,194,138.64,14.5,0.38,NA,NA,24.14,205.01,0.3977,NA,NA,,TX-445-SW-NAT-R1-0_5-05302018,,NA,276,A,0,5,NAT-1,1,NA,-102.406408,32.060626,NA,Amarillo,57,Ref - Native,Ref,GRASS,Perennial,Rangland,NAT,Reference,Wellman,TexasA&MPt-1,Amarillo,NA,NA,0.54,A,1.54,0.54,0,5,1,4.158
277,NAT-1-1-2,NAT-1-1,2,NAT_R1,NA,NA,NA,,1.58,5.07,0.28,NA,NA,NA,0.6,NA,NA,NA,NA,NA,NA,NA,179,42.29,6.27,3.52,NA,NA,7.37,105.85,0.0931,NA,NA,,TX-445-SW-NAT-R1-5_10-05302018,,NA,277,A,5,10,NAT-1,1,NA,-102.406408,32.060626,NA,Amarillo,57,Ref - Native,Ref,GRASS,Perennial,Rangland,NAT,Reference,Wellman,TexasA&MPt-1,Amarillo,NA,NA,0.28,A,1.58,0.28,0,5,1,2.212
278,NAT-1-1-3,NAT-1-1,3,NAT_R1,NA,NA,NA,,1.64,4.19,0.17,NA,NA,NA,0.78,NA,NA,NA,NA,NA,NA,NA,192,6.47,4.45,2.72,NA,NA,4.79,179,-0.00776,NA,NA,,TX-445-SW-NAT-R1-10_28-05302018,,NA,278,A,10,30,NAT-1,1,NA,-102.406408,32.060626,NA,Amarillo,57,Ref - Native,Ref,GRASS,Perennial,Rangland,NAT,Reference,Wellman,TexasA&MPt-1,Amarillo,NA,NA,0.17,A,1.64,0.17,0,20,1,5.576
279,NAT-1-1-4,NAT-1-1,4,NAT_R1,NA,NA,NA,,1.6,7.99,0.24,NA,NA,NA,1.28,NA,NA,NA,NA,NA,NA,NA,256,0.58,3.24,3.94,NA,NA,2.59,63.71,0.17581,NA,NA,,TX-445-SW-NAT-R1-28_68-05302018,,NA,279,Bt1,30,70,NAT-1,1,NA,-102.406408,32.060626,NA,Amarillo,57,Ref - Native,Ref,GRASS,Perennial,Rangland,NAT,Reference,Wellman,TexasA&MPt-1,Amarillo,NA,NA,0.24,Bt,1.6,0.24,0,40,1,15.36
280,NAT-1-1-5,NAT-1-1,5,NAT_R1,NA,NA,NA,,1.57,5.77,0.21,NA,NA,NA,1.04,NA,NA,NA,NA,NA,NA,NA,228,0.27,0.01,0.75,NA,NA,0.16,13.2,0.10218000000000001,NA,NA,,TX-445-SW-NAT-R1-68_100-05302018,,NA,280,Bt2,70,100,NAT-1,1,NA,-102.406408,32.060626,NA,Amarillo,57,Ref - Native,Ref,GRASS,Perennial,Rangland,NAT,Reference,Wellman,TexasA&MPt-1,Amarillo,NA,NA,0.21,Bt,1.57,0.21,0,30,1,9.891
281,NAT-2-2-1,NAT-2-2,1,NAT_R2,NA,NA,NA,,1.63,4.48,0.42,NA,NA,NA,0.52,NA,NA,NA,NA,NA,NA,NA,46,102.58,17.54,4.94,NA,NA,6.66,208.25,0.00132,NA,NA,,TX-445-SW-NAT-R2-0_5-05302018,18N06117,NA,281,A,0,5,NAT-2,2,NA,-102.406791,33.059817,NA,Amarillo,58,Ref - Native,Ref,GRASS,Perennial,Rangland,NAT,Reference,Wellman,TexasA&MPt-1,Amarillo,0.7,0.65,0.42,A,1.63,0.42,0,5,1,3.422999999999999
282,NAT-2-2-2,NAT-2-2,2,NAT_R2,NA,NA,NA,,1.71,4.46,0.25,NA,NA,NA,0.61,NA,NA,NA,NA,NA,NA,NA,7,35.96,3.84,3.11,NA,NA,6.98,139.98,0.16471,NA,NA,,TX-445-SW-NAT-R2-5_10-05302018,18N06118,NA,282,A,5,10,NAT-2,2,NA,-102.406791,33.059817,NA,Amarillo,58,Ref - Native,Ref,GRASS,Perennial,Rangland,NAT,Reference,Wellman,TexasA&MPt-1,Amarillo,0.4,0.42,0.25,A,1.71,0.25,0,5,1,2.1375
283,NAT-2-2-3,NAT-2-2,3,NAT_R2,NA,NA,NA,,1.27,4.22,0.18,NA,NA,NA,0.74,NA,NA,NA,NA,NA,NA,NA,82,6.57,4.03,1.35,NA,NA,4.72,179.71,0.05074,NA,NA,,TX-445-SW-NAT-R2-10_22-05302018,18N06119,NA,283,A,10,30,NAT-2,2,NA,-102.406791,33.059817,NA,Amarillo,58,Ref - Native,Ref,GRASS,Perennial,Rangland,NAT,Reference,Wellman,TexasA&MPt-1,Amarillo,0.2,0.27,0.18,A,1.27,0.18,0,20,1,4.572
284,NAT-2-2-4,NAT-2-2,4,NAT_R2,NA,NA,NA,,1.7,7.18,0.25,NA,NA,NA,1.37,NA,NA,NA,NA,NA,NA,NA,17,2.46,1.46,0.07,NA,NA,4.1,57.08,0.04671,NA,NA,,TX-445-SW-NAT-R2-22_50-05302018,,NA,284,Bt1,30,70,NAT-2,2,NA,-102.406791,33.059817,NA,Amarillo,58,Ref - Native,Ref,GRASS,Perennial,Rangland,NAT,Reference,Wellman,TexasA&MPt-1,Amarillo,NA,NA,0.25,Bt,1.7,0.25,0,40,1,17
285,NAT-2-2-5,NAT-2-2,5,NAT_R2,NA,NA,NA,,1.5,7.23,0.3,NA,NA,NA,1.16,NA,NA,NA,NA,NA,NA,NA,169,12.67,2.44,1.11,NA,NA,2.95,32.83,0.32609,NA,NA,,TX-445-SW-NAT-R2-50_100-05302018,,NA,285,Bt2,70,100,NAT-2,2,NA,-102.406791,33.059817,NA,Amarillo,58,Ref - Native,Ref,GRASS,Perennial,Rangland,NAT,Reference,Wellman,TexasA&MPt-1,Amarillo,NA,NA,0.3,Bt,1.5,0.3,0,30,1,13.499999999999998
286,NAT-3-3-1,NAT-3-3,1,NAT_R3,NA,NA,NA,,1.83,2.86,0.52,NA,NA,NA,0.61,NA,NA,NA,NA,NA,NA,NA,29,154.48,20.72,5.43,NA,NA,6.61,228.67,0.08302,NA,NA,,TX-445-SW-NAT-R3-0_5-05302018,18N06120,NA,286,A,0,5,NAT-3,3,NA,-102.406186,33.060119,NA,Amarillo,59,Ref - Native,Ref,GRASS,Perennial,Rangland,NAT,Reference,Wellman,TexasA&MPt-1,Amarillo,0.6,0.58,0.52,A,1.83,0.52,0,5,1,4.758000000000001
287,NAT-3-3-2,NAT-3-3,2,NAT_R3,NA,NA,NA,,1.52,5.23,0.3,NA,NA,NA,0.75,NA,NA,NA,NA,NA,NA,NA,79,76.3,10.86,2.73,NA,NA,8.06,126.74,0.30894,NA,NA,,TX-445-SW-NAT-R3-5_10-05302018,18N06121,NA,287,A,5,10,NAT-3,3,NA,-102.406186,33.060119,NA,Amarillo,59,Ref - Native,Ref,GRASS,Perennial,Rangland,NAT,Reference,Wellman,TexasA&MPt-1,Amarillo,0.3,0.31,0.3,A,1.52,0.3,0,5,1,2.28
288,NAT-3-3-3,NAT-3-3,3,NAT_R3,NA,NA,NA,,1.58,3.53,0.21,NA,NA,NA,0.9,NA,NA,NA,NA,NA,NA,NA,22,6.83,4.97,1.86,NA,NA,5.83,91.22,0.15866,NA,NA,,TX-445-SW-NAT-R3-10_24-05302018,,NA,288,A,10,30,NAT-3,3,NA,-102.406186,33.060119,NA,Amarillo,59,Ref - Native,Ref,GRASS,Perennial,Rangland,NAT,Reference,Wellman,TexasA&MPt-1,Amarillo,NA,NA,0.21,A,1.58,0.21,0,20,1,6.635999999999999
289,NAT-3-3-4,NAT-3-3,4,NAT_R3,NA,NA,NA,,1.64,6.07,0.16,NA,NA,NA,1,NA,NA,NA,NA,NA,NA,NA,9,8.66,0.62,2.17,NA,NA,4.4,57.31,0.081,NA,NA,,TX-445-SW-NAT-R3-24_60-05302018,,NA,289,Bt1,30,70,NAT-3,3,NA,-102.406186,33.060119,NA,Amarillo,59,Ref - Native,Ref,GRASS,Perennial,Rangland,NAT,Reference,Wellman,TexasA&MPt-1,Amarillo,NA,NA,0.16,Bt,1.64,0.16,0,40,1,10.495999999999999
290,NAT-3-3-5,NAT-3-3,5,NAT_R3,NA,NA,NA,,1.54,6.53,0.28,NA,NA,NA,1.12,NA,NA,NA,NA,NA,NA,NA,16,9.75,4.26,1.6,NA,NA,2.45,52.42,0.04671,NA,NA,,TX-445-SW-NAT-R3-60_100-05302018,,NA,290,Bt2,70,100,NAT-3,3,NA,-102.406186,33.060119,NA,Amarillo,59,Ref - Native,Ref,GRASS,Perennial,Rangland,NAT,Reference,Wellman,TexasA&MPt-1,Amarillo,NA,NA,0.28,Bt,1.54,0.28,0,30,1,12.936
321,NTM-1-1-1,NTM-1-1,1,P3_R1a,NA,NA,NA,,1.21,10.15,0.7,NA,NA,NA,0.75,NA,NA,NA,NA,NA,NA,NA,58,160.46,40.51,1.7,NA,NA,19.97,447.82,0.65691,NA,NA,,TX-115-SWSHA-P3-R1A-0_5-06012018,18N06056,NA,321,Ap,0,5,NTM-1,a,NA,-101.946881,32.774275,NA,Amarillo,64,SHM - no-till,SHM,CROP,Till,No Till - Mixed - 1,MNT,AG-CROP,Lamesa,TexasA&MPt-1,Amarillo,1.2,1.18,0.7,A,1.21,0.7,0,5,1,4.234999999999999
322,NTM-1-1-2,NTM-1-1,2,P3_R1a,NA,NA,NA,,0.82,8.93,0.49,NA,NA,NA,0.94,NA,NA,NA,NA,NA,NA,NA,29,96.16,5.11,0.58,NA,NA,4.46,334.59,0.36079,NA,NA,,TX-115-SWSHA-P3-R1A-5_10-06012018,18N06057,NA,322,Ap,5,10,NTM-1,a,NA,-101.946881,32.774275,NA,Amarillo,64,SHM - no-till,SHM,CROP,Till,No Till - Mixed - 1,MNT,AG-CROP,Lamesa,TexasA&MPt-1,Amarillo,0.7,0.71,0.49,A,0.82,0.49,0,5,1,2.009
323,NTM-1-1-3,NTM-1-1,3,P3_R1a,NA,NA,NA,,1.49,8.99,0.16,NA,NA,NA,1.14,NA,NA,NA,NA,NA,NA,NA,157,9.84,3.98,0.24,NA,NA,0.53,154.54,0.10268,NA,NA,,TX-115-SWSHA-P3-R1A-10_35-06012018,18N06058,NA,323,Ap,10,35,NTM-1,a,NA,-101.946881,32.774275,NA,Amarillo,64,SHM - no-till,SHM,CROP,Till,No Till - Mixed - 1,MNT,AG-CROP,Lamesa,TexasA&MPt-1,Amarillo,0.3,0.26,0.16,A,1.49,0.16,0,25,1,5.96
324,NTM-1-1-4,NTM-1-1,4,P3_R1a,NA,NA,NA,,1.4,8.93,0.12,NA,NA,NA,1.15,NA,NA,NA,NA,NA,NA,NA,26,6.05,2.53,0.02,NA,NA,1,127.04,0.06038,NA,NA,,TX-115-SWSHA-P3-R1A-35_75-06012018,,NA,324,Bt1,35,75,NTM-1,a,NA,-101.946881,32.774275,NA,Amarillo,64,SHM - no-till,SHM,CROP,Till,No Till - Mixed - 1,MNT,AG-CROP,Lamesa,TexasA&MPt-1,Amarillo,NA,NA,0.12,Bt,1.4,0.12,0,40,1,6.719999999999999
325,NTM-1-1-5,NTM-1-1,5,P3_R1a,NA,NA,NA,,1.5,7.4,0.11,NA,NA,NA,1.16,NA,NA,NA,NA,NA,NA,NA,176,4.3,1.23,1.01,NA,NA,0.85,145.96,0.01664,NA,NA,,TX-115-SW-P3-R1A-75_100-06012018,,NA,325,Bt2,75,100,NTM-1,a,NA,-101.946881,32.774275,NA,Amarillo,64,SHM - no-till,SHM,CROP,Till,No Till - Mixed - 1,MNT,AG-CROP,Lamesa,TexasA&MPt-1,Amarillo,NA,NA,0.11,Bt,1.5,0.11,0,25,1,4.125
326,NTM-1-2-1,NTM-1-2,1,P3_R1b,NA,NA,NA,,1.31,8.68,0.58,NA,NA,NA,0.85,NA,NA,NA,NA,NA,NA,NA,199,124.92,26.13,0.03,NA,NA,5.18,409.84,0.47695,NA,NA,,TX-115-SWSHA-P3-R1B-0_5-06012018,18N06059,NA,326,Ap,0,5,NTM-1,b,NA,-101.946881,32.774275,NA,Amarillo,64,SHM - no-till,SHM,CROP,Till,No Till - Mixed - 1,MNT,AG-CROP,Lamesa,TexasA&MPt-1,Amarillo,1.1,1.05,0.58,A,1.31,0.58,0,5,1,3.7990000000000004
327,NTM-1-2-2,NTM-1-2,2,P3_R1b,NA,NA,NA,,1.5,8.09,0.36,NA,NA,NA,0.96,NA,NA,NA,NA,NA,NA,NA,77,61.51,12.62,1.96,NA,NA,3.26,317.46,0.34861,NA,NA,,TX-115-SWSHA-P3-R1B-5_10-06012018,18N06060,NA,327,Ap,5,10,NTM-1,b,NA,-101.946881,32.774275,NA,Amarillo,64,SHM - no-till,SHM,CROP,Till,No Till - Mixed - 1,MNT,AG-CROP,Lamesa,TexasA&MPt-1,Amarillo,0.3,0.26,0.36,A,1.5,0.36,0,5,1,2.7
328,NTM-1-2-3,NTM-1-2,3,P3_R1b,NA,NA,NA,,1.65,7.89,0.14,NA,NA,NA,0.76,NA,NA,NA,NA,NA,NA,NA,23,7.35,6.18,2.07,NA,NA,0.89,132.15,0.08547,NA,NA,,TX-115-SWSHA-P3-R1B-10_35-06012018,,NA,328,Ap,10,35,NTM-1,b,NA,-101.946881,32.774275,NA,Amarillo,64,SHM - no-till,SHM,CROP,Till,No Till - Mixed - 1,MNT,AG-CROP,Lamesa,TexasA&MPt-1,Amarillo,NA,NA,0.14,A,1.65,0.14,0,25,1,5.775
329,NTM-1-2-4,NTM-1-2,4,P3_R1b,NA,NA,NA,,1.55,6.31,0.14,NA,NA,NA,1.39,NA,NA,NA,NA,NA,NA,NA,8,5.16,8.42,0.36,NA,NA,3.6,136.75,0.06038,NA,NA,,TX-115-SWSHA-P3-R1B-35_75-06012018,,NA,329,Bt1,35,75,NTM-1,b,NA,-101.946881,32.774275,NA,Amarillo,64,SHM - no-till,SHM,CROP,Till,No Till - Mixed - 1,MNT,AG-CROP,Lamesa,TexasA&MPt-1,Amarillo,NA,NA,0.14,Bt,1.55,0.14,0,40,1,8.680000000000001
330,NTM-1-2-5,NTM-1-2,5,P3_R1b,NA,NA,NA,,1.5,6.59,0.12,NA,NA,NA,1.59,NA,NA,NA,NA,NA,NA,NA,116,2.78,4.36,0.35,NA,NA,1.99,132.15,0.00158,NA,NA,,TX-115-SW-P3-R1B-75_100-06012018,,NA,330,Bt2,75,100,NTM-1,b,NA,-101.946881,32.774275,NA,Amarillo,64,SHM - no-till,SHM,CROP,Till,No Till - Mixed - 1,MNT,AG-CROP,Lamesa,TexasA&MPt-1,Amarillo,NA,NA,0.12,Bt,1.5,0.12,0,25,1,4.5
331,NTM-1-3-1,NTM-1-3,1,P3_R1c,NA,NA,NA,,1.58,10.23,0.47,NA,NA,NA,0.62,NA,NA,NA,NA,NA,NA,NA,108,133.87,28.61,1.77,NA,NA,3.66,438.65,0.47336,NA,NA,,,18N06061,NA,331,Ap,0,5,NTM-1,c,NA,-101.946881,32.774275,NA,Amarillo,64,SHM - no-till,SHM,CROP,Till,No Till - Mixed - 1,MNT,AG-CROP,Lamesa,TexasA&MPt-1,Amarillo,1,1.01,0.47,A,1.58,0.47,0,5,1,3.713
332,NTM-1-3-2,NTM-1-3,2,P3_R1c,NA,NA,NA,,1.27,9.22,0.45,NA,NA,NA,1.11,NA,NA,NA,NA,NA,NA,NA,11,80.1,14.08,0.66,NA,NA,0.85,348.39,0.34932,NA,NA,,TX-115-SWSHA-P3-R1C-5_10-06012018,18N06062,NA,332,Ap,5,10,NTM-1,c,NA,-101.946881,32.774275,NA,Amarillo,64,SHM - no-till,SHM,CROP,Till,No Till - Mixed - 1,MNT,AG-CROP,Lamesa,TexasA&MPt-1,Amarillo,0.6,0.57,0.45,A,1.27,0.45,0,5,1,2.8575
333,NTM-1-3-3,NTM-1-3,3,P3_R1c,NA,NA,NA,,1.51,8.37,0.14,NA,NA,NA,0.82,NA,NA,NA,NA,NA,NA,NA,52,9.13,0.99,4.56,NA,NA,1.11,195.78,0.09838,NA,NA,,TX-115-SWSHA-P3-R1C-10_35-06012018,18N06063,NA,333,Ap,10,35,NTM-1,c,NA,-101.946881,32.774275,NA,Amarillo,64,SHM - no-till,SHM,CROP,Till,No Till - Mixed - 1,MNT,AG-CROP,Lamesa,TexasA&MPt-1,Amarillo,0.3,0.26,0.14,A,1.51,0.14,0,25,1,5.285000000000001
334,NTM-1-3-4,NTM-1-3,4,P3_R1c,NA,NA,NA,,1.47,8.18,0.22,NA,NA,NA,1.23,NA,NA,NA,NA,NA,NA,NA,10,4.19,3.75,4.26,NA,NA,1.82,155.78,0.04604,NA,NA,,TX-115-SWSHA-P3-R1C-35_75-06012018,,NA,334,Bt1,35,75,NTM-1,c,NA,-101.946881,32.774275,NA,Amarillo,64,SHM - no-till,SHM,CROP,Till,No Till - Mixed - 1,MNT,AG-CROP,Lamesa,TexasA&MPt-1,Amarillo,NA,NA,0.22,Bt,1.47,0.22,0,40,1,12.936
335,NTM-1-3-5,NTM-1-3,5,P3_R1c,NA,NA,NA,,1.45,8.62,0.16,NA,NA,NA,1.47,NA,NA,NA,NA,NA,NA,NA,91,3.41,3,4.71,NA,NA,1.81,53.94,0.00158,NA,NA,,TX-115-SW-P3-R1C-75_100-06012018,,NA,335,Bt2,75,100,NTM-1,c,NA,-101.946881,32.774275,NA,Amarillo,64,SHM - no-till,SHM,CROP,Till,No Till - Mixed - 1,MNT,AG-CROP,Lamesa,TexasA&MPt-1,Amarillo,NA,NA,0.16,Bt,1.45,0.16,0,25,1,5.8
351,NTM-2-1-1,NTM-2-1,1,P5_R2a,NA,NA,NA,,0.92,9.91,0.64,NA,NA,NA,0.72,NA,NA,NA,NA,NA,NA,NA,50,146.15,34.42,4.89,NA,NA,8.33,409.33,0.48483,NA,NA,,TX-115-SWSHA-P5-R2A-0_5-06012018,18N06073,NA,351,Ap,0,5,NTM-2,a,NA,-101.947229,32.775004,NA,Amarillo,65,SHM - no-till,SHM,CROP,Till,No Till - Mixed - 2,MNT,AG-CROP,Lamesa,TexasA&MPt-1,Amarillo,0.9,0.93,0.64,A,0.92,0.64,0,5,1,2.944
352,NTM-2-1-2,NTM-2-1,2,P5_R2a,NA,NA,NA,,1.47,8.75,0.55,NA,NA,NA,1.02,NA,NA,NA,NA,NA,NA,NA,82,81.98,13.98,3.34,NA,NA,5.31,245.12,0.35291,NA,NA,,TX-115-SWSHA-P5-R2A-5_10-06012018,18N06074,NA,352,Ap,5,10,NTM-2,a,NA,-101.947229,32.775004,NA,Amarillo,65,SHM - no-till,SHM,CROP,Till,No Till - Mixed - 2,MNT,AG-CROP,Lamesa,TexasA&MPt-1,Amarillo,0.7,0.74,0.55,A,1.47,0.55,0,5,1,4.0425
353,NTM-2-1-3,NTM-2-1,3,P5_R2a,NA,NA,NA,,1.51,8.56,0.14,NA,NA,NA,0.98,NA,NA,NA,NA,NA,NA,NA,6,7.45,4.22,2.2,NA,NA,0.79,72.98,0.07543,NA,NA,,TX-115-SWSHA-P5-R2A-10_35-06012018,18N06075,NA,353,Ap,10,35,NTM-2,a,NA,-101.947229,32.775004,NA,Amarillo,65,SHM - no-till,SHM,CROP,Till,No Till - Mixed - 2,MNT,AG-CROP,Lamesa,TexasA&MPt-1,Amarillo,0.3,0.26,0.14,A,1.51,0.14,0,25,1,5.285000000000001
354,NTM-2-1-4,NTM-2-1,4,P5_R2a,NA,NA,NA,,1.41,9.6,0.17,NA,NA,NA,1.18,NA,NA,NA,NA,NA,NA,NA,47,6.93,1.18,2.19,NA,NA,0.7,58.14,0.05105,NA,NA,,TX-115-SWSHA-P5-R2A-35_75-06012018,,NA,354,Bt1,35,75,NTM-2,a,NA,-101.947229,32.775004,NA,Amarillo,65,SHM - no-till,SHM,CROP,Till,No Till - Mixed - 2,MNT,AG-CROP,Lamesa,TexasA&MPt-1,Amarillo,NA,NA,0.17,Bt,1.41,0.17,0,40,1,9.588
355,NTM-2-1-5,NTM-2-1,5,P5_R2a,NA,NA,NA,,1.51,7.82,0.17,NA,NA,NA,1.24,NA,NA,NA,NA,NA,NA,NA,52,2.95,1.32,0.8,NA,NA,1.27,33.41,8.7e-4,NA,NA,,TX-115-SW-P5-R2A-75_100-06012018,,NA,355,Bt2,75,100,NTM-2,a,NA,-101.947229,32.775004,NA,Amarillo,65,SHM - no-till,SHM,CROP,Till,No Till - Mixed - 2,MNT,AG-CROP,Lamesa,TexasA&MPt-1,Amarillo,NA,NA,0.17,Bt,1.51,0.17,0,25,1,6.417500000000001
356,NTM-2-2-1,NTM-2-2,1,P5_R2b,NA,NA,NA,,1.61,8.08,0.68,NA,NA,NA,0.83,NA,NA,NA,NA,NA,NA,NA,19,135,15.98,2.32,NA,NA,5.88,379.66,0.45329,NA,NA,,TX-115-SWSHA-P5-R2B-0_5-06012018,18N06076,NA,356,Ap,0,5,NTM-2,b,NA,-101.947229,32.775004,NA,Amarillo,65,SHM - no-till,SHM,CROP,Till,No Till - Mixed - 2,MNT,AG-CROP,Lamesa,TexasA&MPt-1,Amarillo,1.1,1.06,0.68,A,1.61,0.68,0,5,1,5.474000000000001
357,NTM-2-2-2,NTM-2-2,2,P5_R2b,NA,NA,NA,,1.63,7.71,0.44,NA,NA,NA,0.88,NA,NA,NA,NA,NA,NA,NA,142,91.74,27.25,3.35,NA,NA,0.23,293.36,0.3443,NA,NA,,TX-115-SWSHA-P5-R2B-5_10-06012018,18N06077,NA,357,Ap,5,10,NTM-2,b,NA,-101.947229,32.775004,NA,Amarillo,65,SHM - no-till,SHM,CROP,Till,No Till - Mixed - 2,MNT,AG-CROP,Lamesa,TexasA&MPt-1,Amarillo,0.6,0.62,0.44,A,1.63,0.44,0,5,1,3.586
358,NTM-2-2-3,NTM-2-2,3,P5_R2b,NA,NA,NA,,1.51,7.58,0.16,NA,NA,NA,1.18,NA,NA,NA,NA,NA,NA,NA,21,11.19,3.98,3.75,NA,NA,1.19,102.25,0.08619,NA,NA,,TX-115-SWSHA-P5-R2B-10_35-06012018,18N06078,NA,358,Ap,10,35,NTM-2,b,NA,-101.947229,32.775004,NA,Amarillo,65,SHM - no-till,SHM,CROP,Till,No Till - Mixed - 2,MNT,AG-CROP,Lamesa,TexasA&MPt-1,Amarillo,0.3,0.26,0.16,A,1.51,0.16,0,25,1,6.04
359,NTM-2-2-4,NTM-2-2,4,P5_R2b,NA,NA,NA,,1.39,9.54,0.2,NA,NA,NA,1.32,NA,NA,NA,NA,NA,NA,NA,61,6.55,0.01,1.64,NA,NA,0.49,87.82,0.03958,NA,NA,,TX-115-SWSHA-P5-R2B-35_75-06012018,,NA,359,Bt1,35,75,NTM-2,b,NA,-101.947229,32.775004,NA,Amarillo,65,SHM - no-till,SHM,CROP,Till,No Till - Mixed - 2,MNT,AG-CROP,Lamesa,TexasA&MPt-1,Amarillo,NA,NA,0.2,Bt,1.39,0.2,0,40,1,11.12
360,NTM-2-2-5,NTM-2-2,5,P5_R2b,NA,NA,NA,,1.44,8.26,0.15,NA,NA,NA,1.24,NA,NA,NA,NA,NA,NA,NA,70,2.1,1.93,0.06,NA,NA,1.11,68.03,1.5e-4,NA,NA,,TX-115-SW-P5-R2B-75_100-06012018,,NA,360,Bt2,75,100,NTM-2,b,NA,-101.947229,32.775004,NA,Amarillo,65,SHM - no-till,SHM,CROP,Till,No Till - Mixed - 2,MNT,AG-CROP,Lamesa,TexasA&MPt-1,Amarillo,NA,NA,0.15,Bt,1.44,0.15,0,25,1,5.4
361,NTM-2-3-1,NTM-2-3,1,P5_R2c,NA,NA,NA,,1.64,8.44,0.85,NA,NA,NA,0.66,NA,NA,NA,NA,NA,NA,NA,37,150.19,56.9,2.29,NA,NA,10.46,404.39,0.9731,NA,NA,,TX-115-SWSHA-P5-R2C-0_5-06012018,18N06079,NA,361,Ap,0,5,NTM-2,c,NA,-101.947229,32.775004,NA,Amarillo,65,SHM - no-till,SHM,CROP,Till,No Till - Mixed - 2,MNT,AG-CROP,Lamesa,TexasA&MPt-1,Amarillo,1,1.02,0.85,A,1.64,0.85,0,5,1,6.97
362,NTM-2-3-2,NTM-2-3,2,P5_R2c,NA,NA,NA,,1.38,7.81,0.47,NA,NA,NA,0.94,NA,NA,NA,NA,NA,NA,NA,65,72.85,21.3,3.75,NA,NA,1.3,295.57,0.3357,NA,NA,,TX-115-SWSHA-P5-R2C-5_10-06012018,18N06080,NA,362,Ap,5,10,NTM-2,c,NA,-101.947229,32.775004,NA,Amarillo,65,SHM - no-till,SHM,CROP,Till,No Till - Mixed - 2,MNT,AG-CROP,Lamesa,TexasA&MPt-1,Amarillo,0.6,0.58,0.47,A,1.38,0.47,0,5,1,3.243
363,NTM-2-3-3,NTM-2-3,3,P5_R2c,NA,NA,NA,,1.52,7.65,0.16,NA,NA,NA,0.92,NA,NA,NA,NA,NA,NA,NA,97,10.52,3.52,6.18,NA,NA,3.03,72.98,0.31298,NA,NA,,TX-115-SWSHA-P5-R2C-10_35-06012018,18N06081,NA,363,Ap,10,35,NTM-2,c,NA,-101.947229,32.775004,NA,Amarillo,65,SHM - no-till,SHM,CROP,Till,No Till - Mixed - 2,MNT,AG-CROP,Lamesa,TexasA&MPt-1,Amarillo,0.3,0.27,0.16,A,1.52,0.16,0,25,1,6.08
364,NTM-2-3-4,NTM-2-3,4,P5_R2c,NA,NA,NA,,1.37,6.64,0.2,NA,NA,NA,1.1,NA,NA,NA,NA,NA,NA,NA,68,8.91,5.06,2.39,NA,NA,1.3,72.98,0.32609,NA,NA,,TX-115-SWSHA-P5-R2C-35_75-06012018,,NA,364,Bt1,35,75,NTM-2,c,NA,-101.947229,32.775004,NA,Amarillo,65,SHM - no-till,SHM,CROP,Till,No Till - Mixed - 2,MNT,AG-CROP,Lamesa,TexasA&MPt-1,Amarillo,NA,NA,0.2,Bt,1.37,0.2,0,40,1,10.96
365,NTM-2-3-5,NTM-2-3,5,P5_R2c,NA,NA,NA,,1.41,6.75,0.17,NA,NA,NA,1.02,NA,NA,NA,NA,NA,NA,NA,83,4.84,5.2,3.92,NA,NA,0.01,18.64,0.08302,NA,NA,,TX-115-SW-P5-R2C-75_100-06012018,,NA,365,Bt2,75,100,NTM-2,c,NA,-101.947229,32.775004,NA,Amarillo,65,SHM - no-till,SHM,CROP,Till,No Till - Mixed - 2,MNT,AG-CROP,Lamesa,TexasA&MPt-1,Amarillo,NA,NA,0.17,Bt,1.41,0.17,0,25,1,5.9925
381,NTM-3-1-1,NTM-3-1,1,P7_R3a,NA,NA,NA,,1.15,10.59,0.77,NA,NA,NA,0.71,NA,NA,NA,NA,NA,NA,NA,151,85.72,25.49,2.29,NA,NA,16.98,394.5,0.26356,NA,NA,,TX-115-SW-P7-R3A-0_5-05312018,18N06091,NA,381,Ap,0,5,NTM-3,a,NA,-101.94738,32.775739,NA,Amarillo,63,SHM - no-till,SHM,CROP,Till,No Till - Mixed - 3,MNT,AG-CROP,Lamesa,TexasA&MPt-1,Amarillo,1.1,1.08,0.77,A,1.15,0.77,0,5,1,4.4275
382,NTM-3-1-2,NTM-3-1,2,P7_R3a,NA,NA,NA,,1.1,9.6,0.43,NA,NA,NA,1.12,NA,NA,NA,NA,NA,NA,NA,137,49.13,26.57,1.08,NA,NA,6.62,266.96,0.13647,NA,NA,,TX-115-SW-P7-R3A-10_35-05312018,18N06092,NA,382,Ap,5,10,NTM-3,a,NA,-101.94738,32.775739,NA,Amarillo,63,SHM - no-till,SHM,CROP,Till,No Till - Mixed - 3,MNT,AG-CROP,Lamesa,TexasA&MPt-1,Amarillo,0.2,0.23,0.43,A,1.1,0.43,0,5,1,2.365
383,NTM-3-1-3,NTM-3-1,3,P7_R3a,NA,NA,NA,,1.46,8.81,0.2,NA,NA,NA,0.91,NA,NA,NA,NA,NA,NA,NA,137,11.4,6.79,5.31,NA,NA,0.77,63.34,0.01342,NA,NA,,TX-115-SW-P7-R3A-10_35-05312018,,NA,383,Ap,10,35,NTM-3,a,NA,-101.94738,32.775739,NA,Amarillo,63,SHM - no-till,SHM,CROP,Till,No Till - Mixed - 3,MNT,AG-CROP,Lamesa,TexasA&MPt-1,Amarillo,NA,NA,0.2,A,1.46,0.2,0,25,1,7.3
384,NTM-3-1-4,NTM-3-1,4,P7_R3a,NA,NA,NA,,1.44,9.37,0.23,NA,NA,NA,1.27,NA,NA,NA,NA,NA,NA,NA,8,7.69,11.7,3.46,NA,NA,4.38,53.19,0.199,NA,NA,,TX-115-SW-P7-R3A-35_75-05312018,,NA,384,Bt1,35,75,NTM-3,a,NA,-101.94738,32.775739,NA,Amarillo,63,SHM - no-till,SHM,CROP,Till,No Till - Mixed - 3,MNT,AG-CROP,Lamesa,TexasA&MPt-1,Amarillo,NA,NA,0.23,Bt,1.44,0.23,0,40,1,13.248
385,NTM-3-1-5,NTM-3-1,5,P7_R3a,NA,NA,NA,,1.88,7.87,0.18,NA,NA,NA,1.73,NA,NA,NA,NA,NA,NA,NA,121,4.62,10.01,5.01,NA,NA,0.16,94.25,0.08604,NA,NA,,TX-115-SW-P7-R3A-75_100-05312018,,NA,385,Bt2,75,100,NTM-3,a,NA,-101.94738,32.775739,NA,Amarillo,63,SHM - no-till,SHM,CROP,Till,No Till - Mixed - 3,MNT,AG-CROP,Lamesa,TexasA&MPt-1,Amarillo,NA,NA,0.18,Bt,1.88,0.18,0,25,1,8.459999999999999
386,NTM-3-2-1,NTM-3-2,1,P7_R3b,NA,NA,NA,,1.37,9.99,1.08,NA,NA,NA,0.67,NA,NA,NA,NA,NA,NA,NA,167,152.07,30.08,5.57,NA,NA,17.58,525.94,0.02351,NA,NA,,TX-115-SW-P7-R3B-0_5-05312018,18N06093,NA,386,Ap,0,5,NTM-3,b,NA,-101.94738,32.775739,NA,Amarillo,63,SHM - no-till,SHM,CROP,Till,No Till - Mixed - 3,MNT,AG-CROP,Lamesa,TexasA&MPt-1,Amarillo,1.4,1.38,1.08,A,1.37,1.08,0,5,1,7.3980000000000015
387,NTM-3-2-2,NTM-3-2,2,P7_R3b,NA,NA,NA,,1.38,9.03,0.62,NA,NA,NA,1.04,NA,NA,NA,NA,NA,NA,NA,97,218.68,28.47,1.18,NA,NA,13.77,315.35,0.24137,NA,NA,,TX-115-SW-P7-R3B-5_10-05312018,18N06094,NA,387,Ap,5,10,NTM-3,b,NA,-101.94738,32.775739,NA,Amarillo,63,SHM - no-till,SHM,CROP,Till,No Till - Mixed - 3,MNT,AG-CROP,Lamesa,TexasA&MPt-1,Amarillo,0.8,0.77,0.62,A,1.38,0.62,0,5,1,4.278
388,NTM-3-2-3,NTM-3-2,3,P7_R3b,NA,NA,NA,,1.44,8.11,0.12,NA,NA,NA,0.91,NA,NA,NA,NA,NA,NA,NA,110,13.65,7.72,0.44,NA,NA,2.24,58.14,0.13244,NA,NA,,TX-115-SW-P7-R3B-10_35-05312018,18N06095,NA,388,Ap,10,35,NTM-3,b,NA,-101.94738,32.775739,NA,Amarillo,63,SHM - no-till,SHM,CROP,Till,No Till - Mixed - 3,MNT,AG-CROP,Lamesa,TexasA&MPt-1,Amarillo,0.3,0.26,0.12,A,1.44,0.12,0,25,1,4.319999999999999
389,NTM-3-2-4,NTM-3-2,4,P7_R3b,NA,NA,NA,,1.46,8.97,0.22,NA,NA,NA,1.44,NA,NA,NA,NA,NA,NA,NA,118,9.79,7.12,3.16,NA,NA,0.12,97.32,0.01443,NA,NA,,TX-115-SW-P7-R3B-35_75-05312018,,NA,389,Bt1,35,75,NTM-3,b,NA,-101.94738,32.775739,NA,Amarillo,63,SHM - no-till,SHM,CROP,Till,No Till - Mixed - 3,MNT,AG-CROP,Lamesa,TexasA&MPt-1,Amarillo,NA,NA,0.22,Bt,1.46,0.22,0,40,1,12.847999999999999
390,NTM-3-2-5,NTM-3-2,5,P7_R3b,NA,NA,NA,,1.45,7.83,0.38,NA,NA,NA,1.75,NA,NA,NA,NA,NA,NA,NA,188,21.8,7.68,1.32,NA,NA,3.15,102.25,0.38257,NA,NA,,TX-115-SW-P7-R3B-75_100-05312018,,NA,390,Bt2,75,100,NTM-3,b,NA,-101.94738,32.775739,NA,Amarillo,63,SHM - no-till,SHM,CROP,Till,No Till - Mixed - 3,MNT,AG-CROP,Lamesa,TexasA&MPt-1,Amarillo,NA,NA,0.38,Bt,1.45,0.38,0,25,1,13.774999999999999
391,NTM-3-3-1,NTM-3-3,1,P7_R3c,NA,NA,NA,,1.53,11.16,0.49,NA,NA,NA,0.8,NA,NA,NA,NA,NA,NA,NA,110,194.08,25.35,2.55,NA,NA,7.46,207.36,0.15866,NA,NA,,TX-115-SW-P7-R3C-0_5-05312018,18N06096,NA,391,Ap,0,5,NTM-3,c,NA,-101.94738,32.775739,NA,Amarillo,63,SHM - no-till,SHM,CROP,Till,No Till - Mixed - 3,MNT,AG-CROP,Lamesa,TexasA&MPt-1,Amarillo,0.6,0.6,0.49,A,1.53,0.49,0,5,1,3.7485
392,NTM-3-3-2,NTM-3-3,2,P7_R3c,NA,NA,NA,,1.88,11.48,0.23,NA,NA,NA,1.09,NA,NA,NA,NA,NA,NA,NA,99,69.22,7.84,0.84,NA,NA,0.3,142.8,0.01645,NA,NA,,TX-115-SW-P7-R3C-5_10-05312018,18N06097,NA,392,Ap,5,10,NTM-3,c,NA,-101.94738,32.775739,NA,Amarillo,63,SHM - no-till,SHM,CROP,Till,No Till - Mixed - 3,MNT,AG-CROP,Lamesa,TexasA&MPt-1,Amarillo,0.4,0.38,0.23,A,1.88,0.23,0,5,1,2.162
393,NTM-3-3-3,NTM-3-3,3,P7_R3c,NA,NA,NA,,1.5,9.3,0.13,NA,NA,NA,0.89,NA,NA,NA,NA,NA,NA,NA,142,8.62,9.45,2.28,NA,NA,0.02,68.03,0.29482,NA,NA,,TX-115-SW-P7-R3C-10_35-05312018,18N06098,NA,393,Ap,10,35,NTM-3,c,NA,-101.94738,32.775739,NA,Amarillo,63,SHM - no-till,SHM,CROP,Till,No Till - Mixed - 3,MNT,AG-CROP,Lamesa,TexasA&MPt-1,Amarillo,0.3,0.25,0.13,A,1.5,0.13,0,25,1,4.875
394,NTM-3-3-4,NTM-3-3,4,P7_R3c,NA,NA,NA,,1.57,7.32,0.13,NA,NA,NA,1.22,NA,NA,NA,NA,NA,NA,NA,26,7.16,1.23,0.15,NA,NA,0.98,13.57,0.199,NA,NA,,TX-115-SW-P7-R3C-35_75-05312018,,NA,394,Bt1,35,75,NTM-3,c,NA,-101.94738,32.775739,NA,Amarillo,63,SHM - no-till,SHM,CROP,Till,No Till - Mixed - 3,MNT,AG-CROP,Lamesa,TexasA&MPt-1,Amarillo,NA,NA,0.13,Bt,1.57,0.13,0,40,1,8.164
395,NTM-3-3-5,NTM-3-3,5,P7_R3c,NA,NA,NA,,1.47,4.59,0.07,NA,NA,NA,1.06,NA,NA,NA,NA,NA,NA,NA,145,2.86,2.35,0.22,NA,NA,0.26,13.57,0.06184,NA,NA,,TX-115-SW-P7-R3C-75_100-05312018,,NA,395,Bt2,75,100,NTM-3,c,NA,-101.94738,32.775739,NA,Amarillo,63,SHM - no-till,SHM,CROP,Till,No Till - Mixed - 3,MNT,AG-CROP,Lamesa,TexasA&MPt-1,Amarillo,NA,NA,0.07,Bt,1.47,0.07,0,25,1,2.5725000000000002
306,NTR-1-1-1,NTR-1-1,1,P2_R1a,NA,NA,NA,,1.35,6.88,0.61,NA,NA,NA,0.69,NA,NA,NA,NA,NA,NA,NA,136,139.55,27.35,0.92,NA,NA,10.2,438.65,0.46046,NA,NA,,TX-115-SWSHA-P2-R1A-0_5-06012018,18N06048,NA,306,Ap,0,5,NTR-1,a,NA,-101.947399,32.775007,NA,Amarillo,66,SHM - no-till,SHM,CROP,Till,No Till - Rye - 1,RNT,AG-CROP,Lamesa,TexasA&MPt-1,Amarillo,0.2,0.24,0.61,A,1.35,0.61,0,5,1,4.1175
307,NTR-1-1-2,NTR-1-1,2,P2_R1a,NA,NA,NA,,1.3,7.42,0.43,NA,NA,NA,1.04,NA,NA,NA,NA,NA,NA,NA,129,89.74,22.47,0.39,NA,NA,6.04,325.39,0.31993,NA,NA,,TX-115-SWSHA-P2-R1A-5_10-06012018,18N06049,NA,307,Ap,5,10,NTR-1,a,NA,-101.947399,32.775007,NA,Amarillo,66,SHM - no-till,SHM,CROP,Till,No Till - Rye - 1,RNT,AG-CROP,Lamesa,TexasA&MPt-1,Amarillo,0.6,0.61,0.43,A,1.3,0.43,0,5,1,2.7950000000000004
308,NTR-1-1-3,NTR-1-1,3,P2_R1a,NA,NA,NA,,1.48,8.38,0.13,NA,NA,NA,1.02,NA,NA,NA,NA,NA,NA,NA,40,9.5,5.01,2.78,NA,NA,0.05,159.12,0.08045,NA,NA,,TX-115-SWSHA-P2-R1A-10_35-06012018,18N06050,NA,308,Ap,10,35,NTR-1,a,NA,-101.947399,32.775007,NA,Amarillo,66,SHM - no-till,SHM,CROP,Till,No Till - Rye - 1,RNT,AG-CROP,Lamesa,TexasA&MPt-1,Amarillo,0.2,0.24,0.13,A,1.48,0.13,0,25,1,4.8100000000000005
309,NTR-1-1-4,NTR-1-1,4,P2_R1a,NA,NA,NA,,1.46,8.33,0.19,NA,NA,NA,1.36,NA,NA,NA,NA,NA,NA,NA,49,6.9,5.71,3.11,NA,NA,0.29,159.76,0.05894,NA,NA,,TX-115-SWSHA-P2-R1A-35_75-06012018,,NA,309,Bt1,35,75,NTR-1,a,NA,-101.947399,32.775007,NA,Amarillo,66,SHM - no-till,SHM,CROP,Till,No Till - Rye - 1,RNT,AG-CROP,Lamesa,TexasA&MPt-1,Amarillo,NA,NA,0.19,Bt,1.46,0.19,0,40,1,11.096
310,NTR-1-1-5,NTR-1-1,5,P2_R1a,NA,NA,NA,,1.47,6.85,0.15,NA,NA,NA,1.45,NA,NA,NA,NA,NA,NA,NA,92,5.19,4.64,0.32,NA,NA,0.43,145.96,0.02811,NA,NA,,TX-115-SW-P2-R1A-75_100-06012018,,NA,310,Bt2,75,100,NTR-1,a,NA,-101.947399,32.775007,NA,Amarillo,66,SHM - no-till,SHM,CROP,Till,No Till - Rye - 1,RNT,AG-CROP,Lamesa,TexasA&MPt-1,Amarillo,NA,NA,0.15,Bt,1.47,0.15,0,25,1,5.5125
311,NTR-1-2-1,NTR-1-2,1,P2_R1b,NA,NA,NA,,1.5,9.49,0.62,NA,NA,NA,0.74,NA,NA,NA,NA,NA,NA,NA,117,147.77,19.4,0.9,NA,NA,13.41,419.08,0.56944,NA,NA,,TX-115-SWSHA-P2-R1B-0_5-06012018,18N06051,NA,311,Ap,0,5,NTR-1,b,NA,-101.947399,32.775007,NA,Amarillo,66,SHM - no-till,SHM,CROP,Till,No Till - Rye - 1,RNT,AG-CROP,Lamesa,TexasA&MPt-1,Amarillo,0.9,0.92,0.62,A,1.5,0.62,0,5,1,4.6499999999999995
312,NTR-1-2-2,NTR-1-2,2,P2_R1b,NA,NA,NA,,1.3,9,0.34,NA,NA,NA,0.9,NA,NA,NA,NA,NA,NA,NA,47,78.32,9.59,7.4,NA,NA,5.36,322.07,0.31921,NA,NA,,TX-115-SWSHA-P2-R1B-5_10-06012018,18N06052,NA,312,Ap,5,10,NTR-1,b,NA,-101.947399,32.775007,NA,Amarillo,66,SHM - no-till,SHM,CROP,Till,No Till - Rye - 1,RNT,AG-CROP,Lamesa,TexasA&MPt-1,Amarillo,0.6,0.6,0.34,A,1.3,0.34,0,5,1,2.2100000000000004
313,NTR-1-2-3,NTR-1-2,3,P2_R1b,NA,NA,NA,,1.57,9.12,0.15,NA,NA,NA,0.77,NA,NA,NA,NA,NA,NA,NA,68,9.21,8.56,2.38,NA,NA,2.74,155.16,0.08977,NA,NA,,TX-115-SWSHA-P2-R1B-10_35-06012018,,NA,313,Ap,10,35,NTR-1,b,NA,-101.947399,32.775007,NA,Amarillo,66,SHM - no-till,SHM,CROP,Till,No Till - Rye - 1,RNT,AG-CROP,Lamesa,TexasA&MPt-1,Amarillo,NA,NA,0.15,A,1.57,0.15,0,25,1,5.887499999999999
314,NTR-1-2-4,NTR-1-2,4,P2_R1b,NA,NA,NA,,1.51,9.37,0.17,NA,NA,NA,1.45,NA,NA,NA,NA,NA,NA,NA,60,5.19,4.12,1.67,NA,NA,0.08,151.16,0.0697,NA,NA,,,,NA,314,Bt1,35,75,NTR-1,b,NA,-101.947399,32.775007,NA,Amarillo,66,SHM - no-till,SHM,CROP,Till,No Till - Rye - 1,RNT,AG-CROP,Lamesa,TexasA&MPt-1,Amarillo,NA,NA,0.17,Bt,1.51,0.17,0,40,1,10.268
315,NTR-1-2-5,NTR-1-2,5,P2_R1b,NA,NA,NA,,1.51,8.62,0.17,NA,NA,NA,1.38,NA,NA,NA,NA,NA,NA,NA,113,5.45,3.98,3.03,NA,NA,0.77,100.35,0.01951,NA,NA,,TX-115-SW-P2-R1B-75_100-06012018,,NA,315,Bt2,75,100,NTR-1,b,NA,-101.947399,32.775007,NA,Amarillo,66,SHM - no-till,SHM,CROP,Till,No Till - Rye - 1,RNT,AG-CROP,Lamesa,TexasA&MPt-1,Amarillo,NA,NA,0.17,Bt,1.51,0.17,0,25,1,6.417500000000001
316,NTR-1-3-1,NTR-1-3,1,P2_R1c,NA,NA,NA,,1.67,9.05,0.68,NA,NA,NA,0.83,NA,NA,NA,NA,NA,NA,NA,87,165.32,32.22,0.07,NA,NA,12.42,417.4,0.77808,NA,NA,,TX-115-SWSHA-P2-R1C-0_5-06012018,18N06053,NA,316,Ap,0,5,NTR-1,c,NA,-101.947399,32.775007,NA,Amarillo,66,SHM - no-till,SHM,CROP,Till,No Till - Rye - 1,RNT,AG-CROP,Lamesa,TexasA&MPt-1,Amarillo,0.9,0.93,0.68,A,1.67,0.68,0,5,1,5.678
317,NTR-1-3-2,NTR-1-3,2,P2_R1c,NA,NA,NA,,1.44,8.41,0.34,NA,NA,NA,0.93,NA,NA,NA,NA,NA,NA,NA,75,86.61,14.81,1.9,NA,NA,3.69,325.39,0.30057,NA,NA,,TX-115-SWSHA-P2-R1C-5_10-06012018,18N06054,NA,317,Ap,5,10,NTR-1,c,NA,-101.947399,32.775007,NA,Amarillo,66,SHM - no-till,SHM,CROP,Till,No Till - Rye - 1,RNT,AG-CROP,Lamesa,TexasA&MPt-1,Amarillo,0.5,0.49,0.34,A,1.44,0.34,0,5,1,2.4480000000000004
318,NTR-1-3-3,NTR-1-3,3,P2_R1c,NA,NA,NA,,1.49,8.08,0.18,NA,NA,NA,0.78,NA,NA,NA,NA,NA,NA,NA,61,6.57,2.53,2.81,NA,NA,0.1,145.96,0.09407,NA,NA,,TX-115-SWSHA-P2-R1C-10_35-06012018,18N06055,NA,318,Ap,10,35,NTR-1,c,NA,-101.947399,32.775007,NA,Amarillo,66,SHM - no-till,SHM,CROP,Till,No Till - Rye - 1,RNT,AG-CROP,Lamesa,TexasA&MPt-1,Amarillo,0.2,0.24,0.18,A,1.49,0.18,0,25,1,6.705
319,NTR-1-3-4,NTR-1-3,4,P2_R1c,NA,NA,NA,,1.49,9.54,0.15,NA,NA,NA,1.37,NA,NA,NA,NA,NA,NA,NA,58,2.48,0.06,3.39,NA,NA,0.25,104.55,0.02166,NA,NA,,TX-115-SWSHA-P2-R1C-35_75-06012018,,NA,319,Bt1,35,75,NTR-1,c,NA,-101.947399,32.775007,NA,Amarillo,66,SHM - no-till,SHM,CROP,Till,No Till - Rye - 1,RNT,AG-CROP,Lamesa,TexasA&MPt-1,Amarillo,NA,NA,0.15,Bt,1.49,0.15,0,40,1,8.94
320,NTR-1-3-5,NTR-1-3,5,P2_R1c,NA,NA,NA,,1.59,8.07,0.2,NA,NA,NA,1.25,NA,NA,NA,NA,NA,NA,NA,134,6.01,4.12,5.07,NA,NA,1.87,155.16,0.06539,NA,NA,,TX-115-SW-P2-R1C-75_100-06012018,,NA,320,Bt2,75,100,NTR-1,c,NA,-101.947399,32.775007,NA,Amarillo,66,SHM - no-till,SHM,CROP,Till,No Till - Rye - 1,RNT,AG-CROP,Lamesa,TexasA&MPt-1,Amarillo,NA,NA,0.2,Bt,1.59,0.2,0,25,1,7.950000000000001
336,NTR-2-1-1,NTR-2-1,1,P4_R2a,NA,NA,NA,,1.37,8.05,0.66,NA,NA,NA,0.81,NA,NA,NA,NA,NA,NA,NA,23,130.61,15.5,2.78,NA,NA,10.05,472.61,0.57661,NA,NA,,TX-115-SWSHA-P4-R2A-0_5-06012018,18N06064,NA,336,Ap,0,5,NTR-2,a,NA,-101.947399,32.775007,NA,Amarillo,67,SHM - no-till,SHM,CROP,Till,No Till - Rye - 2,RNT,AG-CROP,Lamesa,TexasA&MPt-1,Amarillo,0.9,0.86,0.66,A,1.37,0.66,0,5,1,4.521000000000001
337,NTR-2-1-2,NTR-2-1,2,P4_R2a,NA,NA,NA,,1.22,8.56,0.25,NA,NA,NA,0.93,NA,NA,NA,NA,NA,NA,NA,60,57.22,15.3,0.74,NA,NA,4.77,269.1,0.29913,NA,NA,,TX-115-SWSHA-P4-R2A-5_10-06012018,18N06065,NA,337,Ap,5,10,NTR-2,a,NA,-101.947399,32.775007,NA,Amarillo,67,SHM - no-till,SHM,CROP,Till,No Till - Rye - 2,RNT,AG-CROP,Lamesa,TexasA&MPt-1,Amarillo,0.5,0.53,0.25,A,1.22,0.25,0,5,1,1.525
338,NTR-2-1-3,NTR-2-1,3,P4_R2a,NA,NA,NA,,1.41,8.57,0.15,NA,NA,NA,0.94,NA,NA,NA,NA,NA,NA,NA,32,9.67,3.05,0.46,NA,NA,2.36,155.16,0.09264,NA,NA,,TX-115-SWSHA-P4-R2A-10_35-06012018,18N06066,NA,338,Ap,10,35,NTR-2,a,NA,-101.947399,32.775007,NA,Amarillo,67,SHM - no-till,SHM,CROP,Till,No Till - Rye - 2,RNT,AG-CROP,Lamesa,TexasA&MPt-1,Amarillo,0.3,0.26,0.15,A,1.41,0.15,0,25,1,5.2875
339,NTR-2-1-4,NTR-2-1,4,P4_R2a,NA,NA,NA,,1.32,9.5,0.17,NA,NA,NA,1.32,NA,NA,NA,NA,NA,NA,NA,67,9.15,5.15,3.98,NA,NA,1.22,132.15,0.07113,NA,NA,,TX-115-SWSHA-P4-R2A-35_75-06012018,,NA,339,Bt1,35,75,NTR-2,a,NA,-101.947399,32.775007,NA,Amarillo,67,SHM - no-till,SHM,CROP,Till,No Till - Rye - 2,RNT,AG-CROP,Lamesa,TexasA&MPt-1,Amarillo,NA,NA,0.17,Bt,1.32,0.17,0,40,1,8.976
340,NTR-2-1-5,NTR-2-1,5,P4_R2a,NA,NA,NA,,1.52,7.92,0.15,NA,NA,NA,1.33,NA,NA,NA,NA,NA,NA,NA,46,6.97,7.91,1.46,NA,NA,0.84,104.13,0.01234,NA,NA,,TX-115-SW-P4-R2A-75_100-06012018,,NA,340,Bt2,75,100,NTR-2,a,NA,-101.947399,32.775007,NA,Amarillo,67,SHM - no-till,SHM,CROP,Till,No Till - Rye - 2,RNT,AG-CROP,Lamesa,TexasA&MPt-1,Amarillo,NA,NA,0.15,Bt,1.52,0.15,0,25,1,5.699999999999999
341,NTR-2-2-1,NTR-2-2,1,P4_R2b,NA,NA,NA,,1.27,8.21,0.6,NA,NA,NA,0.77,NA,NA,NA,NA,NA,NA,NA,58,133.77,23.25,1.26,NA,NA,9.37,507.39,0.78812,NA,NA,,TX-115-SWSHA-P4-R2B-0_5-06012018,18N06067,NA,341,Ap,0,5,NTR-2,b,NA,-101.947399,32.775007,NA,Amarillo,67,SHM - no-till,SHM,CROP,Till,No Till - Rye - 2,RNT,AG-CROP,Lamesa,TexasA&MPt-1,Amarillo,1.1,1.06,0.6,A,1.27,0.6,0,5,1,3.81
342,NTR-2-2-2,NTR-2-2,2,P4_R2b,NA,NA,NA,,1.21,9.01,0.44,NA,NA,NA,0.88,NA,NA,NA,NA,NA,NA,NA,13,72.16,11.35,3.92,NA,NA,3.22,348.39,0.31204,NA,NA,,TX-115-SWSHA-P4-R2B-5_10-06012018,18N06068,NA,342,Ap,5,10,NTR-2,b,NA,-101.947399,32.775007,NA,Amarillo,67,SHM - no-till,SHM,CROP,Till,No Till - Rye - 2,RNT,AG-CROP,Lamesa,TexasA&MPt-1,Amarillo,0.6,0.61,0.44,A,1.21,0.44,0,5,1,2.662
343,NTR-2-2-3,NTR-2-2,3,P4_R2b,NA,NA,NA,,1.5,8.94,0.19,NA,NA,NA,1.09,NA,NA,NA,NA,NA,NA,NA,79,11.9,3.19,0.61,NA,NA,0.27,232.44,0.08834,NA,NA,,TX-115-SWSHA-P4-R2B-10_35-06012018,18N06069,NA,343,Ap,10,35,NTR-2,b,NA,-101.947399,32.775007,NA,Amarillo,67,SHM - no-till,SHM,CROP,Till,No Till - Rye - 2,RNT,AG-CROP,Lamesa,TexasA&MPt-1,Amarillo,0.3,0.3,0.19,A,1.5,0.19,0,25,1,7.125000000000001
344,NTR-2-2-4,NTR-2-2,4,P4_R2b,NA,NA,NA,,1.45,9.54,0.18,NA,NA,NA,1.15,NA,NA,NA,NA,NA,NA,NA,59,7.92,1.41,0.18,NA,NA,0.94,182.03,0.07256,NA,NA,,TX-115-SWSHA-P4-R2B-35_75-06012018,,NA,344,Bt1,35,75,NTR-2,b,NA,-101.947399,32.775007,NA,Amarillo,67,SHM - no-till,SHM,CROP,Till,No Till - Rye - 2,RNT,AG-CROP,Lamesa,TexasA&MPt-1,Amarillo,NA,NA,0.18,Bt,1.45,0.18,0,40,1,10.440000000000001
345,NTR-2-2-5,NTR-2-2,5,P4_R2b,NA,NA,NA,,1.39,7.39,0.16,NA,NA,NA,1.41,NA,NA,NA,NA,NA,NA,NA,55,6.36,5.57,1.08,NA,NA,1.47,149.96,0.00804,NA,NA,,TX-115-SWP4-R2B-75_100-06012018,,NA,345,Bt2,75,100,NTR-2,b,NA,-101.947399,32.775007,NA,Amarillo,67,SHM - no-till,SHM,CROP,Till,No Till - Rye - 2,RNT,AG-CROP,Lamesa,TexasA&MPt-1,Amarillo,NA,NA,0.16,Bt,1.39,0.16,0,25,1,5.56
346,NTR-2-3-1,NTR-2-3,1,P4_R2c,NA,NA,NA,,1.45,8.32,0.53,NA,NA,NA,0.77,NA,NA,NA,NA,NA,NA,NA,68,178.6,27.59,1.79,NA,NA,11.96,470.73,0.568,NA,NA,,TX-115-SWSHA-P4-R2C-0_5-06012018,18N06070,NA,346,Ap,0,5,NTR-2,c,NA,-101.947399,32.775007,NA,Amarillo,67,SHM - no-till,SHM,CROP,Till,No Till - Rye - 2,RNT,AG-CROP,Lamesa,TexasA&MPt-1,Amarillo,1,1.03,0.53,A,1.45,0.53,0,5,1,3.8425
347,NTR-2-3-2,NTR-2-3,2,P4_R2c,NA,NA,NA,,1.49,8.18,0.37,NA,NA,NA,0.91,NA,NA,NA,NA,NA,NA,NA,109,91.45,18.67,0.23,NA,NA,8.76,388.25,0.31061,NA,NA,,TX-115-SWSHA-P4-R2C-5_10-06012018,18N06071,NA,347,Ap,5,10,NTR-2,c,NA,-101.947399,32.775007,NA,Amarillo,67,SHM - no-till,SHM,CROP,Till,No Till - Rye - 2,RNT,AG-CROP,Lamesa,TexasA&MPt-1,Amarillo,0.7,0.68,0.37,A,1.49,0.37,0,5,1,2.7565
348,NTR-2-3-3,NTR-2-3,3,P4_R2c,NA,NA,NA,,1.49,8.58,0.14,NA,NA,NA,0.95,NA,NA,NA,NA,NA,NA,NA,65,11.71,1.23,2.26,NA,NA,0.14,145.96,0.0869,NA,NA,,TX-115-SWSHA-P4-R2C-10_35-06012018,18N06072,NA,348,Ap,10,35,NTR-2,c,NA,-101.947399,32.775007,NA,Amarillo,67,SHM - no-till,SHM,CROP,Till,No Till - Rye - 2,RNT,AG-CROP,Lamesa,TexasA&MPt-1,Amarillo,0.3,0.25,0.14,A,1.49,0.14,0,25,1,5.215
349,NTR-2-3-4,NTR-2-3,4,P4_R2c,NA,NA,NA,,1.38,8.16,0.25,NA,NA,NA,1.41,NA,NA,NA,NA,NA,NA,NA,16,7.97,2.95,2.26,NA,NA,0.21,77.25,0.04532,NA,NA,,TX-115-SWSHA-P4-R2C-35_75-06012018,,NA,349,Bt1,35,75,NTR-2,c,NA,-101.947399,32.775007,NA,Amarillo,67,SHM - no-till,SHM,CROP,Till,No Till - Rye - 2,RNT,AG-CROP,Lamesa,TexasA&MPt-1,Amarillo,NA,NA,0.25,Bt,1.38,0.25,0,40,1,13.799999999999999
350,NTR-2-3-5,NTR-2-3,5,P4_R2c,NA,NA,NA,,1.29,7.46,0.26,NA,NA,NA,1.03,NA,NA,NA,NA,NA,NA,NA,2,3.85,0.06,0.75,NA,NA,0.32,114.21,0.01305,NA,NA,,TX-115-SW-P4-R2C-75_100-06012018,,NA,350,Bt2,75,100,NTR-2,c,NA,-101.947399,32.775007,NA,Amarillo,67,SHM - no-till,SHM,CROP,Till,No Till - Rye - 2,RNT,AG-CROP,Lamesa,TexasA&MPt-1,Amarillo,NA,NA,0.26,Bt,1.29,0.26,0,25,1,8.385000000000002
411,NTR-3-1-1,NTR-3-1,1,P9_R3a,NA,NA,NA,,0.98,10.42,0.72,NA,NA,NA,0.76,NA,NA,NA,NA,NA,NA,NA,127,289.22,25.72,2.38,NA,NA,3.5,313.16,0.17581,NA,NA,,TX-115-SW-P9-R3A-0_5-05312018,18N06108,NA,411,Ap,0,5,NTR-3,a,NA,-101.947009,32.775683,NA,Amarillo,68,SHM - no-till,SHM,CROP,Till,No Till - Rye - 3,RNT,AG-CROP,Lamesa,TexasA&MPt-1,Amarillo,1,0.97,0.72,A,0.98,0.72,0,5,1,3.528
412,NTR-3-1-2,NTR-3-1,2,P9_R3a,NA,NA,NA,,1.14,10,0.54,NA,NA,NA,1.05,NA,NA,NA,NA,NA,NA,NA,101,160.26,18.2,1.09,NA,NA,7.26,222.88,0.0931,NA,NA,,TX-115-SW-P9-R3A-5_10-05312018,18N06109,NA,412,Ap,5,10,NTR-3,a,NA,-101.947009,32.775683,NA,Amarillo,68,SHM - no-till,SHM,CROP,Till,No Till - Rye - 3,RNT,AG-CROP,Lamesa,TexasA&MPt-1,Amarillo,0.7,0.69,0.54,A,1.14,0.54,0,5,1,3.0780000000000003
413,NTR-3-1-3,NTR-3-1,3,P9_R3a,NA,NA,NA,,1.53,8.92,0.22,NA,NA,NA,0.92,NA,NA,NA,NA,NA,NA,NA,88,10.57,7.68,1.26,NA,NA,1.27,141.6,0.01141,NA,NA,,TX-115-SW-P9-R3A-10_35-05312018,18N06110,NA,413,Ap,10,35,NTR-3,a,NA,-101.947009,32.775683,NA,Amarillo,68,SHM - no-till,SHM,CROP,Till,No Till - Rye - 3,RNT,AG-CROP,Lamesa,TexasA&MPt-1,Amarillo,0.3,0.25,0.22,A,1.53,0.22,0,25,1,8.415000000000001
414,NTR-3-1-4,NTR-3-1,4,P9_R3a,NA,NA,NA,,1.45,11.39,0.23,NA,NA,NA,1.53,NA,NA,NA,NA,NA,NA,NA,76,7.84,5.67,2.55,NA,NA,0.99,66.84,0.21918,NA,NA,,TX-115-SW-P9-R3A-35_75-05312018,,NA,414,Bt1,35,75,NTR-3,a,NA,-101.947009,32.775683,NA,Amarillo,68,SHM - no-till,SHM,CROP,Till,No Till - Rye - 3,RNT,AG-CROP,Lamesa,TexasA&MPt-1,Amarillo,NA,NA,0.23,Bt,1.45,0.23,0,40,1,13.34
415,NTR-3-1-5,NTR-3-1,5,P9_R3a,NA,NA,NA,,1.14,7.71,0.18,NA,NA,NA,1.45,NA,NA,NA,NA,NA,NA,NA,65,14.82,3.33,1.52,NA,NA,0.62,32.83,0.13244,NA,NA,,TX-115-SW-P9-R3A-75_100-05312018,,NA,415,Bt2,75,100,NTR-3,a,NA,-101.947009,32.775683,NA,Amarillo,68,SHM - no-till,SHM,CROP,Till,No Till - Rye - 3,RNT,AG-CROP,Lamesa,TexasA&MPt-1,Amarillo,NA,NA,0.18,Bt,1.14,0.18,0,25,1,5.129999999999999
416,NTR-3-2-1,NTR-3-2,1,P9_R3b,NA,NA,NA,,1.39,8.23,0.91,NA,NA,NA,0.66,NA,NA,NA,NA,NA,NA,NA,161,224.18,29.28,4.62,NA,NA,4.25,456.96,0.01746,NA,NA,,TX-115-SW-P9-R3B-0_5-05312018,18N06111,NA,416,Ap,0,5,NTR-3,b,NA,-101.947009,32.775683,NA,Amarillo,68,SHM - no-till,SHM,CROP,Till,No Till - Rye - 3,RNT,AG-CROP,Lamesa,TexasA&MPt-1,Amarillo,1.3,1.32,0.91,A,1.39,0.91,0,5,1,6.3245
417,NTR-3-2-2,NTR-3-2,2,P9_R3b,NA,NA,NA,,1.21,7.64,0.61,NA,NA,NA,0.84,NA,NA,NA,NA,NA,NA,NA,117,166.78,20.72,3.79,NA,NA,6.45,286.28,0.16471,NA,NA,,TX-115-SW-P9-R3B-5_10-05312018,18N06112,NA,417,Ap,5,10,NTR-3,b,NA,-101.947009,32.775683,NA,Amarillo,68,SHM - no-till,SHM,CROP,Till,No Till - Rye - 3,RNT,AG-CROP,Lamesa,TexasA&MPt-1,Amarillo,0.8,0.82,0.61,A,1.21,0.61,0,5,1,3.6905
418,NTR-3-2-3,NTR-3-2,3,P9_R3b,NA,NA,NA,,1.37,7.83,0.15,NA,NA,NA,0.83,NA,NA,NA,NA,NA,NA,NA,142,6.99,3.47,1,NA,NA,0.19,61.96,0.14151,NA,NA,,TX-115-SW-P9-R3B-10_35-05312018,18N06113,NA,418,Ap,10,35,NTR-3,b,NA,-101.947009,32.775683,NA,Amarillo,68,SHM - no-till,SHM,CROP,Till,No Till - Rye - 3,RNT,AG-CROP,Lamesa,TexasA&MPt-1,Amarillo,0.3,0.25,0.15,A,1.37,0.15,0,25,1,5.1375
419,NTR-3-2-4,NTR-3-2,4,P9_R3b,NA,NA,NA,,1.46,7.7,0.33,NA,NA,NA,1.12,NA,NA,NA,NA,NA,NA,NA,151,3.81,5.57,1.92,NA,NA,0.35,91.22,0.03864,NA,NA,,TX-115-SW-P9-R3B-35_75-05312018,,NA,419,Bt1,35,75,NTR-3,b,NA,-101.947009,32.775683,NA,Amarillo,68,SHM - no-till,SHM,CROP,Till,No Till - Rye - 3,RNT,AG-CROP,Lamesa,TexasA&MPt-1,Amarillo,NA,NA,0.33,Bt,1.46,0.33,0,40,1,19.272
420,NTR-3-2-5,NTR-3-2,5,P9_R3b,NA,NA,NA,,1.41,7.82,0.24,NA,NA,NA,1.57,NA,NA,NA,NA,NA,NA,NA,154,5.58,2.67,1.54,NA,NA,0.27,32.96,0.16068,NA,NA,,TX-115-SW-P9-R3B-75_100-05312018,,NA,420,Bt2,75,100,NTR-3,b,NA,-101.947009,32.775683,NA,Amarillo,68,SHM - no-till,SHM,CROP,Till,No Till - Rye - 3,RNT,AG-CROP,Lamesa,TexasA&MPt-1,Amarillo,NA,NA,0.24,Bt,1.41,0.24,0,25,1,8.459999999999999
421,NTR-3-3-1,NTR-3-3,1,P9_R3c,NA,NA,NA,,1.43,9.15,0.69,NA,NA,NA,0.94,NA,NA,NA,NA,NA,NA,NA,118,268.53,28.81,3.01,NA,NA,13.97,396.72,0.14757,NA,NA,,TX-115-SW-P9-R3C-0_5-05312018,18N06114,NA,421,Ap,0,5,NTR-3,c,NA,-101.947009,32.775683,NA,Amarillo,68,SHM - no-till,SHM,CROP,Till,No Till - Rye - 3,RNT,AG-CROP,Lamesa,TexasA&MPt-1,Amarillo,0.9,0.93,0.69,A,1.43,0.69,0,5,1,4.9334999999999996
422,NTR-3-3-2,NTR-3-3,2,P9_R3c,NA,NA,NA,,1.58,7.99,0.33,NA,NA,NA,0.98,NA,NA,NA,NA,NA,NA,NA,186,144.04,16.47,2.04,NA,NA,5.31,310.66,0.03864,NA,NA,,TX-115-SW-P9-R3C-5_10-05312018,18N06115,NA,422,Ap,5,10,NTR-3,c,NA,-101.947009,32.775683,NA,Amarillo,68,SHM - no-till,SHM,CROP,Till,No Till - Rye - 3,RNT,AG-CROP,Lamesa,TexasA&MPt-1,Amarillo,0.6,0.61,0.33,A,1.58,0.33,0,5,1,2.607
423,NTR-3-3-3,NTR-3-3,3,P9_R3c,NA,NA,NA,,1.44,7.8,0.14,NA,NA,NA,0.99,NA,NA,NA,NA,NA,NA,NA,136,5.58,3.66,0.86,NA,NA,1.21,76.9,0.18892,NA,NA,,TX-115-SW-P9-R3C-10_35-05312018,18N06116,NA,423,Ap,10,35,NTR-3,c,NA,-101.947009,32.775683,NA,Amarillo,68,SHM - no-till,SHM,CROP,Till,No Till - Rye - 3,RNT,AG-CROP,Lamesa,TexasA&MPt-1,Amarillo,0.3,0.25,0.14,A,1.44,0.14,0,25,1,5.04
424,NTR-3-3-4,NTR-3-3,4,P9_R3c,NA,NA,NA,,1.53,8.37,0.17,NA,NA,NA,1.38,NA,NA,NA,NA,NA,NA,NA,124,2.09,3.94,1.4,NA,NA,0.07,106.27,0.10823,NA,NA,,TX-115-SW-P9-R3C-35_75-05312018,,NA,424,Bt1,35,75,NTR-3,c,NA,-101.947009,32.775683,NA,Amarillo,68,SHM - no-till,SHM,CROP,Till,No Till - Rye - 3,RNT,AG-CROP,Lamesa,TexasA&MPt-1,Amarillo,NA,NA,0.17,Bt,1.53,0.17,0,40,1,10.404
425,NTR-3-3-5,NTR-3-3,5,P9_R3c,NA,NA,NA,,1.46,7.9,0.14,NA,NA,NA,1.27,NA,NA,NA,NA,NA,NA,NA,143,1.05,2.86,0.79,NA,NA,0.32,100.41,0.01544,NA,NA,,TX-115-SW-P9-R3C-75_100-05312018,,NA,425,Bt2,75,100,NTR-3,c,NA,-101.947009,32.775683,NA,Amarillo,68,SHM - no-till,SHM,CROP,Till,No Till - Rye - 3,RNT,AG-CROP,Lamesa,TexasA&MPt-1,Amarillo,NA,NA,0.14,Bt,1.46,0.14,0,25,1,5.11
430,MT-1-1-1,MT-1-1,1,TXHP_10,NA,NA,NA,clay loam,1.5,0.0525,NA,NA,NA,NA,0.18,72.9,NA,NA,NA,NA,NA,NA,NA,7.69,21.1,169.02,8.1,NA,2.72,665,NA,48.69,30.62,,TX-375-SWSHA-10-A-05152018,18N05295,NA,430,,0,5,MT-1,NA,NA,-102.093806,35.18025,NA,Pullman,54,BAU,BAU,CROP,Till,Mulch tillage fallow after sorghum,Mulch tillage fallow after sorghum,AG-CROP,NA,TexasA&MPt-2,Pullman,1.4,1.42,1.4,NA,1.5,1.4,0,5,1,10.499999999999998
431,MT-1-1-2,MT-1-1,2,TXHP_10,NA,NA,NA,clay loam,2.1,0.0992,NA,NA,NA,NA,0.28,70.1,NA,NA,NA,NA,NA,NA,NA,12.56,9.63,170.44,10.33,NA,4.28,500,NA,29.34,17.88,,TX-375-SWSHA-10-B-05152018,18N05296,NA,431,,5,10,MT-1,NA,NA,-102.093806,35.18025,NA,Pullman,54,BAU,BAU,CROP,Till,Mulch tillage fallow after sorghum,Mulch tillage fallow after sorghum,AG-CROP,NA,TexasA&MPt-2,Pullman,1,0.96,1,NA,2.1,1,0,5,1,10.5
432,MT-1-1-3,MT-1-1,3,TXHP_10,NA,NA,NA,clay loam,1.65,0.2045,NA,NA,NA,NA,0.14,69,NA,NA,NA,NA,NA,NA,NA,0,3.63,59.12,1.05,NA,11.41,378,NA,25.79,14.78,,TX-375-SWSHA-10-C-05152018,18N05297,NA,432,,10,22,MT-1,NA,NA,-102.093806,35.18025,NA,Pullman,54,BAU,BAU,CROP,Till,Mulch tillage fallow after sorghum,Mulch tillage fallow after sorghum,AG-CROP,NA,TexasA&MPt-2,Pullman,0.7,0.74,0.7,NA,1.65,0.7,0,12,1,13.859999999999998
433,MT-1-1-4,MT-1-1,4,TXHP_10,NA,NA,NA,clay loam,1.52,0.2126,NA,NA,NA,NA,0.17,75,NA,NA,NA,NA,NA,NA,NA,0,2.83,10.88,0.57,NA,4.66,222,NA,23.68,10.17,,TX-375-SWSHA-10-D-05152018,,NA,433,,22,58,MT-1,NA,NA,-102.093806,35.18025,NA,Pullman,54,BAU,BAU,CROP,Till,Mulch tillage fallow after sorghum,Mulch tillage fallow after sorghum,AG-CROP,NA,TexasA&MPt-2,Pullman,NA,NA,NA,NA,1.52,NA,0,36,1,NA
434,MT-1-2-1,MT-1-2,1,TXHP_11,NA,NA,NA,clay loam,0.93,0.074,NA,NA,NA,NA,0.16,55,NA,NA,NA,NA,NA,NA,NA,9.24,7.19,108.17,5.59,NA,8.34,421,NA,40.19,19.35,,TX-375-SWSHA-11-A-05152018,18N05298,NA,434,,0,5,MT-1,NA,NA,-102.093806,35.18025,NA,Pullman,54,BAU,BAU,CROP,Till,Mulch tillage fallow after sorghum,Mulch tillage fallow after sorghum,AG-CROP,NA,TexasA&MPt-2,Pullman,1,0.99,1,NA,0.93,1,0,5,1,4.65
435,MT-1-2-2,MT-1-2,2,TXHP_11,NA,NA,NA,clay loam,1.49,0.1212,NA,NA,NA,NA,0.19,74.4,NA,NA,NA,NA,NA,NA,NA,11.79,14.92,143.29,2.89,NA,1.49,418,NA,28.87,16.43,,TX-375-SWSHA-11-B-05152018,18N05299,NA,435,,5,10,MT-1,NA,NA,-102.093806,35.18025,NA,Pullman,54,BAU,BAU,CROP,Till,Mulch tillage fallow after sorghum,Mulch tillage fallow after sorghum,AG-CROP,NA,TexasA&MPt-2,Pullman,0.8,0.84,0.8,NA,1.49,0.8,0,5,1,5.96
436,MT-1-2-3,MT-1-2,3,TXHP_11,NA,NA,NA,clay loam,1.73,0.2007,NA,NA,NA,NA,0.21,72.9,NA,NA,NA,NA,NA,NA,NA,0.81,3.02,28.84,0,NA,8.48,311,NA,24.67,12.58,,TX-375-SWSHA-11-C-05152018,18N05300,NA,436,,10,22,MT-1,NA,NA,-102.093806,35.18025,NA,Pullman,54,BAU,BAU,CROP,Till,Mulch tillage fallow after sorghum,Mulch tillage fallow after sorghum,AG-CROP,NA,TexasA&MPt-2,Pullman,0.7,0.69,0.7,NA,1.73,0.7,0,12,1,14.531999999999998
437,MT-1-2-4,MT-1-2,4,TXHP_11,NA,NA,NA,clay loam,1.54,0.1702,NA,NA,NA,NA,0.16,67.3,NA,NA,NA,NA,NA,NA,NA,0,2.27,17.54,0,NA,5.74,214,NA,18.32,13.29,,TX-375-SWSHA-11-D-05152018,,NA,437,,22,58,MT-1,NA,NA,-102.093806,35.18025,NA,Pullman,54,BAU,BAU,CROP,Till,Mulch tillage fallow after sorghum,Mulch tillage fallow after sorghum,AG-CROP,NA,TexasA&MPt-2,Pullman,NA,NA,NA,NA,1.54,NA,0,36,1,NA
438,MT-1-3-1,MT-1-3,1,TXHP_12,NA,NA,NA,clay loam,1.02,0.0534,NA,NA,NA,NA,0.34,86.2,NA,NA,NA,NA,NA,NA,NA,13.9,14.12,147.02,2.69,NA,2.48,467,NA,44.17,27.8,,TX-375-SWSHA-12-A-05152018,18N05301,NA,438,,0,5,MT-1,NA,NA,-102.093806,35.18025,NA,Pullman,54,BAU,BAU,CROP,Till,Mulch tillage fallow after sorghum,Mulch tillage fallow after sorghum,AG-CROP,NA,TexasA&MPt-2,Pullman,1,0.98,1,NA,1.02,1,0,5,1,5.1
439,MT-1-3-2,MT-1-3,2,TXHP_12,NA,NA,NA,clay loam,1.59,0.0924,NA,NA,NA,NA,0.19,66.2,NA,NA,NA,NA,NA,NA,NA,2.69,10.05,122.09,1.92,NA,10.09,461,NA,34.59,15.68,,TX-375-SWSHA-12-B-05152018,18N05302,NA,439,,5,10,MT-1,NA,NA,-102.093806,35.18025,NA,Pullman,54,BAU,BAU,CROP,Till,Mulch tillage fallow after sorghum,Mulch tillage fallow after sorghum,AG-CROP,NA,TexasA&MPt-2,Pullman,0.9,0.86,0.9,NA,1.59,0.9,0,5,1,7.155
440,MT-1-3-3,MT-1-3,3,TXHP_12,NA,NA,NA,clay loam,2.04,0.1911,NA,NA,NA,NA,0.12,59.7,NA,NA,NA,NA,NA,NA,NA,0,3.82,33.89,5.11,NA,1.92,325,NA,25.83,13.77,,TX-375-SWSHA-12-C-05152018,18N05303,NA,440,,10,22,MT-1,NA,NA,-102.093806,35.18025,NA,Pullman,54,BAU,BAU,CROP,Till,Mulch tillage fallow after sorghum,Mulch tillage fallow after sorghum,AG-CROP,NA,TexasA&MPt-2,Pullman,0.7,0.7,0.7,NA,2.04,0.7,0,12,1,17.136
441,MT-1-3-4,MT-1-3,4,TXHP_12,NA,NA,NA,clay loam,1.7,0.1786,NA,NA,NA,NA,0.13,61.2,NA,NA,NA,NA,NA,NA,NA,0,1.38,3.92,0.86,NA,3.66,216,NA,19.52,11.75,,TX-375-SWSHA-12-D-05152018,,NA,441,,22,58,MT-1,NA,NA,-102.093806,35.18025,NA,Pullman,54,BAU,BAU,CROP,Till,Mulch tillage fallow after sorghum,Mulch tillage fallow after sorghum,AG-CROP,NA,TexasA&MPt-2,Pullman,NA,NA,NA,NA,1.7,NA,0,36,1,NA
454,MT-2-1-1,MT-2-1,1,TXHP_16,NA,NA,NA,clay loam,1.15,0.0588,NA,NA,NA,NA,0.19,65.8,NA,NA,NA,NA,NA,NA,NA,13.22,5.32,156.49,14.42,NA,2.21,598,NA,52.78,36.51,,TX-375-SWSHA-16-A-05152018,18N05313,NA,454,,0,5,MT-2,NA,NA,-102.093806,35.18025,NA,Pullman,55,BAU,BAU,CROP,Till,mulch tillage fallow after wheat,mulch tillage fallow after wheat,AG-CROP,NA,TexasA&MPt-2,Pullman,0.9,0.9,0.9,NA,1.15,0.9,0,5,1,5.175
455,MT-2-1-2,MT-2-1,2,TXHP_16,NA,NA,NA,clay loam,1.28,0.0943,NA,NA,NA,NA,0.15,70.7,NA,NA,NA,NA,NA,NA,NA,11.97,9.29,204.23,26.82,NA,1.55,494,NA,48.81,34.66,,TX-375-SWSHA-16-B-05152018,18N05314,NA,455,,5,10,MT-2,NA,NA,-102.093806,35.18025,NA,Pullman,55,BAU,BAU,CROP,Till,mulch tillage fallow after wheat,mulch tillage fallow after wheat,AG-CROP,NA,TexasA&MPt-2,Pullman,0.8,0.84,0.8,NA,1.28,0.8,0,5,1,5.12
456,MT-2-1-3,MT-2-1,3,TXHP_16,NA,NA,NA,clay loam,1.64,0.2093,NA,NA,NA,NA,0.23,78,NA,NA,NA,NA,NA,NA,NA,2.31,0,23.59,13.95,NA,1.94,327,NA,23.19,13.87,,TX-375-SWSHA-16-C-05152018,18N05315,NA,456,,10,22,MT-2,NA,NA,-102.093806,35.18025,NA,Pullman,55,BAU,BAU,CROP,Till,mulch tillage fallow after wheat,mulch tillage fallow after wheat,AG-CROP,NA,TexasA&MPt-2,Pullman,0.7,0.7,0.7,NA,1.64,0.7,0,12,1,13.776
457,MT-2-1-4,MT-2-1,4,TXHP_16,NA,NA,NA,clay loam,1.67,0.2163,NA,NA,NA,NA,0.16,65.3,NA,NA,NA,NA,NA,NA,NA,1.32,0,22.54,1.94,NA,22.55,272,NA,22,14.31,,TX-375-SWSHA-16-D-05152018,,NA,457,,22,58,MT-2,NA,NA,-102.093806,35.18025,NA,Pullman,55,BAU,BAU,CROP,Till,mulch tillage fallow after wheat,mulch tillage fallow after wheat,AG-CROP,NA,TexasA&MPt-2,Pullman,NA,NA,NA,NA,1.67,NA,0,36,1,NA
458,MT-2-2-1,MT-2-2,1,TXHP_17,NA,NA,NA,clay loam,1.06,0.052,NA,NA,NA,NA,0.45,58.7,NA,NA,NA,NA,NA,NA,NA,2.13,11.86,192.27,20.62,NA,3.2,498,NA,35.12,23.48,,TX-375-SWSHA-17-A-05152018,18N05316,NA,458,,0,5,MT-2,NA,NA,-102.093806,35.18025,NA,Pullman,55,BAU,BAU,CROP,Till,mulch tillage fallow after wheat,mulch tillage fallow after wheat,AG-CROP,NA,TexasA&MPt-2,Pullman,1.1,1.06,1.1,NA,1.06,1.1,0,5,1,5.830000000000001
459,MT-2-2-2,MT-2-2,2,TXHP_17,NA,NA,NA,clay loam,1.45,0.0693,NA,NA,NA,NA,0.52,60.8,NA,NA,NA,NA,NA,NA,NA,12.97,10.88,200.11,21.39,NA,2.87,567,NA,51.16,33.66,,TX-375-SWSHA-17-B-05152018,18N05317,NA,459,,5,10,MT-2,NA,NA,-102.093806,35.18025,NA,Pullman,55,BAU,BAU,CROP,Till,mulch tillage fallow after wheat,mulch tillage fallow after wheat,AG-CROP,NA,TexasA&MPt-2,Pullman,0.9,0.93,0.9,NA,1.45,0.9,0,5,1,6.5249999999999995
460,MT-2-2-3,MT-2-2,3,TXHP_17,NA,NA,NA,clay loam,1.26,0.205,NA,NA,NA,NA,0.83,79.9,NA,NA,NA,NA,NA,NA,NA,0.07,0,27.42,2.4,NA,6.04,368,NA,27.47,18.66,,TX-375-SWSHA-17-C-05152018,18N05318,NA,460,,10,22,MT-2,NA,NA,-102.093806,35.18025,NA,Pullman,55,BAU,BAU,CROP,Till,mulch tillage fallow after wheat,mulch tillage fallow after wheat,AG-CROP,NA,TexasA&MPt-2,Pullman,0.7,0.69,0.7,NA,1.26,0.7,0,12,1,10.584
461,MT-2-2-4,MT-2-2,4,TXHP_17,NA,NA,NA,clay loam,1.6,0.2124,NA,NA,NA,NA,0.17,74.9,NA,NA,NA,NA,NA,NA,NA,0,0,15.17,0,NA,0,149,NA,18.07,18.3,,TX-375-SWSHA-17-D-05152018,,NA,461,,22,58,MT-2,NA,NA,-102.093806,35.18025,NA,Pullman,55,BAU,BAU,CROP,Till,mulch tillage fallow after wheat,mulch tillage fallow after wheat,AG-CROP,NA,TexasA&MPt-2,Pullman,NA,NA,NA,NA,1.6,NA,0,36,1,NA
462,MT-2-3-1,MT-2-3,1,TXHP_18,NA,NA,NA,clay loam,1.19,0.053900000000000003,NA,NA,NA,NA,1.97,91.3,NA,NA,NA,NA,NA,NA,NA,26.81,16.7,178.68,19.29,NA,3.72,505,NA,51.99,31.12,,TX-375-SWSHA-18-A-05152018,18N05319,NA,462,,0,5,MT-2,NA,NA,-102.093806,35.18025,NA,Pullman,55,BAU,BAU,CROP,Till,mulch tillage fallow after wheat,mulch tillage fallow after wheat,AG-CROP,NA,TexasA&MPt-2,Pullman,1,1.01,1,NA,1.19,1,0,5,1,5.949999999999999
463,MT-2-3-2,MT-2-3,2,TXHP_18,NA,NA,NA,clay loam,1.36,0.1025,NA,NA,NA,NA,0.59,3.8,NA,NA,NA,NA,NA,NA,NA,14.09,9.18,226.42,26.73,NA,5.71,429,NA,32.27,25.06,,TX-375-SWSHA-18-B-05152018,18N05320,NA,463,,5,10,MT-2,NA,NA,-102.093806,35.18025,NA,Pullman,55,BAU,BAU,CROP,Till,mulch tillage fallow after wheat,mulch tillage fallow after wheat,AG-CROP,NA,TexasA&MPt-2,Pullman,0.9,0.89,0.9,NA,1.36,0.9,0,5,1,6.120000000000001
464,MT-2-3-3,MT-2-3,3,TXHP_18,NA,NA,NA,clay loam,1.85,0.2321,NA,NA,NA,NA,1.52,80.3,NA,NA,NA,NA,NA,NA,NA,2.07,0,34.12,10.13,NA,4.78,722,NA,19.56,13.69,,TX-375-SWSHA-18-C-05152018,18N05321,NA,464,,10,22,MT-2,NA,NA,-102.093806,35.18025,NA,Pullman,55,BAU,BAU,CROP,Till,mulch tillage fallow after wheat,mulch tillage fallow after wheat,AG-CROP,NA,TexasA&MPt-2,Pullman,0.7,0.66,0.7,NA,1.85,0.7,0,12,1,15.54
465,MT-2-3-4,MT-2-3,4,TXHP_18,NA,NA,NA,clay loam,1.43,0.2176,NA,NA,NA,NA,2.16,87.1,NA,NA,NA,NA,NA,NA,NA,0,0,19.86,2.34,NA,1.21,206,NA,25.34,17.37,,TX-375-SWSHA-18-D-05152018,,NA,465,,22,58,MT-2,NA,NA,-102.093806,35.18025,NA,Pullman,55,BAU,BAU,CROP,Till,mulch tillage fallow after wheat,mulch tillage fallow after wheat,AG-CROP,NA,TexasA&MPt-2,Pullman,NA,NA,NA,NA,1.43,NA,0,36,1,NA
482,MT-3-1-1,MT-3-1,1,TXHP_22,NA,NA,NA,clay loam,1.2,0.0655,NA,NA,NA,NA,0.25,79.5,NA,NA,NA,NA,NA,NA,NA,10.71,19.65,94.9,14.18,NA,1.18,520,NA,47.15,108.29,,TX-375-SWSHA-22-A-05152018,18N05331,NA,482,,0,5,MT-3,NA,NA,-102.093806,35.18025,NA,Pullman,56,BAU,BAU,CROP,Till,mulch tillage wheat,mulch tillage wheat,AG-CROP,NA,TexasA&MPt-2,Pullman,0.9,0.92,0.9,NA,1.2,0.9,0,5,1,5.4
483,MT-3-1-2,MT-3-1,2,TXHP_22,NA,NA,NA,clay loam,2,0.104,NA,NA,NA,NA,0.32,75.2,NA,NA,NA,NA,NA,NA,NA,5.52,13,149.32,2.19,NA,2.78,359,NA,41.13,54.89,,TX-375-SWSHA-22-B-05152018,18N05332,NA,483,,5,10,MT-3,NA,NA,-102.093806,35.18025,NA,Pullman,56,BAU,BAU,CROP,Till,mulch tillage wheat,mulch tillage wheat,AG-CROP,NA,TexasA&MPt-2,Pullman,0.9,0.87,0.9,NA,2,0.9,0,5,1,9
484,MT-3-1-3,MT-3-1,3,TXHP_22,NA,NA,NA,clay loam,1.35,0.148,NA,NA,NA,NA,0.21,68.2,NA,NA,NA,NA,NA,NA,NA,3.43,3.38,27.13,5.41,NA,0,356,NA,24.53,20.23,,TX-375-SWSHA-22-C-05152018,18N05333,NA,484,,10,22,MT-3,NA,NA,-102.093806,35.18025,NA,Pullman,56,BAU,BAU,CROP,Till,mulch tillage wheat,mulch tillage wheat,AG-CROP,NA,TexasA&MPt-2,Pullman,0.6,0.71,0.6,NA,1.35,0.6,0,12,1,9.72
485,MT-3-1-4,MT-3-1,4,TXHP_22,NA,NA,NA,clay loam,1.63,0.1426,NA,NA,NA,NA,0.09,41.5,NA,NA,NA,NA,NA,NA,NA,2.1,1.55,23.73,3.96,NA,0,187,NA,21.21,17.22,,TX-375-SWSHA-22-D-05152018,,NA,485,,22,58,MT-3,NA,NA,-102.093806,35.18025,NA,Pullman,56,BAU,BAU,CROP,Till,mulch tillage wheat,mulch tillage wheat,AG-CROP,NA,TexasA&MPt-2,Pullman,NA,NA,NA,NA,1.63,NA,0,36,1,NA
486,MT-3-2-1,MT-3-2,1,TXHP_23,NA,NA,NA,clay loam,2.24,0.1459,NA,NA,NA,NA,0.18,57.3,NA,NA,NA,NA,NA,NA,NA,1.72,8.24,72.7,1.63,NA,4.41,419,NA,48.77,126.92,,TX-375-SWSHA-23-A-05152018,18N05334,NA,486,,0,5,MT-3,NA,NA,-102.093806,35.18025,NA,Pullman,56,BAU,BAU,CROP,Till,mulch tillage wheat,mulch tillage wheat,AG-CROP,NA,TexasA&MPt-2,Pullman,0.9,0.92,0.9,NA,2.24,0.9,0,5,1,10.080000000000002
487,MT-3-2-2,MT-3-2,2,TXHP_23,NA,NA,NA,clay loam,1.21,0.0647,NA,NA,NA,NA,0.24,68.7,NA,NA,NA,NA,NA,NA,NA,24.14,7.98,141.8,19.73,NA,3.67,490,NA,38.56,47.52,,TX-375-SWSHA-23-B-05152018,18N05335,NA,487,,5,10,MT-3,NA,NA,-102.093806,35.18025,NA,Pullman,56,BAU,BAU,CROP,Till,mulch tillage wheat,mulch tillage wheat,AG-CROP,NA,TexasA&MPt-2,Pullman,0.9,0.89,0.9,NA,1.21,0.9,0,5,1,5.445
488,MT-3-2-3,MT-3-2,3,TXHP_23,NA,NA,NA,clay loam,1.13,0.0984,NA,NA,NA,NA,0.18,65.7,NA,NA,NA,NA,NA,NA,NA,7.23,4.27,64.46,16.17,NA,0,388,NA,30,19.81,,TX-375-SWSHA-23-C-05152018,18N05336,NA,488,,10,22,MT-3,NA,NA,-102.093806,35.18025,NA,Pullman,56,BAU,BAU,CROP,Till,mulch tillage wheat,mulch tillage wheat,AG-CROP,NA,TexasA&MPt-2,Pullman,0.7,0.71,0.7,NA,1.13,0.7,0,12,1,9.491999999999999
489,MT-3-2-4,MT-3-2,4,TXHP_23,NA,NA,NA,clay loam,1.5,0.1391,NA,NA,NA,NA,0.17,57.1,NA,NA,NA,NA,NA,NA,NA,4.69,1.86,20.86,0,NA,0.36,218,NA,21.9,14.85,,TX-375-SWSHA-23-D-05152018,,NA,489,,22,58,MT-3,NA,NA,-102.093806,35.18025,NA,Pullman,56,BAU,BAU,CROP,Till,mulch tillage wheat,mulch tillage wheat,AG-CROP,NA,TexasA&MPt-2,Pullman,NA,NA,NA,NA,1.5,NA,0,36,1,NA
490,MT-3-3-1,MT-3-3,1,TXHP_24,NA,NA,NA,clay loam,1.22,0.0599,NA,NA,NA,NA,0.39,80.8,NA,NA,NA,NA,NA,NA,NA,10.46,9.6,90.87,14.95,NA,5.16,461,NA,39.37,119.99,,TX-375-SWSHA-24-A-05152018,18N05337,NA,490,,0,5,MT-3,NA,NA,-102.093806,35.18025,NA,Pullman,56,BAU,BAU,CROP,Till,mulch tillage wheat,mulch tillage wheat,AG-CROP,NA,TexasA&MPt-2,Pullman,0.8,0.84,0.8,NA,1.22,0.8,0,5,1,4.88
491,MT-3-3-2,MT-3-3,2,TXHP_24,NA,NA,NA,clay loam,2.33,0.1366,NA,NA,NA,NA,0.14,65.3,NA,NA,NA,NA,NA,NA,NA,12.74,12.53,134.73,13.4,NA,1.02,439,NA,39.23,103.05,,TX-375-SWSHA-24-B-05152018,18N05338,NA,491,,5,10,MT-3,NA,NA,-102.093806,35.18025,NA,Pullman,56,BAU,BAU,CROP,Till,mulch tillage wheat,mulch tillage wheat,AG-CROP,NA,TexasA&MPt-2,Pullman,0.8,0.82,0.8,NA,2.33,0.8,0,5,1,9.32
492,MT-3-3-3,MT-3-3,3,TXHP_24,NA,NA,NA,clay loam,1.55,0.1497,NA,NA,NA,NA,0.25,77.2,NA,NA,NA,NA,NA,NA,NA,5.71,5.84,36.08,13.51,NA,6.32,369,NA,32.56,28.09,,TX-375-SWSHA-24-C-05152018,18N05339,NA,492,,10,22,MT-3,NA,NA,-102.093806,35.18025,NA,Pullman,56,BAU,BAU,CROP,Till,mulch tillage wheat,mulch tillage wheat,AG-CROP,NA,TexasA&MPt-2,Pullman,0.6,0.58,0.6,NA,1.55,0.6,0,12,1,11.16
493,MT-3-3-4,MT-3-3,4,TXHP_24,NA,NA,NA,clay loam,0.89,0.092,NA,NA,NA,NA,0.24,78.6,NA,NA,NA,NA,NA,NA,NA,0,0,22.12,0,NA,0.88,202,NA,25.73,16.48,,TX-375-SWSHA-24-D-05152018,,NA,493,,22,58,MT-3,NA,NA,-102.093806,35.18025,NA,Pullman,56,BAU,BAU,CROP,Till,mulch tillage wheat,mulch tillage wheat,AG-CROP,NA,TexasA&MPt-2,Pullman,NA,NA,NA,NA,0.89,NA,0,36,1,NA
510,NT-1-1-1,NT-1-1,1,TXHP_7,NA,NA,NA,clay loam,1.57,0.0581,NA,NA,NA,NA,0.62,87.5,NA,NA,NA,NA,NA,NA,NA,19.22,5.04,127.34,12.45,NA,9.1,632,NA,37.6,20.28,,TX-375-SWSHA-07-A-05152018,18N05286,NA,510,,0,5,NT-1,NA,NA,-102.093806,35.18025,NA,Pullman,60,SHM - no-till,SHM,CROP,No-till,no-till fallow after sorghum,no-till fallow after sorghum,AG-CROP,NA,TexasA&MPt-2,Pullman,1,1.01,1,NA,1.57,1,0,5,1,7.8500000000000005
511,NT-1-1-2,NT-1-1,2,TXHP_7,NA,NA,NA,clay loam,1.56,0.1163,NA,NA,NA,NA,0.65,87.4,NA,NA,NA,NA,NA,NA,NA,12.79,6.25,107.87,5.98,NA,10.37,455,NA,44.73,17.4,,TX-375-SWSHA-07-B-05152018,18N05287,NA,511,,5,10,NT-1,NA,NA,-102.093806,35.18025,NA,Pullman,60,SHM - no-till,SHM,CROP,No-till,no-till fallow after sorghum,no-till fallow after sorghum,AG-CROP,NA,TexasA&MPt-2,Pullman,0.8,0.82,0.8,NA,1.56,0.8,0,5,1,6.240000000000001
512,NT-1-1-3,NT-1-1,3,TXHP_7,NA,NA,NA,clay loam,1.59,0.1601,NA,NA,NA,NA,0.69,89.2,NA,NA,NA,NA,NA,NA,NA,0.31,0,51.75,0.76,NA,14.44,393,NA,33.65,13.97,,TX-375-SWSHA-07-C-05152018,18N05288,NA,512,,10,22,NT-1,NA,NA,-102.093806,35.18025,NA,Pullman,60,SHM - no-till,SHM,CROP,No-till,no-till fallow after sorghum,no-till fallow after sorghum,AG-CROP,NA,TexasA&MPt-2,Pullman,0.7,0.71,0.7,NA,1.59,0.7,0,12,1,13.356
513,NT-1-1-4,NT-1-1,4,TXHP_7,NA,NA,NA,clay loam,1.7,0.1722,NA,NA,NA,NA,0.85,92.5,NA,NA,NA,NA,NA,NA,NA,0,0,14.21,2.79,NA,12.69,316,NA,56.96,12.12,,TX-375-SWSHA-07-D-05152018,,NA,513,,22,58,NT-1,NA,NA,-102.093806,35.18025,NA,Pullman,60,SHM - no-till,SHM,CROP,No-till,no-till fallow after sorghum,no-till fallow after sorghum,AG-CROP,NA,TexasA&MPt-2,Pullman,NA,NA,NA,NA,1.7,NA,0,36,1,NA
514,NT-1-2-1,NT-1-2,1,TXHP_8,NA,NA,NA,clay loam,1.13,0.0653,NA,NA,NA,NA,2.35,83.2,NA,NA,NA,NA,NA,NA,NA,15.67,19.6,173.97,8.68,NA,19.02,695,NA,69.49,23.66,,TX-375-SWSHA-08-A-05152018,18N05289,NA,514,,0,5,NT-1,NA,NA,-102.093806,35.18025,NA,Pullman,60,SHM - no-till,SHM,CROP,No-till,no-till fallow after sorghum,no-till fallow after sorghum,AG-CROP,NA,TexasA&MPt-2,Pullman,1.4,1.4,1.4,NA,1.13,1.4,0,5,1,7.909999999999999
515,NT-1-2-2,NT-1-2,2,TXHP_8,NA,NA,NA,clay loam,1.52,0.1144,NA,NA,NA,NA,0.27,72.1,NA,NA,NA,NA,NA,NA,NA,8.35,9.3,89.8,5.98,NA,15.57,405,NA,38.47,16.65,,TX-375-SWSHA-08-B-05152018,18N05290,NA,515,,5,10,NT-1,NA,NA,-102.093806,35.18025,NA,Pullman,60,SHM - no-till,SHM,CROP,No-till,no-till fallow after sorghum,no-till fallow after sorghum,AG-CROP,NA,TexasA&MPt-2,Pullman,1,0.95,1,NA,1.52,1,0,5,1,7.6
516,NT-1-2-3,NT-1-2,3,TXHP_8,NA,NA,NA,clay loam,1.72,0.2147,NA,NA,NA,NA,0.17,73.9,NA,NA,NA,NA,NA,NA,NA,2.64,5.64,63.76,0,NA,15.76,431,NA,26.02,14.38,,TX-375-SWSHA-08-C-05152018,18N05291,NA,516,,10,22,NT-1,NA,NA,-102.093806,35.18025,NA,Pullman,60,SHM - no-till,SHM,CROP,No-till,no-till fallow after sorghum,no-till fallow after sorghum,AG-CROP,NA,TexasA&MPt-2,Pullman,0.8,0.8,0.8,NA,1.72,0.8,0,12,1,16.512
517,NT-1-2-4,NT-1-2,4,TXHP_8,NA,NA,NA,clay loam,1.68,0.249,NA,NA,NA,NA,0.12,55.9,NA,NA,NA,NA,NA,NA,NA,0,0.59,7.75,2.69,NA,13.97,328,NA,21.7,11.99,,TX-375-SWSHA-08-D-05152018,,NA,517,,22,58,NT-1,NA,NA,-102.093806,35.18025,NA,Pullman,60,SHM - no-till,SHM,CROP,No-till,no-till fallow after sorghum,no-till fallow after sorghum,AG-CROP,NA,TexasA&MPt-2,Pullman,NA,NA,NA,NA,1.68,NA,0,36,1,NA
518,NT-1-3-1,NT-1-3,1,TXHP_9,NA,NA,NA,clay loam,0.69,0.0513,NA,NA,NA,NA,4.29,99.6,NA,NA,NA,NA,NA,NA,NA,2.47,8.22,150.55,7.81,NA,14.63,726,NA,92.77,39.54,,TX-375-SWSHA-09-A-05152018,18N05292,NA,518,,0,5,NT-1,NA,NA,-102.093806,35.18025,NA,Pullman,60,SHM - no-till,SHM,CROP,No-till,no-till fallow after sorghum,no-till fallow after sorghum,AG-CROP,NA,TexasA&MPt-2,Pullman,1.4,1.42,1.4,NA,0.69,1.4,0,5,1,4.829999999999999
519,NT-1-3-2,NT-1-3,2,TXHP_9,NA,NA,NA,clay loam,1.55,0.0766,NA,NA,NA,NA,3.06,96.2,NA,NA,NA,NA,NA,NA,NA,7.35,5.69,133.4,3.76,NA,11.32,368,NA,33.18,17.53,,TX-375-SWSHA-09-B-05152018,18N05293,NA,519,,5,10,NT-1,NA,NA,-102.093806,35.18025,NA,Pullman,60,SHM - no-till,SHM,CROP,No-till,no-till fallow after sorghum,no-till fallow after sorghum,AG-CROP,NA,TexasA&MPt-2,Pullman,0.8,0.83,0.8,NA,1.55,0.8,0,5,1,6.200000000000001
520,NT-1-3-3,NT-1-3,3,TXHP_9,NA,NA,NA,clay loam,1.3,0.1432,NA,NA,NA,NA,3.78,98.9,NA,NA,NA,NA,NA,NA,NA,2.14,0,50.24,0,NA,21.67,269,NA,18.96,11.78,,TX-375-SWSHA-09-C-05152018,18N05294,NA,520,,10,22,NT-1,NA,NA,-102.093806,35.18025,NA,Pullman,60,SHM - no-till,SHM,CROP,No-till,no-till fallow after sorghum,no-till fallow after sorghum,AG-CROP,NA,TexasA&MPt-2,Pullman,0.8,0.78,0.8,NA,1.3,0.8,0,12,1,12.48
521,NT-1-3-4,NT-1-3,4,TXHP_9,NA,NA,NA,clay loam,1.67,0.1975,NA,NA,NA,NA,2.42,95.1,NA,NA,NA,NA,NA,NA,NA,0,0,23.5,2.21,NA,0,282,NA,23.31,13.01,,TX-375-SWSHA-09-D-05152018,,NA,521,,22,58,NT-1,NA,NA,-102.093806,35.18025,NA,Pullman,60,SHM - no-till,SHM,CROP,No-till,no-till fallow after sorghum,no-till fallow after sorghum,AG-CROP,NA,TexasA&MPt-2,Pullman,NA,NA,NA,NA,1.67,NA,0,36,1,NA
442,NT-2-1-1,NT-2-1,1,TXHP_13,NA,NA,NA,clay loam,1.66,0.0796,NA,NA,NA,NA,0.19,74.3,NA,NA,NA,NA,NA,NA,NA,14.84,2.49,185.67,12.13,NA,8.74,481,NA,46.34,41.45,,TX-375-SWSHA-13-A-05152018,18N05304,NA,442,,0,5,NT-2,NA,NA,-102.093806,35.18025,NA,Pullman,61,SHM - no-till,SHM,CROP,No-till,no-till fallow after wheat,no-till fallow after wheat,AG-CROP,NA,TexasA&MPt-2,Pullman,0.9,0.92,0.9,NA,1.66,0.9,0,5,1,7.47
443,NT-2-1-2,NT-2-1,2,TXHP_13,NA,NA,NA,clay loam,1.68,0.148,NA,NA,NA,NA,0.17,81.6,NA,NA,NA,NA,NA,NA,NA,7.36,0,225.56,19.86,NA,5.77,447,NA,29,21.35,,TX-375-SWSHA-13-B-05152018,18N05305,NA,443,,5,10,NT-2,NA,NA,-102.093806,35.18025,NA,Pullman,61,SHM - no-till,SHM,CROP,No-till,no-till fallow after wheat,no-till fallow after wheat,AG-CROP,NA,TexasA&MPt-2,Pullman,1,1.01,1,NA,1.68,1,0,5,1,8.4
444,NT-2-1-3,NT-2-1,3,TXHP_13,NA,NA,NA,clay loam,1.66,0.2313,NA,NA,NA,NA,0.21,75.9,NA,NA,NA,NA,NA,NA,NA,3.5,0,32.87,2.31,NA,7.36,335,NA,22.59,14.91,,TX-375-SWSHA-13-C-05152018,18N05306,NA,444,,10,22,NT-2,NA,NA,-102.093806,35.18025,NA,Pullman,61,SHM - no-till,SHM,CROP,No-till,no-till fallow after wheat,no-till fallow after wheat,AG-CROP,NA,TexasA&MPt-2,Pullman,0.7,0.77,0.7,NA,1.66,0.7,0,12,1,13.943999999999999
445,NT-2-1-4,NT-2-1,4,TXHP_13,NA,NA,NA,clay loam,1.63,0.2239,NA,NA,NA,NA,0.15,75.7,NA,NA,NA,NA,NA,NA,NA,2.13,0,22.64,0.22,NA,0,185,NA,21.01,12.37,,TX-375-SWSHA-13-D-05152018,,NA,445,,22,58,NT-2,NA,NA,-102.093806,35.18025,NA,Pullman,61,SHM - no-till,SHM,CROP,No-till,no-till fallow after wheat,no-till fallow after wheat,AG-CROP,NA,TexasA&MPt-2,Pullman,NA,NA,NA,NA,1.63,NA,0,36,1,NA
446,NT-2-2-1,NT-2-2,1,TXHP_14,NA,NA,NA,clay loam,1.33,0.084,NA,NA,NA,NA,0.21,76,NA,NA,NA,NA,NA,NA,NA,30.36,27.62,133.57,9.18,NA,30.08,427,NA,31.82,20.64,,TX-375-SWSHA-14-A-05152018,18N05307,NA,446,,0,5,NT-2,NA,NA,-102.093806,35.18025,NA,Pullman,61,SHM - no-till,SHM,CROP,No-till,no-till fallow after wheat,no-till fallow after wheat,AG-CROP,NA,TexasA&MPt-2,Pullman,0.9,0.89,0.9,NA,1.33,0.9,0,5,1,5.985
447,NT-2-2-2,NT-2-2,2,TXHP_14,NA,NA,NA,clay loam,1.43,0.1062,NA,NA,NA,NA,0.23,79.5,NA,NA,NA,NA,NA,NA,NA,10.6,0,178.11,2.78,NA,6.63,396,NA,26.49,14.97,,TX-375-SWSHA-14-B-05152018,18N05308,NA,447,,5,10,NT-2,NA,NA,-102.093806,35.18025,NA,Pullman,61,SHM - no-till,SHM,CROP,No-till,no-till fallow after wheat,no-till fallow after wheat,AG-CROP,NA,TexasA&MPt-2,Pullman,0.9,0.89,0.9,NA,1.43,0.9,0,5,1,6.435
448,NT-2-2-3,NT-2-2,3,TXHP_14,NA,NA,NA,clay loam,1.46,0.1884,NA,NA,NA,NA,0.94,77.9,NA,NA,NA,NA,NA,NA,NA,1.32,0,35.84,2.69,NA,5.51,313,NA,18.21,12.61,,TX-375-SWSHA-14-C-05152018,18N05309,NA,448,,10,22,NT-2,NA,NA,-102.093806,35.18025,NA,Pullman,61,SHM - no-till,SHM,CROP,No-till,no-till fallow after wheat,no-till fallow after wheat,AG-CROP,NA,TexasA&MPt-2,Pullman,0.7,0.69,0.7,NA,1.46,0.7,0,12,1,12.264
449,NT-2-2-4,NT-2-2,4,TXHP_14,NA,NA,NA,clay loam,1.75,0.2257,NA,NA,NA,NA,0.39,73.1,NA,NA,NA,NA,NA,NA,NA,2.44,0,23.21,0.88,NA,1.55,222,NA,22.1,12.9,,TX-375-SWSHA-14-D-05152018,,NA,449,,22,58,NT-2,NA,NA,-102.093806,35.18025,NA,Pullman,61,SHM - no-till,SHM,CROP,No-till,no-till fallow after wheat,no-till fallow after wheat,AG-CROP,NA,TexasA&MPt-2,Pullman,NA,NA,NA,NA,1.75,NA,0,36,1,NA
450,NT-2-3-1,NT-2-3,1,TXHP_15,NA,NA,NA,clay loam,1.19,0.0579,NA,NA,NA,NA,0.24,76.3,NA,NA,NA,NA,NA,NA,NA,44.26,4.65,217.33,14.04,NA,4.12,467,NA,41.9,26.31,,TX-375-SWSHA-15-A-05152018,18N05310,NA,450,,0,5,NT-2,NA,NA,-102.093806,35.18025,NA,Pullman,61,SHM - no-till,SHM,CROP,No-till,no-till fallow after wheat,no-till fallow after wheat,AG-CROP,NA,TexasA&MPt-2,Pullman,1,0.95,1,NA,1.19,1,0,5,1,5.949999999999999
451,NT-2-3-2,NT-2-3,2,TXHP_15,NA,NA,NA,clay loam,1.65,0.0966,NA,NA,NA,NA,0.17,61.5,NA,NA,NA,NA,NA,NA,NA,9.98,0.12,243.84,7.17,NA,7.49,396,NA,25.37,17.13,,TX-375-SWSHA-15-B-05152018,18N05311,NA,451,,5,10,NT-2,NA,NA,-102.093806,35.18025,NA,Pullman,61,SHM - no-till,SHM,CROP,No-till,no-till fallow after wheat,no-till fallow after wheat,AG-CROP,NA,TexasA&MPt-2,Pullman,0.8,0.76,0.8,NA,1.65,0.8,0,5,1,6.6000000000000005
452,NT-2-3-3,NT-2-3,3,TXHP_15,NA,NA,NA,clay loam,1.55,0.1931,NA,NA,NA,NA,0.06,77.6,NA,NA,NA,NA,NA,NA,NA,0.01,0,29.43,8.89,NA,11.32,371,NA,15.68,16.83,,TX-375-SWSHA-15-C-05152018,18N05312,NA,452,,10,22,NT-2,NA,NA,-102.093806,35.18025,NA,Pullman,61,SHM - no-till,SHM,CROP,No-till,no-till fallow after wheat,no-till fallow after wheat,AG-CROP,NA,TexasA&MPt-2,Pullman,0.6,0.62,0.6,NA,1.55,0.6,0,12,1,11.16
453,NT-2-3-4,NT-2-3,4,TXHP_15,NA,NA,NA,clay loam,1.44,0.2089,NA,NA,NA,NA,0.12,78.5,NA,NA,NA,NA,NA,NA,NA,3.25,0,11.25,0,NA,0.88,224,NA,18.7,14.02,,TX-375-SWSHA-15-D-05152018,,NA,453,,22,58,NT-2,NA,NA,-102.093806,35.18025,NA,Pullman,61,SHM - no-till,SHM,CROP,No-till,no-till fallow after wheat,no-till fallow after wheat,AG-CROP,NA,TexasA&MPt-2,Pullman,NA,NA,NA,NA,1.44,NA,0,36,1,NA
466,NT-3-1-1,NT-3-1,1,TXHP_19,NA,NA,NA,clay loam,1.28,0.0742,NA,NA,NA,NA,0.26,77.6,NA,NA,NA,NA,NA,NA,NA,7.92,6.57,111.64,6.52,NA,1.53,363,NA,51.86,43.27,,TX-375-SWSHA-19-A-05152018,18N05322,NA,466,,0,5,NT-3,NA,NA,-102.093806,35.18025,NA,Pullman,62,SHM - no-till,SHM,CROP,No-till,no-till wheat,no-till wheat,AG-CROP,NA,TexasA&MPt-2,Pullman,0.9,0.91,0.9,NA,1.28,0.9,0,5,1,5.760000000000001
467,NT-3-1-2,NT-3-1,2,TXHP_19,NA,NA,NA,clay loam,1.33,0.1096,NA,NA,NA,NA,0.19,67.7,NA,NA,NA,NA,NA,NA,NA,27.31,7.46,127.12,2.85,NA,6.74,416,NA,39.62,57.37,,TX-375-SWSHA-19-B-05152018,18N05323,NA,467,,5,10,NT-3,NA,NA,-102.093806,35.18025,NA,Pullman,62,SHM - no-till,SHM,CROP,No-till,no-till wheat,no-till wheat,AG-CROP,NA,TexasA&MPt-2,Pullman,0.8,0.81,0.8,NA,1.33,0.8,0,5,1,5.32
468,NT-3-1-3,NT-3-1,3,TXHP_19,NA,NA,NA,clay loam,1.6,0.1534,NA,NA,NA,NA,0.15,72.3,NA,NA,NA,NA,NA,NA,NA,9.07,5.63,48.08,0,NA,0.69,329,NA,29.92,21.84,,TX-375-SWSHA-19-C-05152018,18N05324,NA,468,,10,22,NT-3,NA,NA,-102.093806,35.18025,NA,Pullman,62,SHM - no-till,SHM,CROP,No-till,no-till wheat,no-till wheat,AG-CROP,NA,TexasA&MPt-2,Pullman,0.7,0.68,0.7,NA,1.6,0.7,0,12,1,13.439999999999998
469,NT-3-1-4,NT-3-1,4,TXHP_19,NA,NA,NA,clay loam,1.49,0.1429,NA,NA,NA,NA,0.19,47.7,NA,NA,NA,NA,NA,NA,NA,7.35,0.71,17.82,1.63,NA,0,183,NA,24.14,12.27,,TX-375-SWSHA-19-D-05152018,,NA,469,,22,58,NT-3,NA,NA,-102.093806,35.18025,NA,Pullman,62,SHM - no-till,SHM,CROP,No-till,no-till wheat,no-till wheat,AG-CROP,NA,TexasA&MPt-2,Pullman,NA,NA,NA,NA,1.49,NA,0,36,1,NA
474,NT-3-2-1,NT-3-2,1,TXHP_20,NA,NA,NA,clay loam,1.26,0.0633,NA,NA,NA,NA,0.88,52.2,NA,NA,NA,NA,NA,NA,NA,10.59,12.48,163.2,1.63,NA,2.83,485,NA,43.35,35.42,,TX-375-SWSHA-20-A-05152018,18N05325,NA,474,,0,5,NT-3,NA,NA,-102.093806,35.18025,NA,Pullman,62,SHM - no-till,SHM,CROP,No-till,no-till wheat,no-till wheat,AG-CROP,NA,TexasA&MPt-2,Pullman,0.9,0.92,0.9,NA,1.26,0.9,0,5,1,5.670000000000001
475,NT-3-2-2,NT-3-2,2,TXHP_20,NA,NA,NA,clay loam,1.53,0.1001,NA,NA,NA,NA,0.56,63.4,NA,NA,NA,NA,NA,NA,NA,13.37,3.43,116.38,38.27,NA,1.85,368,NA,31.15,20.25,,TX-375-SWSHA-20-B-05152018,18N05326,NA,475,,5,10,NT-3,NA,NA,-102.093806,35.18025,NA,Pullman,62,SHM - no-till,SHM,CROP,No-till,no-till wheat,no-till wheat,AG-CROP,NA,TexasA&MPt-2,Pullman,0.7,0.73,0.7,NA,1.53,0.7,0,5,1,5.3549999999999995
476,NT-3-2-3,NT-3-2,3,TXHP_20,NA,NA,NA,clay loam,1.58,0.1536,NA,NA,NA,NA,0.18,63.1,NA,NA,NA,NA,NA,NA,NA,10.02,3.38,68.4,10.29,NA,4.04,363,NA,18.57,13.17,,TX-375-SWSHA-20-C-05152018,18N05327,NA,476,,10,22,NT-3,NA,NA,-102.093806,35.18025,NA,Pullman,62,SHM - no-till,SHM,CROP,No-till,no-till wheat,no-till wheat,AG-CROP,NA,TexasA&MPt-2,Pullman,0.7,0.73,0.7,NA,1.58,0.7,0,12,1,13.271999999999998
477,NT-3-2-4,NT-3-2,4,TXHP_20,NA,NA,NA,clay loam,1.55,0.1491,NA,NA,NA,NA,0.18,54.4,NA,NA,NA,NA,NA,NA,NA,4,1.6,29.64,0,NA,0,200,NA,31.35,11.43,,TX-375-SWSHA-20-D-05152018,,NA,477,,22,58,NT-3,NA,NA,-102.093806,35.18025,NA,Pullman,62,SHM - no-till,SHM,CROP,No-till,no-till wheat,no-till wheat,AG-CROP,NA,TexasA&MPt-2,Pullman,NA,NA,NA,NA,1.55,NA,0,36,1,NA
478,NT-3-3-1,NT-3-3,1,TXHP_21,NA,NA,NA,clay loam,1.6,0.0567,NA,NA,NA,NA,0.27,69.9,NA,NA,NA,NA,NA,NA,NA,4.88,5.21,158.9,9.85,NA,10.46,392,NA,44.7,51.52,,TX-375-SWSHA-21-A-05152018,18N05328,NA,478,,0,5,NT-3,NA,NA,-102.093806,35.18025,NA,Pullman,62,SHM - no-till,SHM,CROP,No-till,no-till wheat,no-till wheat,AG-CROP,NA,TexasA&MPt-2,Pullman,0.9,0.86,0.9,NA,1.6,0.9,0,5,1,7.200000000000001
479,NT-3-3-2,NT-3-3,2,TXHP_21,NA,NA,NA,clay loam,1.73,0.0904,NA,NA,NA,NA,0.18,60.1,NA,NA,NA,NA,NA,NA,NA,8.3,3.8,148.43,2.08,NA,2.46,374,NA,41.36,56.53,,TX-375-SWSHA-21-B-05152018,18N05329,NA,479,,5,10,NT-3,NA,NA,-102.093806,35.18025,NA,Pullman,62,SHM - no-till,SHM,CROP,No-till,no-till wheat,no-till wheat,AG-CROP,NA,TexasA&MPt-2,Pullman,0.7,0.74,0.7,NA,1.73,0.7,0,5,1,6.055
480,NT-3-3-3,NT-3-3,3,TXHP_21,NA,NA,NA,clay loam,1.35,0.1656,NA,NA,NA,NA,0.39,84.5,NA,NA,NA,NA,NA,NA,NA,7.04,2.7,44.68,0,NA,2.69,313,NA,19,26.45,,TX-375-SWSHA-21-C-05152018,18N05330,NA,480,,10,22,NT-3,NA,NA,-102.093806,35.18025,NA,Pullman,62,SHM - no-till,SHM,CROP,No-till,no-till wheat,no-till wheat,AG-CROP,NA,TexasA&MPt-2,Pullman,0.3,0.27,0.3,NA,1.35,0.3,0,12,1,4.86
481,NT-3-3-4,NT-3-3,4,TXHP_21,NA,NA,NA,clay loam,1.48,0.1426,NA,NA,NA,NA,0.91,58.5,NA,NA,NA,NA,NA,NA,NA,5.64,0.86,19.07,0,NA,2.83,202,NA,27.6,15.32,,TX-375-SWSHA-21-D-05152018,,NA,481,,22,58,NT-3,NA,NA,-102.093806,35.18025,NA,Pullman,62,SHM - no-till,SHM,CROP,No-till,no-till wheat,no-till wheat,AG-CROP,NA,TexasA&MPt-2,Pullman,NA,NA,NA,NA,1.48,NA,0,36,1,NA
426,R-1-1-1,R-1-1,1,TXHP_1,NA,NA,NA,clay loam,0.73,0.0721,NA,NA,NA,NA,3.62,89.94,NA,NA,NA,NA,NA,NA,NA,77.81,34.71,156.45,54.59,NA,7.7,1205,NA,87.26,58.17,,TX-375-SWSHA-01-A-05152018,18N05268,NA,426,,0,5,R-1,NA,NA,-102.093806,35.18025,NA,Pullman,83,Ref - Native,Ref,FORAGE,Perennial,Native Rangeland,Native,Reference,NA,TexasA&MPt-2,Pullman,2.7,2.65,2.7,NA,0.73,2.7,0,5,1,9.855
427,R-1-1-2,R-1-1,2,TXHP_1,NA,NA,NA,clay loam,1.33,0.0752,NA,NA,NA,NA,1.82,73.5,NA,NA,NA,NA,NA,NA,NA,26.98,26.6,131.33,41.17,NA,27.32,740,NA,65.92,25.39,,TX-375-SWSHA-01-B-05152018,18N05269,NA,427,,5,10,R-1,NA,NA,-102.093806,35.18025,NA,Pullman,83,Ref - Native,Ref,FORAGE,Perennial,Native Rangeland,Native,Reference,NA,TexasA&MPt-2,Pullman,1.4,1.42,1.4,NA,1.33,1.4,0,5,1,9.309999999999999
428,R-1-1-3,R-1-1,3,TXHP_1,NA,NA,NA,clay loam,1.17,0.1353,NA,NA,NA,NA,3.96,99.3,NA,NA,NA,NA,NA,NA,NA,30.01,10.24,35.72,8.86,NA,22.87,559,NA,53.25,16.92,,TX-375-SWSHA-01-C-05152018,18N05270,NA,428,,10,22,R-1,NA,NA,-102.093806,35.18025,NA,Pullman,83,Ref - Native,Ref,FORAGE,Perennial,Native Rangeland,Native,Reference,NA,TexasA&MPt-2,Pullman,1.1,1.07,1.1,NA,1.17,1.1,0,12,1,15.443999999999999
429,R-1-1-4,R-1-1,4,TXHP_1,NA,NA,NA,clay loam,1.68,0.1449,NA,NA,NA,NA,3.73,97.3,NA,NA,NA,NA,NA,NA,NA,13.31,5.89,53.92,0.71,NA,22.62,351,NA,61.21,16.31,,TX-375-SWSHA-01-D-05152018,,NA,429,,22,58,R-1,NA,NA,-102.093806,35.18025,NA,Pullman,83,Ref - Native,Ref,FORAGE,Perennial,Native Rangeland,Native,Reference,NA,TexasA&MPt-2,Pullman,NA,NA,NA,NA,1.68,NA,0,36,1,NA
470,R-1-2-1,R-1-2,1,TXHP_2,NA,NA,NA,clay loam,0.99,0.0667,NA,NA,NA,NA,4.73,98.2,NA,NA,NA,NA,NA,NA,NA,52.09,45.17,217.35,64.13,NA,17.66,1257,NA,116.81,42.28,,TX-375-SWSHA-02-A-05152018,18N05271,NA,470,,0,5,R-1,NA,NA,-102.093806,35.18025,NA,Pullman,83,Ref - Native,Ref,FORAGE,Perennial,Native Rangeland,Native,Reference,NA,TexasA&MPt-2,Pullman,2.2,2.24,2.2,NA,0.99,2.2,0,5,1,10.89
471,R-1-2-2,R-1-2,2,TXHP_2,NA,NA,NA,clay loam,1.39,0.0957,NA,NA,NA,NA,4.63,97.3,NA,NA,NA,NA,NA,NA,NA,15.36,33.41,60.11,37.29,NA,21.86,709,NA,80.85,27.74,,TX-375-SWSHA-02-B-05152018,18N05272,NA,471,,5,10,R-1,NA,NA,-102.093806,35.18025,NA,Pullman,83,Ref - Native,Ref,FORAGE,Perennial,Native Rangeland,Native,Reference,NA,TexasA&MPt-2,Pullman,1.4,1.35,1.4,NA,1.39,1.4,0,5,1,9.729999999999999
472,R-1-2-3,R-1-2,3,TXHP_2,NA,NA,NA,clay loam,1.43,0.1617,NA,NA,NA,NA,0.81,98.9,NA,NA,NA,NA,NA,NA,NA,8.04,11.69,15.82,16.22,NA,31.97,424,NA,53.55,15.86,,TX-375-SWSHA-02-C-05152018,18N05273,NA,472,,10,22,R-1,NA,NA,-102.093806,35.18025,NA,Pullman,83,Ref - Native,Ref,FORAGE,Perennial,Native Rangeland,Native,Reference,NA,TexasA&MPt-2,Pullman,0.9,0.88,0.9,NA,1.43,0.9,0,12,1,15.443999999999999
473,R-1-2-4,R-1-2,4,TXHP_2,NA,NA,NA,clay loam,1.79,0.147,NA,NA,NA,NA,0.81,81,NA,NA,NA,NA,NA,NA,NA,7.8,3.24,35.12,3.69,NA,2.54,295,NA,29.15,12.33,,TX-375-SWSHA-02-D-05152018,,NA,473,,22,58,R-1,NA,NA,-102.093806,35.18025,NA,Pullman,83,Ref - Native,Ref,FORAGE,Perennial,Native Rangeland,Native,Reference,NA,TexasA&MPt-2,Pullman,NA,NA,NA,NA,1.79,NA,0,36,1,NA
494,R-1-3-1,R-1-3,1,TXHP_3,NA,NA,NA,clay loam,1.02,0.0685,NA,NA,NA,NA,0.5,92.9,NA,NA,NA,NA,NA,NA,NA,100.68,56.12,151.47,44.25,NA,5.27,1355,NA,92.83,33.41,,TX-375-SWSHA-03-A-05152018,18N05274,NA,494,,0,5,R-1,NA,NA,-102.093806,35.18025,NA,Pullman,83,Ref - Native,Ref,FORAGE,Perennial,Native Rangeland,Native,Reference,NA,TexasA&MPt-2,Pullman,2.1,2.11,2.1,NA,1.02,2.1,0,5,1,10.71
495,R-1-3-2,R-1-3,2,TXHP_3,NA,NA,NA,clay loam,1.35,0.0734,NA,NA,NA,NA,0.2,88.3,NA,NA,NA,NA,NA,NA,NA,16.33,46.92,132.67,50.41,NA,26.11,809,NA,67.55,23.44,,TX-375-SWSHA-03-B-05152018,18N05275,NA,495,,5,10,R-1,NA,NA,-102.093806,35.18025,NA,Pullman,83,Ref - Native,Ref,FORAGE,Perennial,Native Rangeland,Native,Reference,NA,TexasA&MPt-2,Pullman,1.2,1.22,1.2,NA,1.35,1.2,0,5,1,8.100000000000001
496,R-1-3-3,R-1-3,3,TXHP_3,NA,NA,NA,clay loam,1.43,0.1105,NA,NA,NA,NA,1.61,92.5,NA,NA,NA,NA,NA,NA,NA,8.22,13.79,18.86,0.11,NA,13.52,437,NA,44.56,17.19,,TX-375-SWSHA-03-C-05152018,18N05276,NA,496,,10,22,R-1,NA,NA,-102.093806,35.18025,NA,Pullman,83,Ref - Native,Ref,FORAGE,Perennial,Native Rangeland,Native,Reference,NA,TexasA&MPt-2,Pullman,0.9,0.92,0.9,NA,1.43,0.9,0,12,1,15.443999999999999
497,R-1-3-4,R-1-3,4,TXHP_3,NA,NA,NA,clay loam,1.24,0.1577,NA,NA,NA,NA,2.63,87.1,NA,NA,NA,NA,NA,NA,NA,15.55,0.98,44.7,3.09,NA,6.94,245,NA,30.68,12.48,,TX-375-SWSHA-03-D-05152018,,NA,497,,22,58,R-1,NA,NA,-102.093806,35.18025,NA,Pullman,83,Ref - Native,Ref,FORAGE,Perennial,Native Rangeland,Native,Reference,NA,TexasA&MPt-2,Pullman,NA,NA,NA,NA,1.24,NA,0,36,1,NA
498,R-2-1-1,R-2-1,1,TXHP_4,NA,NA,NA,clay loam,0.7,0.0698,NA,NA,NA,NA,1.65,91.3,NA,NA,NA,NA,NA,NA,NA,91,48.92,178.77,38.08,NA,44.01,1261,NA,129.53,48.62,,TX-375-SWSHA-04-A-05152018,18N05277,NA,498,,0,5,R-2,NA,NA,-102.093806,35.18025,NA,Pullman,84,Ref - Native,Ref,FORAGE,Perennial,Native with introduced species,Native with introduced species,ALT,NA,TexasA&MPt-2,Pullman,2.9,2.89,2.9,NA,0.7,2.9,0,5,1,10.149999999999999
499,R-2-1-2,R-2-1,2,TXHP_4,NA,NA,NA,clay loam,1.25,0.082,NA,NA,NA,NA,1.11,93,NA,NA,NA,NA,NA,NA,NA,16.09,26.1,111.68,35.5,NA,14.78,570,NA,60.57,23.76,,TX-375-SWSHA-04-B-05152018,18N05278,NA,499,,5,10,R-2,NA,NA,-102.093806,35.18025,NA,Pullman,84,Ref - Native,Ref,FORAGE,Perennial,Native with introduced species,Native with introduced species,ALT,NA,TexasA&MPt-2,Pullman,1.3,1.27,1.3,NA,1.25,1.3,0,5,1,8.125
500,R-2-1-3,R-2-1,3,TXHP_4,NA,NA,NA,clay loam,1.47,0.1596,NA,NA,NA,NA,0.2,80.4,NA,NA,NA,NA,NA,NA,NA,5.14,19.2,17.64,25.36,NA,12.05,508,NA,69.62,18.39,,TX-375-SWSHA-04-C-05152018,18N05279,NA,500,,10,22,R-2,NA,NA,-102.093806,35.18025,NA,Pullman,84,Ref - Native,Ref,FORAGE,Perennial,Native with introduced species,Native with introduced species,ALT,NA,TexasA&MPt-2,Pullman,0.9,0.94,0.9,NA,1.47,0.9,0,12,1,15.876
501,R-2-1-4,R-2-1,4,TXHP_4,NA,NA,NA,clay loam,1.45,0.1505,NA,NA,NA,NA,0.45,89.1,NA,NA,NA,NA,NA,NA,NA,4.9,8.59,53.68,1.01,NA,9.17,411,NA,31.5,13.23,,TX-375-SWSHA-04-D-05152018,,NA,501,,22,58,R-2,NA,NA,-102.093806,35.18025,NA,Pullman,84,Ref - Native,Ref,FORAGE,Perennial,Native with introduced species,Native with introduced species,ALT,NA,TexasA&MPt-2,Pullman,NA,NA,NA,NA,1.45,NA,0,36,1,NA
502,R-2-2-1,R-2-2,1,TXHP_5,NA,NA,NA,clay loam,0.99,0.0626,NA,NA,NA,NA,3.21,91,NA,NA,NA,NA,NA,NA,NA,115.32,42.31,103.79,73.47,NA,17.21,1330,NA,118.76,54.18,,TX-375-SWSHA-05-A-05152018,18N05280,NA,502,,0,5,R-2,NA,NA,-102.093806,35.18025,NA,Pullman,84,Ref - Native,Ref,FORAGE,Perennial,Native with introduced species,Native with introduced species,ALT,NA,TexasA&MPt-2,Pullman,2.7,2.68,2.7,NA,0.99,2.7,0,5,1,13.365
503,R-2-2-2,R-2-2,2,TXHP_5,NA,NA,NA,clay loam,1.34,0.0203,NA,NA,NA,NA,4.35,96.4,NA,NA,NA,NA,NA,NA,NA,19.12,31.01,134.49,15.22,NA,23.28,735,NA,57.83,23.5,,TX-375-SWSHA-05-B-05152018,18N05281,NA,503,,5,10,R-2,NA,NA,-102.093806,35.18025,NA,Pullman,84,Ref - Native,Ref,FORAGE,Perennial,Native with introduced species,Native with introduced species,ALT,NA,TexasA&MPt-2,Pullman,1.3,1.34,1.3,NA,1.34,1.3,0,5,1,8.71
504,R-2-2-3,R-2-2,3,TXHP_5,NA,NA,NA,clay loam,1.16,0.107,NA,NA,NA,NA,3.05,86.1,NA,NA,NA,NA,NA,NA,NA,31.88,12.74,8.42,5.08,NA,9.42,218,NA,55.7,16.18,,TX-375-SWSHA-05-C-05152018,18N05282,NA,504,,10,22,R-2,NA,NA,-102.093806,35.18025,NA,Pullman,84,Ref - Native,Ref,FORAGE,Perennial,Native with introduced species,Native with introduced species,ALT,NA,TexasA&MPt-2,Pullman,0.8,0.84,0.8,NA,1.16,0.8,0,12,1,11.136
505,R-2-2-4,R-2-2,4,TXHP_5,NA,NA,NA,clay loam,1.51,0.1391,NA,NA,NA,NA,0.19,76.5,NA,NA,NA,NA,NA,NA,NA,8.89,3.79,40.58,2.7,NA,14.53,249,NA,45.48,14.95,,TX-375-SWSHA-05-D-05152018,,NA,505,,22,58,R-2,NA,NA,-102.093806,35.18025,NA,Pullman,84,Ref - Native,Ref,FORAGE,Perennial,Native with introduced species,Native with introduced species,ALT,NA,TexasA&MPt-2,Pullman,NA,NA,NA,NA,1.51,NA,0,36,1,NA
506,R-2-3-1,R-2-3,1,TXHP_6,NA,NA,NA,clay loam,0.96,0.0871,NA,NA,NA,NA,0.17,67.5,NA,NA,NA,NA,NA,NA,NA,82.89,49.22,158.99,53.79,NA,5.27,1188,NA,93.6,35.35,,TX-375-SWSHA-06-A-05152018,18N05283,NA,506,,0,5,R-2,NA,NA,-102.093806,35.18025,NA,Pullman,84,Ref - Native,Ref,FORAGE,Perennial,Native with introduced species,Native with introduced species,ALT,NA,TexasA&MPt-2,Pullman,4.3,4.26,4.3,NA,0.96,4.3,0,5,1,20.64
507,R-2-3-2,R-2-3,2,TXHP_6,NA,NA,NA,clay loam,1.39,0.1002,NA,NA,NA,NA,3.77,94.7,NA,NA,NA,NA,NA,NA,NA,53.12,24.7,156.57,41.46,NA,14.58,586,NA,87.79,27.71,,TX-375-SWSHA-06-B-05152018,18N05284,NA,507,,5,10,R-2,NA,NA,-102.093806,35.18025,NA,Pullman,84,Ref - Native,Ref,FORAGE,Perennial,Native with introduced species,Native with introduced species,ALT,NA,TexasA&MPt-2,Pullman,1.5,1.53,1.5,NA,1.39,1.5,0,5,1,10.425
508,R-2-3-3,R-2-3,3,TXHP_6,NA,NA,NA,clay loam,1.98,0.1379,NA,NA,NA,NA,0.73,89.5,NA,NA,NA,NA,NA,NA,NA,14.52,10.14,14.85,18,NA,13.67,422,NA,37.01,13.84,,TX-375-SWSHA-06-C-05152018,18N05285,NA,508,,10,22,R-2,NA,NA,-102.093806,35.18025,NA,Pullman,84,Ref - Native,Ref,FORAGE,Perennial,Native with introduced species,Native with introduced species,ALT,NA,TexasA&MPt-2,Pullman,1,0.98,1,NA,1.98,1,0,12,1,23.759999999999998
509,R-2-3-4,R-2-3,4,TXHP_6,NA,NA,NA,clay loam,1.8,0.1318,NA,NA,NA,NA,0.35,83.2,NA,NA,NA,NA,NA,NA,NA,6.47,7.94,30.14,3.19,NA,9.42,355,NA,26.72,10.39,,TX-375-SWSHA-06-D-05152018,,NA,509,,22,58,R-2,NA,NA,-102.093806,35.18025,NA,Pullman,84,Ref - Native,Ref,FORAGE,Perennial,Native with introduced species,Native with introduced species,ALT,NA,TexasA&MPt-2,Pullman,NA,NA,NA,NA,1.8,NA,0,36,1,NA
867,JoF1-1-1,JoF1-1,1,S2019OR003001,13.7,43.7,42.6,,0.59,NA,4.253,NA,0.198,81.45848708,0.837731761,0.655478502,0.402496533,NA,0.222191401,0.030790569,NA,5.5,23.8266598,52.03639456,9.737703566,55.38476771,155.5393939,NA,87.97523791,247.69807840000001,15.11890945,NA,NA,,OR-003-SW-001A-WV0001-042419,19N03384,15,867,A,0,5,JoF1,1,4/24/2019,-123.2972812,44.6361175,Jory,NA,37,Ref - Forest,Ref,FOREST,Perennial,Forest,"Douglas fir trees 25-30 years old, McDonald Dunn Research Forest at Lewisburg Saddle.",Reference,OSU1,OregonState,Jory,NA,NA,4.253,A,0.59,4.253,15,5,0.85,10.6643975
868,JoF1-1-2,JoF1-1,2,S2019OR003001,12.6,43.9,43.5,,0.79,NA,3.418,NA,0.173,80.86810787,0.6773825,0.664166667,0.316388889,NA,0.300833333,0.046944444,NA,5.4,15.41119708,24.67846465,6.811881188,34.2076701,151.2489796,NA,42.7184466,189.1449133,11.52657077,NA,NA,,OR-003-SW-001A-WV0002-042419,19N03385,15,868,A,5,10,JoF1,1,4/24/2019,-123.2972812,44.6361175,Jory,NA,37,Ref - Forest,Ref,FOREST,Perennial,Forest,"Douglas fir trees 25-30 years old, McDonald Dunn Research Forest at Lewisburg Saddle.",Reference,OSU1,OregonState,Jory,NA,NA,3.418,A,0.79,3.418,15,5,0.85,11.475935
869,JoF1-1-3,JoF1-1,3,S2019OR003001,10.8,44.4,44.8,,1.16,NA,3.092,NA,0.159,82.64958327,0.536003333,0.629166667,0.241388889,NA,0.375555556,0.012222222,NA,5.5,19.40221109,24.72727273,14.94949495,27.34724919,122.2537822,NA,11.29317647,247.1386422,10.15430248,NA,NA,,OR-003-SW-001A-WV0003-042419,19N03386,15,869,BA,10,29,JoF1,1,4/24/2019,-123.2972812,44.6361175,Jory,NA,37,Ref - Forest,Ref,FOREST,Perennial,Forest,"Douglas fir trees 25-30 years old, McDonald Dunn Research Forest at Lewisburg Saddle.",Reference,OSU1,OregonState,Jory,NA,NA,3.092,AB,1.16,3.092,15,19,0.85,57.92552799999999
870,JoF1-1-4,JoF1-1,4,S2019OR003001,8.3,39.9,51.8,,1.36,NA,2.024,NA,0.111,78.76508503,0.403216667,0.521666667,0.177777778,NA,0.338333333,0.005555556,NA,5.5,10.64486775,18.32,7.726383838,56.58408247,104.5571485,NA,76.81632653,173.6799189,7.022781163,NA,NA,,OR-003-SW-001A-WV0004-042419,19N03387,20,870,Bt,29,45,JoF1,1,4/24/2019,-123.2972812,44.6361175,Jory,NA,37,Ref - Forest,Ref,FOREST,Perennial,Forest,"Douglas fir trees 25-30 years old, McDonald Dunn Research Forest at Lewisburg Saddle.",Reference,OSU1,OregonState,Jory,NA,NA,2.024,Bt,1.36,2.024,20,16,0.8,35.23379200000001
871,JoF1-1-5,JoF1-1,5,S2019OR003001,5.6,45,49.4,,1.48,NA,0.604,NA,0.034,73.39982133,0.213266111,0.702222222,0.065,NA,0.568888889,0.068333333,NA,5.6,1.50366003,5.12,3.520323232,44.90350703,47.72172549,NA,63.41245003,89.17796902,2.242755737,NA,NA,,OR-003-SW-001A-WV0005-042419,19N03388,25,871,Bt,45,100,JoF1,1,4/24/2019,-123.2972812,44.6361175,Jory,NA,37,Ref - Forest,Ref,FOREST,Perennial,Forest,"Douglas fir trees 25-30 years old, McDonald Dunn Research Forest at Lewisburg Saddle.",Reference,OSU1,OregonState,Jory,NA,NA,0.604,Bt,1.48,0.604,25,55,0.75,36.8742
872,JoF1-2-1,JoF1-2,1,S2019OR003001,NA,NA,NA,,0.59,NA,3.171,NA,0.169,71.58419592,0.625803388,0.652596501,0.29130797,NA,0.276312136,0.084976395,NA,NA,13.13601858,21.54226804,16.94383838,27.24786325,131.1168593,NA,2.0124444440000002,200.7436591,15.18765016,NA,NA,,OR-003-SW-001B-WV0006-042419,,NA,872,A,0,5,JoF1,2,4/24/2019,-123.2973802,44.6362175,Jory,NA,37,Ref - Forest,Ref,FOREST,Perennial,Forest,"Douglas fir trees 25-30 years old, McDonald Dunn Research Forest at Lewisburg Saddle.",Reference,OSU1,OregonState,Jory,NA,NA,3.171,A,0.59,3.171,0,5,1,9.354449999999998
873,JoF1-2-2,JoF1-2,2,S2019OR003001,NA,NA,NA,,0.79,NA,3.456,NA,0.185,75.09488909,0.7096787,0.687309081,0.332685365,NA,0.293251874,0.061371841,NA,NA,15.23012165,19.49831583,15.45098039,55.1693324,224.4367059,NA,64.32989691,475.5702688,11.28343232,NA,NA,,OR-003-SW-001B-WV0007-042419,,NA,873,A,5,10,JoF1,2,4/24/2019,-123.2973802,44.6362175,Jory,NA,37,Ref - Forest,Ref,FOREST,Perennial,Forest,"Douglas fir trees 25-30 years old, McDonald Dunn Research Forest at Lewisburg Saddle.",Reference,OSU1,OregonState,Jory,NA,NA,3.456,A,0.79,3.456,0,5,1,13.651200000000001
874,JoF1-2-3,JoF1-2,3,S2019OR003001,NA,NA,NA,,1.16,NA,3.652,NA,0.192,89.22930357,0.852172863,0.767758047,0.401498335,NA,0.342119867,0.024139845,NA,NA,25.11135435,28.96,17.75002912,37.42753247,121.8217822,NA,33.47572816,233.6067721,13.72754652,NA,NA,,OR-003-SW-001B-WV0008-042419,,NA,874,BA,10,29,JoF1,2,4/24/2019,-123.2973802,44.6362175,Jory,NA,37,Ref - Forest,Ref,FOREST,Perennial,Forest,"Douglas fir trees 25-30 years old, McDonald Dunn Research Forest at Lewisburg Saddle.",Reference,OSU1,OregonState,Jory,NA,NA,3.652,AB,1.16,3.652,0,19,1,80.49008
875,JoF1-2-4,JoF1-2,4,S2019OR003001,NA,NA,NA,,1.36,NA,2.508,NA,0.152,84.35564329,0.812602055,0.767009164,0.380449875,NA,0.358789225,0.027770064,NA,NA,14.01398739,21.11547475,15.76054422,27.58721913,94.73061386,NA,9.930651872,229.7405235,7.728009948,NA,NA,,OR-003-SW-001B-WV0009-042419,,NA,875,Bt,29,45,JoF1,2,4/24/2019,-123.2973802,44.6362175,Jory,NA,37,Ref - Forest,Ref,FOREST,Perennial,Forest,"Douglas fir trees 25-30 years old, McDonald Dunn Research Forest at Lewisburg Saddle.",Reference,OSU1,OregonState,Jory,NA,NA,2.508,Bt,1.36,2.508,0,16,1,54.57408
876,JoF1-2-5,JoF1-2,5,S2019OR003001,NA,NA,NA,,1.48,NA,0.715,NA,0.054,60.32183111,0.095217162,0.716189947,0,NA,0.658150514,0.058039433,NA,NA,2.536671274,3.527757576,1.190241911,38.63203883,49.65584314,NA,30.31608605,175.5383963,2.712483935,NA,NA,,OR-003-SW-001B-WV0010-042419,,NA,876,Bt,45,100,JoF1,2,4/24/2019,-123.2973802,44.6362175,Jory,NA,37,Ref - Forest,Ref,FOREST,Perennial,Forest,"Douglas fir trees 25-30 years old, McDonald Dunn Research Forest at Lewisburg Saddle.",Reference,OSU1,OregonState,Jory,NA,NA,0.715,Bt,1.48,0.715,0,55,1,58.201
877,JoF1-3-1,JoF1-3,1,S2019OR003001,NA,NA,NA,,0.59,NA,4.832,NA,0.215,76.3125816,0.632453006,0.594707675,0.29758936,NA,0.247436963,0.049681352,NA,NA,22.35170768,33.61538462,25.816615379999998,17.83339275,175.1300971,NA,6.231348622,719.71331,12.65951953,NA,NA,,OR-003-SW-001C-WV0011-042419,,NA,877,A,0,5,JoF1,3,4/24/2019,-123.2974823,44.6358175,Jory,NA,37,Ref - Forest,Ref,FOREST,Perennial,Forest,"Douglas fir trees 25-30 years old, McDonald Dunn Research Forest at Lewisburg Saddle.",Reference,OSU1,OregonState,Jory,NA,NA,4.832,A,0.59,4.832,0,5,1,14.254399999999999
878,JoF1-3-2,JoF1-3,2,S2019OR003001,NA,NA,NA,,0.79,NA,4.103,NA,0.204,84.66357445,0.240378468,0.408990011,0.099334073,NA,0.290788013,0.018867925,NA,NA,21.66282266,32.592,19.34829189,19.75158763,197.014433,NA,6.464806481,624.5187672,14.67209482,NA,NA,,OR-003-SW-001C-WV0012-042419,,NA,878,A,5,10,JoF1,3,4/24/2019,-123.2974823,44.6358175,Jory,NA,37,Ref - Forest,Ref,FOREST,Perennial,Forest,"Douglas fir trees 25-30 years old, McDonald Dunn Research Forest at Lewisburg Saddle.",Reference,OSU1,OregonState,Jory,NA,NA,4.103,A,0.79,4.103,0,5,1,16.20685
879,JoF1-3-3,JoF1-3,3,S2019OR003001,NA,NA,NA,,1.16,NA,4.428,NA,0.191,75.34321424,1.106438889,0.702777778,0.542222222,NA,0.155,0.005555556,NA,NA,20.30375075,33.10189899,15.43318903,70.67524222,115.28,NA,63.94398285,189.1449133,12.15923991,NA,NA,,OR-003-SW-001C-WV0013-042419,,NA,879,BA,10,29,JoF1,3,4/24/2019,-123.2974823,44.6358175,Jory,NA,37,Ref - Forest,Ref,FOREST,Perennial,Forest,"Douglas fir trees 25-30 years old, McDonald Dunn Research Forest at Lewisburg Saddle.",Reference,OSU1,OregonState,Jory,NA,NA,4.428,AB,1.16,4.428,0,19,1,97.59312
880,JoF1-3-4,JoF1-3,4,S2019OR003001,NA,NA,NA,,1.36,NA,2.685,NA,0.133,61.57654898,0.420095845,0.706925208,0.178116343,NA,0.411911357,0.116897507,NA,NA,10.83024253,21.36517172,10.33434405,36.12838378,92.63951515,NA,18.6122449,370.729242,7.927867202,NA,NA,,OR-003-SW-001C-WV0014-042419,,NA,880,Bt,29,45,JoF1,3,4/24/2019,-123.2974823,44.6358175,Jory,NA,37,Ref - Forest,Ref,FOREST,Perennial,Forest,"Douglas fir trees 25-30 years old, McDonald Dunn Research Forest at Lewisburg Saddle.",Reference,OSU1,OregonState,Jory,NA,NA,2.685,Bt,1.36,2.685,0,16,1,58.4256
881,JoF1-3-5,JoF1-3,5,S2019OR003001,NA,NA,NA,,1.48,NA,1.09,NA,0.058,44.56627303,0.195057384,0.646356331,0.060958714,NA,0.484067609,0.101330008,NA,NA,3.16632572,7.111111111,4.947275405,22.66666667,60.61390139,NA,8.571428571,104.0874442,3.775419016,NA,NA,,OR-003-SW-001C-WV0015-042419,,NA,881,Bt,45,100,JoF1,3,4/24/2019,-123.2974823,44.6358175,Jory,NA,37,Ref - Forest,Ref,FOREST,Perennial,Forest,"Douglas fir trees 25-30 years old, McDonald Dunn Research Forest at Lewisburg Saddle.",Reference,OSU1,OregonState,Jory,NA,NA,1.09,Bt,1.48,1.09,0,55,1,88.72600000000001
882,JoF2-1-1,JoF2-1,1,S2019OR053002,12.8,47.9,39.3,,0.77,NA,4.559,NA,0.244,81.07414974,0.949774542,0.768718802,0.455352191,NA,0.25818081,0.055185801,NA,5.8,14.02774721,45.54455446,28.10057006,74.2100471,234.2704158,NA,46.68117914,264.5367609,13.13179368,NA,NA,,OR-053-SW-002A-WV0016-051319,19N03391,15,882,A,0,5,JoF2,1,5/13/2019,-123.355451,44.918413,Jory,NA,38,Ref - Forest,Ref,FOREST,Perennial,Forest,Douglas fir trees were last harvested 25 years ago,Reference,OSU2,OregonState,Jory,NA,NA,4.559,A,0.77,4.559,15,5,0.85,14.9193275
883,JoF2-1-2,JoF2-1,2,S2019OR053002,13.1,45.9,41,,1.12,NA,3.24,NA,0.189,84.19504844,0.593221389,0.754444444,0.266944444,NA,0.385,0.1025,NA,5.7,12.64579852,20.78761807,3.708007306,67.48018648,141.9187881,NA,11.81813861,497.8527877,11.4552841,NA,NA,,OR-053-SW-002A-WV0017-051319,19N03392,15,883,A,5,10,JoF2,1,5/13/2019,-123.355451,44.918413,Jory,NA,38,Ref - Forest,Ref,FOREST,Perennial,Forest,Douglas fir trees were last harvested 25 years ago,Reference,OSU2,OregonState,Jory,NA,NA,3.24,A,1.12,3.24,15,5,0.85,15.422400000000001
884,JoF2-1-3,JoF2-1,3,S2019OR053002,12.6,44.6,42.8,,1.26,NA,2.282,NA,0.155,56.08009391,0.233633926,0.792708647,0.075625188,NA,0.510093402,0.206990057,NA,5.9,5.215110015,11.2,7.04,17.13758349,80.30787079,NA,5.069306931,177.5461675,7.315565676,NA,NA,,OR-053-SW-002A-WV0018-051319,19N03393,15,884,A,10,30,JoF2,1,5/13/2019,-123.355451,44.918413,Jory,NA,38,Ref - Forest,Ref,FOREST,Perennial,Forest,Douglas fir trees were last harvested 25 years ago,Reference,OSU2,OregonState,Jory,NA,NA,2.282,A,1.26,2.282,15,20,0.85,48.88044
885,JoF2-1-4,JoF2-1,4,S2019OR053002,12.3,44.8,42.9,,1.42,NA,1.486,NA,0.11,48.7135522,0.253102329,0.755407654,0.085690516,NA,0.531336661,0.138380477,NA,5.8,6.341304519,11.28,2.829242924,122.3274376,35.76,NA,42.68486275,57.69246107,3.80724342,NA,NA,,OR-053-SW-002A-WV0019-051319,19N03394,20,885,Bt,30,52,JoF2,1,5/13/2019,-123.355451,44.918413,Jory,NA,38,Ref - Forest,Ref,FOREST,Perennial,Forest,Douglas fir trees were last harvested 25 years ago,Reference,OSU2,OregonState,Jory,NA,NA,1.486,Bt,1.42,1.486,20,22,0.8,37.138112
886,JoF2-1-5,JoF2-1,5,S2019OR053002,12.1,41.4,46.5,,1.32,NA,0.988,NA,0.066,43.54783083,0.114496683,0.743781095,0.016860144,NA,0.485627418,0.241293532,NA,6.1,1.751213786,2.275070707,1.882809823,131.5244464,30.16062745,NA,45.68452525,-73.75999113,1.48533493,NA,NA,,OR-053-SW-002A-WV0020-051319,19N03395,15,886,Bt,52,100,JoF2,1,5/13/2019,-123.355451,44.918413,Jory,NA,38,Ref - Forest,Ref,FOREST,Perennial,Forest,Douglas fir trees were last harvested 25 years ago,Reference,OSU2,OregonState,Jory,NA,NA,0.988,Bt,1.32,0.988,15,48,0.85,53.209728
887,JoF2-2-1,JoF2-2,1,S2019OR053002,NA,NA,NA,,0.77,NA,4.775,NA,0.308,91.56483375,1.260185504,0.853374063,0.614273813,NA,0.217995001,0.021105249,NA,NA,18.84635536,43.5836701,22.00748674,59.82852234,187.2050693,NA,13.27835052,179.4792918,11.19432399,NA,NA,,OR-053-SW-002B-WV0021-051319,,NA,887,A,0,5,JoF2,2,5/13/2019,-123.355551,44.918544,Jory,NA,38,Ref - Forest,Ref,FOREST,Perennial,Forest,Douglas fir trees were last harvested 25 years ago,Reference,OSU2,OregonState,Jory,NA,NA,4.775,A,0.77,4.775,0,5,1,18.38375
888,JoF2-2-2,JoF2-2,2,S2019OR053002,NA,NA,NA,,1.12,NA,4.159,NA,0.279,90.34961368,1.164472373,0.850487541,0.563109426,NA,0.264626219,0.022751896,NA,NA,17.92317116,21.81541126,8.155055506,10.96436364,160.5368361,NA,4.458861603,164.0142975,10.81879603,NA,NA,,OR-053-SW-002B-WV0022-051319,,NA,888,A,5,10,JoF2,2,5/13/2019,-123.355551,44.918544,Jory,NA,38,Ref - Forest,Ref,FOREST,Perennial,Forest,Douglas fir trees were last harvested 25 years ago,Reference,OSU2,OregonState,Jory,NA,NA,4.159,A,1.12,4.159,0,5,1,23.290399999999998
889,JoF2-2-3,JoF2-2,3,S2019OR053002,NA,NA,NA,,1.26,NA,3.608,NA,0.249,84.23307091,1.224468936,0.867234043,0.595177305,NA,0.226382979,0.045673759,NA,NA,14.97948074,22.88,2.4,10.63017544,85.22880994,NA,3.733544554,189.1449133,8.46379016,NA,NA,,OR-053-SW-002B-WV0023-051319,,NA,889,A,10,30,JoF2,2,5/13/2019,-123.355551,44.918544,Jory,NA,38,Ref - Forest,Ref,FOREST,Perennial,Forest,Douglas fir trees were last harvested 25 years ago,Reference,OSU2,OregonState,Jory,NA,NA,3.608,A,1.26,3.608,0,20,1,90.9216
890,JoF2-2-4,JoF2-2,4,S2019OR053002,NA,NA,NA,,1.42,NA,1.788,NA,0.143,71.43466489,0.324958299,0.500690417,0.153272577,NA,0,0.34741784,NA,NA,3.977846958,11.52,7.018220072,17.11766292,71.44554455,NA,4.082174757,96.35494703,3.294234033,NA,NA,,OR-053-SW-002B-WV0024-051319,,NA,890,Bt,30,52,JoF2,2,5/13/2019,-123.355551,44.918544,Jory,NA,38,Ref - Forest,Ref,FOREST,Perennial,Forest,Douglas fir trees were last harvested 25 years ago,Reference,OSU2,OregonState,Jory,NA,NA,1.788,Bt,1.42,1.788,0,22,1,55.857119999999995
891,JoF2-2-5,JoF2-2,5,S2019OR053002,NA,NA,NA,,1.32,NA,1.358,NA,0.117,67.19496949,0.752566315,0.822419534,0.34572697,NA,0.412042175,0.064650388,NA,NA,4.959165418,8.8,6.087251199,140.98446,61.21017278,NA,56.51997526,231.9993994,2.333137043,NA,NA,,OR-053-SW-002B-WV0025-051319,,NA,891,Bt,52,100,JoF2,2,5/13/2019,-123.355551,44.918544,Jory,NA,38,Ref - Forest,Ref,FOREST,Perennial,Forest,Douglas fir trees were last harvested 25 years ago,Reference,OSU2,OregonState,Jory,NA,NA,1.358,Bt,1.32,1.358,0,48,1,86.04288000000001
892,JoF2-3-1,JoF2-3,1,S2019OR053002,NA,NA,NA,,0.77,NA,4.703,NA,0.294,89.3514028,0.721317543,0.752960617,0.33406775,NA,0.356100248,0.062792619,NA,NA,18.1788688,59.63701209,29.99310755,49.41628081,176.5926616,NA,29.13827383,874.7260745,11.55203029,NA,NA,,OR-053-SW-002C-WV0026-051319,,NA,892,A,0,5,JoF2,3,5/13/2019,-123.355451,44.918514,Jory,NA,38,Ref - Forest,Ref,FOREST,Perennial,Forest,Douglas fir trees were last harvested 25 years ago,Reference,OSU2,OregonState,Jory,NA,NA,4.703,A,0.77,4.703,0,5,1,18.106550000000002
893,JoF2-3-2,JoF2-3,2,S2019OR053002,NA,NA,NA,,1.12,NA,4.478,NA,0.29,76.23853754,0.804964175,0.757122708,0.377715092,NA,0.338222849,0.041184767,NA,NA,16.39485518,27.31313131,1.006538538,13.76323232,150.3207921,NA,5.599020408,193.0111619,9.876793681,NA,NA,,OR-053-SW-002C-WV0027-051319,,NA,893,A,5,10,JoF2,3,5/13/2019,-123.355451,44.918514,Jory,NA,38,Ref - Forest,Ref,FOREST,Perennial,Forest,Douglas fir trees were last harvested 25 years ago,Reference,OSU2,OregonState,Jory,NA,NA,4.478,A,1.12,4.478,0,5,1,25.076800000000002
894,JoF2-3-3,JoF2-3,3,S2019OR053002,NA,NA,NA,,1.26,NA,3.216,NA,0.218,80.60958585,0.474791585,0.759821677,0.201448872,NA,0.486207857,0.072164948,NA,NA,8.77111569,29.36219608,11.12779297,10.61826331,65.4712483,NA,4.056400742,285.8011281,6.015857032,NA,NA,,OR-053-SW-002C-WV0028-051319,,NA,894,A,10,30,JoF2,3,5/13/2019,-123.355451,44.918514,Jory,NA,38,Ref - Forest,Ref,FOREST,Perennial,Forest,Douglas fir trees were last harvested 25 years ago,Reference,OSU2,OregonState,Jory,NA,NA,3.216,A,1.26,3.216,0,20,1,81.04320000000001
895,JoF2-3-4,JoF2-3,4,S2019OR053002,NA,NA,NA,,1.42,NA,1.854,NA,0.142,66.65611668,0.313186394,0.657909292,0.12085177,NA,0.494469027,0.042588496000000003,NA,NA,5.313200769,13.49446465,5.928412371,20.36067093,84.05590695,NA,4.464728922,12.7245774,2.955622378,NA,NA,,OR-053-SW-002C-WV0029-051319,,NA,895,Bt,30,52,JoF2,3,5/13/2019,-123.355451,44.918514,Jory,NA,38,Ref - Forest,Ref,FOREST,Perennial,Forest,Douglas fir trees were last harvested 25 years ago,Reference,OSU2,OregonState,Jory,NA,NA,1.854,Bt,1.42,1.854,0,22,1,57.918960000000006
896,JoF2-3-5,JoF2-3,5,S2019OR053002,NA,NA,NA,,1.32,NA,1.353,NA,0.096,65.3824003,0.070308481,0.45094235,0.02383592,NA,0,0.42710643,NA,NA,2.434323286,3.2177053,3.417902607,29.03070268,15.38957576,NA,15.18916953,187.5837468,2.142190621,NA,NA,,OR-053-SW-002C-WV0030-051319,,NA,896,Bt,52,100,JoF2,3,5/13/2019,-123.355451,44.918514,Jory,NA,38,Ref - Forest,Ref,FOREST,Perennial,Forest,Douglas fir trees were last harvested 25 years ago,Reference,OSU2,OregonState,Jory,NA,NA,1.353,Bt,1.32,1.353,0,48,1,85.72608
1023,JoF3-1-1,JoF3-1,1,S2019OR053010,20.4,41.7,37.9,,0.66,NA,5.004,NA,0.295,85.72314452,0.972184138,0.752634498,0.466444814,NA,0.277315585,0.008874099,NA,5.7,32.27054755,38.99029126,36.48963427,16.99895166,196.4907046,NA,2.945864078,974.7946665,15.13673111,NA,NA,,OR-053-SW-010A-WV-0157-053119,19N03448,25,1023,A,0,5,JoF3,1,5/31/2019,-123.41895,44.74261,Jory,NA,39,Ref - Forest,Ref,FOREST,Perennial,Forest,"Weyerhauser 2nd growth timber, 24 years old. Minimally managed",Reference,OSU10,OregonState,Jory,NA,NA,5.004,A,0.66,5.004,25,5,0.75,12.384899999999998
1024,JoF3-1-2,JoF3-1,2,S2019OR053010,20.4,42.1,37.5,,0.72,NA,3.965,NA,0.262,86.87506857,0.814249446,0.764412417,0.380543237,NA,0.377217295,0.006651885,NA,5.7,17.43018453,27.53990195,9.649651151,20.67839094,159.2412371,NA,1.718830212,822.2415896,14.66954887,NA,NA,,OR-053-SW-010A-WV-0158-053119,19N03449,30,1024,A,5,10,JoF3,1,5/31/2019,-123.41895,44.74261,Jory,NA,39,Ref - Forest,Ref,FOREST,Perennial,Forest,"Weyerhauser 2nd growth timber, 24 years old. Minimally managed",Reference,OSU10,OregonState,Jory,NA,NA,3.965,A,0.72,3.965,30,5,0.7,9.9918
1025,JoF3-1-3,JoF3-1,3,S2019OR053010,19.5,42.5,38,,1.33,NA,2.713,NA,0.195,69.6415021,0.593138735,0.736403996,0.266370699,NA,0.407880133,0.062153163,NA,5.9,14.57707017,15.76,6.249029703,18.89030086,109.7105743,NA,6.148410432,448.162663,8.599998607,NA,NA,,OR-053-SW-010A-WV-0159-053119,19N03450,23,1025,A,10,43,JoF3,1,5/31/2019,-123.41895,44.74261,Jory,NA,39,Ref - Forest,Ref,FOREST,Perennial,Forest,"Weyerhauser 2nd growth timber, 24 years old. Minimally managed",Reference,OSU10,OregonState,Jory,NA,NA,2.713,A,1.33,2.713,23,33,0.77,91.68664890000001
1026,JoF3-1-4,JoF3-1,4,S2019OR053010,19.3,38.9,41.8,,1.28,NA,1.284,NA,0.107,19.3560126,0.129124375,0.49611327,0.042754026,NA,0.225152693,0.228206552,NA,5.9,6.693271829,15.02006201,6.16,29.44478351,82.83912871,NA,0.802356406,213.8857597,3.434261409,NA,NA,,OR-053-SW-010A-WV-0160-053119,19N03451,12,1026,Bt,43,65,JoF3,1,5/31/2019,-123.41895,44.74261,Jory,NA,39,Ref - Forest,Ref,FOREST,Perennial,Forest,"Weyerhauser 2nd growth timber, 24 years old. Minimally managed",Reference,OSU10,OregonState,Jory,NA,NA,1.284,Bt,1.28,1.284,12,22,0.88,31.8185472
1027,JoF3-1-5,JoF3-1,5,S2019OR053010,19.5,37.7,42.8,,1.44,NA,0.461,NA,0.06,2.407197997,0.055838611,0.533055556,0.009166667,NA,0.111944444,0.411944444,NA,5.9,2.143443567,3.311191919,2.290217822,19.04,77.3699802,NA,3.405940594,58.8266556,0.659173412,NA,NA,,OR-053-SW-010A-WV-0161-053119,19N03452,15,1027,Bt,65,100,JoF3,1,5/31/2019,-123.41895,44.74261,Jory,NA,39,Ref - Forest,Ref,FOREST,Perennial,Forest,"Weyerhauser 2nd growth timber, 24 years old. Minimally managed",Reference,OSU10,OregonState,Jory,NA,NA,0.461,Bt,1.44,0.461,15,35,0.85,19.74924
1028,JoF3-2-1,JoF3-2,1,S2019OR053010,NA,NA,NA,,0.66,NA,5.607,NA,0.318,89.49296085,0.716075598,0.663424125,0.33713174,NA,0.281823235,0.04446915,NA,NA,33.45869955,43.60148454,19.98787144,10.72840404,154.7313131,NA,41.71657143,1040.048334,16.66829998,NA,NA,,OR-053-SW-010B-WV-0162-053119,,NA,1028,A,0,5,JoF3,2,5/31/2019,-123.41905,44.74261,Jory,NA,39,Ref - Forest,Ref,FOREST,Perennial,Forest,"Weyerhauser 2nd growth timber, 24 years old. Minimally managed",Reference,OSU10,OregonState,Jory,NA,NA,5.607,A,0.66,5.607,0,5,1,18.5031
1029,JoF3-2-2,JoF3-2,2,S2019OR053010,NA,NA,NA,,0.72,NA,5.189,NA,0.307,88.19655954,0.799273257,0.667036934,0.380172174,NA,0.272702027,0.014162733,NA,NA,28.25480811,21.33333333,8.262584609,30.64348515,160.3102041,NA,11.39344465,797.507552,14.22018829,NA,NA,,OR-053-SW-010B-WV-0163-053119,,NA,1029,A,5,10,JoF3,2,5/31/2019,-123.41905,44.74261,Jory,NA,39,Ref - Forest,Ref,FOREST,Perennial,Forest,"Weyerhauser 2nd growth timber, 24 years old. Minimally managed",Reference,OSU10,OregonState,Jory,NA,NA,5.189,A,0.72,5.189,0,5,1,18.6804
1030,JoF3-2-3,JoF3-2,3,S2019OR053010,NA,NA,NA,,1.33,NA,4.693,NA,0.295,90.94729635,0.965958657,0.793007769,0.460876804,NA,0.305771365,0.0263596,NA,NA,20.29641609,15.04,5.387294118,26.18760784,110.6395248,NA,8.037134854,700.0810843,11.33689732,NA,NA,,OR-053-SW-010B-WV-0164-053119,,NA,1030,A,10,43,JoF3,2,5/31/2019,-123.41905,44.74261,Jory,NA,39,Ref - Forest,Ref,FOREST,Perennial,Forest,"Weyerhauser 2nd growth timber, 24 years old. Minimally managed",Reference,OSU10,OregonState,Jory,NA,NA,4.693,A,1.33,4.693,0,33,1,205.97577
1031,JoF3-2-4,JoF3-2,4,S2019OR053010,NA,NA,NA,,1.28,NA,1.679,NA,0.107,64.70084023,0.44108879,0.759433962,0.184239734,NA,0.48418424,0.091009989,NA,NA,4.781906519,9.219481948,5.26189899,29.78217822,111.44,NA,10.19600252,168.8418303,4.214595786,NA,NA,,OR-053-SW-010B-WV-0165-053119,,NA,1031,Bt,43,65,JoF3,2,5/31/2019,-123.41905,44.74261,Jory,NA,39,Ref - Forest,Ref,FOREST,Perennial,Forest,"Weyerhauser 2nd growth timber, 24 years old. Minimally managed",Reference,OSU10,OregonState,Jory,NA,NA,1.679,Bt,1.28,1.679,0,22,1,47.28064
1032,JoF3-2-5,JoF3-2,5,S2019OR053010,NA,NA,NA,,1.44,NA,0.604,NA,0.057,48.33756419,0.258035268,0.757011941,0.088308803,NA,0.528464315,0.140238823,NA,NA,1.171047363,11.3430495,5.44,62.65346535,176.7083922,NA,1.499428571,85.48496652,0.684632935,NA,NA,,OR-053-SW-010B-WV-0166-053119,,NA,1032,Bt,65,100,JoF3,2,5/31/2019,-123.41905,44.74261,Jory,NA,39,Ref - Forest,Ref,FOREST,Perennial,Forest,"Weyerhauser 2nd growth timber, 24 years old. Minimally managed",Reference,OSU10,OregonState,Jory,NA,NA,0.604,Bt,1.44,0.604,0,35,1,30.441599999999998
1033,JoF3-3-1,JoF3-3,1,S2019OR053010,NA,NA,NA,,0.66,NA,5.943,NA,0.356,89.15089326,0.849674625,0.712104386,0.403942254,NA,0.292615214,0.015546918,NA,NA,34.35003646,44.66678435,15.79493878,67.72557576,194.9543529,NA,6.871954555,921.3388118,16.66829998,NA,NA,,OR-053-SW-010C-WV-0167-053119,,NA,1033,A,0,5,JoF3,3,5/31/2019,-123.41875,44.74261,Jory,NA,39,Ref - Forest,Ref,FOREST,Perennial,Forest,"Weyerhauser 2nd growth timber, 24 years old. Minimally managed",Reference,OSU10,OregonState,Jory,NA,NA,5.943,A,0.66,5.943,0,5,1,19.6119
1034,JoF3-3-2,JoF3-3,2,S2019OR053010,NA,NA,NA,,0.72,NA,5.64,NA,0.346,89.71080789,1.150824118,0.754098361,0.562378438,NA,0.182828563,0.008891359,NA,NA,29.44128186,36.10756303,9.237540453,58.41788235,141.3979798,NA,10.39175258,781.9022301,15.56190515,NA,NA,,OR-053-SW-010C-WV-0168-053119,,NA,1034,A,5,10,JoF3,3,5/31/2019,-123.41875,44.74261,Jory,NA,39,Ref - Forest,Ref,FOREST,Perennial,Forest,"Weyerhauser 2nd growth timber, 24 years old. Minimally managed",Reference,OSU10,OregonState,Jory,NA,NA,5.64,A,0.72,5.64,0,5,1,20.304
1035,JoF3-3-3,JoF3-3,3,S2019OR053010,NA,NA,NA,,1.33,NA,3.578,NA,0.225,77.90449045,0.513360378,0.742428452,0.222561823,NA,0.467629897,0.052236732,NA,NA,16.3188961,12.37284848,5.986823529,32.6500202,118.1802772,NA,2.448586302,469.2668179,8.32503576,NA,NA,,OR-053-SW-010C-WV-0169-053119,,NA,1035,A,10,43,JoF3,3,5/31/2019,-123.41875,44.74261,Jory,NA,39,Ref - Forest,Ref,FOREST,Perennial,Forest,"Weyerhauser 2nd growth timber, 24 years old. Minimally managed",Reference,OSU10,OregonState,Jory,NA,NA,3.578,A,1.33,3.578,0,33,1,157.03842
1036,JoF3-3-4,JoF3-3,4,S2019OR053010,NA,NA,NA,,1.28,NA,1.653,NA,0.119,77.05889023,0.451996666,0.765768269,0.188385663,NA,0.512920256,0.064462351,NA,NA,5.592169535,15.6039604,9.103683168,28.03531178,137.7593725,NA,2.029539238,222.2716252,13.50222974,NA,NA,,OR-053-SW-010C-WV-0170-053119,,NA,1036,Bt,43,65,JoF3,3,5/31/2019,-123.41875,44.74261,Jory,NA,39,Ref - Forest,Ref,FOREST,Perennial,Forest,"Weyerhauser 2nd growth timber, 24 years old. Minimally managed",Reference,OSU10,OregonState,Jory,NA,NA,1.653,Bt,1.28,1.653,0,22,1,46.54848
1037,JoF3-3-5,JoF3-3,5,S2019OR053010,NA,NA,NA,,1.44,NA,0.519,NA,0.055,57.86655604,0.428364899,0.820049986,0.171618995,NA,0.583449042,0.064981949,NA,NA,1.495948149,4.818909091,2.736313725,44.62448203,173.7958455,NA,2.358464646,103.4728725,3.242042011,NA,NA,,OR-053-SW-010C-WV-0171-053119,,NA,1037,Bt,65,100,JoF3,3,5/31/2019,-123.41875,44.74261,Jory,NA,39,Ref - Forest,Ref,FOREST,Perennial,Forest,"Weyerhauser 2nd growth timber, 24 years old. Minimally managed",Reference,OSU10,OregonState,Jory,NA,NA,0.519,Bt,1.44,0.519,0,35,1,26.157600000000002
915,JoV1-1-1,JoV1-1,1,S2019OR071004,14.8,51.2,34,,1.37,NA,3.364,NA,0.264,60.4741018,0.376617947,0.648775117,0.16267547500000001,NA,0.29314616,0.192953482,NA,5.5,23.42976485,115.3523732,14.47738005,0.188034188,263.6444962,NA,47.22141806,623.7791852,10.0677401,NA,NA,,OR-071-SW-004A-WV0049-052119,19N03404,20,915,A,0,5,JoV1,1,5/21/2019,-123.07116,45.24882,Jory,NA,40,SHM - Vineyard,SHM,CROP,Conservation,Vineyard,Rootstock was established over 10 years ago. Grasses and forbs are grown in rows in between as a cover crop; light discing occurs periodically but not annually.,AG-CROP,OSU4,OregonState,Jory,NA,NA,3.364,A,1.37,3.364,20,5,0.8,18.434720000000002
916,JoV1-1-2,JoV1-1,2,S2019OR071004,15.6,52.4,32,,1.37,NA,2.526,NA,0.217,68.37452216,0.714739143,0.700789622,0.338973491,NA,0.202481669,0.159334461,NA,6.1,9.655062507,229.723798,11.3397551,1.663129252,118.1690722,NA,24.81632653,467.3307217,7.719099115,NA,NA,,OR-071-SW-004A-WV0050-052119,19N03405,20,916,A,5,10,JoV1,1,5/21/2019,-123.07116,45.24882,Jory,NA,40,SHM - Vineyard,SHM,CROP,Conservation,Vineyard,Rootstock was established over 10 years ago. Grasses and forbs are grown in rows in between as a cover crop; light discing occurs periodically but not annually.,AG-CROP,OSU4,OregonState,Jory,NA,NA,2.526,A,1.37,2.526,20,5,0.8,13.842480000000002
917,JoV1-1-3,JoV1-1,3,S2019OR071004,15.4,52.2,32.4,,1.45,NA,2.06,NA,0.187,55.39181911,0.06846041,0.593576966,0.003045404,NA,0.357142857,0.233388704,NA,5.4,7.862587524,29.86138614,0,3.977634409,118.3033535,NA,14.9626036,300.2807907,6.022221913,NA,NA,,OR-071-SW-004A-WV0051-052119,19N03406,15,917,AB,10,21,JoV1,1,5/21/2019,-123.07116,45.24882,Jory,NA,40,SHM - Vineyard,SHM,CROP,Conservation,Vineyard,Rootstock was established over 10 years ago. Grasses and forbs are grown in rows in between as a cover crop; light discing occurs periodically but not annually.,AG-CROP,OSU4,OregonState,Jory,NA,NA,2.06,AB,1.45,2.06,15,11,0.85,27.928449999999998
918,JoV1-1-4,JoV1-1,4,S2019OR071004,13.4,46.8,39.8,,1.45,NA,1.471,NA,0.142,25.71560548,0.059893371,0.476445698,0.003385049,NA,0.322425952,0.150634697,NA,4,4.694233854,16.64639876,4.953050505,7.216954474,77.60921212,NA,9.487619231,211.8296749,3.636664616,NA,NA,,OR-071-SW-004A-WV0052-052119,19N03407,15,918,Bt,21,42,JoV1,1,5/21/2019,-123.07116,45.24882,Jory,NA,40,SHM - Vineyard,SHM,CROP,Conservation,Vineyard,Rootstock was established over 10 years ago. Grasses and forbs are grown in rows in between as a cover crop; light discing occurs periodically but not annually.,AG-CROP,OSU4,OregonState,Jory,NA,NA,1.471,Bt,1.45,1.471,15,21,0.85,38.0731575
919,JoV1-1-5,JoV1-1,5,S2019OR071004,13.9,46.9,39.2,,1.39,NA,1.323,NA,0.104,10.62890942,0.120412111,0.730866274,0.022708158,NA,0.430613961,0.277544155,NA,5.7,2.250694906,11.29615842,1.321572157,17.28295146,60.07256726,NA,9.212121212,149.6677756,2.499896918,NA,NA,,OR-071-SW-004A-WV0053-052119,19N03408,15,919,Bt,42,67,JoV1,1,5/21/2019,-123.07116,45.24882,Jory,NA,40,SHM - Vineyard,SHM,CROP,Conservation,Vineyard,Rootstock was established over 10 years ago. Grasses and forbs are grown in rows in between as a cover crop; light discing occurs periodically but not annually.,AG-CROP,OSU4,OregonState,Jory,NA,NA,1.323,Bt,1.39,1.323,15,25,0.85,39.078112499999996
920,JoV1-1-6,JoV1-1,6,S2019OR071004,14.1,46.6,39.3,,1.41,NA,0.845,NA,0.088,17.6333849,0.102861111,0.625555556,0.018611111,NA,0.384722222,0.222222222,NA,5.7,3.525973963,8.712871287,2.153050505,15.89398625,72.72,NA,1.872615385,122.0084928,2.521537513,NA,NA,,OR-071-SW-004A-WV0054-052119,19N03409,15,920,Bt,67,100,JoV1,1,5/21/2019,-123.07116,45.24882,Jory,NA,40,SHM - Vineyard,SHM,CROP,Conservation,Vineyard,Rootstock was established over 10 years ago. Grasses and forbs are grown in rows in between as a cover crop; light discing occurs periodically but not annually.,AG-CROP,OSU4,OregonState,Jory,NA,NA,0.845,Bt,1.41,0.845,15,33,0.85,33.4201725
921,JoV1-2-1,JoV1-2,1,S2019OR071004,NA,NA,NA,,1.37,NA,3.958,NA,0.279,63.74322965,0.393430774,0.61603139,0.173766816,NA,0.258127803,0.184136771,NA,NA,20.67543671,121.0264376,24.22892846,9.072378258,294.3286988,NA,63.91297591,328.3861538,11.60549529,NA,NA,,OR-071-SW-004B-WV0055-052119,,NA,921,A,0,5,JoV1,2,5/21/2019,-123.07126,45.24882,Jory,NA,40,SHM - Vineyard,SHM,CROP,Conservation,Vineyard,Rootstock was established over 10 years ago. Grasses and forbs are grown in rows in between as a cover crop; light discing occurs periodically but not annually.,AG-CROP,OSU4,OregonState,Jory,NA,NA,3.958,A,1.37,3.958,0,5,1,27.112300000000005
922,JoV1-2-2,JoV1-2,2,S2019OR071004,NA,NA,NA,,1.37,NA,2.927,NA,0.24,69.01608178,0.76954092,0.75144668,0.363461009,NA,0.253513365,0.134472306,NA,NA,12.80972194,119.5833402,21.75664712,12.58018094,227.2248713,NA,7.369731959,537.816841,8.327581712,NA,NA,,OR-071-SW-004B-WV0056-052119,,NA,922,A,5,10,JoV1,2,5/21/2019,-123.07126,45.24882,Jory,NA,40,SHM - Vineyard,SHM,CROP,Conservation,Vineyard,Rootstock was established over 10 years ago. Grasses and forbs are grown in rows in between as a cover crop; light discing occurs periodically but not annually.,AG-CROP,OSU4,OregonState,Jory,NA,NA,2.927,A,1.37,2.927,0,5,1,20.049950000000003
923,JoV1-2-3,JoV1-2,3,S2019OR071004,NA,NA,NA,,1.45,NA,2.097,NA,0.188,61.34068136,0.406123017,0.688004453,0.176454217,NA,0.300027832,0.211522405,NA,NA,8.912148775,31.52348515,7.035636364,4.742040816,105.0149703,NA,18.095306,370.6717638,4.86381362,NA,NA,,OR-071-SW-004B-WV0057-052119,,NA,923,AB,10,21,JoV1,2,5/21/2019,-123.07126,45.24882,Jory,NA,40,SHM - Vineyard,SHM,CROP,Conservation,Vineyard,Rootstock was established over 10 years ago. Grasses and forbs are grown in rows in between as a cover crop; light discing occurs periodically but not annually.,AG-CROP,OSU4,OregonState,Jory,NA,NA,2.097,AB,1.45,2.097,0,11,1,33.44715
924,JoV1-2-4,JoV1-2,4,S2019OR071004,NA,NA,NA,,1.45,NA,1.776,NA,0.174,26.93200365,0.121903065,0.64043082,0.029826015,NA,0.343551505,0.2670533,NA,NA,4.967668704,12.02376238,2.555474747,5.144488501,68.96690196,NA,11.36048485,295.2245716,2.76340298,NA,NA,,OR-071-SW-004B-WV0058-052119,,NA,924,Bt,21,42,JoV1,2,5/21/2019,-123.07126,45.24882,Jory,NA,40,SHM - Vineyard,SHM,CROP,Conservation,Vineyard,Rootstock was established over 10 years ago. Grasses and forbs are grown in rows in between as a cover crop; light discing occurs periodically but not annually.,AG-CROP,OSU4,OregonState,Jory,NA,NA,1.776,Bt,1.45,1.776,0,21,1,54.0792
925,JoV1-2-5,JoV1-2,5,S2019OR071004,NA,NA,NA,,1.39,NA,1.077,NA,0.111,21.51398544,0.088567131,0.687465181,0.011142061,NA,0.349860724,0.326462396,NA,NA,3.755187129,5.702970297,0.671427143,24.78858147,60.09365172,NA,8.459063625,175.918658,1.905417058,NA,NA,,OR-071-SW-004B-WV0059-052119,,NA,925,Bt,42,67,JoV1,2,5/21/2019,-123.07126,45.24882,Jory,NA,40,SHM - Vineyard,SHM,CROP,Conservation,Vineyard,Rootstock was established over 10 years ago. Grasses and forbs are grown in rows in between as a cover crop; light discing occurs periodically but not annually.,AG-CROP,OSU4,OregonState,Jory,NA,NA,1.077,Bt,1.39,1.077,0,25,1,37.425749999999994
926,JoV1-2-6,JoV1-2,6,S2019OR071004,NA,NA,NA,,1.41,NA,0.91,NA,0.095,11.51222857,0.088223442,0.566017019,0.012352457,NA,0.392808125,0.160856437,NA,NA,1.779240394,17.5049505,1.006117647,18.16756957,64.65774257,NA,5.942976153,115.932651,1.839222299,NA,NA,,OR-071-SW-004B-WV0060-052119,,NA,926,Bt,67,100,JoV1,2,5/21/2019,-123.07126,45.24882,Jory,NA,40,SHM - Vineyard,SHM,CROP,Conservation,Vineyard,Rootstock was established over 10 years ago. Grasses and forbs are grown in rows in between as a cover crop; light discing occurs periodically but not annually.,AG-CROP,OSU4,OregonState,Jory,NA,NA,0.91,Bt,1.41,0.91,0,33,1,42.342299999999994
927,JoV1-3-1,JoV1-3,1,S2019OR071004,NA,NA,NA,,1.37,NA,2.107,NA,0.187,36.63197026,0.326335185,0.677311858,0.133574007,NA,0.349069703,0.194668148,NA,NA,10.11290095,61.17488285,14.71601511,61.38903561,227.2489796,NA,11.01219417,543.8295302,7.11952735,NA,NA,,OR-071-SW-004C-WV0061-052119,,NA,927,A,0,5,JoV1,3,5/21/2019,-123.07096,45.24912,Jory,NA,40,SHM - Vineyard,SHM,CROP,Conservation,Vineyard,Rootstock was established over 10 years ago. Grasses and forbs are grown in rows in between as a cover crop; light discing occurs periodically but not annually.,AG-CROP,OSU4,OregonState,Jory,NA,NA,2.107,A,1.37,2.107,0,5,1,14.432950000000002
928,JoV1-3-2,JoV1-3,2,S2019OR071004,NA,NA,NA,,1.37,NA,2.622,NA,0.231,58.10537853,0.985737691,0.815855355,0.474269819,NA,0.219471488,0.122114047,NA,NA,10.44902238,289.7012879,22.50989011,31.4521542,229.6883712,NA,11.17670826,534.7749735,8.495614563,NA,NA,,OR-071-SW-004C-WV0062-052119,,NA,928,A,5,10,JoV1,3,5/21/2019,-123.07096,45.24912,Jory,NA,40,SHM - Vineyard,SHM,CROP,Conservation,Vineyard,Rootstock was established over 10 years ago. Grasses and forbs are grown in rows in between as a cover crop; light discing occurs periodically but not annually.,AG-CROP,OSU4,OregonState,Jory,NA,NA,2.622,A,1.37,2.622,0,5,1,17.9607
929,JoV1-3-3,JoV1-3,3,S2019OR071004,NA,NA,NA,,1.45,NA,2.134,NA,0.198,68.27418956,1.130174875,0.809352518,0.550636414,NA,0.174598783,0.084117322,NA,NA,4.873522164,58.88,14.24,27.47657143,171.31984310000001,NA,8.64555102,193.0467038,5.551220739,NA,NA,,OR-071-SW-004C-WV0063-052119,,NA,929,AB,10,21,JoV1,3,5/21/2019,-123.07096,45.24912,Jory,NA,40,SHM - Vineyard,SHM,CROP,Conservation,Vineyard,Rootstock was established over 10 years ago. Grasses and forbs are grown in rows in between as a cover crop; light discing occurs periodically but not annually.,AG-CROP,OSU4,OregonState,Jory,NA,NA,2.134,AB,1.45,2.134,0,11,1,34.037299999999995
930,JoV1-3-4,JoV1-3,4,S2019OR071004,NA,NA,NA,,1.45,NA,1.73,NA,0.169,52.08981545,0.354965051,0.736189402,0.144024803,NA,0.408399098,0.183765502,NA,NA,6.32909712,32.32,7.527312731,19.72514202,127.2019394,NA,0.211265306,267.1124586,3.937086987,NA,NA,,OR-071-SW-004C-WV0064-052119,,NA,930,Bt,21,42,JoV1,3,5/21/2019,-123.07096,45.24912,Jory,NA,40,SHM - Vineyard,SHM,CROP,Conservation,Vineyard,Rootstock was established over 10 years ago. Grasses and forbs are grown in rows in between as a cover crop; light discing occurs periodically but not annually.,AG-CROP,OSU4,OregonState,Jory,NA,NA,1.73,Bt,1.45,1.73,0,21,1,52.67849999999999
931,JoV1-3-5,JoV1-3,5,S2019OR071004,NA,NA,NA,,1.39,NA,1.103,NA,0.115,29.88533419,0.207463272,0.78130217,0.065108514,NA,0.451585977,0.264607679,NA,NA,2.494052362,10.29908911,2.577302436,0.448,78.43137255,NA,5.3243511,152.374547,2.550815964,NA,NA,,OR-071-SW-004C-WV0065-052119,,NA,931,Bt,42,67,JoV1,3,5/21/2019,-123.07096,45.24912,Jory,NA,40,SHM - Vineyard,SHM,CROP,Conservation,Vineyard,Rootstock was established over 10 years ago. Grasses and forbs are grown in rows in between as a cover crop; light discing occurs periodically but not annually.,AG-CROP,OSU4,OregonState,Jory,NA,NA,1.103,Bt,1.39,1.103,0,25,1,38.329249999999995
932,JoV1-3-6,JoV1-3,6,S2019OR071004,NA,NA,NA,,1.41,NA,1.679,NA,0.113,29.84281815,0.097521739,0.75048463,0.010800332,NA,0.422043755,0.317640543,NA,NA,2.483963142,15.22487129,3.639128713,79.26808681,99.1372549,NA,3.997387755,45.5154022,2.639924294,NA,NA,,OR-071-SW-004C-WV0066-052119,,NA,932,Bt,67,100,JoV1,3,5/21/2019,-123.07096,45.24912,Jory,NA,40,SHM - Vineyard,SHM,CROP,Conservation,Vineyard,Rootstock was established over 10 years ago. Grasses and forbs are grown in rows in between as a cover crop; light discing occurs periodically but not annually.,AG-CROP,OSU4,OregonState,Jory,NA,NA,1.679,Bt,1.41,1.679,0,33,1,78.12387
1038,JoV2-1-1,JoV2-1,1,S2019OR071011,13.8,62.2,24,,0.68,NA,3.575,NA,0.234,68.30837483,0.797263465,0.709050527,0.380344253,NA,0.220155469,0.108550805,NA,6.2,44.3212714,156.363102,0.086397758,22.14335354,286.7089721,NA,-0.036897959,722.7266172,12.81227667,NA,NA,,OR-071-SW-011A-WV-0172-061119,19N03455,10,1038,Ap,0,5,JoV2,1,6/11/2019,-123.049801,45.251054,Jory,NA,41,SHM - Vineyard,SHM,CROP,Conservation,Vineyard,"18 years with same vines, ~1200/acre, 7’ spacing, all pinot noir. Planted to wheat and cherry beforehand. Disced and rototilled in early 2019 due to excessive voles, to about 2-4” in depth. Sprayed on 6/10 with micronized sulfur and a bacillus-based mold treatment. No irrigation at this site.",AG-CROP,OSU11,OregonState,Jory,NA,NA,3.575,A,0.68,3.575,10,5,0.9,10.939500000000002
1039,JoV2-1-2,JoV2-1,2,S2019OR071011,14.1,62,23.9,,1.34,NA,2.394,NA,0.183,48.14199904,0.292962778,0.613055556,0.119444444,NA,0.320833333,0.172777778,NA,5.9,18.90174087,355.9012711,27.34828529,34.82312487,218.569697,NA,-0.112158416,520.4586621,9.463076434,NA,NA,,OR-071-SW-011A-WV-0173-061119,19N03456,15,1039,Ap,5,10,JoV2,1,6/11/2019,-123.049801,45.251054,Jory,NA,41,SHM - Vineyard,SHM,CROP,Conservation,Vineyard,"18 years with same vines, ~1200/acre, 7’ spacing, all pinot noir. Planted to wheat and cherry beforehand. Disced and rototilled in early 2019 due to excessive voles, to about 2-4” in depth. Sprayed on 6/10 with micronized sulfur and a bacillus-based mold treatment. No irrigation at this site.",AG-CROP,OSU11,OregonState,Jory,NA,NA,2.394,A,1.34,2.394,15,5,0.85,13.633830000000001
1040,JoV2-1-3,JoV2-1,3,S2019OR071011,14.5,60.4,25.1,,1.37,NA,1.5,NA,0.122,33.82857352,0.221103831,0.592171016,0.083287063,NA,0.316768462,0.192115491,NA,5.8,8.486133241,36.02407921,8.645000971,17.01042424,136.2061176,NA,0.48,266.0324782,8.04752696,NA,NA,,OR-071-SW-011A-WV-0174-061119,19N03457,15,1040,Ap,10,25,JoV2,1,6/11/2019,-123.049801,45.251054,Jory,NA,41,SHM - Vineyard,SHM,CROP,Conservation,Vineyard,"18 years with same vines, ~1200/acre, 7’ spacing, all pinot noir. Planted to wheat and cherry beforehand. Disced and rototilled in early 2019 due to excessive voles, to about 2-4” in depth. Sprayed on 6/10 with micronized sulfur and a bacillus-based mold treatment. No irrigation at this site.",AG-CROP,OSU11,OregonState,Jory,NA,NA,1.5,A,1.37,1.5,15,15,0.85,26.20125
1041,JoV2-1-4,JoV2-1,4,S2019OR071011,11.9,57.5,30.6,,1.6,NA,0.67,NA,0.063,13.99791255,NA,0.585833333,0.001944444,NA,0.356666667,0.227222222,NA,6.1,2.414219528,6.726787879,3.715168317,35.06500297,79.68316832,NA,5.584953982,391.3078697,1.331304817,NA,NA,,OR-071-SW-011A-WV-0175-061119,19N03458,19,1041,Bt,25,49,JoV2,1,6/11/2019,-123.049801,45.251054,Jory,NA,41,SHM - Vineyard,SHM,CROP,Conservation,Vineyard,"18 years with same vines, ~1200/acre, 7’ spacing, all pinot noir. Planted to wheat and cherry beforehand. Disced and rototilled in early 2019 due to excessive voles, to about 2-4” in depth. Sprayed on 6/10 with micronized sulfur and a bacillus-based mold treatment. No irrigation at this site.",AG-CROP,OSU11,OregonState,Jory,NA,NA,0.67,Bt,1.6,0.67,19,24,0.81,20.83968
1042,JoV2-1-5,JoV2-1,5,S2019OR071011,10.4,54.8,34.8,,1.61,NA,0.42,NA,0.045,9.187139936,NA,0.759933315,0.021672687,NA,0.538760767,0.199499861,NA,6.1,1.693571297,2.851485149,2.435175282,162.5292975,73.74257426,NA,-0.614530612,74.02438355,0.904857808,NA,NA,,OR-071-SW-011A-WV-0176-061119,19N03459,15,1042,Bt,49,84,JoV2,1,6/11/2019,-123.049801,45.251054,Jory,NA,41,SHM - Vineyard,SHM,CROP,Conservation,Vineyard,"18 years with same vines, ~1200/acre, 7’ spacing, all pinot noir. Planted to wheat and cherry beforehand. Disced and rototilled in early 2019 due to excessive voles, to about 2-4” in depth. Sprayed on 6/10 with micronized sulfur and a bacillus-based mold treatment. No irrigation at this site.",AG-CROP,OSU11,OregonState,Jory,NA,NA,0.42,Bt,1.61,0.42,15,35,0.85,20.11695
1043,JoV2-1-6,JoV2-1,6,S2019OR071011,18.5,45.5,36,,1.32,NA,0.487,NA,0.051,24.12801181,NA,0.503751042,0.10586274,NA,0.190886357,0.207001945,NA,6,1.954939912,8,4.432,68.0159967,119.9582358,NA,1.199524752,97.90179822,1.49551874,NA,NA,,OR-071-SW-011A-WV-0177-061119,19N03460,25,1043,2BC,84,100,JoV2,1,6/11/2019,-123.049801,45.251054,Jory,NA,41,SHM - Vineyard,SHM,CROP,Conservation,Vineyard,"18 years with same vines, ~1200/acre, 7’ spacing, all pinot noir. Planted to wheat and cherry beforehand. Disced and rototilled in early 2019 due to excessive voles, to about 2-4” in depth. Sprayed on 6/10 with micronized sulfur and a bacillus-based mold treatment. No irrigation at this site.",AG-CROP,OSU11,OregonState,Jory,NA,NA,0.487,Bt,1.32,0.487,25,16,0.75,7.714079999999999
1044,JoV2-2-1,JoV2-2,1,S2019OR071011,NA,NA,NA,,0.68,NA,2.204,NA,0.177,42.48499345,NA,0.594323873,0.017250974,NA,0.353366722,0.223706177,NA,NA,17.92871344,128.8222244,26.45829165,29.3708866,366.9544554,NA,5.633454545,589.1434551,9.474533219,NA,NA,,OR-071-SW-011B-WV-0178-061119,,NA,1044,Ap,0,5,JoV2,2,6/11/2019,-123.049901,45.250954,Jory,NA,41,SHM - Vineyard,SHM,CROP,Conservation,Vineyard,"18 years with same vines, ~1200/acre, 7’ spacing, all pinot noir. Planted to wheat and cherry beforehand. Disced and rototilled in early 2019 due to excessive voles, to about 2-4” in depth. Sprayed on 6/10 with micronized sulfur and a bacillus-based mold treatment. No irrigation at this site.",AG-CROP,OSU11,OregonState,Jory,NA,NA,2.204,A,0.68,2.204,0,5,1,7.493600000000002
1045,JoV2-2-2,JoV2-2,2,S2019OR071011,NA,NA,NA,,1.34,NA,2.209,NA,0.164,45.21760552,NA,0.488333333,0.080277778,NA,0.29,0.118055556,NA,NA,13.78512325,358.6246531,40.15519186,26.59268978,212.7394764,NA,-0.47851883,538.751372,8.293211356,NA,NA,,OR-071-SW-011B-WV-0179-061119,,NA,1045,Ap,5,10,JoV2,2,6/11/2019,-123.049901,45.250954,Jory,NA,41,SHM - Vineyard,SHM,CROP,Conservation,Vineyard,"18 years with same vines, ~1200/acre, 7’ spacing, all pinot noir. Planted to wheat and cherry beforehand. Disced and rototilled in early 2019 due to excessive voles, to about 2-4” in depth. Sprayed on 6/10 with micronized sulfur and a bacillus-based mold treatment. No irrigation at this site.",AG-CROP,OSU11,OregonState,Jory,NA,NA,2.209,A,1.34,2.209,0,5,1,14.800300000000002
1046,JoV2-2-3,JoV2-2,3,S2019OR071011,NA,NA,NA,,1.37,NA,1.299,NA,0.106,24.63426456,NA,0.729849917,0.513062813,NA,0.110617009,0.106170094,NA,NA,6.595577385,15.6039604,5.684135472,36.40816327,102.8316055,NA,2.230962688,279.6611456,8.761666578,NA,NA,,OR-071-SW-011B-WV-0180-061119,,NA,1046,Ap,10,25,JoV2,2,6/11/2019,-123.049901,45.250954,Jory,NA,41,SHM - Vineyard,SHM,CROP,Conservation,Vineyard,"18 years with same vines, ~1200/acre, 7’ spacing, all pinot noir. Planted to wheat and cherry beforehand. Disced and rototilled in early 2019 due to excessive voles, to about 2-4” in depth. Sprayed on 6/10 with micronized sulfur and a bacillus-based mold treatment. No irrigation at this site.",AG-CROP,OSU11,OregonState,Jory,NA,NA,1.299,A,1.37,1.299,0,15,1,26.69445
1047,JoV2-2-4,JoV2-2,4,S2019OR071011,NA,NA,NA,,1.6,NA,0.761,NA,0.065,12.34056506,NA,0.465,0.018333333,NA,0.145833333,0.300833333,NA,NA,2.829076839,7.838383838,2.534653465,28.12121212,63.10180392,NA,9.469387755,75.59314618,5.430288005,NA,NA,,OR-071-SW-011B-WV-0181-061119,,NA,1047,Bt,25,49,JoV2,2,6/11/2019,-123.049901,45.250954,Jory,NA,41,SHM - Vineyard,SHM,CROP,Conservation,Vineyard,"18 years with same vines, ~1200/acre, 7’ spacing, all pinot noir. Planted to wheat and cherry beforehand. Disced and rototilled in early 2019 due to excessive voles, to about 2-4” in depth. Sprayed on 6/10 with micronized sulfur and a bacillus-based mold treatment. No irrigation at this site.",AG-CROP,OSU11,OregonState,Jory,NA,NA,0.761,Bt,1.6,0.761,0,24,1,29.2224
1048,JoV2-2-5,JoV2-2,5,S2019OR071011,NA,NA,NA,,1.61,NA,0.64,NA,0.058,21.95010403,NA,0.620383227,0.101916134,NA,0.236045543,0.28242155,NA,NA,2.670025859,14.08,3.95959596,13.76038415,72.15841584,NA,10.02630385,88.95537113,2.303858592,NA,NA,,OR-071-SW-011B-WV-0182-061119,,NA,1048,Bt,49,84,JoV2,2,6/11/2019,-123.049901,45.250954,Jory,NA,41,SHM - Vineyard,SHM,CROP,Conservation,Vineyard,"18 years with same vines, ~1200/acre, 7’ spacing, all pinot noir. Planted to wheat and cherry beforehand. Disced and rototilled in early 2019 due to excessive voles, to about 2-4” in depth. Sprayed on 6/10 with micronized sulfur and a bacillus-based mold treatment. No irrigation at this site.",AG-CROP,OSU11,OregonState,Jory,NA,NA,0.64,Bt,1.61,0.64,0,35,1,36.064
1049,JoV2-2-6,JoV2-2,6,S2019OR071011,NA,NA,NA,,1.32,NA,0.655,NA,0.055,27.33907519,NA,0.555648071,0.135720233,NA,0.240632806,0.179295032,NA,NA,3.158939855,14.08,4.774626263,11.97456829,80.91122995,NA,13.10956383,108.4732255,1.836676347,NA,NA,,OR-071-SW-011B-WV-0183-061119,,NA,1049,2BC,84,100,JoV2,2,6/11/2019,-123.049901,45.250954,Jory,NA,41,SHM - Vineyard,SHM,CROP,Conservation,Vineyard,"18 years with same vines, ~1200/acre, 7’ spacing, all pinot noir. Planted to wheat and cherry beforehand. Disced and rototilled in early 2019 due to excessive voles, to about 2-4” in depth. Sprayed on 6/10 with micronized sulfur and a bacillus-based mold treatment. No irrigation at this site.",AG-CROP,OSU11,OregonState,Jory,NA,NA,0.655,Bt,1.32,0.655,0,16,1,13.8336
1050,JoV2-3-1,JoV2-3,1,S2019OR071011,NA,NA,NA,,0.68,NA,2.327,NA,0.182,44.37225976,NA,0.59150236,0.176062205,NA,0.25631769,0.159122466,NA,NA,23.3528547,105.1012735,3.038878582,2.905092159,190.3094107,NA,1.690867862,549.2664524,8.095900054,NA,NA,,OR-071-SW-011C-WV-0184-061119,,NA,1050,Ap,0,5,JoV2,3,6/11/2019,-123.049601,45.251354,Jory,NA,41,SHM - Vineyard,SHM,CROP,Conservation,Vineyard,"18 years with same vines, ~1200/acre, 7’ spacing, all pinot noir. Planted to wheat and cherry beforehand. Disced and rototilled in early 2019 due to excessive voles, to about 2-4” in depth. Sprayed on 6/10 with micronized sulfur and a bacillus-based mold treatment. No irrigation at this site.",AG-CROP,OSU11,OregonState,Jory,NA,NA,2.327,A,0.68,2.327,0,5,1,7.9117999999999995
1051,JoV2-3-2,JoV2-3,2,S2019OR071011,NA,NA,NA,,1.34,NA,1.919,NA,0.15,46.33034144,NA,0.556048835,0.206714761,NA,0.167869034,0.181465039,NA,NA,9.946592505,300.0565657,32.22423191,19.40486275,230.1459127,NA,30.92526176,595.2637765,6.649799152,NA,NA,,OR-071-SW-011C-WV-0185-061119,,NA,1051,Ap,5,10,JoV2,3,6/11/2019,-123.049601,45.251354,Jory,NA,41,SHM - Vineyard,SHM,CROP,Conservation,Vineyard,"18 years with same vines, ~1200/acre, 7’ spacing, all pinot noir. Planted to wheat and cherry beforehand. Disced and rototilled in early 2019 due to excessive voles, to about 2-4” in depth. Sprayed on 6/10 with micronized sulfur and a bacillus-based mold treatment. No irrigation at this site.",AG-CROP,OSU11,OregonState,Jory,NA,NA,1.919,A,1.34,1.919,0,5,1,12.8573
1052,JoV2-3-3,JoV2-3,3,S2019OR071011,NA,NA,NA,,1.37,NA,1.232,NA,0.099,36.16907145,NA,0.53901694,0.052485421,NA,0.189114135,0.297417384,NA,NA,9.786211799,37.44,11.23376338,38.34198534,124.4,NA,10.86625478,368.480352,6.691807365,NA,NA,,OR-071-SW-011C-WV-0186-061119,,NA,1052,Ap,10,25,JoV2,3,6/11/2019,-123.049601,45.251354,Jory,NA,41,SHM - Vineyard,SHM,CROP,Conservation,Vineyard,"18 years with same vines, ~1200/acre, 7’ spacing, all pinot noir. Planted to wheat and cherry beforehand. Disced and rototilled in early 2019 due to excessive voles, to about 2-4” in depth. Sprayed on 6/10 with micronized sulfur and a bacillus-based mold treatment. No irrigation at this site.",AG-CROP,OSU11,OregonState,Jory,NA,NA,1.232,A,1.37,1.232,0,15,1,25.3176
1086,JoV3-1-1,JoV3-1,1,S2019OR053014,13.2,50.6,36.2,,1.11,NA,4.314,NA,0.29,88.97213618,NA,0.545833333,0.365555556,NA,0.175555556,0.004722222,NA,6.3,57.02202358,156.9230769,68.79806061,5.224489796,424.5494949,NA,-3.404162457,814.6998182,11.90209873,NA,NA,,OR-053-SW-014A-WV-0220-070819,19N03474,22,1086,Ap,0,5,JoV3,1,7/8/2019,-123.130763,45.037101,Jory,NA,42,SHM - Vineyard,SHM,CROP,Conservation,Vineyard,"Pinot noir plot with 1210 vines/acre, planted in 2006. Disced to ~10 cm annually, planted with cover crop to stress vines. Every 8th row planted with wildflowers to attract pollinators.",AG-CROP,OSU14,OregonState,Jory,NA,NA,4.314,A,1.11,4.314,22,5,0.78,18.675306000000003
1087,JoV3-1-2,JoV3-1,2,S2019OR053014,12.8,50.5,36.7,,1.28,NA,2.935,NA,0.231,85.86960037,NA,0.833657317,0.435156901,NA,0.309358512,0.089141905,NA,6.2,19.32950897,282.2108235,37.18527246,17.75,266.8494429,NA,-0.760403579,633.1831357,7.067335328,NA,NA,,OR-053-SW-014A-WV-0221-070819,19N03475,22,1087,Ap,5,10,JoV3,1,7/8/2019,-123.130763,45.037101,Jory,NA,42,SHM - Vineyard,SHM,CROP,Conservation,Vineyard,"Pinot noir plot with 1210 vines/acre, planted in 2006. Disced to ~10 cm annually, planted with cover crop to stress vines. Every 8th row planted with wildflowers to attract pollinators.",AG-CROP,OSU14,OregonState,Jory,NA,NA,2.935,A,1.28,2.935,22,5,0.78,14.65152
1088,JoV3-1-3,JoV3-1,3,S2019OR053014,11.9,47.1,41,,1.34,NA,1.834,NA,0.166,55.55160118,NA,0.737295196,0.097195224,NA,0.360455429,0.279644543,NA,6,3.658092968,13.56679668,5.011393939,26.19364612,94.72,NA,-2.276149248,342.6302629,3.615024022,NA,NA,,OR-053-SW-014A-WV-0222-070819,19N03476,22,1088,AB,10,56,JoV3,1,7/8/2019,-123.130763,45.037101,Jory,NA,42,SHM - Vineyard,SHM,CROP,Conservation,Vineyard,"Pinot noir plot with 1210 vines/acre, planted in 2006. Disced to ~10 cm annually, planted with cover crop to stress vines. Every 8th row planted with wildflowers to attract pollinators.",AG-CROP,OSU14,OregonState,Jory,NA,NA,1.834,AB,1.34,1.834,22,46,0.78,88.17725280000002
1089,JoV3-1-4,JoV3-1,4,S2019OR053014,12,46.6,41.4,,1.25,NA,1.308,NA,0.129,32.08653716,NA,0.736666667,0.049166667,NA,0.396388889,0.291111111,NA,6.2,3.609346289,9.338505051,2.680908091,20.67582758,66.08,NA,2.999279712,237.2918998,2.227480023,NA,NA,,OR-053-SW-014A-WV-0223-070819,19N03477,15,1089,Bt,56,74,JoV3,1,7/8/2019,-123.130763,45.037101,Jory,NA,42,SHM - Vineyard,SHM,CROP,Conservation,Vineyard,"Pinot noir plot with 1210 vines/acre, planted in 2006. Disced to ~10 cm annually, planted with cover crop to stress vines. Every 8th row planted with wildflowers to attract pollinators.",AG-CROP,OSU14,OregonState,Jory,NA,NA,1.308,Bt,1.25,1.308,15,18,0.85,25.0155
1090,JoV3-1-5,JoV3-1,5,S2019OR053014,12.5,43.8,43.7,,1.4,NA,0.908,NA,0.103,32.32091241,NA,0.79,0.117777778,NA,0.403611111,0.268611111,NA,6.1,2.400406311,6.804525253,3.327198602,13.15004082,74.75099981,NA,5.6,157.9308784,1.612632545,NA,NA,,OR-053-SW-014A-WV-0224-070819,19N03478,15,1090,Bt,74,100,JoV3,1,7/8/2019,-123.130763,45.037101,Jory,NA,42,SHM - Vineyard,SHM,CROP,Conservation,Vineyard,"Pinot noir plot with 1210 vines/acre, planted in 2006. Disced to ~10 cm annually, planted with cover crop to stress vines. Every 8th row planted with wildflowers to attract pollinators.",AG-CROP,OSU14,OregonState,Jory,NA,NA,0.908,Bt,1.4,0.908,15,26,0.85,28.093519999999994
1091,JoV3-2-1,JoV3-2,1,S2019OR053014,NA,NA,NA,,1.11,NA,3.854,NA,0.26,84.77061022,NA,0.823153803,0.601054969,NA,0.190172127,0.031926707,NA,NA,41.58159277,159.3402062,45.23088576,17.10187019,295.4666667,NA,0.977115444,160.4477051,10.04482653,NA,NA,,OR-053-SW-014B-WV-0225-070819,,NA,1091,Ap,0,5,JoV3,2,7/8/2019,-123.130863,45.037201,Jory,NA,42,SHM - Vineyard,SHM,CROP,Conservation,Vineyard,"Pinot noir plot with 1210 vines/acre, planted in 2006. Disced to ~10 cm annually, planted with cover crop to stress vines. Every 8th row planted with wildflowers to attract pollinators.",AG-CROP,OSU14,OregonState,Jory,NA,NA,3.854,A,1.11,3.854,0,5,1,21.3897
1092,JoV3-2-2,JoV3-2,2,S2019OR053014,NA,NA,NA,,1.28,NA,2.601,NA,0.21,74.60782911,NA,0.812170047,0.37649347,NA,0.335370936,0.10030564,NA,NA,13.45045695,217.0419592,23.9477551,87.27272727,409.6065643,NA,15.08116459,524.7074676,6.344284877,NA,NA,,OR-053-SW-014B-WV-0226-070819,,NA,1092,Ap,5,10,JoV3,2,7/8/2019,-123.130863,45.037201,Jory,NA,42,SHM - Vineyard,SHM,CROP,Conservation,Vineyard,"Pinot noir plot with 1210 vines/acre, planted in 2006. Disced to ~10 cm annually, planted with cover crop to stress vines. Every 8th row planted with wildflowers to attract pollinators.",AG-CROP,OSU14,OregonState,Jory,NA,NA,2.601,A,1.28,2.601,0,5,1,16.6464
1093,JoV3-2-3,JoV3-2,3,S2019OR053014,NA,NA,NA,,1.34,NA,1.891,NA,0.166,67.21852226,NA,0.850833333,0.266111111,NA,0.511388889,0.073333333,NA,NA,7.435497731,15.92079208,7.76,73.36039604,91.87546049,NA,16.95085714,372.5339727,4.849810883,NA,NA,,OR-053-SW-014B-WV-0227-070819,,NA,1093,AB,10,56,JoV3,2,7/8/2019,-123.130863,45.037201,Jory,NA,42,SHM - Vineyard,SHM,CROP,Conservation,Vineyard,"Pinot noir plot with 1210 vines/acre, planted in 2006. Disced to ~10 cm annually, planted with cover crop to stress vines. Every 8th row planted with wildflowers to attract pollinators.",AG-CROP,OSU14,OregonState,Jory,NA,NA,1.891,AB,1.34,1.891,0,46,1,116.56124000000001
1094,JoV3-2-4,JoV3-2,4,S2019OR053014,NA,NA,NA,,1.25,NA,1.114,NA,0.106,32.66336048,NA,0.866944444,0.493611111,NA,0.226388889,0.146944444,NA,NA,2.426341733,3.643564356,2.217511163,74.69387755,59.52,NA,23.27272727,280.1867978,2.865241072,NA,NA,,OR-053-SW-014B-WV-0228-070819,,NA,1094,Bt,56,74,JoV3,2,7/8/2019,-123.130863,45.037201,Jory,NA,42,SHM - Vineyard,SHM,CROP,Conservation,Vineyard,"Pinot noir plot with 1210 vines/acre, planted in 2006. Disced to ~10 cm annually, planted with cover crop to stress vines. Every 8th row planted with wildflowers to attract pollinators.",AG-CROP,OSU14,OregonState,Jory,NA,NA,1.114,Bt,1.25,1.114,0,18,1,25.065
1095,JoV3-2-5,JoV3-2,5,S2019OR053014,NA,NA,NA,,1.4,NA,1.03,NA,0.104,34.32441701,NA,0.788611111,0.037222222,NA,0.523611111,0.227777778,NA,NA,3.099194344,6.904850485,3.76,57.19215686,73.64705882,NA,6.703049505,38.68603092,2.54572406,NA,NA,,OR-053-SW-014B-WV-0229-070819,,NA,1095,Bt,74,100,JoV3,2,7/8/2019,-123.130863,45.037201,Jory,NA,42,SHM - Vineyard,SHM,CROP,Conservation,Vineyard,"Pinot noir plot with 1210 vines/acre, planted in 2006. Disced to ~10 cm annually, planted with cover crop to stress vines. Every 8th row planted with wildflowers to attract pollinators.",AG-CROP,OSU14,OregonState,Jory,NA,NA,1.03,Bt,1.4,1.03,0,26,1,37.492
1096,JoV3-3-1,JoV3-3,1,S2019OR053014,NA,NA,NA,,1.11,NA,4.314,NA,0.294,90.01877539,NA,0.780216727,0.370936371,NA,0.350097249,0.059183106,NA,NA,43.15392998,178.3592433,51.54286858,135.6877642,250.0681515,NA,5.191243099,794.300816,12.17833455,NA,NA,,OR-053-SW-014C-WV-0230-070819,,NA,1096,Ap,0,5,JoV3,3,7/8/2019,-123.130563,45.037101,Jory,NA,42,SHM - Vineyard,SHM,CROP,Conservation,Vineyard,"Pinot noir plot with 1210 vines/acre, planted in 2006. Disced to ~10 cm annually, planted with cover crop to stress vines. Every 8th row planted with wildflowers to attract pollinators.",AG-CROP,OSU14,OregonState,Jory,NA,NA,4.314,A,1.11,4.314,0,5,1,23.942700000000002
1097,JoV3-3-2,JoV3-3,2,S2019OR053014,NA,NA,NA,,1.28,NA,2.844,NA,0.22,81.01307478,NA,0.820555556,0.266111111,NA,0.421666667,0.132777778,NA,NA,18.63045442,284.4662857,24.68589731,107.7625098,249.8233725,NA,6.415841584,601.855056,8.276662666,NA,NA,,OR-053-SW-014C-WV-0231-070819,,NA,1097,Ap,5,10,JoV3,3,7/8/2019,-123.130563,45.037101,Jory,NA,42,SHM - Vineyard,SHM,CROP,Conservation,Vineyard,"Pinot noir plot with 1210 vines/acre, planted in 2006. Disced to ~10 cm annually, planted with cover crop to stress vines. Every 8th row planted with wildflowers to attract pollinators.",AG-CROP,OSU14,OregonState,Jory,NA,NA,2.844,A,1.28,2.844,0,5,1,18.2016
1098,JoV3-3-3,JoV3-3,3,S2019OR053014,NA,NA,NA,,1.34,NA,1.951,NA,0.169,57.163306,NA,0.642321577,0.442099417,NA,0.120522077,0.079700083,NA,NA,6.504634447,20.24,9.180758076,68.6290101,93.58542574,NA,-21.32298039,272.0358847,4.793799932,NA,NA,,OR-053-SW-014C-WV-0232-070819,,NA,1098,AB,10,56,JoV3,3,7/8/2019,-123.130563,45.037101,Jory,NA,42,SHM - Vineyard,SHM,CROP,Conservation,Vineyard,"Pinot noir plot with 1210 vines/acre, planted in 2006. Disced to ~10 cm annually, planted with cover crop to stress vines. Every 8th row planted with wildflowers to attract pollinators.",AG-CROP,OSU14,OregonState,Jory,NA,NA,1.951,AB,1.34,1.951,0,46,1,120.25964000000002
1099,JoV3-3-4,JoV3-3,4,S2019OR053014,NA,NA,NA,,1.25,NA,1.21,NA,0.12,37.46334488,NA,0.776882467,0.126701862,NA,0.389552654,0.260627952,NA,NA,2.777724164,12.08,3.722772277,58.43657143,82.82352941,NA,2.693877551,116.8273868,3.31842058,NA,NA,,OR-053-SW-014C-WV-0233-070819,,NA,1099,Bt,56,74,JoV3,3,7/8/2019,-123.130563,45.037101,Jory,NA,42,SHM - Vineyard,SHM,CROP,Conservation,Vineyard,"Pinot noir plot with 1210 vines/acre, planted in 2006. Disced to ~10 cm annually, planted with cover crop to stress vines. Every 8th row planted with wildflowers to attract pollinators.",AG-CROP,OSU14,OregonState,Jory,NA,NA,1.21,Bt,1.25,1.21,0,18,1,27.224999999999998
1100,JoV3-3-5,JoV3-3,5,S2019OR053014,NA,NA,NA,,1.4,NA,0.902,NA,0.097,34.74553489,NA,0.798167685,0.095502499,NA,0.548861743,0.153803443,NA,NA,2.596556562,9.877656566,3.555555556,154.16,94.70964706,NA,2.565861386,79.44458178,2.559726797,NA,NA,,OR-047-SW-014C-WV-0234-070819,,NA,1100,Bt,74,100,JoV3,3,7/8/2019,-123.130563,45.037101,Jory,NA,42,SHM - Vineyard,SHM,CROP,Conservation,Vineyard,"Pinot noir plot with 1210 vines/acre, planted in 2006. Disced to ~10 cm annually, planted with cover crop to stress vines. Every 8th row planted with wildflowers to attract pollinators.",AG-CROP,OSU14,OregonState,Jory,NA,NA,0.902,Bt,1.4,0.902,0,26,1,32.8328
1005,JoXT1-1-1,JoXT1-1,1,S2019OR003009,14.7,41.5,43.8,,1.4,NA,3.006,NA,0.224,63.90932919,0.175111418,0.636991982,0.055847387,NA,0.374896323,0.206248272,NA,5.7,6.674527086,21.05641026,2.24,56.42923351,230.922449,NA,34.96,532.802836,7.734374828,NA,NA,,OR-003-SW-009A-WV0139-052919,19N03439,20,1005,Ap,0,5,JoXT1,1,5/29/2019,-123.33523,44.4319,Jory,NA,43,BAU - Christmas tree,BAU,CROP,Till,Christmas tree,"2-year-old Noble Fir trees planted one year ago. Site has been in Christmas trees since 1955. Used to rototill between rotations, but now limit tillage to some light discing. Left fallow for the summer before planting this crop, and some Sudan grass planted for a year before that.",AG-CROP,OSU9,OregonState,Jory,NA,NA,3.006,A,1.4,3.006,20,5,0.8,16.833599999999997
1006,JoXT1-1-2,JoXT1-1,2,S2019OR003009,15,41.3,43.7,,1.23,NA,3.085,NA,0.233,55.60327276,0.259974167,0.7,0.096944444,NA,0.392222222,0.210833333,NA,6.2,7.928677811,21.61976353,11.84084924,35.51905882,188.3988116,NA,29.54059406,565.9488008,7.795477683,NA,NA,,OR-003-SW-009A-WV0140-052919,19N03440,20,1006,Ap,5,10,JoXT1,1,5/29/2019,-123.33523,44.4319,Jory,NA,43,BAU - Christmas tree,BAU,CROP,Till,Christmas tree,"2-year-old Noble Fir trees planted one year ago. Site has been in Christmas trees since 1955. Used to rototill between rotations, but now limit tillage to some light discing. Left fallow for the summer before planting this crop, and some Sudan grass planted for a year before that.",AG-CROP,OSU9,OregonState,Jory,NA,NA,3.085,A,1.23,3.085,20,5,0.8,15.178200000000002
1007,JoXT1-1-3,JoXT1-1,3,S2019OR003009,14.9,40.4,44.7,,1.19,NA,2.719,NA,0.214,44.44486399,0.149074854,0.731355697,0.035486554,NA,0.473800943,0.222068201,NA,6.4,6.323874643,24.96025603,8.219061906,39.00720792,86.30964706,NA,8.283808369,407.8614394,7.529425669,NA,NA,,OR-003-SW-009A-WV0141-052919,19N03441,15,1007,Ap,10,25,JoXT1,1,5/29/2019,-123.33523,44.4319,Jory,NA,43,BAU - Christmas tree,BAU,CROP,Till,Christmas tree,"2-year-old Noble Fir trees planted one year ago. Site has been in Christmas trees since 1955. Used to rototill between rotations, but now limit tillage to some light discing. Left fallow for the summer before planting this crop, and some Sudan grass planted for a year before that.",AG-CROP,OSU9,OregonState,Jory,NA,NA,2.719,A,1.19,2.719,15,15,0.85,41.2540275
1008,JoXT1-1-4,JoXT1-1,4,S2019OR003009,14.4,40.8,44.8,,1.19,NA,2.037,NA,0.171,40.74723991,0.183442441,0.66518724,0.050762829,NA,0.567267684,0.047156727,NA,6.3,3.897347203,16.46447525,3.872792079,35.70395399,65.9009901,NA,23.56486275,207.5854658,5.623780379,NA,NA,,OR-003-SW-009A-WV0142-052919,19N03442,15,1008,AB,25,38,JoXT1,1,5/29/2019,-123.33523,44.4319,Jory,NA,43,BAU - Christmas tree,BAU,CROP,Till,Christmas tree,"2-year-old Noble Fir trees planted one year ago. Site has been in Christmas trees since 1955. Used to rototill between rotations, but now limit tillage to some light discing. Left fallow for the summer before planting this crop, and some Sudan grass planted for a year before that.",AG-CROP,OSU9,OregonState,Jory,NA,NA,2.037,AB,1.19,2.037,15,13,0.85,26.785531499999998
1009,JoXT1-1-5,JoXT1-1,5,S2019OR003009,14.9,39.7,45.4,,1.27,NA,0.911,NA,0.105,44.80614195,0.132200278,0.804450626,0.013908206,NA,0.71821975,0.07232267,NA,4.9,1.648140463,4.996040404,1.02970297,60.87041847,117.3342745,NA,7.128712871,100.6981372,1.55152969,NA,NA,,OR-003-SW-009A-WV0143-052919,19N03443,15,1009,Bt,38,69,JoXT1,1,5/29/2019,-123.33523,44.4319,Jory,NA,43,BAU - Christmas tree,BAU,CROP,Till,Christmas tree,"2-year-old Noble Fir trees planted one year ago. Site has been in Christmas trees since 1955. Used to rototill between rotations, but now limit tillage to some light discing. Left fallow for the summer before planting this crop, and some Sudan grass planted for a year before that.",AG-CROP,OSU9,OregonState,Jory,NA,NA,0.911,Bt,1.27,0.911,15,31,0.85,30.4861595
1010,JoXT1-1-6,JoXT1-1,6,S2019OR003009,12.8,29.8,57.4,,1.54,NA,0.55,NA,0.085,56.93881117,0.15479645,0.839988907,0.026899612,NA,0.665557404,0.147531891,NA,5.2,0.708231256,2.8,0.55239604,37.27835052,160.9496471,NA,-0.023362336,67.82384229,0.944320069,NA,NA,,OR-003-SW-009A-WV0144-052919,19N03444,15,1010,Bt,69,100,JoXT1,1,5/29/2019,-123.33523,44.4319,Jory,NA,43,BAU - Christmas tree,BAU,CROP,Till,Christmas tree,"2-year-old Noble Fir trees planted one year ago. Site has been in Christmas trees since 1955. Used to rototill between rotations, but now limit tillage to some light discing. Left fallow for the summer before planting this crop, and some Sudan grass planted for a year before that.",AG-CROP,OSU9,OregonState,Jory,NA,NA,0.55,Bt,1.54,0.55,15,31,0.85,22.318450000000002
1011,JoXT1-2-1,JoXT1-2,1,S2019OR003009,NA,NA,NA,,1.4,NA,3.448,NA,0.25,48.82202791,0.187402222,0.641944444,0.062777778,NA,0.358055556,0.221111111,NA,NA,5.629279317,30.518666670000002,3.788190476,28.41212121,93.63137255,NA,1.116092969,497.0820066,9.865336896,NA,NA,,OR-003-SW-009B-WV0145-052919,,NA,1011,Ap,0,5,JoXT1,2,5/29/2019,-123.33533,44.4318,Jory,NA,43,BAU - Christmas tree,BAU,CROP,Till,Christmas tree,"2-year-old Noble Fir trees planted one year ago. Site has been in Christmas trees since 1955. Used to rototill between rotations, but now limit tillage to some light discing. Left fallow for the summer before planting this crop, and some Sudan grass planted for a year before that.",AG-CROP,OSU9,OregonState,Jory,NA,NA,3.448,A,1.4,3.448,0,5,1,24.135999999999996
1012,JoXT1-2-2,JoXT1-2,2,S2019OR003009,NA,NA,NA,,1.23,NA,3.57,NA,0.261,51.54525138,0.19834785,0.682385576,0.066019417,NA,0.38668515999999997,0.229680999,NA,NA,7.427409601,36.2291134,10.1958042,39.76740602,138.8931905,NA,7.449177729,585.6026808,9.816963802,NA,NA,,OR-003-SW-009B-WV-0146-052919,,NA,1012,Ap,5,10,JoXT1,2,5/29/2019,-123.33533,44.4318,Jory,NA,43,BAU - Christmas tree,BAU,CROP,Till,Christmas tree,"2-year-old Noble Fir trees planted one year ago. Site has been in Christmas trees since 1955. Used to rototill between rotations, but now limit tillage to some light discing. Left fallow for the summer before planting this crop, and some Sudan grass planted for a year before that.",AG-CROP,OSU9,OregonState,Jory,NA,NA,3.57,A,1.23,3.57,0,5,1,21.9555
1013,JoXT1-2-3,JoXT1-2,3,S2019OR003009,NA,NA,NA,,1.19,NA,3.161,NA,0.242,46.55698508,0.169872022,0.738227147,0.045429363,NA,0.486149584,0.206648199,NA,NA,4.773657195,25.36,4.595137255,34.42424242,103.9405253,NA,4.238879552,434.2495957,9.38160596,NA,NA,,OR-003-SW-009B-WV-0147-052919,,NA,1013,Ap,10,25,JoXT1,2,5/29/2019,-123.33533,44.4318,Jory,NA,43,BAU - Christmas tree,BAU,CROP,Till,Christmas tree,"2-year-old Noble Fir trees planted one year ago. Site has been in Christmas trees since 1955. Used to rototill between rotations, but now limit tillage to some light discing. Left fallow for the summer before planting this crop, and some Sudan grass planted for a year before that.",AG-CROP,OSU9,OregonState,Jory,NA,NA,3.161,A,1.19,3.161,0,15,1,56.42385
1014,JoXT1-2-4,JoXT1-2,4,S2019OR003009,NA,NA,NA,,1.19,NA,2.452,NA,0.197,42.56225028,0.355014996,0.740349903,0.144404332,NA,0.397945015,0.198000555,NA,NA,6.181320549,12.48878431,3.20760396,64.48924193,67.51809901,NA,18.06185567,281.6564848,6.760548077,NA,NA,,OR-003-SW-009B-WV-0148-052919,,NA,1014,AB,25,38,JoXT1,2,5/29/2019,-123.33533,44.4318,Jory,NA,43,BAU - Christmas tree,BAU,CROP,Till,Christmas tree,"2-year-old Noble Fir trees planted one year ago. Site has been in Christmas trees since 1955. Used to rototill between rotations, but now limit tillage to some light discing. Left fallow for the summer before planting this crop, and some Sudan grass planted for a year before that.",AG-CROP,OSU9,OregonState,Jory,NA,NA,2.452,AB,1.19,2.452,0,13,1,37.93244
1015,JoXT1-2-5,JoXT1-2,5,S2019OR003009,NA,NA,NA,,1.27,NA,1.492,NA,0.139,49.06151436,0.207442377,0.688142183,0.064148848,NA,0.529575118,0.094418217,NA,NA,2.054776022,5.28,0.287633469,52.79031049,56.47524752,NA,2.61130113,134.6646258,3.346426055,NA,NA,,OR-003-SW-009B-WV-0149-052919,,NA,1015,Bt,38,69,JoXT1,2,5/29/2019,-123.33533,44.4318,Jory,NA,43,BAU - Christmas tree,BAU,CROP,Till,Christmas tree,"2-year-old Noble Fir trees planted one year ago. Site has been in Christmas trees since 1955. Used to rototill between rotations, but now limit tillage to some light discing. Left fallow for the summer before planting this crop, and some Sudan grass planted for a year before that.",AG-CROP,OSU9,OregonState,Jory,NA,NA,1.492,Bt,1.27,1.492,0,31,1,58.74004
1016,JoXT1-2-6,JoXT1-2,6,S2019OR003009,NA,NA,NA,,1.54,NA,0.723,NA,0.099,62.30584036,0.176664355,0.778363384,0.040221914,NA,0.65631068,0.081830791,NA,NA,1.114553923,0.696229623,0.482059406,56.71041046,108.3162716,NA,4.515059632,61.00613328,0.643897698,NA,NA,,OR-003-SW-009B-WV-0150-052919,,NA,1016,Bt,69,100,JoXT1,2,5/29/2019,-123.33533,44.4318,Jory,NA,43,BAU - Christmas tree,BAU,CROP,Till,Christmas tree,"2-year-old Noble Fir trees planted one year ago. Site has been in Christmas trees since 1955. Used to rototill between rotations, but now limit tillage to some light discing. Left fallow for the summer before planting this crop, and some Sudan grass planted for a year before that.",AG-CROP,OSU9,OregonState,Jory,NA,NA,0.723,Bt,1.54,0.723,0,31,1,34.516020000000005
1017,JoXT1-3-1,JoXT1-3,1,S2019OR003009,NA,NA,NA,,1.4,NA,3.583,NA,0.259,60.45311755,0.527231816,0.720710716,0.23431427,NA,0.377290394,0.109106052,NA,NA,9.396852884,39.9571644,9.157278351,45.45982272,93.12925646,NA,6.866854108,611.6674028,9.463076434,NA,NA,,OR-003-SW-009C-WV-0151-052919,,NA,1017,Ap,0,5,JoXT1,3,5/29/2019,-123.33503,44.4316,Jory,NA,43,BAU - Christmas tree,BAU,CROP,Till,Christmas tree,"2-year-old Noble Fir trees planted one year ago. Site has been in Christmas trees since 1955. Used to rototill between rotations, but now limit tillage to some light discing. Left fallow for the summer before planting this crop, and some Sudan grass planted for a year before that.",AG-CROP,OSU9,OregonState,Jory,NA,NA,3.583,A,1.4,3.583,0,5,1,25.080999999999996
1018,JoXT1-3-2,JoXT1-3,2,S2019OR003009,NA,NA,NA,,1.23,NA,3.585,NA,0.269,60.80404299,0.379926585,0.703003337,0.158787542,NA,0.385150167,0.159065628,NA,NA,11.61687039,35.34693878,15.26030769,16.47888595,111.9527859,NA,4.609029066,710.5307338,8.023340413,NA,NA,,OR-003-SW-009C-WV-0152-052919,,NA,1018,Ap,5,10,JoXT1,3,5/29/2019,-123.33503,44.4316,Jory,NA,43,BAU - Christmas tree,BAU,CROP,Till,Christmas tree,"2-year-old Noble Fir trees planted one year ago. Site has been in Christmas trees since 1955. Used to rototill between rotations, but now limit tillage to some light discing. Left fallow for the summer before planting this crop, and some Sudan grass planted for a year before that.",AG-CROP,OSU9,OregonState,Jory,NA,NA,3.585,A,1.23,3.585,0,5,1,22.04775
1019,JoXT1-3-3,JoXT1-3,3,S2019OR003009,NA,NA,NA,,1.19,NA,3.648,NA,0.265,50.50631023,0.115305,0.65,0.0225,NA,0.425833333,0.201666667,NA,NA,13.11270192,24.3960396,5.939485149,65.02905638,86.33663366,NA,5.265834819,629.101993,7.939323988,NA,NA,,OR-003-SW-009C-WV-0153-052919,,NA,1019,Ap,10,25,JoXT1,3,5/29/2019,-123.33503,44.4316,Jory,NA,43,BAU - Christmas tree,BAU,CROP,Till,Christmas tree,"2-year-old Noble Fir trees planted one year ago. Site has been in Christmas trees since 1955. Used to rototill between rotations, but now limit tillage to some light discing. Left fallow for the summer before planting this crop, and some Sudan grass planted for a year before that.",AG-CROP,OSU9,OregonState,Jory,NA,NA,3.648,A,1.19,3.648,0,15,1,65.1168
1020,JoXT1-3-4,JoXT1-3,4,S2019OR003009,NA,NA,NA,,1.19,NA,2.514,NA,0.2,29.05509837,0.135000555,0.612437535,0.036923931,NA,0.352304275,0.223209328,NA,NA,5.966925065,21.42526733,3.247524752,31.82012121,79.30472727,NA,6.664565657,312.3530546,6.108784291,NA,NA,,OR-003-SW-009C-WV-0154-052919,,NA,1020,AB,25,38,JoXT1,3,5/29/2019,-123.33503,44.4316,Jory,NA,43,BAU - Christmas tree,BAU,CROP,Till,Christmas tree,"2-year-old Noble Fir trees planted one year ago. Site has been in Christmas trees since 1955. Used to rototill between rotations, but now limit tillage to some light discing. Left fallow for the summer before planting this crop, and some Sudan grass planted for a year before that.",AG-CROP,OSU9,OregonState,Jory,NA,NA,2.514,AB,1.19,2.514,0,13,1,38.89157999999999
1021,JoXT1-3-5,JoXT1-3,5,S2019OR003009,NA,NA,NA,,1.27,NA,1.19,NA,0.119,34.59720658,0.108859839,0.598945323,0.018040522,NA,0.482653344,0.098251457,NA,NA,1.610125,3.28,0.707110711,30.26366637,77.24625743,NA,6.612244898,134.9890097,2.189290739,NA,NA,,OR-003-SW-009C-WV-0155-052919,,NA,1021,Bt,38,69,JoXT1,3,5/29/2019,-123.33503,44.4316,Jory,NA,43,BAU - Christmas tree,BAU,CROP,Till,Christmas tree,"2-year-old Noble Fir trees planted one year ago. Site has been in Christmas trees since 1955. Used to rototill between rotations, but now limit tillage to some light discing. Left fallow for the summer before planting this crop, and some Sudan grass planted for a year before that.",AG-CROP,OSU9,OregonState,Jory,NA,NA,1.19,Bt,1.27,1.19,0,31,1,46.8503
1022,JoXT1-3-6,JoXT1-3,6,S2019OR003009,NA,NA,NA,,1.54,NA,0.58,NA,0.074,42.66667896,0.094053675,0.57968621,0.013487476,NA,0.426094137,0.140104597,NA,NA,0.910689105,2.8,0.475247525,34.69027373,163.5582745,NA,3.333036977,72.28625443,0.42876473,NA,NA,,OR-003-SW-009C-WV-0156-052919,,NA,1022,Bt,69,100,JoXT1,3,5/29/2019,-123.33503,44.4316,Jory,NA,43,BAU - Christmas tree,BAU,CROP,Till,Christmas tree,"2-year-old Noble Fir trees planted one year ago. Site has been in Christmas trees since 1955. Used to rototill between rotations, but now limit tillage to some light discing. Left fallow for the summer before planting this crop, and some Sudan grass planted for a year before that.",AG-CROP,OSU9,OregonState,Jory,NA,NA,0.58,Bt,1.54,0.58,0,31,1,27.6892
1053,JoXT2-1-1,JoXT2-1,1,S2019OR053012,14.2,48.2,37.6,,1.29,NA,2.563,NA,0.216,25.30373648,NA,0.509585996,0.021950542,NA,0.303695471,0.183939983,NA,5,4.307902008,18.14575734,5.959183673,10.45116768,468.9959435,NA,4.894060606,315.2911617,6.828015813,NA,NA,,OR-053-SW-012A-WV-0187-062819,19N03461,20,1053,Ap,0,5,JoXT2,1,6/28/2019,-123.13708,45.04997,Jory,NA,44,BAU - Christmas tree,BAU,CROP,Till,Christmas tree,"9 years planted in noble fir. Prior to planting, was tilled to 25 cm, limed, and left fallow for 1 year with a sudangrass cover crop.",AG-CROP,OSU12,OregonState,Jory,NA,NA,2.563,A,1.29,2.563,20,5,0.8,13.225080000000004
1054,JoXT2-1-2,JoXT2-1,2,S2019OR053012,14.2,48,37.8,,1.25,NA,2.447,NA,0.2,34.89037683,NA,0.633861551,0.036697248,NA,0.335835418,0.261328885,NA,5.2,4.806548045,17.18828866,18.82710204,6.72,105.6808081,NA,1.251099228,372.424254,6.376109281,NA,NA,,OR-053-SW-012A-WV-0188-062819,19N03462,20,1054,Ap,5,10,JoXT2,1,6/28/2019,-123.13708,45.04997,Jory,NA,44,BAU - Christmas tree,BAU,CROP,Till,Christmas tree,"9 years planted in noble fir. Prior to planting, was tilled to 25 cm, limed, and left fallow for 1 year with a sudangrass cover crop.",AG-CROP,OSU12,OregonState,Jory,NA,NA,2.447,A,1.25,2.447,20,5,0.8,12.235
1055,JoXT2-1-3,JoXT2-1,3,S2019OR053012,14.3,47.3,38.4,,1.31,NA,2.466,NA,0.205,10.01602006,NA,0.691004997,0.20377568,NA,0.305941144,0.181288173,NA,5.3,4.487105954,19.84,5.254901961,1.69004329,93.11889109,NA,3.324371134,391.0215513,5.880921561,NA,NA,,OR-053-SW-012A-WV-0189-062819,19N03463,24,1055,Ap,10,24,JoXT2,1,6/28/2019,-123.13708,45.04997,Jory,NA,44,BAU - Christmas tree,BAU,CROP,Till,Christmas tree,"9 years planted in noble fir. Prior to planting, was tilled to 25 cm, limed, and left fallow for 1 year with a sudangrass cover crop.",AG-CROP,OSU12,OregonState,Jory,NA,NA,2.466,A,1.31,2.466,24,14,0.76,34.3720944
1056,JoXT2-1-4,JoXT2-1,4,S2019OR053012,13.1,43.5,43.4,,1.33,NA,2.045,NA,0.184,58.40753768,NA,0.703415718,0.058872535,NA,0.430713691,0.213829492,NA,5.2,4.578822499,16.08,3.96039604,-2.317442466,70.8920492,NA,-0.527353535,94.91339967,3.925630201,NA,NA,,OR-053-SW-012A-WV-0190-062819,19N03464,18,1056,Bt,24,57,JoXT2,1,6/28/2019,-123.13708,45.04997,Jory,NA,44,BAU - Christmas tree,BAU,CROP,Till,Christmas tree,"9 years planted in noble fir. Prior to planting, was tilled to 25 cm, limed, and left fallow for 1 year with a sudangrass cover crop.",AG-CROP,OSU12,OregonState,Jory,NA,NA,2.045,Bt,1.33,2.045,18,33,0.8200000000000001,73.599141
1057,JoXT2-1-5,JoXT2-1,5,S2019OR053012,12.9,41.8,45.3,,1.4,NA,1.22,NA,0.118,35.29961578,NA,0.850638534,0.02193226,NA,0.655746807,0.172959467,NA,5.5,2.631512542,7.52,2.178015449,35.44770477,80.92745275,NA,10.18935574,138.7397101,2.088725623,NA,NA,,OR-053-SW-012A-WV-0191-062819,19N03465,29,1057,Bt,57,75,JoXT2,1,6/28/2019,-123.13708,45.04997,Jory,NA,44,BAU - Christmas tree,BAU,CROP,Till,Christmas tree,"9 years planted in noble fir. Prior to planting, was tilled to 25 cm, limed, and left fallow for 1 year with a sudangrass cover crop.",AG-CROP,OSU12,OregonState,Jory,NA,NA,1.22,Bt,1.4,1.22,29,18,0.71,21.828239999999997
1058,JoXT2-1-6,JoXT2-1,6,S2019OR053012,14.1,37.9,48,,1.4,NA,0.64,NA,0.092,26.79277172,NA,0.728761799,0.013048306,NA,0.567740144,0.147973348,NA,5.6,1.075496511,3.28,1.447215686,14.17849079,133.68,NA,3.270062264,245.284071,1.308391246,NA,NA,,OR-053-SW-012A-WV-0192-062819,19N03466,15,1058,Bt,75,100,JoXT2,1,6/28/2019,-123.13708,45.04997,Jory,NA,44,BAU - Christmas tree,BAU,CROP,Till,Christmas tree,"9 years planted in noble fir. Prior to planting, was tilled to 25 cm, limed, and left fallow for 1 year with a sudangrass cover crop.",AG-CROP,OSU12,OregonState,Jory,NA,NA,0.64,Bt,1.4,0.64,15,25,0.85,19.04
1059,JoXT2-2-1,JoXT2-2,1,S2019OR053012,NA,NA,NA,,1.29,NA,2.373,NA,0.208,19.88462314,NA,0.578918169,0.046601942,NA,0.343411928,0.1889043,NA,NA,3.377224892,18.21782178,5.280095068,32.70353398,99.104,NA,0.205575758,339.2398845,5.431560981,NA,NA,,OR-053-SW-012B-WV-0193-062819,,NA,1059,Ap,0,5,JoXT2,2,6/28/2019,-123.13718,45.04987,Jory,NA,44,BAU - Christmas tree,BAU,CROP,Till,Christmas tree,"9 years planted in noble fir. Prior to planting, was tilled to 25 cm, limed, and left fallow for 1 year with a sudangrass cover crop.",AG-CROP,OSU12,OregonState,Jory,NA,NA,2.373,A,1.29,2.373,0,5,1,15.305850000000001
1060,JoXT2-2-2,JoXT2-2,2,S2019OR053012,NA,NA,NA,,1.25,NA,2.223,NA,0.198,27.8807221,NA,0.682310469,0.053318523,NA,0.40016662,0.228825326,NA,NA,3.695157269,18.99845514,21.83418653,6.798811646,124.6413829,NA,-0.69764491,380.1081098,4.655045533,NA,NA,,OR-053-SW-012B-WV-0194-062819,,NA,1060,Ap,5,10,JoXT2,2,6/28/2019,-123.13718,45.04987,Jory,NA,44,BAU - Christmas tree,BAU,CROP,Till,Christmas tree,"9 years planted in noble fir. Prior to planting, was tilled to 25 cm, limed, and left fallow for 1 year with a sudangrass cover crop.",AG-CROP,OSU12,OregonState,Jory,NA,NA,2.223,A,1.25,2.223,0,5,1,13.893749999999997
1061,JoXT2-2-3,JoXT2-2,3,S2019OR053012,NA,NA,NA,,1.31,NA,2.244,NA,0.191,37.59126715,NA,0.734665556,0.086594505,NA,0.460172079,0.187898973,NA,NA,5.430257161,16.8,4.90249505,-8.668918657,118.1333333,NA,5.960784314,367.7468461,4.15731186,NA,NA,,OR-053-SW-012B-WV-0195-062819,,NA,1061,Ap,10,24,JoXT2,2,6/28/2019,-123.13718,45.04987,Jory,NA,44,BAU - Christmas tree,BAU,CROP,Till,Christmas tree,"9 years planted in noble fir. Prior to planting, was tilled to 25 cm, limed, and left fallow for 1 year with a sudangrass cover crop.",AG-CROP,OSU12,OregonState,Jory,NA,NA,2.244,A,1.31,2.244,0,14,1,41.15496
1062,JoXT2-2-4,JoXT2-2,4,S2019OR053012,NA,NA,NA,,1.33,NA,1.805,NA,0.162,36.07560152,NA,0.686944444,0.030833333,NA,0.464722222,0.191388889,NA,NA,4.289400279,9.616161616,2.845465347,1.031245283,69.46534653,NA,0.672589036,259.074264,3.481361526,NA,NA,,OR-053-SW-012B-WV-0196-062819,,NA,1062,Bt,24,57,JoXT2,2,6/28/2019,-123.13718,45.04987,Jory,NA,44,BAU - Christmas tree,BAU,CROP,Till,Christmas tree,"9 years planted in noble fir. Prior to planting, was tilled to 25 cm, limed, and left fallow for 1 year with a sudangrass cover crop.",AG-CROP,OSU12,OregonState,Jory,NA,NA,1.805,Bt,1.33,1.805,0,33,1,79.22145
1063,JoXT2-2-5,JoXT2-2,5,S2019OR053012,NA,NA,NA,,1.4,NA,1.548,NA,0.111,34.680977,NA,0.7825,0.032777778,NA,0.595277778,0.154444444,NA,NA,2.229332918,7.366336634,0.660706071,6.16839604,64.92141176,NA,5.04,192.0362347,2.296220735,NA,NA,,OR-053-SW-012B-WV-0197-062819,,NA,1063,Bt,57,75,JoXT2,2,6/28/2019,-123.13718,45.04987,Jory,NA,44,BAU - Christmas tree,BAU,CROP,Till,Christmas tree,"9 years planted in noble fir. Prior to planting, was tilled to 25 cm, limed, and left fallow for 1 year with a sudangrass cover crop.",AG-CROP,OSU12,OregonState,Jory,NA,NA,1.548,Bt,1.4,1.548,0,18,1,39.0096
1064,JoXT2-2-6,JoXT2-2,6,S2019OR053012,NA,NA,NA,,1.4,NA,0.682,NA,0.088,24.16224736,NA,0.720833333,0.018888889,NA,0.510555556,0.191388889,NA,NA,1.667573348,4.848484848,1.725490196,9.742574257,113.8005048,NA,5.686008601,70.17070425,1.596083855,NA,NA,,OR-053-SW-012B-WV-0198-062819,,NA,1064,Bt,75,100,JoXT2,2,6/28/2019,-123.13718,45.04987,Jory,NA,44,BAU - Christmas tree,BAU,CROP,Till,Christmas tree,"9 years planted in noble fir. Prior to planting, was tilled to 25 cm, limed, and left fallow for 1 year with a sudangrass cover crop.",AG-CROP,OSU12,OregonState,Jory,NA,NA,0.682,Bt,1.4,0.682,0,25,1,23.87
1065,JoXT2-3-1,JoXT2-3,1,S2019OR053012,NA,NA,NA,,1.29,NA,2.525,NA,0.198,34.68065626,NA,0.577061927,0.042765898,NA,0.35212441,0.182171619,NA,NA,4.88890263,14.94964706,35.10733778,32.31410526,119.9969541,NA,3.35049505,363.812113,6.316279402,NA,NA,,OR-053-SW-012C-WV-0199-062819,,NA,1065,Ap,0,5,JoXT2,3,6/28/2019,-123.13688,45.04997,Jory,NA,44,BAU - Christmas tree,BAU,CROP,Till,Christmas tree,"9 years planted in noble fir. Prior to planting, was tilled to 25 cm, limed, and left fallow for 1 year with a sudangrass cover crop.",AG-CROP,OSU12,OregonState,Jory,NA,NA,2.525,A,1.29,2.525,0,5,1,16.28625
1066,JoXT2-3-2,JoXT2-3,2,S2019OR053012,NA,NA,NA,,1.25,NA,2.428,NA,0.195,40.89224241,NA,0.59800111,0.045807885,NA,0.343420322,0.208772904,NA,NA,3.994516528,21.40812285,6.226724052,20.66380308,123.4117851,NA,-0.926845361,407.0711364,6.206803454,NA,NA,,OR-053-SW-012C-WV-0200-062819,,NA,1066,Ap,5,10,JoXT2,3,6/28/2019,-123.13688,45.04997,Jory,NA,44,BAU - Christmas tree,BAU,CROP,Till,Christmas tree,"9 years planted in noble fir. Prior to planting, was tilled to 25 cm, limed, and left fallow for 1 year with a sudangrass cover crop.",AG-CROP,OSU12,OregonState,Jory,NA,NA,2.428,A,1.25,2.428,0,5,1,15.175
1067,JoXT2-3-3,JoXT2-3,3,S2019OR053012,NA,NA,NA,,1.31,NA,2.117,NA,0.135,29.8454464,NA,0.656206609,0.044987503,NA,0.36961955,0.241599556,NA,NA,2.45157862,12.03960396,3.36,25.86849869,119.2161584,NA,9.913237113,336.2312769,4.57993994,NA,NA,,OR-053-SW-012C-WV-0201-062819,,NA,1067,Ap,10,24,JoXT2,3,6/28/2019,-123.13688,45.04997,Jory,NA,44,BAU - Christmas tree,BAU,CROP,Till,Christmas tree,"9 years planted in noble fir. Prior to planting, was tilled to 25 cm, limed, and left fallow for 1 year with a sudangrass cover crop.",AG-CROP,OSU12,OregonState,Jory,NA,NA,2.117,A,1.31,2.117,0,14,1,38.82578
1068,JoXT2-3-4,JoXT2-3,4,S2019OR053012,NA,NA,NA,,1.33,NA,1.468,NA,0.132,34.31295326,NA,0.775215338,0.057238122,NA,0.534592942,0.183384273,NA,NA,2.990321969,12.90106931,3.558336634,20.5330033,91.34447525,NA,5.173502092,240.6923017,3.397345101,NA,NA,,OR-053-SW-012C-WV-0202-062819,,NA,1068,Bt,24,57,JoXT2,3,6/28/2019,-123.13688,45.04997,Jory,NA,44,BAU - Christmas tree,BAU,CROP,Till,Christmas tree,"9 years planted in noble fir. Prior to planting, was tilled to 25 cm, limed, and left fallow for 1 year with a sudangrass cover crop.",AG-CROP,OSU12,OregonState,Jory,NA,NA,1.468,Bt,1.33,1.468,0,33,1,64.43052
1069,JoXT2-3-5,JoXT2-3,5,S2019OR053012,NA,NA,NA,,1.4,NA,0.892,NA,0.095,39.89504319,NA,0.765703168,0.002779322,NA,0.57504169,0.187882157,NA,NA,1.589871896,1.566257426,1.645039798,1.04,56.9319604,NA,11.36,160.9026244,1.705559804,NA,NA,,OR-053-SW-012C-WV-0203-062819,,NA,1069,Bt,57,75,JoXT2,3,6/28/2019,-123.13688,45.04997,Jory,NA,44,BAU - Christmas tree,BAU,CROP,Till,Christmas tree,"9 years planted in noble fir. Prior to planting, was tilled to 25 cm, limed, and left fallow for 1 year with a sudangrass cover crop.",AG-CROP,OSU12,OregonState,Jory,NA,NA,0.892,Bt,1.4,0.892,0,18,1,22.478399999999997
1070,JoXT2-3-6,JoXT2-3,6,S2019OR053012,NA,NA,NA,,1.4,NA,0.589,NA,0.069,22.62660831,NA,0.817727146,0.031119755,NA,0.621005835,0.165601556,NA,NA,0.69200585,1.694732673,1.481639929,8.408163265,60.58779798,NA,9.641382097,122.8933633,1.304572318,NA,NA,,OR-053-SW-012C-WV-0204-062819,,NA,1070,Bt,75,100,JoXT2,3,6/28/2019,-123.13688,45.04997,Jory,NA,44,BAU - Christmas tree,BAU,CROP,Till,Christmas tree,"9 years planted in noble fir. Prior to planting, was tilled to 25 cm, limed, and left fallow for 1 year with a sudangrass cover crop.",AG-CROP,OSU12,OregonState,Jory,NA,NA,0.589,Bt,1.4,0.589,0,25,1,20.615
1071,JoXT3-1-1,JoXT3-1,1,S2019OR047013,22.8,39.6,37.6,,1.2,NA,2.663,NA,0.209,57.86721745,NA,0.575673424,0.069147459,NA,0.408219939,0.098306026,NA,5.6,5.666830346,30.67825424,5.146839299,9.725490196,240.7306139,NA,4.659712157,499.9978523,5.656877759,NA,NA,,OR-047-SW-013A-WV-0205-070119,19N03468,15,1071,Ap,0,5,JoXT3,1,7/1/2019,-122.90909,44.910377,Jory,NA,45,BAU - Christmas tree,BAU,CROP,Till,Christmas tree,"Property bought in 2015 by landowner, planted in noble fir in 2016 at the location of the pit. Some grand fir and Douglas-fir observed in other parts of plot.",AG-CROP,OSU13,OregonState,Jory,NA,NA,2.663,A,1.2,2.663,15,5,0.85,13.581299999999999
1072,JoXT3-1-2,JoXT3-1,2,S2019OR047013,20.8,39.5,39.7,,1.43,NA,2.573,NA,0.198,58.83447905,NA,0.589886079,0.114754098,NA,0.329813837,0.145318144,NA,5.6,4.414259711,43.10204082,8.314666667,10.34738144,126.6006601,NA,-0.155339806,557.6058381,5.795632159,NA,NA,,OR-047-SW-013A-WV-0206-070119,19N03469,15,1072,Ap,5,10,JoXT3,1,7/1/2019,-122.90909,44.910377,Jory,NA,45,BAU - Christmas tree,BAU,CROP,Till,Christmas tree,"Property bought in 2015 by landowner, planted in noble fir in 2016 at the location of the pit. Some grand fir and Douglas-fir observed in other parts of plot.",AG-CROP,OSU13,OregonState,Jory,NA,NA,2.573,A,1.43,2.573,15,5,0.85,15.637407499999997
1073,JoXT3-1-3,JoXT3-1,3,S2019OR047013,21.1,38,40.9,,1.42,NA,2.195,NA,0.176,44.24845532,NA,0.386559289,0.074701472,NA,0.254651486,0.057206332,NA,5.6,6.440331831,34.64,6.009821782,14.62626263,102.7180606,NA,5.714285714,364.2078827,5.179511704,NA,NA,,OR-047-SW-013A-WV-0207-070119,19N03470,20,1073,Ap,10,28,JoXT3,1,7/1/2019,-122.90909,44.910377,Jory,NA,45,BAU - Christmas tree,BAU,CROP,Till,Christmas tree,"Property bought in 2015 by landowner, planted in noble fir in 2016 at the location of the pit. Some grand fir and Douglas-fir observed in other parts of plot.",AG-CROP,OSU13,OregonState,Jory,NA,NA,2.195,A,1.42,2.195,20,18,0.8,44.88336
1074,JoXT3-1-4,JoXT3-1,4,S2019OR047013,19.2,35.9,44.9,,1.26,NA,1.197,NA,0.105,48.85490335,NA,0.426548181,0.022493752,NA,0.326853652,0.077200778,NA,5.8,2.513630424,12.31725253,2.776625898,20.84752475,91.1529553,NA,16.15039418,107.6817262,1.995798365,NA,NA,,OR-047-SW-013A-WV-0208-070119,19N03471,20,1074,AB,28,60,JoXT3,1,7/1/2019,-122.90909,44.910377,Jory,NA,45,BAU - Christmas tree,BAU,CROP,Till,Christmas tree,"Property bought in 2015 by landowner, planted in noble fir in 2016 at the location of the pit. Some grand fir and Douglas-fir observed in other parts of plot.",AG-CROP,OSU13,OregonState,Jory,NA,NA,1.197,AB,1.26,1.197,20,32,0.8,38.610432
1075,JoXT3-1-5,JoXT3-1,5,S2019OR047013,36.6,25.7,37.7,,1.21,NA,0.693,NA,0.061,57.75486505,NA,0.455555556,0.024444444,NA,0.347222222,0.083888889,NA,5.6,1.703029809,4.652990099,0.132323821,1.87755102,1093.32145,NA,4.981877551,177.9700883,1.11235292,NA,NA,,OR-047-SW-013A-WV-0209-070119,19N03472,25,1075,BCt,60,100,JoXT3,1,7/1/2019,-122.90909,44.910377,Jory,NA,45,BAU - Christmas tree,BAU,CROP,Till,Christmas tree,"Property bought in 2015 by landowner, planted in noble fir in 2016 at the location of the pit. Some grand fir and Douglas-fir observed in other parts of plot.",AG-CROP,OSU13,OregonState,Jory,NA,NA,0.693,Bt,1.21,0.693,25,40,0.75,25.155899999999995
1076,JoXT3-2-1,JoXT3-2,1,S2019OR047013,NA,NA,NA,,1.2,NA,2.702,NA,0.216,53.19704713,NA,0.42154957,0.034157179,NA,0.289086365,0.098306026,NA,NA,5.915125045,28.51363265,6.607226504,4.602455446,161.424,NA,0.54368932,462.8991678,4.345712329,NA,NA,,OR-047-SW-013B-WV-0210-070119,,NA,1076,Ap,0,5,JoXT3,2,7/1/2019,-122.90899,44.910277,Jory,NA,45,BAU - Christmas tree,BAU,CROP,Till,Christmas tree,"Property bought in 2015 by landowner, planted in noble fir in 2016 at the location of the pit. Some grand fir and Douglas-fir observed in other parts of plot.",AG-CROP,OSU13,OregonState,Jory,NA,NA,2.702,A,1.2,2.702,0,5,1,16.212
1077,JoXT3-2-2,JoXT3-2,2,S2019OR047013,NA,NA,NA,,1.43,NA,2.755,NA,0.205,46.80722601,NA,0.455126424,0.063628786,NA,0.359822173,0.031675465,NA,NA,5.538325871,40.70577778,24.99882805,49.05786579,181.9850126,NA,5.58519852,482.3645241,5.677245377,NA,NA,,OR-047-SW-013B-WV-0211-070119,,NA,1077,Ap,5,10,JoXT3,2,7/1/2019,-122.90899,44.910277,Jory,NA,45,BAU - Christmas tree,BAU,CROP,Till,Christmas tree,"Property bought in 2015 by landowner, planted in noble fir in 2016 at the location of the pit. Some grand fir and Douglas-fir observed in other parts of plot.",AG-CROP,OSU13,OregonState,Jory,NA,NA,2.755,A,1.43,2.755,0,5,1,19.698249999999998
1078,JoXT3-2-3,JoXT3-2,3,S2019OR047013,NA,NA,NA,,1.42,NA,2.215,NA,0.174,59.94704426,NA,0.486388889,0.057777778,NA,0.346944444,0.081666667,NA,NA,6.953418948,20.96,3.529411765,52.55414483,41.41427451,NA,-34.81219181,366.9088202,3.643029497,NA,NA,,OR-047-SW-013B-WV-0212-070119,,NA,1078,Ap,10,28,JoXT3,2,7/1/2019,-122.90899,44.910277,Jory,NA,45,BAU - Christmas tree,BAU,CROP,Till,Christmas tree,"Property bought in 2015 by landowner, planted in noble fir in 2016 at the location of the pit. Some grand fir and Douglas-fir observed in other parts of plot.",AG-CROP,OSU13,OregonState,Jory,NA,NA,2.215,A,1.42,2.215,0,18,1,56.615399999999994
1079,JoXT3-2-4,JoXT3-2,4,S2019OR047013,NA,NA,NA,,1.26,NA,1.439,NA,0.119,46.42439816,NA,0.523333333,0.033055556,NA,0.420277778,0.07,NA,NA,3.312321941,8.510383838,1.818138614,25.87563025,58.71643164,NA,14.99767907,176.2437581,1.56807838,NA,NA,,OR-047-SW-013B-WV-0213-070119,,NA,1079,AB,28,60,JoXT3,2,7/1/2019,-122.90899,44.910277,Jory,NA,45,BAU - Christmas tree,BAU,CROP,Till,Christmas tree,"Property bought in 2015 by landowner, planted in noble fir in 2016 at the location of the pit. Some grand fir and Douglas-fir observed in other parts of plot.",AG-CROP,OSU13,OregonState,Jory,NA,NA,1.439,AB,1.26,1.439,0,32,1,58.02048
1080,JoXT3-2-5,JoXT3-2,5,S2019OR047013,NA,NA,NA,,1.21,NA,0.286,NA,0.042,72.70678129,NA,0.549014163,0.264648709,NA,0.272702027,0.011663427,NA,NA,0.917221825,0.08,3.687225193,16.42760784,1417.372627,NA,9.696627451,65.90116378,-0.500507856,NA,NA,,OR-047-SW-013B-WV-0214-070119,,NA,1080,BCt,60,100,JoXT3,2,7/1/2019,-122.90899,44.910277,Jory,NA,45,BAU - Christmas tree,BAU,CROP,Till,Christmas tree,"Property bought in 2015 by landowner, planted in noble fir in 2016 at the location of the pit. Some grand fir and Douglas-fir observed in other parts of plot.",AG-CROP,OSU13,OregonState,Jory,NA,NA,0.286,Bt,1.21,0.286,0,40,1,13.8424
1081,JoXT3-3-1,JoXT3-3,1,S2019OR047013,NA,NA,NA,,1.2,NA,2.676,NA,0.213,54.1044567,NA,0.41400389,0.008613504,NA,0.338983051,0.066407335,NA,NA,6.464816912,34.12486025,5.696006406,21.02444857,483.1892277,NA,0.181493957,505.290954,5.457020504,NA,NA,,OR-047-SW-013C-WV-0215-070119,,NA,1081,Ap,0,5,JoXT3,3,7/1/2019,-122.90889,44.910077,Jory,NA,45,BAU - Christmas tree,BAU,CROP,Till,Christmas tree,"Property bought in 2015 by landowner, planted in noble fir in 2016 at the location of the pit. Some grand fir and Douglas-fir observed in other parts of plot.",AG-CROP,OSU13,OregonState,Jory,NA,NA,2.676,A,1.2,2.676,0,5,1,16.056
1082,JoXT3-3-2,JoXT3-3,2,S2019OR047013,NA,NA,NA,,1.43,NA,2.753,NA,0.212,56.71411691,NA,0.461517088,0.17310364,NA,0.258960822,0.029452626,NA,NA,7.809187966,20.33961417,4.692392157,52.78151815,156.4916492,NA,29.34597373,501.7638109,5.840186324,NA,NA,,OR-047-SW-013C-WV-0216-070119,,NA,1082,Ap,5,10,JoXT3,3,7/1/2019,-122.90889,44.910077,Jory,NA,45,BAU - Christmas tree,BAU,CROP,Till,Christmas tree,"Property bought in 2015 by landowner, planted in noble fir in 2016 at the location of the pit. Some grand fir and Douglas-fir observed in other parts of plot.",AG-CROP,OSU13,OregonState,Jory,NA,NA,2.753,A,1.43,2.753,0,5,1,19.68395
1083,JoXT3-3-3,JoXT3-3,3,S2019OR047013,NA,NA,NA,,1.42,NA,2.401,NA,0.188,51.92512436,NA,0.398778117,5.55401e-4,NA,0.363510136,0.03471258,NA,NA,5.583474567,35.33984918,3.320080808,14.39007603,132.169857,NA,4.11971259,391.7348663,3.786875801,NA,NA,,OR-047-SW-013C-WV-0217-070119,,NA,1083,Ap,10,28,JoXT3,3,7/1/2019,-122.90889,44.910077,Jory,NA,45,BAU - Christmas tree,BAU,CROP,Till,Christmas tree,"Property bought in 2015 by landowner, planted in noble fir in 2016 at the location of the pit. Some grand fir and Douglas-fir observed in other parts of plot.",AG-CROP,OSU13,OregonState,Jory,NA,NA,2.401,A,1.42,2.401,0,18,1,61.36955999999999
1084,JoXT3-3-4,JoXT3-3,4,S2019OR047013,NA,NA,NA,,1.26,NA,1.524,NA,0.128,49.66861325,NA,0.497916088,0.001944985,NA,0.471797722,0.024173381,NA,NA,3.086295498,15.78230303,2.32,24.65977421,112.0624345,NA,14.82352941,60.13631763,2.18547181,NA,NA,,OR-047-SW-013C-WV-0218-070119,,NA,1084,AB,28,60,JoXT3,3,7/1/2019,-122.90889,44.910077,Jory,NA,45,BAU - Christmas tree,BAU,CROP,Till,Christmas tree,"Property bought in 2015 by landowner, planted in noble fir in 2016 at the location of the pit. Some grand fir and Douglas-fir observed in other parts of plot.",AG-CROP,OSU13,OregonState,Jory,NA,NA,1.524,AB,1.26,1.524,0,32,1,61.44768
1085,JoXT3-3-5,JoXT3-3,5,S2019OR047013,NA,NA,NA,,1.21,NA,0.641,NA,0.075,63.2173216,NA,0.473888889,0.009722222,NA,0.4425,0.021666667,NA,NA,1.586364872,5.631838478,1.277803922,25.46547831,951.4997476,NA,2.721649485,123.3841346,0.270915688,NA,NA,,OR-047-SW-013C-WV-0219-070119,,NA,1085,BCt,60,100,JoXT3,3,7/1/2019,-122.90889,44.910077,Jory,NA,45,BAU - Christmas tree,BAU,CROP,Till,Christmas tree,"Property bought in 2015 by landowner, planted in noble fir in 2016 at the location of the pit. Some grand fir and Douglas-fir observed in other parts of plot.",AG-CROP,OSU13,OregonState,Jory,NA,NA,0.641,Bt,1.21,0.641,0,40,1,31.0244
951,WoCT1-1-1,WoCT1-1,1,S2019OR047006,15.7,65.1,19.2,,1.28,NA,1.934,NA,0.169,0,0.137014424,0.590291262,0.044660194,NA,0.215811373,0.329819695,NA,6.1,12.35549531,56.16,16.96,76.88497345,163.31532670000001,NA,2.315311355,102.4004464,5.852916085,NA,NA,,OR-047-SW-006A-WV0085-052219,19N03418,25,951,Ap,0,5,WoCT1,1,5/22/2019,-122.964818,45.231102,Woodburn,NA,86,BAU - Conventional till,BAU,CROP,Till,Conventional till,"Perennial ryegrass, tilled regularly (~2-3 years) to a depth of ~12 inches (30 cm)",AG-CROP,OSU6,OregonState,Woodburn,NA,NA,1.934,A,1.28,1.934,25,5,0.75,9.283199999999999
952,WoCT1-1-2,WoCT1-1,2,S2019OR047006,16,65.3,18.7,,1.27,NA,1.828,NA,0.159,8.064362562,0.109385301,0.598273942,0.028674833,NA,0.251113586,0.318485523,NA,6.6,9.683374514,53.8110099,19.70011881,23.32708996,841.4383838,NA,1.808792079,626.6947861,5.218973965,NA,NA,,OR-047-SW-006A-WV0086-052219,19N03419,25,952,Ap,5,10,WoCT1,1,5/22/2019,-122.964818,45.231102,Woodburn,NA,86,BAU - Conventional till,BAU,CROP,Till,Conventional till,"Perennial ryegrass, tilled regularly (~2-3 years) to a depth of ~12 inches (30 cm)",AG-CROP,OSU6,OregonState,Woodburn,NA,NA,1.828,A,1.27,1.828,25,5,0.75,8.705850000000002
953,WoCT1-1-3,WoCT1-1,3,S2019OR047006,16.1,63.5,20.4,,1.27,NA,1.863,NA,0.159,5.317458594,0.1140837,0.646475771,0.025605726999999998,NA,0.344438326,0.276431718,NA,6.7,7.070455048,35.72277228,20.42423762,17.71849427,815.171802,NA,4.041237113,555.412795,5.36918515,NA,NA,,OR-047-SW-006A-WV0087-052219,19N03420,25,953,Ap,10,16,WoCT1,1,5/22/2019,-122.964818,45.231102,Woodburn,NA,86,BAU - Conventional till,BAU,CROP,Till,Conventional till,"Perennial ryegrass, tilled regularly (~2-3 years) to a depth of ~12 inches (30 cm)",AG-CROP,OSU6,OregonState,Woodburn,NA,NA,1.863,A,1.27,1.863,25,6,0.75,10.647045
954,WoCT1-1-4,WoCT1-1,4,S2019OR047006,15.4,64.8,19.8,,1.28,NA,1.202,NA,0.107,7.221291598,0.107458056,0.582777778,0.028888889,NA,0.233611111,0.320277778,NA,6,5.411270908,22.84625743,10.66666667,27.4487072,128.7018039,NA,3.279058824,307.8062989,3.256044749,NA,NA,,OR-047-SW-006A-WV0088-052219,19N03421,25,954,Ap,16,33,WoCT1,1,5/22/2019,-122.964818,45.231102,Woodburn,NA,86,BAU - Conventional till,BAU,CROP,Till,Conventional till,"Perennial ryegrass, tilled regularly (~2-3 years) to a depth of ~12 inches (30 cm)",AG-CROP,OSU6,OregonState,Woodburn,NA,NA,1.202,A,1.28,1.202,25,17,0.75,19.61664
955,WoCT1-1-5,WoCT1-1,5,S2019OR047006,16,65.6,18.4,,1.29,NA,0.457,NA,0.056,8.202419471,0.083659224,0.51241976,0.019815797,NA,0.205972649,0.286631315,NA,6.1,1.981012045,0.849910873,1.346534653,33.76842105,30.50375758,NA,1.162980392,86.02819845,0.592978652,NA,NA,,OR-047-SW-006A-WV0089-052219,19N03422,22,955,Bt,33,65,WoCT1,1,5/22/2019,-122.964818,45.231102,Woodburn,NA,86,BAU - Conventional till,BAU,CROP,Till,Conventional till,"Perennial ryegrass, tilled regularly (~2-3 years) to a depth of ~12 inches (30 cm)",AG-CROP,OSU6,OregonState,Woodburn,NA,NA,0.457,Bt,1.29,0.457,22,32,0.78,14.7146688
956,WoCT1-1-6,WoCT1-1,6,S2019OR047006,16.3,65.3,18.4,,1.3,NA,0.309,NA,0.04,4.440877016,0.060259156,0.51581576,0.008601554,NA,0.18590455,0.321309656,NA,6.3,0.649907941,0.172704329,0.949227723,33.20027972,31.76,NA,0.510400754,63.57591622,0.001044745,NA,NA,,OR-047-SW-006A-WV0090-052219,19N03423,22,956,Btg,65,90,WoCT1,1,5/22/2019,-122.964818,45.231102,Woodburn,NA,86,BAU - Conventional till,BAU,CROP,Till,Conventional till,"Perennial ryegrass, tilled regularly (~2-3 years) to a depth of ~12 inches (30 cm)",AG-CROP,OSU6,OregonState,Woodburn,NA,NA,0.309,Bt,1.3,0.309,22,25,0.78,7.833150000000001
957,WoCT1-1-7,WoCT1-1,7,S2019OR047006,16.3,66.8,16.9,,1.34,NA,0.217,NA,0.037,2.750873669,0.070977323,0.590431416,0.01050885,NA,0.220962389,0.358960177,NA,6.5,0.647412251,0.701465347,1.443643564,108.1863158,26.25167929,NA,17.32460015,43.51997724,0.01250153,NA,NA,,OR-047-SW-006A-WV0091-052219,19N03424,35,957,Btg,90,100,WoCT1,1,5/22/2019,-122.964818,45.231102,Woodburn,NA,86,BAU - Conventional till,BAU,CROP,Till,Conventional till,"Perennial ryegrass, tilled regularly (~2-3 years) to a depth of ~12 inches (30 cm)",AG-CROP,OSU6,OregonState,Woodburn,NA,NA,0.217,Bt,1.34,0.217,35,10,0.65,1.8900700000000004
958,WoCT1-2-1,WoCT1-2,1,S2019OR047006,NA,NA,NA,,1.28,NA,2.012,NA,0.17,24.16594313,0.32773598,0.609106052,0.141588007,NA,0.227373681,0.240144364,NA,NA,13.98796267,86.62626263,24.26344554,20.75197089,1411.929859,NA,8.48,660.3310867,5.538490977,NA,NA,,OR-047-SW-006B-WV0092-052219,,NA,958,Ap,0,5,WoCT1,2,5/22/2019,-122.964718,45.231202,Woodburn,NA,86,BAU - Conventional till,BAU,CROP,Till,Conventional till,"Perennial ryegrass, tilled regularly (~2-3 years) to a depth of ~12 inches (30 cm)",AG-CROP,OSU6,OregonState,Woodburn,NA,NA,2.012,A,1.28,2.012,0,5,1,12.8768
959,WoCT1-2-2,WoCT1-2,2,S2019OR047006,NA,NA,NA,,1.27,NA,1.737,NA,0.153,13.107268,0.118163616,0.550194121,0.034387133,NA,0.253466445,0.262340544,NA,NA,8.45084424,81.74257426,25.26732673,30.81936842,1248.896,NA,-0.089360424,610.0838107,5.21388206,NA,NA,,OR-047-SW-006B-WV0093-052219,,NA,959,Ap,5,10,WoCT1,2,5/22/2019,-122.964718,45.231202,Woodburn,NA,86,BAU - Conventional till,BAU,CROP,Till,Conventional till,"Perennial ryegrass, tilled regularly (~2-3 years) to a depth of ~12 inches (30 cm)",AG-CROP,OSU6,OregonState,Woodburn,NA,NA,1.737,A,1.27,1.737,0,5,1,11.029950000000001
960,WoCT1-2-3,WoCT1-2,3,S2019OR047006,NA,NA,NA,,1.27,NA,1.523,NA,0.131,11.82116785,0.060804595,0.55217271,0.002767783,NA,0.300581234,0.248823692,NA,NA,5.707345575,71.71236653,15.02858791,36.26817539,714.4565657,NA,11.84394583,454.0876622,4.307523045,NA,NA,,OR-047-SW-006B-WV0094-052219,,NA,960,Ap,10,16,WoCT1,2,5/22/2019,-122.964718,45.231202,Woodburn,NA,86,BAU - Conventional till,BAU,CROP,Till,Conventional till,"Perennial ryegrass, tilled regularly (~2-3 years) to a depth of ~12 inches (30 cm)",AG-CROP,OSU6,OregonState,Woodburn,NA,NA,1.523,A,1.27,1.523,0,6,1,11.60526
961,WoCT1-2-4,WoCT1-2,4,S2019OR047006,NA,NA,NA,,1.28,NA,1.283,NA,0.111,13.00070656,0.692590569,0.680721221,0.33037448,NA,0.152565881,0.19778086,NA,NA,3.749908994,31.68316832,8.646464646,36.64651852,126.64,NA,3.006502776,301.0338815,3.59592938,NA,NA,,OR-047-SW-006B-WV0095-052219,,NA,961,Ap,16,33,WoCT1,2,5/22/2019,-122.964718,45.231202,Woodburn,NA,86,BAU - Conventional till,BAU,CROP,Till,Conventional till,"Perennial ryegrass, tilled regularly (~2-3 years) to a depth of ~12 inches (30 cm)",AG-CROP,OSU6,OregonState,Woodburn,NA,NA,1.283,A,1.28,1.283,0,17,1,27.91808
962,WoCT1-2-5,WoCT1-2,5,S2019OR047006,NA,NA,NA,,1.29,NA,0.452,NA,0.055,28.68222849,0.15616935,0.659355913,0.04386452,NA,0.411715713,0.20377568,NA,NA,1.721164921,7.927315084,2.522533137,10.01666667,77.13427343,NA,2.424242424,95.78340772,0.540786631,NA,NA,,OR-047-SW-006B-WV0096-052219,,NA,962,Bt,33,65,WoCT1,2,5/22/2019,-122.964718,45.231202,Woodburn,NA,86,BAU - Conventional till,BAU,CROP,Till,Conventional till,"Perennial ryegrass, tilled regularly (~2-3 years) to a depth of ~12 inches (30 cm)",AG-CROP,OSU6,OregonState,Woodburn,NA,NA,0.452,Bt,1.29,0.452,0,32,1,18.65856
963,WoCT1-2-6,WoCT1-2,6,S2019OR047006,NA,NA,NA,,1.3,NA,0.311,NA,0.042,23.11614035,0.361829397,0.635454293,0.152264518,NA,0.364267852,0.118921923,NA,NA,0.833028158,1.663366337,1.098039216,17.58077618,55.22917647,NA,11.75510204,25.87038243,0.172896524,NA,NA,,OR-047-SW-006B-WV0097-052219,,NA,963,Btg,65,90,WoCT1,2,5/22/2019,-122.964718,45.231202,Woodburn,NA,86,BAU - Conventional till,BAU,CROP,Till,Conventional till,"Perennial ryegrass, tilled regularly (~2-3 years) to a depth of ~12 inches (30 cm)",AG-CROP,OSU6,OregonState,Woodburn,NA,NA,0.311,Bt,1.3,0.311,0,25,1,10.1075
964,WoCT1-2-7,WoCT1-2,7,S2019OR047006,NA,NA,NA,,1.34,NA,0.227,NA,0.035,0.34564879,0.044415927,0.523307436,0,NA,0.19173141,0.331576027,NA,NA,0.601657851,0.303841584,0.994403535,21.56249747,33.01624242,NA,11.39004082,78.20018547,-0.350296671,NA,NA,,OR-047-SW-006B-WV0098-052219,,NA,964,Btg,90,100,WoCT1,2,5/22/2019,-122.964718,45.231202,Woodburn,NA,86,BAU - Conventional till,BAU,CROP,Till,Conventional till,"Perennial ryegrass, tilled regularly (~2-3 years) to a depth of ~12 inches (30 cm)",AG-CROP,OSU6,OregonState,Woodburn,NA,NA,0.227,Bt,1.34,0.227,0,10,1,3.0418000000000003
965,WoCT1-3-1,WoCT1-3,1,S2019OR047006,NA,NA,NA,,1.28,NA,1.838,NA,0.16,17.231894,0.0521475,0.548333333,0.001666667,NA,0.228055556,0.318611111,NA,NA,10.05720675,71.36633663,22.90661386,28.99777954,866.4863286,NA,7.391608392,615.286323,3.990551985,NA,NA,,OR-047-SW-006C-WV0099-052219,,NA,965,Ap,0,5,WoCT1,3,5/22/2019,-122.964618,45.231402,Woodburn,NA,86,BAU - Conventional till,BAU,CROP,Till,Conventional till,"Perennial ryegrass, tilled regularly (~2-3 years) to a depth of ~12 inches (30 cm)",AG-CROP,OSU6,OregonState,Woodburn,NA,NA,1.838,A,1.28,1.838,0,5,1,11.763200000000001
966,WoCT1-3-2,WoCT1-3,2,S2019OR047006,NA,NA,NA,,1.27,NA,1.731,NA,0.147,12.50595139,0.080810685,0.549315068,0.017260274,NA,0.207945205,0.324109589,NA,NA,6.998735689,76.48,10.23720081,26.79318812,825.1549955,NA,4.386778711,460.7789827,5.23043075,NA,NA,,OR-047-SW-006C-WV0100-052219,,NA,966,Ap,5,10,WoCT1,3,5/22/2019,-122.964618,45.231402,Woodburn,NA,86,BAU - Conventional till,BAU,CROP,Till,Conventional till,"Perennial ryegrass, tilled regularly (~2-3 years) to a depth of ~12 inches (30 cm)",AG-CROP,OSU6,OregonState,Woodburn,NA,NA,1.731,A,1.27,1.731,0,5,1,10.991850000000001
967,WoCT1-3-3,WoCT1-3,3,S2019OR047006,NA,NA,NA,,1.27,NA,1.448,NA,0.125,18.09298147,0.084466592,0.572383073,0.017538976,NA,0.22967706,0.325167038,NA,NA,5.868044569,60.28282828,15.45826263,4.296054422,173.68,NA,1.610020202,366.804826,4.630858986,NA,NA,,OR-047-SW-006C-WV0101-052219,,NA,967,Ap,10,16,WoCT1,3,5/22/2019,-122.964618,45.231402,Woodburn,NA,86,BAU - Conventional till,BAU,CROP,Till,Conventional till,"Perennial ryegrass, tilled regularly (~2-3 years) to a depth of ~12 inches (30 cm)",AG-CROP,OSU6,OregonState,Woodburn,NA,NA,1.448,A,1.27,1.448,0,6,1,11.03376
968,WoCT1-3-4,WoCT1-3,4,S2019OR047006,NA,NA,NA,,1.28,NA,1.125,NA,0.099,13.77535241,0.054357599,0.441789386,0.010280634,NA,0.125590442,0.305918311,NA,NA,4.10334094,27.32153535,9.52483013,8.025943349,116.3921569,NA,5.943238207,207.7949088,3.128747134,NA,NA,,OR-047-SW-006C-WV0102-052219,,NA,968,Ap,16,33,WoCT1,3,5/22/2019,-122.964618,45.231402,Woodburn,NA,86,BAU - Conventional till,BAU,CROP,Till,Conventional till,"Perennial ryegrass, tilled regularly (~2-3 years) to a depth of ~12 inches (30 cm)",AG-CROP,OSU6,OregonState,Woodburn,NA,NA,1.125,A,1.28,1.125,0,17,1,24.48
969,WoCT1-3-5,WoCT1-3,5,S2019OR047006,NA,NA,NA,,1.29,NA,0.426,NA,0.053,16.83617283,0.088679125,0.585825028,0.01799557,NA,0.259689922,0.308139535,NA,NA,1.341836663,6.484643758,1.402061856,9.740816327,69.64705882,NA,11.84,115.2209906,0.601889486,NA,NA,,OR-047-SW-006C-WV0103-052219,,NA,969,Bt,33,65,WoCT1,3,5/22/2019,-122.964618,45.231402,Woodburn,NA,86,BAU - Conventional till,BAU,CROP,Till,Conventional till,"Perennial ryegrass, tilled regularly (~2-3 years) to a depth of ~12 inches (30 cm)",AG-CROP,OSU6,OregonState,Woodburn,NA,NA,0.426,Bt,1.29,0.426,0,32,1,17.58528
970,WoCT1-3-6,WoCT1-3,6,S2019OR047006,NA,NA,NA,,1.3,NA,0.218,NA,0.025,3.095029789,0.048052646,0.512256267,0.003342618,NA,0.16545961,0.343454039,NA,NA,0.619006971,0.53220202,0.175673469,16.18564356,23.75435294,NA,7.317745621,74.77250439,0.037961053,NA,NA,,OR-047-SW-006C-WV0104-052219,,NA,970,Btg,65,90,WoCT1,3,5/22/2019,-122.964618,45.231402,Woodburn,NA,86,BAU - Conventional till,BAU,CROP,Till,Conventional till,"Perennial ryegrass, tilled regularly (~2-3 years) to a depth of ~12 inches (30 cm)",AG-CROP,OSU6,OregonState,Woodburn,NA,NA,0.218,Bt,1.3,0.218,0,25,1,7.085
971,WoCT1-3-7,WoCT1-3,7,S2019OR047006,NA,NA,NA,,1.34,NA,0.296,NA,0.033,0.687044459,0.103363232,0.553735074,0.027492363,NA,0.235490142,0.290752569,NA,NA,0.536098459,1.579560309,0,18.26365217,32.00407843,NA,10.18308478,-59.73569393,0.08506117,NA,NA,,OR-047-SW-006C-WV0105-052219,,NA,971,Btg,90,100,WoCT1,3,5/22/2019,-122.964618,45.231402,Woodburn,NA,86,BAU - Conventional till,BAU,CROP,Till,Conventional till,"Perennial ryegrass, tilled regularly (~2-3 years) to a depth of ~12 inches (30 cm)",AG-CROP,OSU6,OregonState,Woodburn,NA,NA,0.296,Bt,1.34,0.296,0,10,1,3.9664
1116,WoCT2-1-1,WoCT2-1,1,S2019OR047016,4.7,72.8,22.5,,1.22,NA,1.901,NA,0.162,2.382729969,NA,0.508055556,0.003055556,NA,0.119444444,0.385555556,NA,5.8,10.43801834,64.23762376,11.32492929,123.52,85.84399146,NA,1.858590565,484.9152671,4.993657187,NA,NA,,OR-047-SW-016A-WV0250-071519,19N03486,5,1116,Ap,0,5,WoCT2,1,7/15/2019,-122.842842,45.014134,Woodburn,NA,87,BAU - Conventional till,BAU,CROP,Till,Conventional till,"Perennial ryegrass, planted in 2016. It was planted to onions beforehand. The ryegrass typically stays in for 3 years.  Then the grower row crops the ground for 2-3 years, and the max depth they reach is 18”.",AG-CROP,OSU16,OregonState,Woodburn,NA,NA,1.901,A,1.22,1.901,5,5,0.95,11.016295
1117,WoCT2-1-2,WoCT2-1,2,S2019OR047016,4.5,72.9,22.6,,1.47,NA,1.909,NA,0.161,1.031260987,NA,0.627777778,0.002222222,NA,0.197777778,0.427777778,NA,6.3,8.999326891,57.84436364,8.079207921,123.28,120.6048627,NA,6.379881188,495.0880588,4.671594222,NA,NA,,OR-047-SW-016A-WV0251-071519,19N03487,5,1117,Ap,5,10,WoCT2,1,7/15/2019,-122.842842,45.014134,Woodburn,NA,87,BAU - Conventional till,BAU,CROP,Till,Conventional till,"Perennial ryegrass, planted in 2016. It was planted to onions beforehand. The ryegrass typically stays in for 3 years.  Then the grower row crops the ground for 2-3 years, and the max depth they reach is 18”.",AG-CROP,OSU16,OregonState,Woodburn,NA,NA,1.909,A,1.47,1.909,5,5,0.95,13.329592499999999
1118,WoCT2-1-3,WoCT2-1,3,S2019OR047016,4.7,72,23.3,,1.53,NA,1.941,NA,0.153,3.389235467,NA,0.641944444,0.003888889,NA,0.248055556,0.39,NA,6.6,5.838208274,43.68,8.323232323,120.24,107.8550588,NA,81.44484566,443.9266544,4.2922473310000004,NA,NA,,OR-047-SW-016A-WV0252-071519,19N03488,5,1118,Ap,10,25,WoCT2,1,7/15/2019,-122.842842,45.014134,Woodburn,NA,87,BAU - Conventional till,BAU,CROP,Till,Conventional till,"Perennial ryegrass, planted in 2016. It was planted to onions beforehand. The ryegrass typically stays in for 3 years.  Then the grower row crops the ground for 2-3 years, and the max depth they reach is 18”.",AG-CROP,OSU16,OregonState,Woodburn,NA,NA,1.941,A,1.53,1.941,5,15,0.95,42.318652500000006
1119,WoCT2-1-4,WoCT2-1,4,S2019OR047016,5.1,71.2,23.7,,1.45,NA,0.982,NA,0.095,10.50301414,NA,0.603055556,0.004166667,NA,0.258888889,0.34,NA,6.1,3.673904882,17.49947475,4.205474665,125.04,64.03231373,NA,8.489795918,225.5523615,1.771754563,NA,NA,,OR-047-SW-016A-WV0253-071519,19N03489,5,1119,Bt,25,58,WoCT2,1,7/15/2019,-122.842842,45.014134,Woodburn,NA,87,BAU - Conventional till,BAU,CROP,Till,Conventional till,"Perennial ryegrass, planted in 2016. It was planted to onions beforehand. The ryegrass typically stays in for 3 years.  Then the grower row crops the ground for 2-3 years, and the max depth they reach is 18”.",AG-CROP,OSU16,OregonState,Woodburn,NA,NA,0.982,Bt,1.45,0.982,5,33,0.95,44.639265
1120,WoCT2-1-5,WoCT2-1,5,S2019OR047016,5.4,75.2,19.4,,1.5,NA,0.398,NA,0.048,6.736785662,NA,0.564444444,5.55556e-4,NA,0.224722222,0.339166667,NA,6.4,1.179349025,3.564356436,1.12,114.16,37.08150495,NA,6.905330533,74.02813132,0.105428789,NA,NA,,OR-047-SW-016A-WV0254-071519,19N03490,5,1120,Btg,58,100,WoCT2,1,7/15/2019,-122.842842,45.014134,Woodburn,NA,87,BAU - Conventional till,BAU,CROP,Till,Conventional till,"Perennial ryegrass, planted in 2016. It was planted to onions beforehand. The ryegrass typically stays in for 3 years.  Then the grower row crops the ground for 2-3 years, and the max depth they reach is 18”.",AG-CROP,OSU16,OregonState,Woodburn,NA,NA,0.398,Bt,1.5,0.398,5,42,0.95,23.820299999999996
1121,WoCT2-2-1,WoCT2-2,1,S2019OR047016,NA,NA,NA,,1.22,NA,2.258,NA,0.19,19.10889891,NA,0.664166667,0.078055556,NA,0.253333333,0.332777778,NA,NA,16.01803001,115.8787879,15.18685149,111.68,718.3567059,NA,7.595959596,571.9052309,5.661969664,NA,NA,,OR-047-SW-016B-WV0255-071519,,NA,1121,Ap,0,5,WoCT2,2,7/15/2019,-122.842742,45.014034,Woodburn,NA,87,BAU - Conventional till,BAU,CROP,Till,Conventional till,"Perennial ryegrass, planted in 2016. It was planted to onions beforehand. The ryegrass typically stays in for 3 years.  Then the grower row crops the ground for 2-3 years, and the max depth they reach is 18”.",AG-CROP,OSU16,OregonState,Woodburn,NA,NA,2.258,A,1.22,2.258,0,5,1,13.773800000000001
1122,WoCT2-2-2,WoCT2-2,2,S2019OR047016,NA,NA,NA,,1.47,NA,2.067,NA,0.176,5.439397575,NA,0.775277778,0.164722222,NA,0.337222222,0.273333333,NA,NA,6.012288982,64.98230303,9.44,86.48,150.3847891,NA,1.425742574,524.5561945,4.502288395,NA,NA,,OR-047-SW-016B-WV0256-071519,,NA,1122,Ap,5,10,WoCT2,2,7/15/2019,-122.842742,45.014034,Woodburn,NA,87,BAU - Conventional till,BAU,CROP,Till,Conventional till,"Perennial ryegrass, planted in 2016. It was planted to onions beforehand. The ryegrass typically stays in for 3 years.  Then the grower row crops the ground for 2-3 years, and the max depth they reach is 18”.",AG-CROP,OSU16,OregonState,Woodburn,NA,NA,2.067,A,1.47,2.067,0,5,1,15.192450000000001
1123,WoCT2-2-3,WoCT2-2,3,S2019OR047016,NA,NA,NA,,1.53,NA,2.118,NA,0.18,13.51041092,NA,0.757845043,0.020827548,NA,0.43932241,0.297695085,NA,NA,7.056579988,54.64,8.260277228,89.92,133.7191287,NA,80,559.124063,5.389552768,NA,NA,,OR-047-SW-016B-WV0257-071519,,NA,1123,Ap,10,25,WoCT2,2,7/15/2019,-122.842742,45.014034,Woodburn,NA,87,BAU - Conventional till,BAU,CROP,Till,Conventional till,"Perennial ryegrass, planted in 2016. It was planted to onions beforehand. The ryegrass typically stays in for 3 years.  Then the grower row crops the ground for 2-3 years, and the max depth they reach is 18”.",AG-CROP,OSU16,OregonState,Woodburn,NA,NA,2.118,A,1.53,2.118,0,15,1,48.60809999999999
1124,WoCT2-2-4,WoCT2-2,4,S2019OR047016,NA,NA,NA,,1.45,NA,1.522,NA,0.137,17.00660169,NA,0.588496805,0.00222284,NA,0.296749097,0.289524868,NA,NA,4.758553112,17.48158816,3.271215686,98,76.29116832,NA,67.447653,324.5801345,2.689570364,NA,NA,,OR-047-SW-016B-WV0258-071519,,NA,1124,Bt,25,58,WoCT2,2,7/15/2019,-122.842742,45.014034,Woodburn,NA,87,BAU - Conventional till,BAU,CROP,Till,Conventional till,"Perennial ryegrass, planted in 2016. It was planted to onions beforehand. The ryegrass typically stays in for 3 years.  Then the grower row crops the ground for 2-3 years, and the max depth they reach is 18”.",AG-CROP,OSU16,OregonState,Woodburn,NA,NA,1.522,Bt,1.45,1.522,0,33,1,72.82770000000001
1125,WoCT2-2-5,WoCT2-2,5,S2019OR047016,NA,NA,NA,,1.5,NA,0.548,NA,0.061,9.833478597,NA,0.593220339,0.037788275,NA,0.184773548,0.370658516,NA,NA,1.43706601,3.463706371,0.95049505,70.16,36.84308911,NA,78.57976471,106.2145104,0.175442477,NA,NA,,OR-047-SW-016B-WV0259-071519,,NA,1125,Btg,58,100,WoCT2,2,7/15/2019,-122.842742,45.014034,Woodburn,NA,87,BAU - Conventional till,BAU,CROP,Till,Conventional till,"Perennial ryegrass, planted in 2016. It was planted to onions beforehand. The ryegrass typically stays in for 3 years.  Then the grower row crops the ground for 2-3 years, and the max depth they reach is 18”.",AG-CROP,OSU16,OregonState,Woodburn,NA,NA,0.548,Bt,1.5,0.548,0,42,1,34.524
1126,WoCT2-3-1,WoCT2-3,1,S2019OR047016,NA,NA,NA,,1.22,NA,2.388,NA,0.199,10.87876357,NA,0.555,0.039444444,NA,0.185833333,0.329722222,NA,NA,9.626644123,73.74257426,12.07843137,80.8,177.0456471,NA,59.31313131,528.1363419,5.576680262,NA,NA,,OR-047-SW-016C-WV0260-071519,,NA,1126,Ap,0,5,WoCT2,3,7/15/2019,-122.843042,45.013834,Woodburn,NA,87,BAU - Conventional till,BAU,CROP,Till,Conventional till,"Perennial ryegrass, planted in 2016. It was planted to onions beforehand. The ryegrass typically stays in for 3 years.  Then the grower row crops the ground for 2-3 years, and the max depth they reach is 18”.",AG-CROP,OSU16,OregonState,Woodburn,NA,NA,2.388,A,1.22,2.388,0,5,1,14.5668
1127,WoCT2-3-2,WoCT2-3,2,S2019OR047016,NA,NA,NA,,1.47,NA,2.322,NA,0.19,9.754723347,NA,0.651111111,0.023888889,NA,0.265555556,0.361666667,NA,NA,6.000636269,65.52443564,10.06173737,85.44,165.3627475,NA,144.1506263,551.29547,5.717980614,NA,NA,,OR-047-SW-016C-WV0261-071519,,NA,1127,Ap,5,10,WoCT2,3,7/15/2019,-122.843042,45.013834,Woodburn,NA,87,BAU - Conventional till,BAU,CROP,Till,Conventional till,"Perennial ryegrass, planted in 2016. It was planted to onions beforehand. The ryegrass typically stays in for 3 years.  Then the grower row crops the ground for 2-3 years, and the max depth they reach is 18”.",AG-CROP,OSU16,OregonState,Woodburn,NA,NA,2.322,A,1.47,2.322,0,5,1,17.066699999999997
1128,WoCT2-3-3,WoCT2-3,3,S2019OR047016,NA,NA,NA,,1.53,NA,2.297,NA,0.192,15.875221,NA,0.734722222,0.040555556,NA,0.346111111,0.348055556,NA,NA,6.614232252,50.23563636,8.653543001,24.72,168.2376238,NA,46.89587835,581.5469237,5.625053355,NA,NA,,OR-047-SW-016C-WV0262-071519,,NA,1128,Ap,10,25,WoCT2,3,7/15/2019,-122.843042,45.013834,Woodburn,NA,87,BAU - Conventional till,BAU,CROP,Till,Conventional till,"Perennial ryegrass, planted in 2016. It was planted to onions beforehand. The ryegrass typically stays in for 3 years.  Then the grower row crops the ground for 2-3 years, and the max depth they reach is 18”.",AG-CROP,OSU16,OregonState,Woodburn,NA,NA,2.297,A,1.53,2.297,0,15,1,52.716150000000006
1129,WoCT2-3-4,WoCT2-3,4,S2019OR047016,NA,NA,NA,,1.45,NA,1.311,NA,0.121,11.56986854,NA,0.673888889,0.006944444,NA,0.341944444,0.325,NA,NA,4.492312469,20.75516832,3.891749175,21.28,89.29292929,NA,31.52976359,315.5189849,2.303858592,NA,NA,,OR-047-SW-016C-WV0263-071519,,NA,1129,Bt,25,58,WoCT2,3,7/15/2019,-122.843042,45.013834,Woodburn,NA,87,BAU - Conventional till,BAU,CROP,Till,Conventional till,"Perennial ryegrass, planted in 2016. It was planted to onions beforehand. The ryegrass typically stays in for 3 years.  Then the grower row crops the ground for 2-3 years, and the max depth they reach is 18”.",AG-CROP,OSU16,OregonState,Woodburn,NA,NA,1.311,Bt,1.45,1.311,0,33,1,62.73135
1130,WoCT2-3-5,WoCT2-3,5,S2019OR047016,NA,NA,NA,,1.5,NA,0.419,NA,0.049,7.084498398,NA,0.69,0.002222222,NA,0.319444444,0.368333333,NA,NA,1.300702129,4.767676768,1.790612002,29.12,43.07388857,NA,38.97270908,46.79072066,0.125796407,NA,NA,,OR-047-SW-016C-WV0264-071519,,NA,1130,Btg,58,100,WoCT2,3,7/15/2019,-122.843042,45.013834,Woodburn,NA,87,BAU - Conventional till,BAU,CROP,Till,Conventional till,"Perennial ryegrass, planted in 2016. It was planted to onions beforehand. The ryegrass typically stays in for 3 years.  Then the grower row crops the ground for 2-3 years, and the max depth they reach is 18”.",AG-CROP,OSU16,OregonState,Woodburn,NA,NA,0.419,Bt,1.5,0.419,0,42,1,26.397
1131,WoCT3-1-1,WoCT3-1,1,S2019OR071017,6.8,74.7,18.5,,1.35,NA,1.628,NA,0.133,12.31079165,NA,0.513333333,0.051388889,NA,0.215277778,0.246666667,NA,5.5,11.81156045,62.94949495,21.86917647,30.4,123.52,NA,15.29052334,526.065219,6.700718198,NA,NA,,OR-047-SW-017A-WV0265-071519,19N03492,5,1131,Ap,0,5,WoCT3,1,7/16/2019,-123.06167,45.1251,Woodburn,NA,88,BAU - Conventional till,BAU,CROP,Till,Conventional till,Perennial ryegrass field planted in 2016. Tilled to corn and peas beforehand.,AG-CROP,OSU17,OregonState,Woodburn,NA,NA,1.628,A,1.35,1.628,5,5,0.95,10.43955
1132,WoCT3-1-2,WoCT3-1,2,S2019OR071017,6.3,75.1,18.6,,1.5,NA,1.593,NA,0.12,6.488229556,NA,0.270555556,0.011111111,NA,0.050277778,0.209166667,NA,5.7,6.742972168,44.49548955,13.61948515,24.8,129.51225,NA,9.298439376,379.5602213,5.720526566,NA,NA,,OR-047-SW-017A-WV0266-071519,19N03493,5,1132,Ap,5,10,WoCT3,1,7/16/2019,-123.06167,45.1251,Woodburn,NA,88,BAU - Conventional till,BAU,CROP,Till,Conventional till,Perennial ryegrass field planted in 2016. Tilled to corn and peas beforehand.,AG-CROP,OSU17,OregonState,Woodburn,NA,NA,1.593,A,1.5,1.593,5,5,0.95,11.350124999999998
1133,WoCT3-1-3,WoCT3-1,3,S2019OR071017,6.2,73.5,20.3,,1.44,NA,1.555,NA,0.117,7.148270023,NA,0.481522645,0.004167824,NA,0.176437899,0.300916921,NA,6.1,7.425845636,38.14141414,11.21869307,22.32,115.5065954,NA,9.295673469,427.9972575,5.576680262,NA,NA,,OR-047-SW-017A-WV0267-071519,19N03494,5,1133,Ap,10,22,WoCT3,1,7/16/2019,-123.06167,45.1251,Woodburn,NA,88,BAU - Conventional till,BAU,CROP,Till,Conventional till,Perennial ryegrass field planted in 2016. Tilled to corn and peas beforehand.,AG-CROP,OSU17,OregonState,Woodburn,NA,NA,1.555,A,1.44,1.555,5,12,0.95,25.526879999999995
1134,WoCT3-1-4,WoCT3-1,4,S2019OR071017,5,72,23,,1.54,NA,0.432,NA,0.053,4.395317614,NA,0.578888889,0.003333333,NA,0.236388889,0.339166667,NA,6.3,3.619240921,10.7710099,13.63121724,59.04,68.98775995,NA,9.95172342,111.0491599,0.701181625,NA,NA,,OR-047-SW-017A-WV0268-071519,19N03495,5,1134,Bt,22,57,WoCT3,1,7/16/2019,-123.06167,45.1251,Woodburn,NA,88,BAU - Conventional till,BAU,CROP,Till,Conventional till,Perennial ryegrass field planted in 2016. Tilled to corn and peas beforehand.,AG-CROP,OSU17,OregonState,Woodburn,NA,NA,0.432,Bt,1.54,0.432,5,35,0.95,22.12056
1135,WoCT3-1-5,WoCT3-1,5,S2019OR071017,3.9,73.9,22.2,,1.31,NA,0.222,NA,0.035,10.15637909,NA,0.540127742,0.021382949,NA,0.227159122,0.291585671,NA,6.3,1.654380083,2.633346535,1.206811881,39.12,54.33663366,NA,10.8260426,110.2446618,-0.214088224,NA,NA,,OR-047-SW-017A-WV0269-071519,19N03496,5,1135,Bt,57,100,WoCT3,1,7/16/2019,-123.06167,45.1251,Woodburn,NA,88,BAU - Conventional till,BAU,CROP,Till,Conventional till,Perennial ryegrass field planted in 2016. Tilled to corn and peas beforehand.,AG-CROP,OSU17,OregonState,Woodburn,NA,NA,0.222,Bt,1.31,0.222,5,43,0.95,11.879997000000001
1136,WoCT3-2-1,WoCT3-2,1,S2019OR071017,NA,NA,NA,,1.35,NA,1.798,NA,0.15,20.16173166,NA,0.51931092,0.06779661,NA,0.194498472,0.257015838,NA,NA,13.42533472,718.592,17.30344554,53.92,111.2248713,NA,7.799836735,475.4962361,7.328295438,NA,NA,,OR-047-SW-017B-WV0270-071519,,NA,1136,Ap,0,5,WoCT3,2,7/16/2019,-123.06201,45.1251,Woodburn,NA,88,BAU - Conventional till,BAU,CROP,Till,Conventional till,Perennial ryegrass field planted in 2016. Tilled to corn and peas beforehand.,AG-CROP,OSU17,OregonState,Woodburn,NA,NA,1.798,A,1.35,1.798,0,5,1,12.136500000000002
1137,WoCT3-2-2,WoCT3-2,2,S2019OR071017,NA,NA,NA,,1.5,NA,1.54,NA,0.132,10.12066423,NA,0.542071647,0.009997223,NA,0.197445154,0.33462927,NA,NA,8.972050019,46.8120412,12.32,75528.72,113.0570657,NA,9.721987436,511.1975933,5.804542992,NA,NA,,OR-047-SW-017B-WV0271-071519,,NA,1137,Ap,5,10,WoCT3,2,7/16/2019,-123.06201,45.1251,Woodburn,NA,88,BAU - Conventional till,BAU,CROP,Till,Conventional till,Perennial ryegrass field planted in 2016. Tilled to corn and peas beforehand.,AG-CROP,OSU17,OregonState,Woodburn,NA,NA,1.54,A,1.5,1.54,0,5,1,11.55
1138,WoCT3-2-3,WoCT3-2,3,S2019OR071017,NA,NA,NA,,1.44,NA,1.451,NA,0.123,7.83778505,NA,0.510419561,0.004167824,NA,0.181439289,0.324812448,NA,NA,8.041482335,38.22222222,12.39979998,-1.68,111.2949695,NA,12.60308911,422.7978333,5.534672049,NA,NA,,OR-047-SW-017B-WV0272-071519,,NA,1138,Ap,10,22,WoCT3,2,7/16/2019,-123.06201,45.1251,Woodburn,NA,88,BAU - Conventional till,BAU,CROP,Till,Conventional till,Perennial ryegrass field planted in 2016. Tilled to corn and peas beforehand.,AG-CROP,OSU17,OregonState,Woodburn,NA,NA,1.451,A,1.44,1.451,0,12,1,25.073280000000004
1139,WoCT3-2-4,WoCT3-2,4,S2019OR071017,NA,NA,NA,,1.54,NA,0.505,NA,0.06,10.91026978,NA,0.598556358,0.018323154,NA,0.259855636,0.320377568,NA,NA,3.708193494,11.92,4.854513687,6.32,69.54502038,NA,29.73898039,177.0634944,1.196369345,NA,NA,,OR-047-SW-017B-WV0273-071519,,NA,1139,Bt,22,57,WoCT3,2,7/16/2019,-123.06201,45.1251,Woodburn,NA,88,BAU - Conventional till,BAU,CROP,Till,Conventional till,Perennial ryegrass field planted in 2016. Tilled to corn and peas beforehand.,AG-CROP,OSU17,OregonState,Woodburn,NA,NA,0.505,Bt,1.54,0.505,0,35,1,27.219500000000004
1140,WoCT3-2-5,WoCT3-2,5,S2019OR071017,NA,NA,NA,,1.31,NA,0.226,NA,0.031,27.18637938,NA,0.677867259,0.073035268,NA,0.327131352,0.277700639,NA,NA,1.227455302,2.693386139,2.24,60.48,60.92956863,NA,29.92881633,22.94308066,-0.211542271,NA,NA,,OR-047-SW-017B-WV0274-071519,,NA,1140,Bt,57,100,WoCT3,2,7/16/2019,-123.06201,45.1251,Woodburn,NA,88,BAU - Conventional till,BAU,CROP,Till,Conventional till,Perennial ryegrass field planted in 2016. Tilled to corn and peas beforehand.,AG-CROP,OSU17,OregonState,Woodburn,NA,NA,0.226,Bt,1.31,0.226,0,43,1,12.730580000000002
1141,WoCT3-3-1,WoCT3-3,1,S2019OR071017,NA,NA,NA,,1.35,NA,1.665,NA,0.14,14.1688734,NA,0.577895029,0.035267981,NA,0.250485976,0.292141072,NA,NA,14.36892476,39.04,16.25763518,19.12,99.88054805,NA,5.072776699,422.7026039,5.761261803,NA,NA,,OR-071-SW-017C-WV0275-071619,,NA,1141,Ap,0,5,WoCT3,3,7/16/2019,-123.06134,45.1248,Woodburn,NA,88,BAU - Conventional till,BAU,CROP,Till,Conventional till,Perennial ryegrass field planted in 2016. Tilled to corn and peas beforehand.,AG-CROP,OSU17,OregonState,Woodburn,NA,NA,1.665,A,1.35,1.665,0,5,1,11.238750000000001
1142,WoCT3-3-2,WoCT3-3,2,S2019OR071017,NA,NA,NA,,1.5,NA,1.547,NA,0.132,7.752478818,NA,0.550833333,0.006111111,NA,0.194444444,0.350277778,NA,NA,6.793044574,404.0375446,11.4930101,0.88,127.5151515,NA,3.305455251,209.6891279,5.311901224,NA,NA,,OR-071-SW-017C-WV0276-071619,,NA,1142,Ap,5,10,WoCT3,3,7/16/2019,-123.06134,45.1248,Woodburn,NA,88,BAU - Conventional till,BAU,CROP,Till,Conventional till,Perennial ryegrass field planted in 2016. Tilled to corn and peas beforehand.,AG-CROP,OSU17,OregonState,Woodburn,NA,NA,1.547,A,1.5,1.547,0,5,1,11.6025
1143,WoCT3-3-3,WoCT3-3,3,S2019OR071017,NA,NA,NA,,1.44,NA,1.418,NA,0.126,8.514963654,NA,0.569602667,0.015559878,NA,0.227841067,0.326201723,NA,NA,10.04839481,39.61532153,11.73381818,2.16,129.4143814,NA,4.3811917,447.3410297,5.025481591,NA,NA,,OR-071-SW-017C-WV0277-071619,,NA,1143,Ap,10,22,WoCT3,3,7/16/2019,-123.06134,45.1248,Woodburn,NA,88,BAU - Conventional till,BAU,CROP,Till,Conventional till,Perennial ryegrass field planted in 2016. Tilled to corn and peas beforehand.,AG-CROP,OSU17,OregonState,Woodburn,NA,NA,1.418,A,1.44,1.418,0,12,1,24.50304
1144,WoCT3-3-4,WoCT3-3,4,S2019OR071017,NA,NA,NA,,1.54,NA,0.784,NA,0.076,4.793877305,NA,0.558611111,0.007222222,NA,0.141388889,0.41,NA,NA,5.276939594,11.58432323,4.150626263,36.24,63.13868093,NA,1.346217822,47.68619392,2.074722886,NA,NA,,OR-071-SW-017C-WV0278-071619,,NA,1144,Bt,22,57,WoCT3,3,7/16/2019,-123.06134,45.1248,Woodburn,NA,88,BAU - Conventional till,BAU,CROP,Till,Conventional till,Perennial ryegrass field planted in 2016. Tilled to corn and peas beforehand.,AG-CROP,OSU17,OregonState,Woodburn,NA,NA,0.784,Bt,1.54,0.784,0,35,1,42.2576
1145,WoCT3-3-5,WoCT3-3,5,S2019OR071017,NA,NA,NA,,1.31,NA,0.301,NA,0.042,6.941518904,NA,0.787996666,0.013892748,NA,0.506807447,0.267296471,NA,NA,1.935241801,3.04,2.02020202,16.08,54.39334653,NA,22.79651485,68.58443475,-0.09315549,NA,NA,,OR-071-SW-017C-WV0279-071619,,NA,1145,Bt,57,100,WoCT3,3,7/16/2019,-123.06134,45.1248,Woodburn,NA,88,BAU - Conventional till,BAU,CROP,Till,Conventional till,Perennial ryegrass field planted in 2016. Tilled to corn and peas beforehand.,AG-CROP,OSU17,OregonState,Woodburn,NA,NA,0.301,Bt,1.31,0.301,0,43,1,16.95533
933,WoH1-1-1,WoH1-1,1,S2019OR047005,13.1,71.1,15.8,,1.21,NA,5.152,NA,0.326,21.7365177,0.04424092,0.327418908,0.0085944,NA,0.116717494,0.202107014,NA,6.5,22.79411473,153.92,26.72,67.05977421,1866.321258,NA,17.75902041,282.3106157,16.77250546,NA,NA,,OR-047-SW-005A-WV0067-052219,19N03411,15,933,A,0,5,WoH1,1,5/22/2019,-122.96961,45.2279,Woodburn,NA,89,Ref - Hazelnut,Ref,ORCHARD,Perennial,Hazelnut,"Hazelnut orchard is about 30 years old, no ground cover evident. No tillage occurs now, but heavy equipment is often driven over the surface, especially for harvest.",Reference,OSU5,OregonState,Woodburn,NA,NA,5.152,A,1.21,5.152,15,5,0.85,26.49416
934,WoH1-1-2,WoH1-1,2,S2019OR047005,12.8,71.7,15.5,,1.34,NA,2.26,NA,0.143,10.31737532,0.074767017,0.579966796,0.013835086,NA,0.196458218,0.369673492,NA,6.7,19.97949149,72.24,14.36638384,56.85640074,164.0784314,NA,23.37437655,174.8295789,7.571433882,NA,NA,,OR-047-SW-005A-WV0068-052219,19N03412,15,934,A,5,10,WoH1,1,5/22/2019,-122.96961,45.2279,Woodburn,NA,89,Ref - Hazelnut,Ref,ORCHARD,Perennial,Hazelnut,"Hazelnut orchard is about 30 years old, no ground cover evident. No tillage occurs now, but heavy equipment is often driven over the surface, especially for harvest.",Reference,OSU5,OregonState,Woodburn,NA,NA,2.26,A,1.34,2.26,15,5,0.85,12.8707
935,WoH1-1-3,WoH1-1,3,S2019OR047005,13,69.3,17.7,,1.4,NA,1.446,NA,0.099,8.487167728,0.059660022,0.5393134,0.005260244,NA,0.239479513,0.294573643,NA,6.8,21.53089067,13.67905882,3.351434343,28.06361131,57.2,NA,14.20101031,57.48333985,3.765235207,NA,NA,,OR-047-SW-005A-WV0069-052219,19N03413,15,935,A,10,29,WoH1,1,5/22/2019,-122.96961,45.2279,Woodburn,NA,89,Ref - Hazelnut,Ref,ORCHARD,Perennial,Hazelnut,"Hazelnut orchard is about 30 years old, no ground cover evident. No tillage occurs now, but heavy equipment is often driven over the surface, especially for harvest.",Reference,OSU5,OregonState,Woodburn,NA,NA,1.446,A,1.4,1.446,15,19,0.85,32.69406
936,WoH1-1-4,WoH1-1,4,S2019OR047005,12,67.7,20.3,,1.44,NA,1.214,NA,0.069,16.02268931,0.066515059,0.549916341,0.011991076,NA,0.161182376,0.376742889,NA,6.8,5.837662066,7.023515152,2.955474747,23.69432209,49.88768627,NA,12.27723089,208.0957786,0.761011504,NA,NA,,OR-047-SW-005A-WV0070-052219,19N03414,18,936,Bt,29,51,WoH1,1,5/22/2019,-122.96961,45.2279,Woodburn,NA,89,Ref - Hazelnut,Ref,ORCHARD,Perennial,Hazelnut,"Hazelnut orchard is about 30 years old, no ground cover evident. No tillage occurs now, but heavy equipment is often driven over the surface, especially for harvest.",Reference,OSU5,OregonState,Woodburn,NA,NA,1.214,Bt,1.44,1.214,18,22,0.8200000000000001,31.5368064
937,WoH1-1-5,WoH1-1,5,S2019OR047005,11.9,69,19.1,,1.37,NA,0.623,NA,0.041,14.27026704,0.13610297,0.691368304,0.034415765,NA,0.373022481,0.283930058,NA,6.6,10.1881069,1.444277228,2.214178218,13.1797551,49.90052417,NA,6.64,658.0434827,0.402032231,NA,NA,,OR-047-SW-005A-WV0071-052219,19N03415,15,937,Btg,51,76,WoH1,1,5/22/2019,-122.96961,45.2279,Woodburn,NA,89,Ref - Hazelnut,Ref,ORCHARD,Perennial,Hazelnut,"Hazelnut orchard is about 30 years old, no ground cover evident. No tillage occurs now, but heavy equipment is often driven over the surface, especially for harvest.",Reference,OSU5,OregonState,Woodburn,NA,NA,0.623,Bt,1.37,0.623,15,25,0.85,18.137087500000003
938,WoH1-1-6,WoH1-1,6,S2019OR047005,13.9,70,16.1,,1.37,NA,0.18,NA,0.032,8.919637279,0.076148694,0.403001668,0.017509728,NA,0.23790995,0.14758199,NA,6.7,4.36456976,0.370102893,1.131313131,12.85418895,31.08308911,NA,1.476043687,43.66627968,-0.047328349,NA,NA,,OR-047-SW-005A-WV0072-052219,19N03416,25,938,Btg,76,100,WoH1,1,5/22/2019,-122.96961,45.2279,Woodburn,NA,89,Ref - Hazelnut,Ref,ORCHARD,Perennial,Hazelnut,"Hazelnut orchard is about 30 years old, no ground cover evident. No tillage occurs now, but heavy equipment is often driven over the surface, especially for harvest.",Reference,OSU5,OregonState,Woodburn,NA,NA,0.18,Bt,1.37,0.18,25,24,0.75,4.4388000000000005
939,WoH1-2-1,WoH1-2,1,S2019OR047005,NA,NA,NA,,1.21,NA,4.609,NA,0.299,23.43047219,0.727644068,0.609891637,0.353709364,NA,0.076410114,0.179772159,NA,NA,16.64802062,174.48,20.54146535,40.27569231,1356.731406,NA,4.589291551,347.0368296,14.95724148,NA,NA,,OR-047-SW-005B-WV0073-052219,,NA,939,A,0,5,WoH1,2,5/22/2019,-122.96961,45.2278,Woodburn,NA,89,Ref - Hazelnut,Ref,ORCHARD,Perennial,Hazelnut,"Hazelnut orchard is about 30 years old, no ground cover evident. No tillage occurs now, but heavy equipment is often driven over the surface, especially for harvest.",Reference,OSU5,OregonState,Woodburn,NA,NA,4.609,A,1.21,4.609,0,5,1,27.884449999999998
940,WoH1-2-2,WoH1-2,2,S2019OR047005,NA,NA,NA,,1.34,NA,2.347,NA,0.179,1.374059971,0.040879023,0.552441731,0.001109878,NA,0.108490566,0.442841287,NA,NA,7.235315496,46.62463366,4.084333139,22.97082828,88.30964706,NA,20.36231705,622.3886427,8.657282534,NA,NA,,OR-047-SW-005B-WV0074-052219,,NA,940,A,5,10,WoH1,2,5/22/2019,-122.96961,45.2278,Woodburn,NA,89,Ref - Hazelnut,Ref,ORCHARD,Perennial,Hazelnut,"Hazelnut orchard is about 30 years old, no ground cover evident. No tillage occurs now, but heavy equipment is often driven over the surface, especially for harvest.",Reference,OSU5,OregonState,Woodburn,NA,NA,2.347,A,1.34,2.347,0,5,1,15.724900000000002
941,WoH1-2-3,WoH1-2,3,S2019OR047005,NA,NA,NA,,1.4,NA,1.815,NA,0.103,2.038741713,0.053464434,0.601826737,0.00166067,NA,0.210738998,0.389427069,NA,NA,6.957097534,25.05932673,4.752475248,17.05411194,70.64210421,NA,22.25071845,392.5346427,5.782902397,NA,NA,,OR-047-SW-005B-WV0075-052219,,NA,941,A,10,29,WoH1,2,5/22/2019,-122.96961,45.2278,Woodburn,NA,89,Ref - Hazelnut,Ref,ORCHARD,Perennial,Hazelnut,"Hazelnut orchard is about 30 years old, no ground cover evident. No tillage occurs now, but heavy equipment is often driven over the surface, especially for harvest.",Reference,OSU5,OregonState,Woodburn,NA,NA,1.815,A,1.4,1.815,0,19,1,48.278999999999996
942,WoH1-2-4,WoH1-2,4,S2019OR047005,NA,NA,NA,,1.44,NA,0.512,NA,0.057,23.78307399,0.107692982,0.604714912,0.026589912,NA,0.27439693,0.30372807,NA,NA,2.191823229,6.732673267,3.698196078,34.33486494,51.82342234,NA,9.790367347,61.88340457,0.53442175,NA,NA,,OR-047-SW-005B-WV0076-052219,,NA,942,Bt,29,51,WoH1,2,5/22/2019,-122.96961,45.2278,Woodburn,NA,89,Ref - Hazelnut,Ref,ORCHARD,Perennial,Hazelnut,"Hazelnut orchard is about 30 years old, no ground cover evident. No tillage occurs now, but heavy equipment is often driven over the surface, especially for harvest.",Reference,OSU5,OregonState,Woodburn,NA,NA,0.512,Bt,1.44,0.512,0,22,1,16.22016
943,WoH1-2-5,WoH1-2,5,S2019OR047005,NA,NA,NA,,1.37,NA,0.287,NA,0.039,29.23962029,0.213821903,0.676438053,0.074391593,NA,0.380807522,0.221238938,NA,NA,1.262272834,2.891636364,0.272667267,33.1692549,57.31770297,NA,5.980582524,630.5283285,0.186899262,NA,NA,,OR-047-SW-005B-WV0077-052219,,NA,943,Btg,51,76,WoH1,2,5/22/2019,-122.96961,45.2278,Woodburn,NA,89,Ref - Hazelnut,Ref,ORCHARD,Perennial,Hazelnut,"Hazelnut orchard is about 30 years old, no ground cover evident. No tillage occurs now, but heavy equipment is often driven over the surface, especially for harvest.",Reference,OSU5,OregonState,Woodburn,NA,NA,0.287,Bt,1.37,0.287,0,25,1,9.829749999999999
944,WoH1-2-6,WoH1-2,6,S2019OR047005,NA,NA,NA,,1.37,NA,0.251,NA,0.035,16.12842793,0.087326632,0.472321674,0.023134123,NA,0.198292481,0.25089507,NA,NA,1.395883709,0.254574257,4.96,24.14851215,55.93963161,NA,9.399396022,59.72460539,0.009955578,NA,NA,,OR-047-SW-005B-WV0078-052219,,NA,944,Btg,76,100,WoH1,2,5/22/2019,-122.96961,45.2278,Woodburn,NA,89,Ref - Hazelnut,Ref,ORCHARD,Perennial,Hazelnut,"Hazelnut orchard is about 30 years old, no ground cover evident. No tillage occurs now, but heavy equipment is often driven over the surface, especially for harvest.",Reference,OSU5,OregonState,Woodburn,NA,NA,0.251,Bt,1.37,0.251,0,24,1,8.252880000000001
945,WoH1-3-1,WoH1-3,1,S2019OR047005,NA,NA,NA,,1.21,NA,3.801,NA,0.263,5.646501648,0.115972061,0.476071923,0.042600277,NA,0.089626556,0.34384509,NA,NA,20.33739214,59.98605941,18.54593939,58.68983336,525.7264926,NA,8.214269674,567.0190933,14.05215544,NA,NA,,OR-047-SW-005C-WV0079-052219,,NA,945,A,0,5,WoH1,3,5/22/2019,-122.96981,45.2279,Woodburn,NA,89,Ref - Hazelnut,Ref,ORCHARD,Perennial,Hazelnut,"Hazelnut orchard is about 30 years old, no ground cover evident. No tillage occurs now, but heavy equipment is often driven over the surface, especially for harvest.",Reference,OSU5,OregonState,Woodburn,NA,NA,3.801,A,1.21,3.801,0,5,1,22.99605
946,WoH1-3-2,WoH1-3,2,S2019OR047005,NA,NA,NA,,1.34,NA,2.118,NA,0.168,14.03398672,0.07687129,0.535367545,0.019417476,NA,0.122884882,0.393065187,NA,NA,6.634933898,34.96,12.56,41.23394772,111.8291717,NA,58.54373749,1003.215982,6.518682609,NA,NA,,OR-047-SW-005C-WV0080-052219,,NA,946,A,5,10,WoH1,3,5/22/2019,-122.96981,45.2279,Woodburn,NA,89,Ref - Hazelnut,Ref,ORCHARD,Perennial,Hazelnut,"Hazelnut orchard is about 30 years old, no ground cover evident. No tillage occurs now, but heavy equipment is often driven over the surface, especially for harvest.",Reference,OSU5,OregonState,Woodburn,NA,NA,2.118,A,1.34,2.118,0,5,1,14.1906
947,WoH1-3-3,WoH1-3,3,S2019OR047005,NA,NA,NA,,1.4,NA,0.842,NA,0.077,2.708910518,0.168850431,0.663330553,0.059772032,NA,0.199054768,0.404503753,NA,NA,3.687785822,22.21082353,4.32,29.20976391,60.27722772,NA,10.19236246,138.9055891,2.839781549,NA,NA,,OR-047-SW-005C-WV0081-052219,,NA,947,A,10,29,WoH1,3,5/22/2019,-122.96981,45.2279,Woodburn,NA,89,Ref - Hazelnut,Ref,ORCHARD,Perennial,Hazelnut,"Hazelnut orchard is about 30 years old, no ground cover evident. No tillage occurs now, but heavy equipment is often driven over the surface, especially for harvest.",Reference,OSU5,OregonState,Woodburn,NA,NA,0.842,A,1.4,0.842,0,19,1,22.397199999999998
948,WoH1-3-4,WoH1-3,4,S2019OR047005,NA,NA,NA,,1.44,NA,0.358,NA,0.048,16.37809894,0.114110155,0.684794673,0.027469478,NA,0.279689234,0.37763596,NA,NA,1.126535074,7.593346535,2.607049505,42.99057426,45.78217822,NA,10.34129046,51.81623149,0.162712715,NA,NA,,OR-047-SW-005C-WV0082-052219,,NA,948,Bt,29,51,WoH1,3,5/22/2019,-122.96981,45.2279,Woodburn,NA,89,Ref - Hazelnut,Ref,ORCHARD,Perennial,Hazelnut,"Hazelnut orchard is about 30 years old, no ground cover evident. No tillage occurs now, but heavy equipment is often driven over the surface, especially for harvest.",Reference,OSU5,OregonState,Woodburn,NA,NA,0.358,Bt,1.44,0.358,0,22,1,11.341439999999999
949,WoH1-3-5,WoH1-3,5,S2019OR047005,NA,NA,NA,,1.37,NA,0.289,NA,0.037,11.69383248,0.112495847,0.700166113,0.023255814,NA,0.34606866,0.330841639,NA,NA,1.13510211,3.295030303,2.607841584,37.14285714,54.58823529,NA,9.045333333,638.4786895,0.641351746,NA,NA,,OR-047-SW-005C-WV0083-052219,,NA,949,Btg,51,76,WoH1,3,5/22/2019,-122.96981,45.2279,Woodburn,NA,89,Ref - Hazelnut,Ref,ORCHARD,Perennial,Hazelnut,"Hazelnut orchard is about 30 years old, no ground cover evident. No tillage occurs now, but heavy equipment is often driven over the surface, especially for harvest.",Reference,OSU5,OregonState,Woodburn,NA,NA,0.289,Bt,1.37,0.289,0,25,1,9.89825
950,WoH1-3-6,WoH1-3,6,S2019OR047005,NA,NA,NA,,1.37,NA,0.159,NA,0.024,5.851706355,0.176067075,0.570553855,0.065683273,NA,0.206234345,0.298636237,NA,NA,0.684776919,0.223956513,0.566141414,21.59209486,18.21042424,NA,8.338109105,55.89106205,0.146164025,NA,NA,,OR-047-SW-005C-WV0084-052219,,NA,950,Btg,76,100,WoH1,3,5/22/2019,-122.96981,45.2279,Woodburn,NA,89,Ref - Hazelnut,Ref,ORCHARD,Perennial,Hazelnut,"Hazelnut orchard is about 30 years old, no ground cover evident. No tillage occurs now, but heavy equipment is often driven over the surface, especially for harvest.",Reference,OSU5,OregonState,Woodburn,NA,NA,0.159,Bt,1.37,0.159,0,24,1,5.227920000000001
990,WoH2-1-1,WoH2-1,1,S2019OR053008,5.5,72.4,22.1,,1.54,NA,5.289,NA,0.394,45.56450376,0.703745364,0.664267921,0.334624965,NA,0.195682259,0.133960697,NA,5.2,24.6829035,86.12245545,19.92943872,58.02706951,776.672,NA,6.128733286,785.9196822,17.13700096,NA,NA,,OR-053-SW-008A-WV0124-052819,19N03433,15,990,Ap,0,5,WoH2,1,5/28/2019,-123.213416,45.074334,Woodburn,NA,90,Ref - Hazelnut,Ref,ORCHARD,Perennial,Hazelnut,"Mature hazelnut orchard, about 25 years old",Reference,OSU8,OregonState,Woodburn,NA,NA,5.289,A,1.54,5.289,15,5,0.85,34.616505
991,WoH2-1-2,WoH2-1,2,S2019OR053008,5.6,71.3,23.1,,1.58,NA,1.881,NA,0.159,16.49121771,0.240840499,0.579195562,0.098474341,NA,0.211650485,0.269070735,NA,5.1,5.487297385,32,6.82677551,62.73267327,82.15334653,NA,4.334061447,319.7009314,6.339192973,NA,NA,,OR-053-SW-008A-WV0125-052819,19N03434,15,991,Ap,5,10,WoH2,1,5/28/2019,-123.213416,45.074334,Woodburn,NA,90,Ref - Hazelnut,Ref,ORCHARD,Perennial,Hazelnut,"Mature hazelnut orchard, about 25 years old",Reference,OSU8,OregonState,Woodburn,NA,NA,1.881,A,1.58,1.881,15,5,0.85,12.630915000000002
992,WoH2-1-3,WoH2-1,3,S2019OR053008,5.4,66.1,28.5,,1.37,NA,1.371,NA,0.121,21.74072722,0.105053799,0.557681642,0.029395452,NA,0.209927898,0.318358292,NA,5.6,4.539981803,18.84768627,3.419040366,97.35120364,62.2745098,NA,15.28712871,262.8393258,2.899611428,NA,NA,,OR-053-SW-008A-WV0126-052819,19N03435,15,992,A,10,46,WoH2,1,5/28/2019,-123.213416,45.074334,Woodburn,NA,90,Ref - Hazelnut,Ref,ORCHARD,Perennial,Hazelnut,"Mature hazelnut orchard, about 25 years old",Reference,OSU8,OregonState,Woodburn,NA,NA,1.371,A,1.37,1.371,15,36,0.85,57.475062
993,WoH2-1-4,WoH2-1,4,S2019OR053008,5.5,68.9,25.6,,1.38,NA,0.524,NA,0.054,11.99841953,0.064447492,0.548351344,0.007204212,NA,0.245497368,0.295649764,NA,6.2,1.806753093,5.540394039,2.522533137,43.10171099,49.01655446,NA,5.78808928,106.9922407,0.568792106,NA,NA,,OR-053-SW-008A-WV0127-052819,19N03436,15,993,AB,46,78,WoH2,1,5/28/2019,-123.213416,45.074334,Woodburn,NA,90,Ref - Hazelnut,Ref,ORCHARD,Perennial,Hazelnut,"Mature hazelnut orchard, about 25 years old",Reference,OSU8,OregonState,Woodburn,NA,NA,0.524,AB,1.38,0.524,15,32,0.85,19.668864
994,WoH2-1-5,WoH2-1,5,S2019OR053008,3.1,71.7,25.2,,1.26,NA,0.324,NA,0.048,4.865088756,0.057170786,0.565676201,0.002499306,NA,0.25659539,0.306581505,NA,6.3,0.766986392,3.12,2.005873165,23.81669024,51.82368317,NA,3.605638544,113.5101711,0.116885574,NA,NA,,OR-053-SW-008A-WV0128-052819,19N03437,10,994,Bt,78,100,WoH2,1,5/28/2019,-123.213416,45.074334,Woodburn,NA,90,Ref - Hazelnut,Ref,ORCHARD,Perennial,Hazelnut,"Mature hazelnut orchard, about 25 years old",Reference,OSU8,OregonState,Woodburn,NA,NA,0.324,Bt,1.26,0.324,10,22,0.9,8.083152
995,WoH2-2-1,WoH2-2,1,S2019OR053008,NA,NA,NA,,1.54,NA,2.735,NA,0.23,28.92229308,0.32718331,0.548539638,0.144089013,NA,0.201947149,0.202503477,NA,NA,8.367717442,22.4,4,27.48018965,60.1014172,NA,5.762309278,553.422661,9.805507017,NA,NA,,OR-053-SW-008B-WV0129-052819,,NA,995,Ap,0,5,WoH2,2,5/28/2019,-123.213516,45.074334,Woodburn,NA,90,Ref - Hazelnut,Ref,ORCHARD,Perennial,Hazelnut,"Mature hazelnut orchard, about 25 years old",Reference,OSU8,OregonState,Woodburn,NA,NA,2.735,A,1.54,2.735,0,5,1,21.0595
996,WoH2-2-2,WoH2-2,2,S2019OR053008,NA,NA,NA,,1.58,NA,1.472,NA,0.133,8.423785787,0.082426029,0.492769744,0.020856507,NA,0.180478309,0.291434928,NA,NA,3.601053905,12.75247525,2.784562538,56.65267499,55.36,NA,2.901960784,227.4207123,4.184044359,NA,NA,,OR-053-SW-008B-WV0130-052819,,NA,996,Ap,5,10,WoH2,2,5/28/2019,-123.213516,45.074334,Woodburn,NA,90,Ref - Hazelnut,Ref,ORCHARD,Perennial,Hazelnut,"Mature hazelnut orchard, about 25 years old",Reference,OSU8,OregonState,Woodburn,NA,NA,1.472,A,1.58,1.472,0,5,1,11.628800000000002
997,WoH2-2-3,WoH2-2,3,S2019OR053008,NA,NA,NA,,1.37,NA,1.281,NA,0.126,24.68009668,0.154249861,0.698223209,0.043309273,NA,0.378400888,0.276513048,NA,NA,5.108458203,8.61180198,1.999577045,32.91358416,49.88235294,NA,0.16338575,245.407015,2.193109667,NA,NA,,OR-053-SW-008B-WV0131-052819,,NA,997,A,10,46,WoH2,2,5/28/2019,-123.213516,45.074334,Woodburn,NA,90,Ref - Hazelnut,Ref,ORCHARD,Perennial,Hazelnut,"Mature hazelnut orchard, about 25 years old",Reference,OSU8,OregonState,Woodburn,NA,NA,1.281,A,1.37,1.281,0,36,1,63.17892
998,WoH2-2-4,WoH2-2,4,S2019OR053008,NA,NA,NA,,1.38,NA,0.648,NA,0.067,15.35491974,0.110922863,0.59572697,0.028579356,NA,0.272475028,0.294672586,NA,NA,2.170313833,4.48,2.097087379,25.37373737,46.2802139,NA,0.060779956,139.2666381,0.701818113,NA,NA,,OR-053-SW-008B-WV0132-052819,,NA,998,AB,46,78,WoH2,2,5/28/2019,-123.213516,45.074334,Woodburn,NA,90,Ref - Hazelnut,Ref,ORCHARD,Perennial,Hazelnut,"Mature hazelnut orchard, about 25 years old",Reference,OSU8,OregonState,Woodburn,NA,NA,0.648,AB,1.38,0.648,0,32,1,28.615679999999998
999,WoH2-2-5,WoH2-2,5,S2019OR053008,NA,NA,NA,,1.26,NA,0.318,NA,0.041,12.09088663,0.074114413,0.663982227,0.00444321,NA,0.3479589,0.311580117,NA,NA,0.807120976,0.709979798,1.272489796,27.37684211,49.23788379,NA,49.47066827,42.69377947,0.123250455,NA,NA,,OR-053-SW-008B-WV0133-052819,,NA,999,Bt,78,100,WoH2,2,5/28/2019,-123.213516,45.074334,Woodburn,NA,90,Ref - Hazelnut,Ref,ORCHARD,Perennial,Hazelnut,"Mature hazelnut orchard, about 25 years old",Reference,OSU8,OregonState,Woodburn,NA,NA,0.318,Bt,1.26,0.318,0,22,1,8.814960000000001
1000,WoH2-3-1,WoH2-3,1,S2019OR053008,NA,NA,NA,,1.54,NA,2.246,NA,0.192,37.03101627,0.307630404,0.659972106,0.130264993,NA,0.218688982,0.311018131,NA,NA,9.642248567,16.24,4.792869875,32.84054369,36.8969697,NA,40.16475248,432.6795042,12.16051289,NA,NA,,OR-053-SW-008C-WV0134-052819,,NA,1000,Ap,0,5,WoH2,3,5/28/2019,-123.213616,45.074334,Woodburn,NA,90,Ref - Hazelnut,Ref,ORCHARD,Perennial,Hazelnut,"Mature hazelnut orchard, about 25 years old",Reference,OSU8,OregonState,Woodburn,NA,NA,2.246,A,1.54,2.246,0,5,1,17.2942
1001,WoH2-3-2,WoH2-3,2,S2019OR053008,NA,NA,NA,,1.58,NA,1.563,NA,0.143,35.49566933,0.20345356,0.615684093,0.074527253,NA,0.295606229,0.245550612,NA,NA,3.801216391,13.14675468,3.112527335,46.23006301,35.61514269,NA,16.82466667,260.8298786,6.547961061,NA,NA,,OR-053-SW-008C-WV0135-052819,,NA,1001,Ap,5,10,WoH2,3,5/28/2019,-123.213616,45.074334,Woodburn,NA,90,Ref - Hazelnut,Ref,ORCHARD,Perennial,Hazelnut,"Mature hazelnut orchard, about 25 years old",Reference,OSU8,OregonState,Woodburn,NA,NA,1.563,A,1.58,1.563,0,5,1,12.3477
1002,WoH2-3-3,WoH2-3,3,S2019OR053008,NA,NA,NA,,1.37,NA,1.134,NA,0.106,23.2159975,0.155862059,0.623369414,0.053844019,NA,0.206772134,0.362753261,NA,NA,3.672838137,7.52,3.50820202,32.53666563,40.9426025,NA,73.05884684,157.8819417,0.013774506,NA,NA,,OR-053-SW-008C-WV0136-052819,,NA,1002,A,10,46,WoH2,3,5/28/2019,-123.213616,45.074334,Woodburn,NA,90,Ref - Hazelnut,Ref,ORCHARD,Perennial,Hazelnut,"Mature hazelnut orchard, about 25 years old",Reference,OSU8,OregonState,Woodburn,NA,NA,1.134,A,1.37,1.134,0,36,1,55.92888
1003,WoH2-3-4,WoH2-3,4,S2019OR053008,NA,NA,NA,,1.38,NA,0.465,NA,0.053,17.95988815,0.062581279,0.500138466,0.009692606,NA,0.197729161,0.292716699,NA,NA,1.45717892,2.308594059,3.29848864,26.12470103,48.48982178,NA,25.02970297,30.65925767,0.048144862,NA,NA,,OR-053-SW-008C-WV0137-052819,,NA,1003,AB,46,78,WoH2,3,5/28/2019,-123.213616,45.074334,Woodburn,NA,90,Ref - Hazelnut,Ref,ORCHARD,Perennial,Hazelnut,"Mature hazelnut orchard, about 25 years old",Reference,OSU8,OregonState,Woodburn,NA,NA,0.465,AB,1.38,0.465,0,32,1,20.534399999999998
1004,WoH2-3-5,WoH2-3,5,S2019OR053008,NA,NA,NA,,1.26,NA,0.309,NA,0.039,12.04364415,0.05245882,0.501112966,0.00361714,NA,0.216750139,0.280745687,NA,NA,0.798286735,0.16,2.285714286,28.72,48.99385939,NA,8.993733576,43.64874713,7.570160906,NA,NA,,OR-053-SW-008C-WV0138-052819,,NA,1004,Bt,78,100,WoH2,3,5/28/2019,-123.213616,45.074334,Woodburn,NA,90,Ref - Hazelnut,Ref,ORCHARD,Perennial,Hazelnut,"Mature hazelnut orchard, about 25 years old",Reference,OSU8,OregonState,Woodburn,NA,NA,0.309,Bt,1.26,0.309,0,22,1,8.56548
1101,WoH3-1-1,WoH3-1,1,S2019OR047015,6,75.1,18.9,,1.22,NA,1.889,NA,0.145,8.870707298,NA,0.466537073,0.005554013,NA,0.138850319,0.322132741,NA,6.7,10.61833368,107.611798,17.3907451,153.44,153.8519216,NA,9.144622698,552.6611743,7.601985309,NA,NA,,OR-047-SW-015A-WV-0235-070919,19N03480,20,1101,Ap,0,5,WoH3,1,7/9/2019,-122.86279,44.94845,Woodburn,NA,91,Ref - Hazelnut,Ref,ORCHARD,Perennial,Hazelnut,"Hazelnut orchard planted in 1976. The understory was completely depauperate, partially due to periodic spraying for weeds. There were some trees affected by hazelnut blight, and the orchard was treated with lime in 2014",Reference,OSU15,OregonState,Woodburn,NA,NA,1.889,A,1.22,1.889,20,5,0.8,9.21832
1102,WoH3-1-2,WoH3-1,2,S2019OR047015,9.4,70.7,19.9,,1.56,NA,1.381,NA,0.114,17.48907281,NA,0.587941095,0.007779939,NA,0.270352876,0.30980828,NA,6.8,8.03627941,55.09512871,13.0499802,125.6,103.7841384,NA,-1.228282828,417.5143964,5.7027049,NA,NA,,OR-047-SW-015A-WV-0236-070919,19N03481,20,1102,Ap,5,10,WoH3,1,7/9/2019,-122.86279,44.94845,Woodburn,NA,91,Ref - Hazelnut,Ref,ORCHARD,Perennial,Hazelnut,"Hazelnut orchard planted in 1976. The understory was completely depauperate, partially due to periodic spraying for weeds. There were some trees affected by hazelnut blight, and the orchard was treated with lime in 2014",Reference,OSU15,OregonState,Woodburn,NA,NA,1.381,A,1.56,1.381,20,5,0.8,8.61744
1103,WoH3-1-3,WoH3-1,3,S2019OR047015,8.1,69.5,22.4,,1.53,NA,0.694,NA,0.069,18.1240384,NA,0.598888889,0.026388889,NA,0.263055556,0.309444444,NA,6.5,4.366469846,21.54455446,9.957212192,89.84,95.20744554,NA,7.676282828,26.19200052,1.545164809,NA,NA,,OR-047-SW-015A-WV-0237-070919,19N03482,25,1103,A,10,45,WoH3,1,7/9/2019,-122.86279,44.94845,Woodburn,NA,91,Ref - Hazelnut,Ref,ORCHARD,Perennial,Hazelnut,"Hazelnut orchard planted in 1976. The understory was completely depauperate, partially due to periodic spraying for weeds. There were some trees affected by hazelnut blight, and the orchard was treated with lime in 2014",Reference,OSU15,OregonState,Woodburn,NA,NA,0.694,A,1.53,0.694,25,35,0.75,27.872774999999997
1104,WoH3-1-4,WoH3-1,4,S2019OR047015,3.1,59.7,37.2,,1.4,NA,0.282,NA,0.037,20.69764643,NA,0.715833333,0.065277778,NA,0.330555556,0.32,NA,6,1.262586252,4.444444444,2.134970297,97.84,69.77406061,NA,49.24294312,-6.001829655,0.291283306,NA,NA,,OR-047-SW-015A-WV-0238-070919,19N03483,35,1104,Bt,45,95,WoH3,1,7/9/2019,-122.86279,44.94845,Woodburn,NA,91,Ref - Hazelnut,Ref,ORCHARD,Perennial,Hazelnut,"Hazelnut orchard planted in 1976. The understory was completely depauperate, partially due to periodic spraying for weeds. There were some trees affected by hazelnut blight, and the orchard was treated with lime in 2014",Reference,OSU15,OregonState,Woodburn,NA,NA,0.282,Bt,1.4,0.282,35,50,0.65,12.830999999999998
1105,WoH3-1-5,WoH3-1,5,S2019OR047015,2,67.6,30.4,,1.39,NA,0.197,NA,0.026,4.403647234,NA,0.627952209,0.008891359,NA,0.244512365,0.374548486,NA,6.1,1.032428382,0.792079208,0.710811881,160.72,52.552347,NA,4.336979592,-31.2889402,0.465681038,NA,NA,,OR-047-SW-015A-WV-0239-070919,19N03484,32,1105,Bt,95,100,WoH3,1,7/9/2019,-122.86279,44.94845,Woodburn,NA,91,Ref - Hazelnut,Ref,ORCHARD,Perennial,Hazelnut,"Hazelnut orchard planted in 1976. The understory was completely depauperate, partially due to periodic spraying for weeds. There were some trees affected by hazelnut blight, and the orchard was treated with lime in 2014",Reference,OSU15,OregonState,Woodburn,NA,NA,0.197,Bt,1.39,0.197,32,5,0.6799999999999999,0.931022
1106,WoH3-2-1,WoH3-2,1,S2019OR047015,NA,NA,NA,,1.22,NA,3.528,NA,0.249,48.26128786,NA,0.728131075,0.380449875,NA,0.207720078,0.139961122,NA,NA,13.65811585,107.92,17.58054902,98.8,130.8762353,NA,5.960727273,760.6351423,14.65384883,NA,NA,,OR-047-SW-015B-WV0240-070919,,NA,1106,Ap,0,5,WoH3,2,7/9/2019,-122.86289,44.94855,Woodburn,NA,91,Ref - Hazelnut,Ref,ORCHARD,Perennial,Hazelnut,"Hazelnut orchard planted in 1976. The understory was completely depauperate, partially due to periodic spraying for weeds. There were some trees affected by hazelnut blight, and the orchard was treated with lime in 2014",Reference,OSU15,OregonState,Woodburn,NA,NA,3.528,A,1.22,3.528,0,5,1,21.520799999999998
1107,WoH3-2-2,WoH3-2,2,S2019OR047015,NA,NA,NA,,1.56,NA,2.315,NA,0.175,57.96527744,NA,0.57963374,0.231687014,NA,0.194506104,0.153440622,NA,NA,10.28515536,81.26917172,15.78691516,77.2,102.0019394,NA,4.078431373,599.2435846,10.18485391,NA,NA,,OR-047-SW-015B-WV0241-070919,,NA,1107,Ap,5,10,WoH3,2,7/9/2019,-122.86289,44.94855,Woodburn,NA,91,Ref - Hazelnut,Ref,ORCHARD,Perennial,Hazelnut,"Hazelnut orchard planted in 1976. The understory was completely depauperate, partially due to periodic spraying for weeds. There were some trees affected by hazelnut blight, and the orchard was treated with lime in 2014",Reference,OSU15,OregonState,Woodburn,NA,NA,2.315,A,1.56,2.315,0,5,1,18.057000000000002
1108,WoH3-2-3,WoH3-2,3,S2019OR047015,NA,NA,NA,,1.53,NA,0.664,NA,0.061,10.93342826,NA,0.599111605,0.006107718,NA,0.220433093,0.372570794,NA,NA,3.499848362,21.44630463,3.89427451,114.4,74.90909091,NA,1.212121212,109.6330702,2.059447172,NA,NA,,OR-047-SW-015B-WV0242-070919,,NA,1108,A,10,45,WoH3,2,7/9/2019,-122.86289,44.94855,Woodburn,NA,91,Ref - Hazelnut,Ref,ORCHARD,Perennial,Hazelnut,"Hazelnut orchard planted in 1976. The understory was completely depauperate, partially due to periodic spraying for weeds. There were some trees affected by hazelnut blight, and the orchard was treated with lime in 2014",Reference,OSU15,OregonState,Woodburn,NA,NA,0.664,A,1.53,0.664,0,35,1,35.55720000000001
1109,WoH3-2-4,WoH3-2,4,S2019OR047015,NA,NA,NA,,1.4,NA,0.234,NA,0.037,20.00251019,NA,0.777222222,0.059166667,NA,0.457777778,0.260277778,NA,NA,1.189853775,3.68,0.24,82.64,68.30041592,NA,2.880683362,-41.93081089,-0.412672502,NA,NA,,OR-047-SW-015B-WV0243-070919,,NA,1109,Bt,45,95,WoH3,2,7/9/2019,-122.86289,44.94855,Woodburn,NA,91,Ref - Hazelnut,Ref,ORCHARD,Perennial,Hazelnut,"Hazelnut orchard planted in 1976. The understory was completely depauperate, partially due to periodic spraying for weeds. There were some trees affected by hazelnut blight, and the orchard was treated with lime in 2014",Reference,OSU15,OregonState,Woodburn,NA,NA,0.234,Bt,1.4,0.234,0,50,1,16.38
1110,WoH3-2-5,WoH3-2,5,S2019OR047015,NA,NA,NA,,1.39,NA,0.233,NA,0.034,17.29055247,NA,0.775833333,0.051111111,NA,0.439444444,0.285277778,NA,NA,1.268134976,1.264286429,1.02970297,45.6,72.77433663,NA,68.32960194,-42.28569577,-0.26500727,NA,NA,,OR-047-SW-015B-WV0244-070919,,NA,1110,Bt,95,100,WoH3,2,7/9/2019,-122.86289,44.94855,Woodburn,NA,91,Ref - Hazelnut,Ref,ORCHARD,Perennial,Hazelnut,"Hazelnut orchard planted in 1976. The understory was completely depauperate, partially due to periodic spraying for weeds. There were some trees affected by hazelnut blight, and the orchard was treated with lime in 2014",Reference,OSU15,OregonState,Woodburn,NA,NA,0.233,Bt,1.39,0.233,0,5,1,1.6193499999999998
1111,WoH3-3-1,WoH3-3,1,S2019OR047015,NA,NA,NA,,1.22,NA,4.818,NA,0.31,45.81099817,NA,0.528480133,0.10030564,NA,0.237288136,0.190886357,NA,NA,36.52515113,630.4417642,32.55461546,34.8,946.1325333,NA,77.81818182,1109.73127,5.610626292,NA,NA,,OR-047-SW-015C-WV0245-070919,,NA,1111,Ap,0,5,WoH3,3,7/9/2019,-122.86259,44.94815,Woodburn,NA,91,Ref - Hazelnut,Ref,ORCHARD,Perennial,Hazelnut,"Hazelnut orchard planted in 1976. The understory was completely depauperate, partially due to periodic spraying for weeds. There were some trees affected by hazelnut blight, and the orchard was treated with lime in 2014",Reference,OSU15,OregonState,Woodburn,NA,NA,4.818,A,1.22,4.818,0,5,1,29.389799999999994
1112,WoH3-3-2,WoH3-3,2,S2019OR047015,NA,NA,NA,,1.56,NA,2.477,NA,0.164,26.05949232,NA,0.512642401,0.026118366,NA,0.199777716,0.286746318,NA,NA,8.579072957,88.39318812,12.37693652,27.6,109.7029703,NA,5.249197861,610.8928867,8.579630989,NA,NA,,OR-047-SW-015C-WV0246-070919,,NA,1112,Ap,5,10,WoH3,3,7/9/2019,-122.86259,44.94815,Woodburn,NA,91,Ref - Hazelnut,Ref,ORCHARD,Perennial,Hazelnut,"Hazelnut orchard planted in 1976. The understory was completely depauperate, partially due to periodic spraying for weeds. There were some trees affected by hazelnut blight, and the orchard was treated with lime in 2014",Reference,OSU15,OregonState,Woodburn,NA,NA,2.477,A,1.56,2.477,0,5,1,19.3206
1113,WoH3-3-3,WoH3-3,3,S2019OR047015,NA,NA,NA,,1.53,NA,1.149,NA,0.083,6.545220039,NA,0.534166667,0.004166667,NA,0.203333333,0.326666667,NA,NA,3.628300065,19.92,4,24,60.75247525,NA,33.83967677,236.7740545,3.17966618,NA,NA,,OR-047-SW-015C-WV0247-070919,,NA,1113,A,10,45,WoH3,3,7/9/2019,-122.86259,44.94815,Woodburn,NA,91,Ref - Hazelnut,Ref,ORCHARD,Perennial,Hazelnut,"Hazelnut orchard planted in 1976. The understory was completely depauperate, partially due to periodic spraying for weeds. There were some trees affected by hazelnut blight, and the orchard was treated with lime in 2014",Reference,OSU15,OregonState,Woodburn,NA,NA,1.149,A,1.53,1.149,0,35,1,61.52895
1114,WoH3-3-4,WoH3-3,4,S2019OR047015,NA,NA,NA,,1.4,NA,0.385,NA,0.051,3.740679953,NA,0.802554846,0.001388503,NA,0.506248264,0.294918078,NA,NA,2.175071889,6.219181918,2.32,38.72,69.65656566,NA,3.673469388,-25.50615993,0.016320459,NA,NA,,OR-047-SW-015C-WV0248-070919,,NA,1114,Bt,45,95,WoH3,3,7/9/2019,-122.86259,44.94815,Woodburn,NA,91,Ref - Hazelnut,Ref,ORCHARD,Perennial,Hazelnut,"Hazelnut orchard planted in 1976. The understory was completely depauperate, partially due to periodic spraying for weeds. There were some trees affected by hazelnut blight, and the orchard was treated with lime in 2014",Reference,OSU15,OregonState,Woodburn,NA,NA,0.385,Bt,1.4,0.385,0,50,1,26.949999999999996
1115,WoH3-3-5,WoH3-3,5,S2019OR047015,NA,NA,NA,,1.39,NA,0.17,NA,0.024,26.9045623,NA,0.801666667,0.145277778,NA,0.4375,0.218888889,NA,NA,0.691450957,0.499089909,0.808565657,35.04,54.79168152,NA,4.012834225,48.94083431,-0.533605236,NA,NA,,OR-047-SW-015C-WV0249-070919,,NA,1115,Bt,95,100,WoH3,3,7/9/2019,-122.86259,44.94815,Woodburn,NA,91,Ref - Hazelnut,Ref,ORCHARD,Perennial,Hazelnut,"Hazelnut orchard planted in 1976. The understory was completely depauperate, partially due to periodic spraying for weeds. There were some trees affected by hazelnut blight, and the orchard was treated with lime in 2014",Reference,OSU15,OregonState,Woodburn,NA,NA,0.17,Bt,1.39,0.17,0,5,1,1.1815
897,WoNT1-1-1,WoNT1-1,1,S2019OR053003,8.7,70.2,21.1,,1.2,NA,3.094,NA,0.244,46.81014894,0.349836433,0.416849015,0.159190372,NA,0.204595186,0.053063457,NA,5.8,28.13393073,1329.91943,39.13861224,6.586501035,128.2230495,NA,50.8,881.9013667,7.327022462,NA,NA,,OR-053-SW-003A-WV0031-052019,19N03398,25,897,A,0,5,WoNT1,1,5/20/2019,-123.27097,44.737333,Woodburn,NA,92,SHM - No-till,SHM,CROP,No-till,No-till,Perennial rye grass planted in 2014 and not tilled since then. Grower reported irrigating approximately 2x per season.,AG-CROP,OSU3,OregonState,Woodburn,NA,NA,3.094,A,1.2,3.094,25,5,0.75,13.923
898,WoNT1-1-2,WoNT1-1,2,S2019OR053003,8.3,69.6,22.1,,1.32,NA,2.861,NA,0.217,70.79432866,0.603051984,0.626812585,0.282352941,NA,0.230916553,0.113543092,NA,6.2,18.4036154,207.568,46.04719192,0.172424242,150.08,NA,40.08163265,269.9865539,6.738907483,NA,NA,,OR-053-SW-003A-WV0032-052019,19N03399,25,898,A,5,10,WoNT1,1,5/20/2019,-123.27097,44.737333,Woodburn,NA,92,SHM - No-till,SHM,CROP,No-till,No-till,Perennial rye grass planted in 2014 and not tilled since then. Grower reported irrigating approximately 2x per season.,AG-CROP,OSU3,OregonState,Woodburn,NA,NA,2.861,A,1.32,2.861,25,5,0.75,14.161950000000003
899,WoNT1-1-3,WoNT1-1,3,S2019OR053003,7.1,68.3,24.6,,1.36,NA,1.544,NA,0.137,19.28714727,0.068381124,0.372266814,0.018544146,NA,0.144201495,0.209521174,NA,6,7.593023441,39.9139802,10.66849943,4.814775324,34.29671287,NA,15.27272727,74.27465151,3.508094026,NA,NA,,OR-053-SW-003A-WV0033-052019,19N03400,20,899,AB,10,33,WoNT1,1,5/20/2019,-123.27097,44.737333,Woodburn,NA,92,SHM - No-till,SHM,CROP,No-till,No-till,Perennial rye grass planted in 2014 and not tilled since then. Grower reported irrigating approximately 2x per season.,AG-CROP,OSU3,OregonState,Woodburn,NA,NA,1.544,AB,1.36,1.544,20,23,0.8,38.63705600000001
900,WoNT1-1-4,WoNT1-1,4,S2019OR053003,6.1,69.8,24.1,,1.35,NA,0.847,NA,0.078,5.359366123,0.010123694,0.11159978,0,NA,0.04837823,0.06322155,NA,5.7,2.741900682,8.480627451,3.917020829,30.89993555,13.39991919,NA,3.599915843,7.581863268,1.016879709,NA,NA,,OR-053-SW-003A-WV0034-052019,19N03401,20,900,Bt,33,70,WoNT1,1,5/20/2019,-123.27097,44.737333,Woodburn,NA,92,SHM - No-till,SHM,CROP,No-till,No-till,Perennial rye grass planted in 2014 and not tilled since then. Grower reported irrigating approximately 2x per season.,AG-CROP,OSU3,OregonState,Woodburn,NA,NA,0.847,Bt,1.35,0.847,20,37,0.8,33.846120000000006
901,WoNT1-1-5,WoNT1-1,5,S2019OR053003,18.1,43.7,38.2,,1.5,NA,0.464,NA,0.048,0.674116775,0.020159444,0.271388889,0,NA,0.066388889,0.205,NA,5.9,1.005241402,8.513616162,1.342341293,12.43006873,8.376888889,NA,3.137254902,76.55173056,-0.065150015,NA,NA,,OR-053-SW-003A-WV0035-052019,19N03402,10,901,2Bt,70,90,WoNT1,1,5/20/2019,-123.27097,44.737333,Woodburn,NA,92,SHM - No-till,SHM,CROP,No-till,No-till,Perennial rye grass planted in 2014 and not tilled since then. Grower reported irrigating approximately 2x per season.,AG-CROP,OSU3,OregonState,Woodburn,NA,NA,0.464,Bt,1.5,0.464,10,20,0.9,12.528000000000002
902,WoNT1-1-6,WoNT1-1,6,S2019OR053003,31.2,32,36.8,,1.58,NA,0.44,NA,0.063,13.2963422,0.069934891,0.600166945,0,NA,0.438230384,0.161936561,NA,6,0.852925689,6.910574257,0.81541185,14.48080808,24.15841584,NA,2.679677452,84.03510158,-0.100793347,NA,NA,,OR-053-SW-003A-WV0036-052019,19N03403,15,902,2Bt,90,100,WoNT1,1,5/20/2019,-123.27097,44.737333,Woodburn,NA,92,SHM - No-till,SHM,CROP,No-till,No-till,Perennial rye grass planted in 2014 and not tilled since then. Grower reported irrigating approximately 2x per season.,AG-CROP,OSU3,OregonState,Woodburn,NA,NA,0.44,Bt,1.58,0.44,15,10,0.85,5.9092
903,WoNT1-2-1,WoNT1-2,1,S2019OR053003,NA,NA,NA,,1.2,NA,2.905,NA,0.229,74.23033622,0.537420849,0.595973525,0.247380033,NA,0.277992278,0.070601213,NA,NA,31.19428527,1765.144871,45.84308373,0.10243299,164.6686269,NA,9.846901961,863.6107953,7.268465559,NA,NA,,OR-053-SW-003B-WV0037-052019,,NA,903,A,0,5,WoNT1,2,5/20/2019,-123.27107,44.737333,Woodburn,NA,92,SHM - No-till,SHM,CROP,No-till,No-till,Perennial rye grass planted in 2014 and not tilled since then. Grower reported irrigating approximately 2x per season.,AG-CROP,OSU3,OregonState,Woodburn,NA,NA,2.905,A,1.2,2.905,0,5,1,17.43
904,WoNT1-2-2,WoNT1-2,2,S2019OR053003,NA,NA,NA,,1.32,NA,2.889,NA,0.213,70.97970991,0.350010176,0.627612761,0.148514851,NA,0.317106711,0.161991199,NA,NA,21.39153196,140.2772277,38.82220408,-0.07979798,94.51670588,NA,5.906501157,272.1816254,6.140608694,NA,NA,,OR-053-SW-003B-WV0038-052019,,NA,904,A,5,10,WoNT1,2,5/20/2019,-123.27107,44.737333,Woodburn,NA,92,SHM - No-till,SHM,CROP,No-till,No-till,Perennial rye grass planted in 2014 and not tilled since then. Grower reported irrigating approximately 2x per season.,AG-CROP,OSU3,OregonState,Woodburn,NA,NA,2.889,A,1.32,2.889,0,5,1,19.0674
905,WoNT1-2-3,WoNT1-2,3,S2019OR053003,NA,NA,NA,,1.36,NA,1.292,NA,0.114,23.82891964,0.260177495,0.307437103,0.120541886,NA,0.105612386,0.081282831,NA,NA,6.104549241,33.23279208,9.603134021,0.074772277,29.44,NA,4.227439443,29.09257977,2.646289175,NA,NA,,OR-053-SW-003B-WV0039-052019,,NA,905,AB,10,33,WoNT1,2,5/20/2019,-123.27107,44.737333,Woodburn,NA,92,SHM - No-till,SHM,CROP,No-till,No-till,Perennial rye grass planted in 2014 and not tilled since then. Grower reported irrigating approximately 2x per season.,AG-CROP,OSU3,OregonState,Woodburn,NA,NA,1.292,AB,1.36,1.292,0,23,1,40.41376
906,WoNT1-2-4,WoNT1-2,4,S2019OR053003,NA,NA,NA,,1.35,NA,0.584,NA,0.068,5.130949878,0.111486959,0.432852386,0.04245283,NA,0.067702553,0.322697003,NA,NA,2.111670633,9.821782178,2.102893008,25.51770314,10.92234343,NA,4.802242018,-12.80680747,0.544605559,NA,NA,,OR-053-SW-003B-WV0040-052019,,NA,906,Bt,33,70,WoNT1,2,5/20/2019,-123.27107,44.737333,Woodburn,NA,92,SHM - No-till,SHM,CROP,No-till,No-till,Perennial rye grass planted in 2014 and not tilled since then. Grower reported irrigating approximately 2x per season.,AG-CROP,OSU3,OregonState,Woodburn,NA,NA,0.584,Bt,1.35,0.584,0,37,1,29.1708
907,WoNT1-2-5,WoNT1-2,5,S2019OR053003,NA,NA,NA,,1.5,NA,0.45,NA,0.062,8.643044865,0.054381044,0.593131868,0,NA,0.263736264,0.329395604,NA,NA,0.990803167,5.68,1.717587016,6.238515464,23.58641041,NA,11.10947666,78.07038733,0.236545332,NA,NA,,OR-053-SW-003B-WV0041-052019,,NA,907,2Bt,70,90,WoNT1,2,5/20/2019,-123.27107,44.737333,Woodburn,NA,92,SHM - No-till,SHM,CROP,No-till,No-till,Perennial rye grass planted in 2014 and not tilled since then. Grower reported irrigating approximately 2x per season.,AG-CROP,OSU3,OregonState,Woodburn,NA,NA,0.45,Bt,1.5,0.45,0,20,1,13.5
908,WoNT1-2-6,WoNT1-2,6,S2019OR053003,NA,NA,NA,,1.58,NA,0.54,NA,0.081,10.1982391,0.0694,0.649162011,0,NA,0.402234637,0.246927374,NA,NA,1.217537799,3.367579111,0.97414966,6.566530612,34.50980392,NA,6.680092083,36.37942973,0.297648187,NA,NA,,OR-053-SW-003B-WV0042-052019,,NA,908,2Bt,90,100,WoNT1,2,5/20/2019,-123.27107,44.737333,Woodburn,NA,92,SHM - No-till,SHM,CROP,No-till,No-till,Perennial rye grass planted in 2014 and not tilled since then. Grower reported irrigating approximately 2x per season.,AG-CROP,OSU3,OregonState,Woodburn,NA,NA,0.54,Bt,1.58,0.54,0,10,1,8.532
909,WoNT1-3-1,WoNT1-3,1,S2019OR053003,NA,NA,NA,,1.2,NA,2.825,NA,0.227,73.97184987,1.393093567,0.837092732,0.687830688,NA,0.109440267,0.039821777,NA,NA,20.69624091,760.5684706,56.50481283,6.869052632,1095.394819,NA,5.039583546,304.1711656,7.383033412,NA,NA,,OR-053-SW-003C-WV0043-052019,,NA,909,A,0,5,WoNT1,3,5/20/2019,-123.27077,44.737633,Woodburn,NA,92,SHM - No-till,SHM,CROP,No-till,No-till,Perennial rye grass planted in 2014 and not tilled since then. Grower reported irrigating approximately 2x per season.,AG-CROP,OSU3,OregonState,Woodburn,NA,NA,2.825,A,1.2,2.825,0,5,1,16.95
910,WoNT1-3-2,WoNT1-3,2,S2019OR053003,NA,NA,NA,,1.32,NA,2.336,NA,0.211,55.29886322,0.616645108,0.658536585,0.286653878,NA,0.271581255,0.100301452,NA,NA,12.99338843,162.8391287,41.7080396,0.313120567,934.1281328,NA,5.656565657,313.2797281,6.225898096,NA,NA,,OR-053-SW-003C-WV0044-052019,,NA,910,A,5,10,WoNT1,3,5/20/2019,-123.27077,44.737633,Woodburn,NA,92,SHM - No-till,SHM,CROP,No-till,No-till,Perennial rye grass planted in 2014 and not tilled since then. Grower reported irrigating approximately 2x per season.,AG-CROP,OSU3,OregonState,Woodburn,NA,NA,2.336,A,1.32,2.336,0,5,1,15.4176
911,WoNT1-3-3,WoNT1-3,3,S2019OR053003,NA,NA,NA,,1.36,NA,1.481,NA,0.133,16.88801194,0.12511289,0.490477505,0.039746067,NA,0.249792989,0.200938449,NA,NA,6.99254416,129.8217822,13.04269307,-0.065079663,89.62888759,NA,15.2,290.889828,3.399891053,NA,NA,,OR-053-SW-003C-WV0045-052019,,NA,911,AB,10,33,WoNT1,3,5/20/2019,-123.27077,44.737633,Woodburn,NA,92,SHM - No-till,SHM,CROP,No-till,No-till,Perennial rye grass planted in 2014 and not tilled since then. Grower reported irrigating approximately 2x per season.,AG-CROP,OSU3,OregonState,Woodburn,NA,NA,1.481,AB,1.36,1.481,0,23,1,46.325680000000006
912,WoNT1-3-4,WoNT1-3,4,S2019OR053003,NA,NA,NA,,1.35,NA,0.583,NA,0.066,7.878031419,0.051028445,0.509251588,0.00690417,NA,0.121789561,0.380557857,NA,NA,1.501883065,10.13861386,4.792554455,9.91764826,29.46534653,NA,13.83396077,32.73600475,0.512781155,NA,NA,,OR-053-SW-003C-WV0046-052019,,NA,912,Bt,33,70,WoNT1,3,5/20/2019,-123.27077,44.737633,Woodburn,NA,92,SHM - No-till,SHM,CROP,No-till,No-till,Perennial rye grass planted in 2014 and not tilled since then. Grower reported irrigating approximately 2x per season.,AG-CROP,OSU3,OregonState,Woodburn,NA,NA,0.583,Bt,1.35,0.583,0,37,1,29.12085
913,WoNT1-3-5,WoNT1-3,5,S2019OR053003,NA,NA,NA,,1.5,NA,0.435,NA,0.054,5.177351952,0.120988024,0.633641807,0.030212303,NA,0.328524769,0.274904736,NA,NA,0.954717135,4.8,1.042851485,4.245189003,40.53624242,NA,5.436893204,106.5197125,0.190718191,NA,NA,,OR-053-SW-003C-WV0047-052019,,NA,913,2Bt,70,90,WoNT1,3,5/20/2019,-123.27077,44.737633,Woodburn,NA,92,SHM - No-till,SHM,CROP,No-till,No-till,Perennial rye grass planted in 2014 and not tilled since then. Grower reported irrigating approximately 2x per season.,AG-CROP,OSU3,OregonState,Woodburn,NA,NA,0.435,Bt,1.5,0.435,0,20,1,13.049999999999999
914,WoNT1-3-6,WoNT1-3,6,S2019OR053003,NA,NA,NA,,1.58,NA,0.483,NA,0.067,6.902055445,0.685506297,0.746708643,0.318546079,NA,0.295649685,0.132512879,NA,NA,0.751418714,0.16,3.490881401,3.309204191,65.09552941,NA,5.323257224,52.56585495,0.109247717,NA,NA,,OR-053-SW-003C-WV0048-052019,,NA,914,2Bt,90,100,WoNT1,3,5/20/2019,-123.27077,44.737633,Woodburn,NA,92,SHM - No-till,SHM,CROP,No-till,No-till,Perennial rye grass planted in 2014 and not tilled since then. Grower reported irrigating approximately 2x per season.,AG-CROP,OSU3,OregonState,Woodburn,NA,NA,0.483,Bt,1.58,0.483,0,10,1,7.6314
972,WoNT2-1-1,WoNT2-1,1,S2019OR053007,3.5,73,23.5,,1.19,NA,2.819,NA,0.25,32.70920084,0.170034502,0.611574847,0.059543684,NA,0.249304396,0.302726767,NA,4.3,8.847237615,79.56719192,19.84536628,27.23622642,117.8432149,NA,7.03052355,510.2665152,9.177929777,NA,NA,,OR-053-SW-007A-WV0106-052819,19N03426,15,972,Ap,0,5,WoNT2,1,5/28/2019,-123.21367,45.07067,Woodburn,NA,93,SHM - No-till,SHM,GRASS,No-till,No-till,"Orchard grass, 18 years with no tillage.",AG-CROP,OSU7,OregonState,Woodburn,NA,NA,2.819,A,1.19,2.819,15,5,0.85,14.257092499999997
973,WoNT2-1-2,WoNT2-1,2,S2019OR053007,3.8,71.7,24.5,,1.43,NA,2.084,NA,0.182,18.79284828,0.288898117,0.611849391,0.116002215,NA,0.351882614,0.143964563,NA,4.8,5.037151803,45.90763076,11.5138322,27.80961476,90.29239216,NA,7.18955102,328.6685461,6.182616907,NA,NA,,OR-053-SW-007A-WV0107-052819,19N03427,10,973,Ap,5,10,WoNT2,1,5/28/2019,-123.21367,45.07067,Woodburn,NA,93,SHM - No-till,SHM,GRASS,No-till,No-till,"Orchard grass, 18 years with no tillage.",AG-CROP,OSU7,OregonState,Woodburn,NA,NA,2.084,A,1.43,2.084,10,5,0.9,13.41054
974,WoNT2-1-3,WoNT2-1,3,S2019OR053007,3.7,72,24.3,,1.5,NA,1.726,NA,0.148,5.48332783,0.077052719,0.590394701,0.004140215,NA,0.433342534,0.152911951,NA,5.5,5.027883892,36.29655446,6.009237113,42.99773977,85.9620362,NA,6.591638597,420.3567424,4.066930553,NA,NA,,OR-053-SW-007A-WV0108-052819,19N03428,10,974,Ap,10,33,WoNT2,1,5/28/2019,-123.21367,45.07067,Woodburn,NA,93,SHM - No-till,SHM,GRASS,No-till,No-till,"Orchard grass, 18 years with no tillage.",AG-CROP,OSU7,OregonState,Woodburn,NA,NA,1.726,A,1.5,1.726,10,23,0.9,53.5923
975,WoNT2-1-4,WoNT2-1,4,S2019OR053007,3.5,67.5,29,,1.41,NA,1.009,NA,0.094,7.864740311,0.620372473,0.62918859,0.292716699,NA,0.196621435,0.139850457,NA,6.1,3.341670722,4.541737374,2.348711606,56.32452525,62.40480048,NA,1.973696145,124.2062467,1.141631371,NA,NA,,OR-053-SW-007A-WV0109-052819,19N03429,10,975,Bt,33,61,WoNT2,1,5/28/2019,-123.21367,45.07067,Woodburn,NA,93,SHM - No-till,SHM,GRASS,No-till,No-till,"Orchard grass, 18 years with no tillage.",AG-CROP,OSU7,OregonState,Woodburn,NA,NA,1.009,Bt,1.41,1.009,10,28,0.9,35.851788
976,WoNT2-1-5,WoNT2-1,5,S2019OR053007,2.9,61.9,35.2,,1.35,NA,0.594,NA,0.061,24.20883122,0.0838925,0.61,0.007777778,NA,0.418611111,0.183611111,NA,6.2,2.425046178,5.916514851,2.171821306,29.03092784,54.68663102,NA,22.65578866,180.6373352,0.600616509,NA,NA,,OR-053-SW-007A-WV0110-052819,19N03430,10,976,Bt,61,79,WoNT2,1,5/28/2019,-123.21367,45.07067,Woodburn,NA,93,SHM - No-till,SHM,GRASS,No-till,No-till,"Orchard grass, 18 years with no tillage.",AG-CROP,OSU7,OregonState,Woodburn,NA,NA,0.594,Bt,1.35,0.594,10,18,0.9,12.99078
977,WoNT2-1-6,WoNT2-1,6,S2019OR053007,3,71.8,25.2,,1.28,NA,0.335,NA,0.046,27.94850205,0.112486389,0.716944444,0.017777778,NA,0.458333333,0.240833333,NA,6.6,0.993950131,5.011009901,1.155628866,26.44093799,38.51770297,NA,9.381847584,73.41617857,0.051963791,NA,NA,,OR-053-SW-007A-WV0111-052819,19N03431,18,977,Btg,79,100,WoNT2,1,5/28/2019,-123.21367,45.07067,Woodburn,NA,93,SHM - No-till,SHM,GRASS,No-till,No-till,"Orchard grass, 18 years with no tillage.",AG-CROP,OSU7,OregonState,Woodburn,NA,NA,0.335,Bt,1.28,0.335,18,21,0.8200000000000001,7.383936
978,WoNT2-2-1,WoNT2-2,1,S2019OR053007,NA,NA,NA,,1.19,NA,2.272,NA,0.183,40.94018931,0.068729016,0.598665926,0.003057254,NA,0.356864925,0.238743747,NA,NA,15.32630832,107.5719604,27.11886209,18.94054902,159.6039604,NA,4.726712671,588.5899953,9.457984529,NA,NA,,OR-053-SW-007B-WV0112-052819,,NA,978,Ap,0,5,WoNT2,2,5/28/2019,-123.21377,45.07057,Woodburn,NA,93,SHM - No-till,SHM,GRASS,No-till,No-till,"Orchard grass, 18 years with no tillage.",AG-CROP,OSU7,OregonState,Woodburn,NA,NA,2.272,A,1.19,2.272,0,5,1,13.518399999999996
979,WoNT2-2-2,WoNT2-2,2,S2019OR053007,NA,NA,NA,,1.43,NA,2.17,NA,0.185,20.77844906,0.333093785,0.682852386,0.13845727,NA,0.31409545,0.230299667,NA,NA,7.882516698,60.61116832,15.61253945,44.8,112.1332557,NA,0.420448575,421.6841435,6.213168335,NA,NA,,OR-053-SW-007B-WV0113-052819,,NA,979,Ap,5,10,WoNT2,2,5/28/2019,-123.21377,45.07057,Woodburn,NA,93,SHM - No-till,SHM,GRASS,No-till,No-till,"Orchard grass, 18 years with no tillage.",AG-CROP,OSU7,OregonState,Woodburn,NA,NA,2.17,A,1.43,2.17,0,5,1,15.5155
980,WoNT2-2-3,WoNT2-2,3,S2019OR053007,NA,NA,NA,,1.5,NA,1.8,NA,0.157,12.94347229,0.144185134,0.561985738,0.049369172,NA,0.210093253,0.302523313,NA,NA,5.082973078,26.08031683,6.061272519,25.28,90.05476548,NA,0.395216495,423.2201163,4.462826135,NA,NA,,OR-053-SW-007B-WV0114-052819,,NA,980,Ap,10,33,WoNT2,2,5/28/2019,-123.21377,45.07057,Woodburn,NA,93,SHM - No-till,SHM,GRASS,No-till,No-till,"Orchard grass, 18 years with no tillage.",AG-CROP,OSU7,OregonState,Woodburn,NA,NA,1.8,A,1.5,1.8,0,23,1,62.1
981,WoNT2-2-4,WoNT2-2,4,S2019OR053007,NA,NA,NA,,1.41,NA,0.876,NA,0.088,11.65555132,0.06992867,0.664639204,5.52944e-4,NA,0.386508156,0.277578103,NA,NA,3.719275023,12.81426025,3.520639596,21.68,63.5959596,NA,1.422325762,154.8191807,1.074163635,NA,NA,,OR-053-SW-007B-WV0115-052819,,NA,981,Bt,33,61,WoNT2,2,5/28/2019,-123.21377,45.07057,Woodburn,NA,93,SHM - No-till,SHM,GRASS,No-till,No-till,"Orchard grass, 18 years with no tillage.",AG-CROP,OSU7,OregonState,Woodburn,NA,NA,0.876,Bt,1.41,0.876,0,28,1,34.58448
982,WoNT2-2-5,WoNT2-2,5,S2019OR053007,NA,NA,NA,,1.35,NA,0.46,NA,0.051,13.51965927,0.109030261,0.781232649,0.013048306,NA,0.485285952,0.28289839,NA,NA,1.812623185,5.52,1.965052588,33.68,59.63843914,NA,10.7961165,58.3278834,0.274734616,NA,NA,,OR-053-SW-007B-WV0116-052819,,NA,982,Bt,61,79,WoNT2,2,5/28/2019,-123.21377,45.07057,Woodburn,NA,93,SHM - No-till,SHM,GRASS,No-till,No-till,"Orchard grass, 18 years with no tillage.",AG-CROP,OSU7,OregonState,Woodburn,NA,NA,0.46,Bt,1.35,0.46,0,18,1,11.178000000000003
983,WoNT2-2-6,WoNT2-2,6,S2019OR053007,NA,NA,NA,,1.28,NA,0.249,NA,0.039,16.94395871,0.102438699,0.506255213,0.030025021,NA,0.197108702,0.27912149000000003,NA,NA,1.292247238,4.435643564,1.344073825,86.56,36.59691089,NA,14.25914696,45.55039347,-0.032052635,NA,NA,,OR-053-SW-007B-WV0117-052819,,NA,983,Btg,79,100,WoNT2,2,5/28/2019,-123.21377,45.07057,Woodburn,NA,93,SHM - No-till,SHM,GRASS,No-till,No-till,"Orchard grass, 18 years with no tillage.",AG-CROP,OSU7,OregonState,Woodburn,NA,NA,0.249,Bt,1.28,0.249,0,21,1,6.69312
984,WoNT2-3-1,WoNT2-3,1,S2019OR053007,NA,NA,NA,,1.19,NA,2.402,NA,0.211,23.50122705,0.105075424,0.669357083,0.016420818,NA,0.432507654,0.220428611,NA,NA,11.27074081,86.36958416,22.53042424,62.72,117.5445545,NA,2.587284611,522.8043559,7.515422931,NA,NA,,OR-053-SW-007C-WV0118-052819,,NA,984,Ap,0,5,WoNT2,3,5/28/2019,-123.21387,45.07097,Woodburn,NA,93,SHM - No-till,SHM,GRASS,No-till,No-till,"Orchard grass, 18 years with no tillage.",AG-CROP,OSU7,OregonState,Woodburn,NA,NA,2.402,A,1.19,2.402,0,5,1,14.2919
985,WoNT2-3-2,WoNT2-3,2,S2019OR053007,NA,NA,NA,,1.43,NA,1.467,NA,0.123,27.76176429,0.211619246,0.636993899,0.07598447,NA,0.343871326,0.217138103,NA,NA,6.087307297,33.16467327,7.296089609,37.68,84.76767677,NA,0.13769697,397.6032461,5.697612996,NA,NA,,OR-053-SW-007C-WV0119-052819,,NA,985,Ap,5,10,WoNT2,3,5/28/2019,-123.21387,45.07097,Woodburn,NA,93,SHM - No-till,SHM,GRASS,No-till,No-till,"Orchard grass, 18 years with no tillage.",AG-CROP,OSU7,OregonState,Woodburn,NA,NA,1.467,A,1.43,1.467,0,5,1,10.489049999999999
986,WoNT2-3-3,WoNT2-3,3,S2019OR053007,NA,NA,NA,,1.5,NA,1.782,NA,0.155,12.05474241,0.292034722,0.698611111,0.117222222,NA,0.307777778,0.273611111,NA,NA,4.74562148,25.84,5.955805477,27.76,64.67928713,NA,1.512043512,336.001319,4.40172328,NA,NA,,OR-053-SW-007C-WV0120-052819,,NA,986,Ap,10,33,WoNT2,3,5/28/2019,-123.21387,45.07097,Woodburn,NA,93,SHM - No-till,SHM,GRASS,No-till,No-till,"Orchard grass, 18 years with no tillage.",AG-CROP,OSU7,OregonState,Woodburn,NA,NA,1.782,A,1.5,1.782,0,23,1,61.479
987,WoNT2-3-4,WoNT2-3,4,S2019OR053007,NA,NA,NA,,1.41,NA,0.932,NA,0.093,10.96115145,0.042228414,0.309517241,0,NA,0.296827586,0.012689655,NA,NA,2.383709929,10.11136634,2.770154129,128.485551,49.983841580000004,NA,39.87062866,190.589468,1.256199224,NA,NA,,OR-053-SW-007C-WV0121-052819,,NA,987,Bt,33,61,WoNT2,3,5/28/2019,-123.21387,45.07097,Woodburn,NA,93,SHM - No-till,SHM,GRASS,No-till,No-till,"Orchard grass, 18 years with no tillage.",AG-CROP,OSU7,OregonState,Woodburn,NA,NA,0.932,Bt,1.41,0.932,0,28,1,36.79536
988,WoNT2-3-5,WoNT2-3,5,S2019OR053007,NA,NA,NA,,1.35,NA,0.546,NA,0.059,19.95753752,0.068751525,0.695230172,2.77316e-4,NA,0.360510261,0.334442596,NA,NA,1.589296412,7.184941176,1.60720072,59.86859046,55.5865098,NA,16.46651849,123.037836,0.51787306,NA,NA,,OR-053-SW-007C-WV0122-052819,,NA,988,Bt,61,79,WoNT2,3,5/28/2019,-123.21387,45.07097,Woodburn,NA,93,SHM - No-till,SHM,GRASS,No-till,No-till,"Orchard grass, 18 years with no tillage.",AG-CROP,OSU7,OregonState,Woodburn,NA,NA,0.546,Bt,1.35,0.546,0,18,1,13.267800000000001
989,WoNT2-3-6,WoNT2-3,6,S2019OR053007,NA,NA,NA,,1.28,NA,0.282,NA,0.042,28.33437864,0.266377815,0.737281068,0.097303308,NA,0.435084793,0.204892966,NA,NA,1.039228538,1.442196078,0.97540107,67.44289468,48.4,NA,4.736633663,60.12538209,0.162712715,NA,NA,,OR-053-SW-007C-WV0123-052819,,NA,989,Btg,79,100,WoNT2,3,5/28/2019,-123.21387,45.07097,Woodburn,NA,93,SHM - No-till,SHM,GRASS,No-till,No-till,"Orchard grass, 18 years with no tillage.",AG-CROP,OSU7,OregonState,Woodburn,NA,NA,0.282,Bt,1.28,0.282,0,21,1,7.580159999999999
1146,WoNT3-1-1,WoNT3-1,1,S2019OR047018,6.7,72.6,20.7,,1.17,NA,3.098,NA,0.22,46.02615073,NA,0.772007776,0.314634824,NA,0.336850875,0.120522077,NA,5.3,39.88690466,167.1287129,60.68686869,177.04,671.4117172,NA,9.800437363,724.1759932,10.16066736,NA,NA,,OR-047-SW-018A-WV0280-072619,19N03498,10,1146,Ap,0,5,WoNT3,1,7/26/2019,-122.856544,44.950981,Woodburn,NA,94,SHM - No-till,SHM,CROP,No-till,No-till,"Planted in 2012 to tall fescue, per the farmer. He also indicates that the field is non-irrigated and that they take extra care to reduce disturbance to the soil whenever possible.",AG-CROP,OSU18,OregonState,Woodburn,NA,NA,3.098,A,1.17,3.098,10,5,0.9,16.310969999999998
1147,WoNT3-1-2,WoNT3-1,2,S2019OR047018,7,72.4,20.6,,1.34,NA,2.235,NA,0.167,16.90176989,NA,0.649624896,0.141706029,NA,0.350097249,0.157821617,NA,5.8,15.59718814,974.4950495,34.288,121.28,158.1888627,NA,13.37943177,655.9065464,7.654177331,NA,NA,,OR-047-SW-018A-WV0281-072619,19N03499,10,1147,Ap,5,10,WoNT3,1,7/26/2019,-122.856544,44.950981,Woodburn,NA,94,SHM - No-till,SHM,CROP,No-till,No-till,"Planted in 2012 to tall fescue, per the farmer. He also indicates that the field is non-irrigated and that they take extra care to reduce disturbance to the soil whenever possible.",AG-CROP,OSU18,OregonState,Woodburn,NA,NA,2.235,A,1.34,2.235,10,5,0.9,13.47705
1148,WoNT3-1-3,WoNT3-1,3,S2019OR047018,6.8,72.2,21,,1.36,NA,1.666,NA,0.133,16.49830249,NA,0.637954987,0.023617672,NA,0.31258683,0.301750486,NA,6.1,12.49406939,75.35628283,21.36348515,84.96,123.6078431,NA,17.91176238,573.7734167,6.202984525,NA,NA,,OR-047-SW-018A-WV0282-072619,19N03500,10,1148,Ap,10,21,WoNT3,1,7/26/2019,-122.856544,44.950981,Woodburn,NA,94,SHM - No-till,SHM,CROP,No-till,No-till,"Planted in 2012 to tall fescue, per the farmer. He also indicates that the field is non-irrigated and that they take extra care to reduce disturbance to the soil whenever possible.",AG-CROP,OSU18,OregonState,Woodburn,NA,NA,1.666,A,1.36,1.666,10,11,0.9,22.431024000000004
1149,WoNT3-1-4,WoNT3-1,4,S2019OR047018,4,62.5,33.5,,1.46,NA,0.495,NA,0.054,8.868612288,NA,0.783333333,0.0125,NA,0.516111111,0.254722222,NA,6.3,4.777523604,16.10577058,8.332356436,8.72,58.12141176,NA,15.47639502,80.43890302,0.705000553,NA,NA,,OR-047-SW-018A-WV0283-072619,19N03501,5,1149,Bt,21,70,WoNT3,1,7/26/2019,-122.856544,44.950981,Woodburn,NA,94,SHM - No-till,SHM,CROP,No-till,No-till,"Planted in 2012 to tall fescue, per the farmer. He also indicates that the field is non-irrigated and that they take extra care to reduce disturbance to the soil whenever possible.",AG-CROP,OSU18,OregonState,Woodburn,NA,NA,0.495,Bt,1.46,0.495,5,49,0.95,33.641685
1150,WoNT3-1-5,WoNT3-1,5,S2019OR047018,2.8,69.3,27.9,,1.41,NA,0.215,NA,0.026,52.90405489,NA,0.869202999,0.242432658,NA,0.437933907,0.188836434,NA,5.8,1.83384258,3.722772277,2,38.32,50.78109091,NA,10.22806281,28.43639354,-0.419037383,NA,NA,,OR-047-SW-018A-WV0284-072619,19N03502,10,1150,Bt,70,100,WoNT3,1,7/26/2019,-122.856544,44.950981,Woodburn,NA,94,SHM - No-till,SHM,CROP,No-till,No-till,"Planted in 2012 to tall fescue, per the farmer. He also indicates that the field is non-irrigated and that they take extra care to reduce disturbance to the soil whenever possible.",AG-CROP,OSU18,OregonState,Woodburn,NA,NA,0.215,Bt,1.41,0.215,10,30,0.9,8.18505
1151,WoNT3-2-1,WoNT3-2,1,S2019OR047018,NA,NA,NA,,1.17,NA,2.953,NA,0.21,41.42657233,NA,0.694722222,0.344722222,NA,0.223888889,0.126111111,NA,NA,23.11401278,162.4294141,39.48087129,77.28,794.9661414,NA,11.62213162,740.2694742,11.46292196,NA,NA,,OR-047-SW-018B-WV0285-072619,,NA,1151,Ap,0,5,WoNT3,2,7/26/2019,-122.856644,44.950981,Woodburn,NA,94,SHM - No-till,SHM,CROP,No-till,No-till,"Planted in 2012 to tall fescue, per the farmer. He also indicates that the field is non-irrigated and that they take extra care to reduce disturbance to the soil whenever possible.",AG-CROP,OSU18,OregonState,Woodburn,NA,NA,2.953,A,1.17,2.953,0,5,1,17.27505
1152,WoNT3-2-2,WoNT3-2,2,S2019OR047018,NA,NA,NA,,1.34,NA,2.067,NA,0.155,10.59356446,NA,0.639722222,0.0525,NA,0.292777778,0.294444444,NA,NA,12.29117279,113.3693737,19.98959425,101.04,101.8314343,NA,10.03231373,604.3730026,7.213727585,NA,NA,,OR-047-SW-018B-WV0286-072619,,NA,1152,Ap,5,10,WoNT3,2,7/26/2019,-122.856644,44.950981,Woodburn,NA,94,SHM - No-till,SHM,CROP,No-till,No-till,"Planted in 2012 to tall fescue, per the farmer. He also indicates that the field is non-irrigated and that they take extra care to reduce disturbance to the soil whenever possible.",AG-CROP,OSU18,OregonState,Woodburn,NA,NA,2.067,A,1.34,2.067,0,5,1,13.848900000000002
1153,WoNT3-2-3,WoNT3-2,3,S2019OR047018,NA,NA,NA,,1.36,NA,1.715,NA,0.139,8.844415896,NA,0.611388889,0.036944444,NA,0.279166667,0.295277778,NA,NA,9.674998476,54.67684848,12.6341293,43.84,97.9009901,NA,71.91919192,510.9305159,6.111330243,NA,NA,,OR-047-SW-018B-WV0287-072619,,NA,1153,Ap,10,21,WoNT3,2,7/26/2019,-122.856644,44.950981,Woodburn,NA,94,SHM - No-till,SHM,CROP,No-till,No-till,"Planted in 2012 to tall fescue, per the farmer. He also indicates that the field is non-irrigated and that they take extra care to reduce disturbance to the soil whenever possible.",AG-CROP,OSU18,OregonState,Woodburn,NA,NA,1.715,A,1.36,1.715,0,11,1,25.6564
1154,WoNT3-2-4,WoNT3-2,4,S2019OR047018,NA,NA,NA,,1.46,NA,0.595,NA,0.059,14.76220044,NA,0.732222222,0.009444444,NA,0.390555556,0.332222222,NA,NA,3.657647882,14.8,5.699764706,38.16,68.11305131,NA,83.12781268,178.1285294,1.47345382,NA,NA,,OR-047-SW-018B-WV0288-072619,,NA,1154,Bt,21,70,WoNT3,2,7/26/2019,-122.856644,44.950981,Woodburn,NA,94,SHM - No-till,SHM,CROP,No-till,No-till,"Planted in 2012 to tall fescue, per the farmer. He also indicates that the field is non-irrigated and that they take extra care to reduce disturbance to the soil whenever possible.",AG-CROP,OSU18,OregonState,Woodburn,NA,NA,0.595,Bt,1.46,0.595,0,49,1,42.5663
1155,WoNT3-2-5,WoNT3-2,5,S2019OR047018,NA,NA,NA,,1.41,NA,0.226,NA,0.032,15.32167214,NA,0.755,0.054444444,NA,0.394444444,0.306111111,NA,NA,1.874345043,5.325172517,2.48,43.68,55.56956863,NA,52.1504664,143.3571242,3.112198444,NA,NA,,OR-047-SW-018B-WV0289-072619,,NA,1155,Bt,70,100,WoNT3,2,7/26/2019,-122.856644,44.950981,Woodburn,NA,94,SHM - No-till,SHM,CROP,No-till,No-till,"Planted in 2012 to tall fescue, per the farmer. He also indicates that the field is non-irrigated and that they take extra care to reduce disturbance to the soil whenever possible.",AG-CROP,OSU18,OregonState,Woodburn,NA,NA,0.226,Bt,1.41,0.226,0,30,1,9.5598
1156,WoNT3-3-1,WoNT3-3,1,S2019OR047018,NA,NA,NA,,1.17,NA,2.542,NA,0.18,37.02846099,NA,0.769722222,0.225555556,NA,0.370555556,0.173611111,NA,NA,17.87134422,71.41893069,18.59849505,65.2,88.64,NA,98.36102198,669.8546465,9.442708815,NA,NA,,OR-047-SW-018C-WV0290-072619,,NA,1156,Ap,0,5,WoNT3,3,7/26/2019,-122.856744,44.950981,Woodburn,NA,94,SHM - No-till,SHM,CROP,No-till,No-till,"Planted in 2012 to tall fescue, per the farmer. He also indicates that the field is non-irrigated and that they take extra care to reduce disturbance to the soil whenever possible.",AG-CROP,OSU18,OregonState,Woodburn,NA,NA,2.542,A,1.17,2.542,0,5,1,14.8707
1157,WoNT3-3-2,WoNT3-3,2,S2019OR047018,NA,NA,NA,,1.34,NA,2.054,NA,0.156,25.11395486,NA,0.755555556,0.101666667,NA,0.410555556,0.243333333,NA,NA,9.392399783,78.28478848,15.6,39.6,114.6252673,NA,6.920532053,575.1270184,7.066062352,NA,NA,,OR-047-SW-018C-WV0291-072619,,NA,1157,Ap,5,10,WoNT3,3,7/26/2019,-122.856744,44.950981,Woodburn,NA,94,SHM - No-till,SHM,CROP,No-till,No-till,"Planted in 2012 to tall fescue, per the farmer. He also indicates that the field is non-irrigated and that they take extra care to reduce disturbance to the soil whenever possible.",AG-CROP,OSU18,OregonState,Woodburn,NA,NA,2.054,A,1.34,2.054,0,5,1,13.7618
1158,WoNT3-3-3,WoNT3-3,3,S2019OR047018,NA,NA,NA,,1.36,NA,1.456,NA,0.116,14.40083769,NA,0.678333333,0.03,NA,0.353333333,0.295,NA,NA,6.195979018,46.16,12.21696758,40.72,102.7326733,NA,103.6018072,471.8403059,4.246844515,NA,NA,,OR-047-SW-018C-WV0292-072619,,NA,1158,Ap,10,21,WoNT3,3,7/26/2019,-122.856744,44.950981,Woodburn,NA,94,SHM - No-till,SHM,CROP,No-till,No-till,"Planted in 2012 to tall fescue, per the farmer. He also indicates that the field is non-irrigated and that they take extra care to reduce disturbance to the soil whenever possible.",AG-CROP,OSU18,OregonState,Woodburn,NA,NA,1.456,A,1.36,1.456,0,11,1,21.781760000000002
1159,WoNT3-3-4,WoNT3-3,4,S2019OR047018,NA,NA,NA,,1.46,NA,0.671,NA,0.067,15.13976578,NA,0.679444444,0.008055556,NA,0.363333333,0.308055556,NA,NA,3.769939394,17.36839604,5.306930693,46.72,39.73584314,NA,92.14042718,184.3783985,1.47897005,NA,NA,,OR-047-SW-018C-WV0293-072619,,NA,1159,Bt,21,70,WoNT3,3,7/26/2019,-122.856744,44.950981,Woodburn,NA,94,SHM - No-till,SHM,CROP,No-till,No-till,"Planted in 2012 to tall fescue, per the farmer. He also indicates that the field is non-irrigated and that they take extra care to reduce disturbance to the soil whenever possible.",AG-CROP,OSU18,OregonState,Woodburn,NA,NA,0.671,Bt,1.46,0.671,0,49,1,48.00334
1160,WoNT3-3-5,WoNT3-3,5,S2019OR047018,NA,NA,NA,,1.41,NA,0.231,NA,0.033,46.63823766,NA,0.822222222,0.244166667,NA,0.371111111,0.206944444,NA,NA,1.532635164,6.131393939,0.138980392,134.16,56.04863366,NA,13.38383673,100.1750086,-0.23827477,NA,NA,,OR-047-SW-018C-WV0294-072619,,NA,1160,Bt,70,100,WoNT3,3,7/26/2019,-122.856744,44.950981,Woodburn,NA,94,SHM - No-till,SHM,CROP,No-till,No-till,"Planted in 2012 to tall fescue, per the farmer. He also indicates that the field is non-irrigated and that they take extra care to reduce disturbance to the soil whenever possible.",AG-CROP,OSU18,OregonState,Woodburn,NA,NA,0.231,Bt,1.41,0.231,0,30,1,9.7713
