project,ref_stat,label,dsp_pedon_id,sample_id,layer,method,topdepth,depth,soc,depth_increments,apparent_depth,actual_depth
Illinois,max,Ref,IL-019-SW-ARBRTM-001,IL-019-SW-ARBRTM-001-1,1,esm1,0,-14,64.7768821130004,standard,0-10 cm,0-14 cm
Illinois,max,Ref,IL-019-SW-ARBRTM-001,IL-019-SW-ARBRTM-001-1,1,esm2,0,-14.0452653352633,63.968752812855,standard,0-10 cm,0-14 cm
Illinois,fd,Ref,IL-019-SW-ARBRTM-001,IL-019-SW-ARBRTM-001-1,1,fd,0,-10,49.08900485964829,standard,0-10 cm,0-10 cm
Illinois,max,Ref,IL-019-SW-ARBRTM-001,IL-019-SW-ARBRTM-001-2,2,esm1,-14,-47.4,87.390503245221,standard,10-30 cm,14-47.4 cm
Illinois,max,Ref,IL-019-SW-ARBRTM-001,IL-019-SW-ARBRTM-001-2,2,esm2,-14.0452653352633,-47.4512612884697,90.3172146764525,standard,10-30 cm,14-47.5 cm
Illinois,fd,Ref,IL-019-SW-ARBRTM-001,IL-019-SW-ARBRTM-001-2,2,fd,-10,-30,74.507384774169,standard,10-30 cm,10-30 cm
Illinois,max,Ref,IL-019-SW-ARBRTM-001,IL-019-SW-ARBRTM-001-3,3,esm1,-47.4,-76.4,24.5035857751757,standard,30-50 cm,47.4-76.4 cm
Illinois,max,Ref,IL-019-SW-ARBRTM-001,IL-019-SW-ARBRTM-001-3,3,esm2,-47.4512612884697,-78.2887840819101,12.7845393536435,standard,30-50 cm,47.5-78.3 cm
Illinois,fd,Ref,IL-019-SW-ARBRTM-001,IL-019-SW-ARBRTM-001-3,3,fd,-30,-50,32.84022497058,standard,30-50 cm,30-50 cm
Illinois,max,Ref,IL-019-SW-ARBRTM-001,IL-019-SW-ARBRTM-001-4,4,esm1,-76.4,-109,24.9863645017203,standard,50-75 cm,76.4-109 cm
Illinois,max,Ref,IL-019-SW-ARBRTM-001,IL-019-SW-ARBRTM-001-4,4,esm2,-78.2887840819101,-107.006974810466,54.1378724809938,standard,50-75 cm,78.3-107 cm
Illinois,fd,Ref,IL-019-SW-ARBRTM-001,IL-019-SW-ARBRTM-001-4,4,fd,-50,-75,19.161322470645,standard,50-75 cm,50-75 cm
Illinois,max,Ref,IL-019-SW-ARBRTM-001,IL-019-SW-ARBRTM-001-5,5,esm1,-109,-143.6,26.5192702993718,standard,75-100 cm,109-143.6 cm
Illinois,max,Ref,IL-019-SW-ARBRTM-001,IL-019-SW-ARBRTM-001-5,5,esm2,-107.006974810466,-123.849976604928,247.228527707793,standard,75-100 cm,107-123.8 cm
Illinois,fd,Ref,IL-019-SW-ARBRTM-001,IL-019-SW-ARBRTM-001-5,5,fd,-75,-100,19.161322470645,standard,75-100 cm,75-100 cm
Illinois,max,Ref,IL-019-SW-ARBRTM-002,IL-019-SW-ARBRTM-002-1,1,esm1,0,-15.2,76.8224205962056,standard,0-10 cm,0-15.2 cm
Illinois,max,Ref,IL-019-SW-ARBRTM-002,IL-019-SW-ARBRTM-002-1,1,esm2,0,-15.3445013632874,79.1038309549988,standard,0-10 cm,0-15.3 cm
Illinois,fd,Ref,IL-019-SW-ARBRTM-002,IL-019-SW-ARBRTM-002-1,1,fd,0,-10,53.791853599090004,standard,0-10 cm,0-10 cm
Illinois,max,Ref,IL-019-SW-ARBRTM-002,IL-019-SW-ARBRTM-002-2,2,esm1,-15.2,-50,88.7780205553361,standard,10-30 cm,15.2-50 cm
Illinois,max,Ref,IL-019-SW-ARBRTM-002,IL-019-SW-ARBRTM-002-2,2,esm2,-15.3445013632874,-50.0770276591333,86.5937203001392,standard,10-30 cm,15.3-50.1 cm
Illinois,fd,Ref,IL-019-SW-ARBRTM-002,IL-019-SW-ARBRTM-002-2,2,fd,-10,-30,73.841526730058,standard,10-30 cm,10-30 cm
Illinois,max,Ref,IL-019-SW-ARBRTM-002,IL-019-SW-ARBRTM-002-3,3,esm1,-50,-78.5,20.7294750055308,standard,30-50 cm,50-78.5 cm
Illinois,max,Ref,IL-019-SW-ARBRTM-002,IL-019-SW-ARBRTM-002-3,3,esm2,-50.0770276591333,-78.2776913847303,18.9219336094866,standard,30-50 cm,50.1-78.3 cm
Illinois,fd,Ref,IL-019-SW-ARBRTM-002,IL-019-SW-ARBRTM-002-3,3,fd,-30,-50,37.967060822394004,standard,30-50 cm,30-50 cm
Illinois,max,Ref,IL-019-SW-ARBRTM-002,IL-019-SW-ARBRTM-002-4,4,esm1,-78.5,-110.8,23.4934050062683,standard,50-75 cm,78.5-110.8 cm
Illinois,max,Ref,IL-019-SW-ARBRTM-002,IL-019-SW-ARBRTM-002-4,4,esm2,-78.2776913847303,-112.004139036422,37.8247831197375,standard,50-75 cm,78.3-112 cm
Illinois,fd,Ref,IL-019-SW-ARBRTM-002,IL-019-SW-ARBRTM-002-4,4,fd,-50,-75,18.18375000485,standard,50-75 cm,50-75 cm
Illinois,max,Ref,IL-019-SW-ARBRTM-002,IL-019-SW-ARBRTM-002-5,5,esm1,-110.8,-145,24.875370006637,standard,75-100 cm,110.8-145 cm
Illinois,max,Ref,IL-019-SW-ARBRTM-002,IL-019-SW-ARBRTM-002-5,5,esm2,-112.004139036422,-158.574556556709,168.340793038891,standard,75-100 cm,112-158.6 cm
Illinois,fd,Ref,IL-019-SW-ARBRTM-002,IL-019-SW-ARBRTM-002-5,5,fd,-75,-100,18.18375000485,standard,75-100 cm,75-100 cm
Illinois,max,Ref,IL-019-SW-ARBRTM-003,IL-019-SW-ARBRTM-003-1,1,esm1,0,-14.4,70.4178949020358,standard,0-10 cm,0-14.4 cm
Illinois,max,Ref,IL-019-SW-ARBRTM-003,IL-019-SW-ARBRTM-003-1,1,esm2,0,-14.4833116450375,73.5017096566429,standard,0-10 cm,0-14.5 cm
Illinois,fd,Ref,IL-019-SW-ARBRTM-003,IL-019-SW-ARBRTM-003-1,1,fd,0,-10,55.637555762861,standard,0-10 cm,0-10 cm
Illinois,max,Ref,IL-019-SW-ARBRTM-003,IL-019-SW-ARBRTM-003-2,2,esm1,-14.4,-47.4,73.8300396664282,standard,10-30 cm,14.4-47.4 cm
Illinois,max,Ref,IL-019-SW-ARBRTM-003,IL-019-SW-ARBRTM-003-2,2,esm2,-14.4833116450375,-47.645070566494,70.8690512672556,standard,10-30 cm,14.5-47.6 cm
Illinois,fd,Ref,IL-019-SW-ARBRTM-003,IL-019-SW-ARBRTM-003-2,2,fd,-10,-30,52.047501954465005,standard,10-30 cm,10-30 cm
Illinois,max,Ref,IL-019-SW-ARBRTM-003,IL-019-SW-ARBRTM-003-3,3,esm1,-47.4,-74,27.3229940139283,standard,30-50 cm,47.4-74 cm
Illinois,max,Ref,IL-019-SW-ARBRTM-003,IL-019-SW-ARBRTM-003-3,3,esm2,-47.645070566494,-73.671034849884,41.9176863715653,standard,30-50 cm,47.6-73.7 cm
Illinois,fd,Ref,IL-019-SW-ARBRTM-003,IL-019-SW-ARBRTM-003-3,3,fd,-30,-50,42.026295231194,standard,30-50 cm,30-50 cm
Illinois,max,Ref,IL-019-SW-ARBRTM-003,IL-019-SW-ARBRTM-003-4,4,esm1,-74,-103.9,27.2333879772004,standard,50-75 cm,74-103.9 cm
Illinois,max,Ref,IL-019-SW-ARBRTM-003,IL-019-SW-ARBRTM-003-4,4,esm2,-73.671034849884,-104.381063357295,8.8515615692306,standard,50-75 cm,73.7-104.4 cm
Illinois,fd,Ref,IL-019-SW-ARBRTM-003,IL-019-SW-ARBRTM-003-4,4,fd,-50,-75,22.7703912852875,standard,50-75 cm,50-75 cm
Illinois,max,Ref,IL-019-SW-ARBRTM-003,IL-019-SW-ARBRTM-003-5,5,esm1,-103.9,-135.5,28.7817745845997,standard,75-100 cm,103.9-135.5 cm
Illinois,max,Ref,IL-019-SW-ARBRTM-003,IL-019-SW-ARBRTM-003-5,5,esm2,-104.381063357295,-147.608339173346,-1.12303176713766,standard,75-100 cm,104.4-147.6 cm
Illinois,fd,Ref,IL-019-SW-ARBRTM-003,IL-019-SW-ARBRTM-003-5,5,fd,-75,-100,22.7703912852875,standard,75-100 cm,75-100 cm
Illinois,max,SHM,IL-019-SW-RTHRML-001,IL-019-SW-RTHRML-001-1,1,esm1,0,-13.4,45.3488089905511,standard,0-10 cm,0-13.4 cm
Illinois,max,SHM,IL-019-SW-RTHRML-001,IL-019-SW-RTHRML-001-1,1,esm2,0,-13.3611704598659,46.1227750739321,standard,0-10 cm,0-13.4 cm
Illinois,fd,SHM,IL-019-SW-RTHRML-001,IL-019-SW-RTHRML-001-1,1,fd,0,-10,34.9744133713395,standard,0-10 cm,0-10 cm
Illinois,max,SHM,IL-019-SW-RTHRML-001,IL-019-SW-RTHRML-001-2,2,esm1,-13.4,-44.9,55.2194710383624,standard,10-30 cm,13.4-44.9 cm
Illinois,max,SHM,IL-019-SW-RTHRML-001,IL-019-SW-RTHRML-001-2,2,esm2,-13.3611704598659,-45.0751416877081,54.2730666922508,standard,10-30 cm,13.4-45.1 cm
Illinois,fd,SHM,IL-019-SW-RTHRML-001,IL-019-SW-RTHRML-001-2,2,fd,-10,-30,50.11567796458387,standard,10-30 cm,10-30 cm
Illinois,max,SHM,IL-019-SW-RTHRML-001,IL-019-SW-RTHRML-001-3,3,esm1,-44.9,-73.9,22.9352162604766,standard,30-50 cm,44.9-73.9 cm
Illinois,max,SHM,IL-019-SW-RTHRML-001,IL-019-SW-RTHRML-001-3,3,esm2,-45.0751416877081,-74.4094206045769,10.5371403179529,standard,30-50 cm,45.1-74.4 cm
Illinois,fd,SHM,IL-019-SW-RTHRML-001,IL-019-SW-RTHRML-001-3,3,fd,-30,-50,19.511623276729832,standard,30-50 cm,30-50 cm
Illinois,max,SHM,IL-019-SW-RTHRML-001,IL-019-SW-RTHRML-001-4,4,esm1,-73.9,-106.7,25.9405204601253,standard,50-75 cm,73.9-106.7 cm
Illinois,max,SHM,IL-019-SW-RTHRML-001,IL-019-SW-RTHRML-001-4,4,esm2,-74.4094206045769,-106.456798566076,51.7634937044527,standard,50-75 cm,74.4-106.5 cm
Illinois,fd,SHM,IL-019-SW-RTHRML-001,IL-019-SW-RTHRML-001-4,4,fd,-50,-75,19.771738155584583,standard,50-75 cm,50-75 cm
Illinois,max,SHM,IL-019-SW-RTHRML-001,IL-019-SW-RTHRML-001-5,5,esm1,-106.7,-141.5,27.522259512572,standard,75-100 cm,106.7-141.5 cm
Illinois,max,SHM,IL-019-SW-RTHRML-001,IL-019-SW-RTHRML-001-5,5,esm2,-106.456798566076,-138.685485961011,207.116664795662,standard,75-100 cm,106.5-138.7 cm
Illinois,fd,SHM,IL-019-SW-RTHRML-001,IL-019-SW-RTHRML-001-5,5,fd,-75,-100,19.771738155584583,standard,75-100 cm,75-100 cm
Illinois,max,SHM,IL-019-SW-RTHRML-002,IL-019-SW-RTHRML-002-1,1,esm1,0,-13.4,42.3771649923239,standard,0-10 cm,0-13.4 cm
Illinois,max,SHM,IL-019-SW-RTHRML-002,IL-019-SW-RTHRML-002-1,1,esm2,0,-13.3611704598659,43.0579498016188,standard,0-10 cm,0-13.4 cm
Illinois,fd,SHM,IL-019-SW-RTHRML-002,IL-019-SW-RTHRML-002-1,1,fd,0,-10,31.70640319016027,standard,0-10 cm,0-10 cm
Illinois,max,SHM,IL-019-SW-RTHRML-002,IL-019-SW-RTHRML-002-2,2,esm1,-13.4,-44.9,70.095466287084,standard,10-30 cm,13.4-44.9 cm
Illinois,max,SHM,IL-019-SW-RTHRML-002,IL-019-SW-RTHRML-002-2,2,esm2,-13.3611704598659,-45.0751416877081,56.5779732120555,standard,10-30 cm,13.4-45.1 cm
Illinois,fd,SHM,IL-019-SW-RTHRML-002,IL-019-SW-RTHRML-002-2,2,fd,-10,-30,50.601639165215666,standard,10-30 cm,10-30 cm
Illinois,max,SHM,IL-019-SW-RTHRML-002,IL-019-SW-RTHRML-002-3,3,esm1,-44.9,-73.9,106.578574127414,standard,30-50 cm,44.9-73.9 cm
Illinois,max,SHM,IL-019-SW-RTHRML-002,IL-019-SW-RTHRML-002-3,3,esm2,-45.0751416877081,-74.4094206045769,53.9184799568559,standard,30-50 cm,45.1-74.4 cm
Illinois,fd,SHM,IL-019-SW-RTHRML-002,IL-019-SW-RTHRML-002-3,3,fd,-30,-50,48.9077174774725,standard,30-50 cm,30-50 cm
Illinois,max,SHM,IL-019-SW-RTHRML-002,IL-019-SW-RTHRML-002-4,4,esm1,-73.9,-106.7,120.544042461345,standard,50-75 cm,73.9-106.7 cm
Illinois,max,SHM,IL-019-SW-RTHRML-002,IL-019-SW-RTHRML-002-4,4,esm2,-74.4094206045769,-106.456798566076,232.885870250786,standard,50-75 cm,74.4-106.5 cm
Illinois,fd,SHM,IL-019-SW-RTHRML-002,IL-019-SW-RTHRML-002-4,4,fd,-50,-75,91.87808114432124,standard,50-75 cm,50-75 cm
Illinois,max,SHM,IL-019-SW-RTHRML-002,IL-019-SW-RTHRML-002-5,5,esm1,-106.7,-141.5,127.894288952887,standard,75-100 cm,106.7-141.5 cm
Illinois,max,SHM,IL-019-SW-RTHRML-002,IL-019-SW-RTHRML-002-5,5,esm2,-106.456798566076,-138.685485961011,655.282103861696,standard,75-100 cm,106.5-138.7 cm
Illinois,fd,SHM,IL-019-SW-RTHRML-002,IL-019-SW-RTHRML-002-5,5,fd,-75,-100,91.87808114432124,standard,75-100 cm,75-100 cm
Illinois,max,SHM,IL-019-SW-RTHRML-003,IL-019-SW-RTHRML-003-1,1,esm1,0,-13.4,62.2215702010973,standard,0-10 cm,0-13.4 cm
Illinois,max,SHM,IL-019-SW-RTHRML-003,IL-019-SW-RTHRML-003-1,1,esm2,0,-13.3611704598659,62.5526707608199,standard,0-10 cm,0-13.4 cm
Illinois,fd,SHM,IL-019-SW-RTHRML-003,IL-019-SW-RTHRML-003-1,1,fd,0,-10,46.12251696269894,standard,0-10 cm,0-10 cm
Illinois,max,SHM,IL-019-SW-RTHRML-003,IL-019-SW-RTHRML-003-2,2,esm1,-13.4,-44.9,103.799529330724,standard,10-30 cm,13.4-44.9 cm
Illinois,max,SHM,IL-019-SW-RTHRML-003,IL-019-SW-RTHRML-003-2,2,esm2,-13.3611704598659,-45.0751416877081,107.189025341209,standard,10-30 cm,13.4-45.1 cm
Illinois,fd,SHM,IL-019-SW-RTHRML-003,IL-019-SW-RTHRML-003-2,2,fd,-10,-30,89.33768188028446,standard,10-30 cm,10-30 cm
Illinois,max,SHM,IL-019-SW-RTHRML-003,IL-019-SW-RTHRML-003-3,3,esm1,-44.9,-73.9,26.219617053994,standard,30-50 cm,44.9-73.9 cm
Illinois,max,SHM,IL-019-SW-RTHRML-003,IL-019-SW-RTHRML-003-3,3,esm2,-45.0751416877081,-74.4094206045769,15.3634091010194,standard,30-50 cm,45.1-74.4 cm
Illinois,fd,SHM,IL-019-SW-RTHRML-003,IL-019-SW-RTHRML-003-3,3,fd,-30,-50,35.171936791436664,standard,30-50 cm,30-50 cm
Illinois,max,SHM,IL-019-SW-RTHRML-003,IL-019-SW-RTHRML-003-4,4,esm1,-73.9,-106.7,29.6552910127932,standard,50-75 cm,73.9-106.7 cm
Illinois,max,SHM,IL-019-SW-RTHRML-003,IL-019-SW-RTHRML-003-4,4,esm2,-74.4094206045769,-106.456798566076,51.4101689436963,standard,50-75 cm,74.4-106.5 cm
Illinois,fd,SHM,IL-019-SW-RTHRML-003,IL-019-SW-RTHRML-003-4,4,fd,-50,-75,22.603118149991662,standard,50-75 cm,50-75 cm
Illinois,max,SHM,IL-019-SW-RTHRML-003,IL-019-SW-RTHRML-003-5,5,esm1,-106.7,-141.5,31.4635404647928,standard,75-100 cm,106.7-141.5 cm
Illinois,max,SHM,IL-019-SW-RTHRML-003,IL-019-SW-RTHRML-003-5,5,esm2,-106.456798566076,-138.685485961011,263.706941656232,standard,75-100 cm,106.5-138.7 cm
Illinois,fd,SHM,IL-019-SW-RTHRML-003,IL-019-SW-RTHRML-003-5,5,fd,-75,-100,22.603118149991662,standard,75-100 cm,75-100 cm
Illinois,max,SHM,IL-019-SW-RTHRML-004,IL-019-SW-RTHRML-004-1,1,esm1,0,-13.4,37.060538801001,standard,0-10 cm,0-13.4 cm
Illinois,max,SHM,IL-019-SW-RTHRML-004,IL-019-SW-RTHRML-004-1,1,esm2,0,-13.3611704598659,37.2541575945011,standard,0-10 cm,0-13.4 cm
Illinois,fd,SHM,IL-019-SW-RTHRML-004,IL-019-SW-RTHRML-004-1,1,fd,0,-10,27.6210389915985,standard,0-10 cm,0-10 cm
Illinois,max,SHM,IL-019-SW-RTHRML-004,IL-019-SW-RTHRML-004-2,2,esm1,-13.4,-44.9,65.389673446988,standard,10-30 cm,13.4-44.9 cm
Illinois,max,SHM,IL-019-SW-RTHRML-004,IL-019-SW-RTHRML-004-2,2,esm2,-13.3611704598659,-45.0751416877081,68.4391057442115,standard,10-30 cm,13.4-45.1 cm
Illinois,fd,SHM,IL-019-SW-RTHRML-004,IL-019-SW-RTHRML-004-2,2,fd,-10,-30,53.448955403162664,standard,10-30 cm,10-30 cm
Illinois,max,SHM,IL-019-SW-RTHRML-004,IL-019-SW-RTHRML-004-3,3,esm1,-44.9,-73.9,19.7480967316531,standard,30-50 cm,44.9-73.9 cm
Illinois,max,SHM,IL-019-SW-RTHRML-004,IL-019-SW-RTHRML-004-3,3,esm2,-45.0751416877081,-74.4094206045769,19.1615544135615,standard,30-50 cm,45.1-74.4 cm
Illinois,fd,SHM,IL-019-SW-RTHRML-004,IL-019-SW-RTHRML-004-3,3,fd,-30,-50,24.8531590025885,standard,30-50 cm,30-50 cm
Illinois,max,SHM,IL-019-SW-RTHRML-004,IL-019-SW-RTHRML-004-4,4,esm1,-73.9,-106.7,22.3357783723525,standard,50-75 cm,73.9-106.7 cm
Illinois,max,SHM,IL-019-SW-RTHRML-004,IL-019-SW-RTHRML-004-4,4,esm2,-74.4094206045769,-106.456798566076,22.8294643785433,standard,50-75 cm,74.4-106.5 cm
Illinois,fd,SHM,IL-019-SW-RTHRML-004,IL-019-SW-RTHRML-004-4,4,fd,-50,-75,17.02422132039125,standard,50-75 cm,50-75 cm
Illinois,max,SHM,IL-019-SW-RTHRML-004,IL-019-SW-RTHRML-004-5,5,esm1,-106.7,-141.5,23.6977160779837,standard,75-100 cm,106.7-141.5 cm
Illinois,max,SHM,IL-019-SW-RTHRML-004,IL-019-SW-RTHRML-004-5,5,esm2,-106.456798566076,-138.685485961011,94.6881282429069,standard,75-100 cm,106.5-138.7 cm
Illinois,fd,SHM,IL-019-SW-RTHRML-004,IL-019-SW-RTHRML-004-5,5,fd,-75,-100,17.02422132039125,standard,75-100 cm,75-100 cm
Illinois,max,BAU,IL-115-SW-ETAL-001,IL-115-SW-ETAL-001-1,1,esm1,0,-13.3,43.9537636564329,standard,0-10 cm,0-13.3 cm
Illinois,max,BAU,IL-115-SW-ETAL-001,IL-115-SW-ETAL-001-1,1,esm2,0,-13.2116664633011,44.7515168447822,standard,0-10 cm,0-13.2 cm
Illinois,fd,BAU,IL-115-SW-ETAL-001,IL-115-SW-ETAL-001-1,1,fd,0,-10,33.7744979539995,standard,0-10 cm,0-10 cm
Illinois,max,BAU,IL-115-SW-ETAL-001,IL-115-SW-ETAL-001-2,2,esm1,-13.3,-45.7,94.5381602249408,standard,10-30 cm,13.3-45.7 cm
Illinois,max,BAU,IL-115-SW-ETAL-001,IL-115-SW-ETAL-001-2,2,esm2,-13.2116664633011,-45.5910752686495,95.1382183394623,standard,10-30 cm,13.2-45.6 cm
Illinois,fd,BAU,IL-115-SW-ETAL-001,IL-115-SW-ETAL-001-2,2,fd,-10,-30,63.81835628862801,standard,10-30 cm,10-30 cm
Illinois,max,BAU,IL-115-SW-ETAL-001,IL-115-SW-ETAL-001-3,3,esm1,-45.7,-75.9,41.3987705849958,standard,30-50 cm,45.7-75.9 cm
Illinois,max,BAU,IL-115-SW-ETAL-001,IL-115-SW-ETAL-001-3,3,esm2,-45.5910752686495,-77.4813221942646,54.4510894543751,standard,30-50 cm,45.6-77.5 cm
Illinois,fd,BAU,IL-115-SW-ETAL-001,IL-115-SW-ETAL-001-3,3,fd,-30,-50,52.100725654454,standard,30-50 cm,30-50 cm
Illinois,max,BAU,IL-115-SW-ETAL-001,IL-115-SW-ETAL-001-4,4,esm1,-75.9,-109.8,39.5244086447445,standard,50-75 cm,75.9-109.8 cm
Illinois,max,BAU,IL-115-SW-ETAL-001,IL-115-SW-ETAL-001-4,4,esm2,-77.4813221942646,-107.687001545617,11.3164376231997,standard,50-75 cm,77.5-107.7 cm
Illinois,fd,BAU,IL-115-SW-ETAL-001,IL-115-SW-ETAL-001-4,4,fd,-50,-75,29.147793985800003,standard,50-75 cm,50-75 cm
Illinois,max,BAU,IL-115-SW-ETAL-001,IL-115-SW-ETAL-001-5,5,esm1,-109.8,-145.9,42.089414515495,standard,75-100 cm,109.8-145.9 cm
Illinois,max,BAU,IL-115-SW-ETAL-001,IL-115-SW-ETAL-001-5,5,esm2,-107.687001545617,-123.85325658634,-48.843329562458,standard,75-100 cm,107.7-123.9 cm
Illinois,fd,BAU,IL-115-SW-ETAL-001,IL-115-SW-ETAL-001-5,5,fd,-75,-100,29.147793985800003,standard,75-100 cm,75-100 cm
Illinois,max,BAU,IL-115-SW-ETAL-002,IL-115-SW-ETAL-002-1,1,esm1,0,-13.6,36.0245282696304,standard,0-10 cm,0-13.6 cm
Illinois,max,BAU,IL-115-SW-ETAL-002,IL-115-SW-ETAL-002-1,1,esm2,0,-13.5549184994169,36.7226216752593,standard,0-10 cm,0-13.6 cm
Illinois,fd,BAU,IL-115-SW-ETAL-002,IL-115-SW-ETAL-002-1,1,fd,0,-10,27.315936151237,standard,0-10 cm,0-10 cm
Illinois,max,BAU,IL-115-SW-ETAL-002,IL-115-SW-ETAL-002-2,2,esm1,-13.6,-45.6,73.9714581178478,standard,10-30 cm,13.6-45.6 cm
Illinois,max,BAU,IL-115-SW-ETAL-002,IL-115-SW-ETAL-002-2,2,esm2,-13.5549184994169,-45.5205791417262,74.5755055975957,standard,10-30 cm,13.6-45.5 cm
Illinois,fd,BAU,IL-115-SW-ETAL-002,IL-115-SW-ETAL-002-2,2,fd,-10,-30,50.640033367199,standard,10-30 cm,10-30 cm
Illinois,max,BAU,IL-115-SW-ETAL-002,IL-115-SW-ETAL-002-3,3,esm1,-45.6,-75.7,29.1087747805557,standard,30-50 cm,45.6-75.7 cm
Illinois,max,BAU,IL-115-SW-ETAL-002,IL-115-SW-ETAL-002-3,3,esm2,-45.5205791417262,-77.2743394429392,38.9094687846557,standard,30-50 cm,45.5-77.3 cm
Illinois,fd,BAU,IL-115-SW-ETAL-002,IL-115-SW-ETAL-002-3,3,fd,-30,-50,41.076944703900004,standard,30-50 cm,30-50 cm
Illinois,max,BAU,IL-115-SW-ETAL-002,IL-115-SW-ETAL-002-4,4,esm1,-75.7,-109.5,26.3979932593243,standard,50-75 cm,75.7-109.5 cm
Illinois,max,BAU,IL-115-SW-ETAL-002,IL-115-SW-ETAL-002-4,4,esm2,-77.2743394429392,-107.47109696123,6.91412410460671,standard,50-75 cm,77.3-107.5 cm
Illinois,fd,BAU,IL-115-SW-ETAL-002,IL-115-SW-ETAL-002-4,4,fd,-50,-75,19.525142943285,standard,50-75 cm,50-75 cm
Illinois,max,BAU,IL-115-SW-ETAL-002,IL-115-SW-ETAL-002-5,5,esm1,-109.5,-145.5,28.1162058383336,standard,75-100 cm,109.5-145.5 cm
Illinois,max,BAU,IL-115-SW-ETAL-002,IL-115-SW-ETAL-002-5,5,esm2,-107.47109696123,-123.614739160734,-14.3000385947157,standard,75-100 cm,107.5-123.6 cm
Illinois,fd,BAU,IL-115-SW-ETAL-002,IL-115-SW-ETAL-002-5,5,fd,-75,-100,19.525142943285,standard,75-100 cm,75-100 cm
Illinois,max,BAU,IL-115-SW-ETAL-003,IL-115-SW-ETAL-003-1,1,esm1,0,-13.7,41.5401892395208,standard,0-10 cm,0-13.7 cm
Illinois,max,BAU,IL-115-SW-ETAL-003,IL-115-SW-ETAL-003-1,1,esm2,0,-13.7599298384373,42.522152439928,standard,0-10 cm,0-13.8 cm
Illinois,fd,BAU,IL-115-SW-ETAL-003,IL-115-SW-ETAL-003-1,1,fd,0,-10,30.338691775506497,standard,0-10 cm,0-10 cm
Illinois,max,BAU,IL-115-SW-ETAL-003,IL-115-SW-ETAL-003-2,2,esm1,-13.7,-44.9,72.865668896445,standard,10-30 cm,13.7-44.9 cm
Illinois,max,BAU,IL-115-SW-ETAL-003,IL-115-SW-ETAL-003-2,2,esm2,-13.7599298384373,-45.0752848672446,74.2668868541889,standard,10-30 cm,13.8-45.1 cm
Illinois,fd,BAU,IL-115-SW-ETAL-003,IL-115-SW-ETAL-003-2,2,fd,-10,-30,56.666200540343,standard,10-30 cm,10-30 cm
Illinois,max,BAU,IL-115-SW-ETAL-003,IL-115-SW-ETAL-003-3,3,esm1,-44.9,-73.8,24.6802253903381,standard,30-50 cm,44.9-73.8 cm
Illinois,max,BAU,IL-115-SW-ETAL-003,IL-115-SW-ETAL-003-3,3,esm2,-45.0752848672446,-72.8148918911828,26.8434120322478,standard,30-50 cm,45.1-72.8 cm
Illinois,fd,BAU,IL-115-SW-ETAL-003,IL-115-SW-ETAL-003-3,3,fd,-30,-50,36.779819892774,standard,30-50 cm,30-50 cm
Illinois,max,BAU,IL-115-SW-ETAL-003,IL-115-SW-ETAL-003-4,4,esm1,-73.8,-106.7,21.1518956450291,standard,50-75 cm,73.8-106.7 cm
Illinois,max,BAU,IL-115-SW-ETAL-003,IL-115-SW-ETAL-003-4,4,esm2,-72.8148918911828,-107.789802036664,16.3346958856718,standard,50-75 cm,72.8-107.8 cm
Illinois,fd,BAU,IL-115-SW-ETAL-003,IL-115-SW-ETAL-003-4,4,fd,-50,-75,16.0728690311775,standard,50-75 cm,50-75 cm
Illinois,max,BAU,IL-115-SW-ETAL-003,IL-115-SW-ETAL-003-5,5,esm1,-106.7,-141.6,22.4377251675232,standard,75-100 cm,106.7-141.6 cm
Illinois,max,BAU,IL-115-SW-ETAL-003,IL-115-SW-ETAL-003-5,5,esm2,-107.789802036664,-156.245732461437,45.8073517290669,standard,75-100 cm,107.8-156.2 cm
Illinois,fd,BAU,IL-115-SW-ETAL-003,IL-115-SW-ETAL-003-5,5,fd,-75,-100,16.0728690311775,standard,75-100 cm,75-100 cm
Illinois,max,BAU,IL-115-SW-WDFLD-001,IL-115-SW-WDFLD-001-1,1,esm1,0,-13.2,45.9417779975342,standard,0-10 cm,0-13.2 cm
Illinois,max,BAU,IL-115-SW-WDFLD-001,IL-115-SW-WDFLD-001-1,1,esm2,0,-12.9984609476243,47.0370589284243,standard,0-10 cm,0-13 cm
Illinois,fd,BAU,IL-115-SW-WDFLD-001,IL-115-SW-WDFLD-001-1,1,fd,0,-10,35.459484338203005,standard,0-10 cm,0-10 cm
Illinois,max,BAU,IL-115-SW-WDFLD-001,IL-115-SW-WDFLD-001-2,2,esm1,-13.2,-44.1,73.4637964132565,standard,10-30 cm,13.2-44.1 cm
Illinois,max,BAU,IL-115-SW-WDFLD-001,IL-115-SW-WDFLD-001-2,2,esm2,-12.9984609476243,-44.0805405381139,75.6902743337213,standard,10-30 cm,13-44.1 cm
Illinois,fd,BAU,IL-115-SW-WDFLD-001,IL-115-SW-WDFLD-001-2,2,fd,-10,-30,62.42557338377,standard,10-30 cm,10-30 cm
Illinois,max,BAU,IL-115-SW-WDFLD-001,IL-115-SW-WDFLD-001-3,3,esm1,-44.1,-73.1,28.7920830979966,standard,30-50 cm,44.1-73.1 cm
Illinois,max,BAU,IL-115-SW-WDFLD-001,IL-115-SW-WDFLD-001-3,3,esm2,-44.0805405381139,-73.76557498588,18.7778834170734,standard,30-50 cm,44.1-73.8 cm
Illinois,fd,BAU,IL-115-SW-WDFLD-001,IL-115-SW-WDFLD-001-3,3,fd,-30,-50,30.525555586976,standard,30-50 cm,30-50 cm
Illinois,max,BAU,IL-115-SW-WDFLD-001,IL-115-SW-WDFLD-001-4,4,esm1,-73.1,-105.8,28.0102313997715,standard,50-75 cm,73.1-105.8 cm
Illinois,max,BAU,IL-115-SW-WDFLD-001,IL-115-SW-WDFLD-001-4,4,esm2,-73.76557498588,-105.387993302426,43.11190625009,standard,50-75 cm,73.8-105.4 cm
Illinois,fd,BAU,IL-115-SW-WDFLD-001,IL-115-SW-WDFLD-001-4,4,fd,-50,-75,21.414549999825,standard,50-75 cm,50-75 cm
Illinois,max,BAU,IL-115-SW-WDFLD-001,IL-115-SW-WDFLD-001-5,5,esm1,-105.8,-140.5,29.7233953997575,standard,75-100 cm,105.8-140.5 cm
Illinois,max,BAU,IL-115-SW-WDFLD-001,IL-115-SW-WDFLD-001-5,5,esm2,-105.387993302426,-133.89769434592299,173.781365066657,standard,75-100 cm,105.4-133.9 cm
Illinois,fd,BAU,IL-115-SW-WDFLD-001,IL-115-SW-WDFLD-001-5,5,fd,-75,-100,21.414549999825,standard,75-100 cm,75-100 cm
Illinois,max,BAU,IL-115-SW-WDFLD-002,IL-115-SW-WDFLD-002-1,1,esm1,0,-13.6,45.2637869932442,standard,0-10 cm,0-13.6 cm
Illinois,max,BAU,IL-115-SW-WDFLD-002,IL-115-SW-WDFLD-002-1,1,esm2,0,-13.4673844296253,45.3778546294968,standard,0-10 cm,0-13.5 cm
Illinois,fd,BAU,IL-115-SW-WDFLD-002,IL-115-SW-WDFLD-002-1,1,fd,0,-10,32.587172179292,standard,0-10 cm,0-10 cm
Illinois,max,BAU,IL-115-SW-WDFLD-002,IL-115-SW-WDFLD-002-2,2,esm1,-13.6,-44.8,84.5205917293262,standard,10-30 cm,13.6-44.8 cm
Illinois,max,BAU,IL-115-SW-WDFLD-002,IL-115-SW-WDFLD-002-2,2,esm2,-13.4673844296253,-44.9393157536196,87.7713747540259,standard,10-30 cm,13.5-44.9 cm
Illinois,fd,BAU,IL-115-SW-WDFLD-002,IL-115-SW-WDFLD-002-2,2,fd,-10,-30,67.803198480898,standard,10-30 cm,10-30 cm
Illinois,max,BAU,IL-115-SW-WDFLD-002,IL-115-SW-WDFLD-002-3,3,esm1,-44.8,-73.5,31.199478425126,standard,30-50 cm,44.8-73.5 cm
Illinois,max,BAU,IL-115-SW-WDFLD-002,IL-115-SW-WDFLD-002-3,3,esm2,-44.9393157536196,-73.4516408912277,25.8764426525412,standard,30-50 cm,44.9-73.5 cm
Illinois,fd,BAU,IL-115-SW-WDFLD-002,IL-115-SW-WDFLD-002-3,3,fd,-30,-50,39.721632516732,standard,30-50 cm,30-50 cm
Illinois,max,BAU,IL-115-SW-WDFLD-002,IL-115-SW-WDFLD-002-4,4,esm1,-73.5,-105.8,28.6876971598316,standard,50-75 cm,73.5-105.8 cm
Illinois,max,BAU,IL-115-SW-WDFLD-002,IL-115-SW-WDFLD-002-4,4,esm2,-73.4516408912277,-106.057439449282,36.2933875841525,standard,50-75 cm,73.5-106.1 cm
Illinois,fd,BAU,IL-115-SW-WDFLD-002,IL-115-SW-WDFLD-002-4,4,fd,-50,-75,22.2040999689075,standard,50-75 cm,50-75 cm
Illinois,max,BAU,IL-115-SW-WDFLD-002,IL-115-SW-WDFLD-002-5,5,esm1,-105.8,-140.2,30.5528415572201,standard,75-100 cm,105.8-140.2 cm
Illinois,max,BAU,IL-115-SW-WDFLD-002,IL-115-SW-WDFLD-002-5,5,esm2,-106.057439449282,-143.631818717086,139.619059929179,standard,75-100 cm,106.1-143.6 cm
Illinois,fd,BAU,IL-115-SW-WDFLD-002,IL-115-SW-WDFLD-002-5,5,fd,-75,-100,22.2040999689075,standard,75-100 cm,75-100 cm
Illinois,max,BAU,IL-115-SW-WDFLD-003,IL-115-SW-WDFLD-003-1,1,esm1,0,-14.2,46.2879079640127,standard,0-10 cm,0-14.2 cm
Illinois,max,BAU,IL-115-SW-WDFLD-003,IL-115-SW-WDFLD-003-1,1,esm2,0,-14.1216079574468,46.9194897356048,standard,0-10 cm,0-14.1 cm
Illinois,fd,BAU,IL-115-SW-WDFLD-003,IL-115-SW-WDFLD-003-1,1,fd,0,-10,31.784448416048,standard,0-10 cm,0-10 cm
Illinois,max,BAU,IL-115-SW-WDFLD-003,IL-115-SW-WDFLD-003-2,2,esm1,-14.2,-45.4,79.5051152363185,standard,10-30 cm,14.2-45.4 cm
Illinois,max,BAU,IL-115-SW-WDFLD-003,IL-115-SW-WDFLD-003-2,2,esm2,-14.1216079574468,-45.3631572792567,81.5403960266197,standard,10-30 cm,14.1-45.4 cm
Illinois,fd,BAU,IL-115-SW-WDFLD-003,IL-115-SW-WDFLD-003-2,2,fd,-10,-30,66.297013025417,standard,10-30 cm,10-30 cm
Illinois,max,BAU,IL-115-SW-WDFLD-003,IL-115-SW-WDFLD-003-3,3,esm1,-45.4,-74.6,30.7013651174167,standard,30-50 cm,45.4-74.6 cm
Illinois,max,BAU,IL-115-SW-WDFLD-003,IL-115-SW-WDFLD-003-3,3,esm2,-45.3631572792567,-74.9230831809671,24.375436618438,standard,30-50 cm,45.4-74.9 cm
Illinois,fd,BAU,IL-115-SW-WDFLD-003,IL-115-SW-WDFLD-003-3,3,fd,-30,-50,35.98904124528,standard,30-50 cm,30-50 cm
Illinois,max,BAU,IL-115-SW-WDFLD-003,IL-115-SW-WDFLD-003-4,4,esm1,-74.6,-107.5,29.9896681813001,standard,50-75 cm,74.6-107.5 cm
Illinois,max,BAU,IL-115-SW-WDFLD-003,IL-115-SW-WDFLD-003-4,4,esm2,-74.9230831809671,-107.249842632048,41.9902400122043,standard,50-75 cm,74.9-107.2 cm
Illinois,fd,BAU,IL-115-SW-WDFLD-003,IL-115-SW-WDFLD-003-4,4,fd,-50,-75,22.78850165752,standard,50-75 cm,50-75 cm
Illinois,max,BAU,IL-115-SW-WDFLD-003,IL-115-SW-WDFLD-003-5,5,esm1,-107.5,-142.5,31.903902320532,standard,75-100 cm,107.5-142.5 cm
Illinois,max,BAU,IL-115-SW-WDFLD-003,IL-115-SW-WDFLD-003-5,5,esm2,-107.249842632048,-138.955161462375,154.018982129704,standard,75-100 cm,107.2-139 cm
Illinois,fd,BAU,IL-115-SW-WDFLD-003,IL-115-SW-WDFLD-003-5,5,fd,-75,-100,22.78850165752,standard,75-100 cm,75-100 cm
Illinois,max,BAU,IL-147-SW-CRP-001,IL-147-SW-CRP-001-1,1,esm1,0,-10.8,46.5663130381268,standard,0-10 cm,0-10.8 cm
Illinois,max,BAU,IL-147-SW-CRP-001,IL-147-SW-CRP-001-1,1,esm2,0,-10.8044500436243,47.472717456829,standard,0-10 cm,0-10.8 cm
Illinois,fd,BAU,IL-147-SW-CRP-001,IL-147-SW-CRP-001-1,1,fd,0,-10,43.836118769664,standard,0-10 cm,0-10 cm
Illinois,max,BAU,IL-147-SW-CRP-001,IL-147-SW-CRP-001-2,2,esm1,-10.8,-41.9,88.0468963915348,standard,10-30 cm,10.8-41.9 cm
Illinois,max,BAU,IL-147-SW-CRP-001,IL-147-SW-CRP-001-2,2,esm2,-10.8044500436243,-42.3591165715048,91.842090479229,standard,10-30 cm,10.8-42.4 cm
Illinois,fd,BAU,IL-147-SW-CRP-001,IL-147-SW-CRP-001-2,2,fd,-10,-30,65.244543076881,standard,10-30 cm,10-30 cm
Illinois,max,BAU,IL-147-SW-CRP-001,IL-147-SW-CRP-001-3,3,esm1,-41.9,-70.7,35.8602992590639,standard,30-50 cm,41.9-70.7 cm
Illinois,max,BAU,IL-147-SW-CRP-001,IL-147-SW-CRP-001-3,3,esm2,-42.3591165715048,-69.436790965475,31.7177261910916,standard,30-50 cm,42.4-69.4 cm
Illinois,fd,BAU,IL-147-SW-CRP-001,IL-147-SW-CRP-001-3,3,fd,-30,-50,42.911844677506,standard,30-50 cm,30-50 cm
Illinois,max,BAU,IL-147-SW-CRP-001,IL-147-SW-CRP-001-4,4,esm1,-70.7,-103.1,28.9267859968799,standard,50-75 cm,70.7-103.1 cm
Illinois,max,BAU,IL-147-SW-CRP-001,IL-147-SW-CRP-001-4,4,esm2,-69.436790965475,-103.819092400033,30.3608692431737,standard,50-75 cm,69.4-103.8 cm
Illinois,fd,BAU,IL-147-SW-CRP-001,IL-147-SW-CRP-001-4,4,fd,-50,-75,22.32005092352,standard,50-75 cm,50-75 cm
Illinois,max,BAU,IL-147-SW-CRP-001,IL-147-SW-CRP-001-5,5,esm1,-103.1,-137.6,30.8016702744554,standard,75-100 cm,103.1-137.6 cm
Illinois,max,BAU,IL-147-SW-CRP-001,IL-147-SW-CRP-001-5,5,esm2,-103.819092400033,-156.092429640983,109.538085538621,standard,75-100 cm,103.8-156.1 cm
Illinois,fd,BAU,IL-147-SW-CRP-001,IL-147-SW-CRP-001-5,5,fd,-75,-100,22.32005092352,standard,75-100 cm,75-100 cm
Illinois,max,BAU,IL-147-SW-CRP-002,IL-147-SW-CRP-002-1,1,esm1,0,-13.5,37.9257678509027,standard,0-10 cm,0-13.5 cm
Illinois,max,BAU,IL-147-SW-CRP-002,IL-147-SW-CRP-002-1,1,esm2,0,-13.460617248495,38.4482361498759,standard,0-10 cm,0-13.5 cm
Illinois,fd,BAU,IL-147-SW-CRP-002,IL-147-SW-CRP-002-1,1,fd,0,-10,28.482101424443,standard,0-10 cm,0-10 cm
Illinois,max,BAU,IL-147-SW-CRP-002,IL-147-SW-CRP-002-2,2,esm1,-13.5,-45.2,79.4021023647647,standard,10-30 cm,13.5-45.2 cm
Illinois,max,BAU,IL-147-SW-CRP-002,IL-147-SW-CRP-002-2,2,esm2,-13.460617248495,-45.1046514449705,79.2538409456101,standard,10-30 cm,13.5-45.1 cm
Illinois,fd,BAU,IL-147-SW-CRP-002,IL-147-SW-CRP-002-2,2,fd,-10,-30,52.141686767822996,standard,10-30 cm,10-30 cm
Illinois,max,BAU,IL-147-SW-CRP-002,IL-147-SW-CRP-002-3,3,esm1,-45.2,-74.8,33.2720594541058,standard,30-50 cm,45.2-74.8 cm
Illinois,max,BAU,IL-147-SW-CRP-002,IL-147-SW-CRP-002-3,3,esm2,-45.1046514449705,-75.7924314813743,47.5691862724548,standard,30-50 cm,45.1-75.8 cm
Illinois,fd,BAU,IL-147-SW-CRP-002,IL-147-SW-CRP-002-3,3,fd,-30,-50,48.294844767634004,standard,30-50 cm,30-50 cm
Illinois,max,BAU,IL-147-SW-CRP-002,IL-147-SW-CRP-002-4,4,esm1,-74.8,-108.2,29.1998108915236,standard,50-75 cm,74.8-108.2 cm
Illinois,max,BAU,IL-147-SW-CRP-002,IL-147-SW-CRP-002-4,4,esm2,-75.7924314813743,-107.121478077738,7.10699986271456,standard,50-75 cm,75.8-107.1 cm
Illinois,fd,BAU,IL-147-SW-CRP-002,IL-147-SW-CRP-002-4,4,fd,-50,-75,21.8561458768875,standard,50-75 cm,50-75 cm
Illinois,max,BAU,IL-147-SW-CRP-002,IL-147-SW-CRP-002-5,5,esm1,-108.2,-143.6,30.9483025616747,standard,75-100 cm,108.2-143.6 cm
Illinois,max,BAU,IL-147-SW-CRP-002,IL-147-SW-CRP-002-5,5,esm2,-107.121478077738,-131.189826297658,9.04086163143623,standard,75-100 cm,107.1-131.2 cm
Illinois,fd,BAU,IL-147-SW-CRP-002,IL-147-SW-CRP-002-5,5,fd,-75,-100,21.8561458768875,standard,75-100 cm,75-100 cm
Illinois,max,BAU,IL-147-SW-CRP-003,IL-147-SW-CRP-003-1,1,esm1,0,-12.3,34.753217441754,standard,0-10 cm,0-12.3 cm
Illinois,max,BAU,IL-147-SW-CRP-003,IL-147-SW-CRP-003-1,1,esm2,0,-12.267326270004,35.1648985592312,standard,0-10 cm,0-12.3 cm
Illinois,fd,BAU,IL-147-SW-CRP-003,IL-147-SW-CRP-003-1,1,fd,0,-10,28.1586480193705,standard,0-10 cm,0-10 cm
Illinois,max,BAU,IL-147-SW-CRP-003,IL-147-SW-CRP-003-2,2,esm1,-12.3,-42.8,53.0418020238613,standard,10-30 cm,12.3-42.8 cm
Illinois,max,BAU,IL-147-SW-CRP-003,IL-147-SW-CRP-003-2,2,esm2,-12.267326270004,-42.7302033358873,53.136693680788,standard,10-30 cm,12.3-42.7 cm
Illinois,fd,BAU,IL-147-SW-CRP-003,IL-147-SW-CRP-003-2,2,fd,-10,-30,44.543604893259,standard,10-30 cm,10-30 cm
Illinois,max,BAU,IL-147-SW-CRP-003,IL-147-SW-CRP-003-3,3,esm1,-42.8,-73.3,22.2265224269035,standard,30-50 cm,42.8-73.3 cm
Illinois,max,BAU,IL-147-SW-CRP-003,IL-147-SW-CRP-003-3,3,esm2,-42.7302033358873,-72.8675081062865,26.03851535718,standard,30-50 cm,42.7-72.9 cm
Illinois,fd,BAU,IL-147-SW-CRP-003,IL-147-SW-CRP-003-3,3,fd,-30,-50,23.58244773904,standard,30-50 cm,30-50 cm
Illinois,max,BAU,IL-147-SW-CRP-003,IL-147-SW-CRP-003-4,4,esm1,-73.3,-108.2,20.5757836611869,standard,50-75 cm,73.3-108.2 cm
Illinois,max,BAU,IL-147-SW-CRP-003,IL-147-SW-CRP-003-4,4,esm2,-72.8675081062865,-108.574777583256,13.6838076657779,standard,50-75 cm,72.9-108.6 cm
Illinois,fd,BAU,IL-147-SW-CRP-003,IL-147-SW-CRP-003-4,4,fd,-50,-75,14.73910004383,standard,50-75 cm,50-75 cm
Illinois,max,BAU,IL-147-SW-CRP-003,IL-147-SW-CRP-003-5,5,esm1,-108.2,-145.3,21.8728244650486,standard,75-100 cm,108.2-145.3 cm
Illinois,max,BAU,IL-147-SW-CRP-003,IL-147-SW-CRP-003-5,5,esm2,-108.574777583256,-148.479833000204,8.09783341333849,standard,75-100 cm,108.6-148.5 cm
Illinois,fd,BAU,IL-147-SW-CRP-003,IL-147-SW-CRP-003-5,5,fd,-75,-100,14.73910004383,standard,75-100 cm,75-100 cm
Illinois,max,BAU,IL-147-SW-TS-001,IL-147-SW-TS-001-1,1,esm1,0,-13,50.0181667199312,standard,0-10 cm,0-13 cm
Illinois,max,BAU,IL-147-SW-TS-001,IL-147-SW-TS-001-1,1,esm2,0,-12.990885805407,51.9478549523781,standard,0-10 cm,0-13 cm
Illinois,fd,BAU,IL-147-SW-TS-001,IL-147-SW-TS-001-1,1,fd,0,-10,39.6888971462385,standard,0-10 cm,0-10 cm
Illinois,max,BAU,IL-147-SW-TS-001,IL-147-SW-TS-001-2,2,esm1,-13,-44.4,59.7174851654457,standard,10-30 cm,13-44.4 cm
Illinois,max,BAU,IL-147-SW-TS-001,IL-147-SW-TS-001-2,2,esm2,-12.990885805407,-44.6219535409389,59.3074472127133,standard,10-30 cm,13-44.6 cm
Illinois,fd,BAU,IL-147-SW-TS-001,IL-147-SW-TS-001-2,2,fd,-10,-30,52.96571106566999,standard,10-30 cm,10-30 cm
Illinois,max,BAU,IL-147-SW-TS-001,IL-147-SW-TS-001-3,3,esm1,-44.4,-72.4,20.1071004419105,standard,30-50 cm,44.4-72.4 cm
Illinois,max,BAU,IL-147-SW-TS-001,IL-147-SW-TS-001-3,3,esm2,-44.6219535409389,-72.5973765570197,18.6648345574168,standard,30-50 cm,44.6-72.6 cm
Illinois,fd,BAU,IL-147-SW-TS-001,IL-147-SW-TS-001-3,3,fd,-30,-50,23.723671768706,standard,30-50 cm,30-50 cm
Illinois,max,BAU,IL-147-SW-TS-001,IL-147-SW-TS-001-4,4,esm1,-72.4,-103.7,18.814195734417,standard,50-75 cm,72.4-103.7 cm
Illinois,max,BAU,IL-147-SW-TS-001,IL-147-SW-TS-001-4,4,esm2,-72.5973765570197,-103.842022726515,20.3863707190459,standard,50-75 cm,72.6-103.8 cm
Illinois,fd,BAU,IL-147-SW-TS-001,IL-147-SW-TS-001-4,4,fd,-50,-75,15.0273128869125,standard,50-75 cm,50-75 cm
Illinois,max,BAU,IL-147-SW-TS-001,IL-147-SW-TS-001-5,5,esm1,-103.7,-137,20.0163807653701,standard,75-100 cm,103.7-137 cm
Illinois,max,BAU,IL-147-SW-TS-001,IL-147-SW-TS-001-5,5,esm2,-103.842022726515,-139.150871135786,70.4261346771655,standard,75-100 cm,103.8-139.2 cm
Illinois,fd,BAU,IL-147-SW-TS-001,IL-147-SW-TS-001-5,5,fd,-75,-100,15.0273128869125,standard,75-100 cm,75-100 cm
Illinois,max,BAU,IL-147-SW-TS-002,IL-147-SW-TS-002-1,1,esm1,0,-13.1,50.1499715191577,standard,0-10 cm,0-13.1 cm
Illinois,max,BAU,IL-147-SW-TS-002,IL-147-SW-TS-002-1,1,esm2,0,-13.092187729063,51.0509705670863,standard,0-10 cm,0-13.1 cm
Illinois,fd,BAU,IL-147-SW-TS-002,IL-147-SW-TS-002-1,1,fd,0,-10,38.224006685072496,standard,0-10 cm,0-10 cm
Illinois,max,BAU,IL-147-SW-TS-002,IL-147-SW-TS-002-2,2,esm1,-13.1,-43.2,74.9298040111669,standard,10-30 cm,13.1-43.2 cm
Illinois,max,BAU,IL-147-SW-TS-002,IL-147-SW-TS-002-2,2,esm2,-13.092187729063,-43.1742469323539,77.0019064570657,standard,10-30 cm,13.1-43.2 cm
Illinois,fd,BAU,IL-147-SW-TS-002,IL-147-SW-TS-002-2,2,fd,-10,-30,66.874909254082,standard,10-30 cm,10-30 cm
Illinois,max,BAU,IL-147-SW-TS-002,IL-147-SW-TS-002-3,3,esm1,-43.2,-71.5,27.9169331015003,standard,30-50 cm,43.2-71.5 cm
Illinois,max,BAU,IL-147-SW-TS-002,IL-147-SW-TS-002-3,3,esm2,-43.1742469323539,-71.557354013214,20.5049252779257,standard,30-50 cm,43.2-71.6 cm
Illinois,fd,BAU,IL-147-SW-TS-002,IL-147-SW-TS-002-3,3,fd,-30,-50,30.274029683591998,standard,30-50 cm,30-50 cm
Illinois,max,BAU,IL-147-SW-TS-002,IL-147-SW-TS-002-4,4,esm1,-71.5,-103.5,26.2307170367694,standard,50-75 cm,71.5-103.5 cm
Illinois,max,BAU,IL-147-SW-TS-002,IL-147-SW-TS-002-4,4,esm2,-71.557354013214,-103.533309216385,34.6247914980682,standard,50-75 cm,71.6-103.5 cm
Illinois,fd,BAU,IL-147-SW-TS-002,IL-147-SW-TS-002-4,4,fd,-50,-75,20.492747684975,standard,50-75 cm,50-75 cm
Illinois,max,BAU,IL-147-SW-TS-002,IL-147-SW-TS-002-5,5,esm1,-103.5,-137.5,27.8701368515675,standard,75-100 cm,103.5-137.5 cm
Illinois,max,BAU,IL-147-SW-TS-002,IL-147-SW-TS-002-5,5,esm2,-103.533309216385,-137.173909785776,138.348458349848,standard,75-100 cm,103.5-137.2 cm
Illinois,fd,BAU,IL-147-SW-TS-002,IL-147-SW-TS-002-5,5,fd,-75,-100,20.492747684975,standard,75-100 cm,75-100 cm
Illinois,max,BAU,IL-147-SW-TS-003,IL-147-SW-TS-003-1,1,esm1,0,-13.8,52.4783351693137,standard,0-10 cm,0-13.8 cm
Illinois,max,BAU,IL-147-SW-TS-003,IL-147-SW-TS-003-1,1,esm2,0,-13.7532885372062,53.2972065508936,standard,0-10 cm,0-13.8 cm
Illinois,fd,BAU,IL-147-SW-TS-003,IL-147-SW-TS-003-1,1,fd,0,-10,37.463020444737495,standard,0-10 cm,0-10 cm
Illinois,max,BAU,IL-147-SW-TS-003,IL-147-SW-TS-003-2,2,esm1,-13.8,-43.6,77.7508283084262,standard,10-30 cm,13.8-43.6 cm
Illinois,max,BAU,IL-147-SW-TS-003,IL-147-SW-TS-003-2,2,esm2,-13.7532885372062,-43.2775178238241,80.1824838920466,standard,10-30 cm,13.8-43.3 cm
Illinois,fd,BAU,IL-147-SW-TS-003,IL-147-SW-TS-003-2,2,fd,-10,-30,73.303747677432,standard,10-30 cm,10-30 cm
Illinois,max,BAU,IL-147-SW-TS-003,IL-147-SW-TS-003-3,3,esm1,-43.6,-72.4,30.9054334914435,standard,30-50 cm,43.6-72.4 cm
Illinois,max,BAU,IL-147-SW-TS-003,IL-147-SW-TS-003-3,3,esm2,-43.2775178238241,-74.3344124448691,17.8545116494462,standard,30-50 cm,43.3-74.3 cm
Illinois,fd,BAU,IL-147-SW-TS-003,IL-147-SW-TS-003-3,3,fd,-30,-50,28.621169640543997,standard,30-50 cm,30-50 cm
Illinois,max,BAU,IL-147-SW-TS-003,IL-147-SW-TS-003-4,4,esm1,-72.4,-104.9,31.5520725093876,standard,50-75 cm,72.4-104.9 cm
Illinois,max,BAU,IL-147-SW-TS-003,IL-147-SW-TS-003-4,4,esm2,-74.3344124448691,-103.652725072106,50.4672537402669,standard,50-75 cm,74.3-103.7 cm
Illinois,fd,BAU,IL-147-SW-TS-003,IL-147-SW-TS-003-4,4,fd,-50,-75,24.27082500722,standard,50-75 cm,50-75 cm
Illinois,max,BAU,IL-147-SW-TS-003,IL-147-SW-TS-003-5,5,esm1,-104.9,-139.4,33.4937385099653,standard,75-100 cm,104.9-139.4 cm
Illinois,max,BAU,IL-147-SW-TS-003,IL-147-SW-TS-003-5,5,esm2,-103.652725072106,-116.357867075027,208.558481010768,standard,75-100 cm,103.7-116.4 cm
Illinois,fd,BAU,IL-147-SW-TS-003,IL-147-SW-TS-003-5,5,fd,-75,-100,24.27082500722,standard,75-100 cm,75-100 cm
KansasState,max,BAU,KeC1-1,KeC1-1-1,1,esm1,0,-14.4,34.5338971799439,standard,0-10 cm,0-14.4 cm
KansasState,max,BAU,KeC1-1,KeC1-1-1,1,esm2,0,-14.1842565287486,35.352758543547,standard,0-10 cm,0-14.2 cm
KansasState,fd,BAU,KeC1-1,KeC1-1-1,1,fd,0,-10,25.5426025005,standard,0-10 cm,0-10 cm
KansasState,max,BAU,KeC1-1,KeC1-1-2,2,esm1,-14.4,-52.3,53.3432120491527,standard,10-30 cm,14.4-52.3 cm
KansasState,max,BAU,KeC1-1,KeC1-1-2,2,esm2,-14.1842565287486,-52.3818190183626,52.8976093540098,standard,10-30 cm,14.2-52.4 cm
KansasState,fd,BAU,KeC1-1,KeC1-1-2,2,fd,-10,-30,36.75832103237,standard,10-30 cm,10-30 cm
KansasState,max,BAU,KeC1-1,KeC1-1-3,3,esm1,-52.3,-86.9,33.5182204546335,standard,30-50 cm,52.3-86.9 cm
KansasState,max,BAU,KeC1-1,KeC1-1-3,3,esm2,-52.3818190183626,-86.8935625401498,33.1574786099246,standard,30-50 cm,52.4-86.9 cm
KansasState,fd,BAU,KeC1-1,KeC1-1-3,3,fd,-30,-50,23.200100111160005,standard,30-50 cm,30-50 cm
KansasState,max,BAU,KeC1-1,KeC1-1-4,4,esm1,-86.9,-134,27.7830978722479,standard,50-75 cm,86.9-134 cm
KansasState,max,BAU,KeC1-1,KeC1-1-4,4,esm2,-86.8935625401498,-144.976099114939,-24.8571868552464,standard,50-75 cm,86.9-145 cm
KansasState,fd,BAU,KeC1-1,KeC1-1-4,4,fd,-50,-75,23.17590484332,standard,50-75 cm,50-75 cm
KansasState,max,BAU,KeC1-1,KeC1-1-5,5,esm1,-134,-184,29.4427878204999,standard,75-100 cm,134-184 cm
KansasState,max,BAU,KeC1-1,KeC1-1-5,5,esm2,-144.976099114939,-257.630315857611,-312.625852005502,standard,75-100 cm,145-257.6 cm
KansasState,fd,BAU,KeC1-1,KeC1-1-5,5,fd,-75,-100,20.48040335069,standard,75-100 cm,75-100 cm
KansasState,max,BAU,KeC1-2,KeC1-2-1,1,esm1,0,-14.1,30.89822720132,standard,0-10 cm,0-14.1 cm
KansasState,max,BAU,KeC1-2,KeC1-2-1,1,esm2,0,-14.084707605462,32.382959867312,standard,0-10 cm,0-14.1 cm
KansasState,fd,BAU,KeC1-2,KeC1-2-1,1,fd,0,-10,24.7441248594,standard,0-10 cm,0-10 cm
KansasState,max,BAU,KeC1-2,KeC1-2-2,2,esm1,-14.1,-51.4,39.2564860503618,standard,10-30 cm,14.1-51.4 cm
KansasState,max,BAU,KeC1-2,KeC1-2-2,2,esm2,-14.084707605462,-51.2542617465929,37.9201954876345,standard,10-30 cm,14.1-51.3 cm
KansasState,fd,BAU,KeC1-2,KeC1-2-2,2,fd,-10,-30,27.440468770499997,standard,10-30 cm,10-30 cm
KansasState,max,BAU,KeC1-2,KeC1-2-3,3,esm1,-51.4,-90.4,29.9089531050693,standard,30-50 cm,51.4-90.4 cm
KansasState,max,BAU,KeC1-2,KeC1-2-3,3,esm2,-51.2542617465929,-90.1489202906134,29.6449496615652,standard,30-50 cm,51.3-90.1 cm
KansasState,fd,BAU,KeC1-2,KeC1-2-3,3,fd,-30,-50,16.87379531462,standard,30-50 cm,30-50 cm
KansasState,max,BAU,KeC1-2,KeC1-2-4,4,esm1,-90.4,-139,36.6488321207429,standard,50-75 cm,90.4-139 cm
KansasState,max,BAU,KeC1-2,KeC1-2-4,4,esm2,-90.1489202906134,-146.300159424338,40.6345062928075,standard,50-75 cm,90.1-146.3 cm
KansasState,fd,BAU,KeC1-2,KeC1-2-4,4,fd,-50,-75,19.348218035869998,standard,50-75 cm,50-75 cm
KansasState,max,BAU,KeC1-2,KeC1-2-5,5,esm1,-139,-190.7,38.9865148280331,standard,75-100 cm,139-190.7 cm
KansasState,max,BAU,KeC1-2,KeC1-2-5,5,esm2,-146.300159424338,-226.712661359709,54.5572746524235,standard,75-100 cm,146.3-226.7 cm
KansasState,fd,BAU,KeC1-2,KeC1-2-5,5,fd,-75,-100,18.896334857,standard,75-100 cm,75-100 cm
KansasState,max,BAU,KeC1-3,KeC1-3-1,1,esm1,0,-16.2,31.331894865966,standard,0-10 cm,0-16.2 cm
KansasState,max,BAU,KeC1-3,KeC1-3-1,1,esm2,0,-16.2378189411589,32.4978022955942,standard,0-10 cm,0-16.2 cm
KansasState,fd,BAU,KeC1-3,KeC1-3-1,1,fd,0,-10,21.0068460981,standard,0-10 cm,0-10 cm
KansasState,max,BAU,KeC1-3,KeC1-3-2,2,esm1,-16.2,-55.5,43.347657861494604,standard,10-30 cm,16.2-55.5 cm
KansasState,max,BAU,KeC1-3,KeC1-3-2,2,esm2,-16.2378189411589,-55.6416503995497,42.5338276603759,standard,10-30 cm,16.2-55.6 cm
KansasState,fd,BAU,KeC1-3,KeC1-3-2,2,fd,-10,-30,30.13504221858,standard,10-30 cm,10-30 cm
KansasState,max,BAU,KeC1-3,KeC1-3-3,3,esm1,-55.5,-92.1,30.5868517049087,standard,30-50 cm,55.5-92.1 cm
KansasState,max,BAU,KeC1-3,KeC1-3-3,3,esm2,-55.6416503995497,-91.9493335993571,30.0426672259259,standard,30-50 cm,55.6-91.9 cm
KansasState,fd,BAU,KeC1-3,KeC1-3-3,3,fd,-30,-50,18.99819181136,standard,30-50 cm,30-50 cm
KansasState,max,BAU,KeC1-3,KeC1-3-4,4,esm1,-92.1,-134.9,36.664972555727,standard,50-75 cm,92.1-134.9 cm
KansasState,max,BAU,KeC1-3,KeC1-3-4,4,esm2,-91.9493335993571,-140.253895349744,43.6573009837832,standard,50-75 cm,91.9-140.3 cm
KansasState,fd,BAU,KeC1-3,KeC1-3-4,4,fd,-50,-75,20.633966361,standard,50-75 cm,50-75 cm
KansasState,max,BAU,KeC1-3,KeC1-3-5,5,esm1,-134.9,-180.3,38.8922839726637,standard,75-100 cm,134.9-180.3 cm
KansasState,max,BAU,KeC1-3,KeC1-3-5,5,esm2,-140.253895349744,-210.136771963459,71.2070119206157,standard,75-100 cm,140.3-210.1 cm
KansasState,fd,BAU,KeC1-3,KeC1-3-5,5,fd,-75,-100,21.259958017866666,standard,75-100 cm,75-100 cm
KansasState,max,BAU,KeC2-1,KeC2-1-1,1,esm1,0,-16.4,30.78710536527,standard,0-10 cm,0-16.4 cm
KansasState,max,BAU,KeC2-1,KeC2-1-1,1,esm2,0,-16.5322127274588,31.8341004269142,standard,0-10 cm,0-16.5 cm
KansasState,fd,BAU,KeC2-1,KeC2-1-1,1,fd,0,-10,20.93660112015,standard,0-10 cm,0-10 cm
KansasState,max,BAU,KeC2-1,KeC2-1-2,2,esm1,-16.4,-53.5,40.0733314091312,standard,10-30 cm,16.4-53.5 cm
KansasState,max,BAU,KeC2-1,KeC2-1-2,2,esm2,-16.5322127274588,-53.5614310551101,38.6037974702683,standard,10-30 cm,16.5-53.6 cm
KansasState,fd,BAU,KeC2-1,KeC2-1-2,2,fd,-10,-30,26.28181476776,standard,10-30 cm,10-30 cm
KansasState,max,BAU,KeC2-1,KeC2-1-3,3,esm1,-53.5,-89,39.849170332901,standard,30-50 cm,53.5-89 cm
KansasState,max,BAU,KeC2-1,KeC2-1-3,3,esm2,-53.5614310551101,-89.1223693318015,40.7724909745265,standard,30-50 cm,53.6-89.1 cm
KansasState,fd,BAU,KeC2-1,KeC2-1-3,3,fd,-30,-50,20.01302551824,standard,30-50 cm,30-50 cm
KansasState,max,BAU,KeC2-1,KeC2-1-4,4,esm1,-89,-131.1,30.8705401851176,standard,50-75 cm,89-131.1 cm
KansasState,max,BAU,KeC2-1,KeC2-1-4,4,esm2,-89.1223693318015,-126.440178273913,17.4298980369142,standard,50-75 cm,89.1-126.4 cm
KansasState,fd,BAU,KeC2-1,KeC2-1-4,4,fd,-50,-75,30.541755301620004,standard,50-75 cm,50-75 cm
KansasState,max,BAU,KeC2-1,KeC2-1-5,5,esm1,-131.1,-175.9,32.8503610521002,standard,75-100 cm,131.1-175.9 cm
KansasState,max,BAU,KeC2-1,KeC2-1-5,5,esm2,-126.440178273913,-136.839659608226,-20.9830254471979,standard,75-100 cm,126.4-136.8 cm
KansasState,fd,BAU,KeC2-1,KeC2-1-5,5,fd,-75,-100,21.002347265,standard,75-100 cm,75-100 cm
KansasState,max,BAU,KeC2-2,KeC2-2-1,1,esm1,0,-12.8,32.4326148777,standard,0-10 cm,0-12.8 cm
KansasState,max,BAU,KeC2-2,KeC2-2-1,1,esm2,0,-12.7609583589009,33.0468668773034,standard,0-10 cm,0-12.8 cm
KansasState,fd,BAU,KeC2-2,KeC2-2-1,1,fd,0,-10,27.3669550862,standard,0-10 cm,0-10 cm
KansasState,max,BAU,KeC2-2,KeC2-2-2,2,esm1,-12.8,-49.6,48.894029620057204,standard,10-30 cm,12.8-49.6 cm
KansasState,max,BAU,KeC2-2,KeC2-2-2,2,esm2,-12.7609583589009,-49.5855317979109,48.4271636383024,standard,10-30 cm,12.8-49.6 cm
KansasState,fd,BAU,KeC2-2,KeC2-2-2,2,fd,-10,-30,31.939260327950002,standard,10-30 cm,10-30 cm
KansasState,max,BAU,KeC2-2,KeC2-2-3,3,esm1,-49.6,-86,35.083963034152,standard,30-50 cm,49.6-86 cm
KansasState,max,BAU,KeC2-2,KeC2-2-3,3,esm2,-49.5855317979109,-86.0522201626779,34.3201400798409,standard,30-50 cm,49.6-86.1 cm
KansasState,fd,BAU,KeC2-2,KeC2-2-3,3,fd,-30,-50,22.4367490108,standard,30-50 cm,30-50 cm
KansasState,max,BAU,KeC2-2,KeC2-2-4,4,esm1,-86,-126.4,40.8882202042108,standard,50-75 cm,86-126.4 cm
KansasState,max,BAU,KeC2-2,KeC2-2-4,4,esm2,-86.0522201626779,-128.233032838132,59.832684605733,standard,50-75 cm,86.1-128.2 cm
KansasState,fd,BAU,KeC2-2,KeC2-2-4,4,fd,-50,-75,24.01520159172,standard,50-75 cm,50-75 cm
KansasState,max,BAU,KeC2-2,KeC2-2-5,5,esm1,-126.4,-169.3,43.4184318505127,standard,75-100 cm,126.4-169.3 cm
KansasState,max,BAU,KeC2-2,KeC2-2-5,5,esm2,-128.233032838132,-186.246624121896,166.77003928183,standard,75-100 cm,128.2-186.2 cm
KansasState,fd,BAU,KeC2-2,KeC2-2-5,5,fd,-75,-100,24.821626734520002,standard,75-100 cm,75-100 cm
KansasState,max,BAU,KeC2-3,KeC2-3-1,1,esm1,0,-14,29.4074359777399,standard,0-10 cm,0-14 cm
KansasState,max,BAU,KeC2-3,KeC2-3-1,1,esm2,0,-13.8454424050626,30.1950213712294,standard,0-10 cm,0-13.8 cm
KansasState,fd,BAU,KeC2-3,KeC2-3-1,1,fd,0,-10,22.8443531873,standard,0-10 cm,0-10 cm
KansasState,max,BAU,KeC2-3,KeC2-3-2,2,esm1,-14,-50.9,49.9253646936563,standard,10-30 cm,14-50.9 cm
KansasState,max,BAU,KeC2-3,KeC2-3-2,2,esm2,-13.8454424050626,-50.9663123215685,49.0315602279201,standard,10-30 cm,13.8-51 cm
KansasState,fd,BAU,KeC2-3,KeC2-3-2,2,fd,-10,-30,30.833865187359997,standard,10-30 cm,10-30 cm
KansasState,max,BAU,KeC2-3,KeC2-3-3,3,esm1,-50.9,-85.3,54.8496092294229,standard,30-50 cm,50.9-85.3 cm
KansasState,max,BAU,KeC2-3,KeC2-3-3,3,esm2,-50.9663123215685,-85.3596927872258,56.3774413334576,standard,30-50 cm,51-85.4 cm
KansasState,fd,BAU,KeC2-3,KeC2-3-3,3,fd,-30,-50,24.482043534400002,standard,30-50 cm,30-50 cm
KansasState,max,BAU,KeC2-3,KeC2-3-4,4,esm1,-85.3,-124.5,44.4613138244813,standard,50-75 cm,85.3-124.5 cm
KansasState,max,BAU,KeC2-3,KeC2-3-4,4,esm2,-85.3596927872258,-122.651638612456,4.88515847307488,standard,50-75 cm,85.4-122.7 cm
KansasState,fd,BAU,KeC2-3,KeC2-3-4,4,fd,-50,-75,41.18487153234,standard,50-75 cm,50-75 cm
KansasState,max,BAU,KeC2-3,KeC2-3-5,5,esm1,-124.5,-166.2,47.2968567979814,standard,75-100 cm,124.5-166.2 cm
KansasState,max,BAU,KeC2-3,KeC2-3-5,5,esm2,-122.651638612456,-150.101027316522,-197.464846337489,standard,75-100 cm,122.7-150.1 cm
KansasState,fd,BAU,KeC2-3,KeC2-3-5,5,fd,-75,-100,31.5102691436,standard,75-100 cm,75-100 cm
KansasState,max,BAU,KeC3-1,KeC3-1-1,1,esm1,0,-13.5,55.4111978551999,standard,0-10 cm,0-13.5 cm
KansasState,max,BAU,KeC3-1,KeC3-1-1,1,esm2,0,-13.5216145033668,60.8623600826074,standard,0-10 cm,0-13.5 cm
KansasState,fd,BAU,KeC3-1,KeC3-1-1,1,fd,0,-10,50.977688959999995,standard,0-10 cm,0-10 cm
KansasState,max,BAU,KeC3-1,KeC3-1-2,2,esm1,-13.5,-52.5,35.1478301222406,standard,10-30 cm,13.5-52.5 cm
KansasState,max,BAU,KeC3-1,KeC3-1-2,2,esm2,-13.5216145033668,-52.5967893843642,29.9734358490057,standard,10-30 cm,13.5-52.6 cm
KansasState,fd,BAU,KeC3-1,KeC3-1-2,2,fd,-10,-30,22.85684995368,standard,10-30 cm,10-30 cm
KansasState,max,BAU,KeC3-1,KeC3-1-3,3,esm1,-52.5,-88.3,26.3035412231346,standard,30-50 cm,52.5-88.3 cm
KansasState,max,BAU,KeC3-1,KeC3-1-3,3,esm2,-52.5967893843642,-87.9129261641015,27.2700725929875,standard,30-50 cm,52.6-87.9 cm
KansasState,fd,BAU,KeC3-1,KeC3-1-3,3,fd,-30,-50,15.14867841176,standard,30-50 cm,30-50 cm
KansasState,max,BAU,KeC3-1,KeC3-1-4,4,esm1,-88.3,-129.5,25.6133469822168,standard,50-75 cm,88.3-129.5 cm
KansasState,max,BAU,KeC3-1,KeC3-1-4,4,esm2,-87.9129261641015,-137.968659129643,2.53491294046439,standard,50-75 cm,87.9-138 cm
KansasState,fd,BAU,KeC3-1,KeC3-1-4,4,fd,-50,-75,19.21012573792,standard,50-75 cm,50-75 cm
KansasState,max,BAU,KeC3-1,KeC3-1-5,5,esm1,-129.5,-173.4,27.2918915660056,standard,75-100 cm,129.5-173.4 cm
KansasState,max,BAU,KeC3-1,KeC3-1-5,5,esm2,-137.968659129643,-228.576240701458,-86.5434137036952,standard,75-100 cm,138-228.6 cm
KansasState,fd,BAU,KeC3-1,KeC3-1-5,5,fd,-75,-100,15.94291933362,standard,75-100 cm,75-100 cm
KansasState,max,BAU,KeC3-2,KeC3-2-1,1,esm1,0,-13.9,18.323947202274,standard,0-10 cm,0-13.9 cm
KansasState,max,BAU,KeC3-2,KeC3-2-1,1,esm2,0,-13.943455193018,18.4218349656354,standard,0-10 cm,0-13.9 cm
KansasState,fd,BAU,KeC3-2,KeC3-2-1,1,fd,0,-10,14.423724634500001,standard,0-10 cm,0-10 cm
KansasState,max,BAU,KeC3-2,KeC3-2-2,2,esm1,-13.9,-50,38.1846354356455,standard,10-30 cm,13.9-50 cm
KansasState,max,BAU,KeC3-2,KeC3-2-2,2,esm2,-13.943455193018,-49.9890207456716,38.7672974872362,standard,10-30 cm,13.9-50 cm
KansasState,fd,BAU,KeC3-2,KeC3-2-2,2,fd,-10,-30,20.826541874820002,standard,10-30 cm,10-30 cm
KansasState,max,BAU,KeC3-2,KeC3-2-3,3,esm1,-50,-85.4,23.0584998123184,standard,30-50 cm,50-85.4 cm
KansasState,max,BAU,KeC3-2,KeC3-2-3,3,esm2,-49.9890207456716,-85.4486840395192,22.4630138505766,standard,30-50 cm,50-85.4 cm
KansasState,fd,BAU,KeC3-2,KeC3-2-3,3,fd,-30,-50,21.2583161286,standard,30-50 cm,30-50 cm
KansasState,max,BAU,KeC3-2,KeC3-2-4,4,esm1,-85.4,-124.6,20.9600433914599,standard,50-75 cm,85.4-124.6 cm
KansasState,max,BAU,KeC3-2,KeC3-2-4,4,esm2,-85.4486840395192,-124.833263523077,28.5387306726531,standard,50-75 cm,85.4-124.8 cm
KansasState,fd,BAU,KeC3-2,KeC3-2-4,4,fd,-50,-75,16.913451206,standard,50-75 cm,50-75 cm
KansasState,max,BAU,KeC3-2,KeC3-2-5,5,esm1,-124.6,-166.3,22.2603689265599,standard,75-100 cm,124.6-166.3 cm
KansasState,max,BAU,KeC3-2,KeC3-2-5,5,esm2,-124.833263523077,-168.143543268352,84.93533520367,standard,75-100 cm,124.8-168.1 cm
KansasState,fd,BAU,KeC3-2,KeC3-2-5,5,fd,-75,-100,13.973075796500002,standard,75-100 cm,75-100 cm
KansasState,max,BAU,KeC3-3,KeC3-3-1,1,esm1,0,-14.7,19.139224000982,standard,0-10 cm,0-14.7 cm
KansasState,max,BAU,KeC3-3,KeC3-3-1,1,esm2,0,-14.8309565334673,19.1871057789992,standard,0-10 cm,0-14.8 cm
KansasState,fd,BAU,KeC3-3,KeC3-3-1,1,fd,0,-10,13.934289847750001,standard,0-10 cm,0-10 cm
KansasState,max,BAU,KeC3-3,KeC3-3-2,2,esm1,-14.7,-51,41.6038552508681,standard,10-30 cm,14.7-51 cm
KansasState,max,BAU,KeC3-3,KeC3-3-2,2,esm2,-14.8309565334673,-51.0771391111205,42.3424815883867,standard,10-30 cm,14.8-51.1 cm
KansasState,fd,BAU,KeC3-3,KeC3-3-2,2,fd,-10,-30,25.91857979308,standard,10-30 cm,10-30 cm
KansasState,max,BAU,KeC3-3,KeC3-3-3,3,esm1,-51,-87.1,19.1717517728001,standard,30-50 cm,51-87.1 cm
KansasState,max,BAU,KeC3-3,KeC3-3-3,3,esm2,-51.0771391111205,-86.7753435249967,17.5372634484761,standard,30-50 cm,51.1-86.8 cm
KansasState,fd,BAU,KeC3-3,KeC3-3-3,3,fd,-30,-50,20.12120899477,standard,30-50 cm,30-50 cm
KansasState,max,BAU,KeC3-3,KeC3-3-4,4,esm1,-87.1,-129.8,21.449484155617,standard,50-75 cm,87.1-129.8 cm
KansasState,max,BAU,KeC3-3,KeC3-3-4,4,esm2,-86.7753435249967,-135.758180855447,42.0144537632276,standard,50-75 cm,86.8-135.8 cm
KansasState,fd,BAU,KeC3-3,KeC3-3-4,4,fd,-50,-75,13.89216028119,standard,50-75 cm,50-75 cm
KansasState,max,BAU,KeC3-3,KeC3-3-5,5,esm1,-129.8,-175.2,22.805774722834,standard,75-100 cm,129.8-175.2 cm
KansasState,max,BAU,KeC3-3,KeC3-3-5,5,esm2,-135.758180855447,-212.052935305539,143.920931680784,standard,75-100 cm,135.8-212.1 cm
KansasState,fd,BAU,KeC3-3,KeC3-3-5,5,fd,-75,-100,12.52864704012,standard,75-100 cm,75-100 cm
KansasState,max,SHM,KeCF1-1,KeCF1-1-1,1,esm1,0,-13.2,25.3832402200239,standard,0-10 cm,0-13.2 cm
KansasState,max,SHM,KeCF1-1,KeCF1-1-1,1,esm2,0,-13.3248212648039,25.6254158545644,standard,0-10 cm,0-13.3 cm
KansasState,fd,SHM,KeCF1-1,KeCF1-1-1,1,fd,0,-10,21.2270522926,standard,0-10 cm,0-10 cm
KansasState,max,SHM,KeCF1-1,KeCF1-1-2,2,esm1,-13.2,-49.3,33.3484140275521,standard,10-30 cm,13.2-49.3 cm
KansasState,max,SHM,KeCF1-1,KeCF1-1-2,2,esm2,-13.3248212648039,-48.6334966414218,32.8378858482621,standard,10-30 cm,13.3-48.6 cm
KansasState,fd,SHM,KeCF1-1,KeCF1-1-2,2,fd,-10,-30,20.99264802,standard,10-30 cm,10-30 cm
KansasState,max,SHM,KeCF1-1,KeCF1-1-3,3,esm1,-49.3,-89.4,25.982811284497,standard,30-50 cm,49.3-89.4 cm
KansasState,max,SHM,KeCF1-1,KeCF1-1-3,3,esm2,-48.6334966414218,-90.8800342926239,29.4273119009561,standard,30-50 cm,48.6-90.9 cm
KansasState,fd,SHM,KeCF1-1,KeCF1-1-3,3,fd,-30,-50,17.100806380079998,standard,30-50 cm,30-50 cm
KansasState,max,SHM,KeCF1-1,KeCF1-1-4,4,esm1,-89.4,-135,26.7344982463696,standard,50-75 cm,89.4-135 cm
KansasState,max,SHM,KeCF1-1,KeCF1-1-4,4,esm2,-90.8800342926239,-113.588207512431,-15.6451617443433,standard,50-75 cm,90.9-113.6 cm
KansasState,fd,SHM,KeCF1-1,KeCF1-1-4,4,fd,-50,-75,16.95148570896,standard,50-75 cm,50-75 cm
KansasState,max,SHM,KeCF1-1,KeCF1-1-5,5,esm1,-135,-183.4,28.3760902439537,standard,75-100 cm,135-183.4 cm
KansasState,max,SHM,KeCF1-1,KeCF1-1-5,5,esm2,-113.588207512431,-59.6860300590363,-140.020423660849,standard,75-100 cm,113.6-59.7 cm
KansasState,fd,SHM,KeCF1-1,KeCF1-1-5,5,fd,-75,-100,14.657071407000002,standard,75-100 cm,75-100 cm
KansasState,max,SHM,KeCF1-2,KeCF1-2-1,1,esm1,0,-13.4,23.43677667544,standard,0-10 cm,0-13.4 cm
KansasState,max,SHM,KeCF1-2,KeCF1-2-1,1,esm2,0,-13.4530961913012,23.8110094840908,standard,0-10 cm,0-13.5 cm
KansasState,fd,SHM,KeCF1-2,KeCF1-2-1,1,fd,0,-10,18.936855306100004,standard,0-10 cm,0-10 cm
KansasState,max,SHM,KeCF1-2,KeCF1-2-2,2,esm1,-13.4,-53.1,30.4694102924313,standard,10-30 cm,13.4-53.1 cm
KansasState,max,SHM,KeCF1-2,KeCF1-2-2,2,esm2,-13.4530961913012,-52.6273984926067,30.1982671589095,standard,10-30 cm,13.5-52.6 cm
KansasState,fd,SHM,KeCF1-2,KeCF1-2-2,2,fd,-10,-30,19.8739938144,standard,10-30 cm,10-30 cm
KansasState,max,SHM,KeCF1-2,KeCF1-2-3,3,esm1,-53.1,-96.8,23.5606578407886,standard,30-50 cm,53.1-96.8 cm
KansasState,max,SHM,KeCF1-2,KeCF1-2-3,3,esm2,-52.6273984926067,-97.514023221817,23.5340509859924,standard,30-50 cm,52.6-97.5 cm
KansasState,fd,SHM,KeCF1-2,KeCF1-2-3,3,fd,-30,-50,13.420515078200001,standard,30-50 cm,30-50 cm
KansasState,max,SHM,KeCF1-2,KeCF1-2-4,4,esm1,-96.8,-145.4,26.1796745222988,standard,50-75 cm,96.8-145.4 cm
KansasState,max,SHM,KeCF1-2,KeCF1-2-4,4,esm2,-97.514023221817,-102.373320903994,24.1786503360776,standard,50-75 cm,97.5-102.4 cm
KansasState,fd,SHM,KeCF1-2,KeCF1-2-4,4,fd,-50,-75,13.492334425060001,standard,50-75 cm,50-75 cm
KansasState,max,SHM,KeCF1-2,KeCF1-2-5,5,esm1,-145.4,-197,27.7957038137996,standard,75-100 cm,145.4-197 cm
KansasState,max,SHM,KeCF1-2,KeCF1-2-5,5,esm2,-102.373320903994,22.9699839246844,22.9985584124333,standard,75-100 cm,102.423 cm
KansasState,fd,SHM,KeCF1-2,KeCF1-2-5,5,fd,-75,-100,13.466910762500001,standard,75-100 cm,75-100 cm
KansasState,max,SHM,KeCF1-3,KeCF1-3-1,1,esm1,0,-16,25.60700468954,standard,0-10 cm,0-16 cm
KansasState,max,SHM,KeCF1-3,KeCF1-3-1,1,esm2,0,-16.0537806652964,25.7270531398383,standard,0-10 cm,0-16.1 cm
KansasState,fd,SHM,KeCF1-3,KeCF1-3-1,1,fd,0,-10,17.5372173956,standard,0-10 cm,0-10 cm
KansasState,max,SHM,KeCF1-3,KeCF1-3-2,2,esm1,-16,-53.9,37.9143692771492,standard,10-30 cm,16-53.9 cm
KansasState,max,SHM,KeCF1-3,KeCF1-3-2,2,esm2,-16.0537806652964,-53.7489863698191,38.1167001559732,standard,10-30 cm,16.1-53.7 cm
KansasState,fd,SHM,KeCF1-3,KeCF1-3-2,2,fd,-10,-30,23.41390776792,standard,10-30 cm,10-30 cm
KansasState,max,SHM,KeCF1-3,KeCF1-3-3,3,esm1,-53.9,-89.1,24.8602118780717,standard,30-50 cm,53.9-89.1 cm
KansasState,max,SHM,KeCF1-3,KeCF1-3-3,3,esm2,-53.7489863698191,-89.5059353768886,24.7656845640345,standard,30-50 cm,53.7-89.5 cm
KansasState,fd,SHM,KeCF1-3,KeCF1-3-3,3,fd,-30,-50,19.75731523644,standard,30-50 cm,30-50 cm
KansasState,max,SHM,KeCF1-3,KeCF1-3-4,4,esm1,-89.1,-123,23.799047720929,standard,50-75 cm,89.1-123 cm
KansasState,max,SHM,KeCF1-3,KeCF1-3-4,4,esm2,-89.5059353768886,-118.816130631772,23.3105856119783,standard,50-75 cm,89.5-118.8 cm
KansasState,fd,SHM,KeCF1-3,KeCF1-3-4,4,fd,-50,-75,18.031625427749997,standard,50-75 cm,50-75 cm
KansasState,max,SHM,KeCF1-3,KeCF1-3-5,5,esm1,-123,-158.5,25.1050841104517,standard,75-100 cm,123-158.5 cm
KansasState,max,SHM,KeCF1-3,KeCF1-3-5,5,esm2,-118.816130631772,-127.661938118186,26.9389688338969,standard,75-100 cm,118.8-127.7 cm
KansasState,fd,SHM,KeCF1-3,KeCF1-3-5,5,fd,-75,-100,17.17530197628,standard,75-100 cm,75-100 cm
KansasState,max,SHM,KeCF3-1,KeCF3-1-1,1,esm1,0,-13.6,23.816494399656,standard,0-10 cm,0-13.6 cm
KansasState,max,SHM,KeCF3-1,KeCF3-1-1,1,esm2,0,-13.6503748846641,23.9237181229692,standard,0-10 cm,0-13.7 cm
KansasState,fd,SHM,KeCF3-1,KeCF3-1-1,1,fd,0,-10,19.3499940396,standard,0-10 cm,0-10 cm
KansasState,max,SHM,KeCF3-1,KeCF3-1-2,2,esm1,-13.6,-49.9,35.7715965142244,standard,10-30 cm,13.6-49.9 cm
KansasState,max,SHM,KeCF3-1,KeCF3-1-2,2,esm2,-13.6503748846641,-50.023214035569,35.9827753449989,standard,10-30 cm,13.7-50 cm
KansasState,fd,SHM,KeCF3-1,KeCF3-1-2,2,fd,-10,-30,22.97598837982,standard,10-30 cm,10-30 cm
KansasState,max,SHM,KeCF3-1,KeCF3-1-3,3,esm1,-49.9,-87.5,22.5962042029008,standard,30-50 cm,49.9-87.5 cm
KansasState,max,SHM,KeCF3-1,KeCF3-1-3,3,esm2,-50.023214035569,-86.0712543678027,22.3115413695262,standard,30-50 cm,50-86.1 cm
KansasState,fd,SHM,KeCF3-1,KeCF3-1-3,3,fd,-30,-50,17.3376715052,standard,30-50 cm,30-50 cm
KansasState,max,SHM,KeCF3-1,KeCF3-1-4,4,esm1,-87.5,-139,23.0592233814811,standard,50-75 cm,87.5-139 cm
KansasState,max,SHM,KeCF3-1,KeCF3-1-4,4,esm2,-86.0712543678027,-172.74345677663501,25.6037114467575,standard,50-75 cm,86.1-172.7 cm
KansasState,fd,SHM,KeCF3-1,KeCF3-1-4,4,fd,-50,-75,16.923742313159998,standard,50-75 cm,50-75 cm
KansasState,max,SHM,KeCF3-1,KeCF3-1-5,5,esm1,-139,-193.6,24.4472543034727,standard,75-100 cm,139-193.6 cm
KansasState,max,SHM,KeCF3-1,KeCF3-1-5,5,esm2,-172.74345677663501,-396.135833477862,45.8397229609519,standard,75-100 cm,172.7-396.1 cm
KansasState,fd,SHM,KeCF3-1,KeCF3-1-5,5,fd,-75,-100,11.193797758000002,standard,75-100 cm,75-100 cm
KansasState,max,SHM,KeCF3-2,KeCF3-2-1,1,esm1,0,-14.9,21.578032068978,standard,0-10 cm,0-14.9 cm
KansasState,max,SHM,KeCF3-2,KeCF3-2-1,1,esm2,0,-14.5678558937995,21.5721389036006,standard,0-10 cm,0-14.6 cm
KansasState,fd,SHM,KeCF3-2,KeCF3-2-1,1,fd,0,-10,14.2735880392,standard,0-10 cm,0-10 cm
KansasState,max,SHM,KeCF3-2,KeCF3-2-2,2,esm1,-14.9,-52.7,33.7773369041862,standard,10-30 cm,14.9-52.7 cm
KansasState,max,SHM,KeCF3-2,KeCF3-2-2,2,esm2,-14.5678558937995,-52.7428691226244,33.837845902,standard,10-30 cm,14.6-52.7 cm
KansasState,fd,SHM,KeCF3-2,KeCF3-2-2,2,fd,-10,-30,23.63362268407,standard,10-30 cm,10-30 cm
KansasState,max,SHM,KeCF3-2,KeCF3-2-3,3,esm1,-52.7,-90.1,30.3950075817429,standard,30-50 cm,52.7-90.1 cm
KansasState,max,SHM,KeCF3-2,KeCF3-2-3,3,esm2,-52.7428691226244,-90.328047223778,29.0491890693568,standard,30-50 cm,52.7-90.3 cm
KansasState,fd,SHM,KeCF3-2,KeCF3-2-3,3,fd,-30,-50,15.435699671260002,standard,30-50 cm,30-50 cm
KansasState,max,SHM,KeCF3-2,KeCF3-2-4,4,esm1,-90.1,-132.4,40.8383222462309,standard,50-75 cm,90.1-132.4 cm
KansasState,max,SHM,KeCF3-2,KeCF3-2-4,4,esm2,-90.328047223778,-127.361828342861,64.3421339109836,standard,50-75 cm,90.3-127.4 cm
KansasState,fd,SHM,KeCF3-2,KeCF3-2-4,4,fd,-50,-75,17.829247107940002,standard,50-75 cm,50-75 cm
KansasState,max,SHM,KeCF3-2,KeCF3-2-5,5,esm1,-132.4,-177.3,43.348479169167,standard,75-100 cm,132.4-177.3 cm
KansasState,max,SHM,KeCF3-2,KeCF3-2-5,5,esm2,-127.361828342861,-145.779179771558,143.408136679196,standard,75-100 cm,127.4-145.8 cm
KansasState,fd,SHM,KeCF3-2,KeCF3-2-5,5,fd,-75,-100,24.136124259000002,standard,75-100 cm,75-100 cm
KansasState,max,SHM,KeCF3-3,KeCF3-3-1,1,esm1,0,-16.8,20.71698250059,standard,0-10 cm,0-16.8 cm
KansasState,max,SHM,KeCF3-3,KeCF3-3-1,1,esm2,0,-16.6786962763793,20.9020018055792,standard,0-10 cm,0-16.7 cm
KansasState,fd,SHM,KeCF3-3,KeCF3-3-1,1,fd,0,-10,16.426934466349998,standard,0-10 cm,0-10 cm
KansasState,max,SHM,KeCF3-3,KeCF3-3-2,2,esm1,-16.8,-57,30.0494979430402,standard,10-30 cm,16.8-57 cm
KansasState,max,SHM,KeCF3-3,KeCF3-3-2,2,esm2,-16.6786962763793,-57.2512642001393,29.2280176117034,standard,10-30 cm,16.7-57.3 cm
KansasState,fd,SHM,KeCF3-3,KeCF3-3-2,2,fd,-10,-30,13.70799149155,standard,10-30 cm,10-30 cm
KansasState,max,SHM,KeCF3-3,KeCF3-3-3,3,esm1,-57,-93.6,31.8749691105163,standard,30-50 cm,57-93.6 cm
KansasState,max,SHM,KeCF3-3,KeCF3-3-3,3,esm2,-57.2512642001393,-93.490948601145,33.1082293586973,standard,30-50 cm,57.3-93.5 cm
KansasState,fd,SHM,KeCF3-3,KeCF3-3-3,3,fd,-30,-50,14.17185722717,standard,30-50 cm,30-50 cm
KansasState,max,SHM,KeCF3-3,KeCF3-3-4,4,esm1,-93.6,-136.6,31.9733715255425,standard,50-75 cm,93.6-136.6 cm
KansasState,max,SHM,KeCF3-3,KeCF3-3-4,4,esm2,-93.490948601145,-143.169337087127,6.2274372865992,standard,50-75 cm,93.5-143.2 cm
KansasState,fd,SHM,KeCF3-3,KeCF3-3-4,4,fd,-50,-75,23.070347352,standard,50-75 cm,50-75 cm
KansasState,max,SHM,KeCF3-3,KeCF3-3-5,5,esm1,-136.6,-182.2,33.9066451526645,standard,75-100 cm,136.6-182.2 cm
KansasState,max,SHM,KeCF3-3,KeCF3-3-5,5,esm2,-143.169337087127,-216.070892299964,-86.3841369472559,standard,75-100 cm,143.2-216.1 cm
KansasState,fd,SHM,KeCF3-3,KeCF3-3-5,5,fd,-75,-100,20.02314640692375,standard,75-100 cm,75-100 cm
KansasState,max,Ref,KeN1-1,KeN1-1-1,1,esm1,0,-17.8,41.357207650508,standard,0-10 cm,0-17.8 cm
KansasState,max,Ref,KeN1-1,KeN1-1-1,1,esm2,0,-17.6277916636863,41.8169124847001,standard,0-10 cm,0-17.6 cm
KansasState,fd,Ref,KeN1-1,KeN1-1-1,1,fd,0,-10,30.9265166627,standard,0-10 cm,0-10 cm
KansasState,max,Ref,KeN1-1,KeN1-1-2,2,esm1,-17.8,-59.8,46.7196566867759,standard,10-30 cm,17.8-59.8 cm
KansasState,max,Ref,KeN1-1,KeN1-1-2,2,esm2,-17.6277916636863,-58.767583155823,46.0300972969614,standard,10-30 cm,17.6-58.8 cm
KansasState,fd,Ref,KeN1-1,KeN1-1-2,2,fd,-10,-30,26.200157525359998,standard,10-30 cm,10-30 cm
KansasState,max,Ref,KeN1-1,KeN1-1-3,3,esm1,-59.8,-101.9,29.1623057776457,standard,30-50 cm,59.8-101.9 cm
KansasState,max,Ref,KeN1-1,KeN1-1-3,3,esm2,-58.767583155823,-101.482341657904,28.6550602248886,standard,30-50 cm,58.8-101.5 cm
KansasState,fd,Ref,KeN1-1,KeN1-1-3,3,fd,-30,-50,22.68913435384,standard,30-50 cm,30-50 cm
KansasState,max,Ref,KeN1-1,KeN1-1-4,4,esm1,-101.9,-149.1,27.7518028939858,standard,50-75 cm,101.9-149.1 cm
KansasState,max,Ref,KeN1-1,KeN1-1-4,4,esm2,-101.482341657904,-86.4129662753452,-67.003111565801,standard,50-75 cm,101.5-86.4 cm
KansasState,fd,Ref,KeN1-1,KeN1-1-4,4,fd,-50,-75,20.641317227960002,standard,50-75 cm,50-75 cm
KansasState,max,Ref,KeN1-1,KeN1-1-5,5,esm1,-149.1,-199.2,29.4568924785739,standard,75-100 cm,149.1-199.2 cm
KansasState,max,Ref,KeN1-1,KeN1-1-5,5,esm2,-86.4129662753452,122.982129456456,-338.799979042859,standard,75-100 cm,86.4123 cm
KansasState,fd,Ref,KeN1-1,KeN1-1-5,5,fd,-75,-100,15.664916686200002,standard,75-100 cm,75-100 cm
KansasState,max,Ref,KeN1-2,KeN1-2-1,1,esm1,0,-17.1,38.5424472590392,standard,0-10 cm,0-17.1 cm
KansasState,max,Ref,KeN1-2,KeN1-2-1,1,esm2,0,-17.3064407513675,39.4193077301165,standard,0-10 cm,0-17.3 cm
KansasState,fd,Ref,KeN1-2,KeN1-2-1,1,fd,0,-10,25.21365251345,standard,0-10 cm,0-10 cm
KansasState,max,Ref,KeN1-2,KeN1-2-2,2,esm1,-17.1,-59.2,47.0242730619924,standard,10-30 cm,17.1-59.2 cm
KansasState,max,Ref,KeN1-2,KeN1-2-2,2,esm2,-17.3064407513675,-59.255243864087,46.4245472178873,standard,10-30 cm,17.3-59.3 cm
KansasState,fd,Ref,KeN1-2,KeN1-2-2,2,fd,-10,-30,35.96450279014,standard,10-30 cm,10-30 cm
KansasState,max,Ref,KeN1-2,KeN1-2-3,3,esm1,-59.2,-99.4,25.3652331877998,standard,30-50 cm,59.2-99.4 cm
KansasState,max,Ref,KeN1-2,KeN1-2-3,3,esm2,-59.255243864087,-99.4851824262126,25.1336544585641,standard,30-50 cm,59.3-99.5 cm
KansasState,fd,Ref,KeN1-2,KeN1-2-3,3,fd,-30,-50,18.317949289919998,standard,30-50 cm,30-50 cm
KansasState,max,Ref,KeN1-2,KeN1-2-4,4,esm1,-99.4,-145,29.321481026881,standard,50-75 cm,99.4-145 cm
KansasState,max,Ref,KeN1-2,KeN1-2-4,4,esm2,-99.4851824262126,-154.451668641317,42.5582256980979,standard,50-75 cm,99.5-154.5 cm
KansasState,fd,Ref,KeN1-2,KeN1-2-4,4,fd,-50,-75,16.0286711437,standard,50-75 cm,50-75 cm
KansasState,max,Ref,KeN1-2,KeN1-2-5,5,esm1,-145,-193.5,31.186224337801,standard,75-100 cm,145-193.5 cm
KansasState,max,Ref,KeN1-2,KeN1-2-5,5,esm2,-154.451668641317,-243.633177857072,91.6671466765268,standard,75-100 cm,154.5-243.6 cm
KansasState,fd,Ref,KeN1-2,KeN1-2-5,5,fd,-75,-100,15.792986732500001,standard,75-100 cm,75-100 cm
KansasState,max,Ref,KeN1-3,KeN1-3-1,1,esm1,0,-16.7,36.365561037702,standard,0-10 cm,0-16.7 cm
KansasState,max,Ref,KeN1-3,KeN1-3-1,1,esm2,0,-16.5891991686865,37.3227862874059,standard,0-10 cm,0-16.6 cm
KansasState,fd,Ref,KeN1-3,KeN1-3-1,1,fd,0,-10,25.99608167775,standard,0-10 cm,0-10 cm
KansasState,max,Ref,KeN1-3,KeN1-3-2,2,esm1,-16.7,-60.9,39.5061221066649,standard,10-30 cm,16.7-60.9 cm
KansasState,max,Ref,KeN1-3,KeN1-3-2,2,esm2,-16.5891991686865,-61.2136076303818,38.6529616330902,standard,10-30 cm,16.6-61.2 cm
KansasState,fd,Ref,KeN1-3,KeN1-3-2,2,fd,-10,-30,28.318487675440004,standard,10-30 cm,10-30 cm
KansasState,max,Ref,KeN1-3,KeN1-3-3,3,esm1,-60.9,-101.8,23.5888097021996,standard,30-50 cm,60.9-101.8 cm
KansasState,max,Ref,KeN1-3,KeN1-3-3,3,esm2,-61.2136076303818,-102.108800481494,23.337362634197,standard,30-50 cm,61.2-102.1 cm
KansasState,fd,Ref,KeN1-3,KeN1-3-3,3,fd,-30,-50,15.04093615913,standard,30-50 cm,30-50 cm
KansasState,max,Ref,KeN1-3,KeN1-3-4,4,esm1,-101.8,-149.5,24.052987861342,standard,50-75 cm,101.8-149.5 cm
KansasState,max,Ref,KeN1-3,KeN1-3-4,4,esm2,-102.108800481494,-192.175038135377,5.83771376763769,standard,50-75 cm,102.1-192.2 cm
KansasState,fd,Ref,KeN1-3,KeN1-3-4,4,fd,-50,-75,15.81482464335,standard,50-75 cm,50-75 cm
KansasState,max,Ref,KeN1-3,KeN1-3-5,5,esm1,-149.5,-200.3,25.6161799445798,standard,75-100 cm,149.5-200.3 cm
KansasState,max,Ref,KeN1-3,KeN1-3-5,5,esm2,-192.175038135377,-413.363270153613,-38.4302066243972,standard,75-100 cm,192.2-413.4 cm
KansasState,fd,Ref,KeN1-3,KeN1-3-5,5,fd,-75,-100,13.382502771600002,standard,75-100 cm,75-100 cm
KansasState,max,Ref,KeN2-1,KeN2-1-1,1,esm1,0,-16.3,28.5907612937801,standard,0-10 cm,0-16.3 cm
KansasState,max,Ref,KeN2-1,KeN2-1-1,1,esm2,0,-16.1892256181016,29.5886729447473,standard,0-10 cm,0-16.2 cm
KansasState,fd,Ref,KeN2-1,KeN2-1-1,1,fd,0,-10,16.4360110621,standard,0-10 cm,0-10 cm
KansasState,max,Ref,KeN2-1,KeN2-1-2,2,esm1,-16.3,-56.9,66.9800777027044,standard,10-30 cm,16.3-56.9 cm
KansasState,max,Ref,KeN2-1,KeN2-1-2,2,esm2,-16.1892256181016,-57.0565972266391,68.855188768661,standard,10-30 cm,16.2-57.1 cm
KansasState,fd,Ref,KeN2-1,KeN2-1-2,2,fd,-10,-30,38.2697392776,standard,10-30 cm,10-30 cm
KansasState,max,Ref,KeN2-1,KeN2-1-3,3,esm1,-56.9,-93.2,33.373653137135,standard,30-50 cm,56.9-93.2 cm
KansasState,max,Ref,KeN2-1,KeN2-1-3,3,esm2,-57.0565972266391,-93.4042871242009,30.396177601259,standard,30-50 cm,57.1-93.4 cm
KansasState,fd,Ref,KeN2-1,KeN2-1-3,3,fd,-30,-50,32.98010729664,standard,30-50 cm,30-50 cm
KansasState,max,Ref,KeN2-1,KeN2-1-4,4,esm1,-93.2,-130.2,31.3931941811995,standard,50-75 cm,93.2-130.2 cm
KansasState,max,Ref,KeN2-1,KeN2-1-4,4,esm2,-93.4042871242009,-120.814931952688,46.1816974151419,standard,50-75 cm,93.4-120.8 cm
KansasState,fd,Ref,KeN2-1,KeN2-1-4,4,fd,-50,-75,26.7415738748,standard,50-75 cm,50-75 cm
KansasState,max,Ref,KeN2-1,KeN2-1-5,5,esm1,-130.2,-169.5,33.3446630086795,standard,75-100 cm,130.2-169.5 cm
KansasState,max,Ref,KeN2-1,KeN2-1-5,5,esm2,-120.814931952688,-115.2523091196,132.928377353198,standard,75-100 cm,120.8-115.3 cm
KansasState,fd,Ref,KeN2-1,KeN2-1-5,5,fd,-75,-100,20.286620634160002,standard,75-100 cm,75-100 cm
KansasState,max,Ref,KeN2-2,KeN2-2-1,1,esm1,0,-17.3,42.3058117964561,standard,0-10 cm,0-17.3 cm
KansasState,max,Ref,KeN2-2,KeN2-2-1,1,esm2,0,-17.7053903091557,43.5982499113651,standard,0-10 cm,0-17.7 cm
KansasState,fd,Ref,KeN2-2,KeN2-2-1,1,fd,0,-10,28.0557681118,standard,0-10 cm,0-10 cm
KansasState,max,Ref,KeN2-2,KeN2-2-2,2,esm1,-17.3,-57.5,75.5894116610378,standard,10-30 cm,17.3-57.5 cm
KansasState,max,Ref,KeN2-2,KeN2-2-2,2,esm2,-17.7053903091557,-57.6710645890763,76.6900124073516,standard,10-30 cm,17.7-57.7 cm
KansasState,fd,Ref,KeN2-2,KeN2-2-2,2,fd,-10,-30,39.734273123280005,standard,10-30 cm,10-30 cm
KansasState,max,Ref,KeN2-2,KeN2-2-3,3,esm1,-57.5,-93.7,38.7380483920632,standard,30-50 cm,57.5-93.7 cm
KansasState,max,Ref,KeN2-2,KeN2-2-3,3,esm2,-57.6710645890763,-93.7636024751776,36.3998570383416,standard,30-50 cm,57.7-93.8 cm
KansasState,fd,Ref,KeN2-2,KeN2-2-3,3,fd,-30,-50,39.605195548039994,standard,30-50 cm,30-50 cm
KansasState,max,Ref,KeN2-2,KeN2-2-4,4,esm1,-93.7,-130.5,28.8434152212822,standard,50-75 cm,93.7-130.5 cm
KansasState,max,Ref,KeN2-2,KeN2-2-4,4,esm2,-93.7636024751776,-131.222802230278,36.8350453824917,standard,50-75 cm,93.8-131.2 cm
KansasState,fd,Ref,KeN2-2,KeN2-2-4,4,fd,-50,-75,32.122320467929995,standard,50-75 cm,50-75 cm
KansasState,max,Ref,KeN2-2,KeN2-2-5,5,esm1,-130.5,-169.5,30.5677498269023,standard,75-100 cm,130.5-169.5 cm
KansasState,max,Ref,KeN2-2,KeN2-2-5,5,esm2,-131.222802230278,-180.041530050091,108.566021843164,standard,75-100 cm,131.2-180 cm
KansasState,fd,Ref,KeN2-2,KeN2-2-5,5,fd,-75,-100,22.05358187824,standard,75-100 cm,75-100 cm
KansasState,max,Ref,KeN2-3,KeN2-3-1,1,esm1,0,-17.3,45.3712446259599,standard,0-10 cm,0-17.3 cm
KansasState,max,Ref,KeN2-3,KeN2-3-1,1,esm2,0,-16.735034360417,45.0964557782631,standard,0-10 cm,0-16.7 cm
KansasState,fd,Ref,KeN2-3,KeN2-3-1,1,fd,0,-10,30.04520957205,standard,0-10 cm,0-10 cm
KansasState,max,Ref,KeN2-3,KeN2-3-2,2,esm1,-17.3,-62,69.2648337933805,standard,10-30 cm,17.3-62 cm
KansasState,max,Ref,KeN2-3,KeN2-3-2,2,esm2,-16.735034360417,-62.4273350021093,71.1062213145422,standard,10-30 cm,16.7-62.4 cm
KansasState,fd,Ref,KeN2-3,KeN2-3-2,2,fd,-10,-30,39.60665101155,standard,10-30 cm,10-30 cm
KansasState,max,Ref,KeN2-3,KeN2-3-3,3,esm1,-62,-97.5,33.0327642928487,standard,30-50 cm,62-97.5 cm
KansasState,max,Ref,KeN2-3,KeN2-3-3,3,esm2,-62.4273350021093,-97.3535669296422,31.2329671454596,standard,30-50 cm,62.4-97.4 cm
KansasState,fd,Ref,KeN2-3,KeN2-3-3,3,fd,-30,-50,30.85091065014,standard,30-50 cm,30-50 cm
KansasState,max,Ref,KeN2-3,KeN2-3-4,4,esm1,-97.5,-138,34.019981722348,standard,50-75 cm,97.5-138 cm
KansasState,max,Ref,KeN2-3,KeN2-3-4,4,esm2,-97.3535669296422,-154.441895244885,66.9180326786996,standard,50-75 cm,97.4-154.4 cm
KansasState,fd,Ref,KeN2-3,KeN2-3-4,4,fd,-50,-75,27.1416085228,standard,50-75 cm,50-75 cm
KansasState,max,Ref,KeN2-3,KeN2-3-5,5,esm1,-138,-181,36.1199805940979,standard,75-100 cm,138-181 cm
KansasState,max,Ref,KeN2-3,KeN2-3-5,5,esm2,-154.441895244885,-273.355372448422,203.310279464321,standard,75-100 cm,154.4-273.4 cm
KansasState,fd,Ref,KeN2-3,KeN2-3-5,5,fd,-75,-100,22.124461827399998,standard,75-100 cm,75-100 cm
KansasState,max,Ref,KeN3-1,KeN3-1-1,1,esm1,0,-14.6,34.516991303964,standard,0-10 cm,0-14.6 cm
KansasState,max,Ref,KeN3-1,KeN3-1-1,1,esm2,0,-14.3641971104693,40.1121712859921,standard,0-10 cm,0-14.4 cm
KansasState,fd,Ref,KeN3-1,KeN3-1-1,1,fd,0,-10,28.5143337011,standard,0-10 cm,0-10 cm
KansasState,max,Ref,KeN3-1,KeN3-1-2,2,esm1,-14.6,-52.4,38.428858920336,standard,10-30 cm,14.6-52.4 cm
KansasState,max,Ref,KeN3-1,KeN3-1-2,2,esm2,-14.3641971104693,-52.2334859706725,33.0308189054053,standard,10-30 cm,14.4-52.2 cm
KansasState,fd,Ref,KeN3-1,KeN3-1-2,2,fd,-10,-30,24.3900560607,standard,10-30 cm,10-30 cm
KansasState,max,Ref,KeN3-1,KeN3-1-3,3,esm1,-52.4,-90.2,33.7540323199896,standard,30-50 cm,52.4-90.2 cm
KansasState,max,Ref,KeN3-1,KeN3-1-3,3,esm2,-52.2334859706725,-90.9296853659593,33.6029506943171,standard,30-50 cm,52.2-90.9 cm
KansasState,fd,Ref,KeN3-1,KeN3-1-3,3,fd,-30,-50,18.12161064826,standard,30-50 cm,30-50 cm
KansasState,max,Ref,KeN3-1,KeN3-1-4,4,esm1,-90.2,-129,42.9195648513908,standard,50-75 cm,90.2-129 cm
KansasState,max,Ref,KeN3-1,KeN3-1-4,4,esm2,-90.9296853659593,-108.202527986544,41.3521491481279,standard,50-75 cm,90.9-108.2 cm
KansasState,fd,Ref,KeN3-1,KeN3-1-4,4,fd,-50,-75,20.90639146474,standard,50-75 cm,50-75 cm
KansasState,max,Ref,KeN3-1,KeN3-1-5,5,esm1,-129,-170.3,45.6850007309907,standard,75-100 cm,129-170.3 cm
KansasState,max,Ref,KeN3-1,KeN3-1-5,5,esm2,-108.202527986544,-34.5482410266358,29.977165086162,standard,75-100 cm,108.2-34.5 cm
KansasState,fd,Ref,KeN3-1,KeN3-1-5,5,fd,-75,-100,25.60799931752,standard,75-100 cm,75-100 cm
KansasState,max,Ref,KeN3-2,KeN3-2-1,1,esm1,0,-16.5,27.16367434628,standard,0-10 cm,0-16.5 cm
KansasState,max,Ref,KeN3-2,KeN3-2-1,1,esm2,0,-16.1160225522161,27.0342749421275,standard,0-10 cm,0-16.1 cm
KansasState,fd,Ref,KeN3-2,KeN3-2-1,1,fd,0,-10,18.22107556935,standard,0-10 cm,0-10 cm
KansasState,max,Ref,KeN3-2,KeN3-2-2,2,esm1,-16.5,-53.5,36.1647519483802,standard,10-30 cm,16.5-53.5 cm
KansasState,max,Ref,KeN3-2,KeN3-2-2,2,esm2,-16.1160225522161,-53.5951896503171,36.0501928747333,standard,10-30 cm,16.1-53.6 cm
KansasState,fd,Ref,KeN3-2,KeN3-2-2,2,fd,-10,-30,25.09283477265,standard,10-30 cm,10-30 cm
KansasState,max,Ref,KeN3-2,KeN3-2-3,3,esm1,-53.5,-87,29.348300552269,standard,30-50 cm,53.5-87 cm
KansasState,max,Ref,KeN3-2,KeN3-2-3,3,esm2,-53.5951896503171,-86.9363058535777,29.2543553280246,standard,30-50 cm,53.6-86.9 cm
KansasState,fd,Ref,KeN3-2,KeN3-2-3,3,fd,-30,-50,17.27779971635,standard,30-50 cm,30-50 cm
KansasState,max,Ref,KeN3-2,KeN3-2-4,4,esm1,-87,-126.1,47.6296559757226,standard,50-75 cm,87-126.1 cm
KansasState,max,Ref,KeN3-2,KeN3-2-4,4,esm2,-86.9363058535777,-132.848248758848,69.9564373396701,standard,50-75 cm,86.9-132.8 cm
KansasState,fd,Ref,KeN3-2,KeN3-2-4,4,fd,-50,-75,20.199845941379998,standard,50-75 cm,50-75 cm
KansasState,max,Ref,KeN3-2,KeN3-2-5,5,esm1,-126.1,-167.7,50.6750303987228,standard,75-100 cm,126.1-167.7 cm
KansasState,max,Ref,KeN3-2,KeN3-2-5,5,esm2,-132.848248758848,-217.4327934205,178.40398070608,standard,75-100 cm,132.8-217.4 cm
KansasState,fd,Ref,KeN3-2,KeN3-2-5,5,fd,-75,-100,27.721117846800002,standard,75-100 cm,75-100 cm
KansasState,max,Ref,KeN3-3,KeN3-3-1,1,esm1,0,-16.8,26.494172111874,standard,0-10 cm,0-16.8 cm
KansasState,max,Ref,KeN3-3,KeN3-3-1,1,esm2,0,-16.6826813529305,26.9031966696448,standard,0-10 cm,0-16.7 cm
KansasState,fd,Ref,KeN3-3,KeN3-3-1,1,fd,0,-10,18.07150900365,standard,0-10 cm,0-10 cm
KansasState,max,Ref,KeN3-3,KeN3-3-2,2,esm1,-16.8,-55.5,38.2914465977365,standard,10-30 cm,16.8-55.5 cm
KansasState,max,Ref,KeN3-3,KeN3-3-2,2,esm2,-16.6826813529305,-55.6412781887934,37.2387059064856,standard,10-30 cm,16.7-55.6 cm
KansasState,fd,Ref,KeN3-3,KeN3-3-2,2,fd,-10,-30,23.333074697200004,standard,10-30 cm,10-30 cm
KansasState,max,Ref,KeN3-3,KeN3-3-3,3,esm1,-55.5,-92.2,35.7454259241902,standard,30-50 cm,55.5-92.2 cm
KansasState,max,Ref,KeN3-3,KeN3-3-3,3,esm2,-55.6412781887934,-91.8654081827493,37.8705109773946,standard,30-50 cm,55.6-91.9 cm
KansasState,fd,Ref,KeN3-3,KeN3-3-3,3,fd,-30,-50,18.08267863028,standard,30-50 cm,30-50 cm
KansasState,max,Ref,KeN3-3,KeN3-3-4,4,esm1,-92.2,-136.2,34.5397485602382,standard,50-75 cm,92.2-136.2 cm
KansasState,max,Ref,KeN3-3,KeN3-3-4,4,esm2,-91.8654081827493,-147.384961115127,-15.0618134260927,standard,50-75 cm,91.9-147.4 cm
KansasState,fd,Ref,KeN3-3,KeN3-3-4,4,fd,-50,-75,26.0442020534,standard,50-75 cm,50-75 cm
KansasState,max,Ref,KeN3-3,KeN3-3-5,5,esm1,-136.2,-183,36.7377325595261,standard,75-100 cm,136.2-183 cm
KansasState,max,Ref,KeN3-3,KeN3-3-5,5,esm2,-147.384961115127,-245.806786419978,-198.612696197339,standard,75-100 cm,147.4-245.8 cm
KansasState,fd,Ref,KeN3-3,KeN3-3-5,5,fd,-75,-100,21.12253567586,standard,75-100 cm,75-100 cm
NCState,max,BAU,CeC1-1,CeC1-1-1,1,esm1,0,-12.9,35.548306076569,standard,0-10 cm,0-12.9 cm
NCState,max,BAU,CeC1-1,CeC1-1-1,1,esm2,0,-12.9440208024746,39.3417221974697,standard,0-10 cm,0-12.9 cm
NCState,fd,BAU,CeC1-1,CeC1-1-1,1,fd,0,-10,27.09601992055,standard,0-10 cm,0-10 cm
NCState,max,BAU,CeC1-1,CeC1-1-2,2,esm1,-12.9,-41.5,38.3830626933213,standard,10-30 cm,12.9-41.5 cm
NCState,max,BAU,CeC1-1,CeC1-1-2,2,esm2,-12.9440208024746,-41.4993186115727,34.7409868692896,standard,10-30 cm,12.9-41.5 cm
NCState,fd,BAU,CeC1-1,CeC1-1-2,2,fd,-10,-30,37.373504804700005,standard,10-30 cm,10-30 cm
NCState,max,BAU,CeC1-1,CeC1-1-3,3,esm1,-41.5,-69.2,12.2434650107925,standard,30-50 cm,41.5-69.2 cm
NCState,max,BAU,CeC1-1,CeC1-1-3,3,esm2,-41.4993186115727,-69.2929672642995,12.085367490795,standard,30-50 cm,41.5-69.3 cm
NCState,fd,BAU,CeC1-1,CeC1-1-3,3,fd,-30,-50,13.34276186464,standard,30-50 cm,30-50 cm
NCState,max,BAU,CeC1-1,CeC1-1-4,4,esm1,-69.2,-96.6,16.7695688483836,standard,50-75 cm,69.2-96.6 cm
NCState,max,BAU,CeC1-1,CeC1-1-4,4,esm2,-69.2929672642995,-96.8985130636001,15.7442901717916,standard,50-75 cm,69.3-96.9 cm
NCState,fd,BAU,CeC1-1,CeC1-1-4,4,fd,-50,-75,11.91230993972,standard,50-75 cm,50-75 cm
NCState,max,BAU,CeC1-1,CeC1-1-5,5,esm1,-96.6,-125.7,17.8100165506556,standard,75-100 cm,96.6-125.7 cm
NCState,max,BAU,CeC1-1,CeC1-1-5,5,esm2,-96.8985130636001,-121.103980380924,43.7967649828079,standard,75-100 cm,96.9-121.1 cm
NCState,fd,BAU,CeC1-1,CeC1-1-5,5,fd,-75,-100,15.300701504,standard,75-100 cm,75-100 cm
NCState,max,BAU,CeC1-2,CeC1-2-1,1,esm1,0,-11.6,28.615936291204,standard,0-10 cm,0-11.6 cm
NCState,max,BAU,CeC1-2,CeC1-2-1,1,esm2,0,-11.2355319448014,28.9255487679361,standard,0-10 cm,0-11.2 cm
NCState,fd,BAU,CeC1-2,CeC1-2-1,1,fd,0,-10,27.2138097385,standard,0-10 cm,0-10 cm
NCState,max,BAU,CeC1-2,CeC1-2-2,2,esm1,-11.6,-46.5,20.0807880472562,standard,10-30 cm,11.6-46.5 cm
NCState,max,BAU,CeC1-2,CeC1-2-2,2,esm2,-11.2355319448014,-53.4103124837275,24.8073893640859,standard,10-30 cm,11.2-53.4 cm
NCState,fd,BAU,CeC1-2,CeC1-2-2,2,fd,-10,-30,14.72575593984,standard,10-30 cm,10-30 cm
NCState,max,BAU,CeC1-2,CeC1-2-3,3,esm1,-46.5,-72.4,8.95769856502866,standard,30-50 cm,46.5-72.4 cm
NCState,max,BAU,CeC1-2,CeC1-2-3,3,esm2,-53.4103124837275,-67.1307588304352,1.16353049097267,standard,30-50 cm,53.4-67.1 cm
NCState,fd,BAU,CeC1-2,CeC1-2-3,3,fd,-30,-50,8.1904953456,standard,30-50 cm,30-50 cm
NCState,max,BAU,CeC1-2,CeC1-2-4,4,esm1,-72.4,-100.1,7.33707258537498,standard,50-75 cm,72.4-100.1 cm
NCState,max,BAU,CeC1-2,CeC1-2-4,4,esm2,-67.1307588304352,-100.254288912509,10.1690002351997,standard,50-75 cm,67.1-100.3 cm
NCState,fd,BAU,CeC1-2,CeC1-2-4,4,fd,-50,-75,8.213040172760001,standard,50-75 cm,50-75 cm
NCState,max,BAU,CeC1-2,CeC1-2-5,5,esm1,-100.1,-129.5,7.78736223862904,standard,75-100 cm,100.1-129.5 cm
NCState,max,BAU,CeC1-2,CeC1-2-5,5,esm2,-100.254288912509,-201.888217590276,45.6381254441196,standard,75-100 cm,100.3-201.9 cm
NCState,fd,BAU,CeC1-2,CeC1-2-5,5,fd,-75,-100,6.621906665500001,standard,75-100 cm,75-100 cm
NCState,max,BAU,CeC1-3,CeC1-3-1,1,esm1,0,-10.9,22.605278143584,standard,0-10 cm,0-10.9 cm
NCState,max,BAU,CeC1-3,CeC1-3-1,1,esm2,0,-11.1552093412443,23.2206557958824,standard,0-10 cm,0-11.2 cm
NCState,fd,BAU,CeC1-3,CeC1-3-1,1,fd,0,-10,20.972177284349996,standard,0-10 cm,0-10 cm
NCState,max,BAU,CeC1-3,CeC1-3-2,2,esm1,-10.9,-37.2,28.7903923786957,standard,10-30 cm,10.9-37.2 cm
NCState,max,BAU,CeC1-3,CeC1-3-2,2,esm2,-11.1552093412443,-35.7349979196345,31.3351875146914,standard,10-30 cm,11.2-35.7 cm
NCState,fd,BAU,CeC1-3,CeC1-3-2,2,fd,-10,-30,25.773105849009998,standard,10-30 cm,10-30 cm
NCState,max,BAU,CeC1-3,CeC1-3-3,3,esm1,-37.2,-64.6,13.8682353473576,standard,30-50 cm,37.2-64.6 cm
NCState,max,BAU,CeC1-3,CeC1-3-3,3,esm2,-35.7349979196345,-66.2539797206403,11.0837072167995,standard,30-50 cm,35.7-66.3 cm
NCState,fd,BAU,CeC1-3,CeC1-3-3,3,fd,-30,-50,12.917742747,standard,30-50 cm,30-50 cm
NCState,max,BAU,CeC1-3,CeC1-3-4,4,esm1,-64.6,-94.2,7.31195326612749,standard,50-75 cm,64.6-94.2 cm
NCState,max,BAU,CeC1-3,CeC1-3-4,4,esm2,-66.2539797206403,-95.8617269713872,6.40603417586264,standard,50-75 cm,66.3-95.9 cm
NCState,fd,BAU,CeC1-3,CeC1-3-4,4,fd,-50,-75,8.16994465035,standard,50-75 cm,50-75 cm
NCState,max,BAU,CeC1-3,CeC1-3-5,5,esm1,-94.2,-125.8,7.80600416248745,standard,75-100 cm,94.2-125.8 cm
NCState,max,BAU,CeC1-3,CeC1-3-5,5,esm2,-95.8617269713872,-108.740171545968,19.7582020956297,standard,75-100 cm,95.9-108.7 cm
NCState,fd,BAU,CeC1-3,CeC1-3-5,5,fd,-75,-100,6.1756362045,standard,75-100 cm,75-100 cm
NCState,max,BAU,CeC2-1,CeC2-1-1,1,esm1,0,-13.4,22.635638077426,standard,0-10 cm,0-13.4 cm
NCState,max,BAU,CeC2-1,CeC2-1-1,1,esm2,0,-13.9421427208609,25.4070199434425,standard,0-10 cm,0-13.9 cm
NCState,fd,BAU,CeC2-1,CeC2-1-1,1,fd,0,-10,18.84787411705,standard,0-10 cm,0-10 cm
NCState,max,BAU,CeC2-1,CeC2-1-2,2,esm1,-13.4,-38.1,37.5945169555322,standard,10-30 cm,13.4-38.1 cm
NCState,max,BAU,CeC2-1,CeC2-1-2,2,esm2,-13.9421427208609,-38.5501602293345,33.5283875717861,standard,10-30 cm,13.9-38.6 cm
NCState,fd,BAU,CeC2-1,CeC2-1-2,2,fd,-10,-30,26.127348378,standard,10-30 cm,10-30 cm
NCState,max,BAU,CeC2-1,CeC2-1-3,3,esm1,-38.1,-62,20.5707663293327,standard,30-50 cm,38.1-62 cm
NCState,max,BAU,CeC2-1,CeC2-1-3,3,esm2,-38.5501602293345,-57.4853989057471,34.5074548862428,standard,30-50 cm,38.6-57.5 cm
NCState,fd,BAU,CeC2-1,CeC2-1-3,3,fd,-30,-50,28.66203120004,standard,30-50 cm,30-50 cm
NCState,max,BAU,CeC2-1,CeC2-1-4,4,esm1,-62,-90.1,16.7749217873613,standard,50-75 cm,62-90.1 cm
NCState,max,BAU,CeC2-1,CeC2-1-4,4,esm2,-57.4853989057471,-85.7712032428691,9.86549128079413,standard,50-75 cm,57.5-85.8 cm
NCState,fd,BAU,CeC2-1,CeC2-1-4,4,fd,-50,-75,14.92430764,standard,50-75 cm,50-75 cm
NCState,max,BAU,CeC2-1,CeC2-1-5,5,esm1,-90.1,-119.9,17.7897747068814,standard,75-100 cm,90.1-119.9 cm
NCState,max,BAU,CeC2-1,CeC2-1-5,5,esm2,-85.7712032428691,-139.164561743485,1.63505276555343,standard,75-100 cm,85.8-139.2 cm
NCState,fd,BAU,CeC2-1,CeC2-1-5,5,fd,-75,-100,14.92430764,standard,75-100 cm,75-100 cm
NCState,max,BAU,CeC2-2,CeC2-2-1,1,esm1,0,-10.6,25.44974653946,standard,0-10 cm,0-10.6 cm
NCState,max,BAU,CeC2-2,CeC2-2-1,1,esm2,0,-10.8603631307181,25.9010948679593,standard,0-10 cm,0-10.9 cm
NCState,fd,BAU,CeC2-2,CeC2-2-1,1,fd,0,-10,24.5617245275,standard,0-10 cm,0-10 cm
NCState,max,BAU,CeC2-2,CeC2-2-2,2,esm1,-10.6,-32.9,33.0048181111805,standard,10-30 cm,10.6-32.9 cm
NCState,max,BAU,CeC2-2,CeC2-2-2,2,esm2,-10.8603631307181,-32.9231123437252,33.1547505379497,standard,10-30 cm,10.9-32.9 cm
NCState,fd,BAU,CeC2-2,CeC2-2-2,2,fd,-10,-30,29.600733732,standard,10-30 cm,10-30 cm
NCState,max,BAU,CeC2-2,CeC2-2-3,3,esm1,-32.9,-57.8,11.2540946127717,standard,30-50 cm,32.9-57.8 cm
NCState,max,BAU,CeC2-2,CeC2-2-3,3,esm2,-32.9231123437252,-57.4633091760824,11.7438469303175,standard,30-50 cm,32.9-57.5 cm
NCState,fd,BAU,CeC2-2,CeC2-2-3,3,fd,-30,-50,12.391443726239999,standard,30-50 cm,30-50 cm
NCState,max,BAU,CeC2-2,CeC2-2-4,4,esm1,-57.8,-86.7,11.9674556858494,standard,50-75 cm,57.8-86.7 cm
NCState,max,BAU,CeC2-2,CeC2-2-4,4,esm2,-57.4633091760824,-87.352585744878,8.2495574177223,standard,50-75 cm,57.5-87.4 cm
NCState,fd,BAU,CeC2-2,CeC2-2-4,4,fd,-50,-75,10.24644252995,standard,50-75 cm,50-75 cm
NCState,max,BAU,CeC2-2,CeC2-2-5,5,esm1,-86.7,-117.4,12.7936882316813,standard,75-100 cm,86.7-117.4 cm
NCState,max,BAU,CeC2-2,CeC2-2-5,5,esm2,-87.352585744878,-114.654368525691,27.686508115372,standard,75-100 cm,87.4-114.7 cm
NCState,fd,BAU,CeC2-2,CeC2-2-5,5,fd,-75,-100,10.41831289225,standard,75-100 cm,75-100 cm
NCState,max,BAU,CeC2-3,CeC2-3-1,1,esm1,0,-11.6,25.45257264333,standard,0-10 cm,0-11.6 cm
NCState,max,BAU,CeC2-3,CeC2-3-1,1,esm2,0,-11.9356718340167,25.4653354441411,standard,0-10 cm,0-11.9 cm
NCState,fd,BAU,CeC2-3,CeC2-3-1,1,fd,0,-10,21.60590498445,standard,0-10 cm,0-10 cm
NCState,max,BAU,CeC2-3,CeC2-3-2,2,esm1,-11.6,-38.4,43.9541256056882,standard,10-30 cm,11.6-38.4 cm
NCState,max,BAU,CeC2-3,CeC2-3-2,2,esm2,-11.9356718340167,-37.9915440463473,46.9929161888465,standard,10-30 cm,11.9-38 cm
NCState,fd,BAU,CeC2-3,CeC2-3-2,2,fd,-10,-30,41.47768196807999,standard,10-30 cm,10-30 cm
NCState,max,BAU,CeC2-3,CeC2-3-3,3,esm1,-38.4,-65.2,8.77483420226264,standard,30-50 cm,38.4-65.2 cm
NCState,max,BAU,CeC2-3,CeC2-3-3,3,esm2,-37.9915440463473,-68.2726830338939,4.87153023837631,standard,30-50 cm,38-68.3 cm
NCState,fd,BAU,CeC2-3,CeC2-3-3,3,fd,-30,-50,12.68025567996,standard,30-50 cm,30-50 cm
NCState,max,BAU,CeC2-3,CeC2-3-4,4,esm1,-65.2,-94.8,4.70813280501409,standard,50-75 cm,65.2-94.8 cm
NCState,max,BAU,CeC2-3,CeC2-3-4,4,esm2,-68.2726830338939,-96.5423229778546,4.27030140906251,standard,50-75 cm,68.3-96.5 cm
NCState,fd,BAU,CeC2-3,CeC2-3-4,4,fd,-50,-75,3.97646351775,standard,50-75 cm,50-75 cm
NCState,max,BAU,CeC2-3,CeC2-3-5,5,esm1,-94.8,-126.3,5.01034403236297,standard,75-100 cm,94.8-126.3 cm
NCState,max,BAU,CeC2-3,CeC2-3-5,5,esm2,-96.5423229778546,-107.545274561995,26.2074900515131,standard,75-100 cm,96.5-107.5 cm
NCState,fd,BAU,CeC2-3,CeC2-3-5,5,fd,-75,-100,3.97646351775,standard,75-100 cm,75-100 cm
NCState,max,BAU,CeC3-1,CeC3-1-1,1,esm1,0,-11.4,33.742435235908,standard,0-10 cm,0-11.4 cm
NCState,max,BAU,CeC3-1,CeC3-1-1,1,esm2,0,-11.4621976202046,34.4513055427973,standard,0-10 cm,0-11.5 cm
NCState,fd,BAU,CeC3-1,CeC3-1-1,1,fd,0,-10,30.443327275199998,standard,0-10 cm,0-10 cm
NCState,max,BAU,CeC3-1,CeC3-1-2,2,esm1,-11.4,-39.3,65.7465086455388,standard,10-30 cm,11.4-39.3 cm
NCState,max,BAU,CeC3-1,CeC3-1-2,2,esm2,-11.4621976202046,-39.7307397705435,70.7364172769967,standard,10-30 cm,11.5-39.7 cm
NCState,fd,BAU,CeC3-1,CeC3-1-2,2,fd,-10,-30,47.130113724400005,standard,10-30 cm,10-30 cm
NCState,max,BAU,CeC3-1,CeC3-1-3,3,esm1,-39.3,-63.2,35.7292410306789,standard,30-50 cm,39.3-63.2 cm
NCState,max,BAU,CeC3-1,CeC3-1-3,3,esm2,-39.7307397705435,-63.8972861815432,34.091780082585,standard,30-50 cm,39.7-63.9 cm
NCState,fd,BAU,CeC3-1,CeC3-1-3,3,fd,-30,-50,45.6800260575,standard,30-50 cm,30-50 cm
NCState,max,BAU,CeC3-1,CeC3-1-4,4,esm1,-63.2,-87.8,26.0424191741128,standard,50-75 cm,63.2-87.8 cm
NCState,max,BAU,CeC3-1,CeC3-1-4,4,esm2,-63.8972861815432,-87.9438391002204,18.6017054123454,standard,50-75 cm,63.9-87.9 cm
NCState,fd,BAU,CeC3-1,CeC3-1-4,4,fd,-50,-75,22.660450483,standard,50-75 cm,50-75 cm
NCState,max,BAU,CeC3-1,CeC3-1-5,5,esm1,-87.8,-112.4,32.7655631743003,standard,75-100 cm,87.8-112.4 cm
NCState,max,BAU,CeC3-1,CeC3-1-5,5,esm2,-87.9438391002204,-112.266343948509,55.1679931123064,standard,75-100 cm,87.9-112.3 cm
NCState,fd,BAU,CeC3-1,CeC3-1-5,5,fd,-75,-100,31.59627478705,standard,75-100 cm,75-100 cm
NCState,max,BAU,CeC3-3,CeC3-3-1,1,esm1,0,-10.2,35.012787805812,standard,0-10 cm,0-10.2 cm
NCState,max,BAU,CeC3-3,CeC3-3-1,1,esm2,0,-10.2814737613283,35.4571512388197,standard,0-10 cm,0-10.3 cm
NCState,fd,BAU,CeC3-3,CeC3-3-1,1,fd,0,-10,34.417508059999996,standard,0-10 cm,0-10 cm
NCState,max,BAU,CeC3-3,CeC3-3-2,2,esm1,-10.2,-33.6,69.6477302600042,standard,10-30 cm,10.2-33.6 cm
NCState,max,BAU,CeC3-3,CeC3-3-2,2,esm2,-10.2814737613283,-33.8912011431304,79.9272327484227,standard,10-30 cm,10.3-33.9 cm
NCState,fd,BAU,CeC3-3,CeC3-3-2,2,fd,-10,-30,59.5279745812,standard,10-30 cm,10-30 cm
NCState,max,BAU,CeC3-3,CeC3-3-3,3,esm1,-33.6,-56.1,44.7443550588345,standard,30-50 cm,33.6-56.1 cm
NCState,max,BAU,CeC3-3,CeC3-3-3,3,esm2,-33.8912011431304,-56.1491290317739,34.766275744069,standard,30-50 cm,33.9-56.1 cm
NCState,fd,BAU,CeC3-3,CeC3-3-3,3,fd,-30,-50,49.5168861375,standard,30-50 cm,30-50 cm
NCState,max,BAU,CeC3-3,CeC3-3-4,4,esm1,-56.1,-81.6,31.9198301753401,standard,50-75 cm,56.1-81.6 cm
NCState,max,BAU,CeC3-3,CeC3-3-4,4,esm2,-56.1491290317739,-81.3262270545803,31.8033964756527,standard,50-75 cm,56.1-81.3 cm
NCState,fd,BAU,CeC3-3,CeC3-3-4,4,fd,-50,-75,28.438110804449998,standard,50-75 cm,50-75 cm
NCState,max,BAU,CeC3-3,CeC3-3-5,5,esm1,-81.6,-111.7,24.2623929440142,standard,75-100 cm,81.6-111.7 cm
NCState,max,BAU,CeC3-3,CeC3-3-5,5,esm2,-81.3262270545803,-113.818712433638,12.5758401365667,standard,75-100 cm,81.3-113.8 cm
NCState,fd,BAU,CeC3-3,CeC3-3-5,5,fd,-75,-100,26.627527796,standard,75-100 cm,75-100 cm
NCState,max,Ref,CeF3-1,CeF3-1-1,1,esm1,0,-17.1,34.7655877932191,standard,0-10 cm,0-17.1 cm
NCState,max,Ref,CeF3-1,CeF3-1-1,1,esm2,0,-12.6781620388579,34.3649197186439,standard,0-10 cm,0-12.7 cm
NCState,fd,Ref,CeF3-1,CeF3-1-1,1,fd,0,-10,29.725335363649997,standard,0-10 cm,0-10 cm
NCState,max,Ref,CeF3-1,CeF3-1-2,2,esm1,-17.1,-49.4,18.7938093981954,standard,10-30 cm,17.1-49.4 cm
NCState,max,Ref,CeF3-1,CeF3-1-2,2,esm2,-12.6781620388579,-51.7682810830043,21.3415626086343,standard,10-30 cm,12.7-51.8 cm
NCState,fd,Ref,CeF3-1,CeF3-1-2,2,fd,-10,-30,14.197894167799998,standard,10-30 cm,10-30 cm
NCState,max,Ref,CeF3-1,CeF3-1-3,3,esm1,-49.4,-76.7,6.72188955822583,standard,30-50 cm,49.4-76.7 cm
NCState,max,Ref,CeF3-1,CeF3-1-3,3,esm2,-51.7682810830043,-75.9608903400921,3.97215570733549,standard,30-50 cm,51.8-76 cm
NCState,fd,Ref,CeF3-1,CeF3-1-3,3,fd,-30,-50,9.7981179095,standard,30-50 cm,30-50 cm
NCState,max,Ref,CeF3-1,CeF3-1-4,4,esm1,-76.7,-106.9,5.23585809794002,standard,50-75 cm,76.7-106.9 cm
NCState,max,Ref,CeF3-1,CeF3-1-4,4,esm2,-75.9608903400921,-108.461214400085,7.65031700257563,standard,50-75 cm,76-108.5 cm
NCState,fd,Ref,CeF3-1,CeF3-1-4,4,fd,-50,-75,6.2652055747,standard,50-75 cm,50-75 cm
NCState,max,Ref,CeF3-1,CeF3-1-5,5,esm1,-106.9,-139,5.56526638886839,standard,75-100 cm,106.9-139 cm
NCState,max,Ref,CeF3-1,CeF3-1-5,5,esm2,-108.461214400085,-157.737477851469,31.7516878329018,standard,75-100 cm,108.5-157.7 cm
NCState,fd,Ref,CeF3-1,CeF3-1-5,5,fd,-75,-100,4.3343196175,standard,75-100 cm,75-100 cm
NCState,max,Ref,CeF3-2,CeF3-2-1,1,esm1,0,-10,27.9771168451999,standard,0-10 cm,0-10 cm
NCState,max,Ref,CeF3-2,CeF3-2-1,1,esm2,0,-10,27.9771168452,standard,0-10 cm,0-10 cm
NCState,fd,Ref,CeF3-2,CeF3-2-1,1,fd,0,-10,27.977116845199998,standard,0-10 cm,0-10 cm
NCState,max,Ref,CeF3-2,CeF3-2-2,2,esm1,-10,-30,18.1722932125995,standard,10-30 cm,10-30 cm
NCState,max,Ref,CeF3-2,CeF3-2-2,2,esm2,-10,-30.2026296499983,23.6056740689928,standard,10-30 cm,10-30.2 cm
NCState,fd,Ref,CeF3-2,CeF3-2-2,2,fd,-10,-30,18.1722932126,standard,10-30 cm,10-30 cm
NCState,max,Ref,CeF3-2,CeF3-2-3,3,esm1,-30,-50,13.4386856742999,standard,30-50 cm,30-50 cm
NCState,max,Ref,CeF3-2,CeF3-2-3,3,esm2,-30.2026296499983,-49.6597937041197,7.780841887159,standard,30-50 cm,30.2-49.7 cm
NCState,fd,Ref,CeF3-2,CeF3-2-3,3,fd,-30,-50,13.4386856743,standard,30-50 cm,30-50 cm
NCState,max,Ref,CeF3-2,CeF3-2-4,4,esm1,-50,-75.1,8.93984289303016,standard,50-75 cm,50-75.1 cm
NCState,max,Ref,CeF3-2,CeF3-2-4,4,esm2,-49.6597937041197,-74.9462707505445,9.84528925152321,standard,50-75 cm,49.7-74.9 cm
NCState,fd,Ref,CeF3-2,CeF3-2-4,4,fd,-50,-75,8.9094633975,standard,50-75 cm,50-75 cm
NCState,max,Ref,CeF3-2,CeF3-2-5,5,esm1,-75.1,-102.5,8.32398177521978,standard,75-100 cm,75.1-102.5 cm
NCState,max,Ref,CeF3-2,CeF3-2-5,5,esm2,-74.9462707505445,-102.607017912533,7.60215990887242,standard,75-100 cm,74.9-102.6 cm
NCState,fd,Ref,CeF3-2,CeF3-2-5,5,fd,-75,-100,7.594873882499999,standard,75-100 cm,75-100 cm
NCState,max,SHM,CeH1-1,CeH1-1-1,1,esm1,0,-12.2,20.146553954632,standard,0-10 cm,0-12.2 cm
NCState,max,SHM,CeH1-1,CeH1-1-1,1,esm2,0,-12.3214687386147,18.450858251455,standard,0-10 cm,0-12.3 cm
NCState,fd,SHM,CeH1-1,CeH1-1-1,1,fd,0,-10,18.2177539264,standard,0-10 cm,0-10 cm
NCState,max,SHM,CeH1-1,CeH1-1-2,2,esm1,-12.2,-35.7,20.6030912106602,standard,10-30 cm,12.2-35.7 cm
NCState,max,SHM,CeH1-1,CeH1-1-2,2,esm2,-12.3214687386147,-35.9054105959003,20.5943584196786,standard,10-30 cm,12.3-35.9 cm
NCState,fd,SHM,CeH1-1,CeH1-1-2,2,fd,-10,-30,17.534545711199996,standard,10-30 cm,10-30 cm
NCState,max,SHM,CeH1-1,CeH1-1-3,3,esm1,-35.7,-58,13.9620995360286,standard,30-50 cm,35.7-58 cm
NCState,max,SHM,CeH1-1,CeH1-1-3,3,esm2,-35.9054105959003,-57.8227710312393,18.3274619277796,standard,30-50 cm,35.9-57.8 cm
NCState,fd,SHM,CeH1-1,CeH1-1-3,3,fd,-30,-50,15.139294740359999,standard,30-50 cm,30-50 cm
NCState,max,SHM,CeH1-1,CeH1-1-4,4,esm1,-58,-83.6,11.4979891029807,standard,50-75 cm,58-83.6 cm
NCState,max,SHM,CeH1-1,CeH1-1-4,4,esm2,-57.8227710312393,-83.5204172771311,8.17149371941471,standard,50-75 cm,57.8-83.5 cm
NCState,fd,SHM,CeH1-1,CeH1-1-4,4,fd,-50,-75,11.9379697605,standard,50-75 cm,50-75 cm
NCState,max,SHM,CeH1-1,CeH1-1-5,5,esm1,-83.6,-112,11.1624207569603,standard,75-100 cm,83.6-112 cm
NCState,max,SHM,CeH1-1,CeH1-1-5,5,esm2,-83.5204172771311,-112.657572991551,14.6201397148901,standard,75-100 cm,83.5-112.7 cm
NCState,fd,SHM,CeH1-1,CeH1-1-5,5,fd,-75,-100,9.826074610000001,standard,75-100 cm,75-100 cm
NCState,max,SHM,CeH1-2,CeH1-2-1,1,esm1,0,-14.2,47.73986934816,standard,0-10 cm,0-14.2 cm
NCState,max,SHM,CeH1-2,CeH1-2-1,1,esm2,0,-14.0898772664474,48.3589226782997,standard,0-10 cm,0-14.1 cm
NCState,fd,SHM,CeH1-2,CeH1-2-1,1,fd,0,-10,38.5672988811,standard,0-10 cm,0-10 cm
NCState,max,SHM,CeH1-2,CeH1-2-2,2,esm1,-14.2,-44.1,38.4705855452038,standard,10-30 cm,14.2-44.1 cm
NCState,max,SHM,CeH1-2,CeH1-2-2,2,esm2,-14.0898772664474,-44.4159229842433,41.1201067090327,standard,10-30 cm,14.1-44.4 cm
NCState,fd,SHM,CeH1-2,CeH1-2-2,2,fd,-10,-30,34.77816467358,standard,10-30 cm,10-30 cm
NCState,max,SHM,CeH1-2,CeH1-2-3,3,esm1,-44.1,-72.5,12.0687846951767,standard,30-50 cm,44.1-72.5 cm
NCState,max,SHM,CeH1-2,CeH1-2-3,3,esm2,-44.4159229842433,-70.8531314072005,3.90971438553734,standard,30-50 cm,44.4-70.9 cm
NCState,fd,SHM,CeH1-2,CeH1-2-3,3,fd,-30,-50,17.659121893360002,standard,30-50 cm,30-50 cm
NCState,max,SHM,CeH1-2,CeH1-2-4,4,esm1,-72.5,-104.9,10.4755019623209,standard,50-75 cm,72.5-104.9 cm
NCState,max,SHM,CeH1-2,CeH1-2-4,4,esm2,-70.8531314072005,-106.041375317386,19.1823252786441,standard,50-75 cm,70.9-106 cm
NCState,fd,SHM,CeH1-2,CeH1-2-4,4,fd,-50,-75,8.082949045,standard,50-75 cm,50-75 cm
NCState,max,SHM,CeH1-2,CeH1-2-5,5,esm1,-104.9,-139.4,11.154469682101,standard,75-100 cm,104.9-139.4 cm
NCState,max,SHM,CeH1-2,CeH1-2-5,5,esm2,-106.041375317386,-157.222503709304,78.4640018408507,standard,75-100 cm,106-157.2 cm
NCState,fd,SHM,CeH1-2,CeH1-2-5,5,fd,-75,-100,8.082949045,standard,75-100 cm,75-100 cm
NCState,max,SHM,CeH1-3,CeH1-3-1,1,esm1,0,-11,54.3320593153,standard,0-10 cm,0-11 cm
NCState,max,SHM,CeH1-3,CeH1-3-1,1,esm2,0,-11.143318950298,54.9911556497754,standard,0-10 cm,0-11.1 cm
NCState,fd,SHM,CeH1-3,CeH1-3-1,1,fd,0,-10,51.34116253135,standard,0-10 cm,0-10 cm
NCState,max,SHM,CeH1-3,CeH1-3-2,2,esm1,-11,-37.6,35.72500810263,standard,10-30 cm,11-37.6 cm
NCState,max,SHM,CeH1-3,CeH1-3-2,2,esm2,-11.143318950298,-36.3608120935412,46.2717180626445,standard,10-30 cm,11.1-36.4 cm
NCState,fd,SHM,CeH1-3,CeH1-3-2,2,fd,-10,-30,31.4077574889,standard,10-30 cm,10-30 cm
NCState,max,SHM,CeH1-3,CeH1-3-3,3,esm1,-37.6,-63.3,23.329972927152,standard,30-50 cm,37.6-63.3 cm
NCState,max,SHM,CeH1-3,CeH1-3-3,3,esm2,-36.3608120935412,-63.791144650859,11.7780166115477,standard,30-50 cm,36.4-63.8 cm
NCState,fd,SHM,CeH1-3,CeH1-3-3,3,fd,-30,-50,19.231966836,standard,30-50 cm,30-50 cm
NCState,max,SHM,CeH1-3,CeH1-3-4,4,esm1,-63.3,-89.5,9.43851273940791,standard,50-75 cm,63.3-89.5 cm
NCState,max,SHM,CeH1-3,CeH1-3-4,4,esm2,-63.791144650859,-91.4937719809605,6.00569949998477,standard,50-75 cm,63.8-91.5 cm
NCState,fd,SHM,CeH1-3,CeH1-3-4,4,fd,-50,-75,15.62106184956,standard,50-75 cm,50-75 cm
NCState,max,SHM,CeH1-3,CeH1-3-5,5,esm1,-89.5,-117.3,10.0149104639538,standard,75-100 cm,89.5-117.3 cm
NCState,max,SHM,CeH1-3,CeH1-3-5,5,esm2,-91.4937719809605,-109.103137341972,34.9352187087047,standard,75-100 cm,91.5-109.1 cm
NCState,fd,SHM,CeH1-3,CeH1-3-5,5,fd,-75,-100,9.006214446000001,standard,75-100 cm,75-100 cm
NCState,max,SHM,CeH2-1,CeH2-1-1,1,esm1,0,-11.6,28.742798704876,standard,0-10 cm,0-11.6 cm
NCState,max,SHM,CeH2-1,CeH2-1-1,1,esm2,0,-11.5528314621404,31.0860456375915,standard,0-10 cm,0-11.6 cm
NCState,fd,SHM,CeH2-1,CeH2-1-1,1,fd,0,-10,26.9325329319,standard,0-10 cm,0-10 cm
NCState,max,SHM,CeH2-1,CeH2-1-2,2,esm1,-11.6,-38.5,26.903027327374,standard,10-30 cm,11.6-38.5 cm
NCState,max,SHM,CeH2-1,CeH2-1-2,2,esm2,-11.5528314621404,-38.6509267415415,23.6650599217109,standard,10-30 cm,11.6-38.7 cm
NCState,fd,SHM,CeH2-1,CeH2-1-2,2,fd,-10,-30,22.6283221622,standard,10-30 cm,10-30 cm
NCState,max,SHM,CeH2-1,CeH2-1-3,3,esm1,-38.5,-63.7,17.2884954427283,standard,30-50 cm,38.5-63.7 cm
NCState,max,SHM,CeH2-1,CeH2-1-3,3,esm2,-38.6509267415415,-63.7352116265323,18.8223379064465,standard,30-50 cm,38.7-63.7 cm
NCState,fd,SHM,CeH2-1,CeH2-1-3,3,fd,-30,-50,14.317578678,standard,30-50 cm,30-50 cm
NCState,max,SHM,CeH2-1,CeH2-1-4,4,esm1,-63.7,-92.4,7.85604249260373,standard,50-75 cm,63.7-92.4 cm
NCState,max,SHM,CeH2-1,CeH2-1-4,4,esm2,-63.7352116265323,-92.3481804829749,9.0094724624755,standard,50-75 cm,63.7-92.3 cm
NCState,fd,SHM,CeH2-1,CeH2-1-4,4,fd,-50,-75,12.149033353275,standard,50-75 cm,50-75 cm
NCState,max,SHM,CeH2-1,CeH2-1-5,5,esm1,-92.4,-122.9,8.34875595903881,standard,75-100 cm,92.4-122.9 cm
NCState,max,SHM,CeH2-1,CeH2-1-5,5,esm2,-92.3481804829749,-123.655387169403,-1.23405979644508,standard,75-100 cm,92.3-123.7 cm
NCState,fd,SHM,CeH2-1,CeH2-1-5,5,fd,-75,-100,6.8432425893749995,standard,75-100 cm,75-100 cm
NCState,max,SHM,CeH2-2,CeH2-2-1,1,esm1,0,-11.4,27.353563886023,standard,0-10 cm,0-11.4 cm
NCState,max,SHM,CeH2-2,CeH2-2-1,1,esm2,0,-11.4784120400374,27.7949994811817,standard,0-10 cm,0-11.5 cm
NCState,fd,SHM,CeH2-2,CeH2-2-1,1,fd,0,-10,25.590744595,standard,0-10 cm,0-10 cm
NCState,max,SHM,CeH2-2,CeH2-2-2,2,esm1,-11.4,-37.9,23.6911092074377,standard,10-30 cm,11.4-37.9 cm
NCState,max,SHM,CeH2-2,CeH2-2-2,2,esm2,-11.4784120400374,-37.9141503671269,25.8062247366882,standard,10-30 cm,11.5-37.9 cm
NCState,fd,SHM,CeH2-2,CeH2-2-2,2,fd,-10,-30,18.844786664475,standard,10-30 cm,10-30 cm
NCState,max,SHM,CeH2-2,CeH2-2-3,3,esm1,-37.9,-63.3,19.1498500993793,standard,30-50 cm,37.9-63.3 cm
NCState,max,SHM,CeH2-2,CeH2-2-3,3,esm2,-37.9141503671269,-63.0072985791084,17.0806841026814,standard,30-50 cm,37.9-63 cm
NCState,fd,SHM,CeH2-2,CeH2-2-3,3,fd,-30,-50,16.732004643,standard,30-50 cm,30-50 cm
NCState,max,SHM,CeH2-2,CeH2-2-4,4,esm1,-63.3,-94.2,13.60874148769,standard,50-75 cm,63.3-94.2 cm
NCState,max,SHM,CeH2-2,CeH2-2-4,4,esm2,-63.0072985791084,-93.8049878857216,13.3609427243637,standard,50-75 cm,63-93.8 cm
NCState,fd,SHM,CeH2-2,CeH2-2-4,4,fd,-50,-75,14.17981173716,standard,50-75 cm,50-75 cm
NCState,max,SHM,CeH2-2,CeH2-2-5,5,esm1,-94.2,-127.1,14.4895661794499,standard,75-100 cm,94.2-127.1 cm
NCState,max,SHM,CeH2-2,CeH2-2-5,5,esm2,-93.8049878857216,-132.044582025951,15.0106886452414,standard,75-100 cm,93.8-132 cm
NCState,fd,SHM,CeH2-2,CeH2-2-5,5,fd,-75,-100,11.010308647,standard,75-100 cm,75-100 cm
NCState,max,SHM,CeH2-3,CeH2-3-1,1,esm1,0,-12.2,33.227043640132,standard,0-10 cm,0-12.2 cm
NCState,max,SHM,CeH2-3,CeH2-3-1,1,esm2,0,-12.444252540683,33.4502310699621,standard,0-10 cm,0-12.4 cm
NCState,fd,SHM,CeH2-3,CeH2-3-1,1,fd,0,-10,27.853921831,standard,0-10 cm,0-10 cm
NCState,max,SHM,CeH2-3,CeH2-3-2,2,esm1,-12.2,-41.3,45.9677755904451,standard,10-30 cm,12.2-41.3 cm
NCState,max,SHM,CeH2-3,CeH2-3-2,2,esm2,-12.444252540683,-40.5554227584561,49.7203555574528,standard,10-30 cm,12.4-40.6 cm
NCState,fd,SHM,CeH2-3,CeH2-3-2,2,fd,-10,-30,38.44077040864,standard,10-30 cm,10-30 cm
NCState,max,SHM,CeH2-3,CeH2-3-3,3,esm1,-41.3,-69.1,16.0703197503124,standard,30-50 cm,41.3-69.1 cm
NCState,max,SHM,CeH2-3,CeH2-3-3,3,esm2,-40.5554227584561,-71.9883177045355,16.1745142732287,standard,30-50 cm,40.6-72 cm
NCState,fd,SHM,CeH2-3,CeH2-3-3,3,fd,-30,-50,22.832083169799997,standard,30-50 cm,30-50 cm
NCState,max,SHM,CeH2-3,CeH2-3-4,4,esm1,-69.1,-99.2,6.78597503856903,standard,50-75 cm,69.1-99.2 cm
NCState,max,SHM,CeH2-3,CeH2-3-4,4,esm2,-71.9883177045355,-99.552124507291,2.88633656724805,standard,50-75 cm,72-99.6 cm
NCState,fd,SHM,CeH2-3,CeH2-3-4,4,fd,-50,-75,7.46850485808,standard,50-75 cm,50-75 cm
NCState,max,SHM,CeH2-3,CeH2-3-5,5,esm1,-99.2,-131.3,7.23687038996897,standard,75-100 cm,99.2-131.3 cm
NCState,max,SHM,CeH2-3,CeH2-3-5,5,esm2,-99.552124507291,-105.943531497988,3.02377733277436,standard,75-100 cm,99.6-105.9 cm
NCState,fd,SHM,CeH2-3,CeH2-3-5,5,fd,-75,-100,5.6361918925,standard,75-100 cm,75-100 cm
NCState,max,SHM,CeH3-3,CeH3-3-1,1,esm1,0,-10.9,26.585561821156,standard,0-10 cm,0-10.9 cm
NCState,max,SHM,CeH3-3,CeH3-3-1,1,esm2,0,-10.9797520346945,26.80558411587,standard,0-10 cm,0-11 cm
NCState,fd,SHM,CeH3-3,CeH3-3-1,1,fd,0,-10,25.58494832785,standard,0-10 cm,0-10 cm
NCState,max,SHM,CeH3-3,CeH3-3-2,2,esm1,-10.9,-41.2,27.5213237722543,standard,10-30 cm,10.9-41.2 cm
NCState,max,SHM,CeH3-3,CeH3-3-2,2,esm2,-10.9797520346945,-44.0650434794334,29.9508747140363,standard,10-30 cm,11-44.1 cm
NCState,fd,SHM,CeH3-3,CeH3-3-2,2,fd,-10,-30,21.0617466586,standard,10-30 cm,10-30 cm
NCState,max,SHM,CeH3-3,CeH3-3-3,3,esm1,-41.2,-65.4,6.95237720363926,standard,30-50 cm,41.2-65.4 cm
NCState,max,SHM,CeH3-3,CeH3-3-3,3,esm2,-44.0650434794334,-77.4922348289998,11.3394123034064,standard,30-50 cm,44.1-77.5 cm
NCState,fd,SHM,CeH3-3,CeH3-3-3,3,fd,-30,-50,9.98832777192,standard,30-50 cm,30-50 cm
NCState,max,SHM,CeH3-3,CeH3-3-4,4,esm1,-65.4,-92.7,7.84297097765916,standard,50-75 cm,65.4-92.7 cm
NCState,max,SHM,CeH3-3,CeH3-3-4,4,esm2,-77.4922348289998,-98.8536867677227,2.87676330877734,standard,50-75 cm,77.5-98.9 cm
NCState,fd,SHM,CeH3-3,CeH3-3-4,4,fd,-50,-75,7.182207855,standard,50-75 cm,50-75 cm
NCState,max,SHM,CeH3-3,CeH3-3-5,5,esm1,-92.7,-121.7,8.33136111179911,standard,75-100 cm,92.7-121.7 cm
NCState,max,SHM,CeH3-3,CeH3-3-5,5,esm2,-98.8536867677227,-88.1623362694868,0.753285507741182,standard,75-100 cm,98.9-88.2 cm
NCState,fd,SHM,CeH3-3,CeH3-3-5,5,fd,-75,-100,7.182207855,standard,75-100 cm,75-100 cm
OregonState,max,Ref,JoF1-1,JoF1-1-1,1,esm1,0,-19.8,61.1973059999999,standard,0-10 cm,0-19.8 cm
OregonState,max,Ref,JoF1-1,JoF1-1-1,1,esm2,0,-20.8538867013726,62.8783696459422,standard,0-10 cm,0-20.9 cm
OregonState,fd,Ref,JoF1-1,JoF1-1-1,1,fd,0,-10,22.140332500000003,standard,0-10 cm,0-10 cm
OregonState,max,Ref,JoF1-1,JoF1-1-2,2,esm1,-19.8,-56.2,87.0519680000009,standard,10-30 cm,19.8-56.2 cm
OregonState,max,Ref,JoF1-1,JoF1-1-2,2,esm2,-20.8538867013726,-56.4260462203294,96.0141867529396,standard,10-30 cm,20.9-56.4 cm
OregonState,fd,Ref,JoF1-1,JoF1-1-2,2,fd,-10,-30,60.12763999999999,standard,10-30 cm,10-30 cm
OregonState,max,Ref,JoF1-1,JoF1-1-3,3,esm1,-56.2,-87.5,27.9796960000012,standard,30-50 cm,56.2-87.5 cm
OregonState,max,Ref,JoF1-1,JoF1-1-3,3,esm2,-56.4260462203294,-86.741170647737,24.2008405844026,standard,30-50 cm,56.4-86.7 cm
OregonState,fd,Ref,JoF1-1,JoF1-1-3,3,fd,-30,-50,36.383880000000005,standard,30-50 cm,30-50 cm
OregonState,max,Ref,JoF1-1,JoF1-1-4,4,esm1,-87.5,-122.9,31.6447680000013,standard,50-75 cm,87.5-122.9 cm
OregonState,max,Ref,JoF1-1,JoF1-1-4,4,esm2,-86.741170647737,-129.54338350581,19.2272400446246,standard,50-75 cm,86.7-129.5 cm
OregonState,fd,Ref,JoF1-1,JoF1-1-4,4,fd,-50,-75,16.761,standard,50-75 cm,50-75 cm
OregonState,max,Ref,JoF1-1,JoF1-1-5,5,esm1,-122.9,-160.5,33.6113920000014,standard,75-100 cm,122.9-160.5 cm
OregonState,max,Ref,JoF1-1,JoF1-1-5,5,esm2,-129.54338350581,-202.128747661546,89.6464515651141,standard,75-100 cm,129.5-202.1 cm
OregonState,fd,Ref,JoF1-1,JoF1-1-5,5,fd,-75,-100,16.761,standard,75-100 cm,75-100 cm
OregonState,max,Ref,JoF1-2,JoF1-2-1,1,esm1,0,-19.8,64.5215859999998,standard,0-10 cm,0-19.8 cm
OregonState,max,Ref,JoF1-2,JoF1-2-1,1,esm2,0,-20.8538867013726,65.4960226153999,standard,0-10 cm,0-20.9 cm
OregonState,fd,Ref,JoF1-2,JoF1-2-1,1,fd,0,-10,23.00565,standard,0-10 cm,0-10 cm
OregonState,max,Ref,JoF1-2,JoF1-2-2,2,esm1,-19.8,-56.2,105.400064,standard,10-30 cm,19.8-56.2 cm
OregonState,max,Ref,JoF1-2,JoF1-2-2,2,esm2,-20.8538867013726,-56.4260462203294,119.132963516749,standard,10-30 cm,20.9-56.4 cm
OregonState,fd,Ref,JoF1-2,JoF1-2-2,2,fd,-10,-30,83.90096,standard,10-30 cm,10-30 cm
OregonState,max,Ref,JoF1-2,JoF1-2-3,3,esm1,-56.2,-87.5,33.1216599999982,standard,30-50 cm,56.2-87.5 cm
OregonState,max,Ref,JoF1-2,JoF1-2-3,3,esm2,-56.4260462203294,-86.741170647737,30.2394795721443,standard,30-50 cm,56.4-86.7 cm
OregonState,fd,Ref,JoF1-2,JoF1-2-3,3,fd,-30,-50,56.4542,standard,30-50 cm,30-50 cm
OregonState,max,Ref,JoF1-2,JoF1-2-4,4,esm1,-87.5,-122.9,37.460279999998,standard,50-75 cm,87.5-122.9 cm
OregonState,max,Ref,JoF1-2,JoF1-2-4,4,esm2,-86.741170647737,-129.54338350581,1.07010672285347,standard,50-75 cm,86.7-129.5 cm
OregonState,fd,Ref,JoF1-2,JoF1-2-4,4,fd,-50,-75,26.455000000000002,standard,50-75 cm,50-75 cm
OregonState,max,Ref,JoF1-2,JoF1-2-5,5,esm1,-122.9,-160.5,39.7883199999978,standard,75-100 cm,122.9-160.5 cm
OregonState,max,Ref,JoF1-2,JoF1-2-5,5,esm2,-129.54338350581,-202.128747661546,30.9260257371254,standard,75-100 cm,129.5-202.1 cm
OregonState,fd,Ref,JoF1-2,JoF1-2-5,5,fd,-75,-100,26.455000000000002,standard,75-100 cm,75-100 cm
OregonState,max,Ref,JoF1-3,JoF1-3-1,1,esm1,0,-19.8,80.7987540000003,standard,0-10 cm,0-19.8 cm
OregonState,max,Ref,JoF1-3,JoF1-3-1,1,esm2,0,-20.8538867013726,81.4945121620728,standard,0-10 cm,0-20.9 cm
OregonState,fd,Ref,JoF1-3,JoF1-3-1,1,fd,0,-10,30.461249999999996,standard,0-10 cm,0-10 cm
OregonState,max,Ref,JoF1-3,JoF1-3-2,2,esm1,-19.8,-56.2,123.749056,standard,10-30 cm,19.8-56.2 cm
OregonState,max,Ref,JoF1-3,JoF1-3-2,2,esm2,-20.8538867013726,-56.4260462203294,129.479535146721,standard,10-30 cm,20.9-56.4 cm
OregonState,fd,Ref,JoF1-3,JoF1-3-2,2,fd,-10,-30,101.24472,standard,10-30 cm,10-30 cm
OregonState,max,Ref,JoF1-3,JoF1-3-3,3,esm1,-56.2,-87.5,50.4931599999966,standard,30-50 cm,56.2-87.5 cm
OregonState,max,Ref,JoF1-3,JoF1-3-3,3,esm2,-56.4260462203294,-86.741170647737,40.5178980466425,standard,30-50 cm,56.4-86.7 cm
OregonState,fd,Ref,JoF1-3,JoF1-3-3,3,fd,-30,-50,62.84,standard,30-50 cm,30-50 cm
OregonState,max,Ref,JoF1-3,JoF1-3-4,4,esm1,-87.5,-122.9,57.1072799999962,standard,50-75 cm,87.5-122.9 cm
OregonState,max,Ref,JoF1-3,JoF1-3-4,4,esm2,-86.741170647737,-129.54338350581,112.974125249299,standard,50-75 cm,86.7-129.5 cm
OregonState,fd,Ref,JoF1-3,JoF1-3-4,4,fd,-50,-75,40.330000000000005,standard,50-75 cm,50-75 cm
OregonState,max,Ref,JoF1-3,JoF1-3-5,5,esm1,-122.9,-160.5,60.656319999996,standard,75-100 cm,122.9-160.5 cm
OregonState,max,Ref,JoF1-3,JoF1-3-5,5,esm2,-129.54338350581,-202.128747661546,378.493259283262,standard,75-100 cm,129.5-202.1 cm
OregonState,fd,Ref,JoF1-3,JoF1-3-5,5,fd,-75,-100,40.330000000000005,standard,75-100 cm,75-100 cm
OregonState,max,Ref,JoF2-1,JoF2-1-1,1,esm1,0,-16.9,55.5358579999999,standard,0-10 cm,0-16.9 cm
OregonState,max,Ref,JoF2-1,JoF2-1-1,1,esm2,0,-17.0965197230452,58.7891015865142,standard,0-10 cm,0-17.1 cm
OregonState,fd,Ref,JoF2-1,JoF2-1-1,1,fd,0,-10,30.3417275,standard,0-10 cm,0-10 cm
OregonState,max,Ref,JoF2-1,JoF2-1-2,2,esm1,-16.9,-53.1,85.5239079999998,standard,10-30 cm,16.9-53.1 cm
OregonState,max,Ref,JoF2-1,JoF2-1-2,2,esm2,-17.0965197230452,-53.0150072963765,82.5928588140596,standard,10-30 cm,17.1-53 cm
OregonState,fd,Ref,JoF2-1,JoF2-1-2,2,fd,-10,-30,48.88044,standard,10-30 cm,10-30 cm
OregonState,max,Ref,JoF2-1,JoF2-1-3,3,esm1,-53.1,-88.2,45.7760159999989,standard,30-50 cm,53.1-88.2 cm
OregonState,max,Ref,JoF2-1,JoF2-1-3,3,esm2,-53.0150072963765,-86.6653737226096,45.1996716052514,standard,30-50 cm,53-86.7 cm
OregonState,fd,Ref,JoF2-1,JoF2-1-3,3,fd,-30,-50,33.761919999999996,standard,30-50 cm,30-50 cm
OregonState,max,Ref,JoF2-1,JoF2-1-4,4,esm1,-88.2,-127.8,51.6447359999987,standard,50-75 cm,88.2-127.8 cm
OregonState,max,Ref,JoF2-1,JoF2-1-4,4,esm2,-86.6653737226096,-139.073567793498,67.6629954640356,standard,50-75 cm,86.7-139.1 cm
OregonState,fd,Ref,JoF2-1,JoF2-1-4,4,fd,-50,-75,28.872519999999998,standard,50-75 cm,50-75 cm
OregonState,max,Ref,JoF2-1,JoF2-1-5,5,esm1,-127.8,-170,55.0355520000068,standard,75-100 cm,127.8-170 cm
OregonState,max,Ref,JoF2-1,JoF2-1-5,5,esm2,-139.073567793498,-228.130432413508,159.632454236618,standard,75-100 cm,139.1-228.1 cm
OregonState,fd,Ref,JoF2-1,JoF2-1-5,5,fd,-75,-100,27.7134,standard,75-100 cm,75-100 cm
OregonState,max,Ref,JoF2-2,JoF2-2-1,1,esm1,0,-16.9,73.0421019999999,standard,0-10 cm,0-16.9 cm
OregonState,max,Ref,JoF2-2,JoF2-2-1,1,esm2,0,-17.0965197230452,76.5312362912883,standard,0-10 cm,0-17.1 cm
OregonState,fd,Ref,JoF2-2,JoF2-2-1,1,fd,0,-10,41.67415,standard,0-10 cm,0-10 cm
OregonState,max,Ref,JoF2-2,JoF2-2-2,2,esm1,-16.9,-53.1,117.382583999999,standard,10-30 cm,16.9-53.1 cm
OregonState,max,Ref,JoF2-2,JoF2-2-2,2,esm2,-17.0965197230452,-53.0150072963765,113.539275555355,standard,10-30 cm,17.1-53 cm
OregonState,fd,Ref,JoF2-2,JoF2-2-2,2,fd,-10,-30,90.9216,standard,10-30 cm,10-30 cm
OregonState,max,Ref,JoF2-2,JoF2-2-3,3,esm1,-53.1,-88.2,62.9188560000033,standard,30-50 cm,53.1-88.2 cm
OregonState,max,Ref,JoF2-2,JoF2-2-3,3,esm2,-53.0150072963765,-86.6653737226096,52.0446563675451,standard,30-50 cm,53-86.7 cm
OregonState,fd,Ref,JoF2-2,JoF2-2-3,3,fd,-30,-50,50.779199999999996,standard,30-50 cm,30-50 cm
OregonState,max,Ref,JoF2-2,JoF2-2-4,4,esm1,-88.2,-127.8,70.9853760000037,standard,50-75 cm,88.2-127.8 cm
OregonState,max,Ref,JoF2-2,JoF2-2-4,4,esm2,-86.6653737226096,-139.073567793498,182.908439583767,standard,50-75 cm,86.7-139.1 cm
OregonState,fd,Ref,JoF2-2,JoF2-2-4,4,fd,-50,-75,46.3068,standard,50-75 cm,50-75 cm
OregonState,max,Ref,JoF2-2,JoF2-2-5,5,esm1,-127.8,-170,75.646032000004,standard,75-100 cm,127.8-170 cm
OregonState,max,Ref,JoF2-2,JoF2-2-5,5,esm2,-139.073567793498,-228.130432413508,553.227354618617,standard,75-100 cm,139.1-228.1 cm
OregonState,fd,Ref,JoF2-2,JoF2-2-5,5,fd,-75,-100,44.81400000000001,standard,75-100 cm,75-100 cm
OregonState,max,Ref,JoF2-3,JoF2-3-1,1,esm1,0,-16.9,71.1432540000002,standard,0-10 cm,0-16.9 cm
OregonState,max,Ref,JoF2-3,JoF2-3-1,1,esm2,0,-17.0965197230452,77.0113339810874,standard,0-10 cm,0-17.1 cm
OregonState,fd,Ref,JoF2-3,JoF2-3-1,1,fd,0,-10,43.183350000000004,standard,0-10 cm,0-10 cm
OregonState,max,Ref,JoF2-3,JoF2-3-2,2,esm1,-16.9,-53.1,112.966812000002,standard,10-30 cm,16.9-53.1 cm
OregonState,max,Ref,JoF2-3,JoF2-3-2,2,esm2,-17.0965197230452,-53.0150072963765,107.206203161374,standard,10-30 cm,17.1-53 cm
OregonState,fd,Ref,JoF2-3,JoF2-3-2,2,fd,-10,-30,81.04320000000001,standard,10-30 cm,10-30 cm
OregonState,max,Ref,JoF2-3,JoF2-3-3,3,esm1,-53.1,-88.2,62.6871959999996,standard,30-50 cm,53.1-88.2 cm
OregonState,max,Ref,JoF2-3,JoF2-3-3,3,esm2,-53.0150072963765,-86.6653737226096,57.6132113131797,standard,30-50 cm,53-86.7 cm
OregonState,fd,Ref,JoF2-3,JoF2-3-3,3,fd,-30,-50,52.653600000000004,standard,30-50 cm,30-50 cm
OregonState,max,Ref,JoF2-3,JoF2-3-4,4,esm1,-88.2,-127.8,70.7240160000093,standard,50-75 cm,88.2-127.8 cm
OregonState,max,Ref,JoF2-3,JoF2-3-4,4,esm2,-86.6653737226096,-139.073567793498,131.035525848045,standard,50-75 cm,86.7-139.1 cm
OregonState,fd,Ref,JoF2-3,JoF2-3-4,4,fd,-50,-75,46.34244,standard,50-75 cm,50-75 cm
OregonState,max,Ref,JoF2-3,JoF2-3-5,5,esm1,-127.8,-170,75.3675120000115,standard,75-100 cm,127.8-170 cm
OregonState,max,Ref,JoF2-3,JoF2-3-5,5,esm2,-139.073567793498,-228.130432413508,361.78680502494,standard,75-100 cm,139.1-228.1 cm
OregonState,fd,Ref,JoF2-3,JoF2-3-5,5,fd,-75,-100,44.649,standard,75-100 cm,75-100 cm
OregonState,max,Ref,JoF3-1,JoF3-1-1,1,esm1,0,-18.5,61.4576650000002,standard,0-10 cm,0-18.5 cm
OregonState,max,Ref,JoF3-1,JoF3-1-1,1,esm2,0,-22.2762795232911,69.8466385719892,standard,0-10 cm,0-22.3 cm
OregonState,fd,Ref,JoF3-1,JoF3-1-1,1,fd,0,-10,22.3767,standard,0-10 cm,0-10 cm
OregonState,max,Ref,JoF3-1,JoF3-1-2,2,esm1,-18.5,-55.9,109.604513,standard,10-30 cm,18.5-55.9 cm
OregonState,max,Ref,JoF3-1,JoF3-1-2,2,esm2,-22.2762795232911,-55.4305498879121,104.360650686604,standard,10-30 cm,22.3-55.4 cm
OregonState,fd,Ref,JoF3-1,JoF3-1-2,2,fd,-10,-30,55.567666,standard,10-30 cm,10-30 cm
OregonState,max,Ref,JoF3-1,JoF3-1-3,3,esm1,-55.9,-89.1,30.9545760000006,standard,30-50 cm,55.9-89.1 cm
OregonState,max,Ref,JoF3-1,JoF3-1-3,3,esm2,-55.4305498879121,-90.7359496806147,30.798630418298,standard,30-50 cm,55.4-90.7 cm
OregonState,fd,Ref,JoF3-1,JoF3-1-3,3,fd,-30,-50,46.2430661,standard,30-50 cm,30-50 cm
OregonState,max,Ref,JoF3-1,JoF3-1-4,4,esm1,-89.1,-125.4,24.0973919999998,standard,50-75 cm,89.1-125.4 cm
OregonState,max,Ref,JoF3-1,JoF3-1-4,4,esm2,-90.7359496806147,-114.007990554695,16.5207247949297,standard,50-75 cm,90.7-114 cm
OregonState,fd,Ref,JoF3-1,JoF3-1-4,4,fd,-50,-75,27.337104,standard,50-75 cm,50-75 cm
OregonState,max,Ref,JoF3-1,JoF3-1-5,5,esm1,-125.4,-164.1,25.6906079999997,standard,75-100 cm,125.4-164.1 cm
OregonState,max,Ref,JoF3-1,JoF3-1-5,5,esm2,-114.007990554695,-107.720056133809,67.2021901584343,standard,75-100 cm,114-107.7 cm
OregonState,fd,Ref,JoF3-1,JoF3-1-5,5,fd,-75,-100,14.1066,standard,75-100 cm,75-100 cm
OregonState,max,Ref,JoF3-2,JoF3-2-1,1,esm1,0,-18.5,90.2378649999999,standard,0-10 cm,0-18.5 cm
OregonState,max,Ref,JoF3-2,JoF3-2-1,1,esm2,0,-22.2762795232911,96.9363736388385,standard,0-10 cm,0-22.3 cm
OregonState,fd,Ref,JoF3-2,JoF3-2-1,1,fd,0,-10,37.1835,standard,0-10 cm,0-10 cm
OregonState,max,Ref,JoF3-2,JoF3-2-2,2,esm1,-18.5,-55.9,180.645053,standard,10-30 cm,18.5-55.9 cm
OregonState,max,Ref,JoF3-2,JoF3-2-2,2,esm2,-22.2762795232911,-55.4305498879121,181.494884489726,standard,10-30 cm,22.3-55.4 cm
OregonState,fd,Ref,JoF3-2,JoF3-2-2,2,fd,-10,-30,124.8338,standard,10-30 cm,10-30 cm
OregonState,max,Ref,JoF3-2,JoF3-2-3,3,esm1,-55.9,-89.1,40.5182080000007,standard,30-50 cm,55.9-89.1 cm
OregonState,max,Ref,JoF3-2,JoF3-2-3,3,esm2,-55.4305498879121,-90.7359496806147,30.5978215100064,standard,30-50 cm,55.4-90.7 cm
OregonState,fd,Ref,JoF3-2,JoF3-2-3,3,fd,-30,-50,96.18581,standard,30-50 cm,30-50 cm
OregonState,max,Ref,JoF3-2,JoF3-2-4,4,esm1,-89.1,-125.4,31.5722879999974,standard,50-75 cm,89.1-125.4 cm
OregonState,max,Ref,JoF3-2,JoF3-2-4,4,esm2,-90.7359496806147,-114.007990554695,86.6396442875887,standard,50-75 cm,90.7-114 cm
OregonState,fd,Ref,JoF3-2,JoF3-2-4,4,fd,-50,-75,40.9344,standard,50-75 cm,50-75 cm
OregonState,max,Ref,JoF3-2,JoF3-2-5,5,esm1,-125.4,-164.1,33.6597119999972,standard,75-100 cm,125.4-164.1 cm
OregonState,max,Ref,JoF3-2,JoF3-2-5,5,esm2,-114.007990554695,-107.720056133809,366.591853116082,standard,75-100 cm,114-107.7 cm
OregonState,fd,Ref,JoF3-2,JoF3-2-5,5,fd,-75,-100,21.744,standard,75-100 cm,75-100 cm
OregonState,max,Ref,JoF3-3,JoF3-3-1,1,esm1,0,-18.5,80.3651900000001,standard,0-10 cm,0-18.5 cm
OregonState,max,Ref,JoF3-3,JoF3-3-1,1,esm2,0,-22.2762795232911,95.3625906552262,standard,0-10 cm,0-22.3 cm
OregonState,fd,Ref,JoF3-3,JoF3-3-1,1,fd,0,-10,39.9159,standard,0-10 cm,0-10 cm
OregonState,max,Ref,JoF3-3,JoF3-3-2,2,esm1,-18.5,-55.9,143.883466,standard,10-30 cm,18.5-55.9 cm
OregonState,max,Ref,JoF3-3,JoF3-3-2,2,esm2,-22.2762795232911,-55.4305498879121,132.60525636471,standard,10-30 cm,22.3-55.4 cm
OregonState,fd,Ref,JoF3-3,JoF3-3-2,2,fd,-10,-30,95.1748,standard,10-30 cm,10-30 cm
OregonState,max,Ref,JoF3-3,JoF3-3-3,3,esm1,-55.9,-89.1,37.2655199999972,standard,30-50 cm,55.9-89.1 cm
OregonState,max,Ref,JoF3-3,JoF3-3-3,3,esm2,-55.4305498879121,-90.7359496806147,38.3563988268211,standard,30-50 cm,55.4-90.7 cm
OregonState,fd,Ref,JoF3-3,JoF3-3-3,3,fd,-30,-50,76.67450000000001,standard,30-50 cm,30-50 cm
OregonState,max,Ref,JoF3-3,JoF3-3-4,4,esm1,-89.1,-125.4,27.1291679999902,standard,50-75 cm,89.1-125.4 cm
OregonState,max,Ref,JoF3-3,JoF3-3-4,4,esm2,-90.7359496806147,-114.007990554695,11.0476447579551,standard,50-75 cm,90.7-114 cm
OregonState,fd,Ref,JoF3-3,JoF3-3-4,4,fd,-50,-75,39.2112,standard,50-75 cm,50-75 cm
OregonState,max,Ref,JoF3-3,JoF3-3-5,5,esm1,-125.4,-164.1,28.9228319999896,standard,75-100 cm,125.4-164.1 cm
OregonState,max,Ref,JoF3-3,JoF3-3-5,5,esm2,-114.007990554695,-107.720056133809,67.0594770510062,standard,75-100 cm,114-107.7 cm
OregonState,fd,Ref,JoF3-3,JoF3-3-5,5,fd,-75,-100,18.684,standard,75-100 cm,75-100 cm
OregonState,max,SHM,JoV1-1,JoV1-1-1,1,esm1,0,-13.1,49.6062,standard,0-10 cm,0-13.1 cm
OregonState,max,SHM,JoV1-1,JoV1-1-1,1,esm2,0,-13.2284812156637,50.5870648081149,standard,0-10 cm,0-13.2 cm
OregonState,fd,SHM,JoV1-1,JoV1-1-1,1,fd,0,-10,32.2772,standard,0-10 cm,0-10 cm
OregonState,max,SHM,JoV1-1,JoV1-1-2,2,esm1,-13.1,-47.2,77.9518940000003,standard,10-30 cm,13.1-47.2 cm
OregonState,max,SHM,JoV1-1,JoV1-1-2,2,esm2,-13.2284812156637,-47.1705228961159,77.2759244957016,standard,10-30 cm,13.2-47.2 cm
OregonState,fd,SHM,JoV1-1,JoV1-1-2,2,fd,-10,-30,44.2455175,standard,10-30 cm,10-30 cm
OregonState,max,SHM,JoV1-1,JoV1-1-3,3,esm1,-47.2,-80.3,52.2578910000008,standard,30-50 cm,47.2-80.3 cm
OregonState,max,SHM,JoV1-1,JoV1-1-3,3,esm2,-47.1705228961159,-80.5973967563588,56.393366896362,standard,30-50 cm,47.2-80.6 cm
OregonState,fd,SHM,JoV1-1,JoV1-1-3,3,fd,-30,-50,34.261086,standard,30-50 cm,30-50 cm
OregonState,max,SHM,JoV1-1,JoV1-1-4,4,esm1,-80.3,-117.5,44.3219400000012,standard,50-75 cm,80.3-117.5 cm
OregonState,max,SHM,JoV1-1,JoV1-1-4,4,esm2,-80.5973967563588,-116.263660682987,22.2438122285989,standard,50-75 cm,80.6-116.3 cm
OregonState,fd,SHM,JoV1-1,JoV1-1-4,4,fd,-50,-75,34.67497649999999,standard,50-75 cm,50-75 cm
OregonState,max,SHM,JoV1-1,JoV1-1-5,5,esm1,-117.5,-156.9,46.9431300000012,standard,75-100 cm,117.5-156.9 cm
OregonState,max,SHM,JoV1-1,JoV1-1-5,5,esm2,-116.263660682987,-146.826056525878,-55.9554030181743,standard,75-100 cm,116.3-146.8 cm
OregonState,fd,SHM,JoV1-1,JoV1-1-5,5,fd,-75,-100,25.318312499999994,standard,75-100 cm,75-100 cm
OregonState,max,SHM,JoV1-2,JoV1-2-1,1,esm1,0,-13.1,56.588265,standard,0-10 cm,0-13.1 cm
OregonState,max,SHM,JoV1-2,JoV1-2-1,1,esm2,0,-13.2284812156637,57.9979741062448,standard,0-10 cm,0-13.2 cm
OregonState,fd,SHM,JoV1-2,JoV1-2-1,1,fd,0,-10,47.16225000000001,standard,0-10 cm,0-10 cm
OregonState,max,SHM,JoV1-2,JoV1-2-2,2,esm1,-13.1,-47.2,85.884890999999,standard,10-30 cm,13.1-47.2 cm
OregonState,max,SHM,JoV1-2,JoV1-2-2,2,esm2,-13.2284812156637,-47.1705228961159,86.6286552022375,standard,10-30 cm,13.2-47.2 cm
OregonState,fd,SHM,JoV1-2,JoV1-2-2,2,fd,-10,-30,56.62395,standard,10-30 cm,10-30 cm
OregonState,max,SHM,JoV1-2,JoV1-2-3,3,esm1,-47.2,-80.3,46.7064239999975,standard,30-50 cm,47.2-80.3 cm
OregonState,max,SHM,JoV1-2,JoV1-2-3,3,esm2,-47.1705228961159,-80.5973967563588,43.1106589858077,standard,30-50 cm,47.2-80.6 cm
OregonState,fd,SHM,JoV1-2,JoV1-2-3,3,fd,-30,-50,42.878640000000004,standard,30-50 cm,30-50 cm
OregonState,max,SHM,JoV1-2,JoV1-2-4,4,esm1,-80.3,-117.5,47.7313199999996,standard,50-75 cm,80.3-117.5 cm
OregonState,max,SHM,JoV1-2,JoV1-2-4,4,esm2,-80.5973967563588,-116.263660682987,61.482424388503,standard,50-75 cm,80.6-116.3 cm
OregonState,fd,SHM,JoV1-2,JoV1-2-4,4,fd,-50,-75,35.71431,standard,50-75 cm,50-75 cm
OregonState,max,SHM,JoV1-2,JoV1-2-5,5,esm1,-117.5,-156.9,50.5541399999996,standard,75-100 cm,117.5-156.9 cm
OregonState,max,SHM,JoV1-2,JoV1-2-5,5,esm2,-116.263660682987,-146.826056525878,153.661987526481,standard,75-100 cm,116.3-146.8 cm
OregonState,fd,SHM,JoV1-2,JoV1-2-5,5,fd,-75,-100,32.0775,standard,75-100 cm,75-100 cm
OregonState,max,SHM,JoV1-3,JoV1-3-1,1,esm1,0,-13.1,41.9859800000001,standard,0-10 cm,0-13.1 cm
OregonState,max,SHM,JoV1-3,JoV1-3-1,1,esm2,0,-13.2284812156637,43.3135429674858,standard,0-10 cm,0-13.2 cm
OregonState,fd,SHM,JoV1-3,JoV1-3-1,1,fd,0,-10,32.39365,standard,0-10 cm,0-10 cm
OregonState,max,SHM,JoV1-3,JoV1-3-2,2,esm1,-13.1,-47.2,85.095954,standard,10-30 cm,13.1-47.2 cm
OregonState,max,SHM,JoV1-3,JoV1-3-2,2,esm2,-13.2284812156637,-47.1705228961159,85.2116048862436,standard,10-30 cm,13.2-47.2 cm
OregonState,fd,SHM,JoV1-3,JoV1-3-2,2,fd,-10,-30,56.61379999999999,standard,10-30 cm,10-30 cm
OregonState,max,SHM,JoV1-3,JoV1-3-3,3,esm1,-47.2,-80.3,61.8430529999975,standard,30-50 cm,47.2-80.3 cm
OregonState,max,SHM,JoV1-3,JoV1-3-3,3,esm2,-47.1705228961159,-80.5973967563588,52.2105115086408,standard,30-50 cm,47.2-80.6 cm
OregonState,fd,SHM,JoV1-3,JoV1-3-3,3,fd,-30,-50,42.36736,standard,30-50 cm,30-50 cm
OregonState,max,SHM,JoV1-3,JoV1-3-4,4,esm1,-80.3,-117.5,88.066908,standard,50-75 cm,80.3-117.5 cm
OregonState,max,SHM,JoV1-3,JoV1-3-4,4,esm2,-80.5973967563588,-116.263660682987,138.173786373555,standard,50-75 cm,80.6-116.3 cm
OregonState,fd,SHM,JoV1-3,JoV1-3-4,4,fd,-50,-75,45.003009999999996,standard,50-75 cm,50-75 cm
OregonState,max,SHM,JoV1-3,JoV1-3-5,5,esm1,-117.5,-156.9,93.275166,standard,75-100 cm,117.5-156.9 cm
OregonState,max,SHM,JoV1-3,JoV1-3-5,5,esm2,-116.263660682987,-146.826056525878,379.296478155516,standard,75-100 cm,116.3-146.8 cm
OregonState,fd,SHM,JoV1-3,JoV1-3-5,5,fd,-75,-100,59.184749999999994,standard,75-100 cm,75-100 cm
OregonState,max,SHM,JoV2-1,JoV2-1-1,1,esm1,0,-15.9,40.3193000000001,standard,0-10 cm,0-15.9 cm
OregonState,max,SHM,JoV2-1,JoV2-1-1,1,esm2,0,-15.5312294549379,42.6213875443927,standard,0-10 cm,0-15.5 cm
OregonState,fd,SHM,JoV2-1,JoV2-1-1,1,fd,0,-10,24.573330000000002,standard,0-10 cm,0-10 cm
OregonState,max,SHM,JoV2-1,JoV2-1-2,2,esm1,-15.9,-47.9,43.2493000000011,standard,10-30 cm,15.9-47.9 cm
OregonState,max,SHM,JoV2-1,JoV2-1-2,2,esm2,-15.5312294549379,-48.051077010317,41.3973273158165,standard,10-30 cm,15.5-48.1 cm
OregonState,fd,SHM,JoV2-1,JoV2-1-2,2,fd,-10,-30,30.54285,standard,10-30 cm,10-30 cm
OregonState,max,SHM,JoV2-1,JoV2-1-3,3,esm1,-47.9,-76.7,19.9099400000015,standard,30-50 cm,47.9-76.7 cm
OregonState,max,SHM,JoV2-1,JoV2-1-3,3,esm2,-48.051077010317,-76.0128629388988,19.3134910839456,standard,30-50 cm,48.1-76 cm
OregonState,fd,SHM,JoV2-1,JoV2-1-3,3,fd,-30,-50,17.072850000000003,standard,30-50 cm,30-50 cm
OregonState,max,SHM,JoV2-1,JoV2-1-4,4,esm1,-76.7,-114.8,24.7357320000005,standard,50-75 cm,76.7-114.8 cm
OregonState,max,SHM,JoV2-1,JoV2-1-4,4,esm2,-76.0128629388988,-117.242173410305,27.3560198836498,standard,50-75 cm,76-117.2 cm
OregonState,fd,SHM,JoV2-1,JoV2-1-4,4,fd,-50,-75,14.369250000000001,standard,50-75 cm,50-75 cm
OregonState,max,SHM,JoV2-1,JoV2-1-5,5,esm1,-114.8,-156.9,27.0635639999943,standard,75-100 cm,114.8-156.9 cm
OregonState,max,SHM,JoV2-1,JoV2-1-5,5,esm2,-117.242173410305,-185.458620349136,59.3418574107264,standard,75-100 cm,117.2-185.5 cm
OregonState,fd,SHM,JoV2-1,JoV2-1-5,5,fd,-75,-100,12.88701,standard,75-100 cm,75-100 cm
OregonState,max,SHM,JoV2-2,JoV2-2-1,1,esm1,0,-15.9,32.7937169999999,standard,0-10 cm,0-15.9 cm
OregonState,max,SHM,JoV2-2,JoV2-2-1,1,esm2,0,-15.5312294549379,35.8235962783849,standard,0-10 cm,0-15.5 cm
OregonState,fd,SHM,JoV2-2,JoV2-2-1,1,fd,0,-10,22.293900000000004,standard,0-10 cm,0-10 cm
OregonState,max,SHM,JoV2-2,JoV2-2-2,2,esm1,-15.9,-47.9,44.0776729999995,standard,10-30 cm,15.9-47.9 cm
OregonState,max,SHM,JoV2-2,JoV2-2-2,2,esm2,-15.5312294549379,-48.051077010317,41.2628615955928,standard,10-30 cm,15.5-48.1 cm
OregonState,fd,SHM,JoV2-2,JoV2-2-2,2,fd,-10,-30,32.78245,standard,10-30 cm,10-30 cm
OregonState,max,SHM,JoV2-2,JoV2-2-3,3,esm1,-47.9,-76.7,29.881439999998,standard,30-50 cm,47.9-76.7 cm
OregonState,max,SHM,JoV2-2,JoV2-2-3,3,esm2,-48.051077010317,-76.0128629388988,29.7786592809858,standard,30-50 cm,48.1-76 cm
OregonState,fd,SHM,JoV2-2,JoV2-2-3,3,fd,-30,-50,24.1648,standard,30-50 cm,30-50 cm
OregonState,max,SHM,JoV2-2,JoV2-2-4,4,esm1,-76.7,-114.8,34.1515999999981,standard,50-75 cm,76.7-114.8 cm
OregonState,max,SHM,JoV2-2,JoV2-2-4,4,esm2,-76.0128629388988,-117.242173410305,35.0806601255528,standard,50-75 cm,76-117.2 cm
OregonState,fd,SHM,JoV2-2,JoV2-2-4,4,fd,-50,-75,25.759999999999998,standard,50-75 cm,50-75 cm
OregonState,max,SHM,JoV2-2,JoV2-2-5,5,esm1,-114.8,-156.9,36.399659999995,standard,75-100 cm,114.8-156.9 cm
OregonState,max,SHM,JoV2-2,JoV2-2-5,5,esm2,-117.242173410305,-185.458620349136,49.9916073012363,standard,75-100 cm,117.2-185.5 cm
OregonState,fd,SHM,JoV2-2,JoV2-2-5,5,fd,-75,-100,23.1072,standard,75-100 cm,75-100 cm
OregonState,max,SHM,JoV3-1,JoV3-1-1,1,esm1,0,-14.7,54.277232,standard,0-10 cm,0-14.7 cm
OregonState,max,SHM,JoV3-1,JoV3-1-1,1,esm2,0,-14.7244018849603,58.3667558820036,standard,0-10 cm,0-14.7 cm
OregonState,fd,SHM,JoV3-1,JoV3-1-1,1,fd,0,-10,33.326826000000004,standard,0-10 cm,0-10 cm
OregonState,max,SHM,JoV3-1,JoV3-1-2,2,esm1,-14.7,-51.3,89.946696,standard,10-30 cm,14.7-51.3 cm
OregonState,max,SHM,JoV3-1,JoV3-1-2,2,esm2,-14.7244018849603,-51.1598747689681,88.6469298282943,standard,10-30 cm,14.7-51.2 cm
OregonState,fd,SHM,JoV3-1,JoV3-1-2,2,fd,-10,-30,38.337936000000006,standard,10-30 cm,10-30 cm
OregonState,max,SHM,JoV3-1,JoV3-1-3,3,esm1,-51.3,-86.5,56.8705319999987,standard,30-50 cm,51.3-86.5 cm
OregonState,max,SHM,JoV3-1,JoV3-1-3,3,esm2,-51.1598747689681,-87.3668332518998,56.6977218602706,standard,30-50 cm,51.2-87.4 cm
OregonState,fd,SHM,JoV3-1,JoV3-1-3,3,fd,-30,-50,38.337936000000006,standard,30-50 cm,30-50 cm
OregonState,max,SHM,JoV3-1,JoV3-1-4,4,esm1,-86.5,-123.9,47.5428799999966,standard,50-75 cm,86.5-123.9 cm
OregonState,max,SHM,JoV3-1,JoV3-1-4,4,esm2,-87.3668332518998,-116.266795733083,26.6329581480742,standard,50-75 cm,87.4-116.3 cm
OregonState,fd,SHM,JoV3-1,JoV3-1-4,4,fd,-50,-75,37.5974008,standard,50-75 cm,50-75 cm
OregonState,max,SHM,JoV3-1,JoV3-1-5,5,esm1,-123.9,-163.7,50.5937599999964,standard,75-100 cm,123.9-163.7 cm
OregonState,max,SHM,JoV3-1,JoV3-1-5,5,esm2,-116.266795733083,-116.097858331265,-21.6299320768253,standard,75-100 cm,116.3-116.1 cm
OregonState,fd,SHM,JoV3-1,JoV3-1-5,5,fd,-75,-100,27.012999999999998,standard,75-100 cm,75-100 cm
OregonState,max,SHM,JoV3-2,JoV3-2-1,1,esm1,0,-14.7,49.945618,standard,0-10 cm,0-14.7 cm
OregonState,max,SHM,JoV3-2,JoV3-2-1,1,esm2,0,-14.7244018849603,52.5128319814567,standard,0-10 cm,0-14.7 cm
OregonState,fd,SHM,JoV3-2,JoV3-2-1,1,fd,0,-10,38.036100000000005,standard,0-10 cm,0-10 cm
OregonState,max,SHM,JoV3-2,JoV3-2-2,2,esm1,-14.7,-51.3,92.7422039999992,standard,10-30 cm,14.7-51.3 cm
OregonState,max,SHM,JoV3-2,JoV3-2-2,2,esm2,-14.7244018849603,-51.1598747689681,93.5271319705834,standard,10-30 cm,14.7-51.2 cm
OregonState,fd,SHM,JoV3-2,JoV3-2-2,2,fd,-10,-30,50.67880000000001,standard,10-30 cm,10-30 cm
OregonState,max,SHM,JoV3-2,JoV3-2-3,3,esm1,-51.3,-86.5,54.9995180000016,standard,30-50 cm,51.3-86.5 cm
OregonState,max,SHM,JoV3-2,JoV3-2-3,3,esm2,-51.1598747689681,-87.3668332518998,51.1199686005169,standard,30-50 cm,51.2-87.4 cm
OregonState,fd,SHM,JoV3-2,JoV3-2-3,3,fd,-30,-50,50.67880000000001,standard,30-50 cm,30-50 cm
OregonState,max,SHM,JoV3-2,JoV3-2-4,4,esm1,-86.5,-123.9,53.9308000000045,standard,50-75 cm,86.5-123.9 cm
OregonState,max,SHM,JoV3-2,JoV3-2-4,4,esm2,-87.3668332518998,-116.266795733083,67.1150206448748,standard,50-75 cm,87.4-116.3 cm
OregonState,fd,SHM,JoV3-2,JoV3-2-4,4,fd,-50,-75,41.710640000000005,standard,50-75 cm,50-75 cm
OregonState,max,SHM,JoV3-2,JoV3-2-5,5,esm1,-123.9,-163.7,57.3916000000048,standard,75-100 cm,123.9-163.7 cm
OregonState,max,SHM,JoV3-2,JoV3-2-5,5,esm2,-116.266795733083,-116.097858331265,145.023304073993,standard,75-100 cm,116.3-116.1 cm
OregonState,fd,SHM,JoV3-2,JoV3-2-5,5,fd,-75,-100,36.05,standard,75-100 cm,75-100 cm
OregonState,max,SHM,JoV3-3,JoV3-3-1,1,esm1,0,-14.7,54.4316980000001,standard,0-10 cm,0-14.7 cm
OregonState,max,SHM,JoV3-3,JoV3-3-1,1,esm2,0,-14.7244018849603,57.6015697826137,standard,0-10 cm,0-14.7 cm
OregonState,fd,SHM,JoV3-3,JoV3-3-1,1,fd,0,-10,42.1443,standard,0-10 cm,0-10 cm
OregonState,max,SHM,JoV3-3,JoV3-3-2,2,esm1,-14.7,-51.3,95.6848439999993,standard,10-30 cm,14.7-51.3 cm
OregonState,max,SHM,JoV3-3,JoV3-3-2,2,esm2,-14.7244018849603,-51.1598747689681,95.8207681028528,standard,10-30 cm,14.7-51.2 cm
OregonState,fd,SHM,JoV3-3,JoV3-3-2,2,fd,-10,-30,52.28680000000001,standard,10-30 cm,10-30 cm
OregonState,max,SHM,JoV3-3,JoV3-3-3,3,esm1,-51.3,-86.5,55.2973980000023,standard,30-50 cm,51.3-86.5 cm
OregonState,max,SHM,JoV3-3,JoV3-3-3,3,esm2,-51.1598747689681,-87.3668332518998,53.3516589145803,standard,30-50 cm,51.2-87.4 cm
OregonState,fd,SHM,JoV3-3,JoV3-3-3,3,fd,-30,-50,52.28680000000001,standard,30-50 cm,30-50 cm
OregonState,max,SHM,JoV3-3,JoV3-3-4,4,esm1,-86.5,-123.9,47.2287200000031,standard,50-75 cm,86.5-123.9 cm
OregonState,max,SHM,JoV3-3,JoV3-3-4,4,esm2,-87.3668332518998,-116.266795733083,40.6929289592289,standard,50-75 cm,87.4-116.3 cm
OregonState,fd,SHM,JoV3-3,JoV3-3-4,4,fd,-50,-75,44.17384,standard,50-75 cm,50-75 cm
OregonState,max,SHM,JoV3-3,JoV3-3-5,5,esm1,-123.9,-163.7,50.2594400000033,standard,75-100 cm,123.9-163.7 cm
OregonState,max,SHM,JoV3-3,JoV3-3-5,5,esm2,-116.266795733083,-116.097858331265,48.8105238244244,standard,75-100 cm,116.3-116.1 cm
OregonState,fd,SHM,JoV3-3,JoV3-3-5,5,fd,-75,-100,31.569999999999997,standard,75-100 cm,75-100 cm
OregonState,max,BAU,JoXT1-1,JoXT1-1-1,1,esm1,0,-14.3,53.9278729999999,standard,0-10 cm,0-14.3 cm
OregonState,max,BAU,JoXT1-1,JoXT1-1-1,1,esm2,0,-14.2758859431225,55.1071601223995,standard,0-10 cm,0-14.3 cm
OregonState,fd,BAU,JoXT1-1,JoXT1-1-1,1,fd,0,-10,32.0118,standard,0-10 cm,0-10 cm
OregonState,max,BAU,JoXT1-1,JoXT1-1-2,2,esm1,-14.3,-54.4,85.1077250000002,standard,10-30 cm,14.3-54.4 cm
OregonState,max,BAU,JoXT1-1,JoXT1-1-2,2,esm2,-14.2758859431225,-54.9383011833985,89.9545234854531,standard,10-30 cm,14.3-54.9 cm
OregonState,fd,BAU,JoXT1-1,JoXT1-1-2,2,fd,-10,-30,51.556155,standard,10-30 cm,10-30 cm
OregonState,max,BAU,JoXT1-1,JoXT1-1-3,3,esm1,-54.4,-87,32.1377620000013,standard,30-50 cm,54.4-87 cm
OregonState,max,BAU,JoXT1-1,JoXT1-1-3,3,esm2,-54.9383011833985,-88.187672461329,22.3674993420657,standard,30-50 cm,54.9-88.2 cm
OregonState,fd,BAU,JoXT1-1,JoXT1-1-3,3,fd,-30,-50,28.284497999999996,standard,30-50 cm,30-50 cm
OregonState,max,BAU,JoXT1-1,JoXT1-1-4,4,esm1,-87,-121,28.7979999999993,standard,50-75 cm,87-121 cm
OregonState,max,BAU,JoXT1-1,JoXT1-1-4,4,esm2,-88.187672461329,-115.119204923607,72.4009010249566,standard,50-75 cm,88.2-115.1 cm
OregonState,fd,BAU,JoXT1-1,JoXT1-1-4,4,fd,-50,-75,23.0047655,standard,50-75 cm,50-75 cm
OregonState,max,BAU,JoXT1-1,JoXT1-1-5,5,esm1,-121,-157.2,30.6613999999993,standard,75-100 cm,121-157.2 cm
OregonState,max,BAU,JoXT1-1,JoXT1-1-5,5,esm2,-115.119204923607,-125.758566920274,280.091912353803,standard,75-100 cm,115.1-125.8 cm
OregonState,fd,BAU,JoXT1-1,JoXT1-1-5,5,fd,-75,-100,17.99875,standard,75-100 cm,75-100 cm
OregonState,max,BAU,JoXT1-2,JoXT1-2-1,1,esm1,0,-14.3,62.266337,standard,0-10 cm,0-14.3 cm
OregonState,max,BAU,JoXT1-2,JoXT1-2-1,1,esm2,0,-14.2758859431225,63.5930888875167,standard,0-10 cm,0-14.3 cm
OregonState,fd,BAU,JoXT1-2,JoXT1-2-1,1,fd,0,-10,46.091499999999996,standard,0-10 cm,0-10 cm
OregonState,max,BAU,JoXT1-2,JoXT1-2-2,2,esm1,-14.3,-54.4,109.256828999999,standard,10-30 cm,14.3-54.4 cm
OregonState,max,BAU,JoXT1-2,JoXT1-2-2,2,esm2,-14.2758859431225,-54.9383011833985,113.652775830133,standard,10-30 cm,14.3-54.9 cm
OregonState,fd,BAU,JoXT1-2,JoXT1-2-2,2,fd,-10,-30,71.01325,standard,10-30 cm,10-30 cm
OregonState,max,BAU,JoXT1-2,JoXT1-2-3,3,esm1,-54.4,-87,47.7062240000004,standard,30-50 cm,54.4-87 cm
OregonState,max,BAU,JoXT1-2,JoXT1-2-3,3,esm2,-54.9383011833985,-88.187672461329,43.8106416223368,standard,30-50 cm,54.9-88.2 cm
OregonState,fd,BAU,JoXT1-2,JoXT1-2-3,3,fd,-30,-50,46.08112,standard,30-50 cm,30-50 cm
OregonState,max,BAU,JoXT1-2,JoXT1-2-4,4,esm1,-87,-121,37.8562800000023,standard,50-75 cm,87-121 cm
OregonState,max,BAU,JoXT1-2,JoXT1-2-4,4,esm2,-88.187672461329,-115.119204923607,39.5640361723132,standard,50-75 cm,88.2-115.1 cm
OregonState,fd,BAU,JoXT1-2,JoXT1-2-4,4,fd,-50,-75,42.682480000000005,standard,50-75 cm,50-75 cm
OregonState,max,BAU,JoXT1-2,JoXT1-2-5,5,esm1,-121,-157.2,40.3058039999925,standard,75-100 cm,121-157.2 cm
OregonState,max,BAU,JoXT1-2,JoXT1-2-5,5,esm2,-115.119204923607,-125.758566920274,108.944559027126,standard,75-100 cm,115.1-125.8 cm
OregonState,fd,BAU,JoXT1-2,JoXT1-2-5,5,fd,-75,-100,27.835500000000003,standard,75-100 cm,75-100 cm
OregonState,max,BAU,JoXT1-3,JoXT1-3-1,1,esm1,0,-14.3,65.795566,standard,0-10 cm,0-14.3 cm
OregonState,max,BAU,JoXT1-3,JoXT1-3-1,1,esm2,0,-14.2758859431225,66.3659558741645,standard,0-10 cm,0-14.3 cm
OregonState,fd,BAU,JoXT1-3,JoXT1-3-1,1,fd,0,-10,47.12875,standard,0-10 cm,0-10 cm
OregonState,max,BAU,JoXT1-3,JoXT1-3-2,2,esm1,-14.3,-54.4,110.126884,standard,10-30 cm,14.3-54.4 cm
OregonState,max,BAU,JoXT1-3,JoXT1-3-2,2,esm2,-14.2758859431225,-54.9383011833985,116.272265987,standard,10-30 cm,14.3-54.9 cm
OregonState,fd,BAU,JoXT1-3,JoXT1-3-2,2,fd,-10,-30,80.07509999999999,standard,10-30 cm,10-30 cm
OregonState,max,BAU,JoXT1-3,JoXT1-3-3,3,esm1,-54.4,-87,38.1425799999968,standard,30-50 cm,54.4-87 cm
OregonState,max,BAU,JoXT1-3,JoXT1-3-3,3,esm2,-54.9383011833985,-88.187672461329,29.3956280150921,standard,30-50 cm,54.9-88.2 cm
OregonState,fd,BAU,JoXT1-3,JoXT1-3-3,3,fd,-30,-50,42.06887999999999,standard,30-50 cm,30-50 cm
OregonState,max,BAU,JoXT1-3,JoXT1-3-4,4,esm1,-87,-121,30.3687999999954,standard,50-75 cm,87-121 cm
OregonState,max,BAU,JoXT1-3,JoXT1-3-4,4,esm2,-88.187672461329,-115.119204923607,65.2242741738143,standard,50-75 cm,88.2-115.1 cm
OregonState,fd,BAU,JoXT1-3,JoXT1-3-4,4,fd,-50,-75,34.073899999999995,standard,50-75 cm,50-75 cm
OregonState,max,BAU,JoXT1-3,JoXT1-3-5,5,esm1,-121,-157.2,32.3338399999951,standard,75-100 cm,121-157.2 cm
OregonState,max,BAU,JoXT1-3,JoXT1-3-5,5,esm2,-115.119204923607,-125.758566920274,261.339093036419,standard,75-100 cm,115.1-125.8 cm
OregonState,fd,BAU,JoXT1-3,JoXT1-3-5,5,fd,-75,-100,22.33,standard,75-100 cm,75-100 cm
OregonState,max,BAU,JoXT2-1,JoXT2-1-1,1,esm1,0,-14.2,45.3930319999999,standard,0-10 cm,0-14.2 cm
OregonState,max,BAU,JoXT2-1,JoXT2-1-1,1,esm2,0,-14.3466592716001,45.5512002096303,standard,0-10 cm,0-14.3 cm
OregonState,fd,BAU,JoXT2-1,JoXT2-1-1,1,fd,0,-10,25.46008,standard,0-10 cm,0-10 cm
OregonState,max,BAU,JoXT2-1,JoXT2-1-2,2,esm1,-14.2,-51.3,105.910413,standard,10-30 cm,14.2-51.3 cm
OregonState,max,BAU,JoXT2-1,JoXT2-1-2,2,esm2,-14.3466592716001,-51.4386109069015,108.842802296926,standard,10-30 cm,14.3-51.4 cm
OregonState,fd,BAU,JoXT2-1,JoXT2-1-2,2,fd,-10,-30,47.75375640000001,standard,10-30 cm,10-30 cm
OregonState,max,BAU,JoXT2-1,JoXT2-1-3,3,esm1,-51.3,-84.6,54.8487450000016,standard,30-50 cm,51.3-84.6 cm
OregonState,max,BAU,JoXT2-1,JoXT2-1-3,3,esm2,-51.4386109069015,-84.6120024786596,54.2621651898349,standard,30-50 cm,51.4-84.6 cm
OregonState,fd,BAU,JoXT2-1,JoXT2-1-3,3,fd,-30,-50,44.605540000000005,standard,30-50 cm,30-50 cm
OregonState,max,BAU,JoXT2-1,JoXT2-1-4,4,esm1,-84.6,-122,33.5103999999963,standard,50-75 cm,84.6-122 cm
OregonState,max,BAU,JoXT2-1,JoXT2-1-4,4,esm2,-84.6120024786596,-123.237672260873,16.4994892451316,standard,50-75 cm,84.6-123.2 cm
OregonState,fd,BAU,JoXT2-1,JoXT2-1-4,4,fd,-50,-75,37.440179,standard,50-75 cm,50-75 cm
OregonState,max,BAU,JoXT2-1,JoXT2-1-5,5,esm1,-122,-161.8,35.6608000000022,standard,75-100 cm,122-161.8 cm
OregonState,max,BAU,JoXT2-1,JoXT2-1-5,5,esm2,-123.237672260873,-170.812278881537,-12.1273761865289,standard,75-100 cm,123.2-170.8 cm
OregonState,fd,BAU,JoXT2-1,JoXT2-1-5,5,fd,-75,-100,19.04,standard,75-100 cm,75-100 cm
OregonState,max,BAU,JoXT2-2,JoXT2-2-1,1,esm1,0,-14.2,41.5460880000002,standard,0-10 cm,0-14.2 cm
OregonState,max,BAU,JoXT2-2,JoXT2-2-1,1,esm2,0,-14.3466592716001,41.7659399577185,standard,0-10 cm,0-14.3 cm
OregonState,fd,BAU,JoXT2-2,JoXT2-2-1,1,fd,0,-10,29.1996,standard,0-10 cm,0-10 cm
OregonState,max,BAU,JoXT2-2,JoXT2-2-2,2,esm1,-14.2,-51.3,94.3462170000001,standard,10-30 cm,14.2-51.3 cm
OregonState,max,BAU,JoXT2-2,JoXT2-2-2,2,esm2,-14.3466592716001,-51.4386109069015,95.3306439337075,standard,10-30 cm,14.3-51.4 cm
OregonState,fd,BAU,JoXT2-2,JoXT2-2-2,2,fd,-10,-30,55.55886,standard,10-30 cm,10-30 cm
OregonState,max,BAU,JoXT2-2,JoXT2-2-3,3,esm1,-51.3,-84.6,61.8593850000018,standard,30-50 cm,51.3-84.6 cm
OregonState,max,BAU,JoXT2-2,JoXT2-2-3,3,esm2,-51.4386109069015,-84.6120024786596,66.152856738571,standard,30-50 cm,51.4-84.6 cm
OregonState,fd,BAU,JoXT2-2,JoXT2-2-3,3,fd,-30,-50,48.013000000000005,standard,30-50 cm,30-50 cm
OregonState,max,BAU,JoXT2-2,JoXT2-2-4,4,esm1,-84.6,-122,35.7095200000034,standard,50-75 cm,84.6-122 cm
OregonState,max,BAU,JoXT2-2,JoXT2-2-4,4,esm2,-84.6120024786596,-123.237672260873,-12.0743982991419,standard,50-75 cm,84.6-123.2 cm
OregonState,fd,BAU,JoXT2-2,JoXT2-2-4,4,fd,-50,-75,55.81415,standard,50-75 cm,50-75 cm
OregonState,max,BAU,JoXT2-2,JoXT2-2-5,5,esm1,-122,-161.8,38.0010400000036,standard,75-100 cm,122-161.8 cm
OregonState,max,BAU,JoXT2-2,JoXT2-2-5,5,esm2,-123.237672260873,-170.812278881537,-162.911067584286,standard,75-100 cm,123.2-170.8 cm
OregonState,fd,BAU,JoXT2-2,JoXT2-2-5,5,fd,-75,-100,23.87,standard,75-100 cm,75-100 cm
OregonState,max,BAU,JoXT2-3,JoXT2-3-1,1,esm1,0,-14.2,43.108984,standard,0-10 cm,0-14.2 cm
OregonState,max,BAU,JoXT2-3,JoXT2-3-1,1,esm2,0,-14.3466592716001,44.1498088893801,standard,0-10 cm,0-14.3 cm
OregonState,fd,BAU,JoXT2-3,JoXT2-3-1,1,fd,0,-10,31.46125,standard,0-10 cm,0-10 cm
OregonState,max,BAU,JoXT2-3,JoXT2-3-2,2,esm1,-14.2,-51.3,80.4796580000006,standard,10-30 cm,14.2-51.3 cm
OregonState,max,BAU,JoXT2-3,JoXT2-3-2,2,esm2,-14.3466592716001,-51.4386109069015,81.9973529943795,standard,10-30 cm,14.3-51.4 cm
OregonState,fd,BAU,JoXT2-3,JoXT2-3-2,2,fd,-10,-30,50.540420000000005,standard,10-30 cm,10-30 cm
OregonState,max,BAU,JoXT2-3,JoXT2-3-3,3,esm1,-51.3,-84.6,41.5234679999981,standard,30-50 cm,51.3-84.6 cm
OregonState,max,BAU,JoXT2-3,JoXT2-3-3,3,esm2,-51.4386109069015,-84.6120024786596,40.1307919780338,standard,30-50 cm,51.4-84.6 cm
OregonState,fd,BAU,JoXT2-3,JoXT2-3-3,3,fd,-30,-50,39.0488,standard,30-50 cm,30-50 cm
OregonState,max,BAU,JoXT2-3,JoXT2-3-4,4,esm1,-84.6,-122,30.8400399999991,standard,50-75 cm,84.6-122 cm
OregonState,max,BAU,JoXT2-3,JoXT2-3-4,4,esm2,-84.6120024786596,-123.237672260873,25.5181803305379,standard,50-75 cm,84.6-123.2 cm
OregonState,fd,BAU,JoXT2-3,JoXT2-3-4,4,fd,-50,-75,36.14548,standard,50-75 cm,50-75 cm
OregonState,max,BAU,JoXT2-3,JoXT2-3-5,5,esm1,-122,-161.8,32.819079999999,standard,75-100 cm,122-161.8 cm
OregonState,max,BAU,JoXT2-3,JoXT2-3-5,5,esm2,-123.237672260873,-170.812278881537,33.7525566682834,standard,75-100 cm,123.2-170.8 cm
OregonState,fd,BAU,JoXT2-3,JoXT2-3-5,5,fd,-75,-100,20.615,standard,75-100 cm,75-100 cm
OregonState,max,BAU,JoXT3-1,JoXT3-1-1,1,esm1,0,-13.6,45.5957899999999,standard,0-10 cm,0-13.6 cm
OregonState,max,BAU,JoXT3-1,JoXT3-1-1,1,esm2,0,-13.4802931631296,46.9871372143229,standard,0-10 cm,0-13.5 cm
OregonState,fd,BAU,JoXT3-1,JoXT3-1-1,1,fd,0,-10,29.218707499999997,standard,0-10 cm,0-10 cm
OregonState,max,BAU,JoXT3-1,JoXT3-1-2,2,esm1,-13.6,-50.7,79.119954000001,standard,10-30 cm,13.6-50.7 cm
OregonState,max,BAU,JoXT3-1,JoXT3-1-2,2,esm2,-13.4802931631296,-50.4306852484245,81.6789788806216,standard,10-30 cm,13.5-50.4 cm
OregonState,fd,BAU,JoXT3-1,JoXT3-1-2,2,fd,-10,-30,47.29651200000001,standard,10-30 cm,10-30 cm
OregonState,max,BAU,JoXT3-1,JoXT3-1-3,3,esm1,-50.7,-88.6,38.0084040000018,standard,30-50 cm,50.7-88.6 cm
OregonState,max,BAU,JoXT3-1,JoXT3-1-3,3,esm2,-50.4306852484245,-88.8118180216684,33.6143243347471,standard,30-50 cm,50.4-88.8 cm
OregonState,fd,BAU,JoXT3-1,JoXT3-1-3,3,fd,-30,-50,24.131520000000002,standard,30-50 cm,30-50 cm
OregonState,max,BAU,JoXT3-1,JoXT3-1-4,4,esm1,-88.6,-131.9,36.3083490000021,standard,50-75 cm,88.6-131.9 cm
OregonState,max,BAU,JoXT3-1,JoXT3-1-4,4,esm2,-88.8118180216684,-129.304642412633,54.8235998431457,standard,50-75 cm,88.8-129.3 cm
OregonState,fd,BAU,JoXT3-1,JoXT3-1-4,4,fd,-50,-75,21.4992225,standard,50-75 cm,50-75 cm
OregonState,max,BAU,JoXT3-1,JoXT3-1-5,5,esm1,-131.9,-177.9,38.5723800000022,standard,75-100 cm,131.9-177.9 cm
OregonState,max,BAU,JoXT3-1,JoXT3-1-5,5,esm2,-129.304642412633,-160.958890651345,154.748602553758,standard,75-100 cm,129.3-161 cm
OregonState,fd,BAU,JoXT3-1,JoXT3-1-5,5,fd,-75,-100,15.722437499999998,standard,75-100 cm,75-100 cm
OregonState,max,BAU,JoXT3-2,JoXT3-2-1,1,esm1,0,-13.6,47.23333,standard,0-10 cm,0-13.6 cm
OregonState,max,BAU,JoXT3-2,JoXT3-2-1,1,esm2,0,-13.4802931631296,49.0218882396333,standard,0-10 cm,0-13.5 cm
OregonState,fd,BAU,JoXT3-2,JoXT3-2-1,1,fd,0,-10,35.91025,standard,0-10 cm,0-10 cm
OregonState,max,BAU,JoXT3-2,JoXT3-2-2,2,esm1,-13.6,-50.7,86.450598,standard,10-30 cm,13.6-50.7 cm
OregonState,max,BAU,JoXT3-2,JoXT3-2-2,2,esm2,-13.4802931631296,-50.4306852484245,89.2157244306844,standard,10-30 cm,13.5-50.4 cm
OregonState,fd,BAU,JoXT3-2,JoXT3-2-2,2,fd,-10,-30,60.241679999999995,standard,10-30 cm,10-30 cm
OregonState,max,BAU,JoXT3-2,JoXT3-2-3,3,esm1,-50.7,-88.6,26.7595179999977,standard,30-50 cm,50.7-88.6 cm
OregonState,max,BAU,JoXT3-2,JoXT3-2-3,3,esm2,-50.4306852484245,-88.8118180216684,25.8351886618225,standard,30-50 cm,50.4-88.8 cm
OregonState,fd,BAU,JoXT3-2,JoXT3-2-3,3,fd,-30,-50,36.2628,standard,30-50 cm,30-50 cm
OregonState,max,BAU,JoXT3-2,JoXT3-2-4,4,esm1,-88.6,-131.9,14.9843979999985,standard,50-75 cm,88.6-131.9 cm
OregonState,max,BAU,JoXT3-2,JoXT3-2-4,4,esm2,-88.8118180216684,-129.304642412633,7.3538040828206,standard,50-75 cm,88.8-129.3 cm
OregonState,fd,BAU,JoXT3-2,JoXT3-2-4,4,fd,-50,-75,23.3223,standard,50-75 cm,50-75 cm
OregonState,max,BAU,JoXT3-2,JoXT3-2-5,5,esm1,-131.9,-177.9,15.9187599999984,standard,75-100 cm,131.9-177.9 cm
OregonState,max,BAU,JoXT3-2,JoXT3-2-5,5,esm2,-129.304642412633,-160.958890651345,95.269488926319,standard,75-100 cm,129.3-161 cm
OregonState,fd,BAU,JoXT3-2,JoXT3-2-5,5,fd,-75,-100,8.651499999999999,standard,75-100 cm,75-100 cm
OregonState,max,BAU,JoXT3-3,JoXT3-3-1,1,esm1,0,-13.6,48.0138619999999,standard,0-10 cm,0-13.6 cm
OregonState,max,BAU,JoXT3-3,JoXT3-3-1,1,esm2,0,-13.4802931631296,49.3574122760305,standard,0-10 cm,0-13.5 cm
OregonState,fd,BAU,JoXT3-3,JoXT3-3-1,1,fd,0,-10,35.73995,standard,0-10 cm,0-10 cm
OregonState,max,BAU,JoXT3-3,JoXT3-3-2,2,esm1,-13.6,-50.7,92.6850960000005,standard,10-30 cm,13.6-50.7 cm
OregonState,max,BAU,JoXT3-3,JoXT3-3-2,2,esm2,-13.4802931631296,-50.4306852484245,95.4701445529489,standard,10-30 cm,13.5-50.4 cm
OregonState,fd,BAU,JoXT3-3,JoXT3-3-2,2,fd,-10,-30,65.21003999999999,standard,10-30 cm,10-30 cm
OregonState,max,BAU,JoXT3-3,JoXT3-3-3,3,esm1,-50.7,-88.6,40.0406780000012,standard,30-50 cm,50.7-88.6 cm
OregonState,max,BAU,JoXT3-3,JoXT3-3-3,3,esm2,-50.4306852484245,-88.8118180216684,39.5611355527521,standard,30-50 cm,50.4-88.8 cm
OregonState,fd,BAU,JoXT3-3,JoXT3-3-3,3,fd,-30,-50,38.4048,standard,30-50 cm,30-50 cm
OregonState,max,BAU,JoXT3-3,JoXT3-3-4,4,esm1,-88.6,-131.9,33.5839130000012,standard,50-75 cm,88.6-131.9 cm
OregonState,max,BAU,JoXT3-3,JoXT3-3-4,4,esm2,-88.8118180216684,-129.304642412633,9.66008681926579,standard,50-75 cm,88.8-129.3 cm
OregonState,fd,BAU,JoXT3-3,JoXT3-3-4,4,fd,-50,-75,30.83655,standard,50-75 cm,50-75 cm
OregonState,max,BAU,JoXT3-3,JoXT3-3-5,5,esm1,-131.9,-177.9,35.6780600000013,standard,75-100 cm,131.9-177.9 cm
OregonState,max,BAU,JoXT3-3,JoXT3-3-5,5,esm2,-129.304642412633,-160.958890651345,-3.23030776795207,standard,75-100 cm,129.3-161 cm
OregonState,fd,BAU,JoXT3-3,JoXT3-3-5,5,fd,-75,-100,19.39025,standard,75-100 cm,75-100 cm
OregonState,max,BAU,WoCT1-1,WoCT1-1-1,1,esm1,0,-14.3,34.159243,standard,0-10 cm,0-14.3 cm
OregonState,max,BAU,WoCT1-1,WoCT1-1-1,1,esm2,0,-14.3482492304806,34.4024796616556,standard,0-10 cm,0-14.3 cm
OregonState,fd,BAU,WoCT1-1,WoCT1-1-1,1,fd,0,-10,17.989050000000002,standard,0-10 cm,0-10 cm
OregonState,max,BAU,WoCT1-1,WoCT1-1-2,2,esm1,-14.3,-52.5,41.6735720000001,standard,10-30 cm,14.3-52.5 cm
OregonState,max,BAU,WoCT1-1,WoCT1-1-2,2,esm2,-14.3482492304806,-52.5868301110013,43.6040511440134,standard,10-30 cm,14.3-52.6 cm
OregonState,fd,BAU,WoCT1-1,WoCT1-1-2,2,fd,-10,-30,26.801924999999997,standard,10-30 cm,10-30 cm
OregonState,max,BAU,WoCT1-1,WoCT1-1-3,3,esm1,-52.5,-88.3,16.7287350000011,standard,30-50 cm,52.5-88.3 cm
OregonState,max,BAU,WoCT1-1,WoCT1-1-3,3,esm2,-52.5868301110013,-88.329584015309507,14.6562297579951,standard,30-50 cm,52.6-88.3 cm
OregonState,fd,BAU,WoCT1-1,WoCT1-1-3,3,fd,-30,-50,11.2789278,standard,30-50 cm,30-50 cm
OregonState,max,BAU,WoCT1-1,WoCT1-1-4,4,esm1,-88.3,-127.4,11.5580619999995,standard,50-75 cm,88.3-127.4 cm
OregonState,max,BAU,WoCT1-1,WoCT1-1-4,4,esm2,-88.329584015309507,-125.670018337426,5.92922789197024,standard,50-75 cm,88.3-125.7 cm
OregonState,fd,BAU,WoCT1-1,WoCT1-1-4,4,fd,-50,-75,10.030761,standard,50-75 cm,50-75 cm
OregonState,max,BAU,WoCT1-1,WoCT1-1-5,5,esm1,-127.4,-168.9,12.0673699999993,standard,75-100 cm,127.4-168.9 cm
OregonState,max,BAU,WoCT1-1,WoCT1-1-5,5,esm2,-125.670018337426,-157.025488982809,-11.7375696534178,standard,75-100 cm,125.7-157 cm
OregonState,fd,BAU,WoCT1-1,WoCT1-1-5,5,fd,-75,-100,6.5899600000000005,standard,75-100 cm,75-100 cm
OregonState,max,BAU,WoCT1-2,WoCT1-2-1,1,esm1,0,-14.3,32.223853,standard,0-10 cm,0-14.3 cm
OregonState,max,BAU,WoCT1-2,WoCT1-2-1,1,esm2,0,-14.3482492304806,32.4154759412087,standard,0-10 cm,0-14.3 cm
OregonState,fd,BAU,WoCT1-2,WoCT1-2-1,1,fd,0,-10,23.906750000000002,standard,0-10 cm,0-10 cm
OregonState,max,BAU,WoCT1-2,WoCT1-2-2,2,esm1,-14.3,-52.5,42.5762969999989,standard,10-30 cm,14.3-52.5 cm
OregonState,max,BAU,WoCT1-2,WoCT1-2-2,2,esm2,-14.3482492304806,-52.5868301110013,45.484033857302,standard,10-30 cm,14.3-52.6 cm
OregonState,fd,BAU,WoCT1-2,WoCT1-2-2,2,fd,-10,-30,34.59662,standard,10-30 cm,10-30 cm
OregonState,max,BAU,WoCT1-2,WoCT1-2-3,3,esm1,-52.5,-88.3,16.7086899999997,standard,30-50 cm,52.5-88.3 cm
OregonState,max,BAU,WoCT1-2,WoCT1-2-3,3,esm2,-52.5868301110013,-88.329584015309507,13.6754152324675,standard,30-50 cm,52.6-88.3 cm
OregonState,fd,BAU,WoCT1-2,WoCT1-2-3,3,fd,-30,-50,14.839080000000001,standard,30-50 cm,30-50 cm
OregonState,max,BAU,WoCT1-2,WoCT1-2-4,4,esm1,-88.3,-127.4,12.063641999999,standard,50-75 cm,88.3-127.4 cm
OregonState,max,BAU,WoCT1-2,WoCT1-2-4,4,esm2,-88.329584015309507,-125.670018337426,5.60419662986219,standard,50-75 cm,88.3-125.7 cm
OregonState,fd,BAU,WoCT1-2,WoCT1-2-4,4,fd,-50,-75,12.789200000000001,standard,50-75 cm,50-75 cm
OregonState,max,BAU,WoCT1-2,WoCT1-2-5,5,esm1,-127.4,-168.9,12.6234699999989,standard,75-100 cm,127.4-168.9 cm
OregonState,max,BAU,WoCT1-2,WoCT1-2-5,5,esm2,-125.670018337426,-157.025488982809,-14.4132191895555,standard,75-100 cm,125.7-157 cm
OregonState,fd,BAU,WoCT1-2,WoCT1-2-5,5,fd,-75,-100,9.1063,standard,75-100 cm,75-100 cm
OregonState,max,BAU,WoCT1-3,WoCT1-3-1,1,esm1,0,-14.3,30.662578,standard,0-10 cm,0-14.3 cm
OregonState,max,BAU,WoCT1-3,WoCT1-3-1,1,esm2,0,-14.3482492304806,30.9289211050894,standard,0-10 cm,0-14.3 cm
OregonState,fd,BAU,WoCT1-3,WoCT1-3-1,1,fd,0,-10,22.75505,standard,0-10 cm,0-10 cm
OregonState,max,BAU,WoCT1-3,WoCT1-3-2,2,esm1,-14.3,-52.5,38.3222619999995,standard,10-30 cm,14.3-52.5 cm
OregonState,max,BAU,WoCT1-3,WoCT1-3-2,2,esm2,-14.3482492304806,-52.5868301110013,41.0420120848925,standard,10-30 cm,14.3-52.6 cm
OregonState,fd,BAU,WoCT1-3,WoCT1-3-2,2,fd,-10,-30,31.193759999999997,standard,10-30 cm,10-30 cm
OregonState,max,BAU,WoCT1-3,WoCT1-3-3,3,esm1,-52.5,-88.3,13.4724699999994,standard,30-50 cm,52.5-88.3 cm
OregonState,max,BAU,WoCT1-3,WoCT1-3-3,3,esm2,-52.5868301110013,-88.329584015309507,10.4074591638468,standard,30-50 cm,52.6-88.3 cm
OregonState,fd,BAU,WoCT1-3,WoCT1-3-3,3,fd,-30,-50,13.662180000000001,standard,30-50 cm,30-50 cm
OregonState,max,BAU,WoCT1-3,WoCT1-3-4,4,esm1,-88.3,-127.4,15.3161160000007,standard,50-75 cm,88.3-127.4 cm
OregonState,max,BAU,WoCT1-3,WoCT1-3-4,4,esm2,-88.329584015309507,-125.670018337426,25.3325237227114,standard,50-75 cm,88.3-125.7 cm
OregonState,fd,BAU,WoCT1-3,WoCT1-3-4,4,fd,-50,-75,11.0771,standard,50-75 cm,50-75 cm
OregonState,max,BAU,WoCT1-3,WoCT1-3-5,5,esm1,-127.4,-168.9,16.4605600000008,standard,75-100 cm,127.4-168.9 cm
OregonState,max,BAU,WoCT1-3,WoCT1-3-5,5,esm2,-125.670018337426,-157.025488982809,87.3949916864139,standard,75-100 cm,125.7-157 cm
OregonState,fd,BAU,WoCT1-3,WoCT1-3-5,5,fd,-75,-100,8.2174,standard,75-100 cm,75-100 cm
OregonState,max,BAU,WoCT2-1,WoCT2-1-1,1,esm1,0,-13.1,34.833413,standard,0-10 cm,0-13.1 cm
OregonState,max,BAU,WoCT2-1,WoCT2-1-1,1,esm2,0,-13.1315396708527,35.2017445634652,standard,0-10 cm,0-13.1 cm
OregonState,fd,BAU,WoCT2-1,WoCT2-1-1,1,fd,0,-10,24.3458875,standard,0-10 cm,0-10 cm
OregonState,max,BAU,WoCT2-1,WoCT2-1-2,2,esm1,-13.1,-46.3,65.6688570000013,standard,10-30 cm,13.1-46.3 cm
OregonState,max,BAU,WoCT2-1,WoCT2-1-2,2,esm2,-13.1315396708527,-46.2134951576984,71.6555886360479,standard,10-30 cm,13.1-46.2 cm
OregonState,fd,BAU,WoCT2-1,WoCT2-1-2,2,fd,-10,-30,49.0821775,standard,10-30 cm,10-30 cm
OregonState,max,BAU,WoCT2-1,WoCT2-1-3,3,esm1,-46.3,-77.6,28.3608300000018,standard,30-50 cm,46.3-77.6 cm
OregonState,max,BAU,WoCT2-1,WoCT2-1-3,3,esm2,-46.2134951576984,-78.2851463955635,21.689812317265,standard,30-50 cm,46.2-78.3 cm
OregonState,fd,BAU,WoCT2-1,WoCT2-1-3,3,fd,-30,-50,27.0541,standard,30-50 cm,30-50 cm
OregonState,max,BAU,WoCT2-1,WoCT2-1-4,4,esm1,-77.6,-112.5,20.8352999999973,standard,50-75 cm,77.6-112.5 cm
OregonState,max,BAU,WoCT2-1,WoCT2-1-4,4,esm2,-78.2851463955635,-111.097427943073,26.6846571861761,standard,50-75 cm,78.3-111.1 cm
OregonState,fd,BAU,WoCT2-1,WoCT2-1-4,4,fd,-50,-75,20.463189999999997,standard,50-75 cm,50-75 cm
OregonState,max,BAU,WoCT2-1,WoCT2-1-5,5,esm1,-112.5,-149.6,22.1486999999971,standard,75-100 cm,112.5-149.6 cm
OregonState,max,BAU,WoCT2-1,WoCT2-1-5,5,esm2,-111.097427943073,-136.992833305025,88.5137183606761,standard,75-100 cm,111.1-137 cm
OregonState,fd,BAU,WoCT2-1,WoCT2-1-5,5,fd,-75,-100,14.178749999999999,standard,75-100 cm,75-100 cm
OregonState,max,BAU,WoCT2-2,WoCT2-2-1,1,esm1,0,-13.1,39.0119239999999,standard,0-10 cm,0-13.1 cm
OregonState,max,BAU,WoCT2-2,WoCT2-2-1,1,esm2,0,-13.1315396708527,39.1048313953044,standard,0-10 cm,0-13.1 cm
OregonState,fd,BAU,WoCT2-2,WoCT2-2-1,1,fd,0,-10,28.966250000000002,standard,0-10 cm,0-10 cm
OregonState,max,BAU,WoCT2-2,WoCT2-2-2,2,esm1,-13.1,-46.3,85.5693960000009,standard,10-30 cm,13.1-46.3 cm
OregonState,max,BAU,WoCT2-2,WoCT2-2-2,2,esm2,-13.1315396708527,-46.2134951576984,90.6555197754116,standard,10-30 cm,13.1-46.2 cm
OregonState,fd,BAU,WoCT2-2,WoCT2-2-2,2,fd,-10,-30,59.642599999999995,standard,10-30 cm,10-30 cm
OregonState,max,BAU,WoCT2-2,WoCT2-2-3,3,esm1,-46.3,-77.6,41.9319299999992,standard,30-50 cm,46.3-77.6 cm
OregonState,max,BAU,WoCT2-2,WoCT2-2-3,3,esm2,-46.2134951576984,-78.2851463955635,45.1857789768066,standard,30-50 cm,46.2-78.3 cm
OregonState,fd,BAU,WoCT2-2,WoCT2-2-3,3,fd,-30,-50,44.138000000000005,standard,30-50 cm,30-50 cm
OregonState,max,BAU,WoCT2-2,WoCT2-2-4,4,esm1,-77.6,-112.5,28.6878000000001,standard,50-75 cm,77.6-112.5 cm
OregonState,max,BAU,WoCT2-2,WoCT2-2-4,4,esm2,-78.2851463955635,-111.097427943073,6.97817520545232,standard,50-75 cm,78.3-111.1 cm
OregonState,fd,BAU,WoCT2-2,WoCT2-2-4,4,fd,-50,-75,31.6292,standard,50-75 cm,50-75 cm
OregonState,max,BAU,WoCT2-2,WoCT2-2-5,5,esm1,-112.5,-149.6,30.4962000000001,standard,75-100 cm,112.5-149.6 cm
OregonState,max,BAU,WoCT2-2,WoCT2-2-5,5,esm2,-111.097427943073,-136.992833305025,-46.2861717841288,standard,75-100 cm,111.1-137 cm
OregonState,fd,BAU,WoCT2-2,WoCT2-2-5,5,fd,-75,-100,20.55,standard,75-100 cm,75-100 cm
OregonState,max,BAU,WoCT2-3,WoCT2-3-1,1,esm1,0,-13.1,42.528171,standard,0-10 cm,0-13.1 cm
OregonState,max,BAU,WoCT2-3,WoCT2-3-1,1,esm2,0,-13.1315396708527,43.0231032840785,standard,0-10 cm,0-13.1 cm
OregonState,fd,BAU,WoCT2-3,WoCT2-3-1,1,fd,0,-10,31.633499999999998,standard,0-10 cm,0-10 cm
OregonState,max,BAU,WoCT2-3,WoCT2-3-2,2,esm1,-13.1,-46.3,82.3117139999996,standard,10-30 cm,13.1-46.3 cm
OregonState,max,BAU,WoCT2-3,WoCT2-3-2,2,esm2,-13.1315396708527,-46.2134951576984,88.7904503338633,standard,10-30 cm,13.1-46.2 cm
OregonState,fd,BAU,WoCT2-3,WoCT2-3-2,2,fd,-10,-30,62.2209,standard,10-30 cm,10-30 cm
OregonState,max,BAU,WoCT2-3,WoCT2-3-3,3,esm1,-46.3,-77.6,34.5597150000009,standard,30-50 cm,46.3-77.6 cm
OregonState,max,BAU,WoCT2-3,WoCT2-3-3,3,esm2,-46.2134951576984,-78.2851463955635,31.4898424818592,standard,30-50 cm,46.2-78.3 cm
OregonState,fd,BAU,WoCT2-3,WoCT2-3-3,3,fd,-30,-50,38.019,standard,30-50 cm,30-50 cm
OregonState,max,BAU,WoCT2-3,WoCT2-3-4,4,esm1,-77.6,-112.5,21.9346499999991,standard,50-75 cm,77.6-112.5 cm
OregonState,max,BAU,WoCT2-3,WoCT2-3-4,4,esm2,-78.2851463955635,-111.097427943073,15.5517543701015,standard,50-75 cm,78.3-111.1 cm
OregonState,fd,BAU,WoCT2-3,WoCT2-3-4,4,fd,-50,-75,25.8921,standard,50-75 cm,50-75 cm
OregonState,max,BAU,WoCT2-3,WoCT2-3-5,5,esm1,-112.5,-149.6,23.317349999999,standard,75-100 cm,112.5-149.6 cm
OregonState,max,BAU,WoCT2-3,WoCT2-3-5,5,esm2,-111.097427943073,-136.992833305025,34.1928811900164,standard,75-100 cm,111.1-137 cm
OregonState,fd,BAU,WoCT2-3,WoCT2-3-5,5,fd,-75,-100,15.712499999999999,standard,75-100 cm,75-100 cm
OregonState,max,BAU,WoCT3-1,WoCT3-1-1,1,esm1,0,-12.7,28.98234,standard,0-10 cm,0-12.7 cm
OregonState,max,BAU,WoCT3-1,WoCT3-1-1,1,esm2,0,-12.7285713346492,29.5170232700622,standard,0-10 cm,0-12.7 cm
OregonState,fd,BAU,WoCT3-1,WoCT3-1-1,1,fd,0,-10,21.789675,standard,0-10 cm,0-10 cm
OregonState,max,BAU,WoCT3-1,WoCT3-1-2,2,esm1,-12.7,-45.2,36.2590559999997,standard,10-30 cm,12.7-45.2 cm
OregonState,max,BAU,WoCT3-1,WoCT3-1-2,2,esm2,-12.7285713346492,-45.3857779613639,42.7008139552666,standard,10-30 cm,12.7-45.4 cm
OregonState,fd,BAU,WoCT3-1,WoCT3-1-2,2,fd,-10,-30,30.583007999999992,standard,10-30 cm,10-30 cm
OregonState,max,BAU,WoCT3-1,WoCT3-1-3,3,esm1,-45.2,-78.5,14.1029340000012,standard,30-50 cm,45.2-78.5 cm
OregonState,max,BAU,WoCT3-1,WoCT3-1-3,3,esm2,-45.3857779613639,-76.808277924078,2.45522721544427,standard,30-50 cm,45.4-76.8 cm
OregonState,fd,BAU,WoCT3-1,WoCT3-1-3,3,fd,-30,-50,12.640319999999999,standard,30-50 cm,30-50 cm
OregonState,max,BAU,WoCT3-1,WoCT3-1-4,4,esm1,-78.5,-118.5,11.632800000001,standard,50-75 cm,78.5-118.5 cm
OregonState,max,BAU,WoCT3-1,WoCT3-1-4,4,esm2,-76.808277924078,-124.275370238744,35.0932535319014,standard,50-75 cm,76.8-124.3 cm
OregonState,fd,BAU,WoCT3-1,WoCT3-1-4,4,fd,-50,-75,9.397134,standard,50-75 cm,50-75 cm
OregonState,max,BAU,WoCT3-1,WoCT3-1-5,5,esm1,-118.5,-161,12.3598500000011,standard,75-100 cm,118.5-161 cm
OregonState,max,BAU,WoCT3-1,WoCT3-1-5,5,esm2,-124.275370238744,-200.797760838648,140.398103377472,standard,75-100 cm,124.3-200.8 cm
OregonState,fd,BAU,WoCT3-1,WoCT3-1-5,5,fd,-75,-100,6.906975,standard,75-100 cm,75-100 cm
OregonState,max,BAU,WoCT3-2,WoCT3-2-1,1,esm1,0,-12.7,29.327988,standard,0-10 cm,0-12.7 cm
OregonState,max,BAU,WoCT3-2,WoCT3-2-1,1,esm2,0,-12.7285713346492,29.803678651889,standard,0-10 cm,0-12.7 cm
OregonState,fd,BAU,WoCT3-2,WoCT3-2-1,1,fd,0,-10,23.686500000000002,standard,0-10 cm,0-10 cm
OregonState,max,BAU,WoCT3-2,WoCT3-2-2,2,esm1,-12.7,-45.2,37.4744320000004,standard,10-30 cm,12.7-45.2 cm
OregonState,max,BAU,WoCT3-2,WoCT3-2-2,2,esm2,-12.7285713346492,-45.3857779613639,43.4873264119295,standard,10-30 cm,12.7-45.4 cm
OregonState,fd,BAU,WoCT3-2,WoCT3-2-2,2,fd,-10,-30,31.294880000000003,standard,10-30 cm,10-30 cm
OregonState,max,BAU,WoCT3-2,WoCT3-2-3,3,esm1,-45.2,-78.5,15.5421500000004,standard,30-50 cm,45.2-78.5 cm
OregonState,max,BAU,WoCT3-2,WoCT3-2-3,3,esm2,-45.3857779613639,-76.808277924078,5.07065636281453,standard,30-50 cm,45.4-76.8 cm
OregonState,fd,BAU,WoCT3-2,WoCT3-2-3,3,fd,-30,-50,15.554000000000002,standard,30-50 cm,30-50 cm
OregonState,max,BAU,WoCT3-2,WoCT3-2-4,4,esm1,-78.5,-118.5,11.8424000000005,standard,50-75 cm,78.5-118.5 cm
OregonState,max,BAU,WoCT3-2,WoCT3-2-4,4,esm2,-76.808277924078,-124.275370238744,34.3943658745489,standard,50-75 cm,76.8-124.3 cm
OregonState,fd,BAU,WoCT3-2,WoCT3-2-4,4,fd,-50,-75,10.77298,standard,50-75 cm,50-75 cm
OregonState,max,BAU,WoCT3-2,WoCT3-2-5,5,esm1,-118.5,-161,12.5825500000005,standard,75-100 cm,118.5-161 cm
OregonState,max,BAU,WoCT3-2,WoCT3-2-5,5,esm2,-124.275370238744,-200.797760838648,148.35546517285,standard,75-100 cm,124.3-200.8 cm
OregonState,fd,BAU,WoCT3-2,WoCT3-2-5,5,fd,-75,-100,7.401500000000001,standard,75-100 cm,75-100 cm
OregonState,max,BAU,WoCT3-3,WoCT3-3-1,1,esm1,0,-12.7,28.354434,standard,0-10 cm,0-12.7 cm
OregonState,max,BAU,WoCT3-3,WoCT3-3-1,1,esm2,0,-12.7285713346492,28.8686176848703,standard,0-10 cm,0-12.7 cm
OregonState,fd,BAU,WoCT3-3,WoCT3-3-1,1,fd,0,-10,22.841250000000002,standard,0-10 cm,0-10 cm
OregonState,max,BAU,WoCT3-3,WoCT3-3-2,2,esm1,-12.7,-45.2,47.0006079999994,standard,10-30 cm,12.7-45.2 cm
OregonState,max,BAU,WoCT3-3,WoCT3-3-2,2,esm2,-12.7285713346492,-45.3857779613639,51.4029557653349,standard,10-30 cm,12.7-45.4 cm
OregonState,fd,BAU,WoCT3-3,WoCT3-3-2,2,fd,-10,-30,34.161919999999995,standard,10-30 cm,10-30 cm
OregonState,max,BAU,WoCT3-3,WoCT3-3-3,3,esm1,-45.2,-78.5,22.7245129999978,standard,30-50 cm,45.2-78.5 cm
OregonState,max,BAU,WoCT3-3,WoCT3-3-3,3,esm2,-45.3857779613639,-76.808277924078,18.8084999595016,standard,30-50 cm,45.4-76.8 cm
OregonState,fd,BAU,WoCT3-3,WoCT3-3-3,3,fd,-30,-50,24.147199999999998,standard,30-50 cm,30-50 cm
OregonState,max,BAU,WoCT3-3,WoCT3-3-4,4,esm1,-78.5,-118.5,15.7723999999973,standard,50-75 cm,78.5-118.5 cm
OregonState,max,BAU,WoCT3-3,WoCT3-3-4,4,esm2,-76.808277924078,-124.275370238744,16.0418088001489,standard,50-75 cm,76.8-124.3 cm
OregonState,fd,BAU,WoCT3-3,WoCT3-3-4,4,fd,-50,-75,15.5491,standard,50-75 cm,50-75 cm
OregonState,max,BAU,WoCT3-3,WoCT3-3-5,5,esm1,-118.5,-161,16.7581749999981,standard,75-100 cm,118.5-161 cm
OregonState,max,BAU,WoCT3-3,WoCT3-3-5,5,esm2,-124.275370238744,-200.797760838648,43.9693618329414,standard,75-100 cm,124.3-200.8 cm
OregonState,fd,BAU,WoCT3-3,WoCT3-3-5,5,fd,-75,-100,9.85775,standard,75-100 cm,75-100 cm
OregonState,max,Ref,WoH1-1,WoH1-1-1,1,esm1,0,-13.9,54.2067600000003,standard,0-10 cm,0-13.9 cm
OregonState,max,Ref,WoH1-1,WoH1-1-1,1,esm2,0,-14.00640392761,55.0654941628293,standard,0-10 cm,0-14 cm
OregonState,fd,Ref,WoH1-1,WoH1-1-1,1,fd,0,-10,39.36486,standard,0-10 cm,0-10 cm
OregonState,max,Ref,WoH1-1,WoH1-1-2,2,esm1,-13.9,-48.4,64.482744000001,standard,10-30 cm,13.9-48.4 cm
OregonState,max,Ref,WoH1-1,WoH1-1-2,2,esm2,-14.00640392761,-48.4298812636922,64.512530004562,standard,10-30 cm,14-48.4 cm
OregonState,fd,Ref,WoH1-1,WoH1-1-2,2,fd,-10,-30,34.1275512,standard,10-30 cm,10-30 cm
OregonState,max,Ref,WoH1-1,WoH1-1-3,3,esm1,-48.4,-82.1,27.3872260000016,standard,30-50 cm,48.4-82.1 cm
OregonState,max,Ref,WoH1-1,WoH1-1-3,3,esm2,-48.4298812636922,-82.2154404142206,27.5416144937802,standard,30-50 cm,48.4-82.2 cm
OregonState,fd,Ref,WoH1-1,WoH1-1-3,3,fd,-30,-50,28.669824,standard,30-50 cm,30-50 cm
OregonState,max,Ref,WoH1-1,WoH1-1-4,4,esm1,-82.1,-120.3,9.42012000000437,standard,50-75 cm,82.1-120.3 cm
OregonState,max,Ref,WoH1-1,WoH1-1-4,4,esm2,-82.2154404142206,-119.3333866561,2.0329242284167,standard,50-75 cm,82.2-119.3 cm
OregonState,fd,Ref,WoH1-1,WoH1-1-4,4,fd,-50,-75,18.845095200000003,standard,50-75 cm,50-75 cm
OregonState,max,Ref,WoH1-1,WoH1-1-5,5,esm1,-120.3,-160.9,10.0119600000046,standard,75-100 cm,120.3-160.9 cm
OregonState,max,Ref,WoH1-1,WoH1-1-5,5,esm2,-119.3333866561,-152.117775733486,-7.15171569356124,standard,75-100 cm,119.3-152.1 cm
OregonState,fd,Ref,WoH1-1,WoH1-1-5,5,fd,-75,-100,5.1642835,standard,75-100 cm,75-100 cm
OregonState,max,Ref,WoH1-2,WoH1-2-1,1,esm1,0,-13.9,53.5192500000001,standard,0-10 cm,0-13.9 cm
OregonState,max,Ref,WoH1-2,WoH1-2-1,1,esm2,0,-14.00640392761,54.5841987838673,standard,0-10 cm,0-14 cm
OregonState,fd,Ref,WoH1-2,WoH1-2-1,1,fd,0,-10,43.60935,standard,0-10 cm,0-10 cm
OregonState,max,Ref,WoH1-2,WoH1-2-2,2,esm1,-13.9,-48.4,52.6723319999999,standard,10-30 cm,13.9-48.4 cm
OregonState,max,Ref,WoH1-2,WoH1-2-2,2,esm2,-14.00640392761,-48.4298812636922,52.79337877852,standard,10-30 cm,14-48.4 cm
OregonState,fd,Ref,WoH1-2,WoH1-2-2,2,fd,-10,-30,49.01628,standard,10-30 cm,10-30 cm
OregonState,max,Ref,WoH1-2,WoH1-2-3,3,esm1,-48.4,-82.1,13.8442850000013,standard,30-50 cm,48.4-82.1 cm
OregonState,max,Ref,WoH1-2,WoH1-2-3,3,esm2,-48.4298812636922,-82.2154404142206,12.8625688093714,standard,30-50 cm,48.4-82.2 cm
OregonState,fd,Ref,WoH1-2,WoH1-2-3,3,fd,-30,-50,14.7456,standard,30-50 cm,30-50 cm
OregonState,max,Ref,WoH1-2,WoH1-2-4,4,esm1,-82.1,-120.3,13.1358340000003,standard,50-75 cm,82.1-120.3 cm
OregonState,max,Ref,WoH1-2,WoH1-2-4,4,esm2,-82.2154404142206,-119.3333866561,13.9953091873763,standard,50-75 cm,82.2-119.3 cm
OregonState,fd,Ref,WoH1-2,WoH1-2-4,4,fd,-50,-75,10.17384,standard,50-75 cm,50-75 cm
OregonState,max,Ref,WoH1-2,WoH1-2-5,5,esm1,-120.3,-160.9,13.9611220000039,standard,75-100 cm,120.3-160.9 cm
OregonState,max,Ref,WoH1-2,WoH1-2-5,5,esm2,-119.3333866561,-152.117775733486,34.6577404361627,standard,75-100 cm,119.3-152.1 cm
OregonState,fd,Ref,WoH1-2,WoH1-2-5,5,fd,-75,-100,8.64607,standard,75-100 cm,75-100 cm
OregonState,max,Ref,WoH1-3,WoH1-3-1,1,esm1,0,-13.9,41.78397,standard,0-10 cm,0-13.9 cm
OregonState,max,Ref,WoH1-3,WoH1-3-1,1,esm2,0,-14.00640392761,44.884281055849,standard,0-10 cm,0-14 cm
OregonState,fd,Ref,WoH1-3,WoH1-3-1,1,fd,0,-10,37.18665,standard,0-10 cm,0-10 cm
OregonState,max,Ref,WoH1-3,WoH1-3-2,2,esm1,-13.9,-48.4,27.8009680000001,standard,10-30 cm,13.9-48.4 cm
OregonState,max,Ref,WoH1-3,WoH1-3-2,2,esm2,-14.00640392761,-48.4298812636922,24.8643939550717,standard,10-30 cm,14-48.4 cm
OregonState,fd,Ref,WoH1-3,WoH1-3-2,2,fd,-10,-30,22.912719999999997,standard,10-30 cm,10-30 cm
OregonState,max,Ref,WoH1-3,WoH1-3-3,3,esm1,-48.4,-82.1,12.5673649999991,standard,30-50 cm,48.4-82.1 cm
OregonState,max,Ref,WoH1-3,WoH1-3-3,3,esm2,-48.4298812636922,-82.2154404142206,12.9203338830496,standard,30-50 cm,48.4-82.2 cm
OregonState,fd,Ref,WoH1-3,WoH1-3-3,3,fd,-30,-50,10.3104,standard,30-50 cm,30-50 cm
OregonState,max,Ref,WoH1-3,WoH1-3-4,4,esm1,-82.1,-120.3,8.3211059999997,standard,50-75 cm,82.1-120.3 cm
OregonState,max,Ref,WoH1-3,WoH1-3-4,4,esm2,-82.2154404142206,-119.3333866561,2.85334925142421,standard,50-75 cm,82.2-119.3 cm
OregonState,fd,Ref,WoH1-3,WoH1-3-4,4,fd,-50,-75,10.01784,standard,50-75 cm,50-75 cm
OregonState,max,Ref,WoH1-3,WoH1-3-5,5,esm1,-120.3,-160.9,8.84389799999968,standard,75-100 cm,120.3-160.9 cm
OregonState,max,Ref,WoH1-3,WoH1-3-5,5,esm2,-119.3333866561,-152.117775733486,-19.5439287678266,standard,75-100 cm,119.3-152.1 cm
OregonState,fd,Ref,WoH1-3,WoH1-3-5,5,fd,-75,-100,5.623850000000001,standard,75-100 cm,75-100 cm
OregonState,max,Ref,WoH2-1,WoH2-1-1,1,esm1,0,-11.9,59.1539130000001,standard,0-10 cm,0-11.9 cm
OregonState,max,Ref,WoH2-1,WoH2-1-1,1,esm2,0,-11.7450023076108,59.0773734002086,standard,0-10 cm,0-11.7 cm
OregonState,fd,Ref,WoH2-1,WoH2-1-1,1,fd,0,-10,47.24741999999999,standard,0-10 cm,0-10 cm
OregonState,max,Ref,WoH2-1,WoH2-1-2,2,esm1,-11.9,-47.7,65.2783109999995,standard,10-30 cm,11.9-47.7 cm
OregonState,max,Ref,WoH2-1,WoH2-1-2,2,esm2,-11.7450023076108,-47.8185410205878,66.5141831200834,standard,10-30 cm,11.7-47.8 cm
OregonState,fd,Ref,WoH2-1,WoH2-1-2,2,fd,-10,-30,31.930590000000002,standard,10-30 cm,10-30 cm
OregonState,max,Ref,WoH2-1,WoH2-1-3,3,esm1,-47.7,-81.6,23.3802000000021,standard,30-50 cm,47.7-81.6 cm
OregonState,max,Ref,WoH2-1,WoH2-1-3,3,esm2,-47.8185410205878,-81.4890717689997,22.0643087845779,standard,30-50 cm,47.8-81.5 cm
OregonState,fd,Ref,WoH2-1,WoH2-1-3,3,fd,-30,-50,28.003080000000004,standard,30-50 cm,30-50 cm
OregonState,max,Ref,WoH2-1,WoH2-1-4,4,esm1,-81.6,-123.2,16.9827839999944,standard,50-75 cm,81.6-123.2 cm
OregonState,max,Ref,WoH2-1,WoH2-1-4,4,esm2,-81.4890717689997,-126.775817522101,24.5591612963199,standard,50-75 cm,81.5-126.8 cm
OregonState,fd,Ref,WoH2-1,WoH2-1-4,4,fd,-50,-75,15.366299999999999,standard,50-75 cm,50-75 cm
OregonState,max,Ref,WoH2-1,WoH2-1-5,5,esm1,-123.2,-167.3,18.003383999994,standard,75-100 cm,123.2-167.3 cm
OregonState,max,Ref,WoH2-1,WoH2-1-5,5,esm2,-126.775817522101,-192.233691669319,80.6926494664883,standard,75-100 cm,126.8-192.2 cm
OregonState,fd,Ref,WoH2-1,WoH2-1-5,5,fd,-75,-100,9.927108,standard,75-100 cm,75-100 cm
OregonState,max,Ref,WoH2-2,WoH2-2-1,1,esm1,0,-11.9,36.0227430000001,standard,0-10 cm,0-11.9 cm
OregonState,max,Ref,WoH2-2,WoH2-2-1,1,esm2,0,-11.7450023076108,36.0918399494269,standard,0-10 cm,0-11.7 cm
OregonState,fd,Ref,WoH2-2,WoH2-2-1,1,fd,0,-10,32.6883,standard,0-10 cm,0-10 cm
OregonState,max,Ref,WoH2-2,WoH2-2-2,2,esm1,-11.9,-47.7,61.3646850000012,standard,10-30 cm,11.9-47.7 cm
OregonState,max,Ref,WoH2-2,WoH2-2-2,2,esm2,-11.7450023076108,-47.8185410205878,62.221843049107,standard,10-30 cm,11.7-47.8 cm
OregonState,fd,Ref,WoH2-2,WoH2-2-2,2,fd,-10,-30,35.099399999999996,standard,10-30 cm,10-30 cm
OregonState,max,Ref,WoH2-2,WoH2-2-3,3,esm1,-47.7,-81.6,28.5379199999984,standard,30-50 cm,47.7-81.6 cm
OregonState,max,Ref,WoH2-2,WoH2-2-3,3,esm2,-47.8185410205878,-81.4890717689997,27.9162630932963,standard,30-50 cm,47.8-81.5 cm
OregonState,fd,Ref,WoH2-2,WoH2-2-3,3,fd,-30,-50,31.65648,standard,30-50 cm,30-50 cm
OregonState,max,Ref,WoH2-2,WoH2-2-4,4,esm1,-81.6,-123.2,16.6682879999969,standard,50-75 cm,81.6-123.2 cm
OregonState,max,Ref,WoH2-2,WoH2-2-4,4,esm2,-81.4890717689997,-126.775817522101,13.6243178000798,standard,50-75 cm,81.5-126.8 cm
OregonState,fd,Ref,WoH2-2,WoH2-2-4,4,fd,-50,-75,22.355999999999998,standard,50-75 cm,50-75 cm
OregonState,max,Ref,WoH2-2,WoH2-2-5,5,esm1,-123.2,-167.3,17.669987999996,standard,75-100 cm,123.2-167.3 cm
OregonState,max,Ref,WoH2-2,WoH2-2-5,5,esm2,-126.775817522101,-192.233691669319,14.2546791604616,standard,75-100 cm,126.8-192.2 cm
OregonState,fd,Ref,WoH2-2,WoH2-2-5,5,fd,-75,-100,11.49768,standard,75-100 cm,75-100 cm
OregonState,max,Ref,WoH2-3,WoH2-3-1,1,esm1,0,-11.9,32.5937019999999,standard,0-10 cm,0-11.9 cm
OregonState,max,Ref,WoH2-3,WoH2-3-1,1,esm2,0,-11.7450023076108,33.3881814707796,standard,0-10 cm,0-11.7 cm
OregonState,fd,Ref,WoH2-3,WoH2-3-1,1,fd,0,-10,29.6419,standard,0-10 cm,0-10 cm
OregonState,max,Ref,WoH2-3,WoH2-3-2,2,esm1,-11.9,-47.7,54.0679680000009,standard,10-30 cm,11.9-47.7 cm
OregonState,max,Ref,WoH2-3,WoH2-3-2,2,esm2,-11.7450023076108,-47.8185410205878,53.9946152245973,standard,10-30 cm,11.7-47.8 cm
OregonState,fd,Ref,WoH2-3,WoH2-3-2,2,fd,-10,-30,31.0716,standard,10-30 cm,10-30 cm
OregonState,max,Ref,WoH2-3,WoH2-3-3,3,esm1,-47.7,-81.6,20.8451340000012,standard,30-50 cm,47.7-81.6 cm
OregonState,max,Ref,WoH2-3,WoH2-3-3,3,esm2,-47.8185410205878,-81.4890717689997,20.0966670414236,standard,30-50 cm,47.8-81.5 cm
OregonState,fd,Ref,WoH2-3,WoH2-3-3,3,fd,-30,-50,27.42408,standard,30-50 cm,30-50 cm
OregonState,max,Ref,WoH2-3,WoH2-3-4,4,esm1,-81.6,-123.2,16.196543999999,standard,50-75 cm,81.6-123.2 cm
OregonState,max,Ref,WoH2-3,WoH2-3-4,4,esm2,-81.4890717689997,-126.775817522101,20.6748309541044,standard,50-75 cm,81.5-126.8 cm
OregonState,fd,Ref,WoH2-3,WoH2-3-4,4,fd,-50,-75,16.042499999999997,standard,50-75 cm,50-75 cm
OregonState,max,Ref,WoH2-3,WoH2-3-5,5,esm1,-123.2,-167.3,17.169894000003602,standard,75-100 cm,123.2-167.3 cm
OregonState,max,Ref,WoH2-3,WoH2-3-5,5,esm2,-126.775817522101,-192.233691669319,60.1268785598547,standard,75-100 cm,126.8-192.2 cm
OregonState,fd,Ref,WoH2-3,WoH2-3-5,5,fd,-75,-100,10.49058,standard,75-100 cm,75-100 cm
OregonState,max,Ref,WoH3-1,WoH3-1-1,1,esm1,0,-12.8,25.267796,standard,0-10 cm,0-12.8 cm
OregonState,max,Ref,WoH3-1,WoH3-1-1,1,esm2,0,-12.6695587630113,27.3135247388819,standard,0-10 cm,0-12.7 cm
OregonState,fd,Ref,WoH3-1,WoH3-1-1,1,fd,0,-10,17.83576,standard,0-10 cm,0-10 cm
OregonState,max,Ref,WoH3-1,WoH3-1-2,2,esm1,-12.8,-44.9,34.0844219999992,standard,10-30 cm,12.8-44.9 cm
OregonState,max,Ref,WoH3-1,WoH3-1-2,2,esm2,-12.6695587630113,-44.9543921927318,32.1192976309326,standard,10-30 cm,12.7-45 cm
OregonState,fd,Ref,WoH3-1,WoH3-1-2,2,fd,-10,-30,15.927299999999999,standard,10-30 cm,10-30 cm
OregonState,max,Ref,WoH3-1,WoH3-1-3,3,esm1,-44.9,-78,13.1345819999992,standard,30-50 cm,44.9-78 cm
OregonState,max,Ref,WoH3-1,WoH3-1-3,3,esm2,-44.9543921927318,-77.8543990435907,14.4661732995623,standard,30-50 cm,45-77.9 cm
OregonState,fd,Ref,WoH3-1,WoH3-1-3,3,fd,-30,-50,13.228575,standard,30-50 cm,30-50 cm
OregonState,max,Ref,WoH3-1,WoH3-1-4,4,esm1,-78,-115.5,12.3251149999997,standard,50-75 cm,78-115.5 cm
OregonState,max,Ref,WoH3-1,WoH3-1-4,4,esm2,-77.8543990435907,-115.424125213856,10.8264631511338,standard,50-75 cm,77.9-115.4 cm
OregonState,fd,Ref,WoH3-1,WoH3-1-4,4,fd,-50,-75,6.415499999999999,standard,50-75 cm,50-75 cm
OregonState,max,Ref,WoH3-1,WoH3-1-5,5,esm1,-115.5,-155.6,10.9805830000002,standard,75-100 cm,115.5-155.6 cm
OregonState,max,Ref,WoH3-1,WoH3-1-5,5,esm2,-115.424125213856,-152.770197028266,16.1189339404792,standard,75-100 cm,115.4-152.8 cm
OregonState,fd,Ref,WoH3-1,WoH3-1-5,5,fd,-75,-100,6.063421999999999,standard,75-100 cm,75-100 cm
OregonState,max,Ref,WoH3-2,WoH3-2-1,1,esm1,0,-12.8,42.4223759999999,standard,0-10 cm,0-12.8 cm
OregonState,max,Ref,WoH3-2,WoH3-2-1,1,esm2,0,-12.6695587630113,47.1364937575934,standard,0-10 cm,0-12.7 cm
OregonState,fd,Ref,WoH3-2,WoH3-2-1,1,fd,0,-10,39.577799999999996,standard,0-10 cm,0-10 cm
OregonState,max,Ref,WoH3-2,WoH3-2-2,2,esm1,-12.8,-44.9,32.6110319999989,standard,10-30 cm,12.8-44.9 cm
OregonState,max,Ref,WoH3-2,WoH3-2-2,2,esm2,-12.6695587630113,-44.9543921927318,27.9898403169106,standard,10-30 cm,12.7-45 cm
OregonState,fd,Ref,WoH3-2,WoH3-2-2,2,fd,-10,-30,20.318400000000004,standard,10-30 cm,10-30 cm
OregonState,max,Ref,WoH3-2,WoH3-2-3,3,esm1,-44.9,-78,10.9123919999987,standard,30-50 cm,44.9-78 cm
OregonState,max,Ref,WoH3-2,WoH3-2-3,3,esm2,-44.9543921927318,-77.8543990435907,10.2191413082479,standard,30-50 cm,45-77.9 cm
OregonState,fd,Ref,WoH3-2,WoH3-2-3,3,fd,-30,-50,16.876800000000003,standard,30-50 cm,30-50 cm
OregonState,max,Ref,WoH3-2,WoH3-2-4,4,esm1,-78,-115.5,12.2085349999993,standard,50-75 cm,78-115.5 cm
OregonState,max,Ref,WoH3-2,WoH3-2-4,4,esm2,-77.8543990435907,-115.424125213856,12.6314798785083,standard,50-75 cm,77.9-115.4 cm
OregonState,fd,Ref,WoH3-2,WoH3-2-4,4,fd,-50,-75,8.19,standard,50-75 cm,50-75 cm
OregonState,max,Ref,WoH3-2,WoH3-2-5,5,esm1,-115.5,-155.6,12.987187,standard,75-100 cm,115.5-155.6 cm
OregonState,max,Ref,WoH3-2,WoH3-2-5,5,esm2,-115.424125213856,-152.770197028266,20.6548306746218,standard,75-100 cm,115.4-152.8 cm
OregonState,fd,Ref,WoH3-2,WoH3-2-5,5,fd,-75,-100,8.17135,standard,75-100 cm,75-100 cm
OregonState,max,Ref,WoH3-3,WoH3-3-1,1,esm1,0,-12.8,53.6327160000001,standard,0-10 cm,0-12.8 cm
OregonState,max,Ref,WoH3-3,WoH3-3-1,1,esm2,0,-12.6695587630113,56.5670683241163,standard,0-10 cm,0-12.7 cm
OregonState,fd,Ref,WoH3-3,WoH3-3-1,1,fd,0,-10,48.71039999999999,standard,0-10 cm,0-10 cm
OregonState,max,Ref,WoH3-3,WoH3-3-2,2,esm1,-12.8,-44.9,56.4308370000009,standard,10-30 cm,12.8-44.9 cm
OregonState,max,Ref,WoH3-3,WoH3-3-2,2,esm2,-12.6695587630113,-44.9543921927318,53.6289995959006,standard,10-30 cm,12.7-45 cm
OregonState,fd,Ref,WoH3-3,WoH3-3-2,2,fd,-10,-30,35.1594,standard,10-30 cm,10-30 cm
OregonState,max,Ref,WoH3-3,WoH3-3-3,3,esm1,-44.9,-78,17.9627969999996,standard,30-50 cm,44.9-78 cm
OregonState,max,Ref,WoH3-3,WoH3-3-3,3,esm2,-44.9543921927318,-77.8543990435907,21.3986038983209,standard,30-50 cm,45-77.9 cm
OregonState,fd,Ref,WoH3-3,WoH3-3-3,3,fd,-30,-50,29.06455,standard,30-50 cm,30-50 cm
OregonState,max,Ref,WoH3-3,WoH3-3-4,4,esm1,-78,-115.5,14.0071499999992,standard,50-75 cm,78-115.5 cm
OregonState,max,Ref,WoH3-3,WoH3-3-4,4,esm2,-77.8543990435907,-115.424125213856,9.83987894669198,standard,50-75 cm,77.9-115.4 cm
OregonState,fd,Ref,WoH3-3,WoH3-3-4,4,fd,-50,-75,13.474999999999998,standard,50-75 cm,50-75 cm
OregonState,max,Ref,WoH3-3,WoH3-3-5,5,esm1,-115.5,-155.6,9.47562999999886,standard,75-100 cm,115.5-155.6 cm
OregonState,max,Ref,WoH3-3,WoH3-3-5,5,esm2,-115.424125213856,-152.770197028266,12.9925992121818,standard,75-100 cm,115.4-152.8 cm
OregonState,fd,Ref,WoH3-3,WoH3-3-5,5,fd,-75,-100,11.9615,standard,75-100 cm,75-100 cm
OregonState,max,SHM,WoNT1-1,WoNT1-1-1,1,esm1,0,-14.1,46.055944,standard,0-10 cm,0-14.1 cm
OregonState,max,SHM,WoNT1-1,WoNT1-1-1,1,esm2,0,-14.1809811090943,50.7118076598208,standard,0-10 cm,0-14.2 cm
OregonState,fd,SHM,WoNT1-1,WoNT1-1-1,1,fd,0,-10,28.08495,standard,0-10 cm,0-10 cm
OregonState,max,SHM,WoNT1-1,WoNT1-1-2,2,esm1,-14.1,-50.4,59.5830060000005,standard,10-30 cm,14.1-50.4 cm
OregonState,max,SHM,WoNT1-1,WoNT1-1-2,2,esm2,-14.1809811090943,-50.6542058028705,57.3953266789342,standard,10-30 cm,14.2-50.7 cm
OregonState,fd,SHM,WoNT1-1,WoNT1-1-2,2,fd,-10,-30,33.597440000000006,standard,10-30 cm,10-30 cm
OregonState,max,SHM,WoNT1-1,WoNT1-1-3,3,esm1,-50.4,-83.2,31.5988200000011,standard,30-50 cm,50.4-83.2 cm
OregonState,max,SHM,WoNT1-1,WoNT1-1-3,3,esm2,-50.6542058028705,-83.4437546748653,29.688861923889,standard,30-50 cm,50.7-83.4 cm
OregonState,fd,SHM,WoNT1-1,WoNT1-1-3,3,fd,-30,-50,20.590536000000004,standard,30-50 cm,30-50 cm
OregonState,max,SHM,WoNT1-1,WoNT1-1-4,4,esm1,-83.2,-116.7,23.2946400000036,standard,50-75 cm,83.2-116.7 cm
OregonState,max,SHM,WoNT1-1,WoNT1-1-4,4,esm2,-83.4437546748653,-116.255539243218,26.7531942269827,standard,50-75 cm,83.4-116.3 cm
OregonState,fd,SHM,WoNT1-1,WoNT1-1-4,4,fd,-50,-75,21.427200000000003,standard,50-75 cm,50-75 cm
OregonState,max,SHM,WoNT1-1,WoNT1-1-5,5,esm1,-116.7,-151.9,24.471040000004,standard,75-100 cm,116.7-151.9 cm
OregonState,max,SHM,WoNT1-1,WoNT1-1-5,5,esm2,-116.255539243218,-149.432770706197,69.1795275273268,standard,75-100 cm,116.3-149.4 cm
OregonState,fd,SHM,WoNT1-1,WoNT1-1-5,5,fd,-75,-100,15.305200000000001,standard,75-100 cm,75-100 cm
OregonState,max,SHM,WoNT1-2,WoNT1-2-1,1,esm1,0,-14.1,43.7015919999999,standard,0-10 cm,0-14.1 cm
OregonState,max,SHM,WoNT1-2,WoNT1-2-1,1,esm2,0,-14.1809811090943,49.4519917406526,standard,0-10 cm,0-14.2 cm
OregonState,fd,SHM,WoNT1-2,WoNT1-2-1,1,fd,0,-10,36.4974,standard,0-10 cm,0-10 cm
OregonState,max,SHM,WoNT1-2,WoNT1-2-2,2,esm1,-14.1,-50.4,46.9277279999999,standard,10-30 cm,14.1-50.4 cm
OregonState,max,SHM,WoNT1-2,WoNT1-2-2,2,esm2,-14.1809811090943,-50.6542058028705,42.0761558999671,standard,10-30 cm,14.2-50.7 cm
OregonState,fd,SHM,WoNT1-2,WoNT1-2-2,2,fd,-10,-30,35.1424,standard,10-30 cm,10-30 cm
OregonState,max,SHM,WoNT1-2,WoNT1-2-3,3,esm1,-50.4,-83.2,24.3626399999993,standard,30-50 cm,50.4-83.2 cm
OregonState,max,SHM,WoNT1-2,WoNT1-2-3,3,esm2,-50.6542058028705,-83.4437546748653,23.4325406943579,standard,30-50 cm,50.7-83.4 cm
OregonState,fd,SHM,WoNT1-2,WoNT1-2-3,3,fd,-30,-50,18.67416,standard,30-50 cm,30-50 cm
OregonState,max,SHM,WoNT1-2,WoNT1-2-4,4,esm1,-83.2,-116.7,27.3704399999986,standard,50-75 cm,83.2-116.7 cm
OregonState,max,SHM,WoNT1-2,WoNT1-2-4,4,esm2,-83.4437546748653,-116.255539243218,33.3899291075422,standard,50-75 cm,83.4-116.3 cm
OregonState,fd,SHM,WoNT1-2,WoNT1-2-4,4,fd,-50,-75,19.143,standard,50-75 cm,50-75 cm
OregonState,max,SHM,WoNT1-2,WoNT1-2-5,5,esm1,-116.7,-151.9,30.0326399999985,standard,75-100 cm,116.7-151.9 cm
OregonState,max,SHM,WoNT1-2,WoNT1-2-5,5,esm2,-116.255539243218,-149.432770706197,84.0154388809603,standard,75-100 cm,116.3-149.4 cm
OregonState,fd,SHM,WoNT1-2,WoNT1-2-5,5,fd,-75,-100,18.657,standard,75-100 cm,75-100 cm
OregonState,max,SHM,WoNT1-3,WoNT1-3-1,1,esm1,0,-14.1,40.625656,standard,0-10 cm,0-14.1 cm
OregonState,max,SHM,WoNT1-3,WoNT1-3-1,1,esm2,0,-14.1809811090943,43.6838682441247,standard,0-10 cm,0-14.2 cm
OregonState,fd,SHM,WoNT1-3,WoNT1-3-1,1,fd,0,-10,32.3676,standard,0-10 cm,0-10 cm
OregonState,max,SHM,WoNT1-3,WoNT1-3-2,2,esm1,-14.1,-50.4,51.7622939999997,standard,10-30 cm,14.1-50.4 cm
OregonState,max,SHM,WoNT1-3,WoNT1-3-2,2,esm2,-14.1809811090943,-50.6542058028705,52.2551670898989,standard,10-30 cm,14.2-50.7 cm
OregonState,fd,SHM,WoNT1-3,WoNT1-3-2,2,fd,-10,-30,40.28320000000001,standard,10-30 cm,10-30 cm
OregonState,max,SHM,WoNT1-3,WoNT1-3-3,3,esm1,-50.4,-83.2,24.0391800000007,standard,30-50 cm,50.4-83.2 cm
OregonState,max,SHM,WoNT1-3,WoNT1-3-3,3,esm2,-50.6542058028705,-83.4437546748653,20.3486872155372,standard,30-50 cm,50.7-83.4 cm
OregonState,fd,SHM,WoNT1-3,WoNT1-3-3,3,fd,-30,-50,19.422330000000002,standard,30-50 cm,30-50 cm
OregonState,max,SHM,WoNT1-3,WoNT1-3-4,4,esm1,-83.2,-116.7,24.8128379999995,standard,50-75 cm,83.2-116.7 cm
OregonState,max,SHM,WoNT1-3,WoNT1-3-4,4,esm2,-83.4437546748653,-116.255539243218,27.9529158698786,standard,50-75 cm,83.4-116.3 cm
OregonState,fd,SHM,WoNT1-3,WoNT1-3-4,4,fd,-50,-75,19.0035,standard,50-75 cm,50-75 cm
OregonState,max,SHM,WoNT1-3,WoNT1-3-5,5,esm1,-116.7,-151.9,26.8625279999987,standard,75-100 cm,116.7-151.9 cm
OregonState,max,SHM,WoNT1-3,WoNT1-3-5,5,esm2,-116.255539243218,-149.432770706197,58.8792853798299,standard,75-100 cm,116.3-149.4 cm
OregonState,fd,SHM,WoNT1-3,WoNT1-3-5,5,fd,-75,-100,17.4189,standard,75-100 cm,75-100 cm
OregonState,max,SHM,WoNT2-1,WoNT2-1-1,1,esm1,0,-13.4,40.4762499999999,standard,0-10 cm,0-13.4 cm
OregonState,max,SHM,WoNT2-1,WoNT2-1-1,1,esm2,0,-13.4398844136498,41.529907161917,standard,0-10 cm,0-13.4 cm
OregonState,fd,SHM,WoNT2-1,WoNT2-1-1,1,fd,0,-10,27.667632499999996,standard,0-10 cm,0-10 cm
OregonState,max,SHM,WoNT2-1,WoNT2-1-2,2,esm1,-13.4,-47,70.6620599999993,standard,10-30 cm,13.4-47 cm
OregonState,max,SHM,WoNT2-1,WoNT2-1-2,2,esm2,-13.4398844136498,-46.7973766930901,73.0741828163218,standard,10-30 cm,13.4-46.8 cm
OregonState,fd,SHM,WoNT2-1,WoNT2-1-2,2,fd,-10,-30,46.602,standard,10-30 cm,10-30 cm
OregonState,max,SHM,WoNT2-1,WoNT2-1-3,3,esm1,-47,-80.8,35.1236999999975,standard,30-50 cm,47-80.8 cm
OregonState,max,SHM,WoNT2-1,WoNT2-1-3,3,esm2,-46.7973766930901,-80.7628761203519,31.9451164388921,standard,30-50 cm,46.8-80.8 cm
OregonState,fd,SHM,WoNT2-1,WoNT2-1-3,3,fd,-30,-50,28.757456999999995,standard,30-50 cm,30-50 cm
OregonState,max,SHM,WoNT2-1,WoNT2-1-4,4,esm1,-80.8,-121.7,17.5379199999986,standard,50-75 cm,80.8-121.7 cm
OregonState,max,SHM,WoNT2-1,WoNT2-1-4,4,esm2,-80.7628761203519,-123.383465687963,11.0559784854835,standard,50-75 cm,80.8-123.4 cm
OregonState,fd,SHM,WoNT2-1,WoNT2-1-4,4,fd,-50,-75,24.188571,standard,50-75 cm,50-75 cm
OregonState,max,SHM,WoNT2-1,WoNT2-1-5,5,esm1,-121.7,-165.1,18.6099199999986,standard,75-100 cm,121.7-165.1 cm
OregonState,max,SHM,WoNT2-1,WoNT2-1-5,5,esm2,-123.383465687963,-176.955695543855,-4.55040335956085,standard,75-100 cm,123.4-177 cm
OregonState,fd,SHM,WoNT2-1,WoNT2-1-5,5,fd,-75,-100,10.270776000000001,standard,75-100 cm,75-100 cm
OregonState,max,SHM,WoNT2-2,WoNT2-2-1,1,esm1,0,-13.4,38.2139000000001,standard,0-10 cm,0-13.4 cm
OregonState,max,SHM,WoNT2-2,WoNT2-2-1,1,esm2,0,-13.4398844136498,39.8359294933846,standard,0-10 cm,0-13.4 cm
OregonState,fd,SHM,WoNT2-2,WoNT2-2-1,1,fd,0,-10,29.033899999999996,standard,0-10 cm,0-10 cm
OregonState,max,SHM,WoNT2-2,WoNT2-2-2,2,esm1,-13.4,-47,70.2122399999992,standard,10-30 cm,13.4-47 cm
OregonState,max,SHM,WoNT2-2,WoNT2-2-2,2,esm2,-13.4398844136498,-46.7973766930901,72.5608759402732,standard,10-30 cm,13.4-46.8 cm
OregonState,fd,SHM,WoNT2-2,WoNT2-2-2,2,fd,-10,-30,54,standard,10-30 cm,10-30 cm
OregonState,max,SHM,WoNT2-2,WoNT2-2-3,3,esm1,-47,-80.8,29.0439359999973,standard,30-50 cm,47-80.8 cm
OregonState,max,SHM,WoNT2-2,WoNT2-2-3,3,esm2,-46.7973766930901,-80.7628761203519,25.297708279124,standard,30-50 cm,46.8-80.8 cm
OregonState,fd,SHM,WoNT2-2,WoNT2-2-3,3,fd,-30,-50,29.097720000000002,standard,30-50 cm,30-50 cm
OregonState,max,SHM,WoNT2-2,WoNT2-2-4,4,esm1,-80.8,-121.7,13.0356479999971,standard,50-75 cm,80.8-121.7 cm
OregonState,max,SHM,WoNT2-2,WoNT2-2-4,4,esm2,-80.7628761203519,-123.383465687963,9.07756122244604,standard,50-75 cm,80.8-123.4 cm
OregonState,fd,SHM,WoNT2-2,WoNT2-2-4,4,fd,-50,-75,22.28076,standard,50-75 cm,50-75 cm
OregonState,max,SHM,WoNT2-2,WoNT2-2-5,5,esm1,-121.7,-165.1,13.8324479999969,standard,75-100 cm,121.7-165.1 cm
OregonState,max,SHM,WoNT2-2,WoNT2-2-5,5,esm2,-123.383465687963,-176.955695543855,8.50766858377307,standard,75-100 cm,123.4-177 cm
OregonState,fd,SHM,WoNT2-2,WoNT2-2-5,5,fd,-75,-100,9.17712,standard,75-100 cm,75-100 cm
OregonState,max,SHM,WoNT2-3,WoNT2-3-1,1,esm1,0,-13.4,33.8691499999999,standard,0-10 cm,0-13.4 cm
OregonState,max,SHM,WoNT2-3,WoNT2-3-1,1,esm2,0,-13.4398844136498,32.6863736812305,standard,0-10 cm,0-13.4 cm
OregonState,fd,SHM,WoNT2-3,WoNT2-3-1,1,fd,0,-10,24.78095,standard,0-10 cm,0-10 cm
OregonState,max,SHM,WoNT2-3,WoNT2-3-2,2,esm1,-13.4,-47,70.78848,standard,10-30 cm,13.4-47 cm
OregonState,max,SHM,WoNT2-3,WoNT2-3-2,2,esm2,-13.4398844136498,-46.7973766930901,76.7497572785818,standard,10-30 cm,13.4-46.8 cm
OregonState,fd,SHM,WoNT2-3,WoNT2-3-2,2,fd,-10,-30,53.46,standard,10-30 cm,10-30 cm
OregonState,max,SHM,WoNT2-3,WoNT2-3-3,3,esm1,-47,-80.8,32.3152080000004,standard,30-50 cm,47-80.8 cm
OregonState,max,SHM,WoNT2-3,WoNT2-3-3,3,esm2,-46.7973766930901,-80.7628761203519,27.8793375492133,standard,30-50 cm,46.8-80.8 cm
OregonState,fd,SHM,WoNT2-3,WoNT2-3-3,3,fd,-30,-50,30.35904,standard,30-50 cm,30-50 cm
OregonState,max,SHM,WoNT2-3,WoNT2-3-4,4,esm1,-80.8,-121.7,14.7632639999944,standard,50-75 cm,80.8-121.7 cm
OregonState,max,SHM,WoNT2-3,WoNT2-3-4,4,esm2,-80.7628761203519,-123.383465687963,6.23492535856906,standard,50-75 cm,80.8-123.4 cm
OregonState,fd,SHM,WoNT2-3,WoNT2-3-4,4,fd,-50,-75,24.774720000000002,standard,50-75 cm,50-75 cm
OregonState,max,SHM,WoNT2-3,WoNT2-3-5,5,esm1,-121.7,-165.1,15.6656639999941,standard,75-100 cm,121.7-165.1 cm
OregonState,max,SHM,WoNT2-3,WoNT2-3-5,5,esm2,-123.383465687963,-176.955695543855,-20.6822960522083,standard,75-100 cm,123.4-177 cm
OregonState,fd,SHM,WoNT2-3,WoNT2-3-5,5,fd,-75,-100,10.528559999999999,standard,75-100 cm,75-100 cm
OregonState,max,SHM,WoNT3-1,WoNT3-1-1,1,esm1,0,-14.2,42.613992,standard,0-10 cm,0-14.2 cm
OregonState,max,SHM,WoNT3-1,WoNT3-1-1,1,esm2,0,-14.201121292831001,43.6924138419213,standard,0-10 cm,0-14.2 cm
OregonState,fd,SHM,WoNT3-1,WoNT3-1-1,1,fd,0,-10,29.788019999999996,standard,0-10 cm,0-10 cm
OregonState,max,SHM,WoNT3-1,WoNT3-1-2,2,esm1,-14.2,-48.3,35.136878000001,standard,10-30 cm,14.2-48.3 cm
OregonState,max,SHM,WoNT3-1,WoNT3-1-2,2,esm2,-14.201121292831001,-48.7179536176624,45.2324243171144,standard,10-30 cm,14.2-48.7 cm
OregonState,fd,SHM,WoNT3-1,WoNT3-1-2,2,fd,-10,-30,28.610109,standard,10-30 cm,10-30 cm
OregonState,max,SHM,WoNT3-1,WoNT3-1-3,3,esm1,-48.3,-80.3,18.8050350000009,standard,30-50 cm,48.3-80.3 cm
OregonState,max,SHM,WoNT3-1,WoNT3-1-3,3,esm2,-48.7179536176624,-80.066101596908,5.64541313861641,standard,30-50 cm,48.7-80.1 cm
OregonState,fd,SHM,WoNT3-1,WoNT3-1-3,3,fd,-30,-50,13.7313,standard,30-50 cm,30-50 cm
OregonState,max,SHM,WoNT3-1,WoNT3-1-4,4,esm1,-80.3,-117.5,11.2771800000006,standard,50-75 cm,80.3-117.5 cm
OregonState,max,SHM,WoNT3-1,WoNT3-1-4,4,esm2,-80.066101596908,-119.3959322664,28.957632467069,standard,50-75 cm,80.1-119.4 cm
OregonState,fd,SHM,WoNT3-1,WoNT3-1-4,4,fd,-50,-75,15.095475,standard,50-75 cm,50-75 cm
OregonState,max,SHM,WoNT3-1,WoNT3-1-5,5,esm1,-117.5,-156.9,11.9441100000006,standard,75-100 cm,117.5-156.9 cm
OregonState,max,SHM,WoNT3-1,WoNT3-1-5,5,esm2,-119.3959322664,-171.517063360079,136.833604725634,standard,75-100 cm,119.4-171.5 cm
OregonState,fd,SHM,WoNT3-1,WoNT3-1-5,5,fd,-75,-100,6.820875,standard,75-100 cm,75-100 cm
OregonState,max,SHM,WoNT3-2,WoNT3-2-1,1,esm1,0,-14.2,40.9200300000001,standard,0-10 cm,0-14.2 cm
OregonState,max,SHM,WoNT3-2,WoNT3-2-1,1,esm2,0,-14.201121292831001,41.5545435083292,standard,0-10 cm,0-14.2 cm
OregonState,fd,SHM,WoNT3-2,WoNT3-2-1,1,fd,0,-10,31.12395,standard,0-10 cm,0-10 cm
OregonState,max,SHM,WoNT3-2,WoNT3-2-2,2,esm1,-14.2,-48.3,39.5758300000008,standard,10-30 cm,14.2-48.3 cm
OregonState,max,SHM,WoNT3-2,WoNT3-2-2,2,esm2,-14.201121292831001,-48.7179536176624,50.7019079405725,standard,10-30 cm,14.2-48.7 cm
OregonState,fd,SHM,WoNT3-2,WoNT3-2-2,2,fd,-10,-30,33.4747,standard,10-30 cm,10-30 cm
OregonState,max,SHM,WoNT3-2,WoNT3-2-3,3,esm1,-48.3,-80.3,22.1329880000004,standard,30-50 cm,48.3-80.3 cm
OregonState,max,SHM,WoNT3-2,WoNT3-2-3,3,esm2,-48.7179536176624,-80.066101596908,8.93003682393946,standard,30-50 cm,48.7-80.1 cm
OregonState,fd,SHM,WoNT3-2,WoNT3-2-3,3,fd,-30,-50,17.374,standard,30-50 cm,30-50 cm
OregonState,max,SHM,WoNT3-2,WoNT3-2-4,4,esm1,-80.3,-117.5,11.8541519999977,standard,50-75 cm,80.3-117.5 cm
OregonState,max,SHM,WoNT3-2,WoNT3-2-4,4,esm2,-80.066101596908,-119.3959322664,25.8539606401683,standard,50-75 cm,80.1-119.4 cm
OregonState,fd,SHM,WoNT3-2,WoNT3-2-4,4,fd,-50,-75,18.967299999999998,standard,50-75 cm,50-75 cm
OregonState,max,SHM,WoNT3-2,WoNT3-2-5,5,esm1,-117.5,-156.9,12.5552039999975,standard,75-100 cm,117.5-156.9 cm
OregonState,max,SHM,WoNT3-2,WoNT3-2-5,5,esm2,-119.3959322664,-171.517063360079,116.065505445089,standard,75-100 cm,119.4-171.5 cm
OregonState,fd,SHM,WoNT3-2,WoNT3-2-5,5,fd,-75,-100,7.9665,standard,75-100 cm,75-100 cm
OregonState,max,SHM,WoNT3-3,WoNT3-3-1,1,esm1,0,-14.2,36.949172,standard,0-10 cm,0-14.2 cm
OregonState,max,SHM,WoNT3-3,WoNT3-3-1,1,esm2,0,-14.201121292831001,38.1070816850942,standard,0-10 cm,0-14.2 cm
OregonState,fd,SHM,WoNT3-3,WoNT3-3-1,1,fd,0,-10,28.6325,standard,0-10 cm,0-10 cm
OregonState,max,SHM,WoNT3-3,WoNT3-3-2,2,esm1,-14.2,-48.3,40.2098060000001,standard,10-30 cm,14.2-48.3 cm
OregonState,max,SHM,WoNT3-3,WoNT3-3-2,2,esm2,-14.201121292831001,-48.7179536176624,46.9245652096087,standard,10-30 cm,14.2-48.7 cm
OregonState,fd,SHM,WoNT3-3,WoNT3-3-2,2,fd,-10,-30,30.5987,standard,10-30 cm,10-30 cm
OregonState,max,SHM,WoNT3-3,WoNT3-3-3,3,esm1,-48.3,-80.3,24.6134350000004,standard,30-50 cm,48.3-80.3 cm
OregonState,max,SHM,WoNT3-3,WoNT3-3-3,3,esm2,-48.7179536176624,-80.066101596908,17.1215001083703,standard,30-50 cm,48.7-80.1 cm
OregonState,fd,SHM,WoNT3-3,WoNT3-3-3,3,fd,-30,-50,19.593200000000003,standard,30-50 cm,30-50 cm
OregonState,max,SHM,WoNT3-3,WoNT3-3-4,4,esm1,-80.3,-117.5,12.1164120000016,standard,50-75 cm,80.3-117.5 cm
OregonState,max,SHM,WoNT3-3,WoNT3-3-4,4,esm2,-80.066101596908,-119.3959322664,13.8180701787339,standard,50-75 cm,80.1-119.4 cm
OregonState,fd,SHM,WoNT3-3,WoNT3-3-4,4,fd,-50,-75,21.22175,standard,50-75 cm,50-75 cm
OregonState,max,SHM,WoNT3-3,WoNT3-3-5,5,esm1,-117.5,-156.9,12.8329740000017,standard,75-100 cm,117.5-156.9 cm
OregonState,max,SHM,WoNT3-3,WoNT3-3-5,5,esm2,-119.3959322664,-171.517063360079,45.315065761839,standard,75-100 cm,119.4-171.5 cm
OregonState,fd,SHM,WoNT3-3,WoNT3-3-5,5,fd,-75,-100,8.14275,standard,75-100 cm,75-100 cm
TexasA&MPt-1,max,BAU,CVT-1-1,CVT-1-1-1,1,esm1,0,-14.8,2.86188,standard,0-10 cm,0-14.8 cm
TexasA&MPt-1,max,BAU,CVT-1-1,CVT-1-1-1,1,esm2,0,-15.5677636199029,2.78873978944134,standard,0-10 cm,0-15.6 cm
TexasA&MPt-1,fd,BAU,CVT-1-1,CVT-1-1-1,1,fd,0,-10,1.695,standard,0-10 cm,0-10 cm
TexasA&MPt-1,max,BAU,CVT-1-1,CVT-1-1-2,2,esm1,-14.8,-49.1,8.36230000000003,standard,10-30 cm,14.8-49.1 cm
TexasA&MPt-1,max,BAU,CVT-1-1,CVT-1-1-2,2,esm2,-15.5677636199029,-48.6071571571534,8.65970053540282,standard,10-30 cm,15.6-48.6 cm
TexasA&MPt-1,fd,BAU,CVT-1-1,CVT-1-1-2,2,fd,-10,-30,4.862,standard,10-30 cm,10-30 cm
TexasA&MPt-1,max,BAU,CVT-1-1,CVT-1-1-3,3,esm1,-49.1,-81.6,7.33494000000023,standard,30-50 cm,49.1-81.6 cm
TexasA&MPt-1,max,BAU,CVT-1-1,CVT-1-1-3,3,esm2,-48.6071571571534,-81.5437178063379,7.3385615693264,standard,30-50 cm,48.6-81.5 cm
TexasA&MPt-1,fd,BAU,CVT-1-1,CVT-1-1-3,3,fd,-30,-50,4.8875,standard,30-50 cm,30-50 cm
TexasA&MPt-1,max,BAU,CVT-1-1,CVT-1-1-4,4,esm1,-81.6,-119.8,5.75674000000056,standard,50-75 cm,81.6-119.8 cm
TexasA&MPt-1,max,BAU,CVT-1-1,CVT-1-1-4,4,esm2,-81.5437178063379,-120.600061303784,3.42900996198431,standard,50-75 cm,81.5-120.6 cm
TexasA&MPt-1,fd,BAU,CVT-1-1,CVT-1-1-4,4,fd,-50,-75,6.12,standard,50-75 cm,50-75 cm
TexasA&MPt-1,max,BAU,CVT-1-1,CVT-1-1-5,5,esm1,-119.8,-160.4,6.1184200000006,standard,75-100 cm,119.8-160.4 cm
TexasA&MPt-1,max,BAU,CVT-1-1,CVT-1-1-5,5,esm2,-120.600061303784,-166.801781228287,-6.76210504237662,standard,75-100 cm,120.6-166.8 cm
TexasA&MPt-1,fd,BAU,CVT-1-1,CVT-1-1-5,5,fd,-75,-100,3.7675,standard,75-100 cm,75-100 cm
TexasA&MPt-1,max,BAU,CVT-1-2,CVT-1-2-1,1,esm1,0,-13.9,2.99206,standard,0-10 cm,0-13.9 cm
TexasA&MPt-1,max,BAU,CVT-1-2,CVT-1-2-1,1,esm2,0,-13.6883612794885,3.06375287811711,standard,0-10 cm,0-13.7 cm
TexasA&MPt-1,fd,BAU,CVT-1-2,CVT-1-2-1,1,fd,0,-10,2.2495,standard,0-10 cm,0-10 cm
TexasA&MPt-1,max,BAU,CVT-1-2,CVT-1-2-2,2,esm1,-13.9,-48.3,8.31866,standard,10-30 cm,13.9-48.3 cm
TexasA&MPt-1,max,BAU,CVT-1-2,CVT-1-2-2,2,esm2,-13.6883612794885,-49.0383930946863,7.82735999490738,standard,10-30 cm,13.7-49 cm
TexasA&MPt-1,fd,BAU,CVT-1-2,CVT-1-2-2,2,fd,-10,-30,3.8080000000000007,standard,10-30 cm,10-30 cm
TexasA&MPt-1,max,BAU,CVT-1-2,CVT-1-2-3,3,esm1,-48.3,-78.6,9.40698000000016,standard,30-50 cm,48.3-78.6 cm
TexasA&MPt-1,max,BAU,CVT-1-2,CVT-1-2-3,3,esm2,-49.0383930946863,-78.3887684488258,10.0736542622226,standard,30-50 cm,49-78.4 cm
TexasA&MPt-1,fd,BAU,CVT-1-2,CVT-1-2-3,3,fd,-30,-50,5.803000000000001,standard,30-50 cm,30-50 cm
TexasA&MPt-1,max,BAU,CVT-1-2,CVT-1-2-4,4,esm1,-78.6,-115.2,7.85070000000056,standard,50-75 cm,78.6-115.2 cm
TexasA&MPt-1,max,BAU,CVT-1-2,CVT-1-2-4,4,esm2,-78.3887684488258,-117.935551048569,5.0549630081595,standard,50-75 cm,78.4-117.9 cm
TexasA&MPt-1,fd,BAU,CVT-1-2,CVT-1-2-4,4,fd,-50,-75,8.085,standard,50-75 cm,50-75 cm
TexasA&MPt-1,max,BAU,CVT-1-2,CVT-1-2-5,5,esm1,-115.2,-154.1,8.34405000000059,standard,75-100 cm,115.2-154.1 cm
TexasA&MPt-1,max,BAU,CVT-1-2,CVT-1-2-5,5,esm2,-117.935551048569,-178.158084271806,-11.9829761223991,standard,75-100 cm,117.9-178.2 cm
TexasA&MPt-1,fd,BAU,CVT-1-2,CVT-1-2-5,5,fd,-75,-100,5.3625,standard,75-100 cm,75-100 cm
TexasA&MPt-1,max,BAU,CVT-1-3,CVT-1-3-1,1,esm1,0,-12.7,3.43680999999999,standard,0-10 cm,0-12.7 cm
TexasA&MPt-1,max,BAU,CVT-1-3,CVT-1-3-1,1,esm2,0,-13.8862471460448,3.43805257429497,standard,0-10 cm,0-13.9 cm
TexasA&MPt-1,fd,BAU,CVT-1-3,CVT-1-3-1,1,fd,0,-10,2.707,standard,0-10 cm,0-10 cm
TexasA&MPt-1,max,BAU,CVT-1-3,CVT-1-3-2,2,esm1,-12.7,-43.8,8.07369000000005,standard,10-30 cm,12.7-43.8 cm
TexasA&MPt-1,max,BAU,CVT-1-3,CVT-1-3-2,2,esm2,-13.8862471460448,-42.7978640467678,8.21755764333676,standard,10-30 cm,13.9-42.8 cm
TexasA&MPt-1,fd,BAU,CVT-1-3,CVT-1-3-2,2,fd,-10,-30,5.406000000000001,standard,10-30 cm,10-30 cm
TexasA&MPt-1,max,BAU,CVT-1-3,CVT-1-3-3,3,esm1,-43.8,-73.7,6.95175000000026,standard,30-50 cm,43.8-73.7 cm
TexasA&MPt-1,max,BAU,CVT-1-3,CVT-1-3-3,3,esm2,-42.7978640467678,-73.6563530401059,6.82658405833581,standard,30-50 cm,42.8-73.7 cm
TexasA&MPt-1,fd,BAU,CVT-1-3,CVT-1-3-3,3,fd,-30,-50,4.839,standard,30-50 cm,30-50 cm
TexasA&MPt-1,max,BAU,CVT-1-3,CVT-1-3-4,4,esm1,-73.7,-109,7.85025000000054,standard,50-75 cm,73.7-109 cm
TexasA&MPt-1,max,BAU,CVT-1-3,CVT-1-3-4,4,esm2,-73.6563530401059,-108.841271292835,7.97970461524073,standard,50-75 cm,73.7-108.8 cm
TexasA&MPt-1,fd,BAU,CVT-1-3,CVT-1-3-4,4,fd,-50,-75,5.8125,standard,50-75 cm,50-75 cm
TexasA&MPt-1,max,BAU,CVT-1-3,CVT-1-3-5,5,esm1,-109,-146.6,8.34720000000016,standard,75-100 cm,109-146.6 cm
TexasA&MPt-1,max,BAU,CVT-1-3,CVT-1-3-5,5,esm2,-108.841271292835,-144.718151559338,10.2608831994235,standard,75-100 cm,108.8-144.7 cm
TexasA&MPt-1,fd,BAU,CVT-1-3,CVT-1-3-5,5,fd,-75,-100,5.55,standard,75-100 cm,75-100 cm
TexasA&MPt-1,max,BAU,CVT-2-1,CVT-2-1-1,1,esm1,0,-13.9,3.89200000000001,standard,0-10 cm,0-13.9 cm
TexasA&MPt-1,max,BAU,CVT-2-1,CVT-2-1-1,1,esm2,0,-14.9442695778734,3.9843066578284,standard,0-10 cm,0-14.9 cm
TexasA&MPt-1,fd,BAU,CVT-2-1,CVT-2-1-1,1,fd,0,-10,2.761,standard,0-10 cm,0-10 cm
TexasA&MPt-1,max,BAU,CVT-2-1,CVT-2-1-2,2,esm1,-13.9,-47.9,9.43946000000008,standard,10-30 cm,13.9-47.9 cm
TexasA&MPt-1,max,BAU,CVT-2-1,CVT-2-1-2,2,esm2,-14.9442695778734,-47.3414323352312,9.51552856620013,standard,10-30 cm,14.9-47.3 cm
TexasA&MPt-1,fd,BAU,CVT-2-1,CVT-2-1-2,2,fd,-10,-30,5.8,standard,10-30 cm,10-30 cm
TexasA&MPt-1,max,BAU,CVT-2-1,CVT-2-1-3,3,esm1,-47.9,-79.9,8.12948999999992,standard,30-50 cm,47.9-79.9 cm
TexasA&MPt-1,max,BAU,CVT-2-1,CVT-2-1-3,3,esm2,-47.3414323352312,-80.302192030632,8.05705458706474,standard,30-50 cm,47.3-80.3 cm
TexasA&MPt-1,fd,BAU,CVT-2-1,CVT-2-1-3,3,fd,-30,-50,5.310999999999999,standard,30-50 cm,30-50 cm
TexasA&MPt-1,max,BAU,CVT-2-1,CVT-2-1-4,4,esm1,-79.9,-113.2,7.84215000000006,standard,50-75 cm,79.9-113.2 cm
TexasA&MPt-1,max,BAU,CVT-2-1,CVT-2-1-4,4,esm2,-80.302192030632,-110.85252971304,7.22631241523633,standard,50-75 cm,80.3-110.9 cm
TexasA&MPt-1,fd,BAU,CVT-2-1,CVT-2-1-4,4,fd,-50,-75,6.434999999999999,standard,50-75 cm,50-75 cm
TexasA&MPt-1,max,BAU,CVT-2-1,CVT-2-1-5,5,esm1,-113.2,-148.6,8.33670000000006,standard,75-100 cm,113.2-148.6 cm
TexasA&MPt-1,max,BAU,CVT-2-1,CVT-2-1-5,5,esm2,-110.85252971304,-128.913598889876,4.74864234109079,standard,75-100 cm,110.9-128.9 cm
TexasA&MPt-1,fd,BAU,CVT-2-1,CVT-2-1-5,5,fd,-75,-100,5.887499999999999,standard,75-100 cm,75-100 cm
TexasA&MPt-1,max,BAU,CVT-2-2,CVT-2-2-1,1,esm1,0,-14.5,3.33889999999999,standard,0-10 cm,0-14.5 cm
TexasA&MPt-1,max,BAU,CVT-2-2,CVT-2-2-1,1,esm2,0,-13.7519457381682,3.28211269607173,standard,0-10 cm,0-13.8 cm
TexasA&MPt-1,fd,BAU,CVT-2-2,CVT-2-2-1,1,fd,0,-10,2.294,standard,0-10 cm,0-10 cm
TexasA&MPt-1,max,BAU,CVT-2-2,CVT-2-2-2,2,esm1,-14.5,-51.5,8.60294999999993,standard,10-30 cm,14.5-51.5 cm
TexasA&MPt-1,max,BAU,CVT-2-2,CVT-2-2-2,2,esm2,-13.7519457381682,-52.5461313371145,8.91186501150768,standard,10-30 cm,13.8-52.5 cm
TexasA&MPt-1,fd,BAU,CVT-2-2,CVT-2-2-2,2,fd,-10,-30,4.644,standard,10-30 cm,10-30 cm
TexasA&MPt-1,max,BAU,CVT-2-2,CVT-2-2-3,3,esm1,-51.5,-85.1,7.32447999999974,standard,30-50 cm,51.5-85.1 cm
TexasA&MPt-1,max,BAU,CVT-2-2,CVT-2-2-3,3,esm2,-52.5461313371145,-84.9581141537576,7.25276849428662,standard,30-50 cm,52.5-85 cm
TexasA&MPt-1,fd,BAU,CVT-2-2,CVT-2-2-3,3,fd,-30,-50,4.6545000000000005,standard,30-50 cm,30-50 cm
TexasA&MPt-1,max,BAU,CVT-2-2,CVT-2-2-4,4,esm1,-85.1,-122.2,6.80042999999957,standard,50-75 cm,85.1-122.2 cm
TexasA&MPt-1,max,BAU,CVT-2-2,CVT-2-2-4,4,esm2,-84.9581141537576,-123.554956626105,5.08553013144876,standard,50-75 cm,85-123.6 cm
TexasA&MPt-1,fd,BAU,CVT-2-2,CVT-2-2-4,4,fd,-50,-75,5.822500000000001,standard,50-75 cm,50-75 cm
TexasA&MPt-1,max,BAU,CVT-2-2,CVT-2-2-5,5,esm1,-122.2,-161.7,7.24034999999954,standard,75-100 cm,122.2-161.7 cm
TexasA&MPt-1,max,BAU,CVT-2-2,CVT-2-2-5,5,esm2,-123.554956626105,-169.80177075069,-0.670320173168502,standard,75-100 cm,123.6-169.8 cm
TexasA&MPt-1,fd,BAU,CVT-2-2,CVT-2-2-5,5,fd,-75,-100,4.5825,standard,75-100 cm,75-100 cm
TexasA&MPt-1,max,BAU,CVT-2-3,CVT-2-3-1,1,esm1,0,-14.7,3.54262000000001,standard,0-10 cm,0-14.7 cm
TexasA&MPt-1,max,BAU,CVT-2-3,CVT-2-3-1,1,esm2,0,-15.3989605012696,3.45532402484754,standard,0-10 cm,0-15.4 cm
TexasA&MPt-1,fd,BAU,CVT-2-3,CVT-2-3-1,1,fd,0,-10,2.299,standard,0-10 cm,0-10 cm
TexasA&MPt-1,max,BAU,CVT-2-3,CVT-2-3-2,2,esm1,-14.7,-47.5,8.83638000000008,standard,10-30 cm,14.7-47.5 cm
TexasA&MPt-1,max,BAU,CVT-2-3,CVT-2-3-2,2,esm2,-15.3989605012696,-47.3189095925487,8.93414421274236,standard,10-30 cm,15.4-47.3 cm
TexasA&MPt-1,fd,BAU,CVT-2-3,CVT-2-3-2,2,fd,-10,-30,5.292,standard,10-30 cm,10-30 cm
TexasA&MPt-1,max,BAU,CVT-2-3,CVT-2-3-3,3,esm1,-47.5,-77.6,8.45837999999982,standard,30-50 cm,47.5-77.6 cm
TexasA&MPt-1,max,BAU,CVT-2-3,CVT-2-3-3,3,esm2,-47.3189095925487,-77.6564513257388,8.39277696393931,standard,30-50 cm,47.3-77.7 cm
TexasA&MPt-1,fd,BAU,CVT-2-3,CVT-2-3-3,3,fd,-30,-50,5.481,standard,30-50 cm,30-50 cm
TexasA&MPt-1,max,BAU,CVT-2-3,CVT-2-3-4,4,esm1,-77.6,-111.8,10.9884599999995,standard,50-75 cm,77.6-111.8 cm
TexasA&MPt-1,max,BAU,CVT-2-3,CVT-2-3-4,4,esm2,-77.6564513257388,-111.959073570669,11.709107047831,standard,50-75 cm,77.7-112 cm
TexasA&MPt-1,fd,BAU,CVT-2-3,CVT-2-3-4,4,fd,-50,-75,6.93,standard,50-75 cm,50-75 cm
TexasA&MPt-1,max,BAU,CVT-2-3,CVT-2-3-5,5,esm1,-111.8,-148.2,11.6953200000008,standard,75-100 cm,111.8-148.2 cm
TexasA&MPt-1,max,BAU,CVT-2-3,CVT-2-3-5,5,esm2,-111.959073570669,-150.16738558518,17.2483536711019,standard,75-100 cm,112-150.2 cm
TexasA&MPt-1,fd,BAU,CVT-2-3,CVT-2-3-5,5,fd,-75,-100,8.032499999999999,standard,75-100 cm,75-100 cm
TexasA&MPt-1,max,BAU,CVT-3-1,CVT-3-1-1,1,esm1,0,-10.5,3.3881,standard,0-10 cm,0-10.5 cm
TexasA&MPt-1,max,BAU,CVT-3-1,CVT-3-1-1,1,esm2,0,-10.3720250323274,3.371497391376,standard,0-10 cm,0-10.4 cm
TexasA&MPt-1,fd,BAU,CVT-3-1,CVT-3-1-1,1,fd,0,-10,3.2329999999999997,standard,0-10 cm,0-10 cm
TexasA&MPt-1,max,BAU,CVT-3-1,CVT-3-1-2,2,esm1,-10.5,-45,9.4849,standard,10-30 cm,10.5-45 cm
TexasA&MPt-1,max,BAU,CVT-3-1,CVT-3-1-2,2,esm2,-10.3720250323274,-45.7700161244801,10.1994187380709,standard,10-30 cm,10.4-45.8 cm
TexasA&MPt-1,fd,BAU,CVT-3-1,CVT-3-1-2,2,fd,-10,-30,6.204,standard,10-30 cm,10-30 cm
TexasA&MPt-1,max,BAU,CVT-3-1,CVT-3-1-3,3,esm1,-45,-76.9,5.93240000000017,standard,30-50 cm,45-76.9 cm
TexasA&MPt-1,max,BAU,CVT-3-1,CVT-3-1-3,3,esm2,-45.7700161244801,-76.9350452585653,5.2293389919577,standard,30-50 cm,45.8-76.9 cm
TexasA&MPt-1,fd,BAU,CVT-3-1,CVT-3-1-3,3,fd,-30,-50,4.3785,standard,30-50 cm,30-50 cm
TexasA&MPt-1,max,BAU,CVT-3-1,CVT-3-1-4,4,esm1,-76.9,-112.8,5.24140000000054,standard,50-75 cm,76.9-112.8 cm
TexasA&MPt-1,max,BAU,CVT-3-1,CVT-3-1-4,4,esm2,-76.9350452585653,-113.489512142765,5.71743241412886,standard,50-75 cm,76.9-113.5 cm
TexasA&MPt-1,fd,BAU,CVT-3-1,CVT-3-1-4,4,fd,-50,-75,4.7125,standard,50-75 cm,50-75 cm
TexasA&MPt-1,max,BAU,CVT-3-1,CVT-3-1-5,5,esm1,-112.8,-150.9,5.56260000000057,standard,75-100 cm,112.8-150.9 cm
TexasA&MPt-1,max,BAU,CVT-3-1,CVT-3-1-5,5,esm2,-113.489512142765,-156.625631745775,11.0845622955986,standard,75-100 cm,113.5-156.6 cm
TexasA&MPt-1,fd,BAU,CVT-3-1,CVT-3-1-5,5,fd,-75,-100,3.65,standard,75-100 cm,75-100 cm
TexasA&MPt-1,max,BAU,CVT-3-2,CVT-3-2-1,1,esm1,0,-14.7,5.09386,standard,0-10 cm,0-14.7 cm
TexasA&MPt-1,max,BAU,CVT-3-2,CVT-3-2-1,1,esm2,0,-16.0657116642797,5.61245558098493,standard,0-10 cm,0-16.1 cm
TexasA&MPt-1,fd,BAU,CVT-3-2,CVT-3-2-1,1,fd,0,-10,3.5015,standard,0-10 cm,0-10 cm
TexasA&MPt-1,max,BAU,CVT-3-2,CVT-3-2-2,2,esm1,-14.7,-47,10.8112400000001,standard,10-30 cm,14.7-47 cm
TexasA&MPt-1,max,BAU,CVT-3-2,CVT-3-2-2,2,esm2,-16.0657116642797,-46.0563128194129,10.227651721338,standard,10-30 cm,16.1-46.1 cm
TexasA&MPt-1,fd,BAU,CVT-3-2,CVT-3-2-2,2,fd,-10,-30,6.776,standard,10-30 cm,10-30 cm
TexasA&MPt-1,max,BAU,CVT-3-2,CVT-3-2-3,3,esm1,-47,-78.1,9.72151999999974,standard,30-50 cm,47-78.1 cm
TexasA&MPt-1,max,BAU,CVT-3-2,CVT-3-2-3,3,esm2,-46.0563128194129,-78.2675323163277,10.0756463229793,standard,30-50 cm,46.1-78.3 cm
TexasA&MPt-1,fd,BAU,CVT-3-2,CVT-3-2-3,3,fd,-30,-50,6.611,standard,30-50 cm,30-50 cm
TexasA&MPt-1,max,BAU,CVT-3-2,CVT-3-2-4,4,esm1,-78.1,-114,6.28968000000039,standard,50-75 cm,78.1-114 cm
TexasA&MPt-1,max,BAU,CVT-3-2,CVT-3-2-4,4,esm2,-78.2675323163277,-113.381837345267,3.37569875100813,standard,50-75 cm,78.3-113.4 cm
TexasA&MPt-1,fd,BAU,CVT-3-2,CVT-3-2-4,4,fd,-50,-75,8.195,standard,50-75 cm,50-75 cm
TexasA&MPt-1,max,BAU,CVT-3-2,CVT-3-2-5,5,esm1,-114,-152.1,6.67511999999908,standard,75-100 cm,114-152.1 cm
TexasA&MPt-1,max,BAU,CVT-3-2,CVT-3-2-5,5,esm2,-113.381837345267,-146.995853032965,-13.7021208211337,standard,75-100 cm,113.4-147 cm
TexasA&MPt-1,fd,BAU,CVT-3-2,CVT-3-2-5,5,fd,-75,-100,4.38,standard,75-100 cm,75-100 cm
TexasA&MPt-1,max,BAU,CVT-3-3,CVT-3-3-1,1,esm1,0,-12.9,4.52758,standard,0-10 cm,0-12.9 cm
TexasA&MPt-1,max,BAU,CVT-3-3,CVT-3-3-1,1,esm2,0,-13.6244505767718,5.25496641915172,standard,0-10 cm,0-13.6 cm
TexasA&MPt-1,fd,BAU,CVT-3-3,CVT-3-3-1,1,fd,0,-10,3.7585,standard,0-10 cm,0-10 cm
TexasA&MPt-1,max,BAU,CVT-3-3,CVT-3-3-2,2,esm1,-12.9,-45.4,9.08699999999991,standard,10-30 cm,12.9-45.4 cm
TexasA&MPt-1,max,BAU,CVT-3-3,CVT-3-3-2,2,esm2,-13.6244505767718,-44.5585132272355,7.68569601257633,standard,10-30 cm,13.6-44.6 cm
TexasA&MPt-1,fd,BAU,CVT-3-3,CVT-3-3-2,2,fd,-10,-30,5.304000000000001,standard,10-30 cm,10-30 cm
TexasA&MPt-1,max,BAU,CVT-3-3,CVT-3-3-3,3,esm1,-45.4,-78.3,9.8798700000003,standard,30-50 cm,45.4-78.3 cm
TexasA&MPt-1,max,BAU,CVT-3-3,CVT-3-3-3,3,esm2,-44.5585132272355,-78.4286317212584,10.8364004492762,standard,30-50 cm,44.6-78.4 cm
TexasA&MPt-1,fd,BAU,CVT-3-3,CVT-3-3-3,3,fd,-30,-50,5.979,standard,30-50 cm,30-50 cm
TexasA&MPt-1,max,BAU,CVT-3-3,CVT-3-3-4,4,esm1,-78.3,-115.4,7.84664999999951,standard,50-75 cm,78.3-115.4 cm
TexasA&MPt-1,max,BAU,CVT-3-3,CVT-3-3-4,4,esm2,-78.4286317212584,-113.962430981091,4.46974010840138,standard,50-75 cm,78.4-114 cm
TexasA&MPt-1,fd,BAU,CVT-3-3,CVT-3-3-4,4,fd,-50,-75,7.754999999999999,standard,50-75 cm,50-75 cm
TexasA&MPt-1,max,BAU,CVT-3-3,CVT-3-3-5,5,esm1,-115.4,-154.8,8.33309999999948,standard,75-100 cm,115.4-154.8 cm
TexasA&MPt-1,max,BAU,CVT-3-3,CVT-3-3-5,5,esm2,-113.962430981091,-141.908575944594,-15.135851248309,standard,75-100 cm,114-141.9 cm
TexasA&MPt-1,fd,BAU,CVT-3-3,CVT-3-3-5,5,fd,-75,-100,5.2875,standard,75-100 cm,75-100 cm
TexasA&MPt-1,max,Ref,NAT-1-1,NAT-1-1-1,1,esm1,0,-11.6,6.81608000000001,standard,0-10 cm,0-11.6 cm
TexasA&MPt-1,max,Ref,NAT-1-1,NAT-1-1-1,1,esm2,0,-11.6635570067901,6.92715229901638,standard,0-10 cm,0-11.7 cm
TexasA&MPt-1,fd,Ref,NAT-1-1,NAT-1-1-1,1,fd,0,-10,6.370000000000001,standard,0-10 cm,0-10 cm
TexasA&MPt-1,max,Ref,NAT-1-1,NAT-1-1-2,2,esm1,-11.6,-41.8,9.66111999999986,standard,10-30 cm,11.6-41.8 cm
TexasA&MPt-1,max,Ref,NAT-1-1,NAT-1-1-2,2,esm2,-11.6635570067901,-41.6651119172624,8.92378354899608,standard,10-30 cm,11.7-41.7 cm
TexasA&MPt-1,fd,Ref,NAT-1-1,NAT-1-1-2,2,fd,-10,-30,5.576,standard,10-30 cm,10-30 cm
TexasA&MPt-1,max,Ref,NAT-1-1,NAT-1-1-3,3,esm1,-41.8,-70.8,11.0925599999998,standard,30-50 cm,41.8-70.8 cm
TexasA&MPt-1,max,Ref,NAT-1-1,NAT-1-1-3,3,esm2,-41.6651119172624,-70.8283462536651,11.7840215970064,standard,30-50 cm,41.7-70.8 cm
TexasA&MPt-1,fd,Ref,NAT-1-1,NAT-1-1-3,3,fd,-30,-50,7.68,standard,30-50 cm,30-50 cm
TexasA&MPt-1,max,Ref,NAT-1-1,NAT-1-1-4,4,esm1,-70.8,-104.1,10.9790099999996,standard,50-75 cm,70.8-104.1 cm
TexasA&MPt-1,max,Ref,NAT-1-1,NAT-1-1-4,4,esm2,-70.8283462536651,-104.184888958716,10.4874645782332,standard,50-75 cm,70.8-104.2 cm
TexasA&MPt-1,fd,Ref,NAT-1-1,NAT-1-1-4,4,fd,-50,-75,9.3285,standard,50-75 cm,50-75 cm
TexasA&MPt-1,max,Ref,NAT-1-1,NAT-1-1-5,5,esm1,-104.1,-139.6,11.7043499999996,standard,75-100 cm,104.1-139.6 cm
TexasA&MPt-1,max,Ref,NAT-1-1,NAT-1-1-5,5,esm2,-104.184888958716,-139.616349833618,0.791492466256393,standard,75-100 cm,104.2-139.6 cm
TexasA&MPt-1,fd,Ref,NAT-1-1,NAT-1-1-5,5,fd,-75,-100,8.2425,standard,75-100 cm,75-100 cm
TexasA&MPt-1,max,Ref,NAT-2-2,NAT-2-2-1,1,esm1,0,-11.2,5.83481999999999,standard,0-10 cm,0-11.2 cm
TexasA&MPt-1,max,Ref,NAT-2-2,NAT-2-2-1,1,esm2,0,-11.0315532036486,5.87908105933205,standard,0-10 cm,0-11 cm
TexasA&MPt-1,fd,Ref,NAT-2-2,NAT-2-2-1,1,fd,0,-10,5.560499999999999,standard,0-10 cm,0-10 cm
TexasA&MPt-1,max,Ref,NAT-2-2,NAT-2-2-2,2,esm1,-11.2,-44.8,10.58768,standard,10-30 cm,11.2-44.8 cm
TexasA&MPt-1,max,Ref,NAT-2-2,NAT-2-2-2,2,esm2,-11.0315532036486,-47.1630489134224,9.66294909883573,standard,10-30 cm,11-47.2 cm
TexasA&MPt-1,fd,Ref,NAT-2-2,NAT-2-2-2,2,fd,-10,-30,4.572,standard,10-30 cm,10-30 cm
TexasA&MPt-1,max,Ref,NAT-2-2,NAT-2-2-3,3,esm1,-44.8,-72.4,11.7900000000001,standard,30-50 cm,44.8-72.4 cm
TexasA&MPt-1,max,Ref,NAT-2-2,NAT-2-2-3,3,esm2,-47.1630489134224,-71.9914219065375,12.6474284014583,standard,30-50 cm,47.2-72 cm
TexasA&MPt-1,fd,Ref,NAT-2-2,NAT-2-2-3,3,fd,-30,-50,8.5,standard,30-50 cm,30-50 cm
TexasA&MPt-1,max,Ref,NAT-2-2,NAT-2-2-4,4,esm1,-72.4,-107.3,15.7050000000006,standard,50-75 cm,72.4-107.3 cm
TexasA&MPt-1,max,Ref,NAT-2-2,NAT-2-2-4,4,esm2,-71.9914219065375,-109.653036593523,15.759425920554,standard,50-75 cm,72-109.7 cm
TexasA&MPt-1,fd,Ref,NAT-2-2,NAT-2-2-4,4,fd,-50,-75,10.75,standard,50-75 cm,50-75 cm
TexasA&MPt-1,max,Ref,NAT-2-2,NAT-2-2-5,5,esm1,-107.3,-144.4,16.6950000000006,standard,75-100 cm,107.3-144.4 cm
TexasA&MPt-1,max,Ref,NAT-2-2,NAT-2-2-5,5,esm2,-109.653036593523,-181.292558515149,16.0919971470571,standard,75-100 cm,109.7-181.3 cm
TexasA&MPt-1,fd,Ref,NAT-2-2,NAT-2-2-5,5,fd,-75,-100,11.249999999999998,standard,75-100 cm,75-100 cm
TexasA&MPt-1,max,Ref,NAT-3-3,NAT-3-3-1,1,esm1,0,-10.9,7.33662000000001,standard,0-10 cm,0-10.9 cm
TexasA&MPt-1,max,Ref,NAT-3-3,NAT-3-3-1,1,esm2,0,-11.0121128976328,7.42336018689679,standard,0-10 cm,0-11 cm
TexasA&MPt-1,fd,Ref,NAT-3-3,NAT-3-3-1,1,fd,0,-10,7.038,standard,0-10 cm,0-10 cm
TexasA&MPt-1,max,Ref,NAT-3-3,NAT-3-3-2,2,esm1,-10.9,-41.6,9.38121999999996,standard,10-30 cm,10.9-41.6 cm
TexasA&MPt-1,max,Ref,NAT-3-3,NAT-3-3-2,2,esm2,-11.0121128976328,-41.5741761142347,9.27069464282684,standard,10-30 cm,11-41.6 cm
TexasA&MPt-1,fd,Ref,NAT-3-3,NAT-3-3-2,2,fd,-10,-30,6.635999999999999,standard,10-30 cm,10-30 cm
TexasA&MPt-1,max,Ref,NAT-3-3,NAT-3-3-3,3,esm1,-41.6,-69.8,7.39968000000039,standard,30-50 cm,41.6-69.8 cm
TexasA&MPt-1,max,Ref,NAT-3-3,NAT-3-3-3,3,esm2,-41.5741761142347,-69.8469580600161,7.42768768810233,standard,30-50 cm,41.6-69.8 cm
TexasA&MPt-1,fd,Ref,NAT-3-3,NAT-3-3-3,3,fd,-30,-50,5.247999999999999,standard,30-50 cm,30-50 cm
TexasA&MPt-1,max,Ref,NAT-3-3,NAT-3-3-4,4,esm1,-69.8,-103.8,14.62704,standard,50-75 cm,69.8-103.8 cm
TexasA&MPt-1,max,Ref,NAT-3-3,NAT-3-3-4,4,esm2,-69.8469580600161,-104.086097043711,15.3738777593258,standard,50-75 cm,69.8-104.1 cm
TexasA&MPt-1,fd,Ref,NAT-3-3,NAT-3-3-4,4,fd,-50,-75,7.404,standard,50-75 cm,50-75 cm
TexasA&MPt-1,max,Ref,NAT-3-3,NAT-3-3-5,5,esm1,-103.8,-139.9,15.5663200000007,standard,75-100 cm,103.8-139.9 cm
TexasA&MPt-1,max,Ref,NAT-3-3,NAT-3-3-5,5,esm2,-104.086097043711,-146.846721790151,34.759896631377,standard,75-100 cm,104.1-146.8 cm
TexasA&MPt-1,fd,Ref,NAT-3-3,NAT-3-3-5,5,fd,-75,-100,10.780000000000001,standard,75-100 cm,75-100 cm
TexasA&MPt-1,max,SHM,NTM-1-1,NTM-1-1-1,1,esm1,0,-15.4,7.53136,standard,0-10 cm,0-15.4 cm
TexasA&MPt-1,max,SHM,NTM-1-1,NTM-1-1-1,1,esm2,0,-18.3453640149752,9.01661859688377,standard,0-10 cm,0-18.3 cm
TexasA&MPt-1,fd,SHM,NTM-1-1,NTM-1-1-1,1,fd,0,-10,6.244,standard,0-10 cm,0-10 cm
TexasA&MPt-1,max,SHM,NTM-1-1,NTM-1-1-2,2,esm1,-15.4,-49.2,7.05823999999996,standard,10-30 cm,15.4-49.2 cm
TexasA&MPt-1,max,SHM,NTM-1-1,NTM-1-1-2,2,esm2,-18.3453640149752,-47.4673274968522,5.0465761535927,standard,10-30 cm,18.3-47.5 cm
TexasA&MPt-1,fd,SHM,NTM-1-1,NTM-1-1-2,2,fd,-10,-30,4.768,standard,10-30 cm,10-30 cm
TexasA&MPt-1,max,SHM,NTM-1-1,NTM-1-1-3,3,esm1,-49.2,-81.8,5.45640000000002,standard,30-50 cm,49.2-81.8 cm
TexasA&MPt-1,max,SHM,NTM-1-1,NTM-1-1-3,3,esm2,-47.4673274968522,-82.5476788355244,6.14508441469897,standard,30-50 cm,47.5-82.5 cm
TexasA&MPt-1,fd,SHM,NTM-1-1,NTM-1-1-3,3,fd,-30,-50,3.7119999999999997,standard,30-50 cm,30-50 cm
TexasA&MPt-1,max,SHM,NTM-1-1,NTM-1-1-4,4,esm1,-81.8,-116.7,5.75850000000022,standard,50-75 cm,81.8-116.7 cm
TexasA&MPt-1,max,SHM,NTM-1-1,NTM-1-1-4,4,esm2,-82.5476788355244,-112.343224651413,4.9629571183248,standard,50-75 cm,82.5-112.3 cm
TexasA&MPt-1,fd,SHM,NTM-1-1,NTM-1-1-4,4,fd,-50,-75,4.199999999999999,standard,50-75 cm,50-75 cm
TexasA&MPt-1,max,SHM,NTM-1-1,NTM-1-1-5,5,esm1,-116.7,-153.8,6.12150000000023,standard,75-100 cm,116.7-153.8 cm
TexasA&MPt-1,max,SHM,NTM-1-1,NTM-1-1-5,5,esm2,-112.343224651413,-123.052121695222,4.16322287851793,standard,75-100 cm,112.3-123.1 cm
TexasA&MPt-1,fd,SHM,NTM-1-1,NTM-1-1-5,5,fd,-75,-100,4.125,standard,75-100 cm,75-100 cm
TexasA&MPt-1,max,SHM,NTM-1-2,NTM-1-2-1,1,esm1,0,-12.5,7.07650000000002,standard,0-10 cm,0-12.5 cm
TexasA&MPt-1,max,SHM,NTM-1-2,NTM-1-2-1,1,esm2,0,-12.6700042439345,7.60807559540543,standard,0-10 cm,0-12.7 cm
TexasA&MPt-1,fd,SHM,NTM-1-2,NTM-1-2-1,1,fd,0,-10,6.4990000000000006,standard,0-10 cm,0-10 cm
TexasA&MPt-1,max,SHM,NTM-1-2,NTM-1-2-2,2,esm1,-12.5,-42.7,6.86839999999985,standard,10-30 cm,12.5-42.7 cm
TexasA&MPt-1,max,SHM,NTM-1-2,NTM-1-2-2,2,esm2,-12.6700042439345,-42.4621732460449,5.99682888335256,standard,10-30 cm,12.7-42.5 cm
TexasA&MPt-1,fd,SHM,NTM-1-2,NTM-1-2-2,2,fd,-10,-30,4.62,standard,10-30 cm,10-30 cm
TexasA&MPt-1,max,SHM,NTM-1-2,NTM-1-2-3,3,esm1,-42.7,-72.6,6.48829999999975,standard,30-50 cm,42.7-72.6 cm
TexasA&MPt-1,max,SHM,NTM-1-2,NTM-1-2-3,3,esm2,-42.4621732460449,-72.606305703513,6.82341911934925,standard,30-50 cm,42.5-72.6 cm
TexasA&MPt-1,fd,SHM,NTM-1-2,NTM-1-2-3,3,fd,-30,-50,4.41,standard,30-50 cm,30-50 cm
TexasA&MPt-1,max,SHM,NTM-1-2,NTM-1-2-4,4,esm1,-72.6,-107.5,6.3708000000002,standard,50-75 cm,72.6-107.5 cm
TexasA&MPt-1,max,SHM,NTM-1-2,NTM-1-2-4,4,esm2,-72.606305703513,-107.486691242813,5.98447386459739,standard,50-75 cm,72.6-107.5 cm
TexasA&MPt-1,fd,SHM,NTM-1-2,NTM-1-2-4,4,fd,-50,-75,5.425000000000001,standard,50-75 cm,50-75 cm
TexasA&MPt-1,max,SHM,NTM-1-2,NTM-1-2-5,5,esm1,-107.5,-144.6,6.67800000000025,standard,75-100 cm,107.5-144.6 cm
TexasA&MPt-1,max,SHM,NTM-1-2,NTM-1-2-5,5,esm2,-107.486691242813,-143.90112196494,1.52209892204644,standard,75-100 cm,107.5-143.9 cm
TexasA&MPt-1,fd,SHM,NTM-1-2,NTM-1-2-5,5,fd,-75,-100,4.5,standard,75-100 cm,75-100 cm
TexasA&MPt-1,max,SHM,NTM-1-3,NTM-1-3-1,1,esm1,0,-12.6,7.12013999999999,standard,0-10 cm,0-12.6 cm
TexasA&MPt-1,max,SHM,NTM-1-3,NTM-1-3-1,1,esm2,0,-13.0828286417888,7.97956265231577,standard,0-10 cm,0-13.1 cm
TexasA&MPt-1,fd,SHM,NTM-1-3,NTM-1-3-1,1,fd,0,-10,6.5705,standard,0-10 cm,0-10 cm
TexasA&MPt-1,max,SHM,NTM-1-3,NTM-1-3-2,2,esm1,-12.6,-45.4,8.09872000000011,standard,10-30 cm,12.6-45.4 cm
TexasA&MPt-1,max,SHM,NTM-1-3,NTM-1-3-2,2,esm2,-13.0828286417888,-44.9601163361285,6.12187824061425,standard,10-30 cm,13.1-45 cm
TexasA&MPt-1,fd,SHM,NTM-1-3,NTM-1-3-2,2,fd,-10,-30,4.228000000000001,standard,10-30 cm,10-30 cm
TexasA&MPt-1,max,SHM,NTM-1-3,NTM-1-3-3,3,esm1,-45.4,-77,10.0366400000003,standard,30-50 cm,45.4-77 cm
TexasA&MPt-1,max,SHM,NTM-1-3,NTM-1-3-3,3,esm2,-44.9601163361285,-77.029472233992,11.3596115437184,standard,30-50 cm,45-77 cm
TexasA&MPt-1,fd,SHM,NTM-1-3,NTM-1-3-3,3,fd,-30,-50,5.908,standard,30-50 cm,30-50 cm
TexasA&MPt-1,max,SHM,NTM-1-3,NTM-1-3-4,4,esm1,-77,-113.1,8.37519999999997,standard,50-75 cm,77-113.1 cm
TexasA&MPt-1,max,SHM,NTM-1-3,NTM-1-3-4,4,esm2,-77.029472233992,-112.783690478559,5.34436719254664,standard,50-75 cm,77-112.8 cm
TexasA&MPt-1,fd,SHM,NTM-1-3,NTM-1-3-4,4,fd,-50,-75,8.085,standard,50-75 cm,50-75 cm
TexasA&MPt-1,max,SHM,NTM-1-3,NTM-1-3-5,5,esm1,-113.1,-151.4,8.88560000000106,standard,75-100 cm,113.1-151.4 cm
TexasA&MPt-1,max,SHM,NTM-1-3,NTM-1-3-5,5,esm2,-112.783690478559,-148.607813328611,-15.6220866288886,standard,75-100 cm,112.8-148.6 cm
TexasA&MPt-1,fd,SHM,NTM-1-3,NTM-1-3-5,5,fd,-75,-100,5.8,standard,75-100 cm,75-100 cm
TexasA&MPt-1,max,SHM,NTM-2-1,NTM-2-1-1,1,esm1,0,-14.1,7.85323999999999,standard,0-10 cm,0-14.1 cm
TexasA&MPt-1,max,SHM,NTM-2-1,NTM-2-1-1,1,esm2,0,-13.8325796621844,9.17920187689728,standard,0-10 cm,0-13.8 cm
TexasA&MPt-1,fd,SHM,NTM-2-1,NTM-2-1-1,1,fd,0,-10,6.9864999999999995,standard,0-10 cm,0-10 cm
TexasA&MPt-1,max,SHM,NTM-2-1,NTM-2-1-2,2,esm1,-14.1,-47.5,7.4145100000002,standard,10-30 cm,14.1-47.5 cm
TexasA&MPt-1,max,SHM,NTM-2-1,NTM-2-1-2,2,esm2,-13.8325796621844,-47.5655823268406,4.94086529445957,standard,10-30 cm,13.8-47.6 cm
TexasA&MPt-1,fd,SHM,NTM-2-1,NTM-2-1-2,2,fd,-10,-30,4.228000000000001,standard,10-30 cm,10-30 cm
TexasA&MPt-1,max,SHM,NTM-2-1,NTM-2-1-3,3,esm1,-47.5,-80,7.87524999999972,standard,30-50 cm,47.5-80 cm
TexasA&MPt-1,max,SHM,NTM-2-1,NTM-2-1-3,3,esm2,-47.5655823268406,-80.2466359966515,9.25775174641747,standard,30-50 cm,47.6-80.2 cm
TexasA&MPt-1,fd,SHM,NTM-2-1,NTM-2-1-3,3,fd,-30,-50,4.6525,standard,30-50 cm,30-50 cm
TexasA&MPt-1,max,SHM,NTM-2-1,NTM-2-1-4,4,esm1,-80,-114.7,8.90749000000056,standard,50-75 cm,80-114.7 cm
TexasA&MPt-1,max,SHM,NTM-2-1,NTM-2-1-4,4,esm2,-80.2466359966515,-112.955919506074,7.19552847226175,standard,50-75 cm,80.2-113 cm
TexasA&MPt-1,fd,SHM,NTM-2-1,NTM-2-1-4,4,fd,-50,-75,5.9925,standard,50-75 cm,50-75 cm
TexasA&MPt-1,max,SHM,NTM-2-1,NTM-2-1-5,5,esm1,-114.7,-151.5,9.44655999999929,standard,75-100 cm,114.7-151.5 cm
TexasA&MPt-1,max,SHM,NTM-2-1,NTM-2-1-5,5,esm2,-112.955919506074,-135.92586848871,-0.269506004149132,standard,75-100 cm,113-135.9 cm
TexasA&MPt-1,fd,SHM,NTM-2-1,NTM-2-1-5,5,fd,-75,-100,6.417500000000001,standard,75-100 cm,75-100 cm
TexasA&MPt-1,max,SHM,NTM-2-2,NTM-2-2-1,1,esm1,0,-11.3,9.37407999999999,standard,0-10 cm,0-11.3 cm
TexasA&MPt-1,max,SHM,NTM-2-2,NTM-2-2-1,1,esm2,0,-11.2866049512048,9.74684392763223,standard,0-10 cm,0-11.3 cm
TexasA&MPt-1,fd,SHM,NTM-2-2,NTM-2-2-1,1,fd,0,-10,9.06,standard,0-10 cm,0-10 cm
TexasA&MPt-1,max,SHM,NTM-2-2,NTM-2-2-2,2,esm1,-11.3,-44.6,8.39471999999996,standard,10-30 cm,11.3-44.6 cm
TexasA&MPt-1,max,SHM,NTM-2-2,NTM-2-2-2,2,esm2,-11.2866049512048,-44.5060384657351,7.39684723250811,standard,10-30 cm,11.3-44.5 cm
TexasA&MPt-1,fd,SHM,NTM-2-2,NTM-2-2-2,2,fd,-10,-30,4.832,standard,10-30 cm,10-30 cm
TexasA&MPt-1,max,SHM,NTM-2-2,NTM-2-2-3,3,esm1,-44.6,-77.8,9.05599999999973,standard,30-50 cm,44.6-77.8 cm
TexasA&MPt-1,max,SHM,NTM-2-2,NTM-2-2-3,3,esm2,-44.5060384657351,-77.9761024823933,9.9073313066768,standard,30-50 cm,44.5-78 cm
TexasA&MPt-1,fd,SHM,NTM-2-2,NTM-2-2-3,3,fd,-30,-50,5.377999999999999,standard,30-50 cm,30-50 cm
TexasA&MPt-1,max,SHM,NTM-2-2,NTM-2-2-4,4,esm1,-77.8,-114.2,7.86239999999978,standard,50-75 cm,77.8-114.2 cm
TexasA&MPt-1,max,SHM,NTM-2-2,NTM-2-2-4,4,esm2,-77.9761024823933,-113.026825976017,5.36658719951959,standard,50-75 cm,78-113 cm
TexasA&MPt-1,fd,SHM,NTM-2-2,NTM-2-2-4,4,fd,-50,-75,6.949999999999999,standard,50-75 cm,50-75 cm
TexasA&MPt-1,max,SHM,NTM-2-2,NTM-2-2-5,5,esm1,-114.2,-152.8,8.33759999999977,standard,75-100 cm,114.2-152.8 cm
TexasA&MPt-1,max,SHM,NTM-2-2,NTM-2-2-5,5,esm2,-113.026825976017,-140.670827446525,-9.7493559056642,standard,75-100 cm,113-140.7 cm
TexasA&MPt-1,fd,SHM,NTM-2-2,NTM-2-2-5,5,fd,-75,-100,5.4,standard,75-100 cm,75-100 cm
TexasA&MPt-1,max,SHM,NTM-2-3,NTM-2-3-1,1,esm1,0,-12,10.6994,standard,0-10 cm,0-12 cm
TexasA&MPt-1,max,SHM,NTM-2-3,NTM-2-3-1,1,esm2,0,-12.2685557263708,11.2795771158223,standard,0-10 cm,0-12.3 cm
TexasA&MPt-1,fd,SHM,NTM-2-3,NTM-2-3-1,1,fd,0,-10,10.213,standard,0-10 cm,0-10 cm
TexasA&MPt-1,max,SHM,NTM-2-3,NTM-2-3-2,2,esm1,-12,-45.4,8.44319999999988,standard,10-30 cm,12-45.4 cm
TexasA&MPt-1,max,SHM,NTM-2-3,NTM-2-3-2,2,esm2,-12.2685557263708,-44.8745777505334,7.14747078830399,standard,10-30 cm,12.3-44.9 cm
TexasA&MPt-1,fd,SHM,NTM-2-3,NTM-2-3-2,2,fd,-10,-30,4.864,standard,10-30 cm,10-30 cm
TexasA&MPt-1,max,SHM,NTM-2-3,NTM-2-3-3,3,esm1,-45.4,-79.1,9.09316999999997,standard,30-50 cm,45.4-79.1 cm
TexasA&MPt-1,max,SHM,NTM-2-3,NTM-2-3-3,3,esm2,-44.8745777505334,-79.2910263355566,10.0352857684686,standard,30-50 cm,44.9-79.3 cm
TexasA&MPt-1,fd,SHM,NTM-2-3,NTM-2-3-3,3,fd,-30,-50,5.3260000000000005,standard,30-50 cm,30-50 cm
TexasA&MPt-1,max,SHM,NTM-2-3,NTM-2-3-4,4,esm1,-79.1,-116.2,8.89286999999944,standard,50-75 cm,79.1-116.2 cm
TexasA&MPt-1,max,SHM,NTM-2-3,NTM-2-3-4,4,esm2,-79.2910263355566,-114.337595116,6.52552921347239,standard,50-75 cm,79.3-114.3 cm
TexasA&MPt-1,fd,SHM,NTM-2-3,NTM-2-3-4,4,fd,-50,-75,6.8500000000000005,standard,50-75 cm,50-75 cm
TexasA&MPt-1,max,SHM,NTM-2-3,NTM-2-3-5,5,esm1,-116.2,-155.7,9.4681499999994,standard,75-100 cm,116.2-155.7 cm
TexasA&MPt-1,max,SHM,NTM-2-3,NTM-2-3-5,5,esm2,-114.337595116,-138.98500471726,-5.79858351360621,standard,75-100 cm,114.3-139 cm
TexasA&MPt-1,fd,SHM,NTM-2-3,NTM-2-3-5,5,fd,-75,-100,5.9925,standard,75-100 cm,75-100 cm
TexasA&MPt-1,max,SHM,NTM-3-1,NTM-3-1-1,1,esm1,0,-14.8,8.19410000000001,standard,0-10 cm,0-14.8 cm
TexasA&MPt-1,max,SHM,NTM-3-1,NTM-3-1-1,1,esm2,0,-15.7754624658994,8.89265812672181,standard,0-10 cm,0-15.8 cm
TexasA&MPt-1,fd,SHM,NTM-3-1,NTM-3-1-1,1,fd,0,-10,6.7924999999999995,standard,0-10 cm,0-10 cm
TexasA&MPt-1,max,SHM,NTM-3-1,NTM-3-1-2,2,esm1,-14.8,-48.6,10.4027199999999,standard,10-30 cm,14.8-48.6 cm
TexasA&MPt-1,max,SHM,NTM-3-1,NTM-3-1-2,2,esm2,-15.7754624658994,-48.2665800097306,9.15001512970389,standard,10-30 cm,15.8-48.3 cm
TexasA&MPt-1,fd,SHM,NTM-3-1,NTM-3-1-2,2,fd,-10,-30,5.84,standard,10-30 cm,10-30 cm
TexasA&MPt-1,max,SHM,NTM-3-1,NTM-3-1-3,3,esm1,-48.6,-79.4,10.2326400000001,standard,30-50 cm,48.6-79.4 cm
TexasA&MPt-1,max,SHM,NTM-3-1,NTM-3-1-3,3,esm2,-48.2665800097306,-80.3635650715202,11.1975228969837,standard,30-50 cm,48.3-80.4 cm
TexasA&MPt-1,fd,SHM,NTM-3-1,NTM-3-1-3,3,fd,-30,-50,6.428,standard,30-50 cm,30-50 cm
TexasA&MPt-1,max,SHM,NTM-3-1,NTM-3-1-4,4,esm1,-79.4,-107.2,9.40751999999974,standard,50-75 cm,79.4-107.2 cm
TexasA&MPt-1,max,SHM,NTM-3-1,NTM-3-1-4,4,esm2,-80.3635650715202,-104.409654848983,7.76111623459992,standard,50-75 cm,80.4-104.4 cm
TexasA&MPt-1,fd,SHM,NTM-3-1,NTM-3-1-4,4,fd,-50,-75,8.28,standard,50-75 cm,50-75 cm
TexasA&MPt-1,max,SHM,NTM-3-1,NTM-3-1-5,5,esm1,-107.2,-136.8,10.0166399999994,standard,75-100 cm,107.2-136.8 cm
TexasA&MPt-1,max,SHM,NTM-3-1,NTM-3-1-5,5,esm2,-104.409654848983,-103.672104102288,-3.53741328919401,standard,75-100 cm,104.4-103.7 cm
TexasA&MPt-1,fd,SHM,NTM-3-1,NTM-3-1-5,5,fd,-75,-100,8.459999999999999,standard,75-100 cm,75-100 cm
TexasA&MPt-1,max,SHM,NTM-3-2,NTM-3-2-1,1,esm1,0,-13.1,12.21168,standard,0-10 cm,0-13.1 cm
TexasA&MPt-1,max,SHM,NTM-3-2,NTM-3-2-1,1,esm2,0,-13.2299772290733,13.0931042233297,standard,0-10 cm,0-13.2 cm
TexasA&MPt-1,fd,SHM,NTM-3-2,NTM-3-2-1,1,fd,0,-10,11.676,standard,0-10 cm,0-10 cm
TexasA&MPt-1,max,SHM,NTM-3-2,NTM-3-2-2,2,esm1,-13.1,-47,7.63871999999978,standard,10-30 cm,13.1-47 cm
TexasA&MPt-1,max,SHM,NTM-3-2,NTM-3-2-2,2,esm2,-13.2299772290733,-47.0521329204138,4.6876966607778,standard,10-30 cm,13.2-47.1 cm
TexasA&MPt-1,fd,SHM,NTM-3-2,NTM-3-2-2,2,fd,-10,-30,3.4559999999999995,standard,10-30 cm,10-30 cm
TexasA&MPt-1,max,SHM,NTM-3-2,NTM-3-2-3,3,esm1,-47,-78.8,11.0873999999997,standard,30-50 cm,47-78.8 cm
TexasA&MPt-1,max,SHM,NTM-3-2,NTM-3-2-3,3,esm2,-47.0521329204138,-78.8165197693674,12.9880785482631,standard,30-50 cm,47.1-78.8 cm
TexasA&MPt-1,fd,SHM,NTM-3-2,NTM-3-2-3,3,fd,-30,-50,5.6819999999999995,standard,30-50 cm,30-50 cm
TexasA&MPt-1,max,SHM,NTM-3-2,NTM-3-2-4,4,esm1,-78.8,-114.9,19.891100000001,standard,50-75 cm,78.8-114.9 cm
TexasA&MPt-1,max,SHM,NTM-3-2,NTM-3-2-4,4,esm2,-78.8165197693674,-115.115122126339,21.7638677183419,standard,50-75 cm,78.8-115.1 cm
TexasA&MPt-1,fd,SHM,NTM-3-2,NTM-3-2-4,4,fd,-50,-75,8.03,standard,50-75 cm,50-75 cm
TexasA&MPt-1,max,SHM,NTM-3-2,NTM-3-2-5,5,esm1,-114.9,-153.3,21.1584000000001,standard,75-100 cm,114.9-153.3 cm
TexasA&MPt-1,max,SHM,NTM-3-2,NTM-3-2-5,5,esm2,-115.115122126339,-155.118849752541,33.6015849569406,standard,75-100 cm,115.1-155.1 cm
TexasA&MPt-1,fd,SHM,NTM-3-2,NTM-3-2-5,5,fd,-75,-100,13.774999999999999,standard,75-100 cm,75-100 cm
TexasA&MPt-1,max,SHM,NTM-3-3,NTM-3-3-1,1,esm1,0,-10.8,6.0665,standard,0-10 cm,0-10.8 cm
TexasA&MPt-1,max,SHM,NTM-3-3,NTM-3-3-1,1,esm2,0,-10.6677553489976,6.10950054349831,standard,0-10 cm,0-10.7 cm
TexasA&MPt-1,fd,SHM,NTM-3-3,NTM-3-3-1,1,fd,0,-10,5.9105,standard,0-10 cm,0-10 cm
TexasA&MPt-1,max,SHM,NTM-3-3,NTM-3-3-2,2,esm1,-10.8,-43.1,6.37221000000009,standard,10-30 cm,10.8-43.1 cm
TexasA&MPt-1,max,SHM,NTM-3-3,NTM-3-3-2,2,esm2,-10.6677553489976,-43.643716767292,6.33823438762627,standard,10-30 cm,10.7-43.6 cm
TexasA&MPt-1,fd,SHM,NTM-3-3,NTM-3-3-2,2,fd,-10,-30,3.9000000000000004,standard,10-30 cm,10-30 cm
TexasA&MPt-1,max,SHM,NTM-3-3,NTM-3-3-3,3,esm1,-43.1,-72.6,6.0209499999998,standard,30-50 cm,43.1-72.6 cm
TexasA&MPt-1,max,SHM,NTM-3-3,NTM-3-3-3,3,esm2,-43.643716767292,-72.6859818846154,6.1011776460486,standard,30-50 cm,43.6-72.7 cm
TexasA&MPt-1,fd,SHM,NTM-3-3,NTM-3-3-3,3,fd,-30,-50,4.0365,standard,30-50 cm,30-50 cm
TexasA&MPt-1,max,SHM,NTM-3-3,NTM-3-3-4,4,esm1,-72.6,-108.1,3.89583000000037,standard,50-75 cm,72.6-108.1 cm
TexasA&MPt-1,max,SHM,NTM-3-3,NTM-3-3-4,4,esm2,-72.6859818846154,-108.958607204148,3.10058484472988,standard,50-75 cm,72.7-109 cm
TexasA&MPt-1,fd,SHM,NTM-3-3,NTM-3-3-4,4,fd,-50,-75,5.1025,standard,50-75 cm,50-75 cm
TexasA&MPt-1,max,SHM,NTM-3-3,NTM-3-3-5,5,esm1,-108.1,-145.9,3.88962000000047,standard,75-100 cm,108.1-145.9 cm
TexasA&MPt-1,max,SHM,NTM-3-3,NTM-3-3-5,5,esm2,-108.958607204148,-158.048408161844,-5.716697459498,standard,75-100 cm,109-158 cm
TexasA&MPt-1,fd,SHM,NTM-3-3,NTM-3-3-5,5,fd,-75,-100,2.5725000000000002,standard,75-100 cm,75-100 cm
TexasA&MPt-1,max,SHM,NTR-1-1,NTR-1-1-1,1,esm1,0,-13.3,7.54742000000001,standard,0-10 cm,0-13.3 cm
TexasA&MPt-1,max,SHM,NTR-1-1,NTR-1-1-1,1,esm2,0,-13.7176637976757,8.43305545956552,standard,0-10 cm,0-13.7 cm
TexasA&MPt-1,fd,SHM,NTR-1-1,NTR-1-1-1,1,fd,0,-10,6.9125000000000005,standard,0-10 cm,0-10 cm
TexasA&MPt-1,max,SHM,NTR-1-1,NTR-1-1-2,2,esm1,-13.3,-46.7,7.42065999999994,standard,10-30 cm,13.3-46.7 cm
TexasA&MPt-1,max,SHM,NTR-1-1,NTR-1-1-2,2,esm2,-13.7176637976757,-46.4291567569843,5.5544847815345,standard,10-30 cm,13.7-46.4 cm
TexasA&MPt-1,fd,SHM,NTR-1-1,NTR-1-1-2,2,fd,-10,-30,3.8480000000000003,standard,10-30 cm,10-30 cm
TexasA&MPt-1,max,SHM,NTR-1-1,NTR-1-1-3,3,esm1,-46.7,-78.4,8.60012000000034,standard,30-50 cm,46.7-78.4 cm
TexasA&MPt-1,max,SHM,NTR-1-1,NTR-1-1-3,3,esm2,-46.4291567569843,-78.4927737531121,9.84521581654207,standard,30-50 cm,46.4-78.5 cm
TexasA&MPt-1,fd,SHM,NTR-1-1,NTR-1-1-3,3,fd,-30,-50,5.122999999999999,standard,30-50 cm,30-50 cm
TexasA&MPt-1,max,SHM,NTR-1-1,NTR-1-1-4,4,esm1,-78.4,-114,7.84980000000004,standard,50-75 cm,78.4-114 cm
TexasA&MPt-1,max,SHM,NTR-1-1,NTR-1-1-4,4,esm2,-78.4927737531121,-113.580692832815,5.20742062483818,standard,50-75 cm,78.5-113.6 cm
TexasA&MPt-1,fd,SHM,NTR-1-1,NTR-1-1-4,4,fd,-50,-75,6.935,standard,50-75 cm,50-75 cm
TexasA&MPt-1,max,SHM,NTR-1-1,NTR-1-1-5,5,esm1,-114,-151.9,8.35695000000005,standard,75-100 cm,114-151.9 cm
TexasA&MPt-1,max,SHM,NTR-1-1,NTR-1-1-5,5,esm2,-113.580692832815,-147.933519409167,-10.4578569862831,standard,75-100 cm,113.6-147.9 cm
TexasA&MPt-1,fd,SHM,NTR-1-1,NTR-1-1-5,5,fd,-75,-100,5.5125,standard,75-100 cm,75-100 cm
TexasA&MPt-1,max,SHM,NTR-1-2,NTR-1-2-1,1,esm1,0,-12.7,7.49585000000001,standard,0-10 cm,0-12.7 cm
TexasA&MPt-1,max,SHM,NTR-1-2,NTR-1-2-1,1,esm2,0,-13.1629351667383,7.92312931432866,standard,0-10 cm,0-13.2 cm
TexasA&MPt-1,fd,SHM,NTR-1-2,NTR-1-2-1,1,fd,0,-10,6.86,standard,0-10 cm,0-10 cm
TexasA&MPt-1,max,SHM,NTR-1-2,NTR-1-2-2,2,esm1,-12.7,-44.3,7.63896000000003,standard,10-30 cm,12.7-44.3 cm
TexasA&MPt-1,max,SHM,NTR-1-2,NTR-1-2-2,2,esm2,-13.1629351667383,-43.8433011666674,6.75940222717478,standard,10-30 cm,13.2-43.8 cm
TexasA&MPt-1,fd,SHM,NTR-1-2,NTR-1-2-2,2,fd,-10,-30,4.71,standard,10-30 cm,10-30 cm
TexasA&MPt-1,max,SHM,NTR-1-2,NTR-1-2-3,3,esm1,-44.3,-75,7.88069000000044,standard,30-50 cm,44.3-75 cm
TexasA&MPt-1,max,SHM,NTR-1-2,NTR-1-2-3,3,esm2,-43.8433011666674,-75.0366326346834,8.34296024348816,standard,30-50 cm,43.8-75 cm
TexasA&MPt-1,fd,SHM,NTR-1-2,NTR-1-2-3,3,fd,-30,-50,5.0280000000000005,standard,30-50 cm,30-50 cm
TexasA&MPt-1,max,SHM,NTR-1-2,NTR-1-2-4,4,esm1,-75,-109.7,8.90749000000057,standard,50-75 cm,75-109.7 cm
TexasA&MPt-1,max,SHM,NTR-1-2,NTR-1-2-4,4,esm2,-75.0366326346834,-109.287397896329,8.52960536042295,standard,50-75 cm,75-109.3 cm
TexasA&MPt-1,fd,SHM,NTR-1-2,NTR-1-2-4,4,fd,-50,-75,6.417500000000001,standard,50-75 cm,50-75 cm
TexasA&MPt-1,max,SHM,NTR-1-2,NTR-1-2-5,5,esm1,-109.7,-146.5,9.4465599999993,standard,75-100 cm,109.7-146.5 cm
TexasA&MPt-1,max,SHM,NTR-1-2,NTR-1-2-5,5,esm2,-109.287397896329,-141.614347529903,5.55291208648254,standard,75-100 cm,109.3-141.6 cm
TexasA&MPt-1,fd,SHM,NTR-1-2,NTR-1-2-5,5,fd,-75,-100,6.417500000000001,standard,75-100 cm,75-100 cm
TexasA&MPt-1,max,SHM,NTR-1-3,NTR-1-3-1,1,esm1,0,-11.8,8.60876000000001,standard,0-10 cm,0-11.8 cm
TexasA&MPt-1,max,SHM,NTR-1-3,NTR-1-3-1,1,esm2,0,-11.9024516345481,8.82654061185531,standard,0-10 cm,0-11.9 cm
TexasA&MPt-1,fd,SHM,NTR-1-3,NTR-1-3-1,1,fd,0,-10,8.126,standard,0-10 cm,0-10 cm
TexasA&MPt-1,max,SHM,NTR-1-3,NTR-1-3-2,2,esm1,-11.8,-44.7,8.39019000000011,standard,10-30 cm,11.8-44.7 cm
TexasA&MPt-1,max,SHM,NTR-1-3,NTR-1-3-2,2,esm2,-11.9024516345481,-44.7646730095389,8.03327482934662,standard,10-30 cm,11.9-44.8 cm
TexasA&MPt-1,fd,SHM,NTR-1-3,NTR-1-3-2,2,fd,-10,-30,5.364,standard,10-30 cm,10-30 cm
TexasA&MPt-1,max,SHM,NTR-1-3,NTR-1-3-3,3,esm1,-44.7,-75.8,7.02644999999983,standard,30-50 cm,44.7-75.8 cm
TexasA&MPt-1,max,SHM,NTR-1-3,NTR-1-3-3,3,esm2,-44.7646730095389,-75.8559962815237,7.13489696675554,standard,30-50 cm,44.8-75.9 cm
TexasA&MPt-1,fd,SHM,NTR-1-3,NTR-1-3-3,3,fd,-30,-50,4.6935,standard,30-50 cm,30-50 cm
TexasA&MPt-1,max,SHM,NTR-1-3,NTR-1-3-4,4,esm1,-75.8,-108.7,10.4621999999999,standard,50-75 cm,75.8-108.7 cm
TexasA&MPt-1,max,SHM,NTR-1-3,NTR-1-3-4,4,esm2,-75.8559962815237,-108.092209545123,11.2929132281217,standard,50-75 cm,75.9-108.1 cm
TexasA&MPt-1,fd,SHM,NTR-1-3,NTR-1-3-4,4,fd,-50,-75,5.5875,standard,50-75 cm,50-75 cm
TexasA&MPt-1,max,SHM,NTR-1-3,NTR-1-3-5,5,esm1,-108.7,-143.7,11.1299999999989,standard,75-100 cm,108.7-143.7 cm
TexasA&MPt-1,max,SHM,NTR-1-3,NTR-1-3-5,5,esm2,-108.092209545123,-135.745962737672,20.8554479990746,standard,75-100 cm,108.1-135.7 cm
TexasA&MPt-1,fd,SHM,NTR-1-3,NTR-1-3-5,5,fd,-75,-100,7.950000000000001,standard,75-100 cm,75-100 cm
TexasA&MPt-1,max,SHM,NTR-2-1,NTR-2-1-1,1,esm1,0,-13.7,6.82854999999998,standard,0-10 cm,0-13.7 cm
TexasA&MPt-1,max,SHM,NTR-2-1,NTR-2-1-1,1,esm2,0,-14.1795194729837,6.9347740064059,standard,0-10 cm,0-14.2 cm
TexasA&MPt-1,fd,SHM,NTR-2-1,NTR-2-1-1,1,fd,0,-10,6.046,standard,0-10 cm,0-10 cm
TexasA&MPt-1,max,SHM,NTR-2-1,NTR-2-1-2,2,esm1,-13.7,-49.5,7.75874999999998,standard,10-30 cm,13.7-49.5 cm
TexasA&MPt-1,max,SHM,NTR-2-1,NTR-2-1-2,2,esm2,-14.1795194729837,-49.1619902576761,7.51402694700446,standard,10-30 cm,14.2-49.2 cm
TexasA&MPt-1,fd,SHM,NTR-2-1,NTR-2-1-2,2,fd,-10,-30,4.2299999999999995,standard,10-30 cm,10-30 cm
TexasA&MPt-1,max,SHM,NTR-2-1,NTR-2-1-3,3,esm1,-49.5,-83.3,7.61459999999991,standard,30-50 cm,49.5-83.3 cm
TexasA&MPt-1,max,SHM,NTR-2-1,NTR-2-1-3,3,esm2,-49.1619902576761,-84.1163828475031,7.94587248169867,standard,30-50 cm,49.2-84.1 cm
TexasA&MPt-1,fd,SHM,NTR-2-1,NTR-2-1-3,3,fd,-30,-50,4.423500000000001,standard,30-50 cm,30-50 cm
TexasA&MPt-1,max,SHM,NTR-2-1,NTR-2-1-4,4,esm1,-83.3,-117.8,7.86600000000005,standard,50-75 cm,83.3-117.8 cm
TexasA&MPt-1,max,SHM,NTR-2-1,NTR-2-1-4,4,esm2,-84.1163828475031,-112.442785135151,6.3628428594621,standard,50-75 cm,84.1-112.4 cm
TexasA&MPt-1,fd,SHM,NTR-2-1,NTR-2-1-4,4,fd,-50,-75,5.61,standard,50-75 cm,50-75 cm
TexasA&MPt-1,max,SHM,NTR-2-1,NTR-2-1-5,5,esm1,-117.8,-154.4,8.34479999999905,standard,75-100 cm,117.8-154.4 cm
TexasA&MPt-1,max,SHM,NTR-2-1,NTR-2-1-5,5,esm2,-112.442785135151,-116.759334441828,0.251896338643771,standard,75-100 cm,112.4-116.8 cm
TexasA&MPt-1,fd,SHM,NTR-2-1,NTR-2-1-5,5,fd,-75,-100,5.699999999999999,standard,75-100 cm,75-100 cm
TexasA&MPt-1,max,SHM,NTR-2-2,NTR-2-2-1,1,esm1,0,-13.9,7.5835,standard,0-10 cm,0-13.9 cm
TexasA&MPt-1,max,SHM,NTR-2-2,NTR-2-2-1,1,esm2,0,-14.5395208825394,8.42644329974648,standard,0-10 cm,0-14.5 cm
TexasA&MPt-1,fd,SHM,NTR-2-2,NTR-2-2-1,1,fd,0,-10,6.4719999999999995,standard,0-10 cm,0-10 cm
TexasA&MPt-1,max,SHM,NTR-2-2,NTR-2-2-2,2,esm1,-13.9,-47,9.14549999999981,standard,10-30 cm,13.9-47 cm
TexasA&MPt-1,max,SHM,NTR-2-2,NTR-2-2-2,2,esm2,-14.5395208825394,-46.4066087879153,7.84846782816064,standard,10-30 cm,14.5-46.4 cm
TexasA&MPt-1,fd,SHM,NTR-2-2,NTR-2-2-2,2,fd,-10,-30,5.700000000000001,standard,10-30 cm,10-30 cm
TexasA&MPt-1,max,SHM,NTR-2-2,NTR-2-2-3,3,esm1,-47,-79.1,8.21983999999988,standard,30-50 cm,47-79.1 cm
TexasA&MPt-1,max,SHM,NTR-2-2,NTR-2-2-3,3,esm2,-46.4066087879153,-79.1780955412446,8.81574775090331,standard,30-50 cm,46.4-79.2 cm
TexasA&MPt-1,fd,SHM,NTR-2-2,NTR-2-2-3,3,fd,-30,-50,5.34,standard,30-50 cm,30-50 cm
TexasA&MPt-1,max,SHM,NTR-2-2,NTR-2-2-4,4,esm1,-79.1,-116.8,8.3844799999998,standard,50-75 cm,79.1-116.8 cm
TexasA&MPt-1,max,SHM,NTR-2-2,NTR-2-2-4,4,esm2,-79.1780955412446,-116.864612440486,7.17796881539679,standard,50-75 cm,79.2-116.9 cm
TexasA&MPt-1,fd,SHM,NTR-2-2,NTR-2-2-4,4,fd,-50,-75,6.525,standard,50-75 cm,50-75 cm
TexasA&MPt-1,max,SHM,NTR-2-2,NTR-2-2-5,5,esm1,-116.8,-156.8,8.89599999999859,standard,75-100 cm,116.8-156.8 cm
TexasA&MPt-1,max,SHM,NTR-2-2,NTR-2-2-5,5,esm2,-116.864612440486,-157.335402761811,2.45399864966117,standard,75-100 cm,116.9-157.3 cm
TexasA&MPt-1,fd,SHM,NTR-2-2,NTR-2-2-5,5,fd,-75,-100,5.56,standard,75-100 cm,75-100 cm
TexasA&MPt-1,max,SHM,NTR-2-3,NTR-2-3-1,1,esm1,0,-12.3,7.07878,standard,0-10 cm,0-12.3 cm
TexasA&MPt-1,max,SHM,NTR-2-3,NTR-2-3-1,1,esm2,0,-12.3780276920329,7.57373349092795,standard,0-10 cm,0-12.4 cm
TexasA&MPt-1,fd,SHM,NTR-2-3,NTR-2-3-1,1,fd,0,-10,6.599,standard,0-10 cm,0-10 cm
TexasA&MPt-1,max,SHM,NTR-2-3,NTR-2-3-2,2,esm1,-12.3,-46.1,8.56472000000008,standard,10-30 cm,12.3-46.1 cm
TexasA&MPt-1,max,SHM,NTR-2-3,NTR-2-3-2,2,esm2,-12.3780276920329,-45.7811157182885,6.98974958513229,standard,10-30 cm,12.4-45.8 cm
TexasA&MPt-1,fd,SHM,NTR-2-3,NTR-2-3-2,2,fd,-10,-30,4.172000000000001,standard,10-30 cm,10-30 cm
TexasA&MPt-1,max,SHM,NTR-2-3,NTR-2-3-3,3,esm1,-46.1,-80,11.6475000000003,standard,30-50 cm,46.1-80 cm
TexasA&MPt-1,max,SHM,NTR-2-3,NTR-2-3-3,3,esm2,-45.7811157182885,-79.9908815895631,12.9295566609674,standard,30-50 cm,45.8-80 cm
TexasA&MPt-1,fd,SHM,NTR-2-3,NTR-2-3-3,3,fd,-30,-50,6.218,standard,30-50 cm,30-50 cm
TexasA&MPt-1,max,SHM,NTR-2-3,NTR-2-3-4,4,esm1,-80,-120.6,13.6172400000004,standard,50-75 cm,80-120.6 cm
TexasA&MPt-1,max,SHM,NTR-2-3,NTR-2-3-4,4,esm2,-79.9908815895631,-121.502780176101,11.0962383352383,standard,50-75 cm,80-121.5 cm
TexasA&MPt-1,fd,SHM,NTR-2-3,NTR-2-3-4,4,fd,-50,-75,8.625,standard,50-75 cm,50-75 cm
TexasA&MPt-1,max,SHM,NTR-2-3,NTR-2-3-5,5,esm1,-120.6,-163.8,14.4892800000009,standard,75-100 cm,120.6-163.8 cm
TexasA&MPt-1,max,SHM,NTR-2-3,NTR-2-3-5,5,esm2,-121.502780176101,-168.821571314259,-1.77224904616714,standard,75-100 cm,121.5-168.8 cm
TexasA&MPt-1,fd,SHM,NTR-2-3,NTR-2-3-5,5,fd,-75,-100,8.385000000000002,standard,75-100 cm,75-100 cm
TexasA&MPt-1,max,SHM,NTR-3-1,NTR-3-1-1,1,esm1,0,-15,8.28900000000001,standard,0-10 cm,0-15 cm
TexasA&MPt-1,max,SHM,NTR-3-1,NTR-3-1-1,1,esm2,0,-15.9116318414671,9.57711918628751,standard,0-10 cm,0-15.9 cm
TexasA&MPt-1,fd,SHM,NTR-3-1,NTR-3-1-1,1,fd,0,-10,6.606,standard,0-10 cm,0-10 cm
TexasA&MPt-1,max,SHM,NTR-3-1,NTR-3-1-2,2,esm1,-15,-47.7,10.9674499999998,standard,10-30 cm,15-47.7 cm
TexasA&MPt-1,max,SHM,NTR-3-1,NTR-3-1-2,2,esm2,-15.9116318414671,-46.5163111554014,9.04213972457391,standard,10-30 cm,15.9-46.5 cm
TexasA&MPt-1,fd,SHM,NTR-3-1,NTR-3-1-2,2,fd,-10,-30,6.732,standard,10-30 cm,10-30 cm
TexasA&MPt-1,max,SHM,NTR-3-1,NTR-3-1-3,3,esm1,-47.7,-81,10.3357499999997,standard,30-50 cm,47.7-81 cm
TexasA&MPt-1,max,SHM,NTR-3-1,NTR-3-1-3,3,esm2,-46.5163111554014,-80.6053842770717,11.22363747058,standard,30-50 cm,46.5-80.6 cm
TexasA&MPt-1,fd,SHM,NTR-3-1,NTR-3-1-3,3,fd,-30,-50,6.6855,standard,30-50 cm,30-50 cm
TexasA&MPt-1,max,SHM,NTR-3-1,NTR-3-1-4,4,esm1,-81,-126.9,9.41867999999934,standard,50-75 cm,81-126.9 cm
TexasA&MPt-1,max,SHM,NTR-3-1,NTR-3-1-4,4,esm2,-80.6053842770717,-133.293621450816,5.61363946395967,standard,50-75 cm,80.6-133.3 cm
TexasA&MPt-1,fd,SHM,NTR-3-1,NTR-3-1-4,4,fd,-50,-75,8.3375,standard,50-75 cm,50-75 cm
TexasA&MPt-1,max,SHM,NTR-3-1,NTR-3-1-5,5,esm1,-126.9,-175.7,10.0137599999989,standard,75-100 cm,126.9-175.7 cm
TexasA&MPt-1,max,SHM,NTR-3-1,NTR-3-1-5,5,esm2,-133.293621450816,-218.353247454521,-8.87027756542802,standard,75-100 cm,133.3-218.4 cm
TexasA&MPt-1,fd,SHM,NTR-3-1,NTR-3-1-5,5,fd,-75,-100,5.129999999999999,standard,75-100 cm,75-100 cm
TexasA&MPt-1,max,SHM,NTR-3-2,NTR-3-2-1,1,esm1,0,-13.8,10.7959,standard,0-10 cm,0-13.8 cm
TexasA&MPt-1,max,SHM,NTR-3-2,NTR-3-2-1,1,esm2,0,-14.251615914929,11.9694008446723,standard,0-10 cm,0-14.3 cm
TexasA&MPt-1,fd,SHM,NTR-3-2,NTR-3-2-1,1,fd,0,-10,10.014999999999999,standard,0-10 cm,0-10 cm
TexasA&MPt-1,max,SHM,NTR-3-2,NTR-3-2-2,2,esm1,-13.8,-48.7,10.9572599999998,standard,10-30 cm,13.8-48.7 cm
TexasA&MPt-1,max,SHM,NTR-3-2,NTR-3-2-2,2,esm2,-14.251615914929,-48.712862808176,7.71263529588839,standard,10-30 cm,14.3-48.7 cm
TexasA&MPt-1,fd,SHM,NTR-3-2,NTR-3-2-2,2,fd,-10,-30,4.11,standard,10-30 cm,10-30 cm
TexasA&MPt-1,max,SHM,NTR-3-2,NTR-3-2-3,3,esm1,-48.7,-80.7,14.6002199999997,standard,30-50 cm,48.7-80.7 cm
TexasA&MPt-1,max,SHM,NTR-3-2,NTR-3-2-3,3,esm2,-48.712862808176,-80.6061081590789,17.4860385871667,standard,30-50 cm,48.7-80.6 cm
TexasA&MPt-1,fd,SHM,NTR-3-2,NTR-3-2-3,3,fd,-30,-50,8.2545,standard,30-50 cm,30-50 cm
TexasA&MPt-1,max,SHM,NTR-3-2,NTR-3-2-4,4,esm1,-80.7,-117.8,12.5546399999992,standard,50-75 cm,80.7-117.8 cm
TexasA&MPt-1,max,SHM,NTR-3-2,NTR-3-2-4,4,esm2,-80.6061081590789,-119.042444881192,4.32301304945261,standard,50-75 cm,80.6-119 cm
TexasA&MPt-1,fd,SHM,NTR-3-2,NTR-3-2-4,4,fd,-50,-75,12.045,standard,50-75 cm,50-75 cm
TexasA&MPt-1,max,SHM,NTR-3-2,NTR-3-2-5,5,esm1,-117.8,-157.3,13.3667999999992,standard,75-100 cm,117.8-157.3 cm
TexasA&MPt-1,max,SHM,NTR-3-2,NTR-3-2-5,5,esm2,-119.042444881192,-167.745041710716,-36.9184148905698,standard,75-100 cm,119-167.7 cm
TexasA&MPt-1,fd,SHM,NTR-3-2,NTR-3-2-5,5,fd,-75,-100,8.459999999999999,standard,75-100 cm,75-100 cm
TexasA&MPt-1,max,SHM,NTR-3-3,NTR-3-3-1,1,esm1,0,-12.2,7.98401999999998,standard,0-10 cm,0-12.2 cm
TexasA&MPt-1,max,SHM,NTR-3-3,NTR-3-3-1,1,esm2,0,-12.0765263640853,8.25102183154672,standard,0-10 cm,0-12.1 cm
TexasA&MPt-1,fd,SHM,NTR-3-3,NTR-3-3-1,1,fd,0,-10,7.5405,standard,0-10 cm,0-10 cm
TexasA&MPt-1,max,SHM,NTR-3-3,NTR-3-3-2,2,esm1,-12.2,-45.6,7.35354000000008,standard,10-30 cm,12.2-45.6 cm
TexasA&MPt-1,max,SHM,NTR-3-3,NTR-3-3-2,2,esm2,-12.0765263640853,-46.0715332574868,6.66451509451352,standard,10-30 cm,12.1-46.1 cm
TexasA&MPt-1,fd,SHM,NTR-3-3,NTR-3-3-2,2,fd,-10,-30,4.032,standard,10-30 cm,10-30 cm
TexasA&MPt-1,max,SHM,NTR-3-3,NTR-3-3-3,3,esm1,-45.6,-75.9,7.83089999999984,standard,30-50 cm,45.6-75.9 cm
TexasA&MPt-1,max,SHM,NTR-3-3,NTR-3-3-3,3,esm2,-46.0715332574868,-75.9499887627091,8.31829581998071,standard,30-50 cm,46.1-75.9 cm
TexasA&MPt-1,fd,SHM,NTR-3-3,NTR-3-3-3,3,fd,-30,-50,4.9094999999999995,standard,30-50 cm,30-50 cm
TexasA&MPt-1,max,SHM,NTR-3-3,NTR-3-3-4,4,esm1,-75.9,-111.8,7.33796000000024,standard,50-75 cm,75.9-111.8 cm
TexasA&MPt-1,max,SHM,NTR-3-3,NTR-3-3-4,4,esm2,-75.9499887627091,-112.964748189669,6.22258657114662,standard,50-75 cm,75.9-113 cm
TexasA&MPt-1,fd,SHM,NTR-3-3,NTR-3-3-4,4,fd,-50,-75,6.5024999999999995,standard,50-75 cm,50-75 cm
TexasA&MPt-1,max,SHM,NTR-3-3,NTR-3-3-5,5,esm1,-111.8,-149.9,7.78764000000026,standard,75-100 cm,111.8-149.9 cm
TexasA&MPt-1,max,SHM,NTR-3-3,NTR-3-3-5,5,esm2,-112.964748189669,-161.937925528854,-2.29502324673488,standard,75-100 cm,113-161.9 cm
TexasA&MPt-1,fd,SHM,NTR-3-3,NTR-3-3-5,5,fd,-75,-100,5.11,standard,75-100 cm,75-100 cm
UConn,max,SHM,PaL1-1,PaL1-1-1,1,esm1,0,-13.4,48.8191398735601,standard,0-10 cm,0-13.4 cm
UConn,max,SHM,PaL1-1,PaL1-1-1,1,esm2,0,-13.1809038132166,47.1267526297529,standard,0-10 cm,0-13.2 cm
UConn,fd,SHM,PaL1-1,PaL1-1-1,1,fd,0,-10,32.715596309085,standard,0-10 cm,0-10 cm
UConn,max,SHM,PaL1-1,PaL1-1-2,2,esm1,-13.4,-46.7,69.0576080982871,standard,10-30 cm,13.4-46.7 cm
UConn,max,SHM,PaL1-1,PaL1-1-2,2,esm2,-13.1809038132166,-46.8194535929023,69.8507620196744,standard,10-30 cm,13.2-46.8 cm
UConn,fd,SHM,PaL1-1,PaL1-1-2,2,fd,-10,-30,51.243654982415066,standard,10-30 cm,10-30 cm
UConn,max,SHM,PaL1-1,PaL1-1-3,3,esm1,-46.7,-72.9,15.2114534946477,standard,30-50 cm,46.7-72.9 cm
UConn,max,SHM,PaL1-1,PaL1-1-3,3,esm2,-46.8194535929023,-72.9647376289122,16.0350748197299,standard,30-50 cm,46.8-73 cm
UConn,fd,SHM,PaL1-1,PaL1-1-3,3,fd,-30,-50,14.748664496118401,standard,30-50 cm,30-50 cm
UConn,max,SHM,PaL1-1,PaL1-1-4,4,esm1,-72.9,-102.2,14.6068887917407,standard,50-75 cm,72.9-102.2 cm
UConn,max,SHM,PaL1-1,PaL1-1-4,4,esm2,-72.9647376289122,-102.025630590112,15.0253070183666,standard,50-75 cm,73-102 cm
UConn,fd,SHM,PaL1-1,PaL1-1-4,4,fd,-50,-75,11.0091830945112,standard,50-75 cm,50-75 cm
UConn,max,SHM,PaL1-1,PaL1-1-5,5,esm1,-102.2,-134.7,11.6366362866046,standard,75-100 cm,102.2-134.7 cm
UConn,max,SHM,PaL1-1,PaL1-1-5,5,esm2,-102.025630590112,-138.040298713651,6.0929131223271,standard,75-100 cm,102-138 cm
UConn,fd,SHM,PaL1-1,PaL1-1-5,5,fd,-75,-100,9.597977573767201,standard,75-100 cm,75-100 cm
UConn,max,BAU,PaT2-1,PaT2-1-1,1,esm1,0,-11.9,41.838952570002,standard,0-10 cm,0-11.9 cm
UConn,max,BAU,PaT2-1,PaT2-1-1,1,esm2,0,-12.0264893473008,42.7479966377704,standard,0-10 cm,0-12 cm
UConn,fd,BAU,PaT2-1,PaT2-1-1,1,fd,0,-10,33.963774984075,standard,0-10 cm,0-10 cm
UConn,max,BAU,PaT2-1,PaT2-1-2,2,esm1,-11.9,-40.5,38.132991763447,standard,10-30 cm,11.9-40.5 cm
UConn,max,BAU,PaT2-1,PaT2-1-2,2,esm2,-12.0264893473008,-40.6057234444795,36.7535323711037,standard,10-30 cm,12-40.6 cm
UConn,fd,BAU,PaT2-1,PaT2-1-2,2,fd,-10,-30,35.031844950696,standard,10-30 cm,10-30 cm
UConn,max,BAU,PaT2-1,PaT2-1-3,3,esm1,-40.5,-65.1,12.3559844207528,standard,30-50 cm,40.5-65.1 cm
UConn,max,BAU,PaT2-1,PaT2-1-3,3,esm2,-40.6057234444795,-65.1963558028931,12.7023235737371,standard,30-50 cm,40.6-65.2 cm
UConn,fd,BAU,PaT2-1,PaT2-1-3,3,fd,-30,-50,10.25708293236,standard,30-50 cm,30-50 cm
UConn,max,BAU,PaT2-1,PaT2-1-4,4,esm1,-65.1,-91.6,12.4666181972883,standard,50-75 cm,65.1-91.6 cm
UConn,max,BAU,PaT2-1,PaT2-1-4,4,esm2,-65.1963558028931,-91.6476207681794,12.6369079967397,standard,50-75 cm,65.2-91.6 cm
UConn,fd,BAU,PaT2-1,PaT2-1-4,4,fd,-50,-75,10.658765315771998,standard,50-75 cm,50-75 cm
UConn,max,BAU,PaT2-1,PaT2-1-5,5,esm1,-91.6,-119,12.9529834945193,standard,75-100 cm,91.6-119 cm
UConn,max,BAU,PaT2-1,PaT2-1-5,5,esm2,-91.6476207681794,-118.852209102732,12.9545237130695,standard,75-100 cm,91.6-118.9 cm
UConn,fd,BAU,PaT2-1,PaT2-1-5,5,fd,-75,-100,10.77189252948,standard,75-100 cm,75-100 cm
UConn,max,Ref,PaU1-1,PaU1-1-1,1,esm1,0,-18.1,114.780037073074,standard,0-10 cm,0-18.1 cm
UConn,max,Ref,PaU1-1,PaU1-1-1,1,esm2,0,-18.3919015315424,120.979162156396,standard,0-10 cm,0-18.4 cm
UConn,fd,Ref,PaU1-1,PaU1-1-1,1,fd,0,-10,71.35765498960001,standard,0-10 cm,0-10 cm
UConn,max,Ref,PaU1-1,PaU1-1-2,2,esm1,-18.1,-53.4,63.3090584452667,standard,10-30 cm,18.1-53.4 cm
UConn,max,Ref,PaU1-1,PaU1-1-2,2,esm2,-18.3919015315424,-54.4596608235729,57.4755538659697,standard,10-30 cm,18.4-54.5 cm
UConn,fd,Ref,PaU1-1,PaU1-1-2,2,fd,-10,-30,81.83371024056679,standard,10-30 cm,10-30 cm
UConn,max,Ref,PaU1-1,PaU1-1-3,3,esm1,-53.4,-82,18.4203415457017,standard,30-50 cm,53.4-82 cm
UConn,max,Ref,PaU1-1,PaU1-1-3,3,esm2,-54.4596608235729,-82.2670915127725,19.0184444756962,standard,30-50 cm,54.5-82.3 cm
UConn,fd,Ref,PaU1-1,PaU1-1-3,3,fd,-30,-50,17.894594371698002,standard,30-50 cm,30-50 cm
UConn,max,Ref,PaU1-1,PaU1-1-4,4,esm1,-82,-110.6,14.4596672490976,standard,50-75 cm,82-110.6 cm
UConn,max,Ref,PaU1-1,PaU1-1-4,4,esm2,-82.2670915127725,-110.64439597557,13.609120514373,standard,50-75 cm,82.3-110.6 cm
UConn,fd,Ref,PaU1-1,PaU1-1-4,4,fd,-50,-75,15.64930554108,standard,50-75 cm,50-75 cm
UConn,max,Ref,PaU1-1,PaU1-1-5,5,esm1,-110.6,-139.3,15.3243335551349,standard,75-100 cm,110.6-139.3 cm
UConn,max,Ref,PaU1-1,PaU1-1-5,5,esm2,-110.64439597557,-132.688507332414,28.1636020309058,standard,75-100 cm,110.6-132.7 cm
UConn,fd,Ref,PaU1-1,PaU1-1-5,5,fd,-75,-100,9.887270964204001,standard,75-100 cm,75-100 cm
UConn,max,Ref,PaU2-1,PaU2-1-1,1,esm1,0,-17.7,145.345633120236,standard,0-10 cm,0-17.7 cm
UConn,max,Ref,PaU2-1,PaU2-1-1,1,esm2,0,-17.7664186405052,146.61955991571,standard,0-10 cm,0-17.8 cm
UConn,fd,Ref,PaU2-1,PaU2-1-1,1,fd,0,-10,111.653455948595,standard,0-10 cm,0-10 cm
UConn,max,Ref,PaU2-1,PaU2-1-2,2,esm1,-17.7,-53.3,59.2521977412603,standard,10-30 cm,17.7-53.3 cm
UConn,max,Ref,PaU2-1,PaU2-1-2,2,esm2,-17.7664186405052,-53.5884408659318,56.7180864475005,standard,10-30 cm,17.8-53.6 cm
UConn,fd,Ref,PaU2-1,PaU2-1-2,2,fd,-10,-30,54.5579761172835,standard,10-30 cm,10-30 cm
UConn,max,Ref,PaU2-1,PaU2-1-3,3,esm1,-53.3,-79.1,20.9310486723911,standard,30-50 cm,53.3-79.1 cm
UConn,max,Ref,PaU2-1,PaU2-1-3,3,esm2,-53.5884408659318,-79.4315121505757,23.3840773429245,standard,30-50 cm,53.6-79.4 cm
UConn,fd,Ref,PaU2-1,PaU2-1-3,3,fd,-30,-50,22.1166688774827,standard,30-50 cm,30-50 cm
UConn,max,Ref,PaU2-1,PaU2-1-4,4,esm1,-79.1,-107.1,16.5027662490917,standard,50-75 cm,79.1-107.1 cm
UConn,max,Ref,PaU2-1,PaU2-1-4,4,esm2,-79.4315121505757,-106.349470219703,15.4246116650637,standard,50-75 cm,79.4-106.3 cm
UConn,fd,Ref,PaU2-1,PaU2-1-4,4,fd,-50,-75,18.587746681750197,standard,50-75 cm,50-75 cm
UConn,max,Ref,PaU2-1,PaU2-1-5,5,esm1,-107.1,-137,15.6945218972094,standard,75-100 cm,107.1-137 cm
UConn,max,Ref,PaU2-1,PaU2-1-5,5,esm2,-106.349470219703,-141.07709313368,16.093662868578,standard,75-100 cm,106.3-141.1 cm
UConn,fd,Ref,PaU2-1,PaU2-1-5,5,fd,-75,-100,12.826868741410799,standard,75-100 cm,75-100 cm
UnivOfMinnesota,max,SHM,ALT-1,ALT-1-1,1,esm1,0,-12.9,49.6240622170052,standard,0-10 cm,0-12.9 cm
UnivOfMinnesota,max,SHM,ALT-1,ALT-1-1,1,esm2,0,-12.9544918454935,49.6170401296765,standard,0-10 cm,0-13 cm
UnivOfMinnesota,fd,SHM,ALT-1,ALT-1-1,1,fd,0,-10,37.9922557274925,standard,0-10 cm,0-10 cm
UnivOfMinnesota,max,SHM,ALT-1,ALT-1-2,2,esm1,-12.9,-44.3,80.0940624764596,standard,10-30 cm,12.9-44.3 cm
UnivOfMinnesota,max,SHM,ALT-1,ALT-1-2,2,esm2,-12.9544918454935,-45.1321881862995,86.7174199711525,standard,10-30 cm,13-45.1 cm
UnivOfMinnesota,fd,SHM,ALT-1,ALT-1-2,2,fd,-10,-30,70.34062713044199,standard,10-30 cm,10-30 cm
UnivOfMinnesota,max,SHM,ALT-1,ALT-1-3,3,esm1,-44.3,-69.1,15.9816966531143,standard,30-50 cm,44.3-69.1 cm
UnivOfMinnesota,max,SHM,ALT-1,ALT-1-3,3,esm2,-45.1321881862995,-69.5735069820825,4.85030540850278,standard,30-50 cm,45.1-69.6 cm
UnivOfMinnesota,fd,SHM,ALT-1,ALT-1-3,3,fd,-30,-50,25.228002282669,standard,30-50 cm,30-50 cm
UnivOfMinnesota,max,SHM,ALT-1,ALT-1-4,4,esm1,-69.1,-93.8,14.4024867869086,standard,50-75 cm,69.1-93.8 cm
UnivOfMinnesota,max,SHM,ALT-1,ALT-1-4,4,esm2,-69.5735069820825,-93.9829416180516,13.4360977805347,standard,50-75 cm,69.6-94 cm
UnivOfMinnesota,fd,SHM,ALT-1,ALT-1-4,4,fd,-50,-75,15.579206329164002,standard,50-75 cm,50-75 cm
UnivOfMinnesota,max,SHM,ALT-1,ALT-1-5,5,esm1,-93.8,-120.1,15.3354413965869,standard,75-100 cm,93.8-120.1 cm
UnivOfMinnesota,max,SHM,ALT-1,ALT-1-5,5,esm2,-93.9829416180516,-121.194818009056,65.8378292861956,standard,75-100 cm,94-121.2 cm
UnivOfMinnesota,fd,SHM,ALT-1,ALT-1-5,5,fd,-75,-100,14.577415776225003,standard,75-100 cm,75-100 cm
UnivOfMinnesota,max,SHM,ALT-2,ALT-2-1,1,esm1,0,-15.1,66.0178496157838,standard,0-10 cm,0-15.1 cm
UnivOfMinnesota,max,SHM,ALT-2,ALT-2-1,1,esm2,0,-15.7198658731533,67.3237356381734,standard,0-10 cm,0-15.7 cm
UnivOfMinnesota,fd,SHM,ALT-2,ALT-2-1,1,fd,0,-10,40.015407942787505,standard,0-10 cm,0-10 cm
UnivOfMinnesota,max,SHM,ALT-2,ALT-2-2,2,esm1,-15.1,-44.4,90.5534267047563,standard,10-30 cm,15.1-44.4 cm
UnivOfMinnesota,max,SHM,ALT-2,ALT-2-2,2,esm2,-15.7198658731533,-45.3097706376335,90.2611802285834,standard,10-30 cm,15.7-45.3 cm
UnivOfMinnesota,fd,SHM,ALT-2,ALT-2-2,2,fd,-10,-30,82.1666756708524,standard,10-30 cm,10-30 cm
UnivOfMinnesota,max,SHM,ALT-2,ALT-2-3,3,esm1,-44.4,-65.9,39.865973071157,standard,30-50 cm,44.4-65.9 cm
UnivOfMinnesota,max,SHM,ALT-2,ALT-2-3,3,esm2,-45.3097706376335,-66.3413023637417,39.9811514493667,standard,30-50 cm,45.3-66.3 cm
UnivOfMinnesota,fd,SHM,ALT-2,ALT-2-3,3,fd,-30,-50,44.772888018458,standard,30-50 cm,30-50 cm
UnivOfMinnesota,max,SHM,ALT-2,ALT-2-4,4,esm1,-65.9,-93.5,41.3720793679632,standard,50-75 cm,65.9-93.5 cm
UnivOfMinnesota,max,SHM,ALT-2,ALT-2-4,4,esm2,-66.3413023637417,-90.813640940949,36.9373075031245,standard,50-75 cm,66.3-90.8 cm
UnivOfMinnesota,fd,SHM,ALT-2,ALT-2-4,4,fd,-50,-75,44.269675264802004,standard,50-75 cm,50-75 cm
UnivOfMinnesota,max,SHM,ALT-2,ALT-2-5,5,esm1,-93.5,-123.5,43.1102949125907,standard,75-100 cm,93.5-123.5 cm
UnivOfMinnesota,max,SHM,ALT-2,ALT-2-5,5,esm2,-90.813640940949,-130.493153875465,58.9751429126293,standard,75-100 cm,90.8-130.5 cm
UnivOfMinnesota,fd,SHM,ALT-2,ALT-2-5,5,fd,-75,-100,35.92524576049001,standard,75-100 cm,75-100 cm
UnivOfMinnesota,max,SHM,ALT-3,ALT-3-1,1,esm1,0,-14,44.6549760878082,standard,0-10 cm,0-14 cm
UnivOfMinnesota,max,SHM,ALT-3,ALT-3-1,1,esm2,0,-13.8118475679371,46.18616098431,standard,0-10 cm,0-13.8 cm
UnivOfMinnesota,fd,SHM,ALT-3,ALT-3-1,1,fd,0,-10,34.4675524126075,standard,0-10 cm,0-10 cm
UnivOfMinnesota,max,SHM,ALT-3,ALT-3-2,2,esm1,-14,-45.4,52.0563416765593,standard,10-30 cm,14-45.4 cm
UnivOfMinnesota,max,SHM,ALT-3,ALT-3-2,2,esm2,-13.8118475679371,-45.9739416841261,55.2905882371065,standard,10-30 cm,13.8-46 cm
UnivOfMinnesota,fd,SHM,ALT-3,ALT-3-2,2,fd,-10,-30,44.13172188792559,standard,10-30 cm,10-30 cm
UnivOfMinnesota,max,SHM,ALT-3,ALT-3-3,3,esm1,-45.4,-69.5,14.794119148162,standard,30-50 cm,45.4-69.5 cm
UnivOfMinnesota,max,SHM,ALT-3,ALT-3-3,3,esm2,-45.9739416841261,-70.0764949445984,14.8383403397874,standard,30-50 cm,46-70.1 cm
UnivOfMinnesota,fd,SHM,ALT-3,ALT-3-3,3,fd,-30,-50,20.9358172431512,standard,30-50 cm,30-50 cm
UnivOfMinnesota,max,SHM,ALT-3,ALT-3-4,4,esm1,-69.5,-96.5,14.9759898482887,standard,50-75 cm,69.5-96.5 cm
UnivOfMinnesota,max,SHM,ALT-3,ALT-3-4,4,esm2,-70.0764949445984,-95.3854459896009,2.92075982349748,standard,50-75 cm,70.1-95.4 cm
UnivOfMinnesota,fd,SHM,ALT-3,ALT-3-4,4,fd,-50,-75,15.346596626725,standard,50-75 cm,50-75 cm
UnivOfMinnesota,max,SHM,ALT-3,ALT-3-5,5,esm1,-96.5,-125.3,14.8894590808363,standard,75-100 cm,96.5-125.3 cm
UnivOfMinnesota,max,SHM,ALT-3,ALT-3-5,5,esm2,-95.3854459896009,-123.471699270341,12.2849877028755,standard,75-100 cm,95.4-123.5 cm
UnivOfMinnesota,fd,SHM,ALT-3,ALT-3-5,5,fd,-75,-100,13.409221464817001,standard,75-100 cm,75-100 cm
UnivOfMinnesota,max,SHM,ALT-4,ALT-4-1,1,esm1,0,-12.7,57.9970349979077,standard,0-10 cm,0-12.7 cm
UnivOfMinnesota,max,SHM,ALT-4,ALT-4-1,1,esm2,0,-12.9066993917365,58.7142181391408,standard,0-10 cm,0-12.9 cm
UnivOfMinnesota,fd,SHM,ALT-4,ALT-4-1,1,fd,0,-10,45.50597118166,standard,0-10 cm,0-10 cm
UnivOfMinnesota,max,SHM,ALT-4,ALT-4-2,2,esm1,-12.7,-45.2,96.5521115969364,standard,10-30 cm,12.7-45.2 cm
UnivOfMinnesota,max,SHM,ALT-4,ALT-4-2,2,esm2,-12.9066993917365,-45.5116347361024,97.5676423460419,standard,10-30 cm,12.9-45.5 cm
UnivOfMinnesota,fd,SHM,ALT-4,ALT-4-2,2,fd,-10,-30,80.55898812306948,standard,10-30 cm,10-30 cm
UnivOfMinnesota,max,SHM,ALT-4,ALT-4-3,3,esm1,-45.2,-72.3,23.9825949941354,standard,30-50 cm,45.2-72.3 cm
UnivOfMinnesota,max,SHM,ALT-4,ALT-4-3,3,esm2,-45.5116347361024,-73.934416278474,24.3199326022034,standard,30-50 cm,45.5-73.9 cm
UnivOfMinnesota,fd,SHM,ALT-4,ALT-4-3,3,fd,-30,-50,34.166472522994,standard,30-50 cm,30-50 cm
UnivOfMinnesota,max,SHM,ALT-4,ALT-4-4,4,esm1,-72.3,-99.3,12.6121207760744,standard,50-75 cm,72.3-99.3 cm
UnivOfMinnesota,max,SHM,ALT-4,ALT-4-4,4,esm2,-73.934416278474,-99.5078209454806,10.3918781631416,standard,50-75 cm,73.9-99.5 cm
UnivOfMinnesota,fd,SHM,ALT-4,ALT-4-4,4,fd,-50,-75,19.5615218388653,standard,50-75 cm,50-75 cm
UnivOfMinnesota,max,SHM,ALT-4,ALT-4-5,5,esm1,-99.3,-128,13.4062172693828,standard,75-100 cm,99.3-128 cm
UnivOfMinnesota,max,SHM,ALT-4,ALT-4-5,5,esm2,-99.5078209454806,-115.695726510881,55.7359480448511,standard,75-100 cm,99.5-115.7 cm
UnivOfMinnesota,fd,SHM,ALT-4,ALT-4-5,5,fd,-75,-100,11.677889607475,standard,75-100 cm,75-100 cm
UnivOfMinnesota,max,SHM,ALT-5,ALT-5-1,1,esm1,0,-12.2,59.6715596740708,standard,0-10 cm,0-12.2 cm
UnivOfMinnesota,max,SHM,ALT-5,ALT-5-1,1,esm2,0,-12.0628141489957,60.6842689224658,standard,0-10 cm,0-12.1 cm
UnivOfMinnesota,fd,SHM,ALT-5,ALT-5-1,1,fd,0,-10,50.5373170411795,standard,0-10 cm,0-10 cm
UnivOfMinnesota,max,SHM,ALT-5,ALT-5-2,2,esm1,-12.2,-43.5,127.655788714908,standard,10-30 cm,12.2-43.5 cm
UnivOfMinnesota,max,SHM,ALT-5,ALT-5-2,2,esm2,-12.0628141489957,-43.7518838753637,130.892158363784,standard,10-30 cm,12.1-43.8 cm
UnivOfMinnesota,fd,SHM,ALT-5,ALT-5-2,2,fd,-10,-30,82.512952845848,standard,10-30 cm,10-30 cm
UnivOfMinnesota,max,SHM,ALT-5,ALT-5-3,3,esm1,-43.5,-69.2,27.2362045258256,standard,30-50 cm,43.5-69.2 cm
UnivOfMinnesota,max,SHM,ALT-5,ALT-5-3,3,esm2,-43.7518838753637,-69.505679496210007,29.0129440031532,standard,30-50 cm,43.8-69.5 cm
UnivOfMinnesota,fd,SHM,ALT-5,ALT-5-3,3,fd,-30,-50,67.291302041188,standard,30-50 cm,30-50 cm
UnivOfMinnesota,max,SHM,ALT-5,ALT-5-4,4,esm1,-69.2,-94.7,14.6571213187178,standard,50-75 cm,69.2-94.7 cm
UnivOfMinnesota,max,SHM,ALT-5,ALT-5-4,4,esm2,-69.505679496210007,-95.9164283372621,2.08931592673184,standard,50-75 cm,69.5-95.9 cm
UnivOfMinnesota,fd,SHM,ALT-5,ALT-5-4,4,fd,-50,-75,18.518204409625,standard,50-75 cm,50-75 cm
UnivOfMinnesota,max,SHM,ALT-5,ALT-5-5,5,esm1,-94.7,-120.5,12.5735811291306,standard,75-100 cm,94.7-120.5 cm
UnivOfMinnesota,max,SHM,ALT-5,ALT-5-5,5,esm2,-95.9164283372621,-119.921934439268,24.357061414442,standard,75-100 cm,95.9-119.9 cm
UnivOfMinnesota,fd,SHM,ALT-5,ALT-5-5,5,fd,-75,-100,12.9438428563194,standard,75-100 cm,75-100 cm
UnivOfMinnesota,max,SHM,ALT-6,ALT-6-1,1,esm1,0,-13.9,55.0122271799804,standard,0-10 cm,0-13.9 cm
UnivOfMinnesota,max,SHM,ALT-6,ALT-6-1,1,esm2,0,-14.0006664887793,56.5157136338898,standard,0-10 cm,0-14 cm
UnivOfMinnesota,fd,SHM,ALT-6,ALT-6-1,1,fd,0,-10,39.817069398937,standard,0-10 cm,0-10 cm
UnivOfMinnesota,max,SHM,ALT-6,ALT-6-2,2,esm1,-13.9,-46.9,84.5279990724273,standard,10-30 cm,13.9-46.9 cm
UnivOfMinnesota,max,SHM,ALT-6,ALT-6-2,2,esm2,-14.0006664887793,-47.2917655829572,84.9622954220061,standard,10-30 cm,14-47.3 cm
UnivOfMinnesota,fd,SHM,ALT-6,ALT-6-2,2,fd,-10,-30,66.2004508327218,standard,10-30 cm,10-30 cm
UnivOfMinnesota,max,SHM,ALT-6,ALT-6-3,3,esm1,-46.9,-74,30.9030421303135,standard,30-50 cm,46.9-74 cm
UnivOfMinnesota,max,SHM,ALT-6,ALT-6-3,3,esm2,-47.2917655829572,-74.4645244175884,28.948803641634,standard,30-50 cm,47.3-74.5 cm
UnivOfMinnesota,fd,SHM,ALT-6,ALT-6-3,3,fd,-30,-50,37.2143084875996,standard,30-50 cm,30-50 cm
UnivOfMinnesota,max,SHM,ALT-6,ALT-6-4,4,esm1,-74,-99.6,21.7257571503942,standard,50-75 cm,74-99.6 cm
UnivOfMinnesota,max,SHM,ALT-6,ALT-6-4,4,esm2,-74.4645244175884,-100.065298188621,20.0531474123644,standard,50-75 cm,74.5-100.1 cm
UnivOfMinnesota,fd,SHM,ALT-6,ALT-6-4,4,fd,-50,-75,28.060102052152,standard,50-75 cm,50-75 cm
UnivOfMinnesota,max,SHM,ALT-6,ALT-6-5,5,esm1,-99.6,-126.8,23.0836169722938,standard,75-100 cm,99.6-126.8 cm
UnivOfMinnesota,max,SHM,ALT-6,ALT-6-5,5,esm2,-100.065298188621,-122.53244872989,59.3189286104073,standard,75-100 cm,100.1-122.5 cm
UnivOfMinnesota,fd,SHM,ALT-6,ALT-6-5,5,fd,-75,-100,21.21655971718,standard,75-100 cm,75-100 cm
UnivOfMinnesota,max,SHM,ALT-7,ALT-7-1,1,esm1,0,-14.2,54.053023459105,standard,0-10 cm,0-14.2 cm
UnivOfMinnesota,max,SHM,ALT-7,ALT-7-1,1,esm2,0,-14.4614806002053,57.3731154693501,standard,0-10 cm,0-14.5 cm
UnivOfMinnesota,fd,SHM,ALT-7,ALT-7-1,1,fd,0,-10,38.625732789877,standard,0-10 cm,0-10 cm
UnivOfMinnesota,max,SHM,ALT-7,ALT-7-2,2,esm1,-14.2,-46.6,90.666287959926,standard,10-30 cm,14.2-46.6 cm
UnivOfMinnesota,max,SHM,ALT-7,ALT-7-2,2,esm2,-14.4614806002053,-47.3640262816957,91.3932321289508,standard,10-30 cm,14.5-47.4 cm
UnivOfMinnesota,fd,SHM,ALT-7,ALT-7-2,2,fd,-10,-30,69.1248848102951,standard,10-30 cm,10-30 cm
UnivOfMinnesota,max,SHM,ALT-7,ALT-7-3,3,esm1,-46.6,-71.2,50.4556998552011,standard,30-50 cm,46.6-71.2 cm
UnivOfMinnesota,max,SHM,ALT-7,ALT-7-3,3,esm2,-47.3640262816957,-71.5075001522196,48.5875243565276,standard,30-50 cm,47.4-71.5 cm
UnivOfMinnesota,fd,SHM,ALT-7,ALT-7-3,3,fd,-30,-50,44.54059496248,standard,30-50 cm,30-50 cm
UnivOfMinnesota,max,SHM,ALT-7,ALT-7-4,4,esm1,-71.2,-99.2,24.3228123328858,standard,50-75 cm,71.2-99.2 cm
UnivOfMinnesota,max,SHM,ALT-7,ALT-7-4,4,esm2,-71.5075001522196,-99.0850828425732,22.6007098845812,standard,50-75 cm,71.5-99.1 cm
UnivOfMinnesota,fd,SHM,ALT-7,ALT-7-4,4,fd,-50,-75,50.2642037672904,standard,50-75 cm,50-75 cm
UnivOfMinnesota,max,SHM,ALT-7,ALT-7-5,5,esm1,-99.2,-129.9,18.0576619551316,standard,75-100 cm,99.2-129.9 cm
UnivOfMinnesota,max,SHM,ALT-7,ALT-7-5,5,esm2,-99.0850828425732,-151.158217673469,-20.0902620483197,standard,75-100 cm,99.1-151.2 cm
UnivOfMinnesota,fd,SHM,ALT-7,ALT-7-5,5,fd,-75,-100,17.412965243437203,standard,75-100 cm,75-100 cm
UnivOfMinnesota,max,SHM,ALT-8,ALT-8-1,1,esm1,0,-12.6,53.3716122742741,standard,0-10 cm,0-12.6 cm
UnivOfMinnesota,max,SHM,ALT-8,ALT-8-1,1,esm2,0,-12.7715724537316,56.0001859299335,standard,0-10 cm,0-12.8 cm
UnivOfMinnesota,fd,SHM,ALT-8,ALT-8-1,1,fd,0,-10,43.655142951502995,standard,0-10 cm,0-10 cm
UnivOfMinnesota,max,SHM,ALT-8,ALT-8-2,2,esm1,-12.6,-43.4,77.8665867380372,standard,10-30 cm,12.6-43.4 cm
UnivOfMinnesota,max,SHM,ALT-8,ALT-8-2,2,esm2,-12.7715724537316,-44.0751032953438,77.9267740826811,standard,10-30 cm,12.8-44.1 cm
UnivOfMinnesota,fd,SHM,ALT-8,ALT-8-2,2,fd,-10,-30,63.20772716727979,standard,10-30 cm,10-30 cm
UnivOfMinnesota,max,SHM,ALT-8,ALT-8-3,3,esm1,-43.4,-66.5,13.4036597296619,standard,30-50 cm,43.4-66.5 cm
UnivOfMinnesota,max,SHM,ALT-8,ALT-8-3,3,esm2,-44.0751032953438,-68.2823809260198,19.5580209295215,standard,30-50 cm,44.1-68.3 cm
UnivOfMinnesota,fd,SHM,ALT-8,ALT-8-3,3,fd,-30,-50,28.2049459591446,standard,30-50 cm,30-50 cm
UnivOfMinnesota,max,SHM,ALT-8,ALT-8-4,4,esm1,-66.5,-92.7,14.0068494852608,standard,50-75 cm,66.5-92.7 cm
UnivOfMinnesota,max,SHM,ALT-8,ALT-8-4,4,esm2,-68.2823809260198,-91.9842332375719,2.08391549010059,standard,50-75 cm,68.3-92 cm
UnivOfMinnesota,fd,SHM,ALT-8,ALT-8-4,4,fd,-50,-75,14.506125248550003,standard,50-75 cm,50-75 cm
UnivOfMinnesota,max,SHM,ALT-8,ALT-8-5,5,esm1,-92.7,-121,12.0268266854164,standard,75-100 cm,92.7-121 cm
UnivOfMinnesota,max,SHM,ALT-8,ALT-8-5,5,esm2,-91.9842332375719,-121.918243282242,19.2952096619053,standard,75-100 cm,92-121.9 cm
UnivOfMinnesota,fd,SHM,ALT-8,ALT-8-5,5,fd,-75,-100,12.177093218898001,standard,75-100 cm,75-100 cm
UnivOfMinnesota,max,SHM,ALT-9,ALT-9-1,1,esm1,0,-12.7,54.0963875769838,standard,0-10 cm,0-12.7 cm
UnivOfMinnesota,max,SHM,ALT-9,ALT-9-1,1,esm2,0,-12.7991473430156,56.0304962654507,standard,0-10 cm,0-12.8 cm
UnivOfMinnesota,fd,SHM,ALT-9,ALT-9-1,1,fd,0,-10,43.43467945924301,standard,0-10 cm,0-10 cm
UnivOfMinnesota,max,SHM,ALT-9,ALT-9-2,2,esm1,-12.7,-43.8,91.1388522882413,standard,10-30 cm,12.7-43.8 cm
UnivOfMinnesota,max,SHM,ALT-9,ALT-9-2,2,esm2,-12.7991473430156,-43.9220592860123,89.7148735162052,standard,10-30 cm,12.8-43.9 cm
UnivOfMinnesota,fd,SHM,ALT-9,ALT-9-2,2,fd,-10,-30,66.4749985402594,standard,10-30 cm,10-30 cm
UnivOfMinnesota,max,SHM,ALT-9,ALT-9-3,3,esm1,-43.8,-70.4,73.6116473691709,standard,30-50 cm,43.8-70.4 cm
UnivOfMinnesota,max,SHM,ALT-9,ALT-9-3,3,esm2,-43.9220592860123,-70.5234424472219,74.8991177437369,standard,30-50 cm,43.9-70.5 cm
UnivOfMinnesota,fd,SHM,ALT-9,ALT-9-3,3,fd,-30,-50,52.1014413837536,standard,30-50 cm,30-50 cm
UnivOfMinnesota,max,SHM,ALT-9,ALT-9-4,4,esm1,-70.4,-97.7,19.1881922416887,standard,50-75 cm,70.4-97.7 cm
UnivOfMinnesota,max,SHM,ALT-9,ALT-9-4,4,esm2,-70.5234424472219,-97.9883424976192,22.8207515967921,standard,50-75 cm,70.5-98 cm
UnivOfMinnesota,fd,SHM,ALT-9,ALT-9-4,4,fd,-50,-75,63.012986996528,standard,50-75 cm,50-75 cm
UnivOfMinnesota,max,SHM,ALT-9,ALT-9-5,5,esm1,-97.7,-126.6,16.56463094639,standard,75-100 cm,97.7-126.6 cm
UnivOfMinnesota,max,SHM,ALT-9,ALT-9-5,5,esm2,-97.9883424976192,-126.193559017017,3.34853132343653,standard,75-100 cm,98-126.2 cm
UnivOfMinnesota,fd,SHM,ALT-9,ALT-9-5,5,fd,-75,-100,14.32926552456,standard,75-100 cm,75-100 cm
UnivOfMinnesota,max,BAU,CON-1,CON-1-1,1,esm1,0,-14.6,49.8052497864976,standard,0-10 cm,0-14.6 cm
UnivOfMinnesota,max,BAU,CON-1,CON-1-1,1,esm2,0,-14.5342231169246,51.2494300556465,standard,0-10 cm,0-14.5 cm
UnivOfMinnesota,fd,BAU,CON-1,CON-1-1,1,fd,0,-10,34.766614114412,standard,0-10 cm,0-10 cm
UnivOfMinnesota,max,BAU,CON-1,CON-1-2,2,esm1,-14.6,-49.3,68.4922422168967,standard,10-30 cm,14.6-49.3 cm
UnivOfMinnesota,max,BAU,CON-1,CON-1-2,2,esm2,-14.5342231169246,-49.3849762854694,67.9055903353666,standard,10-30 cm,14.5-49.4 cm
UnivOfMinnesota,fd,BAU,CON-1,CON-1-2,2,fd,-10,-30,57.668397543359205,standard,10-30 cm,10-30 cm
UnivOfMinnesota,max,BAU,CON-1,CON-1-3,3,esm1,-49.3,-78.7,18.0463010797231,standard,30-50 cm,49.3-78.7 cm
UnivOfMinnesota,max,BAU,CON-1,CON-1-3,3,esm2,-49.3849762854694,-76.5053528648687,4.81486279637363,standard,30-50 cm,49.4-76.5 cm
UnivOfMinnesota,fd,BAU,CON-1,CON-1-3,3,fd,-30,-50,26.800497767484003,standard,30-50 cm,30-50 cm
UnivOfMinnesota,max,BAU,CON-1,CON-1-4,4,esm1,-78.7,-112,19.8503779026727,standard,50-75 cm,78.7-112 cm
UnivOfMinnesota,max,BAU,CON-1,CON-1-4,4,esm2,-76.5053528648687,-112.592839553701,34.831807060724,standard,50-75 cm,76.5-112.6 cm
UnivOfMinnesota,fd,BAU,CON-1,CON-1-4,4,fd,-50,-75,14.902686113120001,standard,50-75 cm,50-75 cm
UnivOfMinnesota,max,BAU,CON-1,CON-1-5,5,esm1,-112,-147.4,21.1022035361746,standard,75-100 cm,112-147.4 cm
UnivOfMinnesota,max,BAU,CON-1,CON-1-5,5,esm2,-112.592839553701,-169.701910246626,117.317546823999,standard,75-100 cm,112.6-169.7 cm
UnivOfMinnesota,fd,BAU,CON-1,CON-1-5,5,fd,-75,-100,14.902686113120001,standard,75-100 cm,75-100 cm
UnivOfMinnesota,max,BAU,CON-2,CON-2-1,1,esm1,0,-14.1,49.4014011236329,standard,0-10 cm,0-14.1 cm
UnivOfMinnesota,max,BAU,CON-2,CON-2-1,1,esm2,0,-14.4261161535627,51.3815710413685,standard,0-10 cm,0-14.4 cm
UnivOfMinnesota,fd,BAU,CON-2,CON-2-1,1,fd,0,-10,36.0602169829695,standard,0-10 cm,0-10 cm
UnivOfMinnesota,max,BAU,CON-2,CON-2-2,2,esm1,-14.1,-47.4,82.3589088881639,standard,10-30 cm,14.1-47.4 cm
UnivOfMinnesota,max,BAU,CON-2,CON-2-2,2,esm2,-14.4261161535627,-47.8661332472694,84.467583732923,standard,10-30 cm,14.4-47.9 cm
UnivOfMinnesota,fd,BAU,CON-2,CON-2-2,2,fd,-10,-30,65.078947027626,standard,10-30 cm,10-30 cm
UnivOfMinnesota,max,BAU,CON-2,CON-2-3,3,esm1,-47.4,-72.1,25.3193222156222,standard,30-50 cm,47.4-72.1 cm
UnivOfMinnesota,max,BAU,CON-2,CON-2-3,3,esm2,-47.8661332472694,-72.4170507671497,22.2118719635642,standard,30-50 cm,47.9-72.4 cm
UnivOfMinnesota,fd,BAU,CON-2,CON-2-3,3,fd,-30,-50,34.6922144022354,standard,30-50 cm,30-50 cm
UnivOfMinnesota,max,BAU,CON-2,CON-2-4,4,esm1,-72.1,-99.7,17.3042090482425,standard,50-75 cm,72.1-99.7 cm
UnivOfMinnesota,max,BAU,CON-2,CON-2-4,4,esm2,-72.4170507671497,-97.3497678140615,11.8948940661325,standard,50-75 cm,72.4-97.3 cm
UnivOfMinnesota,fd,BAU,CON-2,CON-2-4,4,fd,-50,-75,23.6491768980976,standard,50-75 cm,50-75 cm
UnivOfMinnesota,max,BAU,CON-2,CON-2-5,5,esm1,-99.7,-129.2,17.215884131183,standard,75-100 cm,99.7-129.2 cm
UnivOfMinnesota,max,BAU,CON-2,CON-2-5,5,esm2,-97.3497678140615,-127.562694379775,17.1226081803737,standard,75-100 cm,97.3-127.6 cm
UnivOfMinnesota,fd,BAU,CON-2,CON-2-5,5,fd,-75,-100,15.078362752510202,standard,75-100 cm,75-100 cm
UnivOfMinnesota,max,BAU,CON-3,CON-3-1,1,esm1,0,-14.8,46.289950393895,standard,0-10 cm,0-14.8 cm
UnivOfMinnesota,max,BAU,CON-3,CON-3-1,1,esm2,0,-14.9681423292345,49.5926630303482,standard,0-10 cm,0-15 cm
UnivOfMinnesota,fd,BAU,CON-3,CON-3-1,1,fd,0,-10,33.429042654265,standard,0-10 cm,0-10 cm
UnivOfMinnesota,max,BAU,CON-3,CON-3-2,2,esm1,-14.8,-49.5,50.7748084197396,standard,10-30 cm,14.8-49.5 cm
UnivOfMinnesota,max,BAU,CON-3,CON-3-2,2,esm2,-14.9681423292345,-50.1154559684399,48.0433408350163,standard,10-30 cm,15-50.1 cm
UnivOfMinnesota,fd,BAU,CON-3,CON-3-2,2,fd,-10,-30,45.543997769133995,standard,10-30 cm,10-30 cm
UnivOfMinnesota,max,BAU,CON-3,CON-3-3,3,esm1,-49.5,-76.9,19.6940658479107,standard,30-50 cm,49.5-76.9 cm
UnivOfMinnesota,max,BAU,CON-3,CON-3-3,3,esm2,-50.1154559684399,-77.0118952523436,19.6399059342783,standard,30-50 cm,50.1-77 cm
UnivOfMinnesota,fd,BAU,CON-3,CON-3-3,3,fd,-30,-50,18.530961745666,standard,30-50 cm,30-50 cm
UnivOfMinnesota,max,BAU,CON-3,CON-3-4,4,esm1,-76.9,-106.6,9.5612558925455,standard,50-75 cm,76.9-106.6 cm
UnivOfMinnesota,max,BAU,CON-3,CON-3-4,4,esm2,-77.0118952523436,-106.316937808808,9.34743396052703,standard,50-75 cm,77-106.3 cm
UnivOfMinnesota,fd,BAU,CON-3,CON-3-4,4,fd,-50,-75,18.0777269167775,standard,50-75 cm,50-75 cm
UnivOfMinnesota,max,BAU,CON-3,CON-3-5,5,esm1,-106.6,-138.3,9.10568381843167,standard,75-100 cm,106.6-138.3 cm
UnivOfMinnesota,max,BAU,CON-3,CON-3-5,5,esm2,-106.316937808808,-147.838936186723,5.91521622927324,standard,75-100 cm,106.3-147.8 cm
UnivOfMinnesota,fd,BAU,CON-3,CON-3-5,5,fd,-75,-100,8.8425308625205,standard,75-100 cm,75-100 cm
UnivOfMinnesota,max,BAU,CON-4,CON-4-1,1,esm1,0,-15.2,50.9880616306075,standard,0-10 cm,0-15.2 cm
UnivOfMinnesota,max,BAU,CON-4,CON-4-1,1,esm2,0,-15.6082468977615,52.7087909807102,standard,0-10 cm,0-15.6 cm
UnivOfMinnesota,fd,BAU,CON-4,CON-4-1,1,fd,0,-10,31.7094887468445,standard,0-10 cm,0-10 cm
UnivOfMinnesota,max,BAU,CON-4,CON-4-2,2,esm1,-15.2,-48.4,69.8612100846613,standard,10-30 cm,15.2-48.4 cm
UnivOfMinnesota,max,BAU,CON-4,CON-4-2,2,esm2,-15.6082468977615,-48.7032048530414,67.9808494307886,standard,10-30 cm,15.6-48.7 cm
UnivOfMinnesota,fd,BAU,CON-4,CON-4-2,2,fd,-10,-30,63.0658228728715,standard,10-30 cm,10-30 cm
UnivOfMinnesota,max,BAU,CON-4,CON-4-3,3,esm1,-48.4,-75.2,13.9450603747302,standard,30-50 cm,48.4-75.2 cm
UnivOfMinnesota,max,BAU,CON-4,CON-4-3,3,esm2,-48.7032048530414,-78.100383659328,5.8802564103361,standard,30-50 cm,48.7-78.1 cm
UnivOfMinnesota,fd,BAU,CON-4,CON-4-3,3,fd,-30,-50,26.906501013448,standard,30-50 cm,30-50 cm
UnivOfMinnesota,max,BAU,CON-4,CON-4-4,4,esm1,-75.2,-105.6,15.8182774399902,standard,50-75 cm,75.2-105.6 cm
UnivOfMinnesota,max,BAU,CON-4,CON-4-4,4,esm2,-78.100383659328,-106.427820179142,20.0589889226188,standard,50-75 cm,78.1-106.4 cm
UnivOfMinnesota,fd,BAU,CON-4,CON-4-4,4,fd,-50,-75,13.0084518421,standard,50-75 cm,50-75 cm
UnivOfMinnesota,max,BAU,CON-4,CON-4-5,5,esm1,-105.6,-137.8,16.7548859726212,standard,75-100 cm,105.6-137.8 cm
UnivOfMinnesota,max,BAU,CON-4,CON-4-5,5,esm2,-106.427820179142,-128.913676243326,78.9208304105814,standard,75-100 cm,106.4-128.9 cm
UnivOfMinnesota,fd,BAU,CON-4,CON-4-5,5,fd,-75,-100,13.0084518421,standard,75-100 cm,75-100 cm
UnivOfMinnesota,max,BAU,CON-5,CON-5-1,1,esm1,0,-15.2,51.5724349735531,standard,0-10 cm,0-15.2 cm
UnivOfMinnesota,max,BAU,CON-5,CON-5-1,1,esm2,0,-15.9027257652446,53.9264002262209,standard,0-10 cm,0-15.9 cm
UnivOfMinnesota,fd,BAU,CON-5,CON-5-1,1,fd,0,-10,31.028920710615495,standard,0-10 cm,0-10 cm
UnivOfMinnesota,max,BAU,CON-5,CON-5-2,2,esm1,-15.2,-50.2,63.451491133166,standard,10-30 cm,15.2-50.2 cm
UnivOfMinnesota,max,BAU,CON-5,CON-5-2,2,esm2,-15.9027257652446,-50.3138976837123,63.0251403035022,standard,10-30 cm,15.9-50.3 cm
UnivOfMinnesota,fd,BAU,CON-5,CON-5-2,2,fd,-10,-30,57.787370988911604,standard,10-30 cm,10-30 cm
UnivOfMinnesota,max,BAU,CON-5,CON-5-3,3,esm1,-50.2,-78.5,23.7694432014189,standard,30-50 cm,50.2-78.5 cm
UnivOfMinnesota,max,BAU,CON-5,CON-5-3,3,esm2,-50.3138976837123,-78.6752575127316,22.0928453442748,standard,30-50 cm,50.3-78.7 cm
UnivOfMinnesota,fd,BAU,CON-5,CON-5-3,3,fd,-30,-50,25.948152878407996,standard,30-50 cm,30-50 cm
UnivOfMinnesota,max,BAU,CON-5,CON-5-4,4,esm1,-78.5,-109.2,10.6429665448498,standard,50-75 cm,78.5-109.2 cm
UnivOfMinnesota,max,BAU,CON-5,CON-5-4,4,esm2,-78.6752575127316,-109.119335313176,10.5794656918466,standard,50-75 cm,78.7-109.1 cm
UnivOfMinnesota,fd,BAU,CON-5,CON-5-4,4,fd,-50,-75,21.2650636990432,standard,50-75 cm,50-75 cm
UnivOfMinnesota,max,BAU,CON-5,CON-5-5,5,esm1,-109.2,-141.7,10.5273896204274,standard,75-100 cm,109.2-141.7 cm
UnivOfMinnesota,max,BAU,CON-5,CON-5-5,5,esm2,-109.119335313176,-151.595977795572,0.27999249632623,standard,75-100 cm,109.1-151.6 cm
UnivOfMinnesota,fd,BAU,CON-5,CON-5-5,5,fd,-75,-100,10.426766514223,standard,75-100 cm,75-100 cm
UnivOfMinnesota,max,BAU,CON-6,CON-6-1,1,esm1,0,-15.1,52.4734275929621,standard,0-10 cm,0-15.1 cm
UnivOfMinnesota,max,BAU,CON-6,CON-6-1,1,esm2,0,-15.1166164860341,54.4827691434316,standard,0-10 cm,0-15.1 cm
UnivOfMinnesota,fd,BAU,CON-6,CON-6-1,1,fd,0,-10,37.5472510644665,standard,0-10 cm,0-10 cm
UnivOfMinnesota,max,BAU,CON-6,CON-6-2,2,esm1,-15.1,-47.6,60.25239326582,standard,10-30 cm,15.1-47.6 cm
UnivOfMinnesota,max,BAU,CON-6,CON-6-2,2,esm2,-15.1166164860341,-47.6439755588042,59.7969621591086,standard,10-30 cm,15.1-47.6 cm
UnivOfMinnesota,fd,BAU,CON-6,CON-6-2,2,fd,-10,-30,52.07523297563999,standard,10-30 cm,10-30 cm
UnivOfMinnesota,max,BAU,CON-6,CON-6-3,3,esm1,-47.6,-73.2,15.9269657629193,standard,30-50 cm,47.6-73.2 cm
UnivOfMinnesota,max,BAU,CON-6,CON-6-3,3,esm2,-47.6439755588042,-73.7861978764388,16.2943883859388,standard,30-50 cm,47.6-73.8 cm
UnivOfMinnesota,fd,BAU,CON-6,CON-6-3,3,fd,-30,-50,24.5964898589496,standard,30-50 cm,30-50 cm
UnivOfMinnesota,max,BAU,CON-6,CON-6-4,4,esm1,-73.2,-99.1,19.5785882299322,standard,50-75 cm,73.2-99.1 cm
UnivOfMinnesota,max,BAU,CON-6,CON-6-4,4,esm2,-73.7861978764388,-100.072233817476,15.2613267871669,standard,50-75 cm,73.8-100.1 cm
UnivOfMinnesota,fd,BAU,CON-6,CON-6-4,4,fd,-50,-75,15.5536775028525,standard,50-75 cm,50-75 cm
UnivOfMinnesota,max,BAU,CON-6,CON-6-5,5,esm1,-99.1,-123.8,22.4401709697897,standard,75-100 cm,99.1-123.8 cm
UnivOfMinnesota,max,BAU,CON-6,CON-6-5,5,esm2,-100.072233817476,-120.258526930275,40.4083122504329,standard,75-100 cm,100.1-120.3 cm
UnivOfMinnesota,fd,BAU,CON-6,CON-6-5,5,fd,-75,-100,19.27638150125992,standard,75-100 cm,75-100 cm
UnivOfMinnesota,max,BAU,CON-7,CON-7-1,1,esm1,0,-14.6,48.4474254738811,standard,0-10 cm,0-14.6 cm
UnivOfMinnesota,max,BAU,CON-7,CON-7-1,1,esm2,0,-14.5637050981652,50.0632750048422,standard,0-10 cm,0-14.6 cm
UnivOfMinnesota,fd,BAU,CON-7,CON-7-1,1,fd,0,-10,30.781867654349,standard,0-10 cm,0-10 cm
UnivOfMinnesota,max,BAU,CON-7,CON-7-2,2,esm1,-14.6,-48.9,53.2282260891228,standard,10-30 cm,14.6-48.9 cm
UnivOfMinnesota,max,BAU,CON-7,CON-7-2,2,esm2,-14.5637050981652,-50.0894265532357,52.0510094757405,standard,10-30 cm,14.6-50.1 cm
UnivOfMinnesota,fd,BAU,CON-7,CON-7-2,2,fd,-10,-30,51.310301699284004,standard,10-30 cm,10-30 cm
UnivOfMinnesota,max,BAU,CON-7,CON-7-3,3,esm1,-48.9,-77.4,24.7235802156674,standard,30-50 cm,48.9-77.4 cm
UnivOfMinnesota,max,BAU,CON-7,CON-7-3,3,esm2,-50.0894265532357,-77.7683646005009,24.255107405327,standard,30-50 cm,50.1-77.8 cm
UnivOfMinnesota,fd,BAU,CON-7,CON-7-3,3,fd,-30,-50,20.6480988382896,standard,30-50 cm,30-50 cm
UnivOfMinnesota,max,BAU,CON-7,CON-7-4,4,esm1,-77.4,-102.7,48.2429473238125,standard,50-75 cm,77.4-102.7 cm
UnivOfMinnesota,max,BAU,CON-7,CON-7-4,4,esm2,-77.7683646005009,-102.68355999555,47.8148644625222,standard,50-75 cm,77.8-102.7 cm
UnivOfMinnesota,fd,BAU,CON-7,CON-7-4,4,fd,-50,-75,22.2636238225025,standard,50-75 cm,50-75 cm
UnivOfMinnesota,max,BAU,CON-7,CON-7-5,5,esm1,-102.7,-129.7,61.6575214515399,standard,75-100 cm,102.7-129.7 cm
UnivOfMinnesota,max,BAU,CON-7,CON-7-5,5,esm2,-102.68355999555,-147.770484521298,228.331550899177,standard,75-100 cm,102.7-147.8 cm
UnivOfMinnesota,fd,BAU,CON-7,CON-7-5,5,fd,-75,-100,43.4725349429045,standard,75-100 cm,75-100 cm
UnivOfMinnesota,max,BAU,CON-8,CON-8-1,1,esm1,0,-15.2,44.3657961752099,standard,0-10 cm,0-15.2 cm
UnivOfMinnesota,max,BAU,CON-8,CON-8-1,1,esm2,0,-15.0353088178138,45.9878556331185,standard,0-10 cm,0-15 cm
UnivOfMinnesota,fd,BAU,CON-8,CON-8-1,1,fd,0,-10,31.4370059178785,standard,0-10 cm,0-10 cm
UnivOfMinnesota,max,BAU,CON-8,CON-8-2,2,esm1,-15.2,-46.9,53.0774151322222,standard,10-30 cm,15.2-46.9 cm
UnivOfMinnesota,max,BAU,CON-8,CON-8-2,2,esm2,-15.0353088178138,-46.8275392543696,53.3824449189701,standard,10-30 cm,15-46.8 cm
UnivOfMinnesota,fd,BAU,CON-8,CON-8-2,2,fd,-10,-30,43.4060401283232,standard,10-30 cm,10-30 cm
UnivOfMinnesota,max,BAU,CON-8,CON-8-3,3,esm1,-46.9,-73.2,22.4706059070168,standard,30-50 cm,46.9-73.2 cm
UnivOfMinnesota,max,BAU,CON-8,CON-8-3,3,esm2,-46.8275392543696,-73.1998862439181,19.6963470122674,standard,30-50 cm,46.8-73.2 cm
UnivOfMinnesota,fd,BAU,CON-8,CON-8-3,3,fd,-30,-50,25.4778672708027,standard,30-50 cm,30-50 cm
UnivOfMinnesota,max,BAU,CON-8,CON-8-4,4,esm1,-73.2,-103,34.8045820797097,standard,50-75 cm,73.2-103 cm
UnivOfMinnesota,max,BAU,CON-8,CON-8-4,4,esm2,-73.1998862439181,-103.184774587835,25.4150857522876,standard,50-75 cm,73.2-103.2 cm
UnivOfMinnesota,fd,BAU,CON-8,CON-8-4,4,fd,-50,-75,20.8372174100055,standard,50-75 cm,50-75 cm
UnivOfMinnesota,max,BAU,CON-8,CON-8-5,5,esm1,-103,-134.4,85.4227023200509,standard,75-100 cm,103-134.4 cm
UnivOfMinnesota,max,BAU,CON-8,CON-8-5,5,esm2,-103.184774587835,-134.574330976563,81.9662215863093,standard,75-100 cm,103.2-134.6 cm
UnivOfMinnesota,fd,BAU,CON-8,CON-8-5,5,fd,-75,-100,25.3988638868888,standard,75-100 cm,75-100 cm
UnivOfMinnesota,max,BAU,CON-9,CON-9-1,1,esm1,0,-13.5,55.092546967503,standard,0-10 cm,0-13.5 cm
UnivOfMinnesota,max,BAU,CON-9,CON-9-1,1,esm2,0,-13.7414706469933,56.3041253609334,standard,0-10 cm,0-13.7 cm
UnivOfMinnesota,fd,BAU,CON-9,CON-9-1,1,fd,0,-10,41.8958312253,standard,0-10 cm,0-10 cm
UnivOfMinnesota,max,BAU,CON-9,CON-9-2,2,esm1,-13.5,-46.9,81.9641121537824,standard,10-30 cm,13.5-46.9 cm
UnivOfMinnesota,max,BAU,CON-9,CON-9-2,2,esm2,-13.7414706469933,-47.0870902225954,80.7095064188419,standard,10-30 cm,13.7-47.1 cm
UnivOfMinnesota,fd,BAU,CON-9,CON-9-2,2,fd,-10,-30,69.063517245380993,standard,10-30 cm,10-30 cm
UnivOfMinnesota,max,BAU,CON-9,CON-9-3,3,esm1,-46.9,-73,25.161936657084,standard,30-50 cm,46.9-73 cm
UnivOfMinnesota,max,BAU,CON-9,CON-9-3,3,esm2,-47.0870902225954,-71.9205326334005,28.0909803829069,standard,30-50 cm,47.1-71.9 cm
UnivOfMinnesota,fd,BAU,CON-9,CON-9-3,3,fd,-30,-50,29.845264146172003,standard,30-50 cm,30-50 cm
UnivOfMinnesota,max,BAU,CON-9,CON-9-4,4,esm1,-73,-103.8,17.5460171818371,standard,50-75 cm,73-103.8 cm
UnivOfMinnesota,max,BAU,CON-9,CON-9-4,4,esm2,-71.9205326334005,-104.411278801628,14.2652763240964,standard,50-75 cm,71.9-104.4 cm
UnivOfMinnesota,fd,BAU,CON-9,CON-9-4,4,fd,-50,-75,22.5533349265736,standard,50-75 cm,50-75 cm
UnivOfMinnesota,max,BAU,CON-9,CON-9-5,5,esm1,-103.8,-136.6,18.6853689468915,standard,75-100 cm,103.8-136.6 cm
UnivOfMinnesota,max,BAU,CON-9,CON-9-5,5,esm2,-104.411278801628,-161.404541555337,15.3483307905305,standard,75-100 cm,104.4-161.4 cm
UnivOfMinnesota,fd,BAU,CON-9,CON-9-5,5,fd,-75,-100,14.241897063180001,standard,75-100 cm,75-100 cm
UnivOfMinnesota,max,Ref,REF-1,REF-1-1,1,esm1,0,-19.6,89.5172639584917,standard,0-10 cm,0-19.6 cm
UnivOfMinnesota,max,Ref,REF-1,REF-1-1,1,esm2,0,-19.5402073001463,90.7130991951527,standard,0-10 cm,0-19.5 cm
UnivOfMinnesota,fd,Ref,REF-1,REF-1-1,1,fd,0,-10,48.5313636024115,standard,0-10 cm,0-10 cm
UnivOfMinnesota,max,Ref,REF-1,REF-1-2,2,esm1,-19.6,-69.2,187.080662785787,standard,10-30 cm,19.6-69.2 cm
UnivOfMinnesota,max,Ref,REF-1,REF-1-2,2,esm2,-19.5402073001463,-69.3383189470737,186.736809468705,standard,10-30 cm,19.5-69.3 cm
UnivOfMinnesota,fd,Ref,REF-1,REF-1-2,2,fd,-10,-30,83.7834135439084,standard,10-30 cm,10-30 cm
UnivOfMinnesota,max,Ref,REF-1,REF-1-3,3,esm1,-69.2,-103.6,62.1479142645903,standard,30-50 cm,69.2-103.6 cm
UnivOfMinnesota,max,Ref,REF-1,REF-1-3,3,esm2,-69.3383189470737,-103.849946829487,66.112031949155,standard,30-50 cm,69.3-103.8 cm
UnivOfMinnesota,fd,Ref,REF-1,REF-1-3,3,fd,-30,-50,76.33595062239999,standard,30-50 cm,30-50 cm
UnivOfMinnesota,max,Ref,REF-1,REF-1-4,4,esm1,-103.6,-138.1,27.7931843387864,standard,50-75 cm,103.6-138.1 cm
UnivOfMinnesota,max,Ref,REF-1,REF-1-4,4,esm2,-103.849946829487,-136.556387239778,14.4777343697179,standard,50-75 cm,103.8-136.6 cm
UnivOfMinnesota,fd,Ref,REF-1,REF-1-4,4,fd,-50,-75,82.135565502513,standard,50-75 cm,50-75 cm
UnivOfMinnesota,max,Ref,REF-1,REF-1-5,5,esm1,-138.1,-174.9,29.6460632947055,standard,75-100 cm,138.1-174.9 cm
UnivOfMinnesota,max,Ref,REF-1,REF-1-5,5,esm2,-136.556387239778,-179.071603793809,66.4391299887794,standard,75-100 cm,136.6-179.1 cm
UnivOfMinnesota,fd,Ref,REF-1,REF-1-5,5,fd,-75,-100,45.05938937185301,standard,75-100 cm,75-100 cm
UnivOfMinnesota,max,Ref,REF-2,REF-2-1,1,esm1,0,-21.6,91.1177202624362,standard,0-10 cm,0-21.6 cm
UnivOfMinnesota,max,Ref,REF-2,REF-2-1,1,esm2,0,-21.4984418171251,91.7386460660567,standard,0-10 cm,0-21.5 cm
UnivOfMinnesota,fd,Ref,REF-2,REF-2-1,1,fd,0,-10,41.9180180406125,standard,0-10 cm,0-10 cm
UnivOfMinnesota,max,Ref,REF-2,REF-2-2,2,esm1,-21.6,-64.6,192.481256324882,standard,10-30 cm,21.6-64.6 cm
UnivOfMinnesota,max,Ref,REF-2,REF-2-2,2,esm2,-21.4984418171251,-64.7945785404631,198.236352849134,standard,10-30 cm,21.5-64.8 cm
UnivOfMinnesota,fd,Ref,REF-2,REF-2-2,2,fd,-10,-30,86.451240558832,standard,10-30 cm,10-30 cm
UnivOfMinnesota,max,Ref,REF-2,REF-2-3,3,esm1,-64.6,-95.2,76.6536992477396,standard,30-50 cm,64.6-95.2 cm
UnivOfMinnesota,max,Ref,REF-2,REF-2-3,3,esm2,-64.7945785404631,-95.0062342064511,80.7609906549854,standard,30-50 cm,64.8-95 cm
UnivOfMinnesota,fd,Ref,REF-2,REF-2-3,3,fd,-30,-50,92.94791160916802,standard,30-50 cm,30-50 cm
UnivOfMinnesota,max,Ref,REF-2,REF-2-4,4,esm1,-95.2,-129.6,86.1727860824262,standard,50-75 cm,95.2-129.6 cm
UnivOfMinnesota,max,Ref,REF-2,REF-2-4,4,esm2,-95.0062342064511,-137.487264172402,-58.3281326128384,standard,50-75 cm,95-137.5 cm
UnivOfMinnesota,fd,Ref,REF-2,REF-2-4,4,fd,-50,-75,88.33404403153241,standard,50-75 cm,50-75 cm
UnivOfMinnesota,max,Ref,REF-2,REF-2-5,5,esm1,-129.6,-166.3,91.9343386402569,standard,75-100 cm,129.6-166.3 cm
UnivOfMinnesota,max,Ref,REF-2,REF-2-5,5,esm2,-137.487264172402,-212.764919615119,-243.850923545876,standard,75-100 cm,137.5-212.8 cm
UnivOfMinnesota,fd,Ref,REF-2,REF-2-5,5,fd,-75,-100,62.625571280829995,standard,75-100 cm,75-100 cm
UnivOfMinnesota,max,Ref,REF-3,REF-3-1,1,esm1,0,-22.5,85.0321992514598,standard,0-10 cm,0-22.5 cm
UnivOfMinnesota,max,Ref,REF-3,REF-3-1,1,esm2,0,-23.1140900827492,85.0225997911165,standard,0-10 cm,0-23.1 cm
UnivOfMinnesota,fd,Ref,REF-3,REF-3-1,1,fd,0,-10,44.2514163626645,standard,0-10 cm,0-10 cm
UnivOfMinnesota,max,Ref,REF-3,REF-3-2,2,esm1,-22.5,-70.8,168.65687234505901,standard,10-30 cm,22.5-70.8 cm
UnivOfMinnesota,max,Ref,REF-3,REF-3-2,2,esm2,-23.1140900827492,-71.0895091393301,174.29537239146,standard,10-30 cm,23.1-71.1 cm
UnivOfMinnesota,fd,Ref,REF-3,REF-3-2,2,fd,-10,-30,65.24925262207199,standard,10-30 cm,10-30 cm
UnivOfMinnesota,max,Ref,REF-3,REF-3-3,3,esm1,-70.8,-105.1,43.0208869292201,standard,30-50 cm,70.8-105.1 cm
UnivOfMinnesota,max,Ref,REF-3,REF-3-3,3,esm2,-71.0895091393301,-105.08274793709,41.836801820005,standard,30-50 cm,71.1-105.1 cm
UnivOfMinnesota,fd,Ref,REF-3,REF-3-3,3,fd,-30,-50,76.6075147261266,standard,30-50 cm,30-50 cm
UnivOfMinnesota,max,Ref,REF-3,REF-3-4,4,esm1,-105.1,-140.5,12.7534991293646,standard,50-75 cm,105.1-140.5 cm
UnivOfMinnesota,max,Ref,REF-3,REF-3-4,4,esm2,-105.08274793709,-139.645651642689,6.08114939169582,standard,50-75 cm,105.1-139.6 cm
UnivOfMinnesota,fd,Ref,REF-3,REF-3-4,4,fd,-50,-75,76.50382753764521,standard,50-75 cm,50-75 cm
UnivOfMinnesota,max,Ref,REF-3,REF-3-5,5,esm1,-140.5,-178.1,13.5460894707376,standard,75-100 cm,140.5-178.1 cm
UnivOfMinnesota,max,Ref,REF-3,REF-3-5,5,esm2,-139.645651642689,-187.426382008242,60.9823579057244,standard,75-100 cm,139.6-187.4 cm
UnivOfMinnesota,fd,Ref,REF-3,REF-3-5,5,fd,-75,-100,32.2605787585877,standard,75-100 cm,75-100 cm
UnivOfMinnesota,max,Ref,REF-4,REF-4-1,1,esm1,0,-22.1,93.469714051988,standard,0-10 cm,0-22.1 cm
UnivOfMinnesota,max,Ref,REF-4,REF-4-1,1,esm2,0,-21.9993132411578,95.3619894100265,standard,0-10 cm,0-22 cm
UnivOfMinnesota,fd,Ref,REF-4,REF-4-1,1,fd,0,-10,47.620819296711,standard,0-10 cm,0-10 cm
UnivOfMinnesota,max,Ref,REF-4,REF-4-2,2,esm1,-22.1,-71.6,145.520691241537,standard,10-30 cm,22.1-71.6 cm
UnivOfMinnesota,max,Ref,REF-4,REF-4-2,2,esm2,-21.9993132411578,-71.7273332769801,145.247003689208,standard,10-30 cm,22-71.7 cm
UnivOfMinnesota,fd,Ref,REF-4,REF-4-2,2,fd,-10,-30,75.1860420106032,standard,10-30 cm,10-30 cm
UnivOfMinnesota,max,Ref,REF-4,REF-4-3,3,esm1,-71.6,-111.3,19.6199601954175,standard,30-50 cm,71.6-111.3 cm
UnivOfMinnesota,max,Ref,REF-4,REF-4-3,3,esm2,-71.7273332769801,-110.864989858679,26.3585294200755,standard,30-50 cm,71.7-110.9 cm
UnivOfMinnesota,fd,Ref,REF-4,REF-4-3,3,fd,-30,-50,63.838195005024005,standard,30-50 cm,30-50 cm
UnivOfMinnesota,max,Ref,REF-4,REF-4-4,4,esm1,-111.3,-156.2,22.1898290371346,standard,50-75 cm,111.3-156.2 cm
UnivOfMinnesota,max,Ref,REF-4,REF-4-4,4,esm2,-110.864989858679,-161.075172265883,3.37883891251897,standard,50-75 cm,110.9-161.1 cm
UnivOfMinnesota,fd,Ref,REF-4,REF-4-4,4,fd,-50,-75,54.0256478392312,standard,50-75 cm,50-75 cm
UnivOfMinnesota,max,Ref,REF-4,REF-4-5,5,esm1,-156.2,-204,23.6230251219384,standard,75-100 cm,156.2-204 cm
UnivOfMinnesota,max,Ref,REF-4,REF-4-5,5,esm2,-161.075172265883,-239.955084364688,53.1567512260132,standard,75-100 cm,161.1-240 cm
UnivOfMinnesota,fd,Ref,REF-4,REF-4-5,5,fd,-75,-100,12.3551386621,standard,75-100 cm,75-100 cm
UnivOfMinnesota,max,Ref,REF-5,REF-5-1,1,esm1,0,-20.7,91.182663068753,standard,0-10 cm,0-20.7 cm
UnivOfMinnesota,max,Ref,REF-5,REF-5-1,1,esm2,0,-20.2475617151855,93.2665277311729,standard,0-10 cm,0-20.2 cm
UnivOfMinnesota,fd,Ref,REF-5,REF-5-1,1,fd,0,-10,50.857487668145,standard,0-10 cm,0-10 cm
UnivOfMinnesota,max,Ref,REF-5,REF-5-2,2,esm1,-20.7,-68.5,151.252082029788,standard,10-30 cm,20.7-68.5 cm
UnivOfMinnesota,max,Ref,REF-5,REF-5-2,2,esm2,-20.2475617151855,-69.7920070296852,157.947116768169,standard,10-30 cm,20.2-69.8 cm
UnivOfMinnesota,fd,Ref,REF-5,REF-5-2,2,fd,-10,-30,75.37415962730398,standard,10-30 cm,10-30 cm
UnivOfMinnesota,max,Ref,REF-5,REF-5-3,3,esm1,-68.5,-106.5,42.3702235507383,standard,30-50 cm,68.5-106.5 cm
UnivOfMinnesota,max,Ref,REF-5,REF-5-3,3,esm2,-69.7920070296852,-104.010184167982,46.3163753461891,standard,30-50 cm,69.8-104 cm
UnivOfMinnesota,fd,Ref,REF-5,REF-5-3,3,fd,-30,-50,66.65199827501279,standard,30-50 cm,30-50 cm
UnivOfMinnesota,max,Ref,REF-5,REF-5-4,4,esm1,-106.5,-148.7,25.0609724518782,standard,50-75 cm,106.5-148.7 cm
UnivOfMinnesota,max,Ref,REF-5,REF-5-4,4,esm2,-104.010184167982,-148.926812448517,12.1512040488887,standard,50-75 cm,104-148.9 cm
UnivOfMinnesota,fd,Ref,REF-5,REF-5-4,4,fd,-50,-75,66.96094530822,standard,50-75 cm,50-75 cm
UnivOfMinnesota,max,Ref,REF-5,REF-5-5,5,esm1,-148.7,-193.5,26.605013408629,standard,75-100 cm,148.7-193.5 cm
UnivOfMinnesota,max,Ref,REF-5,REF-5-5,5,esm2,-148.926812448517,-222.624269979,44.0339160178771,standard,75-100 cm,148.9-222.6 cm
UnivOfMinnesota,fd,Ref,REF-5,REF-5-5,5,fd,-75,-100,21.100275378723598,standard,75-100 cm,75-100 cm
UnivOfMinnesota,max,Ref,REF-6,REF-6-1,1,esm1,0,-20,96.9087104211872,standard,0-10 cm,0-20 cm
UnivOfMinnesota,max,Ref,REF-6,REF-6-1,1,esm2,0,-20.1159711800306,98.9783870386566,standard,0-10 cm,0-20.1 cm
UnivOfMinnesota,fd,Ref,REF-6,REF-6-1,1,fd,0,-10,53.415291754424,standard,0-10 cm,0-10 cm
UnivOfMinnesota,max,Ref,REF-6,REF-6-2,2,esm1,-20,-69,168.175886971429,standard,10-30 cm,20-69 cm
UnivOfMinnesota,max,Ref,REF-6,REF-6-2,2,esm2,-20.1159711800306,-69.4350411686,168.409424434842,standard,10-30 cm,20.1-69.4 cm
UnivOfMinnesota,fd,Ref,REF-6,REF-6-2,2,fd,-10,-30,86.98683733352598,standard,10-30 cm,10-30 cm
UnivOfMinnesota,max,Ref,REF-6,REF-6-3,3,esm1,-69,-100.4,38.1090318013988,standard,30-50 cm,69-100.4 cm
UnivOfMinnesota,max,Ref,REF-6,REF-6-3,3,esm2,-69.4350411686,-99.0625690771462,38.6945960341569,standard,30-50 cm,69.4-99.1 cm
UnivOfMinnesota,fd,Ref,REF-6,REF-6-3,3,fd,-30,-50,84.7397441087407,standard,30-50 cm,30-50 cm
UnivOfMinnesota,max,Ref,REF-6,REF-6-4,4,esm1,-100.4,-133.3,25.9996020734754,standard,50-75 cm,100.4-133.3 cm
UnivOfMinnesota,max,Ref,REF-6,REF-6-4,4,esm2,-99.0625690771462,-133.462627679186,23.3125195404397,standard,50-75 cm,99.1-133.5 cm
UnivOfMinnesota,fd,Ref,REF-6,REF-6-4,4,fd,-50,-75,50.9599695996144,standard,50-75 cm,50-75 cm
UnivOfMinnesota,max,Ref,REF-6,REF-6-5,5,esm1,-133.3,-168.2,27.5801249958752,standard,75-100 cm,133.3-168.2 cm
UnivOfMinnesota,max,Ref,REF-6,REF-6-5,5,esm2,-133.462627679186,-208.707481725517,110.005921274853,standard,75-100 cm,133.5-208.7 cm
UnivOfMinnesota,fd,Ref,REF-6,REF-6-5,5,fd,-75,-100,26.7756818132372,standard,75-100 cm,75-100 cm
UnivOfMinnesota,max,Ref,REF-7,REF-7-1,1,esm1,0,-24.5,83.0461758561307,standard,0-10 cm,0-24.5 cm
UnivOfMinnesota,max,Ref,REF-7,REF-7-1,1,esm2,0,-24.6748620449792,84.8381806294331,standard,0-10 cm,0-24.7 cm
UnivOfMinnesota,fd,Ref,REF-7,REF-7-1,1,fd,0,-10,37.201153331219,standard,0-10 cm,0-10 cm
UnivOfMinnesota,max,Ref,REF-7,REF-7-2,2,esm1,-24.5,-69.3,169.558246212359,standard,10-30 cm,24.5-69.3 cm
UnivOfMinnesota,max,Ref,REF-7,REF-7-2,2,esm2,-24.6748620449792,-69.5084086456163,175.749657614761,standard,10-30 cm,24.7-69.5 cm
UnivOfMinnesota,fd,Ref,REF-7,REF-7-2,2,fd,-10,-30,63.23451382746399,standard,10-30 cm,10-30 cm
UnivOfMinnesota,max,Ref,REF-7,REF-7-3,3,esm1,-69.3,-97.4,52.0306846560261,standard,30-50 cm,69.3-97.4 cm
UnivOfMinnesota,max,Ref,REF-7,REF-7-3,3,esm2,-69.5084086456163,-100.833888863645,54.4501627879484,standard,30-50 cm,69.5-100.8 cm
UnivOfMinnesota,fd,Ref,REF-7,REF-7-3,3,fd,-30,-50,75.36437927568099,standard,30-50 cm,30-50 cm
UnivOfMinnesota,max,Ref,REF-7,REF-7-4,4,esm1,-97.4,-125.9,15.3066540595614,standard,50-75 cm,97.4-125.9 cm
UnivOfMinnesota,max,Ref,REF-7,REF-7-4,4,esm2,-100.833888863645,-127.228989194102,8.13511005152895,standard,50-75 cm,100.8-127.2 cm
UnivOfMinnesota,fd,Ref,REF-7,REF-7-4,4,fd,-50,-75,99.543417354882,standard,50-75 cm,50-75 cm
UnivOfMinnesota,max,Ref,REF-7,REF-7-5,5,esm1,-125.9,-156.1,16.2196825473247,standard,75-100 cm,125.9-156.1 cm
UnivOfMinnesota,max,Ref,REF-7,REF-7-5,5,esm2,-127.228989194102,-149.188859110562,2.84118599689305,standard,75-100 cm,127.2-149.2 cm
UnivOfMinnesota,fd,Ref,REF-7,REF-7-5,5,fd,-75,-100,30.688039445972,standard,75-100 cm,75-100 cm
UnivOfMinnesota,max,Ref,REF-8,REF-8-1,1,esm1,0,-20.6,92.9916903439511,standard,0-10 cm,0-20.6 cm
UnivOfMinnesota,max,Ref,REF-8,REF-8-1,1,esm2,0,-20.7773878254638,97.2584431403171,standard,0-10 cm,0-20.8 cm
UnivOfMinnesota,fd,Ref,REF-8,REF-8-1,1,fd,0,-10,46.6905572026695,standard,0-10 cm,0-10 cm
UnivOfMinnesota,max,Ref,REF-8,REF-8-2,2,esm1,-20.6,-65.9,153.351427245675,standard,10-30 cm,20.6-65.9 cm
UnivOfMinnesota,max,Ref,REF-8,REF-8-2,2,esm2,-20.7773878254638,-66.2076677409439,151.508735436116,standard,10-30 cm,20.8-66.2 cm
UnivOfMinnesota,fd,Ref,REF-8,REF-8-2,2,fd,-10,-30,87.360628568456,standard,10-30 cm,10-30 cm
UnivOfMinnesota,max,Ref,REF-8,REF-8-3,3,esm1,-65.9,-99.4,42.1882823688923,standard,30-50 cm,65.9-99.4 cm
UnivOfMinnesota,max,Ref,REF-8,REF-8-3,3,esm2,-66.2076677409439,-100.302216878467,51.2062784194341,standard,30-50 cm,66.2-100.3 cm
UnivOfMinnesota,fd,Ref,REF-8,REF-8-3,3,fd,-30,-50,69.4274197025456,standard,30-50 cm,30-50 cm
UnivOfMinnesota,max,Ref,REF-8,REF-8-4,4,esm1,-99.4,-136.2,35.3027107347807,standard,50-75 cm,99.4-136.2 cm
UnivOfMinnesota,max,Ref,REF-8,REF-8-4,4,esm2,-100.302216878467,-134.80304978374,1.59775840142765,standard,50-75 cm,100.3-134.8 cm
UnivOfMinnesota,fd,Ref,REF-8,REF-8-4,4,fd,-50,-75,61.64556236722151,standard,50-75 cm,50-75 cm
UnivOfMinnesota,max,Ref,REF-8,REF-8-5,5,esm1,-136.2,-175.4,37.6050614348751,standard,75-100 cm,136.2-175.4 cm
UnivOfMinnesota,max,Ref,REF-8,REF-8-5,5,esm2,-134.80304978374,-174.524707337742,26.5530774447906,standard,75-100 cm,134.8-174.5 cm
UnivOfMinnesota,fd,Ref,REF-8,REF-8-5,5,fd,-75,-100,23.9828197926525,standard,75-100 cm,75-100 cm
UnivOfMinnesota,max,Ref,REF-9,REF-9-1,1,esm1,0,-21.7,86.8264572121384,standard,0-10 cm,0-21.7 cm
UnivOfMinnesota,max,Ref,REF-9,REF-9-1,1,esm2,0,-21.6259464809356,87.7337990649595,standard,0-10 cm,0-21.6 cm
UnivOfMinnesota,fd,Ref,REF-9,REF-9-1,1,fd,0,-10,44.740733745535,standard,0-10 cm,0-10 cm
UnivOfMinnesota,max,Ref,REF-9,REF-9-2,2,esm1,-21.7,-69.4,139.950760454859,standard,10-30 cm,21.7-69.4 cm
UnivOfMinnesota,max,Ref,REF-9,REF-9-2,2,esm2,-21.6259464809356,-69.5829134143968,140.485562514943,standard,10-30 cm,21.6-69.6 cm
UnivOfMinnesota,fd,Ref,REF-9,REF-9-2,2,fd,-10,-30,71.3777078427975,standard,10-30 cm,10-30 cm
UnivOfMinnesota,max,Ref,REF-9,REF-9-3,3,esm1,-69.4,-99.9,19.3423835154992,standard,30-50 cm,69.4-99.9 cm
UnivOfMinnesota,max,Ref,REF-9,REF-9-3,3,esm2,-69.5829134143968,-102.569340275103,15.4231849863035,standard,30-50 cm,69.6-102.6 cm
UnivOfMinnesota,fd,Ref,REF-9,REF-9-3,3,fd,-30,-50,69.68660846553,standard,30-50 cm,30-50 cm
UnivOfMinnesota,max,Ref,REF-9,REF-9-4,4,esm1,-99.9,-134,19.1333144531267,standard,50-75 cm,99.9-134 cm
UnivOfMinnesota,max,Ref,REF-9,REF-9-4,4,esm2,-102.569340275103,-132.871311458072,34.5529282976588,standard,50-75 cm,102.6-132.9 cm
UnivOfMinnesota,fd,Ref,REF-9,REF-9-4,4,fd,-50,-75,46.3433039179888,standard,50-75 cm,50-75 cm
UnivOfMinnesota,max,Ref,REF-9,REF-9-5,5,esm1,-134,-170.1,20.2555029840966,standard,75-100 cm,134-170.1 cm
UnivOfMinnesota,max,Ref,REF-9,REF-9-5,5,esm2,-132.871311458072,-165.867442576284,223.63820066839,standard,75-100 cm,132.9-165.9 cm
UnivOfMinnesota,fd,Ref,REF-9,REF-9-5,5,fd,-75,-100,14.0273566371925,standard,75-100 cm,75-100 cm
WashingtonState,max,SHM,ASP10-1,ASP10-1-1,1,esm1,0,-17.4,26.8629939534884,standard,0-10 cm,0-17.4 cm
WashingtonState,max,SHM,ASP10-1,ASP10-1-1,1,esm2,0,-17.7727847980884,27.9408704004152,standard,0-10 cm,0-17.8 cm
WashingtonState,fd,SHM,ASP10-1,ASP10-1-1,1,fd,0,-10,17.663313953488373,standard,0-10 cm,0-10 cm
WashingtonState,max,SHM,ASP10-1,ASP10-1-2,2,esm1,-17.4,-63.8,34.2064799999989,standard,10-30 cm,17.4-63.8 cm
WashingtonState,max,SHM,ASP10-1,ASP10-1-2,2,esm2,-17.7727847980884,-63.8260004879141,33.1052254688944,standard,10-30 cm,17.8-63.8 cm
WashingtonState,fd,SHM,ASP10-1,ASP10-1-2,2,fd,-10,-30,24.864000000000004,standard,10-30 cm,10-30 cm
WashingtonState,max,SHM,ASP10-1,ASP10-1-3,3,esm1,-63.8,-108.3,14.1475500000002,standard,30-50 cm,63.8-108.3 cm
WashingtonState,max,SHM,ASP10-1,ASP10-1-3,3,esm2,-63.8260004879141,-109.075006330357,14.348752858186,standard,30-50 cm,63.8-109.1 cm
WashingtonState,fd,SHM,ASP10-1,ASP10-1-3,3,fd,-30,-50,12.134400000000001,standard,30-50 cm,30-50 cm
WashingtonState,max,SHM,ASP10-1,ASP10-1-4,4,esm1,-108.3,-145.5,8.91684000000208,standard,50-75 cm,108.3-145.5 cm
WashingtonState,max,SHM,ASP10-1,ASP10-1-4,4,esm2,-109.075006330357,-113.606320787687,3.22274609740083,standard,50-75 cm,109.1-113.6 cm
WashingtonState,fd,SHM,ASP10-1,ASP10-1-4,4,fd,-50,-75,10.722,standard,50-75 cm,50-75 cm
WashingtonState,max,SHM,ASP10-1,ASP10-1-5,5,esm1,-145.5,-184.9,9.44418000000221,standard,75-100 cm,145.5-184.9 cm
WashingtonState,max,SHM,ASP10-1,ASP10-1-5,5,esm2,-113.606320787687,53.6419685913184,-20.0022460251339,standard,75-100 cm,113.653.6 cm
WashingtonState,fd,SHM,ASP10-1,ASP10-1-5,5,fd,-75,-100,7.6356,standard,75-100 cm,75-100 cm
WashingtonState,max,SHM,ASP10-2,ASP10-2-1,1,esm1,0,-17.5,22.1816279069767,standard,0-10 cm,0-17.5 cm
WashingtonState,max,SHM,ASP10-2,ASP10-2-1,1,esm2,0,-18.0091688643169,23.0319986938336,standard,0-10 cm,0-18 cm
WashingtonState,fd,SHM,ASP10-2,ASP10-2-1,1,fd,0,-10,13.931627906976743,standard,0-10 cm,0-10 cm
WashingtonState,max,SHM,ASP10-2,ASP10-2-2,2,esm1,-17.5,-59.6,29.5190799999994,standard,10-30 cm,17.5-59.6 cm
WashingtonState,max,SHM,ASP10-2,ASP10-2-2,2,esm2,-18.0091688643169,-59.3339101744367,28.8281101736838,standard,10-30 cm,18-59.3 cm
WashingtonState,fd,SHM,ASP10-2,ASP10-2-2,2,fd,-10,-30,22,standard,10-30 cm,10-30 cm
WashingtonState,max,SHM,ASP10-2,ASP10-2-3,3,esm1,-59.6,-104.7,9.2275999999996,standard,30-50 cm,59.6-104.7 cm
WashingtonState,max,SHM,ASP10-2,ASP10-2-3,3,esm2,-59.3339101744367,-104.676719439518,9.19768830947224,standard,30-50 cm,59.3-104.7 cm
WashingtonState,fd,SHM,ASP10-2,ASP10-2-3,3,fd,-30,-50,11.941600000000001,standard,30-50 cm,30-50 cm
WashingtonState,max,SHM,ASP10-2,ASP10-2-4,4,esm1,-104.7,-159.1,4.44719999999893,standard,50-75 cm,104.7-159.1 cm
WashingtonState,max,SHM,ASP10-2,ASP10-2-4,4,esm2,-104.676719439518,-160.256760644689,-1.21060459429818,standard,50-75 cm,104.7-160.3 cm
WashingtonState,fd,SHM,ASP10-2,ASP10-2-4,4,fd,-50,-75,7.582000000000001,standard,50-75 cm,50-75 cm
WashingtonState,max,SHM,ASP10-2,ASP10-2-5,5,esm1,-159.1,-217.1,4.45439999999621,standard,75-100 cm,159.1-217.1 cm
WashingtonState,max,SHM,ASP10-2,ASP10-2-5,5,esm2,-160.256760644689,-220.147564445824,-27.0126000006382,standard,75-100 cm,160.3-220.1 cm
WashingtonState,fd,SHM,ASP10-2,ASP10-2-5,5,fd,-75,-100,4.7286,standard,75-100 cm,75-100 cm
WashingtonState,max,SHM,ASP10-3,ASP10-3-1,1,esm1,0,-15.4,10.9901972093023,standard,0-10 cm,0-15.4 cm
WashingtonState,max,SHM,ASP10-3,ASP10-3-1,1,esm2,0,-16.2644821925124,12.0467665042122,standard,0-10 cm,0-16.3 cm
WashingtonState,fd,SHM,ASP10-3,ASP10-3-1,1,fd,0,-10,7.164837209302325,standard,0-10 cm,0-10 cm
WashingtonState,max,SHM,ASP10-3,ASP10-3-2,2,esm1,-15.4,-56.9,11.4332799999999,standard,10-30 cm,15.4-56.9 cm
WashingtonState,max,SHM,ASP10-3,ASP10-3-2,2,esm2,-16.2644821925124,-57.7696257658019,10.271052001031,standard,10-30 cm,16.3-57.8 cm
WashingtonState,fd,SHM,ASP10-3,ASP10-3-2,2,fd,-10,-30,12.3728,standard,10-30 cm,10-30 cm
WashingtonState,max,SHM,ASP10-3,ASP10-3-3,3,esm1,-56.9,-95.9,3.50031000000014,standard,30-50 cm,56.9-95.9 cm
WashingtonState,max,SHM,ASP10-3,ASP10-3-3,3,esm2,-57.7696257658019,-95.5215596090388,3.69891325342891,standard,30-50 cm,57.8-95.5 cm
WashingtonState,fd,SHM,ASP10-3,ASP10-3-3,3,fd,-30,-50,2.2,standard,30-50 cm,30-50 cm
WashingtonState,max,SHM,ASP10-3,ASP10-3-4,4,esm1,-95.9,-144.1,2.82440000000006,standard,50-75 cm,95.9-144.1 cm
WashingtonState,max,SHM,ASP10-3,ASP10-3-4,4,esm2,-95.5215596090388,-145.25643286311,2.19797683993204,standard,50-75 cm,95.5-145.3 cm
WashingtonState,fd,SHM,ASP10-3,ASP10-3-4,4,fd,-50,-75,2.4524000000000004,standard,50-75 cm,50-75 cm
WashingtonState,max,SHM,ASP10-3,ASP10-3-5,5,esm1,-144.1,-196.2,2.78734999999998,standard,75-100 cm,144.1-196.2 cm
WashingtonState,max,SHM,ASP10-3,ASP10-3-5,5,esm2,-145.25643286311,-207.29406672277,-2.17982800130903,standard,75-100 cm,145.3-207.3 cm
WashingtonState,fd,SHM,ASP10-3,ASP10-3-5,5,fd,-75,-100,2.0638,standard,75-100 cm,75-100 cm
WashingtonState,max,SHM,ASP2-1,ASP2-1-1,1,esm1,0,-17,39.36735,standard,0-10 cm,0-17 cm
WashingtonState,max,SHM,ASP2-1,ASP2-1-1,1,esm2,0,-17.8173594174825,40.4606002602232,standard,0-10 cm,0-17.8 cm
WashingtonState,fd,SHM,ASP2-1,ASP2-1-1,1,fd,0,-10,21.58812,standard,0-10 cm,0-10 cm
WashingtonState,max,SHM,ASP2-1,ASP2-1-2,2,esm1,-17,-56.9,78.3538524000008,standard,10-30 cm,17-56.9 cm
WashingtonState,max,SHM,ASP2-1,ASP2-1-2,2,esm2,-17.8173594174825,-56.3812894852441,79.6330793021944,standard,10-30 cm,17.8-56.4 cm
WashingtonState,fd,SHM,ASP2-1,ASP2-1-2,2,fd,-10,-30,49.973866,standard,10-30 cm,10-30 cm
WashingtonState,max,SHM,ASP2-1,ASP2-1-3,3,esm1,-56.9,-98.6,47.0963101750029,standard,30-50 cm,56.9-98.6 cm
WashingtonState,max,SHM,ASP2-1,ASP2-1-3,3,esm2,-56.3812894852441,-98.8089821293903,45.575558539384,standard,30-50 cm,56.4-98.8 cm
WashingtonState,fd,SHM,ASP2-1,ASP2-1-3,3,fd,-30,-50,34.31912,standard,30-50 cm,30-50 cm
WashingtonState,max,SHM,ASP2-1,ASP2-1-4,4,esm1,-98.6,-145.6,38.1337966250027,standard,50-75 cm,98.6-145.6 cm
WashingtonState,max,SHM,ASP2-1,ASP2-1-4,4,esm2,-98.8089821293903,-143.461604643823,35.2192951572662,standard,50-75 cm,98.8-143.5 cm
WashingtonState,fd,SHM,ASP2-1,ASP2-1-4,4,fd,-50,-75,36.433547999999995,standard,50-75 cm,50-75 cm
WashingtonState,max,SHM,ASP2-1,ASP2-1-5,5,esm1,-145.6,-195.6,40.5678687500028,standard,75-100 cm,145.6-195.6 cm
WashingtonState,max,SHM,ASP2-1,ASP2-1-5,5,esm2,-143.461604643823,-175.939771716651,45.9348357487131,standard,75-100 cm,143.5-175.9 cm
WashingtonState,fd,SHM,ASP2-1,ASP2-1-5,5,fd,-75,-100,23.638758900000003,standard,75-100 cm,75-100 cm
WashingtonState,max,SHM,ASP2-2,ASP2-2-1,1,esm1,0,-21.4,33.5560188,standard,0-10 cm,0-21.4 cm
WashingtonState,max,SHM,ASP2-2,ASP2-2-1,1,esm2,0,-23.174139238686,37.6487241554458,standard,0-10 cm,0-23.2 cm
WashingtonState,fd,SHM,ASP2-2,ASP2-2-1,1,fd,0,-10,15.149385,standard,0-10 cm,0-10 cm
WashingtonState,max,SHM,ASP2-2,ASP2-2-2,2,esm1,-21.4,-68.1,53.1883417199986,standard,10-30 cm,21.4-68.1 cm
WashingtonState,max,SHM,ASP2-2,ASP2-2-2,2,esm2,-23.174139238686,-68.1940319406902,50.9049619720007,standard,10-30 cm,23.2-68.2 cm
WashingtonState,fd,SHM,ASP2-2,ASP2-2-2,2,fd,-10,-30,32.29234,standard,10-30 cm,10-30 cm
WashingtonState,max,SHM,ASP2-2,ASP2-2-3,3,esm1,-68.1,-108.7,24.6017084799989,standard,30-50 cm,68.1-108.7 cm
WashingtonState,max,SHM,ASP2-2,ASP2-2-3,3,esm2,-68.1940319406902,-108.134671882089,23.2169968203496,standard,30-50 cm,68.2-108.1 cm
WashingtonState,fd,SHM,ASP2-2,ASP2-2-3,3,fd,-30,-50,21.2159716,standard,30-50 cm,30-50 cm
WashingtonState,max,SHM,ASP2-2,ASP2-2-4,4,esm1,-108.7,-155.7,14.6404999999984,standard,50-75 cm,108.7-155.7 cm
WashingtonState,max,SHM,ASP2-2,ASP2-2-4,4,esm2,-108.134671882089,-167.679529900404,11.645259425734,standard,50-75 cm,108.1-167.7 cm
WashingtonState,fd,SHM,ASP2-2,ASP2-2-4,4,fd,-50,-75,24.98158,standard,50-75 cm,50-75 cm
WashingtonState,max,SHM,ASP2-2,ASP2-2-5,5,esm1,-155.7,-205.8,15.6061499999984,standard,75-100 cm,155.7-205.8 cm
WashingtonState,max,SHM,ASP2-2,ASP2-2-5,5,esm2,-167.679529900404,-280.062535969181,21.6537626894345,standard,75-100 cm,167.7-280.1 cm
WashingtonState,fd,SHM,ASP2-2,ASP2-2-5,5,fd,-75,-100,14.9967424,standard,75-100 cm,75-100 cm
WashingtonState,max,SHM,ASP2-3,ASP2-3-1,1,esm1,0,-19.1,44.162867,standard,0-10 cm,0-19.1 cm
WashingtonState,max,SHM,ASP2-3,ASP2-3-1,1,esm2,0,-20.7708853111724,47.5891434500547,standard,0-10 cm,0-20.8 cm
WashingtonState,fd,SHM,ASP2-3,ASP2-3-1,1,fd,0,-10,19.261445,standard,0-10 cm,0-10 cm
WashingtonState,max,SHM,ASP2-3,ASP2-3-2,2,esm1,-19.1,-59,93.9043579999999,standard,10-30 cm,19.1-59 cm
WashingtonState,max,SHM,ASP2-3,ASP2-3-2,2,esm2,-20.7708853111724,-58.6375099201276,92.7784423298087,standard,10-30 cm,20.8-58.6 cm
WashingtonState,fd,SHM,ASP2-3,ASP2-3-2,2,fd,-10,-30,54.72839999999999,standard,10-30 cm,10-30 cm
WashingtonState,max,SHM,ASP2-3,ASP2-3-3,3,esm1,-59,-100.9,35.4473428874966,standard,30-50 cm,59-100.9 cm
WashingtonState,max,SHM,ASP2-3,ASP2-3-3,3,esm2,-58.6375099201276,-101.029575841231,33.2837595358137,standard,30-50 cm,58.6-101 cm
WashingtonState,fd,SHM,ASP2-3,ASP2-3-3,3,fd,-30,-50,46.32506,standard,30-50 cm,30-50 cm
WashingtonState,max,SHM,ASP2-3,ASP2-3-4,4,esm1,-100.9,-148,26.4782909875037,standard,50-75 cm,100.9-148 cm
WashingtonState,max,SHM,ASP2-3,ASP2-3-4,4,esm2,-101.029575841231,-149.533010527922,46.9138479446318,standard,50-75 cm,101-149.5 cm
WashingtonState,fd,SHM,ASP2-3,ASP2-3-4,4,fd,-50,-75,36.5979371,standard,50-75 cm,50-75 cm
WashingtonState,max,SHM,ASP2-3,ASP2-3-5,5,esm1,-148,-198,29.2431750000048,standard,75-100 cm,148-198 cm
WashingtonState,max,SHM,ASP2-3,ASP2-3-5,5,esm2,-149.533010527922,-213.631545654077,229.23156855545,standard,75-100 cm,149.5-213.6 cm
WashingtonState,fd,SHM,ASP2-3,ASP2-3-5,5,fd,-75,-100,16.210827775,standard,75-100 cm,75-100 cm
WashingtonState,max,SHM,ASP6-1,ASP6-1-1,1,esm1,0,-17.2,33.594,standard,0-10 cm,0-17.2 cm
WashingtonState,max,SHM,ASP6-1,ASP6-1-1,1,esm2,0,-17.602145306916,34.5392371184763,standard,0-10 cm,0-17.6 cm
WashingtonState,fd,SHM,ASP6-1,ASP6-1-1,1,fd,0,-10,21.39,standard,0-10 cm,0-10 cm
WashingtonState,max,SHM,ASP6-1,ASP6-1-2,2,esm1,-17.2,-58.8,39.9092000000005,standard,10-30 cm,17.2-58.8 cm
WashingtonState,max,SHM,ASP6-1,ASP6-1-2,2,esm2,-17.602145306916,-58.8437990058648,39.3462421807145,standard,10-30 cm,17.6-58.8 cm
WashingtonState,fd,SHM,ASP6-1,ASP6-1-2,2,fd,-10,-30,32.1692,standard,10-30 cm,10-30 cm
WashingtonState,max,SHM,ASP6-1,ASP6-1-3,3,esm1,-58.8,-97.6,13.8732000000019,standard,30-50 cm,58.8-97.6 cm
WashingtonState,max,SHM,ASP6-1,ASP6-1-3,3,esm2,-58.8437990058648,-97.2936689495841,13.4984333678646,standard,30-50 cm,58.8-97.3 cm
WashingtonState,fd,SHM,ASP6-1,ASP6-1-3,3,fd,-30,-50,15.8608,standard,30-50 cm,30-50 cm
WashingtonState,max,SHM,ASP6-1,ASP6-1-4,4,esm1,-97.6,-143.1,10.9882500000027,standard,50-75 cm,97.6-143.1 cm
WashingtonState,max,SHM,ASP6-1,ASP6-1-4,4,esm2,-97.2936689495841,-147.437299493246,12.5633299952975,standard,50-75 cm,97.3-147.4 cm
WashingtonState,fd,SHM,ASP6-1,ASP6-1-4,4,fd,-50,-75,11.167399999999999,standard,50-75 cm,50-75 cm
WashingtonState,max,SHM,ASP6-1,ASP6-1-5,5,esm1,-143.1,-191.5,11.6886000000029,standard,75-100 cm,143.1-191.5 cm
WashingtonState,max,SHM,ASP6-1,ASP6-1-5,5,esm2,-147.437299493246,-230.018755057126,30.8403525013131,standard,75-100 cm,147.4-230 cm
WashingtonState,fd,SHM,ASP6-1,ASP6-1-5,5,fd,-75,-100,7.3686,standard,75-100 cm,75-100 cm
WashingtonState,max,SHM,ASP6-2,ASP6-2-1,1,esm1,0,-19.9,33.3199500000001,standard,0-10 cm,0-19.9 cm
WashingtonState,max,SHM,ASP6-2,ASP6-2-1,1,esm2,0,-20.2764934041475,35.7546279310076,standard,0-10 cm,0-20.3 cm
WashingtonState,fd,SHM,ASP6-2,ASP6-2-1,1,fd,0,-10,17.6235,standard,0-10 cm,0-10 cm
WashingtonState,max,SHM,ASP6-2,ASP6-2-2,2,esm1,-19.9,-74.7,48.31395,standard,10-30 cm,19.9-74.7 cm
WashingtonState,max,SHM,ASP6-2,ASP6-2-2,2,esm2,-20.2764934041475,-78.0056996270979,47.2348860285356,standard,10-30 cm,20.3-78 cm
WashingtonState,fd,SHM,ASP6-2,ASP6-2-2,2,fd,-10,-30,31.71,standard,10-30 cm,10-30 cm
WashingtonState,max,SHM,ASP6-2,ASP6-2-3,3,esm1,-74.7,-115.4,24.244620000001,standard,30-50 cm,74.7-115.4 cm
WashingtonState,max,SHM,ASP6-2,ASP6-2-3,3,esm2,-78.0056996270979,-115.833794182388,23.202970351564,standard,30-50 cm,78-115.8 cm
WashingtonState,fd,SHM,ASP6-2,ASP6-2-3,3,fd,-30,-50,14.6505,standard,30-50 cm,30-50 cm
WashingtonState,max,SHM,ASP6-2,ASP6-2-4,4,esm1,-115.4,-160.5,19.8800799999972,standard,50-75 cm,115.4-160.5 cm
WashingtonState,max,SHM,ASP6-2,ASP6-2-4,4,esm2,-115.833794182388,-141.833332904772,8.26983875365902,standard,50-75 cm,115.8-141.8 cm
WashingtonState,fd,SHM,ASP6-2,ASP6-2-4,4,fd,-50,-75,17.88,standard,50-75 cm,50-75 cm
WashingtonState,max,SHM,ASP6-2,ASP6-2-5,5,esm1,-160.5,-208.5,21.1584000000032,standard,75-100 cm,160.5-208.5 cm
WashingtonState,max,SHM,ASP6-2,ASP6-2-5,5,esm2,-141.833332904772,-109.01419350311,-19.424988735743,standard,75-100 cm,141.8-109 cm
WashingtonState,fd,SHM,ASP6-2,ASP6-2-5,5,fd,-75,-100,16.571,standard,75-100 cm,75-100 cm
WashingtonState,max,SHM,ASP6-3,ASP6-3-1,1,esm1,0,-16.8,38.2224399999999,standard,0-10 cm,0-16.8 cm
WashingtonState,max,SHM,ASP6-3,ASP6-3-1,1,esm2,0,-16.7099328875277,38.3869339151769,standard,0-10 cm,0-16.7 cm
WashingtonState,fd,SHM,ASP6-3,ASP6-3-1,1,fd,0,-10,24.209000000000003,standard,0-10 cm,0-10 cm
WashingtonState,max,SHM,ASP6-3,ASP6-3-2,2,esm1,-16.8,-68.5,68.0472100000008,standard,10-30 cm,16.8-68.5 cm
WashingtonState,max,SHM,ASP6-3,ASP6-3-2,2,esm2,-16.7099328875277,-69.5135460845937,68.7137162093726,standard,10-30 cm,16.7-69.5 cm
WashingtonState,fd,SHM,ASP6-3,ASP6-3-2,2,fd,-10,-30,39.321400000000004,standard,10-30 cm,10-30 cm
WashingtonState,max,SHM,ASP6-3,ASP6-3-3,3,esm1,-68.5,-109.2,37.7542099999992,standard,30-50 cm,68.5-109.2 cm
WashingtonState,max,SHM,ASP6-3,ASP6-3-3,3,esm2,-69.5135460845937,-109.353796531937,37.044223793321,standard,30-50 cm,69.5-109.4 cm
WashingtonState,fd,SHM,ASP6-3,ASP6-3-3,3,fd,-30,-50,22.27,standard,30-50 cm,30-50 cm
WashingtonState,max,SHM,ASP6-3,ASP6-3-4,4,esm1,-109.2,-141.3,16.2201300000029,standard,50-75 cm,109.2-141.3 cm
WashingtonState,max,SHM,ASP6-3,ASP6-3-4,4,esm2,-109.353796531937,-120.047144871804,-2.47785581763321,standard,50-75 cm,109.4-120 cm
WashingtonState,fd,SHM,ASP6-3,ASP6-3-4,4,fd,-50,-75,27.593899999999998,standard,50-75 cm,50-75 cm
WashingtonState,max,SHM,ASP6-3,ASP6-3-5,5,esm1,-141.3,-175.5,17.2812600000031,standard,75-100 cm,141.3-175.5 cm
WashingtonState,max,SHM,ASP6-3,ASP6-3-5,5,esm2,-120.047144871804,-14.8219679870441,-89.716621885729,standard,75-100 cm,120-14.8 cm
WashingtonState,fd,SHM,ASP6-3,ASP6-3-5,5,fd,-75,-100,23.551699999999997,standard,75-100 cm,75-100 cm
WashingtonState,max,SHM,ASP9-1,ASP9-1-1,1,esm1,0,-19.9,37.4463645000001,standard,0-10 cm,0-19.9 cm
WashingtonState,max,SHM,ASP9-1,ASP9-1-1,1,esm2,0,-22.029981194704,38.7363000717897,standard,0-10 cm,0-22 cm
WashingtonState,fd,SHM,ASP9-1,ASP9-1-1,1,fd,0,-10,21.083595,standard,0-10 cm,0-10 cm
WashingtonState,max,SHM,ASP9-1,ASP9-1-2,2,esm1,-19.9,-63.2,85.0034680999983,standard,10-30 cm,19.9-63.2 cm
WashingtonState,max,SHM,ASP9-1,ASP9-1-2,2,esm2,-22.029981194704,-63.2755138866307,83.9249352882761,standard,10-30 cm,22-63.3 cm
WashingtonState,fd,SHM,ASP9-1,ASP9-1-2,2,fd,-10,-30,33.0561,standard,10-30 cm,10-30 cm
WashingtonState,max,SHM,ASP9-1,ASP9-1-3,3,esm1,-63.2,-104.6,63.8531987999962,standard,30-50 cm,63.2-104.6 cm
WashingtonState,max,SHM,ASP9-1,ASP9-1-3,3,esm2,-63.2755138866307,-104.645877778061,63.7487671237142,standard,30-50 cm,63.3-104.6 cm
WashingtonState,fd,SHM,ASP9-1,ASP9-1-3,3,fd,-30,-50,41.21248,standard,30-50 cm,30-50 cm
WashingtonState,max,SHM,ASP9-1,ASP9-1-4,4,esm1,-104.6,-154,58.1188036000024,standard,50-75 cm,104.6-154 cm
WashingtonState,max,SHM,ASP9-1,ASP9-1-4,4,esm2,-104.645877778061,-156.970842550299,54.1349264046254,standard,50-75 cm,104.6-157 cm
WashingtonState,fd,SHM,ASP9-1,ASP9-1-4,4,fd,-50,-75,45.360848,standard,50-75 cm,50-75 cm
WashingtonState,max,SHM,ASP9-1,ASP9-1-5,5,esm1,-154,-206.5,61.7659350000025,standard,75-100 cm,154-206.5 cm
WashingtonState,max,SHM,ASP9-1,ASP9-1-5,5,esm2,-156.970842550299,-224.464793508887,47.0243146052197,standard,75-100 cm,157-224.5 cm
WashingtonState,fd,SHM,ASP9-1,ASP9-1-5,5,fd,-75,-100,38.6932,standard,75-100 cm,75-100 cm
WashingtonState,max,SHM,ASP9-2,ASP9-2-1,1,esm1,0,-19.1,36.5583684,standard,0-10 cm,0-19.1 cm
WashingtonState,max,SHM,ASP9-2,ASP9-2-1,1,esm2,0,-20.5273233489804,38.758888626238,standard,0-10 cm,0-20.5 cm
WashingtonState,fd,SHM,ASP9-2,ASP9-2-1,1,fd,0,-10,22.255679999999998,standard,0-10 cm,0-10 cm
WashingtonState,max,SHM,ASP9-2,ASP9-2-2,2,esm1,-19.1,-61,64.5572784000009,standard,10-30 cm,19.1-61 cm
WashingtonState,max,SHM,ASP9-2,ASP9-2-2,2,esm2,-20.5273233489804,-60.8886220608424,63.2969428792082,standard,10-30 cm,20.5-60.9 cm
WashingtonState,fd,SHM,ASP9-2,ASP9-2-2,2,fd,-10,-30,31.434479999999997,standard,10-30 cm,10-30 cm
WashingtonState,max,SHM,ASP9-2,ASP9-2-3,3,esm1,-61,-99.5,37.2720357000001,standard,30-50 cm,61-99.5 cm
WashingtonState,max,SHM,ASP9-2,ASP9-2-3,3,esm2,-60.8886220608424,-99.1751699581846,37.0220500798445,standard,30-50 cm,60.9-99.2 cm
WashingtonState,fd,SHM,ASP9-2,ASP9-2-3,3,fd,-30,-50,31.765282999999997,standard,30-50 cm,30-50 cm
WashingtonState,max,SHM,ASP9-2,ASP9-2-4,4,esm1,-99.5,-151.9,25.0680090000023,standard,50-75 cm,99.5-151.9 cm
WashingtonState,max,SHM,ASP9-2,ASP9-2-4,4,esm2,-99.1751699581846,-160.581826264895,25.6023952475624,standard,50-75 cm,99.2-160.6 cm
WashingtonState,fd,SHM,ASP9-2,ASP9-2-4,4,fd,-50,-75,31.486933599999997,standard,50-75 cm,50-75 cm
WashingtonState,max,SHM,ASP9-2,ASP9-2-5,5,esm1,-151.9,-209.2,25.4838885000039,standard,75-100 cm,151.9-209.2 cm
WashingtonState,max,SHM,ASP9-2,ASP9-2-5,5,esm2,-160.581826264895,-287.05561044324,53.4938084421774,standard,75-100 cm,160.6-287.1 cm
WashingtonState,fd,SHM,ASP9-2,ASP9-2-5,5,fd,-75,-100,21.7604874,standard,75-100 cm,75-100 cm
WashingtonState,max,SHM,ASP9-3,ASP9-3-1,1,esm1,0,-21.2,36.3710683999999,standard,0-10 cm,0-21.2 cm
WashingtonState,max,SHM,ASP9-3,ASP9-3-1,1,esm2,0,-22.8834940821141,37.7843116196492,standard,0-10 cm,0-22.9 cm
WashingtonState,fd,SHM,ASP9-3,ASP9-3-1,1,fd,0,-10,23.275109999999998,standard,0-10 cm,0-10 cm
WashingtonState,max,SHM,ASP9-3,ASP9-3-2,2,esm1,-21.2,-72.4,41.4782398400011,standard,10-30 cm,21.2-72.4 cm
WashingtonState,max,SHM,ASP9-3,ASP9-3-2,2,esm2,-22.8834940821141,-72.0394094388353,40.7968719531164,standard,10-30 cm,22.9-72 cm
WashingtonState,fd,SHM,ASP9-3,ASP9-3-2,2,fd,-10,-30,23.141451800000002,standard,10-30 cm,10-30 cm
WashingtonState,max,SHM,ASP9-3,ASP9-3-3,3,esm1,-72.4,-124.5,16.3198425599991,standard,30-50 cm,72.4-124.5 cm
WashingtonState,max,SHM,ASP9-3,ASP9-3-3,3,esm2,-72.0394094388353,-124.196687158078,15.241254617153,standard,30-50 cm,72-124.2 cm
WashingtonState,fd,SHM,ASP9-3,ASP9-3-3,3,fd,-30,-50,18.501876000000003,standard,30-50 cm,30-50 cm
WashingtonState,max,SHM,ASP9-3,ASP9-3-4,4,esm1,-124.5,-179,8.28225599999904,standard,50-75 cm,124.5-179 cm
WashingtonState,max,SHM,ASP9-3,ASP9-3-4,4,esm2,-124.196687158078,-132.731508424401,-28.8209892242167,standard,50-75 cm,124.2-132.7 cm
WashingtonState,fd,SHM,ASP9-3,ASP9-3-4,4,fd,-50,-75,14.389516200000001,standard,50-75 cm,50-75 cm
WashingtonState,max,SHM,ASP9-3,ASP9-3-5,5,esm1,-179,-237,8.81414399999898,standard,75-100 cm,179-237 cm
WashingtonState,max,SHM,ASP9-3,ASP9-3-5,5,esm2,-132.731508424401,-3.92785891987498,-113.04676061305,standard,75-100 cm,132.7-3.9 cm
WashingtonState,fd,SHM,ASP9-3,ASP9-3-5,5,fd,-75,-100,10.0191224,standard,75-100 cm,75-100 cm
WashingtonState,max,BAU,BAU3-1,BAU3-1-1,1,esm1,0,-20.2,23.8051599999999,standard,0-10 cm,0-20.2 cm
WashingtonState,max,BAU,BAU3-1,BAU3-1-1,1,esm2,0,-22.1095741333786,26.851500405002,standard,0-10 cm,0-22.1 cm
WashingtonState,fd,BAU,BAU3-1,BAU3-1-1,1,fd,0,-10,13.749999999999998,standard,0-10 cm,0-10 cm
WashingtonState,max,BAU,BAU3-1,BAU3-1-2,2,esm1,-20.2,-66.5,29.7955399999988,standard,10-30 cm,20.2-66.5 cm
WashingtonState,max,BAU,BAU3-1,BAU3-1-2,2,esm2,-22.1095741333786,-66.4974936369448,26.9433693064525,standard,10-30 cm,22.1-66.5 cm
WashingtonState,fd,BAU,BAU3-1,BAU3-1-2,2,fd,-10,-30,19.716,standard,10-30 cm,10-30 cm
WashingtonState,max,BAU,BAU3-1,BAU3-1-3,3,esm1,-66.5,-109.4,20.2169400000005,standard,30-50 cm,66.5-109.4 cm
WashingtonState,max,BAU,BAU3-1,BAU3-1-3,3,esm2,-66.4974936369448,-109.255051785484,20.1582090782282,standard,30-50 cm,66.5-109.3 cm
WashingtonState,fd,BAU,BAU3-1,BAU3-1-3,3,fd,-30,-50,11.9144,standard,30-50 cm,30-50 cm
WashingtonState,max,BAU,BAU3-1,BAU3-1-4,4,esm1,-109.4,-158.8,21.4692399999981,standard,50-75 cm,109.4-158.8 cm
WashingtonState,max,BAU,BAU3-1,BAU3-1-4,4,esm2,-109.255051785484,-163.29097538611,19.0191513341861,standard,50-75 cm,109.3-163.3 cm
WashingtonState,fd,BAU,BAU3-1,BAU3-1-4,4,fd,-50,-75,12.362,standard,50-75 cm,50-75 cm
WashingtonState,max,BAU,BAU3-1,BAU3-1-5,5,esm1,-158.8,-211.3,22.8164999999979,standard,75-100 cm,158.8-211.3 cm
WashingtonState,max,BAU,BAU3-1,BAU3-1-5,5,esm2,-163.29097538611,-237.281140620516,13.7188896650662,standard,75-100 cm,163.3-237.3 cm
WashingtonState,fd,BAU,BAU3-1,BAU3-1-5,5,fd,-75,-100,11.99,standard,75-100 cm,75-100 cm
WashingtonState,max,BAU,BAU3-2,BAU3-2-1,1,esm1,0,-21.4,20.2357399999999,standard,0-10 cm,0-21.4 cm
WashingtonState,max,BAU,BAU3-2,BAU3-2-1,1,esm2,0,-23.7437560962787,22.3592576420429,standard,0-10 cm,0-23.7 cm
WashingtonState,fd,BAU,BAU3-2,BAU3-2-1,1,fd,0,-10,10.755500000000001,standard,0-10 cm,0-10 cm
WashingtonState,max,BAU,BAU3-2,BAU3-2-2,2,esm1,-21.4,-66.4,32.0941599999997,standard,10-30 cm,21.4-66.4 cm
WashingtonState,max,BAU,BAU3-2,BAU3-2-2,2,esm2,-23.7437560962787,-66.2681409779919,30.1100189040751,standard,10-30 cm,23.7-66.3 cm
WashingtonState,fd,BAU,BAU3-2,BAU3-2-2,2,fd,-10,-30,16.632,standard,10-30 cm,10-30 cm
WashingtonState,max,BAU,BAU3-2,BAU3-2-3,3,esm1,-66.4,-107,22.7135999999993,standard,30-50 cm,66.4-107 cm
WashingtonState,max,BAU,BAU3-2,BAU3-2-3,3,esm2,-66.2681409779919,-107.033583223016,23.2328966408529,standard,30-50 cm,66.3-107 cm
WashingtonState,fd,BAU,BAU3-2,BAU3-2-3,3,fd,-30,-50,14.3808,standard,30-50 cm,30-50 cm
WashingtonState,max,BAU,BAU3-2,BAU3-2-4,4,esm1,-107,-153.8,10.4832000000022,standard,50-75 cm,107-153.8 cm
WashingtonState,max,BAU,BAU3-2,BAU3-2-4,4,esm2,-107.033583223016,-155.134164081627,-12.95795271476,standard,50-75 cm,107-155.1 cm
WashingtonState,fd,BAU,BAU3-2,BAU3-2-4,4,fd,-50,-75,16.1,standard,50-75 cm,50-75 cm
WashingtonState,max,BAU,BAU3-2,BAU3-2-5,5,esm1,-153.8,-203.5,11.1328000000023,standard,75-100 cm,153.8-203.5 cm
WashingtonState,max,BAU,BAU3-2,BAU3-2-5,5,esm2,-155.134164081627,-211.303068274787,-112.303728554129,standard,75-100 cm,155.1-211.3 cm
WashingtonState,fd,BAU,BAU3-2,BAU3-2-5,5,fd,-75,-100,14.534999999999998,standard,75-100 cm,75-100 cm
WashingtonState,max,BAU,BAU3-3,BAU3-3-1,1,esm1,0,-21.1,21.4979999999999,standard,0-10 cm,0-21.1 cm
WashingtonState,max,BAU,BAU3-3,BAU3-3-1,1,esm2,0,-22.4357125366734,23.4765956889884,standard,0-10 cm,0-22.4 cm
WashingtonState,fd,BAU,BAU3-3,BAU3-3-1,1,fd,0,-10,11.952,standard,0-10 cm,0-10 cm
WashingtonState,max,BAU,BAU3-3,BAU3-3-2,2,esm1,-21.1,-70.6,29.2182400000011,standard,10-30 cm,21.1-70.6 cm
WashingtonState,max,BAU,BAU3-3,BAU3-3-2,2,esm2,-22.4357125366734,-70.6840395003141,27.4171596502193,standard,10-30 cm,22.4-70.7 cm
WashingtonState,fd,BAU,BAU3-3,BAU3-3-2,2,fd,-10,-30,17.2,standard,10-30 cm,10-30 cm
WashingtonState,max,BAU,BAU3-3,BAU3-3-3,3,esm1,-70.6,-132.6,11.4096600000009,standard,30-50 cm,70.6-132.6 cm
WashingtonState,max,BAU,BAU3-3,BAU3-3-3,3,esm2,-70.6840395003141,-136.905454505306,10.8258725786388,standard,30-50 cm,70.7-136.9 cm
WashingtonState,fd,BAU,BAU3-3,BAU3-3-3,3,fd,-30,-50,11.1633,standard,30-50 cm,30-50 cm
WashingtonState,max,BAU,BAU3-3,BAU3-3-4,4,esm1,-132.6,-219.8,9.41760000000284,standard,50-75 cm,132.6-219.8 cm
WashingtonState,max,BAU,BAU3-3,BAU3-3-4,4,esm2,-136.905454505306,-400.376763322087,-1.3079977812063,standard,50-75 cm,136.9-400.4 cm
WashingtonState,fd,BAU,BAU3-3,BAU3-3-4,4,fd,-50,-75,11.998800000000001,standard,50-75 cm,50-75 cm
WashingtonState,max,BAU,BAU3-3,BAU3-3-5,5,esm1,-219.8,-312.6,10.022400000003,standard,75-100 cm,219.8-312.6 cm
WashingtonState,max,BAU,BAU3-3,BAU3-3-5,5,esm2,-400.376763322087,-1107.3028035239,-12.5573989608652,standard,75-100 cm,400.4-1107.3 cm
WashingtonState,fd,BAU,BAU3-3,BAU3-3-5,5,fd,-75,-100,6.2909999999999995,standard,75-100 cm,75-100 cm
WashingtonState,max,BAU,BAU8-1,BAU8-1-1,1,esm1,0,-21,38.2978844444444,standard,0-10 cm,0-21 cm
WashingtonState,max,BAU,BAU8-1,BAU8-1-1,1,esm2,0,-20.6277022831421,38.34221135116,standard,0-10 cm,0-20.6 cm
WashingtonState,fd,BAU,BAU8-1,BAU8-1-1,1,fd,0,-10,20.110044444444444,standard,0-10 cm,0-10 cm
WashingtonState,max,BAU,BAU8-1,BAU8-1-2,2,esm1,-21,-85.4,116.882119999998,standard,10-30 cm,21-85.4 cm
WashingtonState,max,BAU,BAU8-1,BAU8-1-2,2,esm2,-20.6277022831421,-85.9800583353217,118.552681945304,standard,10-30 cm,20.6-86 cm
WashingtonState,fd,BAU,BAU8-1,BAU8-1-2,2,fd,-10,-30,33.266692000000006,standard,10-30 cm,10-30 cm
WashingtonState,max,BAU,BAU8-1,BAU8-1-3,3,esm1,-85.4,-131.2,72.9685835999977,standard,30-50 cm,85.4-131.2 cm
WashingtonState,max,BAU,BAU8-1,BAU8-1-3,3,esm2,-85.9800583353217,-129.813350571484,67.1027015127083,standard,30-50 cm,86-129.8 cm
WashingtonState,fd,BAU,BAU8-1,BAU8-1-3,3,fd,-30,-50,37.02663999999999,standard,30-50 cm,30-50 cm
WashingtonState,max,BAU,BAU8-1,BAU8-1-4,4,esm1,-131.2,-178.7,70.2681139285687,standard,50-75 cm,131.2-178.7 cm
WashingtonState,max,BAU,BAU8-1,BAU8-1-4,4,esm2,-129.813350571484,-150.5522774518,-14.7612066850272,standard,50-75 cm,129.8-150.6 cm
WashingtonState,fd,BAU,BAU8-1,BAU8-1-4,4,fd,-50,-75,46.2833,standard,50-75 cm,50-75 cm
WashingtonState,max,BAU,BAU8-1,BAU8-1-5,5,esm1,-178.7,-229.2,74.7061000714257,standard,75-100 cm,178.7-229.2 cm
WashingtonState,max,BAU,BAU8-1,BAU8-1-5,5,esm2,-150.5522774518,-128.4422692343,-172.464139986494,standard,75-100 cm,150.6-128.4 cm
WashingtonState,fd,BAU,BAU8-1,BAU8-1-5,5,fd,-75,-100,43.787828000000005,standard,75-100 cm,75-100 cm
WashingtonState,max,BAU,BAU8-2,BAU8-2-1,1,esm1,0,-19,34.7762881481482,standard,0-10 cm,0-19 cm
WashingtonState,max,BAU,BAU8-2,BAU8-2-1,1,esm2,0,-19.1029571123565,35.1744296152782,standard,0-10 cm,0-19.1 cm
WashingtonState,fd,BAU,BAU8-2,BAU8-2-1,1,fd,0,-10,18.80326814814815,standard,0-10 cm,0-10 cm
WashingtonState,max,BAU,BAU8-2,BAU8-2-2,2,esm1,-19,-71.6,103.52211288889,standard,10-30 cm,19-71.6 cm
WashingtonState,max,BAU,BAU8-2,BAU8-2-2,2,esm2,-19.1029571123565,-71.8525175836095,103.058930607782,standard,10-30 cm,19.1-71.9 cm
WashingtonState,fd,BAU,BAU8-2,BAU8-2-2,2,fd,-10,-30,35.633459851851846,standard,10-30 cm,10-30 cm
WashingtonState,max,BAU,BAU8-2,BAU8-2-3,3,esm1,-71.6,-114.6,80.595333942855,standard,30-50 cm,71.6-114.6 cm
WashingtonState,max,BAU,BAU8-2,BAU8-2-3,3,esm2,-71.8525175836095,-114.04873035852,85.4461042709797,standard,30-50 cm,71.9-114 cm
WashingtonState,fd,BAU,BAU8-2,BAU8-2-3,3,fd,-30,-50,36.18489925925926,standard,30-50 cm,30-50 cm
WashingtonState,max,BAU,BAU8-2,BAU8-2-4,4,esm1,-114.6,-162.1,56.2207692857143,standard,50-75 cm,114.6-162.1 cm
WashingtonState,max,BAU,BAU8-2,BAU8-2-4,4,esm2,-114.04873035852,-186.356111887864,-68.9627468639287,standard,50-75 cm,114-186.4 cm
WashingtonState,fd,BAU,BAU8-2,BAU8-2-4,4,fd,-50,-75,55.70192977777778,standard,50-75 cm,50-75 cm
WashingtonState,max,BAU,BAU8-2,BAU8-2-5,5,esm1,-162.1,-212.7,59.8899142285715,standard,75-100 cm,162.1-212.7 cm
WashingtonState,max,BAU,BAU8-2,BAU8-2-5,5,esm2,-186.356111887864,-362.193122179938,-420.973061062366,standard,75-100 cm,186.4-362.2 cm
WashingtonState,fd,BAU,BAU8-2,BAU8-2-5,5,fd,-75,-100,55.28968885714285,standard,75-100 cm,75-100 cm
WashingtonState,max,BAU,BAU8-3,BAU8-3-1,1,esm1,0,-15.7,38.4073102444443,standard,0-10 cm,0-15.7 cm
WashingtonState,max,BAU,BAU8-3,BAU8-3-1,1,esm2,0,-16.4540412206876,38.8580954361878,standard,0-10 cm,0-16.5 cm
WashingtonState,fd,BAU,BAU8-3,BAU8-3-1,1,fd,0,-10,21.368334444444443,standard,0-10 cm,0-10 cm
WashingtonState,max,BAU,BAU8-3,BAU8-3-2,2,esm1,-15.7,-65.9,93.5961838749999,standard,10-30 cm,15.7-65.9 cm
WashingtonState,max,BAU,BAU8-3,BAU8-3-2,2,esm2,-16.4540412206876,-66.5562282161535,93.9212170799376,standard,10-30 cm,16.5-66.6 cm
WashingtonState,fd,BAU,BAU8-3,BAU8-3-2,2,fd,-10,-30,51.679346,standard,10-30 cm,10-30 cm
WashingtonState,max,BAU,BAU8-3,BAU8-3-3,3,esm1,-65.9,-109,61.671507460714,standard,30-50 cm,65.9-109 cm
WashingtonState,max,BAU,BAU8-3,BAU8-3-3,3,esm2,-66.5562282161535,-109.021288748143,61.0053380023072,standard,30-50 cm,66.6-109 cm
WashingtonState,fd,BAU,BAU8-3,BAU8-3-3,3,fd,-30,-50,32.7641,standard,30-50 cm,30-50 cm
WashingtonState,max,BAU,BAU8-3,BAU8-3-4,4,esm1,-109,-156.5,43.9401986785739,standard,50-75 cm,109-156.5 cm
WashingtonState,max,BAU,BAU8-3,BAU8-3-4,4,esm2,-109.021288748143,-157.556976295632,35.6214620406112,standard,50-75 cm,109-157.6 cm
WashingtonState,fd,BAU,BAU8-3,BAU8-3-4,4,fd,-50,-75,41.43597225,standard,50-75 cm,50-75 cm
WashingtonState,max,BAU,BAU8-3,BAU8-3-5,5,esm1,-156.5,-207,46.7153691214312,standard,75-100 cm,156.5-207 cm
WashingtonState,max,BAU,BAU8-3,BAU8-3-5,5,esm2,-157.556976295632,-221.279795010329,34.0139926100807,standard,75-100 cm,157.6-221.3 cm
WashingtonState,fd,BAU,BAU8-3,BAU8-3-5,5,fd,-75,-100,35.50210178571429,standard,75-100 cm,75-100 cm
WashingtonState,max,BAU,BAU9-1,BAU9-1-1,1,esm1,0,-18,23.095076,standard,0-10 cm,0-18 cm
WashingtonState,max,BAU,BAU9-1,BAU9-1-1,1,esm2,0,-20.6044045884278,23.8186996792576,standard,0-10 cm,0-20.6 cm
WashingtonState,fd,BAU,BAU9-1,BAU9-1-1,1,fd,0,-10,10.78422,standard,0-10 cm,0-10 cm
WashingtonState,max,BAU,BAU9-1,BAU9-1-2,2,esm1,-18,-57.6,50.9984430000005,standard,10-30 cm,18-57.6 cm
WashingtonState,max,BAU,BAU9-1,BAU9-1-2,2,esm2,-20.6044045884278,-57.5925790181271,51.7535568452899,standard,10-30 cm,20.6-57.6 cm
WashingtonState,fd,BAU,BAU9-1,BAU9-1-2,2,fd,-10,-30,30.777140000000003,standard,10-30 cm,10-30 cm
WashingtonState,max,BAU,BAU9-1,BAU9-1-3,3,esm1,-57.6,-91.2,32.0642452799993,standard,30-50 cm,57.6-91.2 cm
WashingtonState,max,BAU,BAU9-1,BAU9-1-3,3,esm2,-57.5925790181271,-91.0784674563447,30.8325648022477,standard,30-50 cm,57.6-91.1 cm
WashingtonState,fd,BAU,BAU9-1,BAU9-1-3,3,fd,-30,-50,23.907830999999998,standard,30-50 cm,30-50 cm
WashingtonState,max,BAU,BAU9-1,BAU9-1-4,4,esm1,-91.2,-133,14.5738777199993,standard,50-75 cm,91.2-133 cm
WashingtonState,max,BAU,BAU9-1,BAU9-1-4,4,esm2,-91.0784674563447,-131.475736149834,13.0656224669704,standard,50-75 cm,91.1-131.5 cm
WashingtonState,fd,BAU,BAU9-1,BAU9-1-4,4,fd,-50,-75,26.839708799999997,standard,50-75 cm,50-75 cm
WashingtonState,max,BAU,BAU9-1,BAU9-1-5,5,esm1,-133,-177.2,12.6081118799997,standard,75-100 cm,133-177.2 cm
WashingtonState,max,BAU,BAU9-1,BAU9-1-5,5,esm2,-131.475736149834,-143.079238809723,2.39272918707401,standard,75-100 cm,131.5-143.1 cm
WashingtonState,fd,BAU,BAU9-1,BAU9-1-5,5,fd,-75,-100,17.934972,standard,75-100 cm,75-100 cm
WashingtonState,max,BAU,BAU9-2,BAU9-2-1,1,esm1,0,-17.5,24.28601,standard,0-10 cm,0-17.5 cm
WashingtonState,max,BAU,BAU9-2,BAU9-2-1,1,esm2,0,-19.04221785605,25.896729930193,standard,0-10 cm,0-19 cm
WashingtonState,fd,BAU,BAU9-2,BAU9-2-1,1,fd,0,-10,12.14132,standard,0-10 cm,0-10 cm
WashingtonState,max,BAU,BAU9-2,BAU9-2-2,2,esm1,-17.5,-58.9,48.0829349699998,standard,10-30 cm,17.5-58.9 cm
WashingtonState,max,BAU,BAU9-2,BAU9-2-2,2,esm2,-19.04221785605,-58.4873914828552,46.7689052863929,standard,10-30 cm,19-58.5 cm
WashingtonState,fd,BAU,BAU9-2,BAU9-2-2,2,fd,-10,-30,32.38584,standard,10-30 cm,10-30 cm
WashingtonState,max,BAU,BAU9-2,BAU9-2-3,3,esm1,-58.9,-105.9,26.4004184699997,standard,30-50 cm,58.9-105.9 cm
WashingtonState,max,BAU,BAU9-2,BAU9-2-3,3,esm2,-58.4873914828552,-105.138225868785,26.4173614187539,standard,30-50 cm,58.5-105.1 cm
WashingtonState,fd,BAU,BAU9-2,BAU9-2-3,3,fd,-30,-50,19.4769037,standard,30-50 cm,30-50 cm
WashingtonState,max,BAU,BAU9-2,BAU9-2-4,4,esm1,-105.9,-152.2,22.3778826800016,standard,50-75 cm,105.9-152.2 cm
WashingtonState,max,BAU,BAU9-2,BAU9-2-4,4,esm2,-105.138225868785,-207.55673684383,8.88536184502426,standard,50-75 cm,105.1-207.6 cm
WashingtonState,fd,BAU,BAU9-2,BAU9-2-4,4,fd,-50,-75,15.3923245,standard,50-75 cm,50-75 cm
WashingtonState,max,BAU,BAU9-2,BAU9-2-5,5,esm1,-152.2,-201.5,23.8278534799967,standard,75-100 cm,152.2-201.5 cm
WashingtonState,max,BAU,BAU9-2,BAU9-2-5,5,esm2,-207.55673684383,-655.858057580153,-56.1404833250458,standard,75-100 cm,207.6-655.9 cm
WashingtonState,fd,BAU,BAU9-2,BAU9-2-5,5,fd,-75,-100,15.7551228,standard,75-100 cm,75-100 cm
WashingtonState,max,BAU,BAU9-3,BAU9-3-1,1,esm1,0,-19.5,27.741298037037,standard,0-10 cm,0-19.5 cm
WashingtonState,max,BAU,BAU9-3,BAU9-3-1,1,esm2,0,-19.7579326611471,28.4287017328044,standard,0-10 cm,0-19.8 cm
WashingtonState,fd,BAU,BAU9-3,BAU9-3-1,1,fd,0,-10,15.324240000000001,standard,0-10 cm,0-10 cm
WashingtonState,max,BAU,BAU9-3,BAU9-3-2,2,esm1,-19.5,-69.3,51.7621892203719,standard,10-30 cm,19.5-69.3 cm
WashingtonState,max,BAU,BAU9-3,BAU9-3-2,2,esm2,-19.7579326611471,-69.8620698468667,52.565576438911,standard,10-30 cm,19.8-69.9 cm
WashingtonState,fd,BAU,BAU9-3,BAU9-3-2,2,fd,-10,-30,26.141174814814818,standard,10-30 cm,10-30 cm
WashingtonState,max,BAU,BAU9-3,BAU9-3-3,3,esm1,-69.3,-110.7,23.3942953500003,standard,30-50 cm,69.3-110.7 cm
WashingtonState,max,BAU,BAU9-3,BAU9-3-3,3,esm2,-69.8620698468667,-110.808318403907,22.7105507127708,standard,30-50 cm,69.9-110.8 cm
WashingtonState,fd,BAU,BAU9-3,BAU9-3-3,3,fd,-30,-50,21.000685925925925,standard,30-50 cm,30-50 cm
WashingtonState,max,BAU,BAU9-3,BAU9-3-4,4,esm1,-110.7,-158.2,14.1729075000008,standard,50-75 cm,110.7-158.2 cm
WashingtonState,max,BAU,BAU9-3,BAU9-3-4,4,esm2,-110.808318403907,-154.862646145049,-7.06083898772579,standard,50-75 cm,110.8-154.9 cm
WashingtonState,fd,BAU,BAU9-3,BAU9-3-4,4,fd,-50,-75,21.236060666666667,standard,50-75 cm,50-75 cm
WashingtonState,max,BAU,BAU9-3,BAU9-3-5,5,esm1,-158.2,-208.7,15.0680385000008,standard,75-100 cm,158.2-208.7 cm
WashingtonState,max,BAU,BAU9-3,BAU9-3-5,5,esm2,-154.862646145049,-186.41414616634,-75.71618162718,standard,75-100 cm,154.9-186.4 cm
WashingtonState,fd,BAU,BAU9-3,BAU9-3-5,5,fd,-75,-100,15.537611700000001,standard,75-100 cm,75-100 cm
WashingtonState,max,Ref,PGL7-7a,PGL7-7a-1,1,esm1,0,-17.6,27.3231040909092,standard,0-10 cm,0-17.6 cm
WashingtonState,max,Ref,PGL7-7a,PGL7-7a-1,1,esm2,0,-17.8086026097851,28.0894158621989,standard,0-10 cm,0-17.8 cm
WashingtonState,fd,Ref,PGL7-7a,PGL7-7a-1,1,fd,0,-10,16.88868409090909,standard,0-10 cm,0-10 cm
WashingtonState,max,Ref,PGL7-7a,PGL7-7a-2,2,esm1,-17.6,-59.6,24.8093565000003,standard,10-30 cm,17.6-59.6 cm
WashingtonState,max,Ref,PGL7-7a,PGL7-7a-2,2,esm2,-17.8086026097851,-59.4984769922868,24.1805829794845,standard,10-30 cm,17.8-59.5 cm
WashingtonState,fd,Ref,PGL7-7a,PGL7-7a-2,2,fd,-10,-30,19.957324999999997,standard,10-30 cm,10-30 cm
WashingtonState,max,Ref,PGL7-7a,PGL7-7a-3,3,esm1,-59.6,-103.3,11.9998030266672,standard,30-50 cm,59.6-103.3 cm
WashingtonState,max,Ref,PGL7-7a,PGL7-7a-3,3,esm2,-59.4984769922868,-103.49027221388,12.0209710761421,standard,30-50 cm,59.5-103.5 cm
WashingtonState,fd,Ref,PGL7-7a,PGL7-7a-3,3,fd,-30,-50,10.9324675,standard,30-50 cm,30-50 cm
WashingtonState,max,Ref,PGL7-7a,PGL7-7a-4,4,esm1,-103.3,-153.5,7.49595770666815,standard,50-75 cm,103.3-153.5 cm
WashingtonState,max,Ref,PGL7-7a,PGL7-7a-4,4,esm2,-103.49027221388,-148.94686330319,4.2561610683981,standard,50-75 cm,103.5-148.9 cm
WashingtonState,fd,Ref,PGL7-7a,PGL7-7a-4,4,fd,-50,-75,9.291947799999999,standard,50-75 cm,50-75 cm
WashingtonState,max,Ref,PGL7-7a,PGL7-7a-5,5,esm1,-153.5,-206.8,7.95885549333491,standard,75-100 cm,153.5-206.8 cm
WashingtonState,max,Ref,PGL7-7a,PGL7-7a-5,5,esm2,-148.94686330319,-170.079186343995,-5.22942392060011,standard,75-100 cm,148.9-170.1 cm
WashingtonState,fd,Ref,PGL7-7a,PGL7-7a-5,5,fd,-75,-100,6.569077066666665,standard,75-100 cm,75-100 cm
WashingtonState,max,Ref,PGL7-7b,PGL7-7b-1,1,esm1,0,-19.8,32.2693053999999,standard,0-10 cm,0-19.8 cm
WashingtonState,max,Ref,PGL7-7b,PGL7-7b-1,1,esm2,0,-20.0684413201567,32.7327009374,standard,0-10 cm,0-20.1 cm
WashingtonState,fd,Ref,PGL7-7b,PGL7-7b-1,1,fd,0,-10,17.364505,standard,0-10 cm,0-10 cm
WashingtonState,max,Ref,PGL7-7b,PGL7-7b-2,2,esm1,-19.8,-65.8,37.5268930399986,standard,10-30 cm,19.8-65.8 cm
WashingtonState,max,Ref,PGL7-7b,PGL7-7b-2,2,esm2,-20.0684413201567,-65.964284026392,37.2534242863566,standard,10-30 cm,20.1-66 cm
WashingtonState,fd,Ref,PGL7-7b,PGL7-7b-2,2,fd,-10,-30,26.320702400000002,standard,10-30 cm,10-30 cm
WashingtonState,max,Ref,PGL7-7b,PGL7-7b-3,3,esm1,-65.8,-101.9,14.1239972100001,standard,30-50 cm,65.8-101.9 cm
WashingtonState,max,Ref,PGL7-7b,PGL7-7b-3,3,esm2,-65.964284026392,-101.828937461402,14.0091057756039,standard,30-50 cm,66-101.8 cm
WashingtonState,fd,Ref,PGL7-7b,PGL7-7b-3,3,fd,-30,-50,17.770506,standard,30-50 cm,30-50 cm
WashingtonState,max,Ref,PGL7-7b,PGL7-7b-4,4,esm1,-101.9,-151.8,12.6543971366681,standard,50-75 cm,101.9-151.8 cm
WashingtonState,max,Ref,PGL7-7b,PGL7-7b-4,4,esm2,-101.828937461402,-164.328373638455,13.0611355313111,standard,50-75 cm,101.8-164.3 cm
WashingtonState,fd,Ref,PGL7-7b,PGL7-7b-4,4,fd,-50,-75,12.066327600000001,standard,50-75 cm,50-75 cm
WashingtonState,max,Ref,PGL7-7b,PGL7-7b-5,5,esm1,-151.8,-205.1,13.3568858366683,standard,75-100 cm,151.8-205.1 cm
WashingtonState,max,Ref,PGL7-7b,PGL7-7b-5,5,esm2,-164.328373638455,-303.843376626173,24.7277267644458,standard,75-100 cm,164.3-303.8 cm
WashingtonState,fd,Ref,PGL7-7b,PGL7-7b-5,5,fd,-75,-100,9.663712500000003,standard,75-100 cm,75-100 cm
WashingtonState,max,Ref,PGL7-7c,PGL7-7c-1,1,esm1,0,-21.3,36.9263420000002,standard,0-10 cm,0-21.3 cm
WashingtonState,max,Ref,PGL7-7c,PGL7-7c-1,1,esm2,0,-21.4936808801216,37.0965448862814,standard,0-10 cm,0-21.5 cm
WashingtonState,fd,Ref,PGL7-7c,PGL7-7c-1,1,fd,0,-10,22.369229999999998,standard,0-10 cm,0-10 cm
WashingtonState,max,Ref,PGL7-7c,PGL7-7c-2,2,esm1,-21.3,-67.6,60.0217160266657,standard,10-30 cm,21.3-67.6 cm
WashingtonState,max,Ref,PGL7-7c,PGL7-7c-2,2,esm2,-21.4936808801216,-67.6064136494722,59.9894054642814,standard,10-30 cm,21.5-67.6 cm
WashingtonState,fd,Ref,PGL7-7c,PGL7-7c-2,2,fd,-10,-30,28.296098,standard,10-30 cm,10-30 cm
WashingtonState,max,Ref,PGL7-7c,PGL7-7c-3,3,esm1,-67.6,-112,30.0362562400015,standard,30-50 cm,67.6-112 cm
WashingtonState,max,Ref,PGL7-7c,PGL7-7c-3,3,esm2,-67.6064136494722,-112.164023911622,31.739585334404,standard,30-50 cm,67.6-112.2 cm
WashingtonState,fd,Ref,PGL7-7c,PGL7-7c-3,3,fd,-30,-50,28.2638008,standard,30-50 cm,30-50 cm
WashingtonState,max,Ref,PGL7-7c,PGL7-7c-4,4,esm1,-112,-162.2,17.72905033333,standard,50-75 cm,112-162.2 cm
WashingtonState,max,Ref,PGL7-7c,PGL7-7c-4,4,esm2,-112.164023911622,-158.934611662273,-26.1567839691893,standard,50-75 cm,112.2-158.9 cm
WashingtonState,fd,Ref,PGL7-7c,PGL7-7c-4,4,fd,-50,-75,24.12682583333333,standard,50-75 cm,50-75 cm
WashingtonState,max,Ref,PGL7-7c,PGL7-7c-5,5,esm1,-162.2,-215.5,18.8238721666627,standard,75-100 cm,162.2-215.5 cm
WashingtonState,max,Ref,PGL7-7c,PGL7-7c-5,5,esm2,-158.934611662273,-194.193222213946,-156.276413131284,standard,75-100 cm,158.9-194.2 cm
WashingtonState,fd,Ref,PGL7-7c,PGL7-7c-5,5,fd,-75,-100,19.69033963333333,standard,75-100 cm,75-100 cm
WashingtonState,max,Ref,PGL9-1,PGL9-1-1,1,esm1,0,-19.9,37.4463645000001,standard,0-10 cm,0-19.9 cm
WashingtonState,max,Ref,PGL9-1,PGL9-1-1,1,esm2,0,-22.029981194704,38.7363000717897,standard,0-10 cm,0-22 cm
WashingtonState,fd,Ref,PGL9-1,PGL9-1-1,1,fd,0,-10,21.083595,standard,0-10 cm,0-10 cm
WashingtonState,max,Ref,PGL9-1,PGL9-1-2,2,esm1,-19.9,-63.2,85.0034680999983,standard,10-30 cm,19.9-63.2 cm
WashingtonState,max,Ref,PGL9-1,PGL9-1-2,2,esm2,-22.029981194704,-63.2755138866307,83.9249352882761,standard,10-30 cm,22-63.3 cm
WashingtonState,fd,Ref,PGL9-1,PGL9-1-2,2,fd,-10,-30,33.0561,standard,10-30 cm,10-30 cm
WashingtonState,max,Ref,PGL9-1,PGL9-1-3,3,esm1,-63.2,-104.6,63.8531987999962,standard,30-50 cm,63.2-104.6 cm
WashingtonState,max,Ref,PGL9-1,PGL9-1-3,3,esm2,-63.2755138866307,-104.645877778061,63.7487671237142,standard,30-50 cm,63.3-104.6 cm
WashingtonState,fd,Ref,PGL9-1,PGL9-1-3,3,fd,-30,-50,41.21248,standard,30-50 cm,30-50 cm
WashingtonState,max,Ref,PGL9-1,PGL9-1-4,4,esm1,-104.6,-154,58.1188036000024,standard,50-75 cm,104.6-154 cm
WashingtonState,max,Ref,PGL9-1,PGL9-1-4,4,esm2,-104.645877778061,-156.970842550299,54.1349264046254,standard,50-75 cm,104.6-157 cm
WashingtonState,fd,Ref,PGL9-1,PGL9-1-4,4,fd,-50,-75,45.360848,standard,50-75 cm,50-75 cm
WashingtonState,max,Ref,PGL9-1,PGL9-1-5,5,esm1,-154,-206.5,61.7659350000025,standard,75-100 cm,154-206.5 cm
WashingtonState,max,Ref,PGL9-1,PGL9-1-5,5,esm2,-156.970842550299,-224.464793508887,47.0243146052197,standard,75-100 cm,157-224.5 cm
WashingtonState,fd,Ref,PGL9-1,PGL9-1-5,5,fd,-75,-100,38.6932,standard,75-100 cm,75-100 cm
WashingtonState,max,Ref,PGL9-2,PGL9-2-1,1,esm1,0,-19.1,36.5583684,standard,0-10 cm,0-19.1 cm
WashingtonState,max,Ref,PGL9-2,PGL9-2-1,1,esm2,0,-20.5273233489804,38.758888626238,standard,0-10 cm,0-20.5 cm
WashingtonState,fd,Ref,PGL9-2,PGL9-2-1,1,fd,0,-10,22.255679999999998,standard,0-10 cm,0-10 cm
WashingtonState,max,Ref,PGL9-2,PGL9-2-2,2,esm1,-19.1,-61,64.5572784000009,standard,10-30 cm,19.1-61 cm
WashingtonState,max,Ref,PGL9-2,PGL9-2-2,2,esm2,-20.5273233489804,-60.8886220608424,63.2969428792082,standard,10-30 cm,20.5-60.9 cm
WashingtonState,fd,Ref,PGL9-2,PGL9-2-2,2,fd,-10,-30,31.434479999999997,standard,10-30 cm,10-30 cm
WashingtonState,max,Ref,PGL9-2,PGL9-2-3,3,esm1,-61,-99.5,37.2720357000001,standard,30-50 cm,61-99.5 cm
WashingtonState,max,Ref,PGL9-2,PGL9-2-3,3,esm2,-60.8886220608424,-99.1751699581846,37.0220500798445,standard,30-50 cm,60.9-99.2 cm
WashingtonState,fd,Ref,PGL9-2,PGL9-2-3,3,fd,-30,-50,31.765282999999997,standard,30-50 cm,30-50 cm
WashingtonState,max,Ref,PGL9-2,PGL9-2-4,4,esm1,-99.5,-151.9,25.0680090000023,standard,50-75 cm,99.5-151.9 cm
WashingtonState,max,Ref,PGL9-2,PGL9-2-4,4,esm2,-99.1751699581846,-160.581826264895,25.6023952475624,standard,50-75 cm,99.2-160.6 cm
WashingtonState,fd,Ref,PGL9-2,PGL9-2-4,4,fd,-50,-75,31.486933599999997,standard,50-75 cm,50-75 cm
WashingtonState,max,Ref,PGL9-2,PGL9-2-5,5,esm1,-151.9,-209.2,25.4838885000039,standard,75-100 cm,151.9-209.2 cm
WashingtonState,max,Ref,PGL9-2,PGL9-2-5,5,esm2,-160.581826264895,-287.05561044324,53.4938084421774,standard,75-100 cm,160.6-287.1 cm
WashingtonState,fd,Ref,PGL9-2,PGL9-2-5,5,fd,-75,-100,21.7604874,standard,75-100 cm,75-100 cm
WashingtonState,max,Ref,PGL9-3,PGL9-3-1,1,esm1,0,-21.2,36.3710683999999,standard,0-10 cm,0-21.2 cm
WashingtonState,max,Ref,PGL9-3,PGL9-3-1,1,esm2,0,-22.8834940821141,37.7843116196492,standard,0-10 cm,0-22.9 cm
WashingtonState,fd,Ref,PGL9-3,PGL9-3-1,1,fd,0,-10,23.275109999999998,standard,0-10 cm,0-10 cm
WashingtonState,max,Ref,PGL9-3,PGL9-3-2,2,esm1,-21.2,-72.4,41.4782398400011,standard,10-30 cm,21.2-72.4 cm
WashingtonState,max,Ref,PGL9-3,PGL9-3-2,2,esm2,-22.8834940821141,-72.0394094388353,40.7968719531164,standard,10-30 cm,22.9-72 cm
WashingtonState,fd,Ref,PGL9-3,PGL9-3-2,2,fd,-10,-30,23.141451800000002,standard,10-30 cm,10-30 cm
WashingtonState,max,Ref,PGL9-3,PGL9-3-3,3,esm1,-72.4,-124.5,16.3198425599991,standard,30-50 cm,72.4-124.5 cm
WashingtonState,max,Ref,PGL9-3,PGL9-3-3,3,esm2,-72.0394094388353,-124.196687158078,15.241254617153,standard,30-50 cm,72-124.2 cm
WashingtonState,fd,Ref,PGL9-3,PGL9-3-3,3,fd,-30,-50,18.501876000000003,standard,30-50 cm,30-50 cm
WashingtonState,max,Ref,PGL9-3,PGL9-3-4,4,esm1,-124.5,-179,8.28225599999904,standard,50-75 cm,124.5-179 cm
WashingtonState,max,Ref,PGL9-3,PGL9-3-4,4,esm2,-124.196687158078,-132.731508424401,-28.8209892242167,standard,50-75 cm,124.2-132.7 cm
WashingtonState,fd,Ref,PGL9-3,PGL9-3-4,4,fd,-50,-75,14.389516200000001,standard,50-75 cm,50-75 cm
WashingtonState,max,Ref,PGL9-3,PGL9-3-5,5,esm1,-179,-237,8.81414399999898,standard,75-100 cm,179-237 cm
WashingtonState,max,Ref,PGL9-3,PGL9-3-5,5,esm2,-132.731508424401,-3.92785891987498,-113.04676061305,standard,75-100 cm,132.7-3.9 cm
WashingtonState,fd,Ref,PGL9-3,PGL9-3-5,5,fd,-75,-100,10.0191224,standard,75-100 cm,75-100 cm
Illinois,mean,Ref,IL-019-SW-ARBRTM-001,IL-019-SW-ARBRTM-001-1,1,esm1,0,-9.5,47.2709105610951,standard,0-10 cm,0-9.5 cm
Illinois,mean,Ref,IL-019-SW-ARBRTM-001,IL-019-SW-ARBRTM-001-1,1,esm2,0,-9.59218219744936,47.7547596848844,standard,0-10 cm,0-9.6 cm
Illinois,mean,Ref,IL-019-SW-ARBRTM-001,IL-019-SW-ARBRTM-001-2,2,esm1,-9.5,-28.5,71.0323253266042,standard,10-30 cm,9.5-28.5 cm
Illinois,mean,Ref,IL-019-SW-ARBRTM-001,IL-019-SW-ARBRTM-001-2,2,esm2,-9.59218219744936,-28.6110124031651,71.7383698089363,standard,10-30 cm,9.6-28.6 cm
Illinois,mean,Ref,IL-019-SW-ARBRTM-001,IL-019-SW-ARBRTM-001-3,3,esm1,-28.5,-47.6,34.1925517202278,standard,30-50 cm,28.5-47.6 cm
Illinois,mean,Ref,IL-019-SW-ARBRTM-001,IL-019-SW-ARBRTM-001-3,3,esm2,-28.6110124031651,-47.6140821222356,34.9432383938164,standard,30-50 cm,28.6-47.6 cm
Illinois,mean,Ref,IL-019-SW-ARBRTM-001,IL-019-SW-ARBRTM-001-4,4,esm1,-47.6,-70.1,19.3465302628676,standard,50-75 cm,47.6-70.1 cm
Illinois,mean,Ref,IL-019-SW-ARBRTM-001,IL-019-SW-ARBRTM-001-4,4,esm2,-47.6140821222356,-71.7517987291179,10.551780762372,standard,50-75 cm,47.6-71.8 cm
Illinois,mean,Ref,IL-019-SW-ARBRTM-001,IL-019-SW-ARBRTM-001-5,5,esm1,-70.1,-92.8,17.3984808033451,standard,75-100 cm,70.1-92.8 cm
Illinois,mean,Ref,IL-019-SW-ARBRTM-001,IL-019-SW-ARBRTM-001-5,5,esm2,-71.7517987291179,-93.8477845971614,16.2570031696637,standard,75-100 cm,71.8-93.8 cm
Illinois,mean,Ref,IL-019-SW-ARBRTM-002,IL-019-SW-ARBRTM-002-1,1,esm1,0,-10.7,56.8921222333172,standard,0-10 cm,0-10.7 cm
Illinois,mean,Ref,IL-019-SW-ARBRTM-002,IL-019-SW-ARBRTM-002-1,1,esm2,0,-10.8180193004116,57.7881463238511,standard,0-10 cm,0-10.8 cm
Illinois,mean,Ref,IL-019-SW-ARBRTM-002,IL-019-SW-ARBRTM-002-2,2,esm1,-10.7,-31,72.6396111369509,standard,10-30 cm,10.7-31 cm
Illinois,mean,Ref,IL-019-SW-ARBRTM-002,IL-019-SW-ARBRTM-002-2,2,esm2,-10.8180193004116,-31.1525384848064,72.6920361522735,standard,10-30 cm,10.8-31.2 cm
Illinois,mean,Ref,IL-019-SW-ARBRTM-002,IL-019-SW-ARBRTM-002-3,3,esm1,-31,-50.2,36.2141777813124,standard,30-50 cm,31-50.2 cm
Illinois,mean,Ref,IL-019-SW-ARBRTM-002,IL-019-SW-ARBRTM-002-3,3,esm2,-31.1525384848064,-50.2270884994848,35.4054849451179,standard,30-50 cm,31.2-50.2 cm
Illinois,mean,Ref,IL-019-SW-ARBRTM-002,IL-019-SW-ARBRTM-002-4,4,esm1,-50.2,-72.2,16.0017000042694,standard,50-75 cm,50.2-72.2 cm
Illinois,mean,Ref,IL-019-SW-ARBRTM-002,IL-019-SW-ARBRTM-002-4,4,esm2,-50.2270884994848,-72.1288178252114,16.0952252831439,standard,50-75 cm,50.2-72.1 cm
Illinois,mean,Ref,IL-019-SW-ARBRTM-002,IL-019-SW-ARBRTM-002-5,5,esm1,-72.2,-94.7,16.3653750043665,standard,75-100 cm,72.2-94.7 cm
Illinois,mean,Ref,IL-019-SW-ARBRTM-002,IL-019-SW-ARBRTM-002-5,5,esm2,-72.1288178252114,-94.4771180018665,13.5723394568494,standard,75-100 cm,72.1-94.5 cm
Illinois,mean,Ref,IL-019-SW-ARBRTM-003,IL-019-SW-ARBRTM-003-1,1,esm1,0,-10.2,56.3093893600963,standard,0-10 cm,0-10.2 cm
Illinois,mean,Ref,IL-019-SW-ARBRTM-003,IL-019-SW-ARBRTM-003-1,1,esm2,0,-10.2228513309993,56.6314442902294,standard,0-10 cm,0-10.2 cm
Illinois,mean,Ref,IL-019-SW-ARBRTM-003,IL-019-SW-ARBRTM-003-2,2,esm1,-10.2,-29.5,50.4528772525945,standard,10-30 cm,10.2-29.5 cm
Illinois,mean,Ref,IL-019-SW-ARBRTM-003,IL-019-SW-ARBRTM-003-2,2,esm2,-10.2228513309993,-29.554484483084,50.2798043900221,standard,10-30 cm,10.2-29.6 cm
Illinois,mean,Ref,IL-019-SW-ARBRTM-003,IL-019-SW-ARBRTM-003-3,3,esm1,-29.5,-47.5,37.6957994319291,standard,30-50 cm,29.5-47.5 cm
Illinois,mean,Ref,IL-019-SW-ARBRTM-003,IL-019-SW-ARBRTM-003-3,3,esm2,-29.554484483084,-47.785924056426,37.7796248936728,standard,30-50 cm,29.6-47.8 cm
Illinois,mean,Ref,IL-019-SW-ARBRTM-003,IL-019-SW-ARBRTM-003-4,4,esm1,-47.5,-68.2,21.8301317595863,standard,50-75 cm,47.5-68.2 cm
Illinois,mean,Ref,IL-019-SW-ARBRTM-003,IL-019-SW-ARBRTM-003-4,4,esm2,-47.785924056426,-68.0553657893619,35.9308611339597,standard,50-75 cm,47.8-68.1 cm
Illinois,mean,Ref,IL-019-SW-ARBRTM-003,IL-019-SW-ARBRTM-003-5,5,esm1,-68.2,-89,18.9449655493568,standard,75-100 cm,68.2-89 cm
Illinois,mean,Ref,IL-019-SW-ARBRTM-003,IL-019-SW-ARBRTM-003-5,5,esm2,-68.0553657893619,-88.4050902761108,13.3864055805894,standard,75-100 cm,68.1-88.4 cm
Illinois,mean,SHM,IL-019-SW-RTHRML-001,IL-019-SW-RTHRML-001-1,1,esm1,0,-9.3,32.540827389208,standard,0-10 cm,0-9.3 cm
Illinois,mean,SHM,IL-019-SW-RTHRML-001,IL-019-SW-RTHRML-001-1,1,esm2,0,-9.42555168128975,33.0139839630512,standard,0-10 cm,0-9.4 cm
Illinois,mean,SHM,IL-019-SW-RTHRML-001,IL-019-SW-RTHRML-001-2,2,esm1,-9.3,-27.1,46.8644665416078,standard,10-30 cm,9.3-27.1 cm
Illinois,mean,SHM,IL-019-SW-RTHRML-001,IL-019-SW-RTHRML-001-2,2,esm2,-9.42555168128975,-27.1929004151944,47.5969428706485,standard,10-30 cm,9.4-27.2 cm
Illinois,mean,SHM,IL-019-SW-RTHRML-001,IL-019-SW-RTHRML-001-3,3,esm1,-27.1,-45.1,21.3211600033424,standard,30-50 cm,27.1-45.1 cm
Illinois,mean,SHM,IL-019-SW-RTHRML-001,IL-019-SW-RTHRML-001-3,3,esm2,-27.1929004151944,-45.226695293447,19.8769860993049,standard,30-50 cm,27.2-45.2 cm
Illinois,mean,SHM,IL-019-SW-RTHRML-001,IL-019-SW-RTHRML-001-4,4,esm1,-45.1,-67.5,17.7154773874026,standard,50-75 cm,45.1-67.5 cm
Illinois,mean,SHM,IL-019-SW-RTHRML-001,IL-019-SW-RTHRML-001-4,4,esm2,-45.226695293447,-67.9946222456101,7.90336833110078,standard,50-75 cm,45.2-68 cm
Illinois,mean,SHM,IL-019-SW-RTHRML-001,IL-019-SW-RTHRML-001-5,5,esm1,-67.5,-90.3,18.031825197892,standard,75-100 cm,67.5-90.3 cm
Illinois,mean,SHM,IL-019-SW-RTHRML-001,IL-019-SW-RTHRML-001-5,5,esm2,-67.9946222456101,-90.6485176017433,17.5316228250194,standard,75-100 cm,68-90.6 cm
Illinois,mean,SHM,IL-019-SW-RTHRML-002,IL-019-SW-RTHRML-002-1,1,esm1,0,-9.3,29.3927685733703,standard,0-10 cm,0-9.3 cm
Illinois,mean,SHM,IL-019-SW-RTHRML-002,IL-019-SW-RTHRML-002-1,1,esm2,0,-9.42555168128975,29.7533190184768,standard,0-10 cm,0-9.4 cm
Illinois,mean,SHM,IL-019-SW-RTHRML-002,IL-019-SW-RTHRML-002-2,2,esm1,-9.3,-27.1,47.3423305494682,standard,10-30 cm,9.3-27.1 cm
Illinois,mean,SHM,IL-019-SW-RTHRML-002,IL-019-SW-RTHRML-002-2,2,esm2,-9.42555168128975,-27.1929004151944,48.2465725815743,standard,10-30 cm,9.4-27.2 cm
Illinois,mean,SHM,IL-019-SW-RTHRML-002,IL-019-SW-RTHRML-002-3,3,esm1,-27.1,-45.1,36.472556805724,standard,30-50 cm,27.1-45.1 cm
Illinois,mean,SHM,IL-019-SW-RTHRML-002,IL-019-SW-RTHRML-002-3,3,esm2,-27.1929004151944,-45.226695293447,21.7889503677746,standard,30-50 cm,27.2-45.2 cm
Illinois,mean,SHM,IL-019-SW-RTHRML-002,IL-019-SW-RTHRML-002-4,4,esm1,-45.1,-67.5,82.3227607053131,standard,50-75 cm,45.1-67.5 cm
Illinois,mean,SHM,IL-019-SW-RTHRML-002,IL-019-SW-RTHRML-002-4,4,esm2,-45.226695293447,-67.9946222456101,34.7400730464925,standard,50-75 cm,45.2-68 cm
Illinois,mean,SHM,IL-019-SW-RTHRML-002,IL-019-SW-RTHRML-002-5,5,esm1,-67.5,-90.3,83.7928100036205,standard,75-100 cm,67.5-90.3 cm
Illinois,mean,SHM,IL-019-SW-RTHRML-002,IL-019-SW-RTHRML-002-5,5,esm2,-67.9946222456101,-90.6485176017433,101.808879854567,standard,75-100 cm,68-90.6 cm
Illinois,mean,SHM,IL-019-SW-RTHRML-003,IL-019-SW-RTHRML-003-1,1,esm1,0,-9.3,42.6767950987386,standard,0-10 cm,0-9.3 cm
Illinois,mean,SHM,IL-019-SW-RTHRML-003,IL-019-SW-RTHRML-003-1,1,esm2,0,-9.42555168128975,43.2319007172033,standard,0-10 cm,0-9.4 cm
Illinois,mean,SHM,IL-019-SW-RTHRML-003,IL-019-SW-RTHRML-003-2,2,esm1,-9.3,-27.1,80.6070214081838,standard,10-30 cm,9.3-27.1 cm
Illinois,mean,SHM,IL-019-SW-RTHRML-003,IL-019-SW-RTHRML-003-2,2,esm2,-9.42555168128975,-27.1929004151944,81.6846110309178,standard,10-30 cm,9.4-27.2 cm
Illinois,mean,SHM,IL-019-SW-RTHRML-003,IL-019-SW-RTHRML-003-3,3,esm1,-27.1,-45.1,42.9181079700987,standard,30-50 cm,27.1-45.1 cm
Illinois,mean,SHM,IL-019-SW-RTHRML-003,IL-019-SW-RTHRML-003-3,3,esm2,-27.1929004151944,-45.226695293447,45.0279071215655,standard,30-50 cm,27.2-45.2 cm
Illinois,mean,SHM,IL-019-SW-RTHRML-003,IL-019-SW-RTHRML-003-4,4,esm1,-45.1,-67.5,20.2523938623954,standard,50-75 cm,45.1-67.5 cm
Illinois,mean,SHM,IL-019-SW-RTHRML-003,IL-019-SW-RTHRML-003-4,4,esm2,-45.226695293447,-67.9946222456101,13.5558613111234,standard,50-75 cm,45.2-68 cm
Illinois,mean,SHM,IL-019-SW-RTHRML-003,IL-019-SW-RTHRML-003-5,5,esm1,-67.5,-90.3,20.6140437527953,standard,75-100 cm,67.5-90.3 cm
Illinois,mean,SHM,IL-019-SW-RTHRML-003,IL-019-SW-RTHRML-003-5,5,esm2,-67.9946222456101,-90.6485176017433,13.7718313836432,standard,75-100 cm,68-90.6 cm
Illinois,mean,SHM,IL-019-SW-RTHRML-004,IL-019-SW-RTHRML-004-1,1,esm1,0,-9.3,25.5704519063812,standard,0-10 cm,0-9.3 cm
Illinois,mean,SHM,IL-019-SW-RTHRML-004,IL-019-SW-RTHRML-004-1,1,esm2,0,-9.42555168128975,25.9154171370562,standard,0-10 cm,0-9.4 cm
Illinois,mean,SHM,IL-019-SW-RTHRML-004,IL-019-SW-RTHRML-004-2,2,esm1,-9.3,-27.1,48.0506834941884,standard,10-30 cm,9.3-27.1 cm
Illinois,mean,SHM,IL-019-SW-RTHRML-004,IL-019-SW-RTHRML-004-2,2,esm2,-9.42555168128975,-27.1929004151944,48.5009889248326,standard,10-30 cm,9.4-27.2 cm
Illinois,mean,SHM,IL-019-SW-RTHRML-004,IL-019-SW-RTHRML-004-3,3,esm1,-27.1,-45.1,28.9652706179825,standard,30-50 cm,27.1-45.1 cm
Illinois,mean,SHM,IL-019-SW-RTHRML-004,IL-019-SW-RTHRML-004-3,3,esm2,-27.1929004151944,-45.226695293447,31.4521809651378,standard,30-50 cm,27.2-45.2 cm
Illinois,mean,SHM,IL-019-SW-RTHRML-004,IL-019-SW-RTHRML-004-4,4,esm1,-45.1,-67.5,15.25370230307,standard,50-75 cm,45.1-67.5 cm
Illinois,mean,SHM,IL-019-SW-RTHRML-004,IL-019-SW-RTHRML-004-4,4,esm2,-45.226695293447,-67.9946222456101,16.3902695151925,standard,50-75 cm,45.2-68 cm
Illinois,mean,SHM,IL-019-SW-RTHRML-004,IL-019-SW-RTHRML-004-5,5,esm1,-67.5,-90.3,15.5260898441962,standard,75-100 cm,67.5-90.3 cm
Illinois,mean,SHM,IL-019-SW-RTHRML-004,IL-019-SW-RTHRML-004-5,5,esm2,-67.9946222456101,-90.6485176017433,10.1807735691418,standard,75-100 cm,68-90.6 cm
Illinois,mean,BAU,IL-115-SW-ETAL-001,IL-115-SW-ETAL-001-1,1,esm1,0,-9.2,30.6213925677857,standard,0-10 cm,0-9.2 cm
Illinois,mean,BAU,IL-115-SW-ETAL-001,IL-115-SW-ETAL-001-1,1,esm2,0,-9.30896784600163,31.0409004345702,standard,0-10 cm,0-9.3 cm
Illinois,mean,BAU,IL-115-SW-ETAL-001,IL-115-SW-ETAL-001-2,2,esm1,-9.2,-27,57.0798326995562,standard,10-30 cm,9.2-27 cm
Illinois,mean,BAU,IL-115-SW-ETAL-001,IL-115-SW-ETAL-001-2,2,esm2,-9.30896784600163,-27.1144061876575,56.9722961187965,standard,10-30 cm,9.3-27.1 cm
Illinois,mean,BAU,IL-115-SW-ETAL-001,IL-115-SW-ETAL-001-3,3,esm1,-27,-45.8,51.051202242304,standard,30-50 cm,27-45.8 cm
Illinois,mean,BAU,IL-115-SW-ETAL-001,IL-115-SW-ETAL-001-3,3,esm2,-27.1144061876575,-45.7554236476689,52.2554893751068,standard,30-50 cm,27.1-45.8 cm
Illinois,mean,BAU,IL-115-SW-ETAL-001,IL-115-SW-ETAL-001-4,4,esm1,-45.8,-69.2,33.3266581685292,standard,50-75 cm,45.8-69.2 cm
Illinois,mean,BAU,IL-115-SW-ETAL-001,IL-115-SW-ETAL-001-4,4,esm2,-45.7554236476689,-70.6253448602094,45.5680106242944,standard,50-75 cm,45.8-70.6 cm
Illinois,mean,BAU,IL-115-SW-ETAL-001,IL-115-SW-ETAL-001-5,5,esm1,-69.2,-92.9,27.6321086985382,standard,75-100 cm,69.2-92.9 cm
Illinois,mean,BAU,IL-115-SW-ETAL-001,IL-115-SW-ETAL-001-5,5,esm2,-70.6253448602094,-93.8862073365845,20.9728641250672,standard,75-100 cm,70.6-93.9 cm
Illinois,mean,BAU,IL-115-SW-ETAL-002,IL-115-SW-ETAL-002-1,1,esm1,0,-9.5,25.7710073371244,standard,0-10 cm,0-9.5 cm
Illinois,mean,BAU,IL-115-SW-ETAL-002,IL-115-SW-ETAL-002-1,1,esm2,0,-9.61712667722242,26.1500542556974,standard,0-10 cm,0-9.6 cm
Illinois,mean,BAU,IL-115-SW-ETAL-002,IL-115-SW-ETAL-002-2,2,esm1,-9.5,-27.2,44.7791022639129,standard,10-30 cm,9.5-27.2 cm
Illinois,mean,BAU,IL-115-SW-ETAL-002,IL-115-SW-ETAL-002-2,2,esm2,-9.61712667722242,-27.213470160393,44.3774613611162,standard,10-30 cm,9.6-27.2 cm
Illinois,mean,BAU,IL-115-SW-ETAL-002,IL-115-SW-ETAL-002-3,3,esm1,-27.2,-45.8,39.8566462334798,standard,30-50 cm,27.2-45.8 cm
Illinois,mean,BAU,IL-115-SW-ETAL-002,IL-115-SW-ETAL-002-3,3,esm2,-27.213470160393,-45.6837187074813,41.0641094668884,standard,30-50 cm,27.2-45.7 cm
Illinois,mean,BAU,IL-115-SW-ETAL-002,IL-115-SW-ETAL-002-4,4,esm1,-45.8,-69.1,23.5433675964888,standard,50-75 cm,45.8-69.1 cm
Illinois,mean,BAU,IL-115-SW-ETAL-002,IL-115-SW-ETAL-002-4,4,esm2,-45.6837187074813,-70.4335837042835,33.1902358649836,standard,50-75 cm,45.7-70.4 cm
Illinois,mean,BAU,IL-115-SW-ETAL-002,IL-115-SW-ETAL-002-5,5,esm1,-69.1,-92.7,18.4317349384631,standard,75-100 cm,69.1-92.7 cm
Illinois,mean,BAU,IL-115-SW-ETAL-002,IL-115-SW-ETAL-002-5,5,esm2,-70.4335837042835,-93.6652425744001,12.6672845841059,standard,75-100 cm,70.4-93.7 cm
Illinois,mean,BAU,IL-115-SW-ETAL-003,IL-115-SW-ETAL-003-1,1,esm1,0,-9.7,29.3291430651321,standard,0-10 cm,0-9.7 cm
Illinois,mean,BAU,IL-115-SW-ETAL-003,IL-115-SW-ETAL-003-1,1,esm2,0,-9.74009178521785,29.4451851843959,standard,0-10 cm,0-9.7 cm
Illinois,mean,BAU,IL-115-SW-ETAL-003,IL-115-SW-ETAL-003-2,2,esm1,-9.7,-27.6,51.3416973139088,standard,10-30 cm,9.7-27.6 cm
Illinois,mean,BAU,IL-115-SW-ETAL-003,IL-115-SW-ETAL-003-2,2,esm2,-9.74009178521785,-27.6439598291365,51.7000575254002,standard,10-30 cm,9.7-27.6 cm
Illinois,mean,BAU,IL-115-SW-ETAL-003,IL-115-SW-ETAL-003-3,3,esm1,-27.6,-45,33.9189168563888,standard,30-50 cm,27.6-45 cm
Illinois,mean,BAU,IL-115-SW-ETAL-003,IL-115-SW-ETAL-003-3,3,esm2,-27.6439598291365,-45.2177251593717,35.8634814569236,standard,30-50 cm,27.6-45.2 cm
Illinois,mean,BAU,IL-115-SW-ETAL-003,IL-115-SW-ETAL-003-4,4,esm1,-45,-67.4,20.3816718188929,standard,50-75 cm,45-67.4 cm
Illinois,mean,BAU,IL-115-SW-ETAL-003,IL-115-SW-ETAL-003-4,4,esm2,-45.2177251593717,-66.6043007661489,22.8112729366344,standard,50-75 cm,45.2-66.6 cm
Illinois,mean,BAU,IL-115-SW-ETAL-003,IL-115-SW-ETAL-003-5,5,esm1,-67.4,-90.3,14.7227480325582,standard,75-100 cm,67.4-90.3 cm
Illinois,mean,BAU,IL-115-SW-ETAL-003,IL-115-SW-ETAL-003-5,5,esm2,-66.6043007661489,-89.4855485035182,11.4577774273473,standard,75-100 cm,66.6-89.5 cm
Illinois,mean,BAU,IL-115-SW-WDFLD-001,IL-115-SW-WDFLD-001-1,1,esm1,0,-9.1,31.4427818347639,standard,0-10 cm,0-9.1 cm
Illinois,mean,BAU,IL-115-SW-WDFLD-001,IL-115-SW-WDFLD-001-1,1,esm2,0,-9.24403724252843,31.9428992946749,standard,0-10 cm,0-9.2 cm
Illinois,mean,BAU,IL-115-SW-WDFLD-001,IL-115-SW-WDFLD-001-2,2,esm1,-9.1,-26.7,56.6517020067499,standard,10-30 cm,9.1-26.7 cm
Illinois,mean,BAU,IL-115-SW-WDFLD-001,IL-115-SW-WDFLD-001-2,2,esm2,-9.24403724252843,-26.8074918270851,56.9988944919055,standard,10-30 cm,9.2-26.8 cm
Illinois,mean,BAU,IL-115-SW-WDFLD-001,IL-115-SW-WDFLD-001-3,3,esm1,-26.7,-44.3,31.6163461251467,standard,30-50 cm,26.7-44.3 cm
Illinois,mean,BAU,IL-115-SW-WDFLD-001,IL-115-SW-WDFLD-001-3,3,esm2,-26.8074918270851,-44.2323628447926,33.9565029804489,standard,30-50 cm,26.8-44.2 cm
Illinois,mean,BAU,IL-115-SW-WDFLD-001,IL-115-SW-WDFLD-001-4,4,esm1,-44.3,-66.7,23.0047027421715,standard,50-75 cm,44.3-66.7 cm
Illinois,mean,BAU,IL-115-SW-WDFLD-001,IL-115-SW-WDFLD-001-4,4,esm2,-44.2323628447926,-67.2734528862999,15.4524096473066,standard,50-75 cm,44.2-67.3 cm
Illinois,mean,BAU,IL-115-SW-WDFLD-001,IL-115-SW-WDFLD-001-5,5,esm1,-66.7,-89.5,19.5300695998407,standard,75-100 cm,66.7-89.5 cm
Illinois,mean,BAU,IL-115-SW-WDFLD-001,IL-115-SW-WDFLD-001-5,5,esm2,-67.2734528862999,-90.0252637835116,16.361708575918,standard,75-100 cm,67.3-90 cm
Illinois,mean,BAU,IL-115-SW-WDFLD-002,IL-115-SW-WDFLD-002-1,1,esm1,0,-9.8,31.8587667815263,standard,0-10 cm,0-9.8 cm
Illinois,mean,BAU,IL-115-SW-WDFLD-002,IL-115-SW-WDFLD-002-1,1,esm2,0,-9.89371296339315,32.1763034157232,standard,0-10 cm,0-9.9 cm
Illinois,mean,BAU,IL-115-SW-WDFLD-002,IL-115-SW-WDFLD-002-2,2,esm1,-9.8,-26.9,58.428586217155,standard,10-30 cm,9.8-26.9 cm
Illinois,mean,BAU,IL-115-SW-WDFLD-002,IL-115-SW-WDFLD-002-2,2,esm2,-9.89371296339315,-26.9383175957851,58.8125749774415,standard,10-30 cm,9.9-26.9 cm
Illinois,mean,BAU,IL-115-SW-WDFLD-002,IL-115-SW-WDFLD-002-3,3,esm1,-26.9,-44.9,39.6956338864728,standard,30-50 cm,26.9-44.9 cm
Illinois,mean,BAU,IL-115-SW-WDFLD-002,IL-115-SW-WDFLD-002-3,3,esm2,-26.9383175957851,-45.0873286096334,42.3881641656649,standard,30-50 cm,26.9-45.1 cm
Illinois,mean,BAU,IL-115-SW-WDFLD-002,IL-115-SW-WDFLD-002-4,4,esm1,-44.9,-67.2,25.4054370703771,standard,50-75 cm,44.9-67.2 cm
Illinois,mean,BAU,IL-115-SW-WDFLD-002,IL-115-SW-WDFLD-002-4,4,esm2,-45.0873286096334,-67.1878304721105,21.746425677217,standard,50-75 cm,45.1-67.2 cm
Illinois,mean,BAU,IL-115-SW-WDFLD-002,IL-115-SW-WDFLD-002-5,5,esm1,-67.2,-89.7,19.9836899720189,standard,75-100 cm,67.2-89.7 cm
Illinois,mean,BAU,IL-115-SW-WDFLD-002,IL-115-SW-WDFLD-002-5,5,esm2,-67.1878304721105,-89.611007581441,16.1777862055901,standard,75-100 cm,67.2-89.6 cm
Illinois,mean,BAU,IL-115-SW-WDFLD-003,IL-115-SW-WDFLD-003-1,1,esm1,0,-10,31.7844484160479,standard,0-10 cm,0-10 cm
Illinois,mean,BAU,IL-115-SW-WDFLD-003,IL-115-SW-WDFLD-003-1,1,esm2,0,-10.0445423904434,31.9625038452825,standard,0-10 cm,0-10 cm
Illinois,mean,BAU,IL-115-SW-WDFLD-003,IL-115-SW-WDFLD-003-2,2,esm1,-10,-27.8,59.3087203992351,standard,10-30 cm,10-27.8 cm
Illinois,mean,BAU,IL-115-SW-WDFLD-003,IL-115-SW-WDFLD-003-2,2,esm2,-10.0445423904434,-27.8917183745222,59.9631460321094,standard,10-30 cm,10-27.9 cm
Illinois,mean,BAU,IL-115-SW-WDFLD-003,IL-115-SW-WDFLD-003-3,3,esm1,-27.8,-45.5,34.8797995912746,standard,30-50 cm,27.8-45.5 cm
Illinois,mean,BAU,IL-115-SW-WDFLD-003,IL-115-SW-WDFLD-003-3,3,esm2,-27.8917183745222,-45.5145717705124,36.7366678322632,standard,30-50 cm,27.9-45.5 cm
Illinois,mean,BAU,IL-115-SW-WDFLD-003,IL-115-SW-WDFLD-003-4,4,esm1,-45.5,-68.1,24.5964094802344,standard,50-75 cm,45.5-68.1 cm
Illinois,mean,BAU,IL-115-SW-WDFLD-003,IL-115-SW-WDFLD-003-4,4,esm2,-45.5145717705124,-68.435225724206,20.0647683264558,standard,50-75 cm,45.5-68.4 cm
Illinois,mean,BAU,IL-115-SW-WDFLD-003,IL-115-SW-WDFLD-003-5,5,esm1,-68.1,-91.1,20.9654215249211,standard,75-100 cm,68.1-91.1 cm
Illinois,mean,BAU,IL-115-SW-WDFLD-003,IL-115-SW-WDFLD-003-5,5,esm2,-68.435225724206,-91.3447195890644,18.2742816405378,standard,75-100 cm,68.4-91.3 cm
Illinois,mean,BAU,IL-147-SW-CRP-001,IL-147-SW-CRP-001-1,1,esm1,0,-7.5,31.224508141554,standard,0-10 cm,0-7.5 cm
Illinois,mean,BAU,IL-147-SW-CRP-001,IL-147-SW-CRP-001-1,1,esm2,0,-7.63825785925576,31.8242275131552,standard,0-10 cm,0-7.6 cm
Illinois,mean,BAU,IL-147-SW-CRP-001,IL-147-SW-CRP-001-2,2,esm1,-7.5,-23.6,57.9412002834905,standard,10-30 cm,7.5-23.6 cm
Illinois,mean,BAU,IL-147-SW-CRP-001,IL-147-SW-CRP-001-2,2,esm2,-7.63825785925576,-23.5036572005762,57.1115191393231,standard,10-30 cm,7.6-23.5 cm
Illinois,mean,BAU,IL-147-SW-CRP-001,IL-147-SW-CRP-001-3,3,esm1,-23.6,-42,45.6620602280046,standard,30-50 cm,23.6-42 cm
Illinois,mean,BAU,IL-147-SW-CRP-001,IL-147-SW-CRP-001-3,3,esm2,-23.5036572005762,-42.504284977523,50.6600043814795,standard,30-50 cm,23.5-42.5 cm
Illinois,mean,BAU,IL-147-SW-CRP-001,IL-147-SW-CRP-001-4,4,esm1,-42,-64.4,30.0210872029497,standard,50-75 cm,42-64.4 cm
Illinois,mean,BAU,IL-147-SW-CRP-001,IL-147-SW-CRP-001-4,4,esm2,-42.504284977523,-63.4713636990801,26.9315830808428,standard,50-75 cm,42.5-63.5 cm
Illinois,mean,BAU,IL-147-SW-CRP-001,IL-147-SW-CRP-001-5,5,esm1,-64.4,-87,20.1773260348606,standard,75-100 cm,64.4-87 cm
Illinois,mean,BAU,IL-147-SW-CRP-001,IL-147-SW-CRP-001-5,5,esm2,-63.4713636990801,-85.558294701246,15.9476283300932,standard,75-100 cm,63.5-85.6 cm
Illinois,mean,BAU,IL-147-SW-CRP-002,IL-147-SW-CRP-002-1,1,esm1,0,-9.3,26.3223928273399,standard,0-10 cm,0-9.3 cm
Illinois,mean,BAU,IL-147-SW-CRP-002,IL-147-SW-CRP-002-1,1,esm2,0,-9.42950269310953,26.7162299886051,standard,0-10 cm,0-9.4 cm
Illinois,mean,BAU,IL-147-SW-CRP-002,IL-147-SW-CRP-002-2,2,esm1,-9.3,-27.2,47.2566562111034,standard,10-30 cm,9.3-27.2 cm
Illinois,mean,BAU,IL-147-SW-CRP-002,IL-147-SW-CRP-002-2,2,esm2,-9.42950269310953,-27.3266977002716,47.1984965175371,standard,10-30 cm,9.4-27.3 cm
Illinois,mean,BAU,IL-147-SW-CRP-002,IL-147-SW-CRP-002-3,3,esm1,-27.2,-45.3,43.9902954010623,standard,30-50 cm,27.2-45.3 cm
Illinois,mean,BAU,IL-147-SW-CRP-002,IL-147-SW-CRP-002-3,3,esm2,-27.3266977002716,-45.2619252368191,44.1562978978924,standard,30-50 cm,27.3-45.3 cm
Illinois,mean,BAU,IL-147-SW-CRP-002,IL-147-SW-CRP-002-4,4,esm1,-45.3,-68.3,27.3479873022766,standard,50-75 cm,45.3-68.3 cm
Illinois,mean,BAU,IL-147-SW-CRP-002,IL-147-SW-CRP-002-4,4,esm2,-45.2619252368191,-69.1196517597993,41.3471453895895,standard,50-75 cm,45.3-69.1 cm
Illinois,mean,BAU,IL-147-SW-CRP-002,IL-147-SW-CRP-002-5,5,esm1,-68.3,-91.5,20.2825033737529,standard,75-100 cm,68.3-91.5 cm
Illinois,mean,BAU,IL-147-SW-CRP-002,IL-147-SW-CRP-002-5,5,esm2,-69.1196517597993,-92.2264211102371,12.6658307235444,standard,75-100 cm,69.1-92.2 cm
Illinois,mean,BAU,IL-147-SW-CRP-003,IL-147-SW-CRP-003-1,1,esm1,0,-8.5,23.7762962721568,standard,0-10 cm,0-8.5 cm
Illinois,mean,BAU,IL-147-SW-CRP-003,IL-147-SW-CRP-003-1,1,esm2,0,-8.59234927987926,23.9096477026653,standard,0-10 cm,0-8.6 cm
Illinois,mean,BAU,IL-147-SW-CRP-003,IL-147-SW-CRP-003-2,2,esm1,-8.5,-25.3,41.4663215950771,standard,10-30 cm,8.5-25.3 cm
Illinois,mean,BAU,IL-147-SW-CRP-003,IL-147-SW-CRP-003-2,2,esm2,-8.59234927987926,-25.3050563186681,42.5697191494815,standard,10-30 cm,8.6-25.3 cm
Illinois,mean,BAU,IL-147-SW-CRP-003,IL-147-SW-CRP-003-3,3,esm1,-25.3,-42.9,22.6703138370766,standard,30-50 cm,25.3-42.9 cm
Illinois,mean,BAU,IL-147-SW-CRP-003,IL-147-SW-CRP-003-3,3,esm2,-25.3050563186681,-42.880670345153,21.9970296921732,standard,30-50 cm,25.3-42.9 cm
Illinois,mean,BAU,IL-147-SW-CRP-003,IL-147-SW-CRP-003-4,4,esm1,-42.9,-66.4,18.0406185761113,standard,50-75 cm,42.9-66.4 cm
Illinois,mean,BAU,IL-147-SW-CRP-003,IL-147-SW-CRP-003-4,4,esm2,-42.880670345153,-66.0930304793421,21.522096823692898,standard,50-75 cm,42.9-66.1 cm
Illinois,mean,BAU,IL-147-SW-CRP-003,IL-147-SW-CRP-003-5,5,esm1,-66.4,-90.8,14.3853616427778,standard,75-100 cm,66.4-90.8 cm
Illinois,mean,BAU,IL-147-SW-CRP-003,IL-147-SW-CRP-003-5,5,esm2,-66.0930304793421,-90.544693730892,12.6604271855092,standard,75-100 cm,66.1-90.5 cm
Illinois,mean,BAU,IL-147-SW-TS-001,IL-147-SW-TS-001-1,1,esm1,0,-9,35.3525048366343,standard,0-10 cm,0-9 cm
Illinois,mean,BAU,IL-147-SW-TS-001,IL-147-SW-TS-001-1,1,esm2,0,-9.15190211509729,35.968046514403,standard,0-10 cm,0-9.2 cm
Illinois,mean,BAU,IL-147-SW-TS-001,IL-147-SW-TS-001-2,2,esm1,-9,-26.6,51.0002671297979,standard,10-30 cm,9-26.6 cm
Illinois,mean,BAU,IL-147-SW-TS-001,IL-147-SW-TS-001-2,2,esm2,-9.15190211509729,-26.5768565296319,51.3321556457832,standard,10-30 cm,9.2-26.6 cm
Illinois,mean,BAU,IL-147-SW-TS-001,IL-147-SW-TS-001-3,3,esm1,-26.6,-44.6,23.6201166366317,standard,30-50 cm,26.6-44.6 cm
Illinois,mean,BAU,IL-147-SW-TS-001,IL-147-SW-TS-001-3,3,esm2,-26.5768565296319,-44.7689657212913,24.1077800390052,standard,30-50 cm,26.6-44.8 cm
Illinois,mean,BAU,IL-147-SW-TS-001,IL-147-SW-TS-001-4,4,esm1,-44.6,-66.3,16.2031993798168,standard,50-75 cm,44.6-66.3 cm
Illinois,mean,BAU,IL-147-SW-TS-001,IL-147-SW-TS-001-4,4,esm2,-44.7689657212913,-66.5077167742443,15.6727395933056,standard,50-75 cm,44.8-66.5 cm
Illinois,mean,BAU,IL-147-SW-TS-001,IL-147-SW-TS-001-5,5,esm1,-66.3,-88.1,13.103816837389,standard,75-100 cm,66.3-88.1 cm
Illinois,mean,BAU,IL-147-SW-TS-001,IL-147-SW-TS-001-5,5,esm2,-66.5077167742443,-88.1712932368836,10.4951889745867,standard,75-100 cm,66.5-88.2 cm
Illinois,mean,BAU,IL-147-SW-TS-002,IL-147-SW-TS-002-1,1,esm1,0,-9.1,34.4553978301487,standard,0-10 cm,0-9.1 cm
Illinois,mean,BAU,IL-147-SW-TS-002,IL-147-SW-TS-002-1,1,esm2,0,-9.16025592321169,34.6059301863466,standard,0-10 cm,0-9.2 cm
Illinois,mean,BAU,IL-147-SW-TS-002,IL-147-SW-TS-002-2,2,esm1,-9.1,-26.3,60.1340177772907,standard,10-30 cm,9.1-26.3 cm
Illinois,mean,BAU,IL-147-SW-TS-002,IL-147-SW-TS-002-2,2,esm2,-9.16025592321169,-26.37252632583,61.4463933926922,standard,10-30 cm,9.2-26.4 cm
Illinois,mean,BAU,IL-147-SW-TS-002,IL-147-SW-TS-002-3,3,esm1,-26.3,-43.3,30.6417300713031,standard,30-50 cm,26.3-43.3 cm
Illinois,mean,BAU,IL-147-SW-TS-002,IL-147-SW-TS-002-3,3,esm2,-26.37252632583,-43.3188715511649,32.1824225363799,standard,30-50 cm,26.4-43.3 cm
Illinois,mean,BAU,IL-147-SW-TS-002,IL-147-SW-TS-002-4,4,esm1,-43.3,-65.2,22.6013905364684,standard,50-75 cm,43.3-65.2 cm
Illinois,mean,BAU,IL-147-SW-TS-002,IL-147-SW-TS-002-4,4,esm2,-43.3188715511649,-65.2882763558634,17.1717547377563,standard,50-75 cm,43.3-65.3 cm
Illinois,mean,BAU,IL-147-SW-TS-002,IL-147-SW-TS-002-5,5,esm1,-65.2,-87.5,18.2795309349987,standard,75-100 cm,65.2-87.5 cm
Illinois,mean,BAU,IL-147-SW-TS-002,IL-147-SW-TS-002-5,5,esm2,-65.2882763558634,-87.6108309655206,14.2585760541715,standard,75-100 cm,65.3-87.6 cm
Illinois,mean,BAU,IL-147-SW-TS-003,IL-147-SW-TS-003-1,1,esm1,0,-9.7,36.1593326232427,standard,0-10 cm,0-9.7 cm
Illinois,mean,BAU,IL-147-SW-TS-003,IL-147-SW-TS-003-1,1,esm2,0,-9.76927636550321,36.4078047619352,standard,0-10 cm,0-9.8 cm
Illinois,mean,BAU,IL-147-SW-TS-003,IL-147-SW-TS-003-2,2,esm1,-9.7,-26.5,62.781018952883,standard,10-30 cm,9.7-26.5 cm
Illinois,mean,BAU,IL-147-SW-TS-003,IL-147-SW-TS-003-2,2,esm2,-9.76927636550321,-26.6707054869984,64.4916101391826,standard,10-30 cm,9.8-26.7 cm
Illinois,mean,BAU,IL-147-SW-TS-003,IL-147-SW-TS-003-3,3,esm1,-26.5,-43.8,31.5750235980197,standard,30-50 cm,26.5-43.8 cm
Illinois,mean,BAU,IL-147-SW-TS-003,IL-147-SW-TS-003-3,3,esm2,-26.6707054869984,-43.433485016991,32.7463839398622,standard,30-50 cm,26.7-43.4 cm
Illinois,mean,BAU,IL-147-SW-TS-003,IL-147-SW-TS-003-4,4,esm1,-43.8,-66.1,24.5029738932184,standard,50-75 cm,43.8-66.1 cm
Illinois,mean,BAU,IL-147-SW-TS-003,IL-147-SW-TS-003-4,4,esm2,-43.433485016991,-67.5922765709899,14.5621734472336,standard,50-75 cm,43.4-67.6 cm
Illinois,mean,BAU,IL-147-SW-TS-003,IL-147-SW-TS-003-5,5,esm1,-66.1,-88.7,21.940825806528,standard,75-100 cm,66.1-88.7 cm
Illinois,mean,BAU,IL-147-SW-TS-003,IL-147-SW-TS-003-5,5,esm2,-67.5922765709899,-90.4271924052691,17.9872099548835,standard,75-100 cm,67.6-90.4 cm
KansasState,mean,BAU,KeC1-1,KeC1-1-1,1,esm1,0,-9.5,24.1929516630999,standard,0-10 cm,0-9.5 cm
KansasState,mean,BAU,KeC1-1,KeC1-1-1,1,esm2,0,-9.55728932975289,24.3925070967218,standard,0-10 cm,0-9.6 cm
KansasState,mean,BAU,KeC1-1,KeC1-1-2,2,esm1,-9.5,-31.1,39.7097497879719,standard,10-30 cm,9.5-31.1 cm
KansasState,mean,BAU,KeC1-1,KeC1-1-2,2,esm2,-9.55728932975289,-31.2148840813715,40.3496414725438,standard,10-30 cm,9.6-31.2 cm
KansasState,mean,BAU,KeC1-1,KeC1-1-3,3,esm1,-31.1,-52.5,24.1810239158568,standard,30-50 cm,31.1-52.5 cm
KansasState,mean,BAU,KeC1-1,KeC1-1-3,3,esm2,-31.2148840813715,-52.5553685658321,23.6591013728356,standard,30-50 cm,31.2-52.6 cm
KansasState,mean,BAU,KeC1-1,KeC1-1-4,4,esm1,-52.5,-78.9,24.7614186385615,standard,50-75 cm,52.5-78.9 cm
KansasState,mean,BAU,KeC1-1,KeC1-1-4,4,esm2,-52.5553685658321,-78.6076139008609,24.5062772796138,standard,50-75 cm,52.6-78.6 cm
KansasState,mean,BAU,KeC1-1,KeC1-1-5,5,esm1,-78.9,-110.5,22.495173274853,standard,75-100 cm,78.9-110.5 cm
KansasState,mean,BAU,KeC1-1,KeC1-1-5,5,esm2,-78.6076139008609,-111.950573831891,16.093963427284,standard,75-100 cm,78.6-112 cm
KansasState,mean,BAU,KeC1-2,KeC1-2-1,1,esm1,0,-9.3,23.144044072914,standard,0-10 cm,0-9.3 cm
KansasState,mean,BAU,KeC1-2,KeC1-2-1,1,esm2,0,-9.32487433259734,23.3327079070526,standard,0-10 cm,0-9.3 cm
KansasState,mean,BAU,KeC1-2,KeC1-2-2,2,esm1,-9.3,-30.3,29.3360771691361,standard,10-30 cm,9.3-30.3 cm
KansasState,mean,BAU,KeC1-2,KeC1-2-2,2,esm2,-9.32487433259734,-30.4100856777095,29.5824626534728,standard,10-30 cm,9.3-30.4 cm
KansasState,mean,BAU,KeC1-2,KeC1-2-3,3,esm1,-30.3,-51.5,17.7529008887147,standard,30-50 cm,30.3-51.5 cm
KansasState,mean,BAU,KeC1-2,KeC1-2-3,3,esm2,-30.4100856777095,-51.4327975599861,17.5219654201774,standard,30-50 cm,30.4-51.4 cm
KansasState,mean,BAU,KeC1-2,KeC1-2-4,4,esm1,-51.5,-80.9,22.6667778649358,standard,50-75 cm,51.5-80.9 cm
KansasState,mean,BAU,KeC1-2,KeC1-2-4,4,esm2,-51.4327975599861,-80.8164661732468,22.4339010006445,standard,50-75 cm,51.4-80.8 cm
KansasState,mean,BAU,KeC1-2,KeC1-2-5,5,esm1,-80.9,-114.8,25.563691541012,standard,75-100 cm,80.9-114.8 cm
KansasState,mean,BAU,KeC1-2,KeC1-2-5,5,esm2,-80.8164661732468,-116.34871161821,26.4040594501998,standard,75-100 cm,80.8-116.3 cm
KansasState,mean,BAU,KeC1-3,KeC1-3-1,1,esm1,0,-10.9,22.505643499887,standard,0-10 cm,0-10.9 cm
KansasState,mean,BAU,KeC1-3,KeC1-3-1,1,esm2,0,-10.9611415288007,22.9138628970284,standard,0-10 cm,0-11 cm
KansasState,mean,BAU,KeC1-3,KeC1-3-2,2,esm1,-10.9,-33.8,32.9558415968814,standard,10-30 cm,10.9-33.8 cm
KansasState,mean,BAU,KeC1-3,KeC1-3-2,2,esm2,-10.9611415288007,-33.9281355143028,33.2716987647946,standard,10-30 cm,11-33.9 cm
KansasState,mean,BAU,KeC1-3,KeC1-3-3,3,esm1,-33.8,-55.7,19.3831393615802,standard,30-50 cm,33.8-55.7 cm
KansasState,mean,BAU,KeC1-3,KeC1-3-3,3,esm2,-33.9281355143028,-55.8237927140564,18.9877621311811,standard,30-50 cm,33.9-55.8 cm
KansasState,mean,BAU,KeC1-3,KeC1-3-4,4,esm1,-55.7,-83.7,23.2258507808406,standard,50-75 cm,55.7-83.7 cm
KansasState,mean,BAU,KeC1-3,KeC1-3-4,4,esm2,-55.8237927140564,-83.6639751588189,22.8317722814865,standard,50-75 cm,55.8-83.7 cm
KansasState,mean,BAU,KeC1-3,KeC1-3-5,5,esm1,-83.7,-113.5,25.5284154710436,standard,75-100 cm,83.7-113.5 cm
KansasState,mean,BAU,KeC1-3,KeC1-3-5,5,esm2,-83.6639751588189,-114.653216105109,26.9956935757151,standard,75-100 cm,83.7-114.7 cm
KansasState,mean,BAU,KeC2-1,KeC2-1-1,1,esm1,0,-11.3,22.93748479494,standard,0-10 cm,0-11.3 cm
KansasState,mean,BAU,KeC2-1,KeC2-1-1,1,esm2,0,-11.3694609229579,23.3979651674008,standard,0-10 cm,0-11.4 cm
KansasState,mean,BAU,KeC2-1,KeC2-1-2,2,esm1,-11.3,-33,27.2104758335305,standard,10-30 cm,11.3-33 cm
KansasState,mean,BAU,KeC2-1,KeC2-1-2,2,esm2,-11.3694609229579,-33.2132303150833,27.9030423006218,standard,10-30 cm,11.4-33.2 cm
KansasState,mean,BAU,KeC2-1,KeC2-1-3,3,esm1,-33,-53.7,20.9198473098307,standard,30-50 cm,33-53.7 cm
KansasState,mean,BAU,KeC2-1,KeC2-1-3,3,esm2,-33.2132303150833,-53.7315130500741,19.3383281823597,standard,30-50 cm,33.2-53.7 cm
KansasState,mean,BAU,KeC2-1,KeC2-1-4,4,esm1,-53.7,-80.8,32.6794373996871,standard,50-75 cm,53.7-80.8 cm
KansasState,mean,BAU,KeC2-1,KeC2-1-4,4,esm2,-53.7315130500741,-80.8004030065018,33.5894912312112,standard,50-75 cm,53.7-80.8 cm
KansasState,mean,BAU,KeC2-1,KeC2-1-5,5,esm1,-80.8,-110.1,22.4342952112599,standard,75-100 cm,80.8-110.1 cm
KansasState,mean,BAU,KeC2-1,KeC2-1-5,5,esm2,-80.8004030065018,-109.617750990632,19.7481739271866,standard,75-100 cm,80.8-109.6 cm
KansasState,mean,BAU,KeC2-2,KeC2-2-1,1,esm1,0,-8.5,23.8836457142,standard,0-10 cm,0-8.5 cm
KansasState,mean,BAU,KeC2-2,KeC2-2-1,1,esm2,0,-8.53919115321161,24.2372072470831,standard,0-10 cm,0-8.5 cm
KansasState,mean,BAU,KeC2-2,KeC2-2-2,2,esm1,-8.5,-28.1,33.1371070420598,standard,10-30 cm,8.5-28.1 cm
KansasState,mean,BAU,KeC2-2,KeC2-2-2,2,esm2,-8.53919115321161,-28.0732754668008,33.508678010005,standard,10-30 cm,8.5-28.1 cm
KansasState,mean,BAU,KeC2-2,KeC2-2-3,3,esm1,-28.1,-49.8,24.5140517050934,standard,30-50 cm,28.1-49.8 cm
KansasState,mean,BAU,KeC2-2,KeC2-2-3,3,esm2,-28.0732754668008,-49.7602500652889,23.9089049909162,standard,30-50 cm,28.1-49.8 cm
KansasState,mean,BAU,KeC2-2,KeC2-2-4,4,esm1,-49.8,-78.1,26.9884444571563,standard,50-75 cm,49.8-78.1 cm
KansasState,mean,BAU,KeC2-2,KeC2-2-4,4,esm2,-49.7602500652889,-78.1907748254183,26.9502005783277,standard,50-75 cm,49.8-78.2 cm
KansasState,mean,BAU,KeC2-2,KeC2-2-5,5,esm1,-78.1,-106.3,28.4326771813563,standard,75-100 cm,78.1-106.3 cm
KansasState,mean,BAU,KeC2-2,KeC2-2-5,5,esm2,-78.1907748254183,-106.447180883837,30.2160276654149,standard,75-100 cm,78.2-106.4 cm
KansasState,mean,BAU,KeC2-3,KeC2-3-1,1,esm1,0,-9.4,21.554655260864,standard,0-10 cm,0-9.4 cm
KansasState,mean,BAU,KeC2-3,KeC2-3-1,1,esm2,0,-9.45253013121865,21.7400879325762,standard,0-10 cm,0-9.5 cm
KansasState,mean,BAU,KeC2-3,KeC2-3-2,2,esm1,-9.4,-29.9,32.0090247631558,standard,10-30 cm,9.4-29.9 cm
KansasState,mean,BAU,KeC2-3,KeC2-3-2,2,esm2,-9.45253013121865,-29.9306473236588,32.1664838710958,standard,10-30 cm,9.5-29.9 cm
KansasState,mean,BAU,KeC2-3,KeC2-3-3,3,esm1,-29.9,-51.1,26.0296848167845,standard,30-50 cm,29.9-51.1 cm
KansasState,mean,BAU,KeC2-3,KeC2-3-3,3,esm2,-29.9306473236588,-51.1377661064816,25.5723569480535,standard,30-50 cm,29.9-51.1 cm
KansasState,mean,BAU,KeC2-3,KeC2-3-4,4,esm1,-51.1,-77.6,44.0678303700949,standard,50-75 cm,51.1-77.6 cm
KansasState,mean,BAU,KeC2-3,KeC2-3-4,4,esm2,-51.1377661064816,-77.6022183967724,44.547929788995,standard,50-75 cm,51.1-77.6 cm
KansasState,mean,BAU,KeC2-3,KeC2-3-5,5,esm1,-77.6,-104.9,32.7518716021607,standard,75-100 cm,77.6-104.9 cm
KansasState,mean,BAU,KeC2-3,KeC2-3-5,5,esm2,-77.6022183967724,-104.827134250556,29.0128401948704,standard,75-100 cm,77.6-104.8 cm
KansasState,mean,BAU,KeC3-1,KeC3-1-1,1,esm1,0,-8.8,44.9091747103999,standard,0-10 cm,0-8.8 cm
KansasState,mean,BAU,KeC3-1,KeC3-1-1,1,esm2,0,-8.85973741813614,46.1121950357042,standard,0-10 cm,0-8.9 cm
KansasState,mean,BAU,KeC3-1,KeC3-1-2,2,esm1,-8.8,-29.9,28.8340851861364,standard,10-30 cm,8.8-29.9 cm
KansasState,mean,BAU,KeC3-1,KeC3-1-2,2,esm2,-8.85973741813614,-29.8580581442527,26.5458936100812,standard,10-30 cm,8.9-29.9 cm
KansasState,mean,BAU,KeC3-1,KeC3-1-3,3,esm1,-29.9,-52.7,16.9418329330643,standard,30-50 cm,29.9-52.7 cm
KansasState,mean,BAU,KeC3-1,KeC3-1-3,3,esm2,-29.8580581442527,-52.7911799148223,18.2844955213085,standard,30-50 cm,29.9-52.8 cm
KansasState,mean,BAU,KeC3-1,KeC3-1-4,4,esm1,-52.7,-80.2,21.1418426196171,standard,50-75 cm,52.7-80.2 cm
KansasState,mean,BAU,KeC3-1,KeC3-1-4,4,esm2,-52.7911799148223,-80.0878506314006,21.4591278457643,standard,50-75 cm,52.8-80.1 cm
KansasState,mean,BAU,KeC3-1,KeC3-1-5,5,esm1,-80.2,-109,17.9044755603827,standard,75-100 cm,80.2-109 cm
KansasState,mean,BAU,KeC3-1,KeC3-1-5,5,esm2,-80.0878506314006,-110.237226065887,13.9674334204633,standard,75-100 cm,80.1-110.2 cm
KansasState,mean,BAU,KeC3-2,KeC3-2-1,1,esm1,0,-9,13.1448975801,standard,0-10 cm,0-9 cm
KansasState,mean,BAU,KeC3-2,KeC3-2-1,1,esm2,0,-9.06095880269459,13.3545685157256,standard,0-10 cm,0-9.1 cm
KansasState,mean,BAU,KeC3-2,KeC3-2-2,2,esm1,-9,-28.6,20.4337224468121,standard,10-30 cm,9-28.6 cm
KansasState,mean,BAU,KeC3-2,KeC3-2-2,2,esm2,-9.06095880269459,-28.5461844057106,20.0906337233179,standard,10-30 cm,9.1-28.5 cm
KansasState,mean,BAU,KeC3-2,KeC3-2-3,3,esm1,-28.6,-50.2,23.1338046126074,standard,30-50 cm,28.6-50.2 cm
KansasState,mean,BAU,KeC3-2,KeC3-2-3,3,esm2,-28.5461844057106,-50.1763183258997,23.9183291094908,standard,30-50 cm,28.5-50.2 cm
KansasState,mean,BAU,KeC3-2,KeC3-2-4,4,esm1,-50.2,-77.6,18.2458713559788,standard,50-75 cm,50.2-77.6 cm
KansasState,mean,BAU,KeC3-2,KeC3-2-4,4,esm2,-50.1763183258997,-77.7687021632794,18.538873256613,standard,50-75 cm,50.2-77.8 cm
KansasState,mean,BAU,KeC3-2,KeC3-2-5,5,esm1,-77.6,-105.1,15.1593048085995,standard,75-100 cm,77.6-105.1 cm
KansasState,mean,BAU,KeC3-2,KeC3-2-5,5,esm2,-77.7687021632794,-105.120068842447,14.7636396812769,standard,75-100 cm,77.8-105.1 cm
KansasState,mean,BAU,KeC3-3,KeC3-3-1,1,esm1,0,-9.7,13.560333960916,standard,0-10 cm,0-9.7 cm
KansasState,mean,BAU,KeC3-3,KeC3-3-1,1,esm2,0,-9.75737106786386,13.6570841703614,standard,0-10 cm,0-9.8 cm
KansasState,mean,BAU,KeC3-3,KeC3-3-2,2,esm1,-9.7,-30,26.2925356799141,standard,10-30 cm,9.7-30 cm
KansasState,mean,BAU,KeC3-3,KeC3-3-2,2,esm2,-9.75737106786386,-30.0419485039744,26.4659928063859,standard,10-30 cm,9.8-30 cm
KansasState,mean,BAU,KeC3-3,KeC3-3-3,3,esm1,-30,-51.2,21.0440097342699,standard,30-50 cm,30-51.2 cm
KansasState,mean,BAU,KeC3-3,KeC3-3-3,3,esm2,-30.0419485039744,-51.2589299955842,21.5351166344188,standard,30-50 cm,30-51.3 cm
KansasState,mean,BAU,KeC3-3,KeC3-3-4,4,esm1,-51.2,-78.7,14.7983809959861,standard,50-75 cm,51.2-78.7 cm
KansasState,mean,BAU,KeC3-3,KeC3-3-4,4,esm2,-51.2589299955842,-78.6460146787033,13.7927161418839,standard,50-75 cm,51.3-78.6 cm
KansasState,mean,BAU,KeC3-3,KeC3-3-5,5,esm1,-78.7,-108.5,14.969429223358,standard,75-100 cm,78.7-108.5 cm
KansasState,mean,BAU,KeC3-3,KeC3-3-5,5,esm2,-78.6460146787033,-109.40548531544,17.7824763543815,standard,75-100 cm,78.6-109.4 cm
KansasState,mean,SHM,KeCF1-1,KeCF1-1-1,1,esm1,0,-8.6,19.30264839384,standard,0-10 cm,0-8.6 cm
KansasState,mean,SHM,KeCF1-1,KeCF1-1-1,1,esm2,0,-8.61102269615675,19.4987706550632,standard,0-10 cm,0-8.6 cm
KansasState,mean,SHM,KeCF1-1,KeCF1-1-2,2,esm1,-8.6,-28.1,21.2437014919358,standard,10-30 cm,8.6-28.1 cm
KansasState,mean,SHM,KeCF1-1,KeCF1-1-2,2,esm2,-8.61102269615675,-28.1648222035243,21.0363341022669,standard,10-30 cm,8.6-28.2 cm
KansasState,mean,SHM,KeCF1-1,KeCF1-1-3,3,esm1,-28.1,-49.5,18.3535479175442,standard,30-50 cm,28.1-49.5 cm
KansasState,mean,SHM,KeCF1-1,KeCF1-1-3,3,esm2,-28.1648222035243,-48.8428051444836,18.1034171925452,standard,30-50 cm,28.2-48.8 cm
KansasState,mean,SHM,KeCF1-1,KeCF1-1-4,4,esm1,-49.5,-80.5,20.5966503078607,standard,50-75 cm,49.5-80.5 cm
KansasState,mean,SHM,KeCF1-1,KeCF1-1-4,4,esm2,-48.8428051444836,-82.1126791841655,24.5869757630152,standard,50-75 cm,48.8-82.1 cm
KansasState,mean,SHM,KeCF1-1,KeCF1-1-5,5,esm1,-80.5,-112.2,18.5851665440771,standard,75-100 cm,80.5-112.2 cm
KansasState,mean,SHM,KeCF1-1,KeCF1-1-5,5,esm2,-82.1126791841655,-108.20975446653,6.87778542242287,standard,75-100 cm,82.1-108.2 cm
KansasState,mean,SHM,KeCF1-2,KeCF1-2-1,1,esm1,0,-9.1,17.5824214957,standard,0-10 cm,0-9.1 cm
KansasState,mean,SHM,KeCF1-2,KeCF1-2-1,1,esm2,0,-9.1969316111674,17.8245041540083,standard,0-10 cm,0-9.2 cm
KansasState,mean,SHM,KeCF1-2,KeCF1-2-2,2,esm1,-9.1,-29.7,20.9962790364599,standard,10-30 cm,9.1-29.7 cm
KansasState,mean,SHM,KeCF1-2,KeCF1-2-2,2,esm2,-9.1969316111674,-29.7179238078793,20.9828344774148,standard,10-30 cm,9.2-29.7 cm
KansasState,mean,SHM,KeCF1-2,KeCF1-2-3,3,esm1,-29.7,-53.3,15.4355395175935,standard,30-50 cm,29.7-53.3 cm
KansasState,mean,SHM,KeCF1-2,KeCF1-2-3,3,esm2,-29.7179238078793,-52.8580511446711,15.3279080907962,standard,30-50 cm,29.7-52.9 cm
KansasState,mean,SHM,KeCF1-2,KeCF1-2-4,4,esm1,-53.3,-87.3,18.3351786691568,standard,50-75 cm,53.3-87.3 cm
KansasState,mean,SHM,KeCF1-2,KeCF1-2-4,4,esm2,-52.8580511446711,-88.939566258792,18.3861989282859,standard,50-75 cm,52.9-88.9 cm
KansasState,mean,SHM,KeCF1-2,KeCF1-2-5,5,esm1,-87.3,-121.2,18.2611309939492,standard,75-100 cm,87.3-121.2 cm
KansasState,mean,SHM,KeCF1-2,KeCF1-2-5,5,esm2,-88.939566258792,-110.181551957135,17.4548055984724,standard,75-100 cm,88.9-110.2 cm
KansasState,mean,SHM,KeCF1-3,KeCF1-3-1,1,esm1,0,-10.3,17.940706760297,standard,0-10 cm,0-10.3 cm
KansasState,mean,SHM,KeCF1-3,KeCF1-3-1,1,esm2,0,-10.3430633323685,18.0064410357379,standard,0-10 cm,0-10.3 cm
KansasState,mean,SHM,KeCF1-3,KeCF1-3-2,2,esm1,-10.3,-32.5,25.6467082732233,standard,10-30 cm,10.3-32.5 cm
KansasState,mean,SHM,KeCF1-3,KeCF1-3-2,2,esm2,-10.3430633323685,-33.3694334451601,28.3977969463386,standard,10-30 cm,10.3-33.4 cm
KansasState,mean,SHM,KeCF1-3,KeCF1-3-3,3,esm1,-32.5,-54.1,20.078211936591,standard,30-50 cm,32.5-54.1 cm
KansasState,mean,SHM,KeCF1-3,KeCF1-3-3,3,esm2,-33.3694334451601,-53.9356909323971,17.579334291988,standard,30-50 cm,33.4-53.9 cm
KansasState,mean,SHM,KeCF1-3,KeCF1-3-4,4,esm1,-54.1,-81.9,19.8372210336261,standard,50-75 cm,54.1-81.9 cm
KansasState,mean,SHM,KeCF1-3,KeCF1-3-4,4,esm2,-53.9356909323971,-82.2370448188122,19.7234585606998,standard,50-75 cm,53.9-82.2 cm
KansasState,mean,SHM,KeCF1-3,KeCF1-3-5,5,esm1,-81.9,-106.4,16.9385067948118,standard,75-100 cm,81.9-106.4 cm
KansasState,mean,SHM,KeCF1-3,KeCF1-3-5,5,esm2,-82.2370448188122,-106.049404885123,16.7211656482721,standard,75-100 cm,82.2-106 cm
KansasState,mean,SHM,KeCF3-1,KeCF3-1-1,1,esm1,0,-9,17.93470228935,standard,0-10 cm,0-9 cm
KansasState,mean,SHM,KeCF3-1,KeCF3-1-1,1,esm2,0,-9.11005754704547,18.2509820287018,standard,0-10 cm,0-9.1 cm
KansasState,mean,SHM,KeCF3-1,KeCF3-1-2,2,esm1,-9,-29,23.4131430869503,standard,10-30 cm,9-29 cm
KansasState,mean,SHM,KeCF3-1,KeCF3-1-2,2,esm2,-9.11005754704547,-28.908884332258,23.6661587821593,standard,10-30 cm,9.1-28.9 cm
KansasState,mean,SHM,KeCF3-1,KeCF3-1-3,3,esm1,-29,-50.1,18.3913715590601,standard,30-50 cm,29-50.1 cm
KansasState,mean,SHM,KeCF3-1,KeCF3-1-3,3,esm2,-28.908884332258,-50.2060206466552,18.1242207306757,standard,30-50 cm,28.9-50.2 cm
KansasState,mean,SHM,KeCF3-1,KeCF3-1-4,4,esm1,-50.1,-77.5,17.9675590782206,standard,50-75 cm,50.1-77.5 cm
KansasState,mean,SHM,KeCF3-1,KeCF3-1-4,4,esm2,-50.2060206466552,-76.8776275967353,17.6869217900482,standard,50-75 cm,50.2-76.9 cm
KansasState,mean,SHM,KeCF3-1,KeCF3-1-5,5,esm1,-77.5,-113.3,16.0295183894568,standard,75-100 cm,77.5-113.3 cm
KansasState,mean,SHM,KeCF3-1,KeCF3-1-5,5,esm2,-76.8776275967353,-119.164205702018,16.2870027375014,standard,75-100 cm,76.9-119.2 cm
KansasState,mean,SHM,KeCF3-2,KeCF3-2-1,1,esm1,0,-10.4,14.869869184488,standard,0-10 cm,0-10.4 cm
KansasState,mean,SHM,KeCF3-2,KeCF3-2-1,1,esm2,0,-10.3798400949771,14.8611623937861,standard,0-10 cm,0-10.4 cm
KansasState,mean,SHM,KeCF3-2,KeCF3-2-2,2,esm1,-10.4,-31.6,24.3237221945422,standard,10-30 cm,10.4-31.6 cm
KansasState,mean,SHM,KeCF3-2,KeCF3-2-2,2,esm2,-10.3798400949771,-31.7511667621084,25.0211107525604,standard,10-30 cm,10.4-31.8 cm
KansasState,mean,SHM,KeCF3-2,KeCF3-2-3,3,esm1,-31.6,-52.9,16.303632199778,standard,30-50 cm,31.6-52.9 cm
KansasState,mean,SHM,KeCF3-2,KeCF3-2-3,3,esm2,-31.7511667621084,-52.9207158850533,15.658701578114,standard,30-50 cm,31.8-52.9 cm
KansasState,mean,SHM,KeCF3-2,KeCF3-2-4,4,esm1,-52.9,-81.8,22.2399597221104,standard,50-75 cm,52.9-81.8 cm
KansasState,mean,SHM,KeCF3-2,KeCF3-2-4,4,esm2,-52.9207158850533,-81.993211016211,21.2352433025393,standard,50-75 cm,52.9-82 cm
KansasState,mean,SHM,KeCF3-2,KeCF3-2-5,5,esm1,-81.8,-111.3,28.480626625622,standard,75-100 cm,81.8-111.3 cm
KansasState,mean,SHM,KeCF3-2,KeCF3-2-5,5,esm2,-81.993211016211,-110.438175164401,33.6736457201299,standard,75-100 cm,82-110.4 cm
KansasState,mean,SHM,KeCF3-3,KeCF3-3-1,1,esm1,0,-9.4,15.545804525126,standard,0-10 cm,0-9.4 cm
KansasState,mean,SHM,KeCF3-3,KeCF3-3-1,1,esm2,0,-9.25012880024641,15.7160012378633,standard,0-10 cm,0-9.3 cm
KansasState,mean,SHM,KeCF3-3,KeCF3-3-2,2,esm1,-9.4,-35.1,18.424439246599,standard,10-30 cm,9.4-35.1 cm
KansasState,mean,SHM,KeCF3-3,KeCF3-3-2,2,esm2,-9.25012880024641,-35.4681729997649,18.4651519652742,standard,10-30 cm,9.3-35.5 cm
KansasState,mean,SHM,KeCF3-3,KeCF3-3-3,3,esm1,-35.1,-57.1,16.8885180613133,standard,30-50 cm,35.1-57.1 cm
KansasState,mean,SHM,KeCF3-3,KeCF3-3-3,3,esm2,-35.4681729997649,-57.4384505364095,16.1123200217214,standard,30-50 cm,35.5-57.4 cm
KansasState,mean,SHM,KeCF3-3,KeCF3-3-4,4,esm1,-57.1,-85.2,25.5367267719325,standard,50-75 cm,57.1-85.2 cm
KansasState,mean,SHM,KeCF3-3,KeCF3-3-4,4,esm2,-57.4384505364095,-85.1890913326839,26.3950639197978,standard,50-75 cm,57.4-85.2 cm
KansasState,mean,SHM,KeCF3-3,KeCF3-3-5,5,esm1,-85.2,-115.1,22.232646711947,standard,75-100 cm,85.2-115.1 cm
KansasState,mean,SHM,KeCF3-3,KeCF3-3-5,5,esm2,-85.1890913326839,-116.642138878302,16.8878359194028,standard,75-100 cm,85.2-116.6 cm
KansasState,mean,Ref,KeN1-1,KeN1-1-1,1,esm1,0,-10,30.9265166627,standard,0-10 cm,0-10 cm
KansasState,mean,Ref,KeN1-1,KeN1-1-1,1,esm2,0,-10.0172707222069,30.9574780360064,standard,0-10 cm,0-10 cm
KansasState,mean,Ref,KeN1-1,KeN1-1-2,2,esm1,-10,-37.2,35.267706429488,standard,10-30 cm,10-37.2 cm
KansasState,mean,Ref,KeN1-1,KeN1-1-2,2,esm2,-10.0172707222069,-38.5753500521152,37.2490191286902,standard,10-30 cm,10-38.6 cm
KansasState,mean,Ref,KeN1-1,KeN1-1-3,3,esm1,-37.2,-60,22.0512342205119,standard,30-50 cm,37.2-60 cm
KansasState,mean,Ref,KeN1-1,KeN1-1-3,3,esm2,-38.5753500521152,-58.9693288527101,19.7972999146917,standard,30-50 cm,38.6-59 cm
KansasState,mean,Ref,KeN1-1,KeN1-1-4,4,esm1,-60,-92.6,23.5256668930333,standard,50-75 cm,60-92.6 cm
KansasState,mean,Ref,KeN1-1,KeN1-1-4,4,esm2,-58.9693288527101,-93.488846922397,25.278194899083,standard,50-75 cm,59-93.5 cm
KansasState,mean,Ref,KeN1-1,KeN1-1-5,5,esm1,-92.6,-125.5,19.3439473561892,standard,75-100 cm,92.6-125.5 cm
KansasState,mean,Ref,KeN1-1,KeN1-1-5,5,esm2,-93.488846922397,-108.824698221984,-8.87923896712704,standard,75-100 cm,93.5-108.8 cm
KansasState,mean,Ref,KeN1-2,KeN1-2-1,1,esm1,0,-11.8,28.592783575712,standard,0-10 cm,0-11.8 cm
KansasState,mean,Ref,KeN1-2,KeN1-2-1,1,esm2,0,-11.9017583193783,28.8082662093835,standard,0-10 cm,0-11.9 cm
KansasState,mean,Ref,KeN1-2,KeN1-2-2,2,esm1,-11.8,-34.8,37.8010329299266,standard,10-30 cm,11.8-34.8 cm
KansasState,mean,Ref,KeN1-2,KeN1-2-2,2,esm2,-11.9017583193783,-34.7527128045693,38.9033523400458,standard,10-30 cm,11.9-34.8 cm
KansasState,mean,Ref,KeN1-2,KeN1-2-3,3,esm1,-34.8,-59.4,19.3048737225129,standard,30-50 cm,34.8-59.4 cm
KansasState,mean,Ref,KeN1-2,KeN1-2-3,3,esm2,-34.7527128045693,-59.4736003755196,18.2660320773352,standard,30-50 cm,34.8-59.5 cm
KansasState,mean,Ref,KeN1-2,KeN1-2-4,4,esm1,-59.4,-90.5,19.5104303609596,standard,50-75 cm,59.4-90.5 cm
KansasState,mean,Ref,KeN1-2,KeN1-2-4,4,esm2,-59.4736003755196,-90.5072052601018,19.188484342429,standard,50-75 cm,59.5-90.5 cm
KansasState,mean,Ref,KeN1-2,KeN1-2-5,5,esm1,-90.5,-122.3,20.4478749266407,standard,75-100 cm,90.5-122.3 cm
KansasState,mean,Ref,KeN1-2,KeN1-2-5,5,esm2,-90.5072052601018,-124.647470585323,23.65451656741,standard,75-100 cm,90.5-124.6 cm
KansasState,mean,Ref,KeN1-3,KeN1-3-1,1,esm1,0,-11.4,28.1628385589341,standard,0-10 cm,0-11.4 cm
KansasState,mean,Ref,KeN1-3,KeN1-3-1,1,esm2,0,-11.3594244872298,28.468536470447,standard,0-10 cm,0-11.4 cm
KansasState,mean,Ref,KeN1-3,KeN1-3-2,2,esm1,-11.4,-34.6,30.240615468308,standard,10-30 cm,11.4-34.6 cm
KansasState,mean,Ref,KeN1-3,KeN1-3-2,2,esm2,-11.3594244872298,-34.3699235923741,30.8548903264821,standard,10-30 cm,11.4-34.4 cm
KansasState,mean,Ref,KeN1-3,KeN1-3-3,3,esm1,-34.6,-61.1,17.6001248194129,standard,30-50 cm,34.6-61.1 cm
KansasState,mean,Ref,KeN1-3,KeN1-3-3,3,esm2,-34.3699235923741,-61.4339628218418,16.7900598369132,standard,30-50 cm,34.4-61.4 cm
KansasState,mean,Ref,KeN1-3,KeN1-3-4,4,esm1,-61.1,-92.4,18.716912199144,standard,50-75 cm,61.1-92.4 cm
KansasState,mean,Ref,KeN1-3,KeN1-3-4,4,esm2,-61.4339628218418,-91.8814960998286,18.991378116674,standard,50-75 cm,61.4-91.9 cm
KansasState,mean,Ref,KeN1-3,KeN1-3-5,5,esm1,-92.4,-125.7,16.7917085069746,standard,75-100 cm,92.4-125.7 cm
KansasState,mean,Ref,KeN1-3,KeN1-3-5,5,esm2,-91.8814960998286,-137.381317074674,10.9736547304225,standard,75-100 cm,91.9-137.4 cm
KansasState,mean,Ref,KeN2-1,KeN2-1-1,1,esm1,0,-11.1,18.55826903906,standard,0-10 cm,0-11.1 cm
KansasState,mean,Ref,KeN2-1,KeN2-1-1,1,esm2,0,-11.0977566288959,19.042965172989,standard,0-10 cm,0-11.1 cm
KansasState,mean,Ref,KeN2-1,KeN2-1-2,2,esm1,-11.1,-34,43.6113675195202,standard,10-30 cm,11.1-34 cm
KansasState,mean,Ref,KeN2-1,KeN2-1-2,2,esm2,-11.0977566288959,-34.1222461565365,43.7147408281331,standard,10-30 cm,11.1-34.1 cm
KansasState,mean,Ref,KeN2-1,KeN2-1-3,3,esm1,-34,-57.1,33.6297526222562,standard,30-50 cm,34-57.1 cm
KansasState,mean,Ref,KeN2-1,KeN2-1-3,3,esm2,-34.1222461565365,-57.2489911470698,35.896147666427,standard,30-50 cm,34.1-57.2 cm
KansasState,mean,Ref,KeN2-1,KeN2-1-4,4,esm1,-57.1,-85.7,26.9452709710472,standard,50-75 cm,57.1-85.7 cm
KansasState,mean,Ref,KeN2-1,KeN2-1-4,4,esm2,-57.2489911470698,-85.8407127455574,24.2147977057875,standard,50-75 cm,57.2-85.8 cm
KansasState,mean,Ref,KeN2-1,KeN2-1-5,5,esm1,-85.7,-111.7,21.8964290723356,standard,75-100 cm,85.7-111.7 cm
KansasState,mean,Ref,KeN2-1,KeN2-1-5,5,esm2,-85.8407127455574,-109.995937595126,23.909781563008,standard,75-100 cm,85.8-110 cm
KansasState,mean,Ref,KeN2-2,KeN2-2-1,1,esm1,0,-12.3,32.545507902856,standard,0-10 cm,0-12.3 cm
KansasState,mean,Ref,KeN2-2,KeN2-2-1,1,esm2,0,-12.5701581658255,33.5358068980007,standard,0-10 cm,0-12.6 cm
KansasState,mean,Ref,KeN2-2,KeN2-2-2,2,esm1,-12.3,-34.3,44.3834315457659,standard,10-30 cm,12.3-34.3 cm
KansasState,mean,Ref,KeN2-2,KeN2-2-2,2,esm2,-12.5701581658255,-34.0966361687767,43.2416689193191,standard,10-30 cm,12.6-34.1 cm
KansasState,mean,Ref,KeN2-2,KeN2-2-3,3,esm1,-34.3,-57.7,41.2462836535219,standard,30-50 cm,34.3-57.7 cm
KansasState,mean,Ref,KeN2-2,KeN2-2-3,3,esm2,-34.0966361687767,-57.8783981226747,43.7917119773115,standard,30-50 cm,34.1-57.9 cm
KansasState,mean,Ref,KeN2-2,KeN2-2-4,4,esm1,-57.7,-86.1,31.5586894673366,standard,50-75 cm,57.7-86.1 cm
KansasState,mean,Ref,KeN2-2,KeN2-2-4,4,esm2,-57.8783981226747,-86.490730072606,30.2088675210433,standard,50-75 cm,57.9-86.5 cm
KansasState,mean,Ref,KeN2-2,KeN2-2-5,5,esm1,-86.1,-112.1,21.3210668907178,standard,75-100 cm,86.1-112.1 cm
KansasState,mean,Ref,KeN2-2,KeN2-2-5,5,esm2,-86.490730072606,-112.17602354614,20.9791736788938,standard,75-100 cm,86.5-112.2 cm
KansasState,mean,Ref,KeN2-3,KeN2-3-1,1,esm1,0,-11.6,33.4043405427699,standard,0-10 cm,0-11.6 cm
KansasState,mean,Ref,KeN2-3,KeN2-3-1,1,esm2,0,-11.3915813089651,33.3075556006199,standard,0-10 cm,0-11.4 cm
KansasState,mean,Ref,KeN2-3,KeN2-3-2,2,esm1,-11.6,-37.7,48.7443092088468,standard,10-30 cm,11.6-37.7 cm
KansasState,mean,Ref,KeN2-3,KeN2-3-2,2,esm2,-11.3915813089651,-37.8967925051006,49.9689526160495,standard,10-30 cm,11.4-37.9 cm
KansasState,mean,Ref,KeN2-3,KeN2-3-3,3,esm1,-37.7,-62.2,32.6875563806037,standard,30-50 cm,37.7-62.2 cm
KansasState,mean,Ref,KeN2-3,KeN2-3-3,3,esm2,-37.8967925051006,-62.6127030466741,33.1315455345302,standard,30-50 cm,37.9-62.6 cm
KansasState,mean,Ref,KeN2-3,KeN2-3-4,4,esm1,-62.2,-89.5,26.1126401903691,standard,50-75 cm,62.2-89.5 cm
KansasState,mean,Ref,KeN2-3,KeN2-3-4,4,esm2,-62.6127030466741,-89.322183007733,24.2582215216718,standard,50-75 cm,62.6-89.3 cm
KansasState,mean,Ref,KeN2-3,KeN2-3-5,5,esm1,-89.5,-117.8,23.7719872282086,standard,75-100 cm,89.5-117.8 cm
KansasState,mean,Ref,KeN2-3,KeN2-3-5,5,esm2,-89.322183007733,-121.605676003671,30.9919804109363,standard,75-100 cm,89.3-121.6 cm
KansasState,mean,Ref,KeN3-1,KeN3-1-1,1,esm1,0,-9.7,27.231455063024,standard,0-10 cm,0-9.7 cm
KansasState,mean,Ref,KeN3-1,KeN3-1-1,1,esm2,0,-9.74618956461577,27.4861581032686,standard,0-10 cm,0-9.7 cm
KansasState,mean,Ref,KeN3-1,KeN3-1-2,2,esm1,-9.7,-31.4,27.0214630192441,standard,10-30 cm,9.7-31.4 cm
KansasState,mean,Ref,KeN3-1,KeN3-1-2,2,esm2,-9.74618956461577,-31.6851789908505,25.7640534872749,standard,10-30 cm,9.7-31.7 cm
KansasState,mean,Ref,KeN3-1,KeN3-1-3,3,esm1,-31.4,-52.5,18.7729258842919,standard,30-50 cm,31.4-52.5 cm
KansasState,mean,Ref,KeN3-1,KeN3-1-3,3,esm2,-31.6851789908505,-52.4093139299231,20.0216794318313,standard,30-50 cm,31.7-52.4 cm
KansasState,mean,Ref,KeN3-1,KeN3-1-4,4,esm1,-52.5,-82.6,25.3694314776698,standard,50-75 cm,52.5-82.6 cm
KansasState,mean,Ref,KeN3-1,KeN3-1-4,4,esm2,-52.4093139299231,-82.6303084067459,25.1091341062197,standard,50-75 cm,52.4-82.6 cm
KansasState,mean,Ref,KeN3-1,KeN3-1-5,5,esm1,-82.6,-109.7,29.8750069609392,standard,75-100 cm,82.6-109.7 cm
KansasState,mean,Ref,KeN3-1,KeN3-1-5,5,esm2,-82.6303084067459,-106.466432105585,29.7921078362344,standard,75-100 cm,82.6-106.5 cm
KansasState,mean,Ref,KeN3-2,KeN3-2-1,1,esm1,0,-11.6,20.422330652902,standard,0-10 cm,0-11.6 cm
KansasState,mean,Ref,KeN3-2,KeN3-2-1,1,esm2,0,-11.4770296204361,20.3515839526174,standard,0-10 cm,0-11.5 cm
KansasState,mean,Ref,KeN3-2,KeN3-2-2,2,esm1,-11.6,-32.7,25.297856605847,standard,10-30 cm,11.6-32.7 cm
KansasState,mean,Ref,KeN3-2,KeN3-2-2,2,esm2,-11.4770296204361,-32.9418477150611,26.8230368942811,standard,10-30 cm,11.5-32.9 cm
KansasState,mean,Ref,KeN3-2,KeN3-2-3,3,esm1,-32.7,-53.7,17.7646228208431,standard,30-50 cm,32.7-53.7 cm
KansasState,mean,Ref,KeN3-2,KeN3-2-3,3,esm2,-32.9418477150611,-53.7730380941606,16.0447950746374,standard,30-50 cm,32.9-53.8 cm
KansasState,mean,Ref,KeN3-2,KeN3-2-4,4,esm1,-53.7,-79.7,21.7477154352729,standard,50-75 cm,53.7-79.7 cm
KansasState,mean,Ref,KeN3-2,KeN3-2-4,4,esm2,-53.7730380941606,-79.7549495169984,21.7046132161801,standard,50-75 cm,53.8-79.8 cm
KansasState,mean,Ref,KeN3-2,KeN3-2-5,5,esm1,-79.7,-106.6,31.3199368083853,standard,75-100 cm,79.7-106.6 cm
KansasState,mean,Ref,KeN3-2,KeN3-2-5,5,esm2,-79.7549495169984,-107.355023458646,34.1765578842695,standard,75-100 cm,79.8-107.4 cm
KansasState,mean,Ref,KeN3-3,KeN3-3-1,1,esm1,0,-11.9,20.424900166242,standard,0-10 cm,0-11.9 cm
KansasState,mean,Ref,KeN3-3,KeN3-3-1,1,esm2,0,-11.9143360546487,20.6376766001975,standard,0-10 cm,0-11.9 cm
KansasState,mean,Ref,KeN3-3,KeN3-3-2,2,esm1,-11.9,-33.6,24.1432230034962,standard,10-30 cm,11.9-33.6 cm
KansasState,mean,Ref,KeN3-3,KeN3-3-2,2,esm2,-11.9143360546487,-33.6412394217724,24.4758708971701,standard,10-30 cm,11.9-33.6 cm
KansasState,mean,Ref,KeN3-3,KeN3-3-3,3,esm1,-33.6,-55.7,20.4101630445443,standard,30-50 cm,33.6-55.7 cm
KansasState,mean,Ref,KeN3-3,KeN3-3-3,3,esm2,-33.6412394217724,-55.8217084610289,19.2037844385323,standard,30-50 cm,33.6-55.8 cm
KansasState,mean,Ref,KeN3-3,KeN3-3-4,4,esm1,-55.7,-83.6,28.8018075645626,standard,50-75 cm,55.7-83.6 cm
KansasState,mean,Ref,KeN3-3,KeN3-3-4,4,esm2,-55.8217084610289,-83.3847395739896,30.4249525299034,standard,50-75 cm,55.8-83.4 cm
KansasState,mean,Ref,KeN3-3,KeN3-3-5,5,esm1,-83.6,-114.2,24.0208251350747,standard,75-100 cm,83.6-114.2 cm
KansasState,mean,Ref,KeN3-3,KeN3-3-5,5,esm2,-83.3847395739896,-116.552627947156,13.700992941595,standard,75-100 cm,83.4-116.6 cm
NCState,mean,BAU,CeC1-1,CeC1-1-1,1,esm1,0,-9.9,26.716923032098,standard,0-10 cm,0-9.9 cm
NCState,mean,BAU,CeC1-1,CeC1-1-1,1,esm2,0,-9.98003338367667,27.0025325130559,standard,0-10 cm,0-10 cm
NCState,mean,BAU,CeC1-1,CeC1-1-2,2,esm1,-9.9,-23.9,32.7337105042557,standard,10-30 cm,9.9-23.9 cm
NCState,mean,BAU,CeC1-1,CeC1-1-2,2,esm2,-9.98003338367667,-23.4282702016805,33.7462884728048,standard,10-30 cm,10-23.4 cm
NCState,mean,BAU,CeC1-1,CeC1-1-3,3,esm1,-23.9,-41.6,14.5630121382726,standard,30-50 cm,23.9-41.6 cm
NCState,mean,BAU,CeC1-1,CeC1-1-3,3,esm2,-23.4282702016805,-41.6557040712806,13.4153519014648,standard,30-50 cm,23.4-41.7 cm
NCState,mean,BAU,CeC1-1,CeC1-1-4,4,esm1,-41.6,-63.1,9.48000168798842,standard,50-75 cm,41.6-63.1 cm
NCState,mean,BAU,CeC1-1,CeC1-1-4,4,esm2,-41.6557040712806,-63.5177120290771,9.73183064486886,standard,50-75 cm,41.7-63.5 cm
NCState,mean,BAU,CeC1-1,CeC1-1-5,5,esm1,-63.1,-82.9,11.0659708422599,standard,75-100 cm,63.1-82.9 cm
NCState,mean,BAU,CeC1-1,CeC1-1-5,5,esm2,-63.5177120290771,-83.5830889005836,8.62063297082163,standard,75-100 cm,63.5-83.6 cm
NCState,mean,BAU,CeC1-2,CeC1-2-1,1,esm1,0,-7.3,20.06691099994,standard,0-10 cm,0-7.3 cm
NCState,mean,BAU,CeC1-2,CeC1-2-1,1,esm2,0,-6.97906749790802,20.6838769913842,standard,0-10 cm,0-7 cm
NCState,mean,BAU,CeC1-2,CeC1-2-2,2,esm1,-7.3,-30.2,21.9545596318559,standard,10-30 cm,7.3-30.2 cm
NCState,mean,BAU,CeC1-2,CeC1-2-2,2,esm2,-6.97906749790802,-35.5764117046994,25.2480631114949,standard,10-30 cm,7-35.6 cm
NCState,mean,BAU,CeC1-2,CeC1-2-3,3,esm1,-30.2,-46.6,6.7162061833923,standard,30-50 cm,30.2-46.6 cm
NCState,mean,BAU,CeC1-2,CeC1-2-3,3,esm2,-35.5764117046994,-53.5063554662906,7.82671924542153,standard,30-50 cm,35.6-53.5 cm
NCState,mean,BAU,CeC1-2,CeC1-2-4,4,esm1,-46.6,-67,7.48641424855247,standard,50-75 cm,46.6-67 cm
NCState,mean,BAU,CeC1-2,CeC1-2-4,4,esm2,-53.5063554662906,-64.0401065591478,0.91463340779535,standard,50-75 cm,53.5-64 cm
NCState,mean,BAU,CeC1-2,CeC1-2-5,5,esm1,-67,-86.3,5.11211194576669,standard,75-100 cm,67-86.3 cm
NCState,mean,BAU,CeC1-2,CeC1-2-5,5,esm2,-64.0401065591478,-78.893080450825,2.78954232918797,standard,75-100 cm,64-78.9 cm
NCState,mean,BAU,CeC1-3,CeC1-3-1,1,esm1,0,-7.5,16.0611650373,standard,0-10 cm,0-7.5 cm
NCState,mean,BAU,CeC1-3,CeC1-3-1,1,esm2,0,-7.66991371143925,16.4750291779362,standard,0-10 cm,0-7.7 cm
NCState,mean,BAU,CeC1-3,CeC1-3-2,2,esm1,-7.5,-20.6,24.1453112558059,standard,10-30 cm,7.5-20.6 cm
NCState,mean,BAU,CeC1-3,CeC1-3-2,2,esm2,-7.66991371143925,-20.6061287275672,23.897194109363,standard,10-30 cm,7.7-20.6 cm
NCState,mean,BAU,CeC1-3,CeC1-3-3,3,esm1,-20.6,-37.4,11.3183716566438,standard,30-50 cm,20.6-37.4 cm
NCState,mean,BAU,CeC1-3,CeC1-3-3,3,esm2,-20.6061287275672,-35.8816703907562,14.2746652928912,standard,30-50 cm,20.6-35.9 cm
NCState,mean,BAU,CeC1-3,CeC1-3-4,4,esm1,-37.4,-58.8,12.3063103204437,standard,50-75 cm,37.4-58.8 cm
NCState,mean,BAU,CeC1-3,CeC1-3-4,4,esm2,-35.8816703907562,-59.5065173416647,9.46946958160848,standard,50-75 cm,35.9-59.5 cm
NCState,mean,BAU,CeC1-3,CeC1-3-5,5,esm1,-58.8,-79.4,5.08872423250765,standard,75-100 cm,58.8-79.4 cm
NCState,mean,BAU,CeC1-3,CeC1-3-5,5,esm2,-59.5065173416647,-82.4586406158353,4.47914342664123,standard,75-100 cm,59.5-82.5 cm
NCState,mean,BAU,CeC2-1,CeC2-1-1,1,esm1,0,-9.6,18.01659372249,standard,0-10 cm,0-9.6 cm
NCState,mean,BAU,CeC2-1,CeC2-1-1,1,esm2,0,-9.66016116850613,18.1750503402599,standard,0-10 cm,0-9.7 cm
NCState,mean,BAU,CeC2-1,CeC2-1-2,2,esm1,-9.6,-25.7,18.8603312524362,standard,10-30 cm,9.6-25.7 cm
NCState,mean,BAU,CeC2-1,CeC2-1-2,2,esm2,-9.66016116850613,-25.8758605741838,18.2572548914655,standard,10-30 cm,9.7-25.9 cm
NCState,mean,BAU,CeC2-1,CeC2-1-3,3,esm1,-25.7,-38.2,23.5415625585,standard,30-50 cm,25.7-38.2 cm
NCState,mean,BAU,CeC2-1,CeC2-1-3,3,esm2,-25.8758605741838,-38.6497475147446,22.7337328740566,standard,30-50 cm,25.9-38.6 cm
NCState,mean,BAU,CeC2-1,CeC2-1-4,4,esm1,-38.2,-56.5,17.0990861480645,standard,50-75 cm,38.2-56.5 cm
NCState,mean,BAU,CeC2-1,CeC2-1-4,4,esm2,-38.6497475147446,-53.1913513335001,29.2622678214984,standard,50-75 cm,38.6-53.2 cm
NCState,mean,BAU,CeC2-1,CeC2-1-5,5,esm1,-56.5,-76.1,11.7006571897609,standard,75-100 cm,56.5-76.1 cm
NCState,mean,BAU,CeC2-1,CeC2-1-5,5,esm2,-53.1913513335001,-69.928887918983,12.5541974060972,standard,75-100 cm,53.2-69.9 cm
NCState,mean,BAU,CeC2-2,CeC2-2-1,1,esm1,0,-7.1,19.42365535012,standard,0-10 cm,0-7.1 cm
NCState,mean,BAU,CeC2-2,CeC2-2-1,1,esm2,0,-7.19643040289402,20.0562604017048,standard,0-10 cm,0-7.2 cm
NCState,mean,BAU,CeC2-2,CeC2-2-2,2,esm1,-7.1,-20.3,20.3824470493602,standard,10-30 cm,7.1-20.3 cm
NCState,mean,BAU,CeC2-2,CeC2-2-2,2,esm2,-7.19643040289402,-21.2028572015948,22.817334240075,standard,10-30 cm,7.2-21.2 cm
NCState,mean,BAU,CeC2-2,CeC2-2-3,3,esm1,-20.3,-33,18.7964659198204,standard,30-50 cm,20.3-33 cm
NCState,mean,BAU,CeC2-2,CeC2-2-3,3,esm2,-21.2028572015948,-33.028717127011,16.2867498158724,standard,30-50 cm,21.2-33 cm
NCState,mean,BAU,CeC2-2,CeC2-2-4,4,esm1,-33,-52.3,8.8815826072919,standard,50-75 cm,33-52.3 cm
NCState,mean,BAU,CeC2-2,CeC2-2-4,4,esm2,-33.028717127011,-51.5768297293741,10.1222611376501,standard,50-75 cm,33-51.6 cm
NCState,mean,BAU,CeC2-2,CeC2-2-5,5,esm1,-52.3,-72.2,8.14934254516501,standard,75-100 cm,52.3-72.2 cm
NCState,mean,BAU,CeC2-2,CeC2-2-5,5,esm2,-51.5768297293741,-72.6964316200359,4.8704815266739,standard,75-100 cm,51.6-72.7 cm
NCState,mean,BAU,CeC2-3,CeC2-3-1,1,esm1,0,-8.1,18.17341184339,standard,0-10 cm,0-8.1 cm
NCState,mean,BAU,CeC2-3,CeC2-3-1,1,esm2,0,-8.25908615527409,18.5369036288669,standard,0-10 cm,0-8.3 cm
NCState,mean,BAU,CeC2-3,CeC2-3-2,2,esm1,-8.1,-22.3,33.0037507687002,standard,10-30 cm,8.1-22.3 cm
NCState,mean,BAU,CeC2-3,CeC2-3-2,2,esm2,-8.25908615527409,-22.3501811447678,33.662351122663,standard,10-30 cm,8.3-22.4 cm
NCState,mean,BAU,CeC2-3,CeC2-3-3,3,esm1,-22.3,-38.6,18.3800859058919,standard,30-50 cm,22.3-38.6 cm
NCState,mean,BAU,CeC2-3,CeC2-3-3,3,esm2,-22.3501811447678,-38.1424502814815,20.335887157959,standard,30-50 cm,22.4-38.1 cm
NCState,mean,BAU,CeC2-3,CeC2-3-4,4,esm1,-38.6,-59.4,7.70174439718102,standard,50-75 cm,38.6-59.4 cm
NCState,mean,BAU,CeC2-3,CeC2-3-4,4,esm2,-38.1424502814815,-61.7016640891017,4.45114578345976,standard,50-75 cm,38.1-61.7 cm
NCState,mean,BAU,CeC2-3,CeC2-3-5,5,esm1,-59.4,-80.1,3.29251179269566,standard,75-100 cm,59.4-80.1 cm
NCState,mean,BAU,CeC2-3,CeC2-3-5,5,esm2,-61.7016640891017,-83.8855578235253,1.35828584957697,standard,75-100 cm,61.7-83.9 cm
NCState,mean,BAU,CeC3-1,CeC3-1-1,1,esm1,0,-7.8,24.173732783424,standard,0-10 cm,0-7.8 cm
NCState,mean,BAU,CeC3-1,CeC3-1-1,1,esm2,0,-7.88427685036278,24.5896589900191,standard,0-10 cm,0-7.9 cm
NCState,mean,BAU,CeC3-1,CeC3-1-2,2,esm1,-7.8,-23.5,38.0824212557459,standard,10-30 cm,7.8-23.5 cm
NCState,mean,BAU,CeC3-1,CeC3-1-2,2,esm2,-7.88427685036278,-23.7679852598317,42.7878030424366,standard,10-30 cm,7.9-23.8 cm
NCState,mean,BAU,CeC3-1,CeC3-1-3,3,esm1,-23.5,-39.5,37.7040909795209,standard,30-50 cm,23.5-39.5 cm
NCState,mean,BAU,CeC3-1,CeC3-1-3,3,esm2,-23.7679852598317,-39.8634663685034,38.0871211069848,standard,30-50 cm,23.8-39.9 cm
NCState,mean,BAU,CeC3-1,CeC3-1-4,4,esm1,-39.5,-58.3,30.8164915987665,standard,50-75 cm,39.5-58.3 cm
NCState,mean,BAU,CeC3-1,CeC3-1-4,4,esm2,-39.8634663685034,-58.8747705921284,29.396062023867,standard,50-75 cm,39.9-58.9 cm
NCState,mean,BAU,CeC3-1,CeC3-1-5,5,esm1,-58.3,-76,16.0435989419655,standard,75-100 cm,58.3-76 cm
NCState,mean,BAU,CeC3-1,CeC3-1-5,5,esm2,-58.8747705921284,-76.2017863105808,12.708378487891,standard,75-100 cm,58.9-76.2 cm
NCState,mean,BAU,CeC3-3,CeC3-3-1,1,esm1,0,-6.8,22.857932604768,standard,0-10 cm,0-6.8 cm
NCState,mean,BAU,CeC3-3,CeC3-3-1,1,esm2,0,-6.94044343035544,23.2227970648062,standard,0-10 cm,0-6.9 cm
NCState,mean,BAU,CeC3-3,CeC3-3-2,2,esm1,-6.8,-20.4,42.5141222374557,standard,10-30 cm,6.8-20.4 cm
NCState,mean,BAU,CeC3-3,CeC3-3-2,2,esm2,-6.94044343035544,-20.9152888636767,51.0594951024142,standard,10-30 cm,6.9-20.9 cm
NCState,mean,BAU,CeC3-3,CeC3-3-3,3,esm1,-20.4,-33.8,39.8837429694045,standard,30-50 cm,20.4-33.8 cm
NCState,mean,BAU,CeC3-3,CeC3-3-3,3,esm2,-20.9152888636767,-34.0002608415192,41.3929028569591,standard,30-50 cm,20.9-34 cm
NCState,mean,BAU,CeC3-3,CeC3-3-4,4,esm1,-33.8,-51,39.1807520073912,standard,50-75 cm,33.8-51 cm
NCState,mean,BAU,CeC3-3,CeC3-3-4,4,esm2,-34.0002608415192,-51.0577911051402,30.074733127079,standard,50-75 cm,34-51.1 cm
NCState,mean,BAU,CeC3-3,CeC3-3-5,5,esm1,-51,-69,18.8964536579084,standard,75-100 cm,51-69 cm
NCState,mean,BAU,CeC3-3,CeC3-3-5,5,esm2,-51.0577911051402,-68.9710930831959,17.0642476106412,standard,75-100 cm,51.1-69 cm
NCState,mean,Ref,CeF3-1,CeF3-1-1,1,esm1,0,-12.8,31.713040547142,standard,0-10 cm,0-12.8 cm
NCState,mean,Ref,CeF3-1,CeF3-1-1,1,esm2,0,-10.44614752912,31.4191904308067,standard,0-10 cm,0-10.4 cm
NCState,mean,Ref,CeF3-1,CeF3-1-2,2,esm1,-12.8,-31.8,13.4879994594104,standard,10-30 cm,12.8-31.8 cm
NCState,mean,Ref,CeF3-1,CeF3-1-2,2,esm2,-10.44614752912,-29.169016157638,14.177792834993,standard,10-30 cm,10.4-29.2 cm
NCState,mean,Ref,CeF3-1,CeF3-1-3,3,esm1,-31.8,-49.6,8.41234060137405,standard,30-50 cm,31.8-49.6 cm
NCState,mean,Ref,CeF3-1,CeF3-1-3,3,esm2,-29.169016157638,-51.9182201323632,10.1581270872511,standard,30-50 cm,29.2-51.9 cm
NCState,mean,Ref,CeF3-1,CeF3-1-4,4,esm1,-49.6,-70.8,5.64500671198371,standard,50-75 cm,49.6-70.8 cm
NCState,mean,Ref,CeF3-1,CeF3-1-4,4,esm2,-51.9182201323632,-70.7222743667856,3.42998819566667,standard,50-75 cm,51.9-70.7 cm
NCState,mean,Ref,CeF3-1,CeF3-1-5,5,esm1,-70.8,-91.8,3.64082847870044,standard,75-100 cm,70.8-91.8 cm
NCState,mean,Ref,CeF3-1,CeF3-1-5,5,esm2,-70.7222743667856,-90.9085673353403,2.75604257304092,standard,75-100 cm,70.7-90.9 cm
NCState,mean,Ref,CeF3-2,CeF3-2-1,1,esm1,0,-6.8,20.475191389392,standard,0-10 cm,0-6.8 cm
NCState,mean,Ref,CeF3-2,CeF3-2-1,1,esm2,0,-6.94652066451696,21.3216162066769,standard,0-10 cm,0-6.9 cm
NCState,mean,Ref,CeF3-2,CeF3-2-2,2,esm1,-6.8,-18.6,15.3160115372258,standard,10-30 cm,6.8-18.6 cm
NCState,mean,Ref,CeF3-2,CeF3-2-2,2,esm2,-6.94652066451696,-19.2984849806999,21.6021293976566,standard,10-30 cm,6.9-19.3 cm
NCState,mean,Ref,CeF3-2,CeF3-2-3,3,esm1,-18.6,-30,10.3582071311816,standard,30-50 cm,18.6-30 cm
NCState,mean,Ref,CeF3-2,CeF3-2-3,3,esm2,-19.2984849806999,-30.2939297895565,8.70141640630932,standard,30-50 cm,19.3-30.3 cm
NCState,mean,Ref,CeF3-2,CeF3-2-4,4,esm1,-30,-45.2,11.3494669216598,standard,50-75 cm,30-45.2 cm
NCState,mean,Ref,CeF3-2,CeF3-2-4,4,esm2,-30.2939297895565,-45.00290204087,5.65446188361695,standard,50-75 cm,30.3-45 cm
NCState,mean,Ref,CeF3-2,CeF3-2-5,5,esm1,-45.2,-62.2,7.1101067223004,standard,75-100 cm,45.2-62.2 cm
NCState,mean,Ref,CeF3-2,CeF3-2-5,5,esm2,-45.00290204087,-62.1685253177144,7.53125543033238,standard,75-100 cm,45-62.2 cm
NCState,mean,SHM,CeH1-1,CeH1-1-1,1,esm1,0,-9,17.4802305266,standard,0-10 cm,0-9 cm
NCState,mean,SHM,CeH1-1,CeH1-1-1,1,esm2,0,-9.17191865016034,18.1907843824529,standard,0-10 cm,0-9.2 cm
NCState,mean,SHM,CeH1-1,CeH1-1-2,2,esm1,-9,-22.4,11.6089417407441,standard,10-30 cm,9-22.4 cm
NCState,mean,SHM,CeH1-1,CeH1-1-2,2,esm2,-9.17191865016034,-22.7290154492354,6.27126889354505,standard,10-30 cm,9.2-22.7 cm
NCState,mean,SHM,CeH1-1,CeH1-1-3,3,esm1,-22.4,-35.8,11.7481456265041,standard,30-50 cm,22.4-35.8 cm
NCState,mean,SHM,CeH1-1,CeH1-1-3,3,esm2,-22.7290154492354,-36.0164799792685,14.7151968529393,standard,30-50 cm,22.7-36 cm
NCState,mean,SHM,CeH1-1,CeH1-1-4,4,esm1,-35.8,-53,11.4868328553724,standard,50-75 cm,35.8-53 cm
NCState,mean,SHM,CeH1-1,CeH1-1-4,4,esm2,-36.0164799792685,-52.9289918702623,15.7116666217754,standard,50-75 cm,36-52.9 cm
NCState,mean,SHM,CeH1-1,CeH1-1-5,5,esm1,-53,-70.6,8.40433071139262,standard,75-100 cm,53-70.6 cm
NCState,mean,SHM,CeH1-1,CeH1-1-5,5,esm2,-52.9289918702623,-70.5511999225428,6.70131881556991,standard,75-100 cm,52.9-70.6 cm
NCState,mean,SHM,CeH1-2,CeH1-2-1,1,esm1,0,-10.1,38.78569341603,standard,0-10 cm,0-10.1 cm
NCState,mean,SHM,CeH1-2,CeH1-2-1,1,esm2,0,-10.1440993007235,38.9239453465003,standard,0-10 cm,0-10.1 cm
NCState,mean,SHM,CeH1-2,CeH1-2-2,2,esm1,-10.1,-27.6,32.3699843788738,standard,10-30 cm,10.1-27.6 cm
NCState,mean,SHM,CeH1-2,CeH1-2-2,2,esm2,-10.1440993007235,-28.0791784248285,36.3438276067688,standard,10-30 cm,10.1-28.1 cm
NCState,mean,SHM,CeH1-2,CeH1-2-3,3,esm1,-27.6,-44.2,15.1460181717839,standard,30-50 cm,27.6-44.2 cm
NCState,mean,SHM,CeH1-2,CeH1-2-3,3,esm2,-28.0791784248285,-44.5489617408847,14.259051864341,standard,30-50 cm,28.1-44.5 cm
NCState,mean,SHM,CeH1-2,CeH1-2-4,4,esm1,-44.2,-66.2,9.94064046251248,standard,50-75 cm,44.2-66.2 cm
NCState,mean,SHM,CeH1-2,CeH1-2-4,4,esm2,-44.5489617408847,-64.8234572631453,2.98590155434229,standard,50-75 cm,44.5-64.8 cm
NCState,mean,SHM,CeH1-2,CeH1-2-5,5,esm1,-66.2,-88.8,7.30698593668066,standard,75-100 cm,66.2-88.8 cm
NCState,mean,SHM,CeH1-2,CeH1-2-5,5,esm2,-64.8234572631453,-87.3781253844329,6.32198650311371,standard,75-100 cm,64.8-87.4 cm
NCState,mean,SHM,CeH1-3,CeH1-3-1,1,esm1,0,-7.8,42.660305895844,standard,0-10 cm,0-7.8 cm
NCState,mean,SHM,CeH1-3,CeH1-3-1,1,esm2,0,-7.99328798481508,44.5790596863811,standard,0-10 cm,0-8 cm
NCState,mean,SHM,CeH1-3,CeH1-3-2,2,esm1,-7.8,-22,32.3958273900061,standard,10-30 cm,7.8-22 cm
NCState,mean,SHM,CeH1-3,CeH1-3-2,2,esm2,-7.99328798481508,-21.2016182193939,36.4870167023647,standard,10-30 cm,8-21.2 cm
NCState,mean,SHM,CeH1-3,CeH1-3-3,3,esm1,-22,-37.7,15.09709396626,standard,30-50 cm,22-37.7 cm
NCState,mean,SHM,CeH1-3,CeH1-3-3,3,esm2,-21.2016182193939,-36.497251041186,20.314448092554,standard,30-50 cm,21.2-36.5 cm
NCState,mean,SHM,CeH1-3,CeH1-3-4,4,esm1,-37.7,-57.9,19.42428650436,standard,50-75 cm,37.7-57.9 cm
NCState,mean,SHM,CeH1-3,CeH1-3-4,4,esm2,-36.497251041186,-57.7496303058937,10.4932735259841,standard,50-75 cm,36.5-57.7 cm
NCState,mean,SHM,CeH1-3,CeH1-3-5,5,esm1,-57.9,-76.4,8.52878295831594,standard,75-100 cm,57.9-76.4 cm
NCState,mean,SHM,CeH1-3,CeH1-3-5,5,esm2,-57.7496303058937,-78.5567675950375,3.16817128649417,standard,75-100 cm,57.7-78.6 cm
NCState,mean,SHM,CeH2-1,CeH2-1-1,1,esm1,0,-8.1,21.062823935388,standard,0-10 cm,0-8.1 cm
NCState,mean,SHM,CeH2-1,CeH2-1-1,1,esm2,0,-8.33962624046627,21.7556459061665,standard,0-10 cm,0-8.3 cm
NCState,mean,SHM,CeH2-1,CeH2-1-2,2,esm1,-8.1,-23.3,20.9175432343749,standard,10-30 cm,8.1-23.3 cm
NCState,mean,SHM,CeH2-1,CeH2-1-2,2,esm2,-8.33962624046627,-23.1512644466437,24.4944556049792,standard,10-30 cm,8.3-23.2 cm
NCState,mean,SHM,CeH2-1,CeH2-1-3,3,esm1,-23.3,-38.6,13.7370467558772,standard,30-50 cm,23.3-38.6 cm
NCState,mean,SHM,CeH2-1,CeH2-1-3,3,esm2,-23.1512644466437,-38.7806667063269,8.59179572930101,standard,30-50 cm,23.2-38.8 cm
NCState,mean,SHM,CeH2-1,CeH2-1-4,4,esm1,-38.6,-58.1,13.9596392110506,standard,50-75 cm,38.6-58.1 cm
NCState,mean,SHM,CeH2-1,CeH2-1-4,4,esm2,-38.7806667063269,-58.2103450644122,14.9849055766664,standard,50-75 cm,38.8-58.2 cm
NCState,mean,SHM,CeH2-1,CeH2-1-5,5,esm1,-58.1,-78.1,7.19897606976831,standard,75-100 cm,58.1-78.1 cm
NCState,mean,SHM,CeH2-1,CeH2-1-5,5,esm2,-58.2103450644122,-77.9944943434045,10.1473706615163,standard,75-100 cm,58.2-78 cm
NCState,mean,SHM,CeH2-2,CeH2-2-1,1,esm1,0,-7.9,21.016937108332,standard,0-10 cm,0-7.9 cm
NCState,mean,SHM,CeH2-2,CeH2-2-1,1,esm2,0,-8.02755598794212,21.9133387276224,standard,0-10 cm,0-8 cm
NCState,mean,SHM,CeH2-2,CeH2-2-2,2,esm1,-7.9,-22.9,17.4787325028782,standard,10-30 cm,7.9-22.9 cm
NCState,mean,SHM,CeH2-2,CeH2-2-2,2,esm2,-8.02755598794212,-23.0422542234083,18.1879678798549,standard,10-30 cm,8-23 cm
NCState,mean,SHM,CeH2-2,CeH2-2-3,3,esm1,-22.9,-38,12.6326635054655,standard,30-50 cm,22.9-38 cm
NCState,mean,SHM,CeH2-2,CeH2-2-3,3,esm2,-23.0422542234083,-38.0403345324965,13.6041830804685,standard,30-50 cm,23-38 cm
NCState,mean,SHM,CeH2-2,CeH2-2-4,4,esm1,-38,-57.3,16.1463844804956,standard,50-75 cm,38-57.3 cm
NCState,mean,SHM,CeH2-2,CeH2-2-4,4,esm2,-38.0403345324965,-57.3568409047226,13.7720283567764,standard,50-75 cm,38-57.4 cm
NCState,mean,SHM,CeH2-2,CeH2-2-5,5,esm1,-57.3,-78.8,9.74619695680767,standard,75-100 cm,57.3-78.8 cm
NCState,mean,SHM,CeH2-2,CeH2-2-5,5,esm2,-57.3568409047226,-77.977069848395,10.3114351321379,standard,75-100 cm,57.4-78 cm
NCState,mean,SHM,CeH2-3,CeH2-3-1,1,esm1,0,-8.8,25.096029682024,standard,0-10 cm,0-8.8 cm
NCState,mean,SHM,CeH2-3,CeH2-3-1,1,esm2,0,-8.90634943564024,25.5308158750071,standard,0-10 cm,0-8.9 cm
NCState,mean,SHM,CeH2-3,CeH2-3-2,2,esm1,-8.8,-23.5,33.7782355274312,standard,10-30 cm,8.8-23.5 cm
NCState,mean,SHM,CeH2-3,CeH2-3-2,2,esm2,-8.90634943564024,-23.299143257604,34.3367346680446,standard,10-30 cm,8.9-23.3 cm
NCState,mean,SHM,CeH2-3,CeH2-3-3,3,esm1,-23.5,-41.4,20.4347144369709,standard,30-50 cm,23.5-41.4 cm
NCState,mean,SHM,CeH2-3,CeH2-3-3,3,esm2,-23.299143257604,-40.7150805291211,23.4464750006038,standard,30-50 cm,23.3-40.7 cm
NCState,mean,SHM,CeH2-3,CeH2-3-4,4,esm1,-41.4,-63.2,14.6260180478336,standard,50-75 cm,41.4-63.2 cm
NCState,mean,SHM,CeH2-3,CeH2-3-4,4,esm2,-40.7150805291211,-65.2672943748003,14.0414963184286,standard,50-75 cm,40.7-65.3 cm
NCState,mean,SHM,CeH2-3,CeH2-3-5,5,esm1,-63.2,-84.2,4.73440118969933,standard,75-100 cm,63.2-84.2 cm
NCState,mean,SHM,CeH2-3,CeH2-3-5,5,esm2,-65.2672943748003,-87.5962921559921,4.49248310854222,standard,75-100 cm,65.3-87.6 cm
NCState,mean,SHM,CeH3-3,CeH3-3-1,1,esm1,0,-7.4,21.195989757126,standard,0-10 cm,0-7.4 cm
NCState,mean,SHM,CeH3-3,CeH3-3-1,1,esm2,0,-7.50553430877906,22.0956103667179,standard,0-10 cm,0-7.5 cm
NCState,mean,SHM,CeH3-3,CeH3-3-2,2,esm1,-7.4,-23,18.4900319606841,standard,10-30 cm,7.4-23 cm
NCState,mean,SHM,CeH3-3,CeH3-3-2,2,esm2,-7.50553430877906,-22.675430996507,17.5562216200634,standard,10-30 cm,7.5-22.7 cm
NCState,mean,SHM,CeH3-3,CeH3-3-3,3,esm1,-23,-41.3,14.4495927070203,standard,30-50 cm,23-41.3 cm
NCState,mean,SHM,CeH3-3,CeH3-3-3,3,esm2,-22.675430996507,-44.2539097440756,17.1942429322655,standard,30-50 cm,22.7-44.3 cm
NCState,mean,SHM,CeH3-3,CeH3-3-4,4,esm1,-41.3,-60,5.37229147553943,standard,50-75 cm,41.3-60 cm
NCState,mean,SHM,CeH3-3,CeH3-3-4,4,esm2,-44.2539097440756,-70.9251064509025,9.6859347893255,standard,50-75 cm,44.3-70.9 cm
NCState,mean,SHM,CeH3-3,CeH3-3-5,5,esm1,-60,-79.1,5.48720680121941,standard,75-100 cm,60-79.1 cm
NCState,mean,SHM,CeH3-3,CeH3-3-5,5,esm2,-70.9251064509025,-91.1435239308721,3.82787420034781,standard,75-100 cm,70.9-91.1 cm
OregonState,mean,Ref,JoF1-1,JoF1-1-1,1,esm1,0,-14.4,41.829018,standard,0-10 cm,0-14.4 cm
OregonState,mean,Ref,JoF1-1,JoF1-1-1,1,esm2,0,-15.3199558711102,42.7412368197566,standard,0-10 cm,0-15.3 cm
OregonState,mean,Ref,JoF1-1,JoF1-1-2,2,esm1,-14.4,-36.8,73.8367040000003,standard,10-30 cm,14.4-36.8 cm
OregonState,mean,Ref,JoF1-1,JoF1-1-2,2,esm2,-15.3199558711102,-36.8747680762458,76.0105664379402,standard,10-30 cm,15.3-36.9 cm
OregonState,mean,Ref,JoF1-1,JoF1-1-3,3,esm1,-36.8,-56.4,32.7623360000005,standard,30-50 cm,36.8-56.4 cm
OregonState,mean,Ref,JoF1-1,JoF1-1-3,3,esm2,-36.8747680762458,-56.5827387181578,40.3725550429808,standard,30-50 cm,36.9-56.6 cm
OregonState,mean,Ref,JoF1-1,JoF1-1-4,4,esm1,-56.4,-80.6,21.6328640000009,standard,50-75 cm,56.4-80.6 cm
OregonState,mean,Ref,JoF1-1,JoF1-1-4,4,esm2,-56.5827387181578,-79.8613510516197,21.1637338046083,standard,50-75 cm,56.6-79.9 cm
OregonState,mean,Ref,JoF1-1,JoF1-1-5,5,esm1,-80.6,-105.3,22.0798240000009,standard,75-100 cm,80.6-105.3 cm
OregonState,mean,Ref,JoF1-1,JoF1-1-5,5,esm2,-79.8613510516197,-106.142159459282,9.30308779669366,standard,75-100 cm,79.9-106.1 cm
OregonState,mean,Ref,JoF1-2,JoF1-2-1,1,esm1,0,-14.4,41.645458,standard,0-10 cm,0-14.4 cm
OregonState,mean,Ref,JoF1-2,JoF1-2-1,1,esm2,0,-15.3199558711102,41.8530518982664,standard,0-10 cm,0-15.3 cm
OregonState,mean,Ref,JoF1-2,JoF1-2-2,2,esm1,-14.4,-36.8,88.4551359999997,standard,10-30 cm,14.4-36.8 cm
OregonState,mean,Ref,JoF1-2,JoF1-2-2,2,esm2,-15.3199558711102,-36.8747680762458,91.874409265504,standard,10-30 cm,15.3-36.9 cm
OregonState,mean,Ref,JoF1-2,JoF1-2-3,3,esm1,-36.8,-56.4,40.0326960000004,standard,30-50 cm,36.8-56.4 cm
OregonState,mean,Ref,JoF1-2,JoF1-2-3,3,esm2,-36.8747680762458,-56.5827387181578,51.2049114074514,standard,30-50 cm,36.9-56.6 cm
OregonState,mean,Ref,JoF1-2,JoF1-2-4,4,esm1,-56.4,-80.6,25.6084399999986,standard,50-75 cm,56.4-80.6 cm
OregonState,mean,Ref,JoF1-2,JoF1-2-4,4,esm2,-56.5827387181578,-79.8613510516197,27.3243287752925,standard,50-75 cm,56.6-79.9 cm
OregonState,mean,Ref,JoF1-2,JoF1-2-5,5,esm1,-80.6,-105.3,26.1375399999986,standard,75-100 cm,80.6-105.3 cm
OregonState,mean,Ref,JoF1-2,JoF1-2-5,5,esm2,-79.8613510516197,-106.142159459282,3.87798620127697,standard,75-100 cm,79.9-106.1 cm
OregonState,mean,Ref,JoF1-3,JoF1-3-1,1,esm1,0,-14.4,53.0617620000002,standard,0-10 cm,0-14.4 cm
OregonState,mean,Ref,JoF1-3,JoF1-3-1,1,esm2,0,-15.3199558711102,52.5840532725388,standard,0-10 cm,0-15.3 cm
OregonState,mean,Ref,JoF1-3,JoF1-3-2,2,esm1,-14.4,-36.8,103.475088000001,standard,10-30 cm,14.4-36.8 cm
OregonState,mean,Ref,JoF1-3,JoF1-3-2,2,esm2,-15.3199558711102,-36.8747680762458,109.493602016229,standard,10-30 cm,15.3-36.9 cm
OregonState,mean,Ref,JoF1-3,JoF1-3-3,3,esm1,-36.8,-56.4,48.333599999999,standard,30-50 cm,36.8-56.4 cm
OregonState,mean,Ref,JoF1-3,JoF1-3-3,3,esm2,-36.8747680762458,-56.5827387181578,49.1701882401204,standard,30-50 cm,36.9-56.6 cm
OregonState,mean,Ref,JoF1-3,JoF1-3-4,4,esm1,-56.4,-80.6,39.0394399999974,standard,50-75 cm,56.4-80.6 cm
OregonState,mean,Ref,JoF1-3,JoF1-3-4,4,esm2,-56.5827387181578,-79.8613510516197,30.9832459252145,standard,50-75 cm,56.6-79.9 cm
OregonState,mean,Ref,JoF1-3,JoF1-3-5,5,esm1,-80.6,-105.3,39.8460399999974,standard,75-100 cm,80.6-105.3 cm
OregonState,mean,Ref,JoF1-3,JoF1-3-5,5,esm2,-79.8613510516197,-106.142159459282,47.3107970767017,standard,75-100 cm,79.9-106.1 cm
OregonState,mean,Ref,JoF2-1,JoF2-1-1,1,esm1,0,-12,41.44679,standard,0-10 cm,0-12 cm
OregonState,mean,Ref,JoF2-1,JoF2-1-1,1,esm2,0,-12.0605905065547,42.8169450026769,standard,0-10 cm,0-12.1 cm
OregonState,mean,Ref,JoF2-1,JoF2-1-2,2,esm1,-12,-33.4,58.9301679999997,standard,10-30 cm,12-33.4 cm
OregonState,mean,Ref,JoF2-1,JoF2-1-2,2,esm2,-12.0605905065547,-33.6557227066044,59.0974515440853,standard,10-30 cm,12.1-33.7 cm
OregonState,mean,Ref,JoF2-1,JoF2-1-3,3,esm1,-33.4,-53.3,40.9436400000001,standard,30-50 cm,33.4-53.3 cm
OregonState,mean,Ref,JoF2-1,JoF2-1-3,3,esm2,-33.6557227066044,-53.1758084332977,39.7426598110907,standard,30-50 cm,33.7-53.2 cm
OregonState,mean,Ref,JoF2-1,JoF2-1-4,4,esm1,-53.3,-80.4,35.3427359999991,standard,50-75 cm,53.3-80.4 cm
OregonState,mean,Ref,JoF2-1,JoF2-1-4,4,esm2,-53.1758084332977,-78.6184166849673,35.4596902552081,standard,50-75 cm,53.2-78.6 cm
OregonState,mean,Ref,JoF2-1,JoF2-1-5,5,esm1,-80.4,-108.1,36.1252319999991,standard,75-100 cm,80.4-108.1 cm
OregonState,mean,Ref,JoF2-1,JoF2-1-5,5,esm2,-78.6184166849673,-110.135243539454,37.5117225308777,standard,75-100 cm,78.6-110.1 cm
OregonState,mean,Ref,JoF2-2,JoF2-2-1,1,esm1,0,-12,50.76631,standard,0-10 cm,0-12 cm
OregonState,mean,Ref,JoF2-2,JoF2-2-1,1,esm2,0,-12.0605905065547,51.9521556252444,standard,0-10 cm,0-12.1 cm
OregonState,mean,Ref,JoF2-2,JoF2-2-2,2,esm1,-12,-33.4,90.4619039999991,standard,10-30 cm,12-33.4 cm
OregonState,mean,Ref,JoF2-2,JoF2-2-2,2,esm2,-12.0605905065547,-33.6557227066044,93.5221499311987,standard,10-30 cm,12.1-33.7 cm
OregonState,mean,Ref,JoF2-2,JoF2-2-3,3,esm1,-33.4,-53.3,49.5549839999996,standard,30-50 cm,33.4-53.3 cm
OregonState,mean,Ref,JoF2-2,JoF2-2-3,3,esm2,-33.6557227066044,-53.1758084332977,44.8483619469084,standard,30-50 cm,33.7-53.2 cm
OregonState,mean,Ref,JoF2-2,JoF2-2-4,4,esm1,-53.3,-80.4,48.5783760000025,standard,50-75 cm,53.3-80.4 cm
OregonState,mean,Ref,JoF2-2,JoF2-2-4,4,esm2,-53.1758084332977,-78.6184166849673,36.7699016959132,standard,50-75 cm,53.2-78.6 cm
OregonState,mean,Ref,JoF2-2,JoF2-2-5,5,esm1,-80.4,-108.1,49.6539120000026,standard,75-100 cm,80.4-108.1 cm
OregonState,mean,Ref,JoF2-2,JoF2-2-5,5,esm2,-78.6184166849673,-110.135243539454,78.7431711709815,standard,75-100 cm,78.6-110.1 cm
OregonState,mean,Ref,JoF2-3,JoF2-3-1,1,esm1,0,-12,51.2876700000001,standard,0-10 cm,0-12 cm
OregonState,mean,Ref,JoF2-3,JoF2-3-1,1,esm2,0,-12.0605905065547,53.7821056229982,standard,0-10 cm,0-12.1 cm
OregonState,mean,Ref,JoF2-3,JoF2-3-2,2,esm1,-12,-33.4,81.8899919999996,standard,10-30 cm,12-33.4 cm
OregonState,mean,Ref,JoF2-3,JoF2-3-2,2,esm2,-12.0605905065547,-33.6557227066044,81.807258362952,standard,10-30 cm,12.1-33.7 cm
OregonState,mean,Ref,JoF2-3,JoF2-3-3,3,esm1,-33.4,-53.3,51.289596000002,standard,30-50 cm,33.4-53.3 cm
OregonState,mean,Ref,JoF2-3,JoF2-3-3,3,esm2,-33.6557227066044,-53.1758084332977,48.9521064511401,standard,30-50 cm,33.7-53.2 cm
OregonState,mean,Ref,JoF2-3,JoF2-3-4,4,esm1,-53.3,-80.4,48.3995159999997,standard,50-75 cm,53.3-80.4 cm
OregonState,mean,Ref,JoF2-3,JoF2-3-4,4,esm2,-53.1758084332977,-78.6184166849673,43.4837725180885,standard,50-75 cm,53.2-78.6 cm
OregonState,mean,Ref,JoF2-3,JoF2-3-5,5,esm1,-80.4,-108.1,49.4710920000039,standard,75-100 cm,80.4-108.1 cm
OregonState,mean,Ref,JoF2-3,JoF2-3-5,5,esm2,-78.6184166849673,-110.135243539454,62.9217061419371,standard,75-100 cm,78.6-110.1 cm
OregonState,mean,Ref,JoF3-1,JoF3-1-1,1,esm1,0,-13.8,44.4987020000001,standard,0-10 cm,0-13.8 cm
OregonState,mean,Ref,JoF3-1,JoF3-1-1,1,esm2,0,-16.1436622610212,49.1151720439761,standard,0-10 cm,0-16.1 cm
OregonState,mean,Ref,JoF3-1,JoF3-1-2,2,esm1,-13.8,-34.5,74.6916029999994,standard,10-30 cm,13.8-34.5 cm
OregonState,mean,Ref,JoF3-1,JoF3-1-2,2,esm2,-16.1436622610212,-36.3983994176985,78.2076098681503,standard,10-30 cm,16.1-36.4 cm
OregonState,mean,Ref,JoF3-1,JoF3-1-3,3,esm1,-34.5,-56.1,52.2005770000007,standard,30-50 cm,34.5-56.1 cm
OregonState,mean,Ref,JoF3-1,JoF3-1-3,3,esm2,-36.3983994176985,-55.6241650562034,47.164173709779,standard,30-50 cm,36.4-55.6 cm
OregonState,mean,Ref,JoF3-1,JoF3-1-4,4,esm1,-56.1,-82,25.9126080000006,standard,50-75 cm,56.1-82 cm
OregonState,mean,Ref,JoF3-1,JoF3-1-4,4,esm2,-55.6241650562034,-83.816858881813,26.7931354038819,standard,50-75 cm,55.6-83.8 cm
OregonState,mean,Ref,JoF3-1,JoF3-1-5,5,esm1,-82,-107.3,16.7951519999998,standard,75-100 cm,82-107.3 cm
OregonState,mean,Ref,JoF3-1,JoF3-1-5,5,esm2,-83.816858881813,-105.245525678188,10.6278037095104,standard,75-100 cm,83.8-105.2 cm
OregonState,mean,Ref,JoF3-2,JoF3-2-1,1,esm1,0,-13.8,60.9019220000001,standard,0-10 cm,0-13.8 cm
OregonState,mean,Ref,JoF3-2,JoF3-2-1,1,esm2,0,-16.1436622610212,63.8625775222263,standard,0-10 cm,0-16.1 cm
OregonState,mean,Ref,JoF3-2,JoF3-2-2,2,esm1,-13.8,-34.5,129.202982999999,standard,10-30 cm,13.8-34.5 cm
OregonState,mean,Ref,JoF3-2,JoF3-2-2,2,esm2,-16.1436622610212,-36.3983994176985,137.791605383441,standard,10-30 cm,16.1-36.4 cm
OregonState,mean,Ref,JoF3-2,JoF3-2-3,3,esm1,-34.5,-56.1,81.2078370000013,standard,30-50 cm,34.5-56.1 cm
OregonState,mean,Ref,JoF3-2,JoF3-2-3,3,esm2,-36.3983994176985,-55.6241650562034,77.0995969191973,standard,30-50 cm,36.4-55.6 cm
OregonState,mean,Ref,JoF3-2,JoF3-2-4,4,esm1,-56.1,-82,33.9130880000012,standard,50-75 cm,56.1-82 cm
OregonState,mean,Ref,JoF3-2,JoF3-2-4,4,esm2,-55.6241650562034,-83.816858881813,25.1860530672675,standard,50-75 cm,55.6-83.8 cm
OregonState,mean,Ref,JoF3-2,JoF3-2-5,5,esm1,-82,-107.3,22.0049279999982,standard,75-100 cm,82-107.3 cm
OregonState,mean,Ref,JoF3-2,JoF3-2-5,5,esm2,-83.816858881813,-105.245525678188,30.0956482289283,standard,75-100 cm,83.8-105.2 cm
OregonState,mean,Ref,JoF3-3,JoF3-3-1,1,esm1,0,-13.8,57.9991119999999,standard,0-10 cm,0-13.8 cm
OregonState,mean,Ref,JoF3-3,JoF3-3-1,1,esm2,0,-16.1436622610212,66.4767191756548,standard,0-10 cm,0-16.1 cm
OregonState,mean,Ref,JoF3-3,JoF3-3-2,2,esm1,-13.8,-34.5,98.5059180000009,standard,10-30 cm,13.8-34.5 cm
OregonState,mean,Ref,JoF3-3,JoF3-3-2,2,esm2,-16.1436622610212,-36.3983994176985,102.90803256927,standard,10-30 cm,16.1-36.4 cm
OregonState,mean,Ref,JoF3-3,JoF3-3-3,3,esm1,-34.5,-56.1,68.1667939999988,standard,30-50 cm,34.5-56.1 cm
OregonState,mean,Ref,JoF3-3,JoF3-3-3,3,esm2,-36.3983994176985,-55.6241650562034,58.9494278840313,standard,30-50 cm,36.4-55.6 cm
OregonState,mean,Ref,JoF3-3,JoF3-3-4,4,esm1,-56.1,-82,31.5360959999991,standard,50-75 cm,56.1-82 cm
OregonState,mean,Ref,JoF3-3,JoF3-3-4,4,esm2,-55.6241650562034,-83.816858881813,34.1294880021518,standard,50-75 cm,55.6-83.8 cm
OregonState,mean,Ref,JoF3-3,JoF3-3-5,5,esm1,-82,-107.3,18.9082079999932,standard,75-100 cm,82-107.3 cm
OregonState,mean,Ref,JoF3-3,JoF3-3-5,5,esm2,-83.816858881813,-105.245525678188,8.71090744559893,standard,75-100 cm,83.8-105.2 cm
OregonState,mean,SHM,JoV1-1,JoV1-1-1,1,esm1,0,-8.7,35.847694,standard,0-10 cm,0-8.7 cm
OregonState,mean,SHM,JoV1-1,JoV1-1-1,1,esm2,0,-8.78581237887863,36.4089245828459,standard,0-10 cm,0-8.8 cm
OregonState,mean,SHM,JoV1-1,JoV1-1-2,2,esm1,-8.7,-27.8,51.8598659999998,standard,10-30 cm,8.7-27.8 cm
OregonState,mean,SHM,JoV1-1,JoV1-1-2,2,esm2,-8.78581237887863,-27.7420043326383,53.1158819347727,standard,10-30 cm,8.8-27.7 cm
OregonState,mean,SHM,JoV1-1,JoV1-1-3,3,esm1,-27.8,-47.4,40.2183280000004,standard,30-50 cm,27.8-47.4 cm
OregonState,mean,SHM,JoV1-1,JoV1-1-3,3,esm2,-27.7420043326383,-47.3394365255163,38.6606047684116,standard,30-50 cm,27.7-47.3 cm
OregonState,mean,SHM,JoV1-1,JoV1-1-4,4,esm1,-47.4,-73.1,43.3116570000005,standard,50-75 cm,47.4-73.1 cm
OregonState,mean,SHM,JoV1-1,JoV1-1-4,4,esm2,-47.3394365255163,-73.2380763896113,45.6884376922015,standard,50-75 cm,47.3-73.2 cm
OregonState,mean,SHM,JoV1-1,JoV1-1-5,5,esm1,-73.1,-98.9,30.7394100000008,standard,75-100 cm,73.1-98.9 cm
OregonState,mean,SHM,JoV1-1,JoV1-1-5,5,esm2,-73.2380763896113,-99.0197653976098,28.7965210833534,standard,75-100 cm,73.2-99 cm
OregonState,mean,SHM,JoV1-2,JoV1-2-1,1,esm1,0,-8.7,41.9492629999999,standard,0-10 cm,0-8.7 cm
OregonState,mean,SHM,JoV1-2,JoV1-2-1,1,esm2,0,-8.78581237887863,42.7394472778566,standard,0-10 cm,0-8.8 cm
OregonState,mean,SHM,JoV1-2,JoV1-2-2,2,esm1,-8.7,-27.8,56.1714969999997,standard,10-30 cm,8.7-27.8 cm
OregonState,mean,SHM,JoV1-2,JoV1-2-2,2,esm2,-8.78581237887863,-27.7420043326383,56.6256029673797,standard,10-30 cm,8.8-27.7 cm
OregonState,mean,SHM,JoV1-2,JoV1-2-3,3,esm1,-27.8,-47.4,44.6518019999993,standard,30-50 cm,27.8-47.4 cm
OregonState,mean,SHM,JoV1-2,JoV1-2-3,3,esm2,-27.7420043326383,-47.3394365255163,45.559282574998,standard,30-50 cm,27.7-47.3 cm
OregonState,mean,SHM,JoV1-2,JoV1-2-4,4,esm1,-47.4,-73.1,37.1686979999976,standard,50-75 cm,47.4-73.1 cm
OregonState,mean,SHM,JoV1-2,JoV1-2-4,4,esm2,-47.3394365255163,-73.2380763896113,34.3335345204464,standard,50-75 cm,47.3-73.2 cm
OregonState,mean,SHM,JoV1-2,JoV1-2-5,5,esm1,-73.1,-98.9,33.1039799999998,standard,75-100 cm,73.1-98.9 cm
OregonState,mean,SHM,JoV1-2,JoV1-2-5,5,esm2,-73.2380763896113,-99.0197653976098,33.5720211311464,standard,75-100 cm,73.2-99 cm
OregonState,mean,SHM,JoV1-3,JoV1-3-1,1,esm1,0,-8.7,27.7238680000001,standard,0-10 cm,0-8.7 cm
OregonState,mean,SHM,JoV1-3,JoV1-3-1,1,esm2,0,-8.78581237887863,28.0192637980101,standard,0-10 cm,0-8.8 cm
OregonState,mean,SHM,JoV1-3,JoV1-3-2,2,esm1,-8.7,-27.8,55.7648819999999,standard,10-30 cm,8.7-27.8 cm
OregonState,mean,SHM,JoV1-3,JoV1-3-2,2,esm2,-8.78581237887863,-27.7420043326383,57.1115628928067,standard,10-30 cm,8.8-27.7 cm
OregonState,mean,SHM,JoV1-3,JoV1-3-3,3,esm1,-27.8,-47.4,43.899818,standard,30-50 cm,27.8-47.4 cm
OregonState,mean,SHM,JoV1-3,JoV1-3-3,3,esm2,-27.7420043326383,-47.3394365255163,43.677636040217,standard,30-50 cm,27.7-47.3 cm
OregonState,mean,SHM,JoV1-3,JoV1-3-4,4,esm1,-47.4,-73.1,44.4912109999975,standard,50-75 cm,47.4-73.1 cm
OregonState,mean,SHM,JoV1-3,JoV1-3-4,4,esm2,-47.3394365255163,-73.2380763896113,38.3694113427979,standard,50-75 cm,47.3-73.2 cm
OregonState,mean,SHM,JoV1-3,JoV1-3-5,5,esm1,-73.1,-98.9,61.078662,standard,75-100 cm,73.1-98.9 cm
OregonState,mean,SHM,JoV1-3,JoV1-3-5,5,esm2,-73.2380763896113,-99.0197653976098,64.6872472675284,standard,75-100 cm,73.2-99 cm
OregonState,mean,SHM,JoV2-1,JoV2-1-1,1,esm1,0,-11.4,31.0718000000001,standard,0-10 cm,0-11.4 cm
OregonState,mean,SHM,JoV2-1,JoV2-1-1,1,esm2,0,-11.1854657114514,31.8759435771494,standard,0-10 cm,0-11.2 cm
OregonState,mean,SHM,JoV2-1,JoV2-1-2,2,esm1,-11.4,-30.5,33.8440000000001,standard,10-30 cm,11.4-30.5 cm
OregonState,mean,SHM,JoV2-1,JoV2-1-2,2,esm2,-11.1854657114514,-31.2921733990822,35.7359170918689,standard,10-30 cm,11.2-31.3 cm
OregonState,mean,SHM,JoV2-1,JoV2-1-3,3,esm1,-30.5,-48.1,18.867200000001,standard,30-50 cm,30.5-48.1 cm
OregonState,mean,SHM,JoV2-1,JoV2-1-3,3,esm2,-31.2921733990822,-48.1857913256321,16.5108907856573,standard,30-50 cm,31.3-48.2 cm
OregonState,mean,SHM,JoV2-1,JoV2-1-4,4,esm1,-48.1,-70.3,15.3678600000011,standard,50-75 cm,48.1-70.3 cm
OregonState,mean,SHM,JoV2-1,JoV2-1-4,4,esm2,-48.1857913256321,-69.4175688551429,14.9398908325938,standard,50-75 cm,48.2-69.4 cm
OregonState,mean,SHM,JoV2-1,JoV2-1-5,5,esm1,-70.3,-95,16.3351800000008,standard,75-100 cm,70.3-95 cm
OregonState,mean,SHM,JoV2-1,JoV2-1-5,5,esm2,-69.4175688551429,-94.7649355436297,16.214013585275602,standard,75-100 cm,69.4-94.8 cm
OregonState,mean,SHM,JoV2-2,JoV2-2-1,1,esm1,0,-11.4,24.785382,standard,0-10 cm,0-11.4 cm
OregonState,mean,SHM,JoV2-2,JoV2-2-1,1,esm2,0,-11.1854657114514,25.9817409195324,standard,0-10 cm,0-11.2 cm
OregonState,mean,SHM,JoV2-2,JoV2-2-2,2,esm1,-11.4,-30.5,30.8997679999999,standard,10-30 cm,11.4-30.5 cm
OregonState,mean,SHM,JoV2-2,JoV2-2-2,2,esm2,-11.1854657114514,-31.2921733990822,30.6187117300979,standard,10-30 cm,11.2-31.3 cm
OregonState,mean,SHM,JoV2-2,JoV2-2-3,3,esm1,-30.5,-48.1,21.4297599999996,standard,30-50 cm,30.5-48.1 cm
OregonState,mean,SHM,JoV2-2,JoV2-2-3,3,esm2,-31.2921733990822,-48.1857913256321,20.6460986906756,standard,30-50 cm,31.3-48.2 cm
OregonState,mean,SHM,JoV2-2,JoV2-2-4,4,esm1,-48.1,-70.3,23.0433599999985,standard,50-75 cm,48.1-70.3 cm
OregonState,mean,SHM,JoV2-2,JoV2-2-4,4,esm2,-48.1857913256321,-69.4175688551429,23.1790317071555,standard,50-75 cm,48.2-69.4 cm
OregonState,mean,SHM,JoV2-2,JoV2-2-5,5,esm1,-70.3,-95,23.6270799999993,standard,75-100 cm,70.3-95 cm
OregonState,mean,SHM,JoV2-2,JoV2-2-5,5,esm2,-69.4175688551429,-94.7649355436297,23.2834435197754,standard,75-100 cm,69.4-94.8 cm
OregonState,mean,SHM,JoV3-1,JoV3-1-1,1,esm1,0,-10,42.7267,standard,0-10 cm,0-10 cm
OregonState,mean,SHM,JoV3-1,JoV3-1-1,1,esm2,0,-10.051694794211,42.903785603357,standard,0-10 cm,0-10.1 cm
OregonState,mean,SHM,JoV3-1,JoV3-1-2,2,esm1,-10,-30.6,50.625736,standard,10-30 cm,10-30.6 cm
OregonState,mean,SHM,JoV3-1,JoV3-1-2,2,esm2,-10.051694794211,-30.3654323841106,59.7175501513737,standard,10-30 cm,10.1-30.4 cm
OregonState,mean,SHM,JoV3-1,JoV3-1-3,3,esm1,-30.6,-51.5,51.363004,standard,30-50 cm,30.6-51.5 cm
OregonState,mean,SHM,JoV3-1,JoV3-1-3,3,esm2,-30.3654323841106,-51.3425388245715,44.7307688212778,standard,30-50 cm,30.4-51.3 cm
OregonState,mean,SHM,JoV3-1,JoV3-1-4,4,esm1,-51.5,-79.2,47.0992599999994,standard,50-75 cm,51.5-79.2 cm
OregonState,mean,SHM,JoV3-1,JoV3-1-4,4,esm2,-51.3425388245715,-79.7423724930987,46.1713060097113,standard,50-75 cm,51.3-79.7 cm
OregonState,mean,SHM,JoV3-1,JoV3-1-5,5,esm1,-79.2,-105.3,33.1783199999976,standard,75-100 cm,79.2-105.3 cm
OregonState,mean,SHM,JoV3-1,JoV3-1-5,5,esm2,-79.7423724930987,-104.400442727318,28.9800199462446,standard,75-100 cm,79.7-104.4 cm
OregonState,mean,SHM,JoV3-2,JoV3-2-1,1,esm1,0,-10,38.0361,standard,0-10 cm,0-10 cm
OregonState,mean,SHM,JoV3-2,JoV3-2-1,1,esm2,0,-10.051694794211,38.1954540944046,standard,0-10 cm,0-10.1 cm
OregonState,mean,SHM,JoV3-2,JoV3-2-2,2,esm1,-10,-30.6,52.199164,standard,10-30 cm,10-30.6 cm
OregonState,mean,SHM,JoV3-2,JoV3-2-2,2,esm2,-10.051694794211,-30.3654323841106,59.6481322661178,standard,10-30 cm,10.1-30.4 cm
OregonState,mean,SHM,JoV3-2,JoV3-2-3,3,esm1,-30.6,-51.5,52.9593459999992,standard,30-50 cm,30.6-51.5 cm
OregonState,mean,SHM,JoV3-2,JoV3-2-3,3,esm2,-30.3654323841106,-51.3425388245715,48.5388981922185,standard,30-50 cm,30.4-51.3 cm
OregonState,mean,SHM,JoV3-2,JoV3-2-4,4,esm1,-51.5,-79.2,43.9661300000007,standard,50-75 cm,51.5-79.2 cm
OregonState,mean,SHM,JoV3-2,JoV3-2-4,4,esm2,-51.3425388245715,-79.7423724930987,40.606758921128,standard,50-75 cm,51.3-79.7 cm
OregonState,mean,SHM,JoV3-2,JoV3-2-5,5,esm1,-79.2,-105.3,37.6362000000032,standard,75-100 cm,79.2-105.3 cm
OregonState,mean,SHM,JoV3-2,JoV3-2-5,5,esm2,-79.7423724930987,-104.400442727318,39.0377086859109,standard,75-100 cm,79.7-104.4 cm
OregonState,mean,SHM,JoV3-3,JoV3-3-1,1,esm1,0,-10,42.1443000000001,standard,0-10 cm,0-10 cm
OregonState,mean,SHM,JoV3-3,JoV3-3-1,1,esm2,0,-10.051694794211,42.3160562042618,standard,0-10 cm,0-10.1 cm
OregonState,mean,SHM,JoV3-3,JoV3-3-2,2,esm1,-10,-30.6,53.8554039999994,standard,10-30 cm,10-30.6 cm
OregonState,mean,SHM,JoV3-3,JoV3-3-2,2,esm2,-10.051694794211,-30.3654323841106,62.1463010722099,standard,10-30 cm,10.1-30.4 cm
OregonState,mean,SHM,JoV3-3,JoV3-3-3,3,esm1,-30.6,-51.5,54.639706,standard,30-50 cm,30.6-51.5 cm
OregonState,mean,SHM,JoV3-3,JoV3-3-3,3,esm2,-30.3654323841106,-51.3425388245715,49.3154669498404,standard,30-50 cm,30.4-51.3 cm
OregonState,mean,SHM,JoV3-3,JoV3-3-4,4,esm1,-51.5,-79.2,45.5560900000016,standard,50-75 cm,51.5-79.2 cm
OregonState,mean,SHM,JoV3-3,JoV3-3-4,4,esm2,-51.3425388245715,-79.7423724930987,43.3875156819239,standard,50-75 cm,51.3-79.7 cm
OregonState,mean,SHM,JoV3-3,JoV3-3-5,5,esm1,-79.2,-105.3,32.9590800000022,standard,75-100 cm,79.2-105.3 cm
OregonState,mean,SHM,JoV3-3,JoV3-3-5,5,esm2,-79.7423724930987,-104.400442727318,31.0338921987345,standard,75-100 cm,79.7-104.4 cm
OregonState,mean,BAU,JoXT1-1,JoXT1-1-1,1,esm1,0,-9,36.2202,standard,0-10 cm,0-9 cm
OregonState,mean,BAU,JoXT1-1,JoXT1-1-1,1,esm2,0,-9.06024330139266,36.5645546682702,standard,0-10 cm,0-9.1 cm
OregonState,mean,BAU,JoXT1-1,JoXT1-1-2,2,esm1,-9,-32.1,69.5393129999994,standard,10-30 cm,9-32.1 cm
OregonState,mean,BAU,JoXT1-1,JoXT1-1-2,2,esm2,-9.06024330139266,-32.2154855445134,70.78723872574,standard,10-30 cm,9.1-32.2 cm
OregonState,mean,BAU,JoXT1-1,JoXT1-1-3,3,esm1,-32.1,-54.6,33.5074790000007,standard,30-50 cm,32.1-54.6 cm
OregonState,mean,BAU,JoXT1-1,JoXT1-1-3,3,esm2,-32.2154855445134,-55.1242977579449,37.8994740489851,standard,30-50 cm,32.2-55.1 cm
OregonState,mean,BAU,JoXT1-1,JoXT1-1-4,4,esm1,-54.6,-80.4,26.3161680000014,standard,50-75 cm,54.6-80.4 cm
OregonState,mean,BAU,JoXT1-1,JoXT1-1-4,4,esm2,-55.1242977579449,-81.4646071376221,17.5761872309783,standard,50-75 cm,55.1-81.5 cm
OregonState,mean,BAU,JoXT1-1,JoXT1-1-5,5,esm1,-80.4,-104.1,20.0738999999995,standard,75-100 cm,80.4-104.1 cm
OregonState,mean,BAU,JoXT1-1,JoXT1-1-5,5,esm2,-81.4646071376221,-103.398625911092,26.6800100806722,standard,75-100 cm,81.5-103.4 cm
OregonState,mean,BAU,JoXT1-2,JoXT1-2-1,1,esm1,0,-9,41.7004,standard,0-10 cm,0-9 cm
OregonState,mean,BAU,JoXT1-2,JoXT1-2-1,1,esm2,0,-9.06024330139266,42.0927519348906,standard,0-10 cm,0-9.1 cm
OregonState,mean,BAU,JoXT1-2,JoXT1-2-2,2,esm1,-9,-32.1,81.531898,standard,10-30 cm,9-32.1 cm
OregonState,mean,BAU,JoXT1-2,JoXT1-2-2,2,esm2,-9.06024330139266,-32.2154855445134,82.6387283522567,standard,10-30 cm,9.1-32.2 cm
OregonState,mean,BAU,JoXT1-2,JoXT1-2-3,3,esm1,-32.1,-54.6,48.6698359999987,standard,30-50 cm,32.1-54.6 cm
OregonState,mean,BAU,JoXT1-2,JoXT1-2-3,3,esm2,-32.2154855445134,-55.1242977579449,52.8502910777134,standard,30-50 cm,32.2-55.1 cm
OregonState,mean,BAU,JoXT1-2,JoXT1-2-4,4,esm1,-54.6,-80.4,39.9786839999999,standard,50-75 cm,54.6-80.4 cm
OregonState,mean,BAU,JoXT1-2,JoXT1-2-4,4,esm2,-55.1242977579449,-81.4646071376221,36.4642585225404,standard,50-75 cm,55.1-81.5 cm
OregonState,mean,BAU,JoXT1-2,JoXT1-2-5,5,esm1,-80.4,-104.1,26.3880540000018,standard,75-100 cm,80.4-104.1 cm
OregonState,mean,BAU,JoXT1-2,JoXT1-2-5,5,esm2,-81.4646071376221,-103.398625911092,23.9534007254468,standard,75-100 cm,81.5-103.4 cm
OregonState,mean,BAU,JoXT1-3,JoXT1-3-1,1,esm1,0,-9,42.7192,standard,0-10 cm,0-9 cm
OregonState,mean,BAU,JoXT1-3,JoXT1-3-1,1,esm2,0,-9.06024330139266,43.0006670725754,standard,0-10 cm,0-9.1 cm
OregonState,mean,BAU,JoXT1-3,JoXT1-3-2,2,esm1,-9,-32.1,90.7671360000001,standard,10-30 cm,9-32.1 cm
OregonState,mean,BAU,JoXT1-3,JoXT1-3-2,2,esm2,-9.06024330139266,-32.2154855445134,93.006174421666,standard,10-30 cm,9.1-32.2 cm
OregonState,mean,BAU,JoXT1-3,JoXT1-3-3,3,esm1,-32.1,-54.6,42.738374,standard,30-50 cm,32.1-54.6 cm
OregonState,mean,BAU,JoXT1-3,JoXT1-3-3,3,esm2,-32.2154855445134,-55.1242977579449,46.8888958007683,standard,30-50 cm,32.2-55.1 cm
OregonState,mean,BAU,JoXT1-3,JoXT1-3-4,4,esm1,-54.6,-80.4,31.9451999999977,standard,50-75 cm,54.6-80.4 cm
OregonState,mean,BAU,JoXT1-3,JoXT1-3-4,4,esm2,-55.1242977579449,-81.4646071376221,24.1983319556171,standard,50-75 cm,55.1-81.5 cm
OregonState,mean,BAU,JoXT1-3,JoXT1-3-5,5,esm1,-80.4,-104.1,21.1688399999968,standard,75-100 cm,80.4-104.1 cm
OregonState,mean,BAU,JoXT1-3,JoXT1-3-5,5,esm2,-81.4646071376221,-103.398625911092,25.1002473127003,standard,75-100 cm,81.5-103.4 cm
OregonState,mean,BAU,JoXT2-1,JoXT2-1-1,1,esm1,0,-9.4,29.98985,standard,0-10 cm,0-9.4 cm
OregonState,mean,BAU,JoXT2-1,JoXT2-1-1,1,esm2,0,-9.45803289507846,30.1616383830024,standard,0-10 cm,0-9.5 cm
OregonState,mean,BAU,JoXT2-1,JoXT2-1-2,2,esm1,-9.4,-30.4,64.4687300000001,standard,10-30 cm,9.4-30.4 cm
OregonState,mean,BAU,JoXT2-1,JoXT2-1-2,2,esm2,-9.45803289507846,-30.4335123076456,67.0695702687231,standard,10-30 cm,9.5-30.4 cm
OregonState,mean,BAU,JoXT2-1,JoXT2-1-3,3,esm1,-30.4,-51.5,57.3888350000002,standard,30-50 cm,30.4-51.5 cm
OregonState,mean,BAU,JoXT2-1,JoXT2-1-3,3,esm2,-30.4335123076456,-51.6143857751405,57.5751577355331,standard,30-50 cm,30.4-51.6 cm
OregonState,mean,BAU,JoXT2-1,JoXT2-1-4,4,esm1,-51.5,-77.3,47.7639750000023,standard,50-75 cm,51.5-77.3 cm
OregonState,mean,BAU,JoXT2-1,JoXT2-1-4,4,esm2,-51.6143857751405,-77.361546769908,45.7857914395608,standard,50-75 cm,51.6-77.4 cm
OregonState,mean,BAU,JoXT2-1,JoXT2-1-5,5,esm1,-77.3,-103.4,23.3855999999974,standard,75-100 cm,77.3-103.4 cm
OregonState,mean,BAU,JoXT2-1,JoXT2-1-5,5,esm2,-77.361546769908,-103.52142071446,20.9577441198146,standard,75-100 cm,77.4-103.5 cm
OregonState,mean,BAU,JoXT2-2,JoXT2-2-1,1,esm1,0,-9.4,27.5323500000001,standard,0-10 cm,0-9.4 cm
OregonState,mean,BAU,JoXT2-2,JoXT2-2-1,1,esm2,0,-9.45803289507846,27.6866627200162,standard,0-10 cm,0-9.5 cm
OregonState,mean,BAU,JoXT2-2,JoXT2-2-2,2,esm1,-9.4,-30.4,58.1863700000004,standard,10-30 cm,9.4-30.4 cm
OregonState,mean,BAU,JoXT2-2,JoXT2-2-2,2,esm2,-9.45803289507846,-30.4335123076456,60.1078726913316,standard,10-30 cm,9.5-30.4 cm
OregonState,mean,BAU,JoXT2-2,JoXT2-2-3,3,esm1,-30.4,-51.5,50.6537149999998,standard,30-50 cm,30.4-51.5 cm
OregonState,mean,BAU,JoXT2-2,JoXT2-2-3,3,esm2,-30.4335123076456,-51.6143857751405,49.6943561612123,standard,30-50 cm,30.4-51.6 cm
OregonState,mean,BAU,JoXT2-2,JoXT2-2-4,4,esm1,-51.5,-77.3,54.4092150000012,standard,50-75 cm,51.5-77.3 cm
OregonState,mean,BAU,JoXT2-2,JoXT2-2-4,4,esm2,-51.6143857751405,-77.361546769908,55.2960309347818,standard,50-75 cm,51.6-77.4 cm
OregonState,mean,BAU,JoXT2-2,JoXT2-2-5,5,esm1,-77.3,-103.4,24.9202800000024,standard,75-100 cm,77.3-103.4 cm
OregonState,mean,BAU,JoXT2-2,JoXT2-2-5,5,esm2,-77.361546769908,-103.52142071446,19.18011052431,standard,75-100 cm,77.4-103.5 cm
OregonState,mean,BAU,JoXT2-3,JoXT2-3-1,1,esm1,0,-9.4,29.64025,standard,0-10 cm,0-9.4 cm
OregonState,mean,BAU,JoXT2-3,JoXT2-3-1,1,esm2,0,-9.45803289507846,29.8505413338113,standard,0-10 cm,0-9.5 cm
OregonState,mean,BAU,JoXT2-3,JoXT2-3-2,2,esm1,-9.4,-30.4,53.1423960000001,standard,10-30 cm,9.4-30.4 cm
OregonState,mean,BAU,JoXT2-3,JoXT2-3-2,2,esm2,-9.45803289507846,-30.4335123076456,55.85102579841,standard,10-30 cm,9.5-30.4 cm
OregonState,mean,BAU,JoXT2-3,JoXT2-3-3,3,esm1,-30.4,-51.5,41.1964840000005,standard,30-50 cm,30.4-51.5 cm
OregonState,mean,BAU,JoXT2-3,JoXT2-3-3,3,esm2,-30.4335123076456,-51.6143857751405,40.7289033142126,standard,30-50 cm,30.4-51.6 cm
OregonState,mean,BAU,JoXT2-3,JoXT2-3-4,4,esm1,-51.5,-77.3,35.1133999999983,standard,50-75 cm,51.5-77.3 cm
OregonState,mean,BAU,JoXT2-3,JoXT2-3-4,4,esm2,-51.6143857751405,-77.361546769908,33.1628804534467,standard,50-75 cm,51.6-77.4 cm
OregonState,mean,BAU,JoXT2-3,JoXT2-3-5,5,esm1,-77.3,-103.4,21.5220599999994,standard,75-100 cm,77.3-103.4 cm
OregonState,mean,BAU,JoXT2-3,JoXT2-3-5,5,esm2,-77.361546769908,-103.52142071446,20.4972537025948,standard,75-100 cm,77.4-103.5 cm
OregonState,mean,BAU,JoXT3-1,JoXT3-1-1,1,esm1,0,-9.2,31.431438,standard,0-10 cm,0-9.2 cm
OregonState,mean,BAU,JoXT3-1,JoXT3-1-1,1,esm2,0,-9.23628847854631,31.519893447286,standard,0-10 cm,0-9.2 cm
OregonState,mean,BAU,JoXT3-1,JoXT3-1-2,2,esm1,-9.2,-28.6,59.9526439999998,standard,10-30 cm,9.2-28.6 cm
OregonState,mean,BAU,JoXT3-1,JoXT3-1-2,2,esm2,-9.23628847854631,-28.6269835228718,60.4575715756456,standard,10-30 cm,9.2-28.6 cm
OregonState,mean,BAU,JoXT3-1,JoXT3-1-3,3,esm1,-28.6,-50.9,33.6333060000011,standard,30-50 cm,28.6-50.9 cm
OregonState,mean,BAU,JoXT3-1,JoXT3-1-3,3,esm2,-28.6269835228718,-50.6233399637689,36.9160055069699,standard,30-50 cm,28.6-50.6 cm
OregonState,mean,BAU,JoXT3-1,JoXT3-1-4,4,esm1,-50.9,-80.1,30.5792550000014,standard,50-75 cm,50.9-80.1 cm
OregonState,mean,BAU,JoXT3-1,JoXT3-1-4,4,esm2,-50.6233399637689,-80.3387909697011,26.6788294264215,standard,50-75 cm,50.6-80.3 cm
OregonState,mean,BAU,JoXT3-1,JoXT3-1-5,5,esm1,-80.1,-110.3,25.3236060000015,standard,75-100 cm,80.1-110.3 cm
OregonState,mean,BAU,JoXT3-1,JoXT3-1-5,5,esm2,-80.3387909697011,-109.921437240444,27.8284316833344,standard,75-100 cm,80.3-109.9 cm
OregonState,mean,BAU,JoXT3-2,JoXT3-2-1,1,esm1,0,-9.2,32.7585300000001,standard,0-10 cm,0-9.2 cm
OregonState,mean,BAU,JoXT3-2,JoXT3-2-1,1,esm2,0,-9.23628847854631,32.8643461123671,standard,0-10 cm,0-9.2 cm
OregonState,mean,BAU,JoXT3-2,JoXT3-2-2,2,esm1,-9.2,-28.6,60.8550040000002,standard,10-30 cm,9.2-28.6 cm
OregonState,mean,BAU,JoXT3-2,JoXT3-2-2,2,esm2,-9.23628847854631,-28.6269835228718,61.2339820310181,standard,10-30 cm,9.2-28.6 cm
OregonState,mean,BAU,JoXT3-2,JoXT3-2-3,3,esm1,-28.6,-50.9,40.4330219999996,standard,30-50 cm,28.6-50.9 cm
OregonState,mean,BAU,JoXT3-2,JoXT3-2-3,3,esm2,-28.6269835228718,-50.6233399637689,44.4325841215587,standard,30-50 cm,28.6-50.6 cm
OregonState,mean,BAU,JoXT3-2,JoXT3-2-4,4,esm1,-50.9,-80.1,23.4553799999981,standard,50-75 cm,50.9-80.1 cm
OregonState,mean,BAU,JoXT3-2,JoXT3-2-4,4,esm2,-50.6233399637689,-80.3387909697011,24.1784653792217,standard,50-75 cm,50.6-80.3 cm
OregonState,mean,BAU,JoXT3-2,JoXT3-2-5,5,esm1,-80.1,-110.3,10.451011999999,standard,75-100 cm,80.1-110.3 cm
OregonState,mean,BAU,JoXT3-2,JoXT3-2-5,5,esm2,-80.3387909697011,-109.921437240444,1.91852018740406,standard,75-100 cm,80.3-109.9 cm
OregonState,mean,BAU,JoXT3-3,JoXT3-3-1,1,esm1,0,-9.2,32.590518,standard,0-10 cm,0-9.2 cm
OregonState,mean,BAU,JoXT3-3,JoXT3-3-1,1,esm2,0,-9.23628847854631,32.6510414409335,standard,0-10 cm,0-9.2 cm
OregonState,mean,BAU,JoXT3-3,JoXT3-3-2,2,esm1,-9.2,-28.6,65.6711359999997,standard,10-30 cm,9.2-28.6 cm
OregonState,mean,BAU,JoXT3-3,JoXT3-3-2,2,esm2,-9.23628847854631,-28.6269835228718,66.1821955609213,standard,10-30 cm,9.2-28.6 cm
OregonState,mean,BAU,JoXT3-3,JoXT3-3-3,3,esm1,-28.6,-50.9,42.8213520000008,standard,30-50 cm,28.6-50.9 cm
OregonState,mean,BAU,JoXT3-3,JoXT3-3-3,3,esm2,-28.6269835228718,-50.6233399637689,46.3027126963645,standard,30-50 cm,28.6-50.6 cm
OregonState,mean,BAU,JoXT3-3,JoXT3-3-4,4,esm1,-50.9,-80.1,33.0639450000009,standard,50-75 cm,50.9-80.1 cm
OregonState,mean,BAU,JoXT3-3,JoXT3-3-4,4,esm2,-50.6233399637689,-80.3387909697011,33.7001143905934,standard,50-75 cm,50.6-80.3 cm
OregonState,mean,BAU,JoXT3-3,JoXT3-3-5,5,esm1,-80.1,-110.3,23.4234220000009,standard,75-100 cm,80.1-110.3 cm
OregonState,mean,BAU,JoXT3-3,JoXT3-3-5,5,esm2,-80.3387909697011,-109.921437240444,13.5805886944739,standard,75-100 cm,80.3-109.9 cm
OregonState,mean,BAU,WoCT1-1,WoCT1-1-1,1,esm1,0,-9.4,22.592464,standard,0-10 cm,0-9.4 cm
OregonState,mean,BAU,WoCT1-1,WoCT1-1-1,1,esm2,0,-9.42350763535246,22.627287046542,standard,0-10 cm,0-9.4 cm
OregonState,mean,BAU,WoCT1-1,WoCT1-1-2,2,esm1,-9.4,-30.9,38.5135399999997,standard,10-30 cm,9.4-30.9 cm
OregonState,mean,BAU,WoCT1-1,WoCT1-1-2,2,esm2,-9.42350763535246,-30.9961887974821,39.5795990991278,standard,10-30 cm,9.4-31 cm
OregonState,mean,BAU,WoCT1-1,WoCT1-1-3,3,esm1,-30.9,-52.7,14.8447170000005,standard,30-50 cm,30.9-52.7 cm
OregonState,mean,BAU,WoCT1-1,WoCT1-1-3,3,esm2,-30.9961887974821,-52.770056657014,15.8852075832502,standard,30-50 cm,31-52.8 cm
OregonState,mean,BAU,WoCT1-1,WoCT1-1-4,4,esm1,-52.7,-80.4,13.4373990000008,standard,50-75 cm,52.7-80.4 cm
OregonState,mean,BAU,WoCT1-1,WoCT1-1-4,4,esm2,-52.770056657014,-80.5122521594968,11.5710605755018,standard,50-75 cm,52.8-80.5 cm
OregonState,mean,BAU,WoCT1-1,WoCT1-1-5,5,esm1,-80.4,-107.9,9.06128200000003,standard,75-100 cm,80.4-107.9 cm
OregonState,mean,BAU,WoCT1-1,WoCT1-1-5,5,esm2,-80.5122521594968,-107.725890538139,8.02920081677013,standard,75-100 cm,80.5-107.7 cm
OregonState,mean,BAU,WoCT1-2,WoCT1-2-1,1,esm1,0,-9.4,22.583156,standard,0-10 cm,0-9.4 cm
OregonState,mean,BAU,WoCT1-2,WoCT1-2-1,1,esm2,0,-9.42350763535246,22.7140446930762,standard,0-10 cm,0-9.4 cm
OregonState,mean,BAU,WoCT1-2,WoCT1-2-2,2,esm1,-9.4,-30.9,37.3982299999996,standard,10-30 cm,9.4-30.9 cm
OregonState,mean,BAU,WoCT1-2,WoCT1-2-2,2,esm2,-9.42350763535246,-30.9961887974821,38.0923084043851,standard,10-30 cm,9.4-31 cm
OregonState,mean,BAU,WoCT1-2,WoCT1-2-3,3,esm1,-30.9,-52.7,14.9353799999993,standard,30-50 cm,30.9-52.7 cm
OregonState,mean,BAU,WoCT1-2,WoCT1-2-3,3,esm2,-30.9961887974821,-52.770056657014,17.1645683931912,standard,30-50 cm,31-52.8 cm
OregonState,mean,BAU,WoCT1-2,WoCT1-2-4,4,esm1,-52.7,-80.4,13.3981039999997,standard,50-75 cm,52.7-80.4 cm
OregonState,mean,BAU,WoCT1-2,WoCT1-2-4,4,esm2,-52.770056657014,-80.5122521594968,10.4103643870621,standard,50-75 cm,52.8-80.5 cm
OregonState,mean,BAU,WoCT1-2,WoCT1-2-5,5,esm1,-80.4,-107.9,9.32610199999959,standard,75-100 cm,80.4-107.9 cm
OregonState,mean,BAU,WoCT1-2,WoCT1-2-5,5,esm2,-80.5122521594968,-107.725890538139,8.37692407533639,standard,75-100 cm,80.5-107.7 cm
OregonState,mean,BAU,WoCT1-3,WoCT1-3-1,1,esm1,0,-9.4,21.436028,standard,0-10 cm,0-9.4 cm
OregonState,mean,BAU,WoCT1-3,WoCT1-3-1,1,esm2,0,-9.42350763535246,21.56895164476,standard,0-10 cm,0-9.4 cm
OregonState,mean,BAU,WoCT1-3,WoCT1-3-2,2,esm1,-9.4,-30.9,33.8087819999998,standard,10-30 cm,9.4-30.9 cm
OregonState,mean,BAU,WoCT1-3,WoCT1-3-2,2,esm2,-9.42350763535246,-30.9961887974821,34.4097327573529,standard,10-30 cm,9.4-31 cm
OregonState,mean,BAU,WoCT1-3,WoCT1-3-3,3,esm1,-30.9,-52.7,13.8499379999997,standard,30-50 cm,30.9-52.7 cm
OregonState,mean,BAU,WoCT1-3,WoCT1-3-3,3,esm2,-30.9961887974821,-52.770056657014,16.0653841430616,standard,30-50 cm,31-52.8 cm
OregonState,mean,BAU,WoCT1-3,WoCT1-3-4,4,esm1,-52.7,-80.4,11.1237019999994,standard,50-75 cm,52.7-80.4 cm
OregonState,mean,BAU,WoCT1-3,WoCT1-3-4,4,esm2,-52.770056657014,-80.5122521594968,7.95155839977879,standard,50-75 cm,52.8-80.5 cm
OregonState,mean,BAU,WoCT1-3,WoCT1-3-5,5,esm1,-80.4,-107.9,9.82049600000035,standard,75-100 cm,80.4-107.9 cm
OregonState,mean,BAU,WoCT1-3,WoCT1-3-5,5,esm2,-80.5122521594968,-107.725890538139,11.0891088621328,standard,75-100 cm,80.5-107.7 cm
OregonState,mean,BAU,WoCT2-1,WoCT2-1-1,1,esm1,0,-9,22.82102,standard,0-10 cm,0-9 cm
OregonState,mean,BAU,WoCT2-1,WoCT2-1-1,1,esm2,0,-9.06705304669888,22.8517573246368,standard,0-10 cm,0-9.1 cm
OregonState,mean,BAU,WoCT2-1,WoCT2-1-2,2,esm1,-9,-27.1,50.3423700000002,standard,10-30 cm,9-27.1 cm
OregonState,mean,BAU,WoCT2-1,WoCT2-1-2,2,esm2,-9.06705304669888,-27.1058053396761,52.5071282669839,standard,10-30 cm,9.1-27.1 cm
OregonState,mean,BAU,WoCT2-1,WoCT2-1-3,3,esm1,-27.1,-46.5,27.6236600000012,standard,30-50 cm,27.1-46.5 cm
OregonState,mean,BAU,WoCT2-1,WoCT2-1-3,3,esm2,-27.1058053396761,-46.3785446203044,31.6775972737304,standard,30-50 cm,27.1-46.4 cm
OregonState,mean,BAU,WoCT2-1,WoCT2-1-4,4,esm1,-46.5,-70.8,24.0164500000015,standard,50-75 cm,46.5-70.8 cm
OregonState,mean,BAU,WoCT2-1,WoCT2-1-4,4,esm2,-46.3785446203044,-71.3206458912984,18.0206176574744,standard,50-75 cm,46.4-71.3 cm
OregonState,mean,BAU,WoCT2-1,WoCT2-1-5,5,esm1,-70.8,-95.1,14.5070999999989,standard,75-100 cm,70.8-95.1 cm
OregonState,mean,BAU,WoCT2-1,WoCT2-1-5,5,esm2,-71.3206458912984,-95.4550974744048,13.4724842458487,standard,75-100 cm,71.3-95.5 cm
OregonState,mean,BAU,WoCT2-2,WoCT2-2-1,1,esm1,0,-9,25.92776,standard,0-10 cm,0-9 cm
OregonState,mean,BAU,WoCT2-2,WoCT2-2-1,1,esm2,0,-9.06705304669888,26.0223299870137,standard,0-10 cm,0-9.1 cm
OregonState,mean,BAU,WoCT2-2,WoCT2-2-2,2,esm1,-9,-27.1,56.2810799999999,standard,10-30 cm,9-27.1 cm
OregonState,mean,BAU,WoCT2-2,WoCT2-2-2,2,esm2,-9.06705304669888,-27.1058053396761,57.7925028256764,standard,10-30 cm,9.1-27.1 cm
OregonState,mean,BAU,WoCT2-2,WoCT2-2-3,3,esm1,-27.1,-46.5,42.8138600000009,standard,30-50 cm,27.1-46.5 cm
OregonState,mean,BAU,WoCT2-2,WoCT2-2-3,3,esm2,-27.1058053396761,-46.3785446203044,46.2703423853013,standard,30-50 cm,27.1-46.4 cm
OregonState,mean,BAU,WoCT2-2,WoCT2-2-4,4,esm1,-46.5,-70.8,35.9009499999991,standard,50-75 cm,46.5-70.8 cm
OregonState,mean,BAU,WoCT2-2,WoCT2-2-4,4,esm2,-46.3785446203044,-71.3206458912984,37.9827652115436,standard,50-75 cm,46.4-71.3 cm
OregonState,mean,BAU,WoCT2-2,WoCT2-2-5,5,esm1,-70.8,-95.1,19.9746000000001,standard,75-100 cm,70.8-95.1 cm
OregonState,mean,BAU,WoCT2-2,WoCT2-2-5,5,esm2,-71.3206458912984,-95.4550974744048,16.3447174321792,standard,75-100 cm,71.3-95.5 cm
OregonState,mean,BAU,WoCT2-3,WoCT2-3-1,1,esm1,0,-9,28.22016,standard,0-10 cm,0-9 cm
OregonState,mean,BAU,WoCT2-3,WoCT2-3-1,1,esm2,0,-9.06705304669888,28.2987544189901,standard,0-10 cm,0-9.1 cm
OregonState,mean,BAU,WoCT2-3,WoCT2-3-2,2,esm1,-9,-27.1,60.1214849999998,standard,10-30 cm,9-27.1 cm
OregonState,mean,BAU,WoCT2-3,WoCT2-3-2,2,esm2,-9.06705304669888,-27.1058053396761,62.3419853794149,standard,10-30 cm,9.1-27.1 cm
OregonState,mean,BAU,WoCT2-3,WoCT2-3-3,3,esm1,-27.1,-46.5,36.8784299999999,standard,30-50 cm,27.1-46.5 cm
OregonState,mean,BAU,WoCT2-3,WoCT2-3-3,3,esm2,-27.1058053396761,-46.3785446203044,41.4288284138693,standard,30-50 cm,27.1-46.4 cm
OregonState,mean,BAU,WoCT2-3,WoCT2-3-4,4,esm1,-46.5,-70.8,29.905725000001,standard,50-75 cm,46.5-70.8 cm
OregonState,mean,BAU,WoCT2-3,WoCT2-3-4,4,esm2,-46.3785446203044,-71.3206458912984,26.7487311653769,standard,50-75 cm,46.4-71.3 cm
OregonState,mean,BAU,WoCT2-3,WoCT2-3-5,5,esm1,-70.8,-95.1,15.2725499999994,standard,75-100 cm,70.8-95.1 cm
OregonState,mean,BAU,WoCT2-3,WoCT2-3-5,5,esm2,-71.3206458912984,-95.4550974744048,12.7281553350074,standard,75-100 cm,71.3-95.5 cm
OregonState,mean,BAU,WoCT3-1,WoCT3-1-1,1,esm1,0,-8.5,19.35225,standard,0-10 cm,0-8.5 cm
OregonState,mean,BAU,WoCT3-1,WoCT3-1-1,1,esm2,0,-8.52244818531633,19.3590964151769,standard,0-10 cm,0-8.5 cm
OregonState,mean,BAU,WoCT3-1,WoCT3-1-2,2,esm1,-8.5,-27.2,33.9141059999998,standard,10-30 cm,8.5-27.2 cm
OregonState,mean,BAU,WoCT3-1,WoCT3-1-2,2,esm2,-8.52244818531633,-27.4535703613621,39.3758738038323,standard,10-30 cm,8.5-27.5 cm
OregonState,mean,BAU,WoCT3-1,WoCT3-1-3,3,esm1,-27.2,-45.4,12.1080959999998,standard,30-50 cm,27.2-45.4 cm
OregonState,mean,BAU,WoCT3-1,WoCT3-1-3,3,esm2,-27.4535703613621,-45.5360000006309,13.5167902146164,standard,30-50 cm,27.5-45.5 cm
OregonState,mean,BAU,WoCT3-1,WoCT3-1-4,4,esm1,-45.4,-70.7,11.701482000001,standard,50-75 cm,45.4-70.7 cm
OregonState,mean,BAU,WoCT3-1,WoCT3-1-4,4,esm2,-45.5360000006309,-69.3185251420517,1.25075211100635,standard,50-75 cm,45.5-69.3 cm
OregonState,mean,BAU,WoCT3-1,WoCT3-1-5,5,esm1,-70.7,-98.6,8.1138780000007,standard,75-100 cm,70.7-98.6 cm
OregonState,mean,BAU,WoCT3-1,WoCT3-1-5,5,esm2,-69.3185251420517,-98.3600036767029,10.9247740767838,standard,75-100 cm,69.3-98.4 cm
OregonState,mean,BAU,WoCT3-2,WoCT3-2-1,1,esm1,0,-8.5,20.2215,standard,0-10 cm,0-8.5 cm
OregonState,mean,BAU,WoCT3-2,WoCT3-2-1,1,esm2,0,-8.52244818531633,20.3266248321806,standard,0-10 cm,0-8.5 cm
OregonState,mean,BAU,WoCT3-2,WoCT3-2-2,2,esm1,-8.5,-27.2,32.5823200000002,standard,10-30 cm,8.5-27.2 cm
OregonState,mean,BAU,WoCT3-2,WoCT3-2-2,2,esm2,-8.52244818531633,-27.4535703613621,37.2576562756277,standard,10-30 cm,8.5-27.5 cm
OregonState,mean,BAU,WoCT3-2,WoCT3-2-3,3,esm1,-27.2,-45.4,14.1541400000002,standard,30-50 cm,27.2-45.4 cm
OregonState,mean,BAU,WoCT3-2,WoCT3-2-3,3,esm2,-27.4535703613621,-45.5360000006309,15.7672338230386,standard,30-50 cm,27.5-45.5 cm
OregonState,mean,BAU,WoCT3-2,WoCT3-2-4,4,esm1,-45.4,-70.7,13.0773420000003,standard,50-75 cm,45.4-70.7 cm
OregonState,mean,BAU,WoCT3-2,WoCT3-2-4,4,esm2,-45.5360000006309,-69.3185251420517,3.81168167508173,standard,50-75 cm,45.5-69.3 cm
OregonState,mean,BAU,WoCT3-2,WoCT3-2-5,5,esm1,-70.7,-98.6,8.26007400000032,standard,75-100 cm,70.7-98.6 cm
OregonState,mean,BAU,WoCT3-2,WoCT3-2-5,5,esm2,-69.3185251420517,-98.3600036767029,10.418086274397,standard,75-100 cm,69.3-98.4 cm
OregonState,mean,BAU,WoCT3-3,WoCT3-3-1,1,esm1,0,-8.5,19.3605,standard,0-10 cm,0-8.5 cm
OregonState,mean,BAU,WoCT3-3,WoCT3-3-1,1,esm2,0,-8.52244818531633,19.4521043204018,standard,0-10 cm,0-8.5 cm
OregonState,mean,BAU,WoCT3-3,WoCT3-3-2,2,esm1,-8.5,-27.2,34.2620619999999,standard,10-30 cm,8.5-27.2 cm
OregonState,mean,BAU,WoCT3-3,WoCT3-3-2,2,esm2,-8.52244818531633,-27.4535703613621,37.383205321613,standard,10-30 cm,8.5-27.5 cm
OregonState,mean,BAU,WoCT3-3,WoCT3-3-3,3,esm1,-27.2,-45.4,21.9739519999995,standard,30-50 cm,27.2-45.4 cm
OregonState,mean,BAU,WoCT3-3,WoCT3-3-3,3,esm2,-27.4535703613621,-45.5360000006309,23.5831560061989,standard,30-50 cm,27.5-45.5 cm
OregonState,mean,BAU,WoCT3-3,WoCT3-3-4,4,esm1,-45.4,-70.7,19.4074229999984,standard,50-75 cm,45.4-70.7 cm
OregonState,mean,BAU,WoCT3-3,WoCT3-3-4,4,esm2,-45.5360000006309,-69.3185251420517,15.7072827585676,standard,50-75 cm,45.5-69.3 cm
OregonState,mean,BAU,WoCT3-3,WoCT3-3-5,5,esm1,-70.7,-98.6,11.0012489999981,standard,75-100 cm,70.7-98.6 cm
OregonState,mean,BAU,WoCT3-3,WoCT3-3-5,5,esm2,-69.3185251420517,-98.3600036767029,9.91398442387697,standard,75-100 cm,69.3-98.4 cm
OregonState,mean,Ref,WoH1-1,WoH1-1-1,1,esm1,0,-9.4,44.4945600000001,standard,0-10 cm,0-9.4 cm
OregonState,mean,Ref,WoH1-1,WoH1-1-1,1,esm2,0,-9.46689521203358,45.1000540803106,standard,0-10 cm,0-9.5 cm
OregonState,mean,Ref,WoH1-1,WoH1-1-2,2,esm1,-9.4,-29.1,40.4554559999998,standard,10-30 cm,9.4-29.1 cm
OregonState,mean,Ref,WoH1-1,WoH1-1-2,2,esm2,-9.46689521203358,-29.1425870797962,39.9497429577007,standard,10-30 cm,9.5-29.1 cm
OregonState,mean,Ref,WoH1-1,WoH1-1-3,3,esm1,-29.1,-48.6,34.0891200000014,standard,30-50 cm,29.1-48.6 cm
OregonState,mean,Ref,WoH1-1,WoH1-1-3,3,esm2,-29.1425870797962,-48.5959662893549,34.7743756912174,standard,30-50 cm,29.1-48.6 cm
OregonState,mean,Ref,WoH1-1,WoH1-1-4,4,esm1,-48.6,-74.6,24.3384200000008,standard,50-75 cm,48.6-74.6 cm
OregonState,mean,Ref,WoH1-1,WoH1-1-4,4,esm2,-48.5959662893549,-74.6626892735373,24.0930541751732,standard,50-75 cm,48.6-74.7 cm
OregonState,mean,Ref,WoH1-1,WoH1-1-5,5,esm1,-74.6,-101.3,7.43389400000294,standard,75-100 cm,74.6-101.3 cm
OregonState,mean,Ref,WoH1-1,WoH1-1-5,5,esm2,-74.6626892735373,-101.274746659602,6.62420633293561,standard,75-100 cm,74.7-101.3 cm
OregonState,mean,Ref,WoH1-2,WoH1-2-1,1,esm1,0,-9.4,41.722362,standard,0-10 cm,0-9.4 cm
OregonState,mean,Ref,WoH1-2,WoH1-2-1,1,esm2,0,-9.46689521203358,42.1895843812116,standard,0-10 cm,0-9.5 cm
OregonState,mean,Ref,WoH1-2,WoH1-2-2,2,esm1,-9.4,-29.1,50.2397159999994,standard,10-30 cm,9.4-29.1 cm
OregonState,mean,Ref,WoH1-2,WoH1-2-2,2,esm2,-9.46689521203358,-29.1425870797962,49.9533490358543,standard,10-30 cm,9.5-29.1 cm
OregonState,mean,Ref,WoH1-2,WoH1-2-3,3,esm1,-29.1,-48.6,14.3769600000005,standard,30-50 cm,29.1-48.6 cm
OregonState,mean,Ref,WoH1-2,WoH1-2-3,3,esm2,-29.1425870797962,-48.5959662893549,15.2810286236963,standard,30-50 cm,29.1-48.6 cm
OregonState,mean,Ref,WoH1-2,WoH1-2-4,4,esm1,-48.6,-74.6,11.0487560000015,standard,50-75 cm,48.6-74.6 cm
OregonState,mean,Ref,WoH1-2,WoH1-2-4,4,esm2,-48.5959662893549,-74.6626892735373,9.98493934307378,standard,50-75 cm,48.6-74.7 cm
OregonState,mean,Ref,WoH1-2,WoH1-2-5,5,esm1,-74.6,-101.3,9.25037699999889,standard,75-100 cm,74.6-101.3 cm
OregonState,mean,Ref,WoH1-2,WoH1-2-5,5,esm2,-74.6626892735373,-101.274746659602,9.22146442718729,standard,75-100 cm,74.7-101.3 cm
OregonState,mean,Ref,WoH1-3,WoH1-3-1,1,esm1,0,-9.4,35.483778,standard,0-10 cm,0-9.4 cm
OregonState,mean,Ref,WoH1-3,WoH1-3-1,1,esm2,0,-9.46689521203358,35.9837711735131,standard,0-10 cm,0-9.5 cm
OregonState,mean,Ref,WoH1-3,WoH1-3-2,2,esm1,-9.4,-29.1,24.1516239999999,standard,10-30 cm,9.4-29.1 cm
OregonState,mean,Ref,WoH1-3,WoH1-3-2,2,esm2,-9.46689521203358,-29.1425870797962,23.6858338630226,standard,10-30 cm,9.5-29.1 cm
OregonState,mean,Ref,WoH1-3,WoH1-3-3,3,esm1,-29.1,-48.6,10.0526400000002,standard,30-50 cm,29.1-48.6 cm
OregonState,mean,Ref,WoH1-3,WoH1-3-3,3,esm2,-29.1425870797962,-48.5959662893549,10.1558628047622,standard,30-50 cm,29.1-48.6 cm
OregonState,mean,Ref,WoH1-3,WoH1-3-4,4,esm1,-48.6,-74.6,10.5811959999992,standard,50-75 cm,48.6-74.6 cm
OregonState,mean,Ref,WoH1-3,WoH1-3-4,4,esm2,-48.5959662893549,-74.6626892735373,10.5620847140985,standard,50-75 cm,48.6-74.7 cm
OregonState,mean,Ref,WoH1-3,WoH1-3-5,5,esm1,-74.6,-101.3,6.06540099999975,standard,75-100 cm,74.6-101.3 cm
OregonState,mean,Ref,WoH1-3,WoH1-3-5,5,esm2,-74.6626892735373,-101.274746659602,5.78115788426061,standard,75-100 cm,74.7-101.3 cm
OregonState,mean,Ref,WoH2-1,WoH2-1-1,1,esm1,0,-7.7,48.7496460000001,standard,0-10 cm,0-7.7 cm
OregonState,mean,Ref,WoH2-1,WoH2-1-1,1,esm2,0,-7.72069201080526,50.6362992412346,standard,0-10 cm,0-7.7 cm
OregonState,mean,Ref,WoH2-1,WoH2-1-2,2,esm1,-7.7,-27.4,39.5174519999998,standard,10-30 cm,7.7-27.4 cm
OregonState,mean,Ref,WoH2-1,WoH2-1-2,2,esm2,-7.72069201080526,-26.8820479508649,39.3773477762666,standard,10-30 cm,7.7-26.9 cm
OregonState,mean,Ref,WoH2-1,WoH2-1-3,3,esm1,-27.4,-47.9,36.3097499999997,standard,30-50 cm,27.4-47.9 cm
OregonState,mean,Ref,WoH2-1,WoH2-1-3,3,esm2,-26.8820479508649,-47.9924153170812,35.7971279808505,standard,30-50 cm,26.9-48 cm
OregonState,mean,Ref,WoH2-1,WoH2-1-4,4,esm1,-47.9,-73.9,18.8011200000021,standard,50-75 cm,47.9-73.9 cm
OregonState,mean,Ref,WoH2-1,WoH2-1-4,4,esm2,-47.9924153170812,-73.8464839968846,18.9265192762191,standard,50-75 cm,48-73.8 cm
OregonState,mean,Ref,WoH2-1,WoH2-1-5,5,esm1,-73.9,-102.4,12.9258479999971,standard,75-100 cm,73.9-102.4 cm
OregonState,mean,Ref,WoH2-1,WoH2-1-5,5,esm2,-73.8464839968846,-102.682466318081,11.9062828849803,standard,75-100 cm,73.8-102.7 cm
OregonState,mean,Ref,WoH2-2,WoH2-2-1,1,esm1,0,-7.7,27.339052,standard,0-10 cm,0-7.7 cm
OregonState,mean,Ref,WoH2-2,WoH2-2-1,1,esm2,0,-7.72069201080526,28.0655538632513,standard,0-10 cm,0-7.7 cm
OregonState,mean,Ref,WoH2-2,WoH2-2-2,2,esm1,-7.7,-27.4,35.885726,standard,10-30 cm,7.7-27.4 cm
OregonState,mean,Ref,WoH2-2,WoH2-2-2,2,esm2,-7.72069201080526,-26.8820479508649,36.7333619022449,standard,10-30 cm,7.7-26.9 cm
OregonState,mean,Ref,WoH2-2,WoH2-2-3,3,esm1,-27.4,-47.9,34.3414980000012,standard,30-50 cm,27.4-47.9 cm
OregonState,mean,Ref,WoH2-2,WoH2-2-3,3,esm2,-26.8820479508649,-47.9924153170812,33.7428193594163,standard,30-50 cm,26.9-48 cm
OregonState,mean,Ref,WoH2-2,WoH2-2-4,4,esm1,-47.9,-73.9,23.2502399999984,standard,50-75 cm,47.9-73.9 cm
OregonState,mean,Ref,WoH2-2,WoH2-2-4,4,esm2,-47.9924153170812,-73.8464839968846,23.6314645791734,standard,50-75 cm,48-73.8 cm
OregonState,mean,Ref,WoH2-2,WoH2-2-5,5,esm1,-73.9,-102.4,13.4429759999988,standard,75-100 cm,73.9-102.4 cm
OregonState,mean,Ref,WoH2-2,WoH2-2-5,5,esm2,-73.8464839968846,-102.682466318081,11.9193831875152,standard,75-100 cm,73.8-102.7 cm
OregonState,mean,Ref,WoH2-3,WoH2-3-1,1,esm1,0,-7.7,23.961958,standard,0-10 cm,0-7.7 cm
OregonState,mean,Ref,WoH2-3,WoH2-3-1,1,esm2,0,-7.72069201080526,24.4438122098118,standard,0-10 cm,0-7.7 cm
OregonState,mean,Ref,WoH2-3,WoH2-3-2,2,esm1,-7.7,-27.4,32.7122339999999,standard,10-30 cm,7.7-27.4 cm
OregonState,mean,Ref,WoH2-3,WoH2-3-2,2,esm2,-7.72069201080526,-26.8820479508649,36.379432606717,standard,10-30 cm,7.7-26.9 cm
OregonState,mean,Ref,WoH2-3,WoH2-3-3,3,esm1,-27.4,-47.9,30.115818000001,standard,30-50 cm,27.4-47.9 cm
OregonState,mean,Ref,WoH2-3,WoH2-3-3,3,esm2,-26.8820479508649,-47.9924153170812,26.7276510713971,standard,30-50 cm,26.9-48 cm
OregonState,mean,Ref,WoH2-3,WoH2-3-4,4,esm1,-47.9,-73.9,16.6842000000011,standard,50-75 cm,47.9-73.9 cm
OregonState,mean,Ref,WoH2-3,WoH2-3-4,4,esm2,-47.9924153170812,-73.8464839968846,16.8333882227818,standard,50-75 cm,48-73.8 cm
OregonState,mean,Ref,WoH2-3,WoH2-3-5,5,esm1,-73.9,-102.4,12.1308659999996,standard,75-100 cm,73.9-102.4 cm
OregonState,mean,Ref,WoH2-3,WoH2-3-5,5,esm2,-73.8464839968846,-102.682466318081,11.4128695484012,standard,75-100 cm,73.8-102.7 cm
OregonState,mean,Ref,WoH3-1,WoH3-1-1,1,esm1,0,-8.7,19.494032,standard,0-10 cm,0-8.7 cm
OregonState,mean,Ref,WoH3-1,WoH3-1-1,1,esm2,0,-8.85819733854651,19.9712491478501,standard,0-10 cm,0-8.9 cm
OregonState,mean,Ref,WoH3-1,WoH3-1-2,2,esm1,-8.7,-26.7,20.5330619999998,standard,10-30 cm,8.7-26.7 cm
OregonState,mean,Ref,WoH3-1,WoH3-1-2,2,esm2,-8.85819733854651,-26.1936018736975,25.6495837633298,standard,10-30 cm,8.9-26.2 cm
OregonState,mean,Ref,WoH3-1,WoH3-1-3,3,esm1,-26.7,-45.1,19.4707859999994,standard,30-50 cm,26.7-45.1 cm
OregonState,mean,Ref,WoH3-1,WoH3-1-3,3,esm2,-26.1936018736975,-45.1181131579979,13.9037186698667,standard,30-50 cm,26.2-45.1 cm
OregonState,mean,Ref,WoH3-1,WoH3-1-4,4,esm1,-45.1,-70.7,10.1068799999994,standard,50-75 cm,45.1-70.7 cm
OregonState,mean,Ref,WoH3-1,WoH3-1-4,4,esm2,-45.1181131579979,-70.4828325520683,11.7136878398811,standard,50-75 cm,45.1-70.5 cm
OregonState,mean,Ref,WoH3-1,WoH3-1-5,5,esm1,-70.7,-96.7,10.0591509999994,standard,75-100 cm,70.7-96.7 cm
OregonState,mean,Ref,WoH3-1,WoH3-1-5,5,esm2,-70.4828325520683,-96.7975435256095,8.45877979547467,standard,75-100 cm,70.5-96.8 cm
OregonState,mean,Ref,WoH3-2,WoH3-2-1,1,esm1,0,-8.7,34.88298,standard,0-10 cm,0-8.7 cm
OregonState,mean,Ref,WoH3-2,WoH3-2-1,1,esm2,0,-8.85819733854651,35.897535398828,standard,0-10 cm,0-8.9 cm
OregonState,mean,Ref,WoH3-2,WoH3-2-2,2,esm1,-8.7,-26.7,21.6606839999994,standard,10-30 cm,8.7-26.7 cm
OregonState,mean,Ref,WoH3-2,WoH3-2-2,2,esm2,-8.85819733854651,-26.1936018736975,32.5903240037397,standard,10-30 cm,8.9-26.2 cm
OregonState,mean,Ref,WoH3-2,WoH3-2-3,3,esm1,-26.7,-45.1,18.6240959999994,standard,30-50 cm,26.7-45.1 cm
OregonState,mean,Ref,WoH3-2,WoH3-2-3,3,esm2,-26.1936018736975,-45.1181131579979,6.66969305644879,standard,30-50 cm,26.2-45.1 cm
OregonState,mean,Ref,WoH3-2,WoH3-2-4,4,esm1,-45.1,-70.7,8.38655999999901,standard,50-75 cm,45.1-70.7 cm
OregonState,mean,Ref,WoH3-2,WoH3-2-4,4,esm2,-45.1181131579979,-70.4828325520683,7.47846453325621,standard,50-75 cm,45.1-70.5 cm
OregonState,mean,Ref,WoH3-2,WoH3-2-5,5,esm1,-70.7,-96.7,8.51125899999906,standard,75-100 cm,70.7-96.7 cm
OregonState,mean,Ref,WoH3-2,WoH3-2-5,5,esm2,-70.4828325520683,-96.7975435256095,9.47191410166852,standard,75-100 cm,70.5-96.8 cm
OregonState,mean,Ref,WoH3-3,WoH3-3-1,1,esm1,0,-8.7,43.687044,standard,0-10 cm,0-8.7 cm
OregonState,mean,Ref,WoH3-3,WoH3-3-1,1,esm2,0,-8.85819733854651,45.0696420904661,standard,0-10 cm,0-8.9 cm
OregonState,mean,Ref,WoH3-3,WoH3-3-2,2,esm1,-8.7,-26.7,34.3814550000005,standard,10-30 cm,8.7-26.7 cm
OregonState,mean,Ref,WoH3-3,WoH3-3-2,2,esm2,-8.85819733854651,-26.1936018736975,41.3236832857452,standard,10-30 cm,8.9-26.2 cm
OregonState,mean,Ref,WoH3-3,WoH3-3-3,3,esm1,-26.7,-45.1,32.2247510000005,standard,30-50 cm,26.7-45.1 cm
OregonState,mean,Ref,WoH3-3,WoH3-3-3,3,esm2,-26.1936018736975,-45.1181131579979,23.9578977219414,standard,30-50 cm,26.2-45.1 cm
OregonState,mean,Ref,WoH3-3,WoH3-3-4,4,esm1,-45.1,-70.7,13.7983999999997,standard,50-75 cm,45.1-70.7 cm
OregonState,mean,Ref,WoH3-3,WoH3-3-4,4,esm2,-45.1181131579979,-70.4828325520683,17.8841855332908,standard,50-75 cm,45.1-70.5 cm
OregonState,mean,Ref,WoH3-3,WoH3-3-5,5,esm1,-70.7,-96.7,13.4994099999997,standard,75-100 cm,70.7-96.7 cm
OregonState,mean,Ref,WoH3-3,WoH3-3-5,5,esm2,-70.4828325520683,-96.7975435256095,9.39688803169199,standard,75-100 cm,70.5-96.8 cm
OregonState,mean,SHM,WoNT1-1,WoNT1-1-1,1,esm1,0,-9.5,35.55834,standard,0-10 cm,0-9.5 cm
OregonState,mean,SHM,WoNT1-1,WoNT1-1-1,1,esm2,0,-9.56943355494847,35.9128178147865,standard,0-10 cm,0-9.6 cm
OregonState,mean,SHM,WoNT1-1,WoNT1-1-2,2,esm1,-9.5,-29.8,43.4650920000002,standard,10-30 cm,9.5-29.8 cm
OregonState,mean,SHM,WoNT1-1,WoNT1-1-2,2,esm2,-9.56943355494847,-29.7960536088198,45.4595581268819,standard,10-30 cm,9.6-29.8 cm
OregonState,mean,SHM,WoNT1-1,WoNT1-1-3,3,esm1,-29.8,-50.5,26.7298630000002,standard,30-50 cm,29.8-50.5 cm
OregonState,mean,SHM,WoNT1-1,WoNT1-1-3,3,esm2,-29.7960536088198,-50.8318495479535,26.9437118385801,standard,30-50 cm,29.8-50.8 cm
OregonState,mean,SHM,WoNT1-1,WoNT1-1-4,4,esm1,-50.5,-76.4,26.7516750000005,standard,50-75 cm,50.5-76.4 cm
OregonState,mean,SHM,WoNT1-1,WoNT1-1-4,4,esm2,-50.8318495479535,-76.6383331121473,24.8989821782525,standard,50-75 cm,50.8-76.6 cm
OregonState,mean,SHM,WoNT1-1,WoNT1-1-5,5,esm1,-76.4,-100.1,16.4871200000023,standard,75-100 cm,76.4-100.1 cm
OregonState,mean,SHM,WoNT1-1,WoNT1-1-5,5,esm2,-76.6383331121473,-100.197544262357,15.8588244540636,standard,75-100 cm,76.6-100.2 cm
OregonState,mean,SHM,WoNT1-2,WoNT1-2-1,1,esm1,0,-9.5,34.59066,standard,0-10 cm,0-9.5 cm
OregonState,mean,SHM,WoNT1-2,WoNT1-2-1,1,esm2,0,-9.56943355494847,34.9497612196612,standard,0-10 cm,0-9.6 cm
OregonState,mean,SHM,WoNT1-2,WoNT1-2-2,2,esm1,-9.5,-29.8,36.6977159999998,standard,10-30 cm,9.5-29.8 cm
OregonState,mean,SHM,WoNT1-2,WoNT1-2-2,2,esm2,-9.56943355494847,-29.7960536088198,39.1908229810621,standard,10-30 cm,9.6-29.8 cm
OregonState,mean,SHM,WoNT1-2,WoNT1-2-3,3,esm1,-29.8,-50.5,19.4197840000001,standard,30-50 cm,29.8-50.5 cm
OregonState,mean,SHM,WoNT1-2,WoNT1-2-3,3,esm2,-29.7960536088198,-50.8318495479535,17.5300224491165,standard,30-50 cm,29.8-50.8 cm
OregonState,mean,SHM,WoNT1-2,WoNT1-2-4,4,esm1,-50.5,-76.4,19.6937999999996,standard,50-75 cm,50.5-76.4 cm
OregonState,mean,SHM,WoNT1-2,WoNT1-2-4,4,esm2,-50.8318495479535,-76.6383331121473,18.8277555970494,standard,50-75 cm,50.8-76.6 cm
OregonState,mean,SHM,WoNT1-2,WoNT1-2-5,5,esm1,-76.4,-100.1,17.797319999999,standard,75-100 cm,76.4-100.1 cm
OregonState,mean,SHM,WoNT1-2,WoNT1-2-5,5,esm2,-76.6383331121473,-100.197544262357,17.8083578753388,standard,75-100 cm,76.6-100.2 cm
OregonState,mean,SHM,WoNT1-3,WoNT1-3-1,1,esm1,0,-9.5,30.82584,standard,0-10 cm,0-9.5 cm
OregonState,mean,SHM,WoNT1-3,WoNT1-3-1,1,esm2,0,-9.56943355494847,31.1175359738791,standard,0-10 cm,0-9.6 cm
OregonState,mean,SHM,WoNT1-3,WoNT1-3-2,2,esm1,-9.5,-29.8,41.4221280000001,standard,10-30 cm,9.5-29.8 cm
OregonState,mean,SHM,WoNT1-3,WoNT1-3-2,2,esm2,-9.56943355494847,-29.7960536088198,43.1568164285706,standard,10-30 cm,9.6-29.8 cm
OregonState,mean,SHM,WoNT1-3,WoNT1-3-3,3,esm1,-29.8,-50.5,20.2186869999997,standard,30-50 cm,29.8-50.5 cm
OregonState,mean,SHM,WoNT1-3,WoNT1-3-3,3,esm2,-29.7960536088198,-50.8318495479535,21.7937863295688,standard,30-50 cm,29.8-50.8 cm
OregonState,mean,SHM,WoNT1-3,WoNT1-3-4,4,esm1,-50.5,-76.4,19.5234750000003,standard,50-75 cm,50.5-76.4 cm
OregonState,mean,SHM,WoNT1-3,WoNT1-3-4,4,esm2,-50.8318495479535,-76.6383331121473,15.775411795154,standard,50-75 cm,50.8-76.6 cm
OregonState,mean,SHM,WoNT1-3,WoNT1-3-5,5,esm1,-76.4,-100.1,16.5817140000005,standard,75-100 cm,76.4-100.1 cm
OregonState,mean,SHM,WoNT1-3,WoNT1-3-5,5,esm2,-76.6383331121473,-100.197544262357,16.8141440557389,standard,75-100 cm,76.6-100.2 cm
OregonState,mean,SHM,WoNT2-1,WoNT2-1-1,1,esm1,0,-9.2,29.289554,standard,0-10 cm,0-9.2 cm
OregonState,mean,SHM,WoNT2-1,WoNT2-1-1,1,esm2,0,-9.2769192637924,29.5916701112085,standard,0-10 cm,0-9.3 cm
OregonState,mean,SHM,WoNT2-1,WoNT2-1-2,2,esm1,-9.2,-27.6,47.9504959999995,standard,10-30 cm,9.2-27.6 cm
OregonState,mean,SHM,WoNT2-1,WoNT2-1-2,2,esm2,-9.2769192637924,-27.5665246800541,49.522912415997,standard,10-30 cm,9.3-27.6 cm
OregonState,mean,SHM,WoNT2-1,WoNT2-1-3,3,esm1,-27.6,-47.1,34.0405289999997,standard,30-50 cm,27.6-47.1 cm
OregonState,mean,SHM,WoNT2-1,WoNT2-1-3,3,esm2,-27.5665246800541,-46.9656822137763,35.721327671203,standard,30-50 cm,27.6-47 cm
OregonState,mean,SHM,WoNT2-1,WoNT2-1-4,4,esm1,-47.1,-73.1,29.4783809999983,standard,50-75 cm,47.1-73.1 cm
OregonState,mean,SHM,WoNT2-1,WoNT2-1-4,4,esm2,-46.9656822137763,-73.0638923749078,26.6192143716128,standard,50-75 cm,47-73.1 cm
OregonState,mean,SHM,WoNT2-1,WoNT2-1-5,5,esm1,-73.1,-101.3,14.2934499999985,standard,75-100 cm,73.1-101.3 cm
OregonState,mean,SHM,WoNT2-1,WoNT2-1-5,5,esm2,-73.0638923749078,-101.365755340722,13.3880547999817,standard,75-100 cm,73.1-101.4 cm
OregonState,mean,SHM,WoNT2-2,WoNT2-2-1,1,esm1,0,-9.2,26.55142,standard,0-10 cm,0-9.2 cm
OregonState,mean,SHM,WoNT2-2,WoNT2-2-1,1,esm2,0,-9.2769192637924,26.7319617810099,standard,0-10 cm,0-9.3 cm
OregonState,mean,SHM,WoNT2-2,WoNT2-2-2,2,esm1,-9.2,-27.6,50.0024800000002,standard,10-30 cm,9.2-27.6 cm
OregonState,mean,SHM,WoNT2-2,WoNT2-2-2,2,esm2,-9.2769192637924,-27.5665246800541,52.4798875420477,standard,10-30 cm,9.3-27.6 cm
OregonState,mean,SHM,WoNT2-2,WoNT2-2-3,3,esm1,-27.6,-47.1,31.9957559999991,standard,30-50 cm,27.6-47.1 cm
OregonState,mean,SHM,WoNT2-2,WoNT2-2-3,3,esm2,-27.5665246800541,-46.9656822137763,33.3817139863987,standard,30-50 cm,27.6-47 cm
OregonState,mean,SHM,WoNT2-2,WoNT2-2-4,4,esm1,-47.1,-73.1,24.6828239999982,standard,50-75 cm,47.1-73.1 cm
OregonState,mean,SHM,WoNT2-2,WoNT2-2-4,4,esm2,-46.9656822137763,-73.0638923749078,21.2190332554691,standard,50-75 cm,47-73.1 cm
OregonState,mean,SHM,WoNT2-2,WoNT2-2-5,5,esm1,-73.1,-101.3,10.7713559999976,standard,75-100 cm,73.1-101.3 cm
OregonState,mean,SHM,WoNT2-2,WoNT2-2-5,5,esm2,-73.0638923749078,-101.365755340722,10.0449324690364,standard,75-100 cm,73.1-101.4 cm
OregonState,mean,SHM,WoNT2-3,WoNT2-3-1,1,esm1,0,-9.2,23.102702,standard,0-10 cm,0-9.2 cm
OregonState,mean,SHM,WoNT2-3,WoNT2-3-1,1,esm2,0,-9.2769192637924,23.3003377140595,standard,0-10 cm,0-9.3 cm
OregonState,mean,SHM,WoNT2-3,WoNT2-3-2,2,esm1,-9.2,-27.6,48.723048,standard,10-30 cm,9.2-27.6 cm
OregonState,mean,SHM,WoNT2-3,WoNT2-3-2,2,esm2,-9.2769192637924,-27.5665246800541,49.0883538875461,standard,10-30 cm,9.3-27.6 cm
OregonState,mean,SHM,WoNT2-3,WoNT2-3-3,3,esm1,-27.6,-47.1,32.963292,standard,30-50 cm,27.6-47.1 cm
OregonState,mean,SHM,WoNT2-3,WoNT2-3-3,3,esm2,-27.5665246800541,-46.9656822137763,37.2489087041735,standard,30-50 cm,27.6-47 cm
OregonState,mean,SHM,WoNT2-3,WoNT2-3-4,4,esm1,-47.1,-73.1,27.1851780000003,standard,50-75 cm,47.1-73.1 cm
OregonState,mean,SHM,WoNT2-3,WoNT2-3-4,4,esm2,-46.9656822137763,-73.0638923749078,22.8457344151636,standard,50-75 cm,47-73.1 cm
OregonState,mean,SHM,WoNT2-3,WoNT2-3-5,5,esm1,-73.1,-101.3,12.3982979999973,standard,75-100 cm,73.1-101.3 cm
OregonState,mean,SHM,WoNT2-3,WoNT2-3-5,5,esm2,-73.0638923749078,-101.365755340722,11.6234152460138,standard,75-100 cm,73.1-101.4 cm
OregonState,mean,SHM,WoNT3-1,WoNT3-1-1,1,esm1,0,-9.6,31.8998399999999,standard,0-10 cm,0-9.6 cm
OregonState,mean,SHM,WoNT3-1,WoNT3-1-1,1,esm2,0,-9.61260651902735,32.0427240611102,standard,0-10 cm,0-9.6 cm
OregonState,mean,SHM,WoNT3-1,WoNT3-1-2,2,esm1,-9.6,-29.2,32.0474600000004,standard,10-30 cm,9.6-29.2 cm
OregonState,mean,SHM,WoNT3-1,WoNT3-1-2,2,esm2,-9.61260651902735,-29.630587604034,40.0000545682208,standard,10-30 cm,9.6-29.6 cm
OregonState,mean,SHM,WoNT3-1,WoNT3-1-3,3,esm1,-29.2,-48.4,13.8758400000006,standard,30-50 cm,29.2-48.4 cm
OregonState,mean,SHM,WoNT3-1,WoNT3-1-3,3,esm2,-29.630587604034,-48.8771199271115,16.9557413538952,standard,30-50 cm,29.6-48.9 cm
OregonState,mean,SHM,WoNT3-1,WoNT3-1-4,4,esm1,-48.4,-73.1,16.5500850000007,standard,50-75 cm,48.4-73.1 cm
OregonState,mean,SHM,WoNT3-1,WoNT3-1-4,4,esm2,-48.8771199271115,-73.0108674160597,4.70040163515037,standard,50-75 cm,48.9-73 cm
OregonState,mean,SHM,WoNT3-1,WoNT3-1-5,5,esm1,-73.1,-99,7.85158500000043,standard,75-100 cm,73.1-99 cm
OregonState,mean,SHM,WoNT3-1,WoNT3-1-5,5,esm2,-73.0108674160597,-98.9485928156348,8.11213770258689,standard,75-100 cm,73-98.9 cm
OregonState,mean,SHM,WoNT3-2,WoNT3-2-1,1,esm1,0,-9.6,30.016038000000002,standard,0-10 cm,0-9.6 cm
OregonState,mean,SHM,WoNT3-2,WoNT3-2-1,1,esm2,0,-9.61260651902735,30.1300707477905,standard,0-10 cm,0-9.6 cm
OregonState,mean,SHM,WoNT3-2,WoNT3-2-2,2,esm1,-9.6,-29.2,33.887652,standard,10-30 cm,9.6-29.2 cm
OregonState,mean,SHM,WoNT3-2,WoNT3-2-2,2,esm2,-9.61260651902735,-29.630587604034,42.1565933897818,standard,10-30 cm,9.6-29.6 cm
OregonState,mean,SHM,WoNT3-2,WoNT3-2-3,3,esm1,-29.2,-48.4,16.6790400000009,standard,30-50 cm,29.2-48.4 cm
OregonState,mean,SHM,WoNT3-2,WoNT3-2-3,3,esm2,-29.630587604034,-48.8771199271115,20.0669774240719,standard,30-50 cm,29.6-48.9 cm
OregonState,mean,SHM,WoNT3-2,WoNT3-2-4,4,esm1,-48.4,-73.1,19.7517660000008,standard,50-75 cm,48.4-73.1 cm
OregonState,mean,SHM,WoNT3-2,WoNT3-2-4,4,esm2,-48.8771199271115,-73.0108674160597,7.51282874619091,standard,50-75 cm,48.9-73 cm
OregonState,mean,SHM,WoNT3-2,WoNT3-2-5,5,esm1,-73.1,-99,8.25329399999838,standard,75-100 cm,73.1-99 cm
OregonState,mean,SHM,WoNT3-2,WoNT3-2-5,5,esm2,-73.0108674160597,-98.9485928156348,8.40047806951719,standard,75-100 cm,73-98.9 cm
OregonState,mean,SHM,WoNT3-3,WoNT3-3-1,1,esm1,0,-9.6,27.531556,standard,0-10 cm,0-9.6 cm
OregonState,mean,SHM,WoNT3-3,WoNT3-3-1,1,esm2,0,-9.61260651902735,27.654498532396,standard,0-10 cm,0-9.6 cm
OregonState,mean,SHM,WoNT3-3,WoNT3-3-2,2,esm1,-9.6,-29.2,30.9159160000002,standard,10-30 cm,9.6-29.2 cm
OregonState,mean,SHM,WoNT3-3,WoNT3-3-2,2,esm2,-9.61260651902735,-29.630587604034,35.8940522446021,standard,10-30 cm,9.6-29.6 cm
OregonState,mean,SHM,WoNT3-3,WoNT3-3-3,3,esm1,-29.2,-48.4,18.8094719999999,standard,30-50 cm,29.2-48.4 cm
OregonState,mean,SHM,WoNT3-3,WoNT3-3-3,3,esm2,-29.630587604034,-48.8771199271115,21.6205786356302,standard,30-50 cm,29.6-48.9 cm
OregonState,mean,SHM,WoNT3-3,WoNT3-3-4,4,esm1,-48.4,-73.1,22.170357,standard,50-75 cm,48.4-73.1 cm
OregonState,mean,SHM,WoNT3-3,WoNT3-3-4,4,esm2,-48.8771199271115,-73.0108674160597,14.4838761391623,standard,50-75 cm,48.9-73 cm
OregonState,mean,SHM,WoNT3-3,WoNT3-3-5,5,esm1,-73.1,-99,8.43588900000113,standard,75-100 cm,73.1-99 cm
OregonState,mean,SHM,WoNT3-3,WoNT3-3-5,5,esm2,-73.0108674160597,-98.9485928156348,8.20028108510128,standard,75-100 cm,73-98.9 cm
TexasA&MPt-1,mean,BAU,CVT-1-1,CVT-1-1-1,1,esm1,0,-10.5,1.81655,standard,0-10 cm,0-10.5 cm
TexasA&MPt-1,mean,BAU,CVT-1-1,CVT-1-1-1,1,esm2,0,-10.600829691427201,1.80489262350226,standard,0-10 cm,0-10.6 cm
TexasA&MPt-1,mean,BAU,CVT-1-1,CVT-1-1-2,2,esm1,-10.5,-29.7,4.66751999999997,standard,10-30 cm,10.5-29.7 cm
TexasA&MPt-1,mean,BAU,CVT-1-1,CVT-1-1-2,2,esm2,-10.600829691427201,-30.1706743815845,4.62138096040349,standard,10-30 cm,10.6-30.2 cm
TexasA&MPt-1,mean,BAU,CVT-1-1,CVT-1-1-3,3,esm1,-29.7,-49.2,4.76459000000005,standard,30-50 cm,29.7-49.2 cm
TexasA&MPt-1,mean,BAU,CVT-1-1,CVT-1-1-3,3,esm2,-30.1706743815845,-48.7698152686803,5.06444767059054,standard,30-50 cm,30.2-48.8 cm
TexasA&MPt-1,mean,BAU,CVT-1-1,CVT-1-1-4,4,esm1,-49.2,-74.1,6.09552000000012,standard,50-75 cm,49.2-74.1 cm
TexasA&MPt-1,mean,BAU,CVT-1-1,CVT-1-1-4,4,esm2,-48.7698152686803,-74.1497469681145,5.90476747813076,standard,50-75 cm,48.8-74.1 cm
TexasA&MPt-1,mean,BAU,CVT-1-1,CVT-1-1-5,5,esm1,-74.1,-100.7,4.09331000000038,standard,75-100 cm,74.1-100.7 cm
TexasA&MPt-1,mean,BAU,CVT-1-1,CVT-1-1-5,5,esm2,-74.1497469681145,-100.77730558343,4.00993907710889,standard,75-100 cm,74.1-100.8 cm
TexasA&MPt-1,mean,BAU,CVT-1-2,CVT-1-2-1,1,esm1,0,-9.3,2.07695,standard,0-10 cm,0-9.3 cm
TexasA&MPt-1,mean,BAU,CVT-1-2,CVT-1-2-1,1,esm2,0,-9.41600008199671,2.10703280267696,standard,0-10 cm,0-9.4 cm
TexasA&MPt-1,mean,BAU,CVT-1-2,CVT-1-2-2,2,esm1,-9.3,-29.5,3.88535000000003,standard,10-30 cm,9.3-29.5 cm
TexasA&MPt-1,mean,BAU,CVT-1-2,CVT-1-2-2,2,esm2,-9.41600008199671,-29.5452169021472,3.80940854125971,standard,10-30 cm,9.4-29.5 cm
TexasA&MPt-1,mean,BAU,CVT-1-2,CVT-1-2-3,3,esm1,-29.5,-48.4,5.38075999999997,standard,30-50 cm,29.5-48.4 cm
TexasA&MPt-1,mean,BAU,CVT-1-2,CVT-1-2-3,3,esm2,-29.5452169021472,-49.1923322663931,5.02503357359955,standard,30-50 cm,29.5-49.2 cm
TexasA&MPt-1,mean,BAU,CVT-1-2,CVT-1-2-4,4,esm1,-48.4,-71.7,7.53522000000006,standard,50-75 cm,48.4-71.7 cm
TexasA&MPt-1,mean,BAU,CVT-1-2,CVT-1-2-4,4,esm2,-49.1923322663931,-71.7824064166571,7.96391296578126,standard,50-75 cm,49.2-71.8 cm
TexasA&MPt-1,mean,BAU,CVT-1-2,CVT-1-2-5,5,esm1,-71.7,-96.9,5.76477000000038,standard,75-100 cm,71.7-96.9 cm
TexasA&MPt-1,mean,BAU,CVT-1-2,CVT-1-2-5,5,esm2,-71.7824064166571,-96.7388321492082,5.99668903303852,standard,75-100 cm,71.8-96.7 cm
TexasA&MPt-1,mean,BAU,CVT-1-3,CVT-1-3-1,1,esm1,0,-8.2,2.38264,standard,0-10 cm,0-8.2 cm
TexasA&MPt-1,mean,BAU,CVT-1-3,CVT-1-3-1,1,esm2,0,-8.19112028367366,2.39472256341606,standard,0-10 cm,0-8.2 cm
TexasA&MPt-1,mean,BAU,CVT-1-3,CVT-1-3-2,2,esm1,-8.2,-26.1,4.67618999999998,standard,10-30 cm,8.2-26.1 cm
TexasA&MPt-1,mean,BAU,CVT-1-3,CVT-1-3-2,2,esm2,-8.19112028367366,-27.7358487744463,4.69328526300972,standard,10-30 cm,8.2-27.7 cm
TexasA&MPt-1,mean,BAU,CVT-1-3,CVT-1-3-3,3,esm1,-26.1,-44,4.49817000000007,standard,30-50 cm,26.1-44 cm
TexasA&MPt-1,mean,BAU,CVT-1-3,CVT-1-3-3,3,esm2,-27.7358487744463,-42.9404114992132,4.60430054015378,standard,30-50 cm,27.7-42.9 cm
TexasA&MPt-1,mean,BAU,CVT-1-3,CVT-1-3-4,4,esm1,-44,-67.1,5.3707500000002,standard,50-75 cm,44-67.1 cm
TexasA&MPt-1,mean,BAU,CVT-1-3,CVT-1-3-4,4,esm2,-42.9404114992132,-66.5711219802384,5.31065919413168,standard,50-75 cm,42.9-66.6 cm
TexasA&MPt-1,mean,BAU,CVT-1-3,CVT-1-3-5,5,esm1,-67.1,-91.4,5.47755000000032,standard,75-100 cm,67.1-91.4 cm
TexasA&MPt-1,mean,BAU,CVT-1-3,CVT-1-3-5,5,esm2,-66.5711219802384,-91.5250954446302,5.35530137178749,standard,75-100 cm,66.6-91.5 cm
TexasA&MPt-1,mean,BAU,CVT-2-1,CVT-2-1-1,1,esm1,0,-9.5,2.64220000000001,standard,0-10 cm,0-9.5 cm
TexasA&MPt-1,mean,BAU,CVT-2-1,CVT-2-1-1,1,esm2,0,-9.50659358283898,2.64517744874964,standard,0-10 cm,0-9.5 cm
TexasA&MPt-1,mean,BAU,CVT-2-1,CVT-2-1-2,2,esm1,-9.5,-28.6,5.51279999999999,standard,10-30 cm,9.5-28.6 cm
TexasA&MPt-1,mean,BAU,CVT-2-1,CVT-2-1-2,2,esm2,-9.50659358283898,-29.3816737599013,5.60024412174669,standard,10-30 cm,9.5-29.4 cm
TexasA&MPt-1,mean,BAU,CVT-2-1,CVT-2-1-3,3,esm1,-28.6,-48.1,5.22794000000009,standard,30-50 cm,28.6-48.1 cm
TexasA&MPt-1,mean,BAU,CVT-2-1,CVT-2-1-3,3,esm2,-29.3816737599013,-47.5066711563322,5.29821351623099,standard,30-50 cm,29.4-47.5 cm
TexasA&MPt-1,mean,BAU,CVT-2-1,CVT-2-1-4,4,esm1,-48.1,-73.2,6.46073999999992,standard,50-75 cm,48.1-73.2 cm
TexasA&MPt-1,mean,BAU,CVT-2-1,CVT-2-1-4,4,esm2,-47.5066711563322,-73.2236293220753,6.34379470668877,standard,50-75 cm,47.5-73.2 cm
TexasA&MPt-1,mean,BAU,CVT-2-1,CVT-2-1-5,5,esm1,-73.2,-96.6,5.55012000000002,standard,75-100 cm,73.2-96.6 cm
TexasA&MPt-1,mean,BAU,CVT-2-1,CVT-2-1-5,5,esm2,-73.2236293220753,-96.9411260505048,5.58477974138891,standard,75-100 cm,73.2-96.9 cm
TexasA&MPt-1,mean,BAU,CVT-2-2,CVT-2-2-1,1,esm1,0,-9.7,2.21495,standard,0-10 cm,0-9.7 cm
TexasA&MPt-1,mean,BAU,CVT-2-2,CVT-2-2-1,1,esm2,0,-9.77898974659543,2.23168069451811,standard,0-10 cm,0-9.8 cm
TexasA&MPt-1,mean,BAU,CVT-2-2,CVT-2-2-2,2,esm1,-9.7,-31,4.95525000000002,standard,10-30 cm,9.7-31 cm
TexasA&MPt-1,mean,BAU,CVT-2-2,CVT-2-2-2,2,esm2,-9.77898974659543,-30.7369456789959,4.92034393740279,standard,10-30 cm,9.8-30.7 cm
TexasA&MPt-1,mean,BAU,CVT-2-2,CVT-2-2-3,3,esm1,-31,-51.7,4.8182299999999,standard,30-50 cm,31-51.7 cm
TexasA&MPt-1,mean,BAU,CVT-2-2,CVT-2-2-3,3,esm2,-30.7369456789959,-52.718271576353,5.08314993377599,standard,30-50 cm,30.7-52.7 cm
TexasA&MPt-1,mean,BAU,CVT-2-2,CVT-2-2-4,4,esm1,-51.7,-77.8,5.93980999999982,standard,50-75 cm,51.7-77.8 cm
TexasA&MPt-1,mean,BAU,CVT-2-2,CVT-2-2-4,4,esm2,-52.718271576353,-77.7913283262811,5.77406656976158,standard,50-75 cm,52.7-77.8 cm
TexasA&MPt-1,mean,BAU,CVT-2-2,CVT-2-2-5,5,esm1,-77.8,-103.7,4.7474699999997,standard,75-100 cm,77.8-103.7 cm
TexasA&MPt-1,mean,BAU,CVT-2-2,CVT-2-2-5,5,esm2,-77.7913283262811,-103.840972632545,4.52834554198839,standard,75-100 cm,77.8-103.8 cm
TexasA&MPt-1,mean,BAU,CVT-2-3,CVT-2-3-1,1,esm1,0,-10.4,2.40484,standard,0-10 cm,0-10.4 cm
TexasA&MPt-1,mean,BAU,CVT-2-3,CVT-2-3-1,1,esm2,0,-10.5802045551123,2.41418491472663,standard,0-10 cm,0-10.6 cm
TexasA&MPt-1,mean,BAU,CVT-2-3,CVT-2-3-2,2,esm1,-10.4,-29.2,4.97448000000003,standard,10-30 cm,10.4-29.2 cm
TexasA&MPt-1,mean,BAU,CVT-2-3,CVT-2-3-2,2,esm2,-10.5802045551123,-29.6888298383919,4.91765336871661,standard,10-30 cm,10.6-29.7 cm
TexasA&MPt-1,mean,BAU,CVT-2-3,CVT-2-3-3,3,esm1,-29.2,-47.7,5.05512000000006,standard,30-50 cm,29.2-47.7 cm
TexasA&MPt-1,mean,BAU,CVT-2-3,CVT-2-3-3,3,esm2,-29.6888298383919,-47.4718381160792,5.09941192726427,standard,30-50 cm,29.7-47.5 cm
TexasA&MPt-1,mean,BAU,CVT-2-3,CVT-2-3-4,4,esm1,-47.7,-70.9,6.43103999999991,standard,50-75 cm,47.7-70.9 cm
TexasA&MPt-1,mean,BAU,CVT-2-3,CVT-2-3-4,4,esm2,-47.4718381160792,-70.9421123990837,6.40728970878799,standard,50-75 cm,47.5-70.9 cm
TexasA&MPt-1,mean,BAU,CVT-2-3,CVT-2-3-5,5,esm1,-70.9,-94.8,7.49825999999968,standard,75-100 cm,70.9-94.8 cm
TexasA&MPt-1,mean,BAU,CVT-2-3,CVT-2-3-5,5,esm2,-70.9421123990837,-94.7966086531641,7.38814155178217,standard,75-100 cm,70.9-94.8 cm
TexasA&MPt-1,mean,BAU,CVT-3-1,CVT-3-1-1,1,esm1,0,-7.2,2.20988,standard,0-10 cm,0-7.2 cm
TexasA&MPt-1,mean,BAU,CVT-3-1,CVT-3-1-1,1,esm2,0,-7.34158413367774,2.22521883690273,standard,0-10 cm,0-7.3 cm
TexasA&MPt-1,mean,BAU,CVT-3-1,CVT-3-1-2,2,esm1,-7.2,-25.6,5.86223999999997,standard,10-30 cm,7.2-25.6 cm
TexasA&MPt-1,mean,BAU,CVT-3-1,CVT-3-1-2,2,esm2,-7.34158413367774,-24.6810787127056,5.85172073796727,standard,10-30 cm,7.3-24.7 cm
TexasA&MPt-1,mean,BAU,CVT-3-1,CVT-3-1-3,3,esm1,-25.6,-45.2,4.83858000000003,standard,30-50 cm,25.6-45.2 cm
TexasA&MPt-1,mean,BAU,CVT-3-1,CVT-3-1-3,3,esm2,-24.6810787127056,-45.9383659336358,5.53047162421059,standard,30-50 cm,24.7-45.9 cm
TexasA&MPt-1,mean,BAU,CVT-3-1,CVT-3-1-4,4,esm1,-45.2,-69.9,4.65595000000012,standard,50-75 cm,45.2-69.9 cm
TexasA&MPt-1,mean,BAU,CVT-3-1,CVT-3-1-4,4,esm2,-45.9383659336358,-70.1477678254417,4.22878003254911,standard,50-75 cm,45.9-70.1 cm
TexasA&MPt-1,mean,BAU,CVT-3-1,CVT-3-1-5,5,esm1,-69.9,-94.9,3.86675000000032,standard,75-100 cm,69.9-94.9 cm
TexasA&MPt-1,mean,BAU,CVT-3-1,CVT-3-1-5,5,esm2,-70.1477678254417,-94.8375221220346,3.5384764127106,standard,75-100 cm,70.1-94.8 cm
TexasA&MPt-1,mean,BAU,CVT-3-2,CVT-3-2-1,1,esm1,0,-10.6,3.70478,standard,0-10 cm,0-10.6 cm
TexasA&MPt-1,mean,BAU,CVT-3-2,CVT-3-2-1,1,esm2,0,-10.9543764094079,3.8370763618172,standard,0-10 cm,0-11 cm
TexasA&MPt-1,mean,BAU,CVT-3-2,CVT-3-2-2,2,esm1,-10.6,-28.5,6.06451999999998,standard,10-30 cm,10.6-28.5 cm
TexasA&MPt-1,mean,BAU,CVT-3-2,CVT-3-2-2,2,esm2,-10.9543764094079,-29.4705469157288,6.27163956066608,standard,10-30 cm,11-29.5 cm
TexasA&MPt-1,mean,BAU,CVT-3-2,CVT-3-2-3,3,esm1,-28.5,-47.1,6.16858000000008,standard,30-50 cm,28.5-47.1 cm
TexasA&MPt-1,mean,BAU,CVT-3-2,CVT-3-2-3,3,esm2,-29.4705469157288,-46.2110282071583,5.78574223425885,standard,30-50 cm,29.5-46.2 cm
TexasA&MPt-1,mean,BAU,CVT-3-2,CVT-3-2-4,4,esm1,-47.1,-71.2,7.89997999999974,standard,50-75 cm,47.1-71.2 cm
TexasA&MPt-1,mean,BAU,CVT-3-2,CVT-3-2-4,4,esm2,-46.2110282071583,-71.0565131387084,8.1058954250838,standard,50-75 cm,46.2-71.1 cm
TexasA&MPt-1,mean,BAU,CVT-3-2,CVT-3-2-5,5,esm1,-71.2,-96.1,4.94236000000019,standard,75-100 cm,71.2-96.1 cm
TexasA&MPt-1,mean,BAU,CVT-3-2,CVT-3-2-5,5,esm2,-71.0565131387084,-96.2576099142068,5.14562623960381,standard,75-100 cm,71.1-96.3 cm
TexasA&MPt-1,mean,BAU,CVT-3-3,CVT-3-3-1,1,esm1,0,-8.6,3.13172,standard,0-10 cm,0-8.6 cm
TexasA&MPt-1,mean,BAU,CVT-3-3,CVT-3-3-1,1,esm2,0,-8.64296343162816,3.14776572876854,standard,0-10 cm,0-8.6 cm
TexasA&MPt-1,mean,BAU,CVT-3-3,CVT-3-3-2,2,esm1,-8.6,-26.6,5.02909999999995,standard,10-30 cm,8.6-26.6 cm
TexasA&MPt-1,mean,BAU,CVT-3-3,CVT-3-3-2,2,esm2,-8.64296343162816,-27.3156917898592,5.78858322334253,standard,10-30 cm,8.6-27.3 cm
TexasA&MPt-1,mean,BAU,CVT-3-3,CVT-3-3-3,3,esm1,-26.6,-45.6,5.51579999999995,standard,30-50 cm,26.6-45.6 cm
TexasA&MPt-1,mean,BAU,CVT-3-3,CVT-3-3-3,3,esm2,-27.3156917898592,-44.7203374210734,4.05333388012186,standard,30-50 cm,27.3-44.7 cm
TexasA&MPt-1,mean,BAU,CVT-3-3,CVT-3-3-4,4,esm1,-45.6,-71,7.87908000000028,standard,50-75 cm,45.6-71 cm
TexasA&MPt-1,mean,BAU,CVT-3-3,CVT-3-3-4,4,esm2,-44.7203374210734,-70.8540024958034,8.54412533432746,standard,50-75 cm,44.7-70.9 cm
TexasA&MPt-1,mean,BAU,CVT-3-3,CVT-3-3-5,5,esm1,-71,-96.9,5.87264999999977,standard,75-100 cm,71-96.9 cm
TexasA&MPt-1,mean,BAU,CVT-3-3,CVT-3-3-5,5,esm2,-70.8540024958034,-97.0522294652302,6.19874421880805,standard,75-100 cm,70.9-97.1 cm
TexasA&MPt-1,mean,Ref,NAT-1-1,NAT-1-1-1,1,esm1,0,-7.7,5.35248,standard,0-10 cm,0-7.7 cm
TexasA&MPt-1,mean,Ref,NAT-1-1,NAT-1-1-1,1,esm2,0,-7.7483220257603,5.52705281987743,standard,0-10 cm,0-7.7 cm
TexasA&MPt-1,mean,Ref,NAT-1-1,NAT-1-1-2,2,esm1,-7.7,-24.6,5.08799999999996,standard,10-30 cm,7.7-24.6 cm
TexasA&MPt-1,mean,Ref,NAT-1-1,NAT-1-1-2,2,esm2,-7.7483220257603,-24.6417724772357,4.96689865671592,standard,10-30 cm,7.7-24.6 cm
TexasA&MPt-1,mean,Ref,NAT-1-1,NAT-1-1-3,3,esm1,-24.6,-42,6.1135199999999,standard,30-50 cm,24.6-42 cm
TexasA&MPt-1,mean,Ref,NAT-1-1,NAT-1-1-3,3,esm2,-24.6417724772357,-41.8118974826834,5.41164191190684,standard,30-50 cm,24.6-41.8 cm
TexasA&MPt-1,mean,Ref,NAT-1-1,NAT-1-1-4,4,esm1,-42,-64.4,8.60159999999985,standard,50-75 cm,42-64.4 cm
TexasA&MPt-1,mean,Ref,NAT-1-1,NAT-1-1-4,4,esm2,-41.8118974826834,-64.3336268824337,9.1026267160787,standard,50-75 cm,41.8-64.3 cm
TexasA&MPt-1,mean,Ref,NAT-1-1,NAT-1-1-5,5,esm1,-64.4,-87.5,7.92014999999976,standard,75-100 cm,64.4-87.5 cm
TexasA&MPt-1,mean,Ref,NAT-1-1,NAT-1-1-5,5,esm2,-64.3336268824337,-87.5304140069527,8.67728342288352,standard,75-100 cm,64.3-87.5 cm
TexasA&MPt-1,mean,Ref,NAT-2-2,NAT-2-2-1,1,esm1,0,-7.2,4.3635,standard,0-10 cm,0-7.2 cm
TexasA&MPt-1,mean,Ref,NAT-2-2,NAT-2-2-1,1,esm2,0,-7.1954179107122,4.51138296433728,standard,0-10 cm,0-7.2 cm
TexasA&MPt-1,mean,Ref,NAT-2-2,NAT-2-2-2,2,esm1,-7.2,-27.9,5.28893999999994,standard,10-30 cm,7.2-27.9 cm
TexasA&MPt-1,mean,Ref,NAT-2-2,NAT-2-2-2,2,esm2,-7.1954179107122,-27.9505919426729,5.16129626940265,standard,10-30 cm,7.2-28 cm
TexasA&MPt-1,mean,Ref,NAT-2-2,NAT-2-2-3,3,esm1,-27.9,-45,6.85506000000005,standard,30-50 cm,27.9-45 cm
TexasA&MPt-1,mean,Ref,NAT-2-2,NAT-2-2-3,3,esm2,-27.9505919426729,-47.3018547790851,5.9263971564455,standard,30-50 cm,28-47.3 cm
TexasA&MPt-1,mean,Ref,NAT-2-2,NAT-2-2-4,4,esm1,-45,-66.1,8.96750000000009,standard,50-75 cm,45-66.1 cm
TexasA&MPt-1,mean,Ref,NAT-2-2,NAT-2-2-4,4,esm2,-47.3018547790851,-66.4481033459644,9.60887196958294,standard,50-75 cm,47.3-66.4 cm
TexasA&MPt-1,mean,Ref,NAT-2-2,NAT-2-2-5,5,esm1,-66.1,-89.8,10.5675000000004,standard,75-100 cm,66.1-89.8 cm
TexasA&MPt-1,mean,Ref,NAT-2-2,NAT-2-2-5,5,esm2,-66.4481033459644,-88.4082931960358,10.831233310568,standard,75-100 cm,66.4-88.4 cm
TexasA&MPt-1,mean,Ref,NAT-3-3,NAT-3-3-1,1,esm1,0,-6.8,5.5788,standard,0-10 cm,0-6.8 cm
TexasA&MPt-1,mean,Ref,NAT-3-3,NAT-3-3-1,1,esm2,0,-6.84394986988332,5.73101581738107,standard,0-10 cm,0-6.8 cm
TexasA&MPt-1,mean,Ref,NAT-3-3,NAT-3-3-2,2,esm1,-6.8,-24.4,6.23711999999998,standard,10-30 cm,6.8-24.4 cm
TexasA&MPt-1,mean,Ref,NAT-3-3,NAT-3-3-2,2,esm2,-6.84394986988332,-24.5939370320083,6.35040301251917,standard,10-30 cm,6.8-24.6 cm
TexasA&MPt-1,mean,Ref,NAT-3-3,NAT-3-3-3,3,esm1,-24.4,-41.7,4.92815999999999,standard,30-50 cm,24.4-41.7 cm
TexasA&MPt-1,mean,Ref,NAT-3-3,NAT-3-3-3,3,esm2,-24.5939370320083,-41.7175266448226,4.64791798822783,standard,30-50 cm,24.6-41.7 cm
TexasA&MPt-1,mean,Ref,NAT-3-3,NAT-3-3-4,4,esm1,-41.7,-63.6,5.7465600000003,standard,50-75 cm,41.7-63.6 cm
TexasA&MPt-1,mean,Ref,NAT-3-3,NAT-3-3-4,4,esm2,-41.7175266448226,-63.5217516527048,5.51168149940776,standard,50-75 cm,41.7-63.5 cm
TexasA&MPt-1,mean,Ref,NAT-3-3,NAT-3-3-5,5,esm1,-63.6,-86.8,8.9235199999998,standard,75-100 cm,63.6-86.8 cm
TexasA&MPt-1,mean,Ref,NAT-3-3,NAT-3-3-5,5,esm2,-63.5217516527048,-86.5136082182778,8.1066138348978,standard,75-100 cm,63.5-86.5 cm
TexasA&MPt-1,mean,SHM,NTM-1-1,NTM-1-1-1,1,esm1,0,-11.2,6.53008000000001,standard,0-10 cm,0-11.2 cm
TexasA&MPt-1,mean,SHM,NTM-1-1,NTM-1-1-1,1,esm2,0,-12.1790038233923,7.0055286214108,standard,0-10 cm,0-12.2 cm
TexasA&MPt-1,mean,SHM,NTM-1-1,NTM-1-1-2,2,esm1,-11.2,-29.7,4.41039999999997,standard,10-30 cm,11.2-29.7 cm
TexasA&MPt-1,mean,SHM,NTM-1-1,NTM-1-1-2,2,esm2,-12.1790038233923,-31.1879532553833,4.77827381019246,standard,10-30 cm,12.2-31.2 cm
TexasA&MPt-1,mean,SHM,NTM-1-1,NTM-1-1-3,3,esm1,-29.7,-49.4,3.68271999999998,standard,30-50 cm,29.7-49.4 cm
TexasA&MPt-1,mean,SHM,NTM-1-1,NTM-1-1-3,3,esm2,-31.1879532553833,-47.6354590479572,2.30759966732391,standard,30-50 cm,31.2-47.6 cm
TexasA&MPt-1,mean,SHM,NTM-1-1,NTM-1-1-4,4,esm1,-49.4,-75,4.30079999999998,standard,50-75 cm,49.4-75 cm
TexasA&MPt-1,mean,SHM,NTM-1-1,NTM-1-1-4,4,esm2,-47.6354590479572,-75.0534434527296,4.84188435280997,standard,50-75 cm,47.6-75.1 cm
TexasA&MPt-1,mean,SHM,NTM-1-1,NTM-1-1-5,5,esm1,-75,-99.3,4.00950000000015,standard,75-100 cm,75-99.3 cm
TexasA&MPt-1,mean,SHM,NTM-1-1,NTM-1-1-5,5,esm2,-75.0534434527296,-99.455170785603,4.02728269813595,standard,75-100 cm,75.1-99.5 cm
TexasA&MPt-1,mean,SHM,NTM-1-2,NTM-1-2-1,1,esm1,0,-8.6,5.74300000000001,standard,0-10 cm,0-8.6 cm
TexasA&MPt-1,mean,SHM,NTM-1-2,NTM-1-2-1,1,esm2,0,-8.69228129574176,5.88640479770822,standard,0-10 cm,0-8.7 cm
TexasA&MPt-1,mean,SHM,NTM-1-2,NTM-1-2-2,2,esm1,-8.6,-25.4,4.31339999999998,standard,10-30 cm,8.6-25.4 cm
TexasA&MPt-1,mean,SHM,NTM-1-2,NTM-1-2-2,2,esm2,-8.69228129574176,-25.5718300087428,5.00172350745169,standard,10-30 cm,8.7-25.6 cm
TexasA&MPt-1,mean,SHM,NTM-1-2,NTM-1-2-3,3,esm1,-25.4,-42.9,3.93189999999988,standard,30-50 cm,25.4-42.9 cm
TexasA&MPt-1,mean,SHM,NTM-1-2,NTM-1-2-3,3,esm2,-25.5718300087428,-42.6105288906625,2.7461184009982,standard,30-50 cm,25.6-42.6 cm
TexasA&MPt-1,mean,SHM,NTM-1-2,NTM-1-2-4,4,esm1,-42.9,-66,5.01269999999981,standard,50-75 cm,42.9-66 cm
TexasA&MPt-1,mean,SHM,NTM-1-2,NTM-1-2-4,4,esm2,-42.6105288906625,-65.8144741711771,5.24070005101288,standard,50-75 cm,42.6-65.8 cm
TexasA&MPt-1,mean,SHM,NTM-1-2,NTM-1-2-5,5,esm1,-66,-90,4.65300000000003,standard,75-100 cm,66-90 cm
TexasA&MPt-1,mean,SHM,NTM-1-2,NTM-1-2-5,5,esm2,-65.8144741711771,-90.0994404547255,5.02444442494176,standard,75-100 cm,65.8-90.1 cm
TexasA&MPt-1,mean,SHM,NTM-1-3,NTM-1-3-1,1,esm1,0,-8.2,5.5418,standard,0-10 cm,0-8.2 cm
TexasA&MPt-1,mean,SHM,NTM-1-3,NTM-1-3-1,1,esm2,0,-8.22098858379778,5.62887086374165,standard,0-10 cm,0-8.2 cm
TexasA&MPt-1,mean,SHM,NTM-1-3,NTM-1-3-2,2,esm1,-8.2,-26.7,4.55908000000008,standard,10-30 cm,8.2-26.7 cm
TexasA&MPt-1,mean,SHM,NTM-1-3,NTM-1-3-2,2,esm2,-8.22098858379778,-27.3045577901298,5.47399066437617,standard,10-30 cm,8.2-27.3 cm
TexasA&MPt-1,mean,SHM,NTM-1-3,NTM-1-3-3,3,esm1,-26.7,-45.6,5.18266000000003,standard,30-50 cm,26.7-45.6 cm
TexasA&MPt-1,mean,SHM,NTM-1-3,NTM-1-3-3,3,esm2,-27.3045577901298,-45.1176672099444,3.04471470551752,standard,30-50 cm,27.3-45.1 cm
TexasA&MPt-1,mean,SHM,NTM-1-3,NTM-1-3-4,4,esm1,-45.6,-70,7.89096000000029,standard,50-75 cm,45.6-70 cm
TexasA&MPt-1,mean,SHM,NTM-1-3,NTM-1-3-4,4,esm2,-45.1176672099444,-69.86291495188,8.83999890821079,standard,50-75 cm,45.1-69.9 cm
TexasA&MPt-1,mean,SHM,NTM-1-3,NTM-1-3-5,5,esm1,-70,-95.1,6.28019999999991,standard,75-100 cm,70-95.1 cm
TexasA&MPt-1,mean,SHM,NTM-1-3,NTM-1-3-5,5,esm2,-69.86291495188,-95.1614704348171,6.96517827575692,standard,75-100 cm,69.9-95.2 cm
TexasA&MPt-1,mean,SHM,NTM-2-1,NTM-2-1-1,1,esm1,0,-10,6.98649999999999,standard,0-10 cm,0-10 cm
TexasA&MPt-1,mean,SHM,NTM-2-1,NTM-2-1-1,1,esm2,0,-10.0405661158333,7.01528896605426,standard,0-10 cm,0-10 cm
TexasA&MPt-1,mean,SHM,NTM-2-1,NTM-2-1-2,2,esm1,-10,-28.2,3.84748000000011,standard,10-30 cm,10-28.2 cm
TexasA&MPt-1,mean,SHM,NTM-2-1,NTM-2-1-2,2,esm2,-10.0405661158333,-27.9032410569118,4.89470228214512,standard,10-30 cm,10-27.9 cm
TexasA&MPt-1,mean,SHM,NTM-2-1,NTM-2-1-3,3,esm1,-28.2,-47.7,4.48171000000009,standard,30-50 cm,28.2-47.7 cm
TexasA&MPt-1,mean,SHM,NTM-2-1,NTM-2-1-3,3,esm2,-27.9032410569118,-47.7344856900517,2.24637953218432,standard,30-50 cm,27.9-47.7 cm
TexasA&MPt-1,mean,SHM,NTM-2-1,NTM-2-1-4,4,esm1,-47.7,-73.1,6.08837999999967,standard,50-75 cm,47.7-73.1 cm
TexasA&MPt-1,mean,SHM,NTM-2-1,NTM-2-1-4,4,esm2,-47.7344856900517,-73.1693333475117,7.15473633842202,standard,50-75 cm,47.7-73.2 cm
TexasA&MPt-1,mean,SHM,NTM-2-1,NTM-2-1-5,5,esm1,-73.1,-97.4,6.20551000000034,standard,75-100 cm,73.1-97.4 cm
TexasA&MPt-1,mean,SHM,NTM-2-1,NTM-2-1-5,5,esm2,-73.1693333475117,-97.5623431251971,6.44065381543272,standard,75-100 cm,73.2-97.6 cm
TexasA&MPt-1,mean,SHM,NTM-2-2,NTM-2-2-1,1,esm1,0,-7.4,7.19528,standard,0-10 cm,0-7.4 cm
TexasA&MPt-1,mean,SHM,NTM-2-2,NTM-2-2-1,1,esm2,0,-7.4296163277099,7.4213116632372,standard,0-10 cm,0-7.4 cm
TexasA&MPt-1,mean,SHM,NTM-2-2,NTM-2-2-2,2,esm1,-7.4,-25.4,5.58536000000002,standard,10-30 cm,7.4-25.4 cm
TexasA&MPt-1,mean,SHM,NTM-2-2,NTM-2-2-2,2,esm2,-7.4296163277099,-25.1192344957174,6.24913642312856,standard,10-30 cm,7.4-25.1 cm
TexasA&MPt-1,mean,SHM,NTM-2-2,NTM-2-2-3,3,esm1,-25.4,-44.8,5.04375999999994,standard,30-50 cm,25.4-44.8 cm
TexasA&MPt-1,mean,SHM,NTM-2-2,NTM-2-2-3,3,esm2,-25.1192344957174,-44.6753322823931,3.51624475401827,standard,30-50 cm,25.1-44.7 cm
TexasA&MPt-1,mean,SHM,NTM-2-2,NTM-2-2-4,4,esm1,-44.8,-70.6,7.17239999999978,standard,50-75 cm,44.8-70.6 cm
TexasA&MPt-1,mean,SHM,NTM-2-2,NTM-2-2-4,4,esm2,-44.6753322823931,-70.6195376310514,7.74289843130362,standard,50-75 cm,44.7-70.6 cm
TexasA&MPt-1,mean,SHM,NTM-2-2,NTM-2-2-5,5,esm1,-70.6,-96.1,5.78079999999984,standard,75-100 cm,70.6-96.1 cm
TexasA&MPt-1,mean,SHM,NTM-2-2,NTM-2-2-5,5,esm2,-70.6195376310514,-96.2566122162472,6.15121977195502,standard,75-100 cm,70.6-96.3 cm
TexasA&MPt-1,mean,SHM,NTM-2-3,NTM-2-3-1,1,esm1,0,-7.7,8.72122000000001,standard,0-10 cm,0-7.7 cm
TexasA&MPt-1,mean,SHM,NTM-2-3,NTM-2-3-1,1,esm2,0,-7.74069171787024,8.9715845682761,standard,0-10 cm,0-7.7 cm
TexasA&MPt-1,mean,SHM,NTM-2-3,NTM-2-3-2,2,esm1,-7.7,-26,5.3829799999999,standard,10-30 cm,7.7-26 cm
TexasA&MPt-1,mean,SHM,NTM-2-3,NTM-2-3-2,2,esm2,-7.74069171787024,-26.2689997759755,6.0592597208146,standard,10-30 cm,7.7-26.3 cm
TexasA&MPt-1,mean,SHM,NTM-2-3,NTM-2-3-3,3,esm1,-26,-45.5,5.06579999999996,standard,30-50 cm,26-45.5 cm
TexasA&MPt-1,mean,SHM,NTM-2-3,NTM-2-3-3,3,esm2,-26.2689997759755,-45.0438163988683,3.43919176167626,standard,30-50 cm,26.3-45 cm
TexasA&MPt-1,mean,SHM,NTM-2-3,NTM-2-3-4,4,esm1,-45.5,-71.7,7.17880000000002,standard,50-75 cm,45.5-71.7 cm
TexasA&MPt-1,mean,SHM,NTM-2-3,NTM-2-3-4,4,esm2,-45.0438163988683,-71.6939906646845,7.81334875601635,standard,50-75 cm,45-71.7 cm
TexasA&MPt-1,mean,SHM,NTM-2-3,NTM-2-3-5,5,esm1,-71.7,-97.7,6.34538999999966,standard,75-100 cm,71.7-97.7 cm
TexasA&MPt-1,mean,SHM,NTM-2-3,NTM-2-3-5,5,esm2,-71.6939906646845,-97.853786388827,6.5672809503414,standard,75-100 cm,71.7-97.9 cm
TexasA&MPt-1,mean,SHM,NTM-3-1,NTM-3-1-1,1,esm1,0,-10.5,6.9385,standard,0-10 cm,0-10.5 cm
TexasA&MPt-1,mean,SHM,NTM-3-1,NTM-3-1-1,1,esm2,0,-10.6740069472362,7.05288525654242,standard,0-10 cm,0-10.7 cm
TexasA&MPt-1,mean,SHM,NTM-3-1,NTM-3-1-2,2,esm1,-10.5,-29.3,5.48959999999993,standard,10-30 cm,10.5-29.3 cm
TexasA&MPt-1,mean,SHM,NTM-3-1,NTM-3-1-2,2,esm2,-10.6740069472362,-29.9211557940259,5.77116984940842,standard,10-30 cm,10.7-29.9 cm
TexasA&MPt-1,mean,SHM,NTM-3-1,NTM-3-1-3,3,esm1,-29.3,-48.7,6.20184,standard,30-50 cm,29.3-48.7 cm
TexasA&MPt-1,mean,SHM,NTM-3-1,NTM-3-1-3,3,esm2,-29.9211557940259,-48.4337730212755,5.27289258203054,standard,30-50 cm,29.9-48.4 cm
TexasA&MPt-1,mean,SHM,NTM-3-1,NTM-3-1-4,4,esm1,-48.7,-73.6,8.24688000000006,standard,50-75 cm,48.7-73.6 cm
TexasA&MPt-1,mean,SHM,NTM-3-1,NTM-3-1-4,4,esm2,-48.4337730212755,-73.7498383645045,8.7980288263660391,standard,50-75 cm,48.4-73.7 cm
TexasA&MPt-1,mean,SHM,NTM-3-1,NTM-3-1-5,5,esm1,-73.6,-93.4,6.6902400000001,standard,75-100 cm,73.6-93.4 cm
TexasA&MPt-1,mean,SHM,NTM-3-1,NTM-3-1-5,5,esm2,-73.7498383645045,-94.7570273554813,7.2627388483036,standard,75-100 cm,73.7-94.8 cm
TexasA&MPt-1,mean,SHM,NTM-3-2,NTM-3-2-1,1,esm1,0,-8.7,10.56372,standard,0-10 cm,0-8.7 cm
TexasA&MPt-1,mean,SHM,NTM-3-2,NTM-3-2-1,1,esm2,0,-8.75193508616904,10.9200259996143,standard,0-10 cm,0-8.8 cm
TexasA&MPt-1,mean,SHM,NTM-3-2,NTM-3-2-2,2,esm1,-8.7,-27.9,4.2053999999999,standard,10-30 cm,8.7-27.9 cm
TexasA&MPt-1,mean,SHM,NTM-3-2,NTM-3-2-2,2,esm2,-8.75193508616904,-28.0318955297528,4.82708346951069,standard,10-30 cm,8.8-28 cm
TexasA&MPt-1,mean,SHM,NTM-3-2,NTM-3-2-3,3,esm1,-27.9,-47.2,5.14551999999985,standard,30-50 cm,27.9-47.2 cm
TexasA&MPt-1,mean,SHM,NTM-3-2,NTM-3-2-3,3,esm2,-28.0318955297528,-47.2139991419346,2.07346212850602,standard,30-50 cm,28-47.2 cm
TexasA&MPt-1,mean,SHM,NTM-3-2,NTM-3-2-4,4,esm1,-47.2,-71.7,7.86939999999976,standard,50-75 cm,47.2-71.7 cm
TexasA&MPt-1,mean,SHM,NTM-3-2,NTM-3-2-4,4,esm2,-47.2139991419346,-71.7863299440304,9.44697986761911,standard,50-75 cm,47.2-71.8 cm
TexasA&MPt-1,mean,SHM,NTM-3-2,NTM-3-2-5,5,esm1,-71.7,-96.9,13.1268600000004,standard,75-100 cm,71.7-96.9 cm
TexasA&MPt-1,mean,SHM,NTM-3-2,NTM-3-2-5,5,esm2,-71.7863299440304,-96.9125047978391,13.4867640660865,standard,75-100 cm,71.8-96.9 cm
TexasA&MPt-1,mean,SHM,NTM-3-3,NTM-3-3-1,1,esm1,0,-7.3,4.74302,standard,0-10 cm,0-7.3 cm
TexasA&MPt-1,mean,SHM,NTM-3-3,NTM-3-3-1,1,esm2,0,-7.36433533743036,4.96599481562696,standard,0-10 cm,0-7.4 cm
TexasA&MPt-1,mean,SHM,NTM-3-3,NTM-3-3-2,2,esm1,-7.3,-25,4.09248000000001,standard,10-30 cm,7.3-25 cm
TexasA&MPt-1,mean,SHM,NTM-3-3,NTM-3-3-2,2,esm2,-7.36433533743036,-24.3951590891486,4.03284716840378,standard,10-30 cm,7.4-24.4 cm
TexasA&MPt-1,mean,SHM,NTM-3-3,NTM-3-3-3,3,esm1,-25,-43.3,3.64403000000008,standard,30-50 cm,25-43.3 cm
TexasA&MPt-1,mean,SHM,NTM-3-3,NTM-3-3-3,3,esm2,-24.3951590891486,-43.7985039741124,3.48072886345962,standard,30-50 cm,24.4-43.8 cm
TexasA&MPt-1,mean,SHM,NTM-3-3,NTM-3-3-4,4,esm1,-43.3,-66.1,4.65347999999991,standard,50-75 cm,43.3-66.1 cm
TexasA&MPt-1,mean,SHM,NTM-3-3,NTM-3-3-4,4,esm2,-43.7985039741124,-66.2899156752692,4.84421526656983,standard,50-75 cm,43.8-66.3 cm
TexasA&MPt-1,mean,SHM,NTM-3-3,NTM-3-3-5,5,esm1,-66.1,-90.3,3.39086000000004,standard,75-100 cm,66.1-90.3 cm
TexasA&MPt-1,mean,SHM,NTM-3-3,NTM-3-3-5,5,esm2,-66.2899156752692,-89.964457764721,3.56031715548862,standard,75-100 cm,66.3-90 cm
TexasA&MPt-1,mean,SHM,NTR-1-1,NTR-1-1-1,1,esm1,0,-9,6.35350000000001,standard,0-10 cm,0-9 cm
TexasA&MPt-1,mean,SHM,NTR-1-1,NTR-1-1-1,1,esm2,0,-9.06032546576824,6.46020493161888,standard,0-10 cm,0-9.1 cm
TexasA&MPt-1,mean,SHM,NTR-1-1,NTR-1-1-2,2,esm1,-9,-27.7,3.96447999999999,standard,10-30 cm,9-27.7 cm
TexasA&MPt-1,mean,SHM,NTR-1-1,NTR-1-1-2,2,esm2,-9.06032546576824,-28.0825041768356,4.62652420439226,standard,10-30 cm,9.1-28.1 cm
TexasA&MPt-1,mean,SHM,NTR-1-1,NTR-1-1-3,3,esm1,-27.7,-46.8,4.67783999999995,standard,30-50 cm,27.7-46.8 cm
TexasA&MPt-1,mean,SHM,NTR-1-1,NTR-1-1-3,3,esm2,-28.0825041768356,-46.5899951896836,2.94235991101738,standard,30-50 cm,28.1-46.6 cm
TexasA&MPt-1,mean,SHM,NTR-1-1,NTR-1-1-4,4,esm1,-46.8,-71.4,6.82404000000029,standard,50-75 cm,46.8-71.4 cm
TexasA&MPt-1,mean,SHM,NTR-1-1,NTR-1-1-4,4,esm2,-46.5899951896836,-71.4058899661406,7.68553066317521,standard,50-75 cm,46.6-71.4 cm
TexasA&MPt-1,mean,SHM,NTR-1-1,NTR-1-1-5,5,esm1,-71.4,-96.2,5.67324000000008,standard,75-100 cm,71.4-96.2 cm
TexasA&MPt-1,mean,SHM,NTR-1-1,NTR-1-1-5,5,esm2,-71.4058899661406,-96.3530178122147,6.10679631428381,standard,75-100 cm,71.4-96.4 cm
TexasA&MPt-1,mean,SHM,NTR-1-2,NTR-1-2-1,1,esm1,0,-8.4,6.1528,standard,0-10 cm,0-8.4 cm
TexasA&MPt-1,mean,SHM,NTR-1-2,NTR-1-2-1,1,esm2,0,-8.47027668351199,6.29621173997464,standard,0-10 cm,0-8.5 cm
TexasA&MPt-1,mean,SHM,NTR-1-2,NTR-1-2-2,2,esm1,-8.4,-26.2,4.52230000000003,standard,10-30 cm,8.4-26.2 cm
TexasA&MPt-1,mean,SHM,NTR-1-2,NTR-1-2-2,2,esm2,-8.47027668351199,-26.8560214468574,4.95686305924049,standard,10-30 cm,8.5-26.9 cm
TexasA&MPt-1,mean,SHM,NTR-1-2,NTR-1-2-3,3,esm1,-26.2,-44.5,4.51105,standard,30-50 cm,26.2-44.5 cm
TexasA&MPt-1,mean,SHM,NTR-1-2,NTR-1-2-3,3,esm2,-26.8560214468574,-43.9957446219096,3.46584406428577,standard,30-50 cm,26.9-44 cm
TexasA&MPt-1,mean,SHM,NTR-1-2,NTR-1-2-4,4,esm1,-44.5,-68.2,6.08379000000033,standard,50-75 cm,44.5-68.2 cm
TexasA&MPt-1,mean,SHM,NTR-1-2,NTR-1-2-4,4,esm2,-43.9957446219096,-68.0574050465327,6.38470021439486,standard,50-75 cm,44-68.1 cm
TexasA&MPt-1,mean,SHM,NTR-1-2,NTR-1-2-5,5,esm1,-68.2,-92.4,6.2121400000004,standard,75-100 cm,68.2-92.4 cm
TexasA&MPt-1,mean,SHM,NTR-1-2,NTR-1-2-5,5,esm2,-68.0574050465327,-92.565143887325,6.51579374314376,standard,75-100 cm,68.1-92.6 cm
TexasA&MPt-1,mean,SHM,NTR-1-3,NTR-1-3-1,1,esm1,0,-7.5,6.902,standard,0-10 cm,0-7.5 cm
TexasA&MPt-1,mean,SHM,NTR-1-3,NTR-1-3-1,1,esm2,0,-7.51345141068288,7.0988408064608,standard,0-10 cm,0-7.5 cm
TexasA&MPt-1,mean,SHM,NTR-1-3,NTR-1-3-2,2,esm1,-7.5,-26.1,5.54202000000012,standard,10-30 cm,7.5-26.1 cm
TexasA&MPt-1,mean,SHM,NTR-1-3,NTR-1-3-2,2,esm2,-7.51345141068288,-26.2487866264709,5.84454407465958,standard,10-30 cm,7.5-26.2 cm
TexasA&MPt-1,mean,SHM,NTR-1-3,NTR-1-3-3,3,esm1,-26.1,-44.9,4.59963000000001,standard,30-50 cm,26.1-44.9 cm
TexasA&MPt-1,mean,SHM,NTR-1-3,NTR-1-3-3,3,esm2,-26.2487866264709,-44.9241495030222,3.94981258910668,standard,30-50 cm,26.2-44.9 cm
TexasA&MPt-1,mean,SHM,NTR-1-3,NTR-1-3-4,4,esm1,-44.9,-69,5.38634999999986,standard,50-75 cm,44.9-69 cm
TexasA&MPt-1,mean,SHM,NTR-1-3,NTR-1-3-4,4,esm2,-44.9241495030222,-69.0886397639549,5.38945797611647,standard,50-75 cm,44.9-69.1 cm
TexasA&MPt-1,mean,SHM,NTR-1-3,NTR-1-3-5,5,esm1,-69,-92.3,6.84240000000005,standard,75-100 cm,69-92.3 cm
TexasA&MPt-1,mean,SHM,NTR-1-3,NTR-1-3-5,5,esm2,-69.0886397639549,-92.5927712966781,6.69641598834749,standard,75-100 cm,69.1-92.6 cm
TexasA&MPt-1,mean,SHM,NTR-2-1,NTR-2-1-1,1,esm1,0,-9.2,5.802,standard,0-10 cm,0-9.2 cm
TexasA&MPt-1,mean,SHM,NTR-2-1,NTR-2-1-1,1,esm2,0,-9.23788682039326,5.88142670970633,standard,0-10 cm,0-9.2 cm
TexasA&MPt-1,mean,SHM,NTR-2-1,NTR-2-1-2,2,esm1,-9.2,-28.8,4.2202,standard,10-30 cm,9.2-28.8 cm
TexasA&MPt-1,mean,SHM,NTR-2-1,NTR-2-1-2,2,esm2,-9.23788682039326,-29.0783454163702,4.18868490051068,standard,10-30 cm,9.2-29.1 cm
TexasA&MPt-1,mean,SHM,NTR-2-1,NTR-2-1-3,3,esm1,-28.8,-49.7,4.60997999999996,standard,30-50 cm,28.8-49.7 cm
TexasA&MPt-1,mean,SHM,NTR-2-1,NTR-2-1-3,3,esm2,-29.0783454163702,-49.3433354187899,4.41922552312292,standard,30-50 cm,29.1-49.3 cm
TexasA&MPt-1,mean,SHM,NTR-2-1,NTR-2-1-4,4,esm1,-49.7,-76.6,6.0421199999999,standard,50-75 cm,49.7-76.6 cm
TexasA&MPt-1,mean,SHM,NTR-2-1,NTR-2-1-4,4,esm2,-49.3433354187899,-76.8210259680853,6.2366577861096,standard,50-75 cm,49.3-76.8 cm
TexasA&MPt-1,mean,SHM,NTR-2-1,NTR-2-1-5,5,esm1,-76.6,-100.6,5.47200000000004,standard,75-100 cm,76.6-100.6 cm
TexasA&MPt-1,mean,SHM,NTR-2-1,NTR-2-1-5,5,esm2,-76.8210259680853,-100.522739131795,5.40137720734144,standard,75-100 cm,76.8-100.5 cm
TexasA&MPt-1,mean,SHM,NTR-2-2,NTR-2-2-1,1,esm1,0,-9.6,6.25903999999999,standard,0-10 cm,0-9.6 cm
TexasA&MPt-1,mean,SHM,NTR-2-2,NTR-2-2-1,1,esm2,0,-9.69052916425398,6.32610857258967,standard,0-10 cm,0-9.7 cm
TexasA&MPt-1,mean,SHM,NTR-2-2,NTR-2-2-2,2,esm1,-9.6,-28.1,5.37145999999992,standard,10-30 cm,9.6-28.1 cm
TexasA&MPt-1,mean,SHM,NTR-2-2,NTR-2-2-2,2,esm2,-9.69052916425398,-28.6156116430824,6.03581321523639,standard,10-30 cm,9.7-28.6 cm
TexasA&MPt-1,mean,SHM,NTR-2-2,NTR-2-2-3,3,esm1,-28.1,-47.2,5.1506999999999,standard,30-50 cm,28.1-47.2 cm
TexasA&MPt-1,mean,SHM,NTR-2-2,NTR-2-2-3,3,esm2,-28.6156116430824,-46.5664687665038,3.95435722321381,standard,30-50 cm,28.6-46.6 cm
TexasA&MPt-1,mean,SHM,NTR-2-2,NTR-2-2-4,4,esm1,-47.2,-71.9,6.44669999999989,standard,50-75 cm,47.2-71.9 cm
TexasA&MPt-1,mean,SHM,NTR-2-2,NTR-2-2-4,4,esm2,-46.5664687665038,-71.810667054121,6.88555803162434,standard,50-75 cm,46.6-71.8 cm
TexasA&MPt-1,mean,SHM,NTR-2-2,NTR-2-2-5,5,esm1,-71.9,-98,5.9243,standard,75-100 cm,71.9-98 cm
TexasA&MPt-1,mean,SHM,NTR-2-2,NTR-2-2-5,5,esm2,-71.810667054121,-98.0545771710193,6.02893999386522,standard,75-100 cm,71.8-98.1 cm
TexasA&MPt-1,mean,SHM,NTR-2-3,NTR-2-3-1,1,esm1,0,-8.2,5.60666,standard,0-10 cm,0-8.2 cm
TexasA&MPt-1,mean,SHM,NTR-2-3,NTR-2-3-1,1,esm2,0,-8.209787850507,5.72853474536984,standard,0-10 cm,0-8.2 cm
TexasA&MPt-1,mean,SHM,NTR-2-3,NTR-2-3-2,2,esm1,-8.2,-26.6,4.45510000000007,standard,10-30 cm,8.2-26.6 cm
TexasA&MPt-1,mean,SHM,NTR-2-3,NTR-2-3-2,2,esm2,-8.209787850507,-26.5795699056409,4.86216872805691,standard,10-30 cm,8.2-26.6 cm
TexasA&MPt-1,mean,SHM,NTR-2-3,NTR-2-3-3,3,esm1,-26.6,-46.3,5.65074000000001,standard,30-50 cm,26.6-46.3 cm
TexasA&MPt-1,mean,SHM,NTR-2-3,NTR-2-3-3,3,esm2,-26.5795699056409,-45.9490141363279,4.02550461458525,standard,30-50 cm,26.6-45.9 cm
TexasA&MPt-1,mean,SHM,NTR-2-3,NTR-2-3-4,4,esm1,-46.3,-72.3,8.97000000000032,standard,50-75 cm,46.3-72.3 cm
TexasA&MPt-1,mean,SHM,NTR-2-3,NTR-2-3-4,4,esm2,-45.9490141363279,-72.2184030107963,9.91638834707715,standard,50-75 cm,45.9-72.2 cm
TexasA&MPt-1,mean,SHM,NTR-2-3,NTR-2-3-5,5,esm1,-72.3,-100.4,9.4506599999999,standard,75-100 cm,72.3-100.4 cm
TexasA&MPt-1,mean,SHM,NTR-2-3,NTR-2-3-5,5,esm2,-72.2184030107963,-100.432742466764,9.58568867481784,standard,75-100 cm,72.2-100.4 cm
TexasA&MPt-1,mean,SHM,NTR-3-1,NTR-3-1-1,1,esm1,0,-10.9,6.90894,standard,0-10 cm,0-10.9 cm
TexasA&MPt-1,mean,SHM,NTR-3-1,NTR-3-1-1,1,esm2,0,-11.1519797269372,7.24329577094754,standard,0-10 cm,0-11.2 cm
TexasA&MPt-1,mean,SHM,NTR-3-1,NTR-3-1-2,2,esm1,-10.9,-28.9,6.05879999999991,standard,10-30 cm,10.9-28.9 cm
TexasA&MPt-1,mean,SHM,NTR-3-1,NTR-3-1-2,2,esm2,-11.1519797269372,-29.5256219415652,6.51857652925799,standard,10-30 cm,11.2-29.5 cm
TexasA&MPt-1,mean,SHM,NTR-3-1,NTR-3-1-3,3,esm1,-28.9,-47.9,6.35540999999984,standard,30-50 cm,28.9-47.9 cm
TexasA&MPt-1,mean,SHM,NTR-3-1,NTR-3-1-3,3,esm2,-29.5256219415652,-46.6701113374065,4.91162518936158,standard,30-50 cm,29.5-46.7 cm
TexasA&MPt-1,mean,SHM,NTR-3-1,NTR-3-1-4,4,esm1,-47.9,-72.6,8.23744999999967,standard,50-75 cm,47.9-72.6 cm
TexasA&MPt-1,mean,SHM,NTR-3-1,NTR-3-1-4,4,esm2,-46.6701113374065,-72.315734698034,8.90580367693977,standard,50-75 cm,46.7-72.3 cm
TexasA&MPt-1,mean,SHM,NTR-3-1,NTR-3-1-5,5,esm1,-72.6,-104,6.75119999999992,standard,75-100 cm,72.6-104 cm
TexasA&MPt-1,mean,SHM,NTR-3-1,NTR-3-1-5,5,esm2,-72.315734698034,-104.506017685396,6.46269227622702,standard,75-100 cm,72.3-104.5 cm
TexasA&MPt-1,mean,SHM,NTR-3-2,NTR-3-2-1,1,esm1,0,-9.1,9.35071,standard,0-10 cm,0-9.1 cm
TexasA&MPt-1,mean,SHM,NTR-3-2,NTR-3-2-1,1,esm2,0,-9.18372456129768,9.54385269346997,standard,0-10 cm,0-9.2 cm
TexasA&MPt-1,mean,SHM,NTR-3-2,NTR-3-2-2,2,esm1,-9.1,-29.3,4.63044000000001,standard,10-30 cm,9.1-29.3 cm
TexasA&MPt-1,mean,SHM,NTR-3-2,NTR-3-2-2,2,esm2,-9.18372456129768,-29.7426009504715,5.07269673623451,standard,10-30 cm,9.2-29.7 cm
TexasA&MPt-1,mean,SHM,NTR-3-2,NTR-3-2-3,3,esm1,-29.3,-48.9,7.86836999999984,standard,30-50 cm,29.3-48.9 cm
TexasA&MPt-1,mean,SHM,NTR-3-2,NTR-3-2-3,3,esm2,-29.7426009504715,-48.8742448604619,5.14230146480259,standard,30-50 cm,29.7-48.9 cm
TexasA&MPt-1,mean,SHM,NTR-3-2,NTR-3-2-4,4,esm1,-48.9,-73.5,11.8522799999998,standard,50-75 cm,48.9-73.5 cm
TexasA&MPt-1,mean,SHM,NTR-3-2,NTR-3-2-4,4,esm2,-48.8742448604619,-73.4891149437785,13.8600878857093,standard,50-75 cm,48.9-73.5 cm
TexasA&MPt-1,mean,SHM,NTR-3-2,NTR-3-2-5,5,esm1,-73.5,-99.3,8.94581999999951,standard,75-100 cm,73.5-99.3 cm
TexasA&MPt-1,mean,SHM,NTR-3-2,NTR-3-2-5,5,esm2,-73.4891149437785,-99.3025410504715,9.17717699904539,standard,75-100 cm,73.5-99.3 cm
TexasA&MPt-1,mean,SHM,NTR-3-3,NTR-3-3-1,1,esm1,0,-8,6.49769999999999,standard,0-10 cm,0-8 cm
TexasA&MPt-1,mean,SHM,NTR-3-3,NTR-3-3-1,1,esm2,0,-8.09387722428546,6.75775540439628,standard,0-10 cm,0-8.1 cm
TexasA&MPt-1,mean,SHM,NTR-3-3,NTR-3-3-2,2,esm1,-8,-27,4.47000000000008,standard,10-30 cm,8-27 cm
TexasA&MPt-1,mean,SHM,NTR-3-3,NTR-3-3-2,2,esm2,-8.09387722428546,-26.8484218255563,4.55499708507915,standard,10-30 cm,8.1-26.8 cm
TexasA&MPt-1,mean,SHM,NTR-3-3,NTR-3-3-3,3,esm1,-27,-45.8,4.42187999999999,standard,30-50 cm,27-45.8 cm
TexasA&MPt-1,mean,SHM,NTR-3-3,NTR-3-3-3,3,esm2,-26.8484218255563,-46.2277612200692,3.64115952223642,standard,30-50 cm,26.8-46.2 cm
TexasA&MPt-1,mean,SHM,NTR-3-3,NTR-3-3-4,4,esm1,-45.8,-69.2,6.08633999999987,standard,50-75 cm,45.8-69.2 cm
TexasA&MPt-1,mean,SHM,NTR-3-3,NTR-3-3-4,4,esm2,-46.2277612200692,-69.3179539277123,6.46841881341693,standard,50-75 cm,46.2-69.3 cm
TexasA&MPt-1,mean,SHM,NTR-3-3,NTR-3-3-5,5,esm1,-69.2,-93.9,5.37174000000009,standard,75-100 cm,69.2-93.9 cm
TexasA&MPt-1,mean,SHM,NTR-3-3,NTR-3-3-5,5,esm2,-69.3179539277123,-93.7149335805265,5.68815540604717,standard,75-100 cm,69.3-93.7 cm
UConn,mean,SHM,PaL1-1,PaL1-1-1,1,esm1,0,-8.8,33.769510165712,standard,0-10 cm,0-8.8 cm
UConn,mean,SHM,PaL1-1,PaL1-1-1,1,esm2,0,-8.8742978009686,34.1559651005458,standard,0-10 cm,0-8.9 cm
UConn,mean,SHM,PaL1-1,PaL1-1-2,2,esm1,-8.8,-29.4,66.764899444379,standard,10-30 cm,8.8-29.4 cm
UConn,mean,SHM,PaL1-1,PaL1-1-2,2,esm2,-8.8742978009686,-29.7129603740699,69.2226689332095,standard,10-30 cm,8.9-29.7 cm
UConn,mean,SHM,PaL1-1,PaL1-1-3,3,esm1,-29.4,-46.9,17.4584563273642,standard,30-50 cm,29.4-46.9 cm
UConn,mean,SHM,PaL1-1,PaL1-1-3,3,esm2,-29.7129603740699,-46.9553781711928,13.6397033647368,standard,30-50 cm,29.7-47 cm
UConn,mean,SHM,PaL1-1,PaL1-1-4,4,esm1,-46.9,-67.1,11.7279145264078,standard,50-75 cm,46.9-67.1 cm
UConn,mean,SHM,PaL1-1,PaL1-1-4,4,esm2,-46.9553781711928,-67.2862226827505,11.905964230323,standard,50-75 cm,47-67.3 cm
UConn,mean,SHM,PaL1-1,PaL1-1-5,5,esm1,-67.1,-87.3,11.3425008570536,standard,75-100 cm,67.1-87.3 cm
UConn,mean,SHM,PaL1-1,PaL1-1-5,5,esm2,-67.2862226827505,-87.330264147358,12.6730309766821,standard,75-100 cm,67.3-87.3 cm
UConn,mean,BAU,PaT2-1,PaT2-1-1,1,esm1,0,-7.7,28.268522311347,standard,0-10 cm,0-7.7 cm
UConn,mean,BAU,PaT2-1,PaT2-1-1,1,esm2,0,-7.75078839501209,28.4504934088631,standard,0-10 cm,0-7.8 cm
UConn,mean,BAU,PaT2-1,PaT2-1-2,2,esm1,-7.7,-25.1,41.0248640205153,standard,10-30 cm,7.7-25.1 cm
UConn,mean,BAU,PaT2-1,PaT2-1-2,2,esm2,-7.75078839501209,-25.3361143768519,43.6169516825505,standard,10-30 cm,7.8-25.3 cm
UConn,mean,BAU,PaT2-1,PaT2-1-3,3,esm1,-25.1,-40.7,10.8099548175066,standard,30-50 cm,25.1-40.7 cm
UConn,mean,BAU,PaT2-1,PaT2-1-3,3,esm2,-25.3361143768519,-40.7336870094855,7.53837923842239,standard,30-50 cm,25.3-40.7 cm
UConn,mean,BAU,PaT2-1,PaT2-1-4,4,esm1,-40.7,-59.8,9.71689889172062,standard,50-75 cm,40.7-59.8 cm
UConn,mean,BAU,PaT2-1,PaT2-1-4,4,esm2,-40.7336870094855,-59.9154505720142,10.4255178026826,standard,50-75 cm,40.7-59.9 cm
UConn,mean,BAU,PaT2-1,PaT2-1-5,5,esm1,-59.8,-78.3,8.82334344645651,standard,75-100 cm,59.8-78.3 cm
UConn,mean,BAU,PaT2-1,PaT2-1-5,5,esm2,-59.9154505720142,-78.4022130902289,8.63886053839096,standard,75-100 cm,59.9-78.4 cm
UConn,mean,Ref,PaU1-1,PaU1-1-1,1,esm1,0,-12.8,86.367861141912,standard,0-10 cm,0-12.8 cm
UConn,mean,Ref,PaU1-1,PaU1-1-1,1,esm2,0,-13.0586576144625,89.8903909876036,standard,0-10 cm,0-13.1 cm
UConn,mean,Ref,PaU1-1,PaU1-1-2,2,esm1,-12.8,-35.3,77.375234065708,standard,10-30 cm,12.8-35.3 cm
UConn,mean,Ref,PaU1-1,PaU1-1-2,2,esm2,-13.0586576144625,-35.3917158441951,74.5664011916819,standard,10-30 cm,13.1-35.4 cm
UConn,mean,Ref,PaU1-1,PaU1-1-3,3,esm1,-35.3,-53.5,14.4222772494306,standard,30-50 cm,35.3-53.5 cm
UConn,mean,Ref,PaU1-1,PaU1-1-3,3,esm2,-35.3917158441951,-54.6083592386826,14.1222867394128,standard,30-50 cm,35.4-54.6 cm
UConn,mean,Ref,PaU1-1,PaU1-1-4,4,esm1,-53.5,-76,15.4648797470716,standard,50-75 cm,53.5-76 cm
UConn,mean,Ref,PaU1-1,PaU1-1-4,4,esm2,-54.6083592386826,-76.2026218386916,15.9007895105023,standard,50-75 cm,54.6-76.2 cm
UConn,mean,Ref,PaU1-1,PaU1-1-5,5,esm1,-76,-97.2,10.1839367905923,standard,75-100 cm,76-97.2 cm
UConn,mean,Ref,PaU1-1,PaU1-1-5,5,esm2,-76.2026218386916,-97.2436238591825,9.33505144739806,standard,75-100 cm,76.2-97.2 cm
UConn,mean,Ref,PaU2-1,PaU2-1-1,1,esm1,0,-11.9,124.393562854939,standard,0-10 cm,0-11.9 cm
UConn,mean,Ref,PaU2-1,PaU2-1-1,1,esm2,0,-11.9575693657881,124.672082096788,standard,0-10 cm,0-12 cm
UConn,mean,Ref,PaU2-1,PaU2-1-2,2,esm1,-11.9,-34.6,59.2767951070946,standard,10-30 cm,11.9-34.6 cm
UConn,mean,Ref,PaU2-1,PaU2-1-2,2,esm2,-11.9575693657881,-35.5482864577774,68.4155452532185,standard,10-30 cm,12-35.5 cm
UConn,mean,Ref,PaU2-1,PaU2-1-3,3,esm1,-34.6,-53.4,21.0145660624452,standard,30-50 cm,34.6-53.4 cm
UConn,mean,Ref,PaU2-1,PaU2-1-3,3,esm2,-35.5482864577774,-53.7330408246923,10.371058722381,standard,30-50 cm,35.5-53.7 cm
UConn,mean,Ref,PaU2-1,PaU2-1-4,4,esm1,-53.4,-73.8,16.8506616192955,standard,50-75 cm,53.4-73.8 cm
UConn,mean,Ref,PaU2-1,PaU2-1-4,4,esm2,-53.7330408246923,-74.1183388068889,19.3949602567307,standard,50-75 cm,53.7-74.1 cm
UConn,mean,Ref,PaU2-1,PaU2-1-5,5,esm1,-73.8,-93,13.0949645288151,standard,75-100 cm,73.8-93 cm
UConn,mean,Ref,PaU2-1,PaU2-1-5,5,esm2,-74.1183388068889,-92.7279047638694,11.9601893949673,standard,75-100 cm,74.1-92.7 cm
UnivOfMinnesota,mean,SHM,ALT-1,ALT-1-1,1,esm1,0,-8.7,33.2269676595884,standard,0-10 cm,0-8.7 cm
UnivOfMinnesota,mean,SHM,ALT-1,ALT-1-1,1,esm2,0,-8.81423400514135,33.5765973674093,standard,0-10 cm,0-8.8 cm
UnivOfMinnesota,mean,SHM,ALT-1,ALT-1-2,2,esm1,-8.7,-27,66.0366303242266,standard,10-30 cm,8.7-27 cm
UnivOfMinnesota,mean,SHM,ALT-1,ALT-1-2,2,esm2,-8.81423400514135,-27.066316560753,69.6035777985408,standard,10-30 cm,8.8-27.1 cm
UnivOfMinnesota,mean,SHM,ALT-1,ALT-1-3,3,esm1,-27,-44.4,30.5219435595995,standard,30-50 cm,27-44.4 cm
UnivOfMinnesota,mean,SHM,ALT-1,ALT-1-3,3,esm2,-27.066316560753,-45.272093628731,33.2667671651377,standard,30-50 cm,27.1-45.3 cm
UnivOfMinnesota,mean,SHM,ALT-1,ALT-1-4,4,esm1,-44.4,-64.3,13.1154159741296,standard,50-75 cm,44.4-64.3 cm
UnivOfMinnesota,mean,SHM,ALT-1,ALT-1-4,4,esm2,-45.272093628731,-64.546117113997,4.54384523942511,standard,50-75 cm,45.3-64.5 cm
UnivOfMinnesota,mean,SHM,ALT-1,ALT-1-5,5,esm1,-64.3,-81.5,10.0292620540416,standard,75-100 cm,64.3-81.5 cm
UnivOfMinnesota,mean,SHM,ALT-1,ALT-1-5,5,esm2,-64.546117113997,-81.9532329081286,3.31544923203953,standard,75-100 cm,64.5-82 cm
UnivOfMinnesota,mean,SHM,ALT-2,ALT-2-1,1,esm1,0,-10.9,44.604074120375,standard,0-10 cm,0-10.9 cm
UnivOfMinnesota,mean,SHM,ALT-2,ALT-2-1,1,esm2,0,-11.1250897514318,44.732026122427,standard,0-10 cm,0-11.1 cm
UnivOfMinnesota,mean,SHM,ALT-2,ALT-2-2,2,esm1,-10.9,-28.8,74.4303404978121,standard,10-30 cm,10.9-28.8 cm
UnivOfMinnesota,mean,SHM,ALT-2,ALT-2-2,2,esm2,-11.1250897514318,-28.9120693456592,81.5811791443405,standard,10-30 cm,11.1-28.9 cm
UnivOfMinnesota,mean,SHM,ALT-2,ALT-2-3,3,esm1,-28.8,-44.5,37.7222848329165,standard,30-50 cm,28.8-44.5 cm
UnivOfMinnesota,mean,SHM,ALT-2,ALT-2-3,3,esm2,-28.9120693456592,-45.433908909584,31.4936533269336,standard,30-50 cm,28.9-45.4 cm
UnivOfMinnesota,mean,SHM,ALT-2,ALT-2-4,4,esm1,-44.5,-61.2,30.965662804108,standard,50-75 cm,44.5-61.2 cm
UnivOfMinnesota,mean,SHM,ALT-2,ALT-2-4,4,esm2,-45.433908909584,-62.0254320008755,31.6359153830722,standard,50-75 cm,45.4-62 cm
UnivOfMinnesota,mean,SHM,ALT-2,ALT-2-5,5,esm1,-61.2,-79.4,29.8251278955334,standard,75-100 cm,61.2-79.4 cm
UnivOfMinnesota,mean,SHM,ALT-2,ALT-2-5,5,esm2,-62.0254320008755,-77.7598052756994,26.8257641471626,standard,75-100 cm,62-77.8 cm
UnivOfMinnesota,mean,SHM,ALT-3,ALT-3-1,1,esm1,0,-9.1,30.9548517507628,standard,0-10 cm,0-9.1 cm
UnivOfMinnesota,mean,SHM,ALT-3,ALT-3-1,1,esm2,0,-9.13416552792657,31.2669432331899,standard,0-10 cm,0-9.1 cm
UnivOfMinnesota,mean,SHM,ALT-3,ALT-3-2,2,esm1,-9.1,-29.3,46.4570955993174,standard,10-30 cm,9.1-29.3 cm
UnivOfMinnesota,mean,SHM,ALT-3,ALT-3-2,2,esm2,-9.13416552792657,-30.0969866379212,49.0117193219194,standard,10-30 cm,9.1-30.1 cm
UnivOfMinnesota,mean,SHM,ALT-3,ALT-3-3,3,esm1,-29.3,-45.6,19.4221431873012,standard,30-50 cm,29.3-45.6 cm
UnivOfMinnesota,mean,SHM,ALT-3,ALT-3-3,3,esm2,-30.0969866379212,-46.1026909421906,21.3287451249677,standard,30-50 cm,30.1-46.1 cm
UnivOfMinnesota,mean,SHM,ALT-3,ALT-3-4,4,esm1,-45.6,-64.2,11.4178678902827,standard,50-75 cm,45.6-64.2 cm
UnivOfMinnesota,mean,SHM,ALT-3,ALT-3-4,4,esm2,-46.1026909421906,-64.9269378170296,13.001421910897,standard,50-75 cm,46.1-64.9 cm
UnivOfMinnesota,mean,SHM,ALT-3,ALT-3-5,5,esm1,-64.2,-83.1,11.3017338997078,standard,75-100 cm,64.2-83.1 cm
UnivOfMinnesota,mean,SHM,ALT-3,ALT-3-5,5,esm2,-64.9269378170296,-82.9104801677205,3.54913586011203,standard,75-100 cm,64.9-82.9 cm
UnivOfMinnesota,mean,SHM,ALT-4,ALT-4-1,1,esm1,0,-8.6,39.6858994403977,standard,0-10 cm,0-8.6 cm
UnivOfMinnesota,mean,SHM,ALT-4,ALT-4-1,1,esm2,0,-8.64498597304065,39.8327979731847,standard,0-10 cm,0-8.6 cm
UnivOfMinnesota,mean,SHM,ALT-4,ALT-4-2,2,esm1,-8.6,-26.4,78.340843680713,standard,10-30 cm,8.6-26.4 cm
UnivOfMinnesota,mean,SHM,ALT-4,ALT-4-2,2,esm2,-8.64498597304065,-26.4246989010054,79.9206503730199,standard,10-30 cm,8.6-26.4 cm
UnivOfMinnesota,mean,SHM,ALT-4,ALT-4-3,3,esm1,-26.4,-45.4,36.7591653584366,standard,30-50 cm,26.4-45.4 cm
UnivOfMinnesota,mean,SHM,ALT-4,ALT-4-3,3,esm2,-26.4246989010054,-45.6691782255152,36.7414392965675,standard,30-50 cm,26.4-45.7 cm
UnivOfMinnesota,mean,SHM,ALT-4,ALT-4-4,4,esm1,-45.4,-67,21.2701205126472,standard,50-75 cm,45.4-67 cm
UnivOfMinnesota,mean,SHM,ALT-4,ALT-4-4,4,esm2,-45.6691782255152,-68.0527526532914,21.4466986554555,standard,50-75 cm,45.7-68.1 cm
UnivOfMinnesota,mean,SHM,ALT-4,ALT-4-5,5,esm1,-67,-85.8,8.78177298482217,standard,75-100 cm,67-85.8 cm
UnivOfMinnesota,mean,SHM,ALT-4,ALT-4-5,5,esm2,-68.0527526532914,-87.7925666155927,6.76232700457678,standard,75-100 cm,68.1-87.8 cm
UnivOfMinnesota,mean,SHM,ALT-5,ALT-5-1,1,esm1,0,-8.1,40.1592617499614,standard,0-10 cm,0-8.1 cm
UnivOfMinnesota,mean,SHM,ALT-5,ALT-5-1,1,esm2,0,-8.18545823011573,40.7308944851935,standard,0-10 cm,0-8.2 cm
UnivOfMinnesota,mean,SHM,ALT-5,ALT-5-2,2,esm1,-8.1,-26.7,79.6232778365881,standard,10-30 cm,8.1-26.7 cm
UnivOfMinnesota,mean,SHM,ALT-5,ALT-5-2,2,esm2,-8.18545823011573,-26.8322334916038,79.6035221382588,standard,10-30 cm,8.2-26.8 cm
UnivOfMinnesota,mean,SHM,ALT-5,ALT-5-3,3,esm1,-26.7,-43.7,68.3489136691247,standard,30-50 cm,26.7-43.7 cm
UnivOfMinnesota,mean,SHM,ALT-5,ALT-5-3,3,esm2,-26.8322334916038,-43.8862668194704,71.6396929722044,standard,30-50 cm,26.8-43.9 cm
UnivOfMinnesota,mean,SHM,ALT-5,ALT-5-4,4,esm1,-43.7,-63.5,22.2099490537358,standard,50-75 cm,43.7-63.5 cm
UnivOfMinnesota,mean,SHM,ALT-5,ALT-5-4,4,esm2,-43.8862668194704,-63.944073581793,26.9461252536365,standard,50-75 cm,43.9-63.9 cm
UnivOfMinnesota,mean,SHM,ALT-5,ALT-5-5,5,esm1,-63.5,-82.7,13.031094654749,standard,75-100 cm,63.5-82.7 cm
UnivOfMinnesota,mean,SHM,ALT-5,ALT-5-5,5,esm2,-63.944073581793,-83.2093570002669,2.19698151723142,standard,75-100 cm,63.9-83.2 cm
UnivOfMinnesota,mean,SHM,ALT-6,ALT-6-1,1,esm1,0,-9.7,38.5873518442546,standard,0-10 cm,0-9.7 cm
UnivOfMinnesota,mean,SHM,ALT-6,ALT-6-1,1,esm2,0,-9.72694967162567,38.6772835776246,standard,0-10 cm,0-9.7 cm
UnivOfMinnesota,mean,SHM,ALT-6,ALT-6-2,2,esm1,-9.7,-28.2,63.4316162713132,standard,10-30 cm,9.7-28.2 cm
UnivOfMinnesota,mean,SHM,ALT-6,ALT-6-2,2,esm2,-9.72694967162567,-28.1976947165952,66.7529053137681,standard,10-30 cm,9.7-28.2 cm
UnivOfMinnesota,mean,SHM,ALT-6,ALT-6-3,3,esm1,-28.2,-47,37.6403420873833,standard,30-50 cm,28.2-47 cm
UnivOfMinnesota,mean,SHM,ALT-6,ALT-6-3,3,esm2,-28.1976947165952,-47.4457942284978,36.2736192532957,standard,30-50 cm,28.2-47.4 cm
UnivOfMinnesota,mean,SHM,ALT-6,ALT-6-4,4,esm1,-47,-68.7,25.8412172679545,standard,50-75 cm,47-68.7 cm
UnivOfMinnesota,mean,SHM,ALT-6,ALT-6-4,4,esm2,-47.4457942284978,-68.8913136064888,24.4363314522745,standard,50-75 cm,47.4-68.9 cm
UnivOfMinnesota,mean,SHM,ALT-6,ALT-6-5,5,esm1,-68.7,-86.8,15.8056194870126,standard,75-100 cm,68.7-86.8 cm
UnivOfMinnesota,mean,SHM,ALT-6,ALT-6-5,5,esm2,-68.8913136064888,-87.8843350579245,13.2727659432538,standard,75-100 cm,68.9-87.9 cm
UnivOfMinnesota,mean,SHM,ALT-7,ALT-7-1,1,esm1,0,-9.9,38.1986032671449,standard,0-10 cm,0-9.9 cm
UnivOfMinnesota,mean,SHM,ALT-7,ALT-7-1,1,esm2,0,-9.96831851182805,38.4873529357997,standard,0-10 cm,0-10 cm
UnivOfMinnesota,mean,SHM,ALT-7,ALT-7-2,2,esm1,-9.9,-28.7,66.6568756604664,standard,10-30 cm,9.9-28.7 cm
UnivOfMinnesota,mean,SHM,ALT-7,ALT-7-2,2,esm2,-9.96831851182805,-28.858382630044,67.89837622503,standard,10-30 cm,10-28.9 cm
UnivOfMinnesota,mean,SHM,ALT-7,ALT-7-3,3,esm1,-28.7,-46.8,40.3092384410445,standard,30-50 cm,28.7-46.8 cm
UnivOfMinnesota,mean,SHM,ALT-7,ALT-7-3,3,esm2,-28.858382630044,-47.51356038288,42.6752718534621,standard,30-50 cm,28.9-47.5 cm
UnivOfMinnesota,mean,SHM,ALT-7,ALT-7-4,4,esm1,-46.8,-66.3,40.4934558074252,standard,50-75 cm,46.8-66.3 cm
UnivOfMinnesota,mean,SHM,ALT-7,ALT-7-4,4,esm2,-47.51356038288,-66.849922375064,39.1238421286129,standard,50-75 cm,47.5-66.8 cm
UnivOfMinnesota,mean,SHM,ALT-7,ALT-7-5,5,esm1,-66.3,-84.8,25.3696070384019,standard,75-100 cm,66.3-84.8 cm
UnivOfMinnesota,mean,SHM,ALT-7,ALT-7-5,5,esm2,-66.849922375064,-83.9107842822703,26.0094047512096,standard,75-100 cm,66.8-83.9 cm
UnivOfMinnesota,mean,SHM,ALT-8,ALT-8-1,1,esm1,0,-8.6,37.110554027722,standard,0-10 cm,0-8.6 cm
UnivOfMinnesota,mean,SHM,ALT-8,ALT-8-1,1,esm2,0,-8.69703550352753,37.5463990197951,standard,0-10 cm,0-8.7 cm
UnivOfMinnesota,mean,SHM,ALT-8,ALT-8-2,2,esm1,-8.6,-26.1,61.6038897827245,standard,10-30 cm,8.6-26.1 cm
UnivOfMinnesota,mean,SHM,ALT-8,ALT-8-2,2,esm2,-8.69703550352753,-26.0656978902932,62.9560031819734,standard,10-30 cm,8.7-26.1 cm
UnivOfMinnesota,mean,SHM,ALT-8,ALT-8-3,3,esm1,-26.1,-43.5,32.5817797028591,standard,30-50 cm,26.1-43.5 cm
UnivOfMinnesota,mean,SHM,ALT-8,ALT-8-3,3,esm2,-26.0656978902932,-44.2180340751378,33.6064322920584,standard,30-50 cm,26.1-44.2 cm
UnivOfMinnesota,mean,SHM,ALT-8,ALT-8-4,4,esm1,-43.5,-61.4,10.3863856779631,standard,50-75 cm,43.5-61.4 cm
UnivOfMinnesota,mean,SHM,ALT-8,ALT-8-4,4,esm2,-44.2180340751378,-63.4446384747119,17.3433907648711,standard,50-75 cm,44.2-63.4 cm
UnivOfMinnesota,mean,SHM,ALT-8,ALT-8-5,5,esm1,-61.4,-79.5,10.5024346799516,standard,75-100 cm,61.4-79.5 cm
UnivOfMinnesota,mean,SHM,ALT-8,ALT-8-5,5,esm2,-63.4446384747119,-80.1151587291677,3.87624795084039,standard,75-100 cm,63.4-80.1 cm
UnivOfMinnesota,mean,SHM,ALT-9,ALT-9-1,1,esm1,0,-8.7,37.2761376832385,standard,0-10 cm,0-8.7 cm
UnivOfMinnesota,mean,SHM,ALT-9,ALT-9-1,1,esm2,0,-8.74584932940473,37.4520147778909,standard,0-10 cm,0-8.7 cm
UnivOfMinnesota,mean,SHM,ALT-9,ALT-9-2,2,esm1,-8.7,-26.3,63.1621940189334,standard,10-30 cm,8.7-26.3 cm
UnivOfMinnesota,mean,SHM,ALT-9,ALT-9-2,2,esm2,-8.74584932940473,-26.3683792121947,65.5370894954765,standard,10-30 cm,8.7-26.4 cm
UnivOfMinnesota,mean,SHM,ALT-9,ALT-9-3,3,esm1,-26.3,-44,45.3088728277738,standard,30-50 cm,26.3-44 cm
UnivOfMinnesota,mean,SHM,ALT-9,ALT-9-3,3,esm2,-26.3683792121947,-44.0672769132302,43.1081477803837,standard,30-50 cm,26.4-44.1 cm
UnivOfMinnesota,mean,SHM,ALT-9,ALT-9-4,4,esm1,-44,-64.6,56.9404938055972,standard,50-75 cm,44-64.6 cm
UnivOfMinnesota,mean,SHM,ALT-9,ALT-9-4,4,esm2,-44.0672769132302,-64.9098191364613,61.0991284642813,standard,50-75 cm,44.1-64.9 cm
UnivOfMinnesota,mean,SHM,ALT-9,ALT-9-5,5,esm1,-64.6,-84.2,27.6095777572801,standard,75-100 cm,64.6-84.2 cm
UnivOfMinnesota,mean,SHM,ALT-9,ALT-9-5,5,esm2,-64.9098191364613,-84.5018477434258,30.7883517777994,standard,75-100 cm,64.9-84.5 cm
UnivOfMinnesota,mean,BAU,CON-1,CON-1-1,1,esm1,0,-9.7,33.6471247316068,standard,0-10 cm,0-9.7 cm
UnivOfMinnesota,mean,BAU,CON-1,CON-1-1,1,esm2,0,-9.74093471928012,33.7887741969749,standard,0-10 cm,0-9.7 cm
UnivOfMinnesota,mean,BAU,CON-1,CON-1-2,2,esm1,-9.7,-30.7,59.7259043480266,standard,10-30 cm,9.7-30.7 cm
UnivOfMinnesota,mean,BAU,CON-1,CON-1-2,2,esm2,-9.74093471928012,-31.3141790852411,65.9400717481776,standard,10-30 cm,9.7-31.3 cm
UnivOfMinnesota,mean,BAU,CON-1,CON-1-3,3,esm1,-30.7,-49.4,25.0584654125984,standard,30-50 cm,30.7-49.4 cm
UnivOfMinnesota,mean,BAU,CON-1,CON-1-3,3,esm2,-31.3141790852411,-49.526438918007,19.4472495735436,standard,30-50 cm,31.3-49.5 cm
UnivOfMinnesota,mean,BAU,CON-1,CON-1-4,4,esm1,-49.4,-72.2,14.0376002014751,standard,50-75 cm,49.4-72.2 cm
UnivOfMinnesota,mean,BAU,CON-1,CON-1-4,4,esm2,-49.526438918007,-70.4353333394598,2.77965356533798,standard,50-75 cm,49.5-70.4 cm
UnivOfMinnesota,mean,BAU,CON-1,CON-1-5,5,esm1,-72.2,-95.4,13.8296927129732,standard,75-100 cm,72.2-95.4 cm
UnivOfMinnesota,mean,BAU,CON-1,CON-1-5,5,esm2,-70.4353333394598,-93.2059832864358,13.1013460462722,standard,75-100 cm,70.4-93.2 cm
UnivOfMinnesota,mean,BAU,CON-2,CON-2-1,1,esm1,0,-9.4,33.9857307289998,standard,0-10 cm,0-9.4 cm
UnivOfMinnesota,mean,BAU,CON-2,CON-2-1,1,esm2,0,-9.49467507956448,34.3277310248368,standard,0-10 cm,0-9.5 cm
UnivOfMinnesota,mean,BAU,CON-2,CON-2-2,2,esm1,-9.4,-29.9,66.8280385464581,standard,10-30 cm,9.4-29.9 cm
UnivOfMinnesota,mean,BAU,CON-2,CON-2-2,2,esm2,-9.49467507956448,-30.0780428194112,68.1441641788817,standard,10-30 cm,9.5-30.1 cm
UnivOfMinnesota,mean,BAU,CON-2,CON-2-3,3,esm1,-29.9,-47.5,31.1031202902249,standard,30-50 cm,29.9-47.5 cm
UnivOfMinnesota,mean,BAU,CON-2,CON-2-3,3,esm2,-30.0780428194112,-48.0056140828974,33.5351419883083,standard,30-50 cm,30.1-48 cm
UnivOfMinnesota,mean,BAU,CON-2,CON-2-4,4,esm1,-47.5,-66.9,20.8576392016493,standard,50-75 cm,47.5-66.9 cm
UnivOfMinnesota,mean,BAU,CON-2,CON-2-4,4,esm2,-48.0056140828974,-67.3715203455264,18.135091735331,standard,50-75 cm,48-67.4 cm
UnivOfMinnesota,mean,BAU,CON-2,CON-2-5,5,esm1,-66.9,-85.8,13.497421341433,standard,75-100 cm,66.9-85.8 cm
UnivOfMinnesota,mean,BAU,CON-2,CON-2-5,5,esm2,-67.3715203455264,-84.9096793597958,11.0901187264733,standard,75-100 cm,67.4-84.9 cm
UnivOfMinnesota,mean,BAU,CON-3,CON-3-1,1,esm1,0,-10,33.4290426542651,standard,0-10 cm,0-10 cm
UnivOfMinnesota,mean,BAU,CON-3,CON-3-1,1,esm2,0,-10.0731123729633,33.681107639098,standard,0-10 cm,0-10.1 cm
UnivOfMinnesota,mean,BAU,CON-3,CON-3-2,2,esm1,-10,-30.8,46.4005835423798,standard,10-30 cm,10-30.8 cm
UnivOfMinnesota,mean,BAU,CON-3,CON-3-2,2,esm2,-10.0731123729633,-30.9092659847583,47.2076743265674,standard,10-30 cm,10.1-30.9 cm
UnivOfMinnesota,mean,BAU,CON-3,CON-3-3,3,esm1,-30.8,-49.7,17.4108299591614,standard,30-50 cm,30.8-49.7 cm
UnivOfMinnesota,mean,BAU,CON-3,CON-3-3,3,esm2,-30.9092659847583,-50.268498646528,16.8865814052105,standard,30-50 cm,30.9-50.3 cm
UnivOfMinnesota,mean,BAU,CON-3,CON-3-4,4,esm1,-49.7,-71.2,15.9870817786255,standard,50-75 cm,49.7-71.2 cm
UnivOfMinnesota,mean,BAU,CON-3,CON-3-4,4,esm2,-50.268498646528,-71.470298907336,16.5193093444182,standard,50-75 cm,50.3-71.5 cm
UnivOfMinnesota,mean,BAU,CON-3,CON-3-5,5,esm1,-71.2,-91.7,8.81258397944976,standard,75-100 cm,71.2-91.7 cm
UnivOfMinnesota,mean,BAU,CON-3,CON-3-5,5,esm2,-71.470298907336,-91.1882205505655,8.61270994080903,standard,75-100 cm,71.5-91.2 cm
UnivOfMinnesota,mean,BAU,CON-4,CON-4-1,1,esm1,0,-10.9,35.0461648228804,standard,0-10 cm,0-10.9 cm
UnivOfMinnesota,mean,BAU,CON-4,CON-4-1,1,esm2,0,-11.0392724904172,35.4141821006716,standard,0-10 cm,0-11 cm
UnivOfMinnesota,mean,BAU,CON-4,CON-4-2,2,esm1,-10.9,-29.9,59.5800556980565,standard,10-30 cm,10.9-29.9 cm
UnivOfMinnesota,mean,BAU,CON-4,CON-4-2,2,esm2,-11.0392724904172,-29.8562311092773,64.7929768206434,standard,10-30 cm,11-29.9 cm
UnivOfMinnesota,mean,BAU,CON-4,CON-4-3,3,esm1,-29.9,-48.6,26.3271188090687,standard,30-50 cm,29.9-48.6 cm
UnivOfMinnesota,mean,BAU,CON-4,CON-4-3,3,esm2,-29.8562311092773,-48.8614852234451,20.5328103633936,standard,30-50 cm,29.9-48.9 cm
UnivOfMinnesota,mean,BAU,CON-4,CON-4-4,4,esm1,-48.6,-69.3,10.7709981252584,standard,50-75 cm,48.6-69.3 cm
UnivOfMinnesota,mean,BAU,CON-4,CON-4-4,4,esm2,-48.8614852234451,-71.9083105119214,4.61868313741219,standard,50-75 cm,48.9-71.9 cm
UnivOfMinnesota,mean,BAU,CON-4,CON-4-5,5,esm1,-69.3,-90.4,10.97913335473,standard,75-100 cm,69.3-90.4 cm
UnivOfMinnesota,mean,BAU,CON-4,CON-4-5,5,esm2,-71.9083105119214,-93.0517495772526,7.23457556212735,standard,75-100 cm,71.9-93.1 cm
UnivOfMinnesota,mean,BAU,CON-5,CON-5-1,1,esm1,0,-11.2,35.7697316943703,standard,0-10 cm,0-11.2 cm
UnivOfMinnesota,mean,BAU,CON-5,CON-5-1,1,esm2,0,-11.5462275238951,36.5112549348186,standard,0-10 cm,0-11.5 cm
UnivOfMinnesota,mean,BAU,CON-5,CON-5-2,2,esm1,-11.2,-29.9,52.9168192407647,standard,10-30 cm,11.2-29.9 cm
UnivOfMinnesota,mean,BAU,CON-5,CON-5-2,2,esm2,-11.5462275238951,-29.2628282121573,59.7584295172607,standard,10-30 cm,11.5-29.3 cm
UnivOfMinnesota,mean,BAU,CON-5,CON-5-3,3,esm1,-29.9,-50.4,26.5968567003681,standard,30-50 cm,29.9-50.4 cm
UnivOfMinnesota,mean,BAU,CON-5,CON-5-3,3,esm2,-29.2628282121573,-50.4879890003653,20.7905015053754,standard,30-50 cm,29.3-50.5 cm
UnivOfMinnesota,mean,BAU,CON-5,CON-5-4,4,esm1,-50.4,-72.4,18.6929467326154,standard,50-75 cm,50.4-72.4 cm
UnivOfMinnesota,mean,BAU,CON-5,CON-5-4,4,esm2,-50.4879890003653,-73.0349274768741,17.5462862108861,standard,50-75 cm,50.5-73 cm
UnivOfMinnesota,mean,BAU,CON-5,CON-5-5,5,esm1,-72.4,-93.9,10.5040103712526,standard,75-100 cm,72.4-93.9 cm
UnivOfMinnesota,mean,BAU,CON-5,CON-5-5,5,esm2,-73.0349274768741,-93.3191333266192,11.9837517583485,standard,75-100 cm,73-93.3 cm
UnivOfMinnesota,mean,BAU,CON-6,CON-6-1,1,esm1,0,-9.8,36.7898074159798,standard,0-10 cm,0-9.8 cm
UnivOfMinnesota,mean,BAU,CON-6,CON-6-1,1,esm2,0,-9.82750672579265,36.9269665591337,standard,0-10 cm,0-9.8 cm
UnivOfMinnesota,mean,BAU,CON-6,CON-6-2,2,esm1,-9.8,-31,54.4676193789629,standard,10-30 cm,9.8-31 cm
UnivOfMinnesota,mean,BAU,CON-6,CON-6-2,2,esm2,-9.82750672579265,-31.9003402225784,59.0321716273364,standard,10-30 cm,9.8-31.9 cm
UnivOfMinnesota,mean,BAU,CON-6,CON-6-3,3,esm1,-31,-47.7,21.5306087738507,standard,30-50 cm,31-47.7 cm
UnivOfMinnesota,mean,BAU,CON-6,CON-6-3,3,esm2,-31.9003402225784,-47.7762313390763,18.4293215950708,standard,30-50 cm,31.9-47.8 cm
UnivOfMinnesota,mean,BAU,CON-6,CON-6-4,4,esm1,-47.7,-67.6,12.3807272922693,standard,50-75 cm,47.7-67.6 cm
UnivOfMinnesota,mean,BAU,CON-6,CON-6-4,4,esm2,-47.7762313390763,-68.0717950717275,13.2305063975602,standard,50-75 cm,47.8-68.1 cm
UnivOfMinnesota,mean,BAU,CON-6,CON-6-5,5,esm1,-67.6,-87.6,12.6147591098995,standard,75-100 cm,67.6-87.6 cm
UnivOfMinnesota,mean,BAU,CON-6,CON-6-5,5,esm2,-68.0717950717275,-87.7350592589042,10.010956637102,standard,75-100 cm,68.1-87.7 cm
UnivOfMinnesota,mean,BAU,CON-7,CON-7-1,1,esm1,0,-10.2,31.5499353856329,standard,0-10 cm,0-10.2 cm
UnivOfMinnesota,mean,BAU,CON-7,CON-7-1,1,esm2,0,-10.2768315743703,31.9531805996591,standard,0-10 cm,0-10.3 cm
UnivOfMinnesota,mean,BAU,CON-7,CON-7-2,2,esm1,-10.2,-29.7,50.155026513947,standard,10-30 cm,10.2-29.7 cm
UnivOfMinnesota,mean,BAU,CON-7,CON-7-2,2,esm2,-10.2768315743703,-29.6693199662445,52.244394778351,standard,10-30 cm,10.3-29.7 cm
UnivOfMinnesota,mean,BAU,CON-7,CON-7-3,3,esm1,-29.7,-49.1,20.1642563232271,standard,30-50 cm,29.7-49.1 cm
UnivOfMinnesota,mean,BAU,CON-7,CON-7-3,3,esm2,-29.6693199662445,-50.259700868692,18.0979976502236,standard,30-50 cm,29.7-50.3 cm
UnivOfMinnesota,mean,BAU,CON-7,CON-7-4,4,esm1,-49.1,-72.5,21.6811948705252,standard,50-75 cm,49.1-72.5 cm
UnivOfMinnesota,mean,BAU,CON-7,CON-7-4,4,esm2,-50.259700868692,-72.8605616637628,21.6359211776842,standard,50-75 cm,50.3-72.9 cm
UnivOfMinnesota,mean,BAU,CON-7,CON-7-5,5,esm1,-72.5,-90,22.0898948078715,standard,75-100 cm,72.5-90 cm
UnivOfMinnesota,mean,BAU,CON-7,CON-7-5,5,esm2,-72.8605616637628,-89.457374101074,14.1357734654505,standard,75-100 cm,72.9-89.5 cm
UnivOfMinnesota,mean,BAU,CON-8,CON-8-1,1,esm1,0,-10.1,31.6856364997502,standard,0-10 cm,0-10.1 cm
UnivOfMinnesota,mean,BAU,CON-8,CON-8-1,1,esm2,0,-10.1127504807588,31.8261024681445,standard,0-10 cm,0-10.1 cm
UnivOfMinnesota,mean,BAU,CON-8,CON-8-2,2,esm1,-10.1,-30.2,43.4966688040441,standard,10-30 cm,10.1-30.2 cm
UnivOfMinnesota,mean,BAU,CON-8,CON-8-2,2,esm2,-10.1127504807588,-31.0214039727484,46.2876799165677,standard,10-30 cm,10.1-31 cm
UnivOfMinnesota,mean,BAU,CON-8,CON-8-3,3,esm1,-30.2,-47,22.3537351007208,standard,30-50 cm,30.2-47 cm
UnivOfMinnesota,mean,BAU,CON-8,CON-8-3,3,esm2,-31.0214039727484,-46.960804084817,21.3964345047005,standard,30-50 cm,31-47 cm
UnivOfMinnesota,mean,BAU,CON-8,CON-8-4,4,esm1,-47,-67.3,18.2991936298733,standard,50-75 cm,47-67.3 cm
UnivOfMinnesota,mean,BAU,CON-8,CON-8-4,4,esm2,-46.960804084817,-67.3422592970061,16.1742594191943,standard,50-75 cm,47-67.3 cm
UnivOfMinnesota,mean,BAU,CON-8,CON-8-5,5,esm1,-67.3,-88.2,14.4478624514008,standard,75-100 cm,67.3-88.2 cm
UnivOfMinnesota,mean,BAU,CON-8,CON-8-5,5,esm2,-67.3422592970061,-88.2423937378586,12.9553706070274,standard,75-100 cm,67.3-88.2 cm
UnivOfMinnesota,mean,BAU,CON-9,CON-9-1,1,esm1,0,-9,37.9231416692316,standard,0-10 cm,0-9 cm
UnivOfMinnesota,mean,BAU,CON-9,CON-9-1,1,esm2,0,-9.03808812372288,38.1467654003371,standard,0-10 cm,0-9 cm
UnivOfMinnesota,mean,BAU,CON-9,CON-9-2,2,esm1,-9,-29,71.4495282772493,standard,10-30 cm,9-29 cm
UnivOfMinnesota,mean,BAU,CON-9,CON-9-2,2,esm2,-9.03808812372288,-29.0715550840913,71.4213011709822,standard,10-30 cm,9-29.1 cm
UnivOfMinnesota,mean,BAU,CON-9,CON-9-3,3,esm1,-29,-47,27.8048909004679,standard,30-50 cm,29-47 cm
UnivOfMinnesota,mean,BAU,CON-9,CON-9-3,3,esm2,-29.0715550840913,-47.2243539561324,27.5992664168243,standard,30-50 cm,29.1-47.2 cm
UnivOfMinnesota,mean,BAU,CON-9,CON-9-4,4,esm1,-47,-67,21.6229796362575,standard,50-75 cm,47-67 cm
UnivOfMinnesota,mean,BAU,CON-9,CON-9-4,4,esm2,-47.2243539561324,-66.5476764415688,23.1325099726176,standard,50-75 cm,47.2-66.5 cm
UnivOfMinnesota,mean,BAU,CON-9,CON-9-5,5,esm1,-67,-88.5,12.2480314743343,standard,75-100 cm,67-88.5 cm
UnivOfMinnesota,mean,BAU,CON-9,CON-9-5,5,esm2,-66.5476764415688,-86.6923180384588,13.4403281890212,standard,75-100 cm,66.5-86.7 cm
UnivOfMinnesota,mean,Ref,REF-1,REF-1-1,1,esm1,0,-13.2,62.1933303877714,standard,0-10 cm,0-13.2 cm
UnivOfMinnesota,mean,Ref,REF-1,REF-1-1,1,esm2,0,-13.1750833564688,63.8456469376576,standard,0-10 cm,0-13.2 cm
UnivOfMinnesota,mean,Ref,REF-1,REF-1-2,2,esm1,-13.2,-41.8,117.345654179201,standard,10-30 cm,13.2-41.8 cm
UnivOfMinnesota,mean,Ref,REF-1,REF-1-2,2,esm2,-13.1750833564688,-41.8912268145053,116.065144914688,standard,10-30 cm,13.2-41.9 cm
UnivOfMinnesota,mean,Ref,REF-1,REF-1-3,3,esm1,-41.8,-69.5,98.1206171612995,standard,30-50 cm,41.8-69.5 cm
UnivOfMinnesota,mean,Ref,REF-1,REF-1-3,3,esm2,-41.8912268145053,-69.549931919269,98.1748190966656,standard,30-50 cm,41.9-69.5 cm
UnivOfMinnesota,mean,Ref,REF-1,REF-1-4,4,esm1,-69.5,-96.8,55.6081623674451,standard,50-75 cm,69.5-96.8 cm
UnivOfMinnesota,mean,Ref,REF-1,REF-1-4,4,esm2,-69.549931919269,-97.0837649507714,58.4094155708271,standard,50-75 cm,69.5-97.1 cm
UnivOfMinnesota,mean,Ref,REF-1,REF-1-5,5,esm1,-96.8,-120.9,19.4149490598479,standard,75-100 cm,96.8-120.9 cm
UnivOfMinnesota,mean,Ref,REF-1,REF-1-5,5,esm2,-97.0837649507714,-120.246872819338,15.6628244526772,standard,75-100 cm,97.1-120.2 cm
UnivOfMinnesota,mean,Ref,REF-2,REF-2-1,1,esm1,0,-14.6,61.4282447837496,standard,0-10 cm,0-14.6 cm
UnivOfMinnesota,mean,Ref,REF-2,REF-2-1,1,esm2,0,-14.2114694513754,61.6634616595734,standard,0-10 cm,0-14.2 cm
UnivOfMinnesota,mean,Ref,REF-2,REF-2-2,2,esm1,-14.6,-41.2,118.991844316828,standard,10-30 cm,14.6-41.2 cm
UnivOfMinnesota,mean,Ref,REF-2,REF-2-2,2,esm2,-14.2114694513754,-43.6908138482058,126.126270528566,standard,10-30 cm,14.2-43.7 cm
UnivOfMinnesota,mean,Ref,REF-2,REF-2-3,3,esm1,-41.2,-64.8,103.679892056987,standard,30-50 cm,41.2-64.8 cm
UnivOfMinnesota,mean,Ref,REF-2,REF-2-3,3,esm2,-43.6908138482058,-64.9549590304967,102.904521607633,standard,30-50 cm,43.7-65 cm
UnivOfMinnesota,mean,Ref,REF-2,REF-2-4,4,esm1,-64.8,-88.4,59.1185392891064,standard,50-75 cm,64.8-88.4 cm
UnivOfMinnesota,mean,Ref,REF-2,REF-2-4,4,esm2,-64.9549590304967,-88.2453878549799,72.6995503486276,standard,50-75 cm,65-88.2 cm
UnivOfMinnesota,mean,Ref,REF-2,REF-2-5,5,esm1,-88.4,-112.4,60.1205484295997,standard,75-100 cm,88.4-112.4 cm
UnivOfMinnesota,mean,Ref,REF-2,REF-2-5,5,esm2,-88.2453878549799,-114.097952388334,-1.62911624475049,standard,75-100 cm,88.2-114.1 cm
UnivOfMinnesota,mean,Ref,REF-3,REF-3-1,1,esm1,0,-14.5,58.9324982026308,standard,0-10 cm,0-14.5 cm
UnivOfMinnesota,mean,Ref,REF-3,REF-3-1,1,esm2,0,-14.8438163441382,59.1490224027286,standard,0-10 cm,0-14.8 cm
UnivOfMinnesota,mean,Ref,REF-3,REF-3-2,2,esm1,-14.5,-46,110.880617239803,standard,10-30 cm,14.5-46 cm
UnivOfMinnesota,mean,Ref,REF-3,REF-3-2,2,esm2,-14.8438163441382,-47.0040554325403,114.900626353771,standard,10-30 cm,14.8-47 cm
UnivOfMinnesota,mean,Ref,REF-3,REF-3-3,3,esm1,-46,-71,84.3008580422747,standard,30-50 cm,46-71 cm
UnivOfMinnesota,mean,Ref,REF-3,REF-3-3,3,esm2,-47.0040554325403,-71.2887353135105,85.6923629881877,standard,30-50 cm,47-71.3 cm
UnivOfMinnesota,mean,Ref,REF-3,REF-3-4,4,esm1,-71,-98.2,40.1101335158148,standard,50-75 cm,71-98.2 cm
UnivOfMinnesota,mean,Ref,REF-3,REF-3-4,4,esm2,-71.2887353135105,-98.2856581053824,37.3760629820077,standard,50-75 cm,71.3-98.3 cm
UnivOfMinnesota,mean,Ref,REF-3,REF-3-5,5,esm1,-98.2,-122.8,8.86260108989745,standard,75-100 cm,98.2-122.8 cm
UnivOfMinnesota,mean,Ref,REF-3,REF-3-5,5,esm2,-98.2856581053824,-122.048768132935,7.27432345948131,standard,75-100 cm,98.3-122 cm
UnivOfMinnesota,mean,Ref,REF-4,REF-4-1,1,esm1,0,-14.5,64.672061147847,standard,0-10 cm,0-14.5 cm
UnivOfMinnesota,mean,Ref,REF-4,REF-4-1,1,esm2,0,-14.2561703760787,66.0298013229614,standard,0-10 cm,0-14.3 cm
UnivOfMinnesota,mean,Ref,REF-4,REF-4-2,2,esm1,-14.5,-45.4,107.290210313336,standard,10-30 cm,14.5-45.4 cm
UnivOfMinnesota,mean,Ref,REF-4,REF-4-2,2,esm2,-14.2561703760787,-45.8427090366529,108.411870112853,standard,10-30 cm,14.3-45.8 cm
UnivOfMinnesota,mean,Ref,REF-4,REF-4-3,3,esm1,-45.4,-71.8,67.126974941638,standard,30-50 cm,45.4-71.8 cm
UnivOfMinnesota,mean,Ref,REF-4,REF-4-3,3,esm2,-45.8427090366529,-71.9361278838273,66.4506257357361,standard,30-50 cm,45.8-71.9 cm
UnivOfMinnesota,mean,Ref,REF-4,REF-4-4,4,esm1,-71.8,-102.6,15.2215308317093,standard,50-75 cm,71.8-102.6 cm
UnivOfMinnesota,mean,Ref,REF-4,REF-4-4,4,esm2,-71.9361278838273,-102.254354608619,24.1409921733937,standard,50-75 cm,71.9-102.3 cm
UnivOfMinnesota,mean,Ref,REF-4,REF-4-5,5,esm1,-102.6,-133.8,15.4192130503029,standard,75-100 cm,102.6-133.8 cm
UnivOfMinnesota,mean,Ref,REF-4,REF-4-5,5,esm2,-102.254354608619,-134.243879899995,2.82683625671649,standard,75-100 cm,102.3-134.2 cm
UnivOfMinnesota,mean,Ref,REF-5,REF-5-1,1,esm1,0,-13.6,64.4248364010599,standard,0-10 cm,0-13.6 cm
UnivOfMinnesota,mean,Ref,REF-5,REF-5-1,1,esm2,0,-13.3363935296555,65.2739074522684,standard,0-10 cm,0-13.3 cm
UnivOfMinnesota,mean,Ref,REF-5,REF-5-2,2,esm1,-13.6,-44.1,112.65602607666101,standard,10-30 cm,13.6-44.1 cm
UnivOfMinnesota,mean,Ref,REF-5,REF-5-2,2,esm2,-13.3363935296555,-44.7058595010812,115.103702234172,standard,10-30 cm,13.3-44.7 cm
UnivOfMinnesota,mean,Ref,REF-5,REF-5-3,3,esm1,-44.1,-68.7,65.8895701832859,standard,30-50 cm,44.1-68.7 cm
UnivOfMinnesota,mean,Ref,REF-5,REF-5-3,3,esm2,-44.7058595010812,-69.9775001778126,71.2539960211338,standard,30-50 cm,44.7-70 cm
UnivOfMinnesota,mean,Ref,REF-5,REF-5-4,4,esm1,-68.7,-98.3,36.9648683554432,standard,50-75 cm,68.7-98.3 cm
UnivOfMinnesota,mean,Ref,REF-5,REF-5-4,4,esm2,-69.9775001778126,-96.4749425474493,40.4928746747816,standard,50-75 cm,70-96.5 cm
UnivOfMinnesota,mean,Ref,REF-5,REF-5-5,5,esm1,-98.3,-127.7,17.4595400494128,standard,75-100 cm,98.3-127.7 cm
UnivOfMinnesota,mean,Ref,REF-5,REF-5-5,5,esm2,-96.4749425474493,-124.690062128849,12.6436697921511,standard,75-100 cm,96.5-124.7 cm
UnivOfMinnesota,mean,Ref,REF-6,REF-6-1,1,esm1,0,-13.5,68.637988287791,standard,0-10 cm,0-13.5 cm
UnivOfMinnesota,mean,Ref,REF-6,REF-6-1,1,esm2,0,-13.5690926991397,68.9223490039583,standard,0-10 cm,0-13.6 cm
UnivOfMinnesota,mean,Ref,REF-6,REF-6-2,2,esm1,-13.5,-42.2,124.826111573608,standard,10-30 cm,13.5-42.2 cm
UnivOfMinnesota,mean,Ref,REF-6,REF-6-2,2,esm2,-13.5690926991397,-42.383302279706,130.555758778238,standard,10-30 cm,13.6-42.4 cm
UnivOfMinnesota,mean,Ref,REF-6,REF-6-3,3,esm1,-42.2,-69.3,72.251172123784,standard,30-50 cm,42.2-69.3 cm
UnivOfMinnesota,mean,Ref,REF-6,REF-6-3,3,esm2,-42.383302279706,-69.6361384414474,68.2244079796998,standard,30-50 cm,42.4-69.6 cm
UnivOfMinnesota,mean,Ref,REF-6,REF-6-4,4,esm1,-69.3,-94,32.4206838571524,standard,50-75 cm,69.3-94 cm
UnivOfMinnesota,mean,Ref,REF-6,REF-6-4,4,esm2,-69.6361384414474,-93.4268998231189,33.7679020601594,standard,50-75 cm,69.6-93.4 cm
UnivOfMinnesota,mean,Ref,REF-6,REF-6-5,5,esm1,-94,-116.9,18.0969874614768,standard,75-100 cm,94-116.9 cm
UnivOfMinnesota,mean,Ref,REF-6,REF-6-5,5,esm2,-93.4268998231189,-114.139077525732,13.339961345776,standard,75-100 cm,93.4-114.1 cm
UnivOfMinnesota,mean,Ref,REF-7,REF-7-1,1,esm1,0,-16.5,57.752370325145,standard,0-10 cm,0-16.5 cm
UnivOfMinnesota,mean,Ref,REF-7,REF-7-1,1,esm2,0,-16.4401826788569,59.4536137847547,standard,0-10 cm,0-16.4 cm
UnivOfMinnesota,mean,Ref,REF-7,REF-7-2,2,esm1,-16.5,-46.5,104.151334251496,standard,10-30 cm,16.5-46.5 cm
UnivOfMinnesota,mean,Ref,REF-7,REF-7-2,2,esm2,-16.4401826788569,-48.0538238981588,104.299299849299,standard,10-30 cm,16.4-48.1 cm
UnivOfMinnesota,mean,Ref,REF-7,REF-7-3,3,esm1,-46.5,-69.5,91.498578604858,standard,30-50 cm,46.5-69.5 cm
UnivOfMinnesota,mean,Ref,REF-7,REF-7-3,3,esm2,-48.0538238981588,-69.6873394631536,97.6628759096129,standard,30-50 cm,48.1-69.7 cm
UnivOfMinnesota,mean,Ref,REF-7,REF-7-4,4,esm1,-69.5,-91.9,48.2789078473123,standard,50-75 cm,69.5-91.9 cm
UnivOfMinnesota,mean,Ref,REF-7,REF-7-4,4,esm2,-69.6873394631536,-94.6531771020043,49.0011919845838,standard,50-75 cm,69.7-94.7 cm
UnivOfMinnesota,mean,Ref,REF-7,REF-7-5,5,esm1,-91.9,-111.7,10.6340965045374,standard,75-100 cm,91.9-111.7 cm
UnivOfMinnesota,mean,Ref,REF-7,REF-7-5,5,esm2,-94.6531771020043,-115.034019485647,11.1453017610435,standard,75-100 cm,94.7-115 cm
UnivOfMinnesota,mean,Ref,REF-8,REF-8-1,1,esm1,0,-14.2,65.0362892020452,standard,0-10 cm,0-14.2 cm
UnivOfMinnesota,mean,Ref,REF-8,REF-8-1,1,esm2,0,-14.3455135700417,67.8393435516124,standard,0-10 cm,0-14.3 cm
UnivOfMinnesota,mean,Ref,REF-8,REF-8-2,2,esm1,-14.2,-41.6,110.611967241913,standard,10-30 cm,14.2-41.6 cm
UnivOfMinnesota,mean,Ref,REF-8,REF-8-2,2,esm2,-14.3455135700417,-41.8560125172447,110.592262895378,standard,10-30 cm,14.3-41.9 cm
UnivOfMinnesota,mean,Ref,REF-8,REF-8-3,3,esm1,-41.6,-66.1,71.2162746498041,standard,30-50 cm,41.6-66.1 cm
UnivOfMinnesota,mean,Ref,REF-8,REF-8-3,3,esm2,-41.8560125172447,-66.3993812710947,70.8057657495015,standard,30-50 cm,41.9-66.4 cm
UnivOfMinnesota,mean,Ref,REF-8,REF-8-4,4,esm1,-66.1,-92.2,34.7598167644732,standard,50-75 cm,66.1-92.2 cm
UnivOfMinnesota,mean,Ref,REF-8,REF-8-4,4,esm2,-66.3993812710947,-93.2516826530099,45.6710875877689,standard,50-75 cm,66.4-93.3 cm
UnivOfMinnesota,mean,Ref,REF-8,REF-8-5,5,esm1,-92.2,-117.9,24.6543387468441,standard,75-100 cm,92.2-117.9 cm
UnivOfMinnesota,mean,Ref,REF-8,REF-8-5,5,esm2,-93.2516826530099,-117.714774128527,8.50803960334986,standard,75-100 cm,93.3-117.7 cm
UnivOfMinnesota,mean,Ref,REF-9,REF-9-1,1,esm1,0,-14.8,62.0066715779877,standard,0-10 cm,0-14.8 cm
UnivOfMinnesota,mean,Ref,REF-9,REF-9-1,1,esm2,0,-14.5922033889454,63.9008218632121,standard,0-10 cm,0-14.6 cm
UnivOfMinnesota,mean,Ref,REF-9,REF-9-2,2,esm1,-14.8,-43.9,102.543962893889,standard,10-30 cm,14.8-43.9 cm
UnivOfMinnesota,mean,Ref,REF-9,REF-9-2,2,esm2,-14.5922033889454,-44.4651296679477,104.32280088293,standard,10-30 cm,14.6-44.5 cm
UnivOfMinnesota,mean,Ref,REF-9,REF-9-3,3,esm1,-43.9,-69.6,62.6174281004838,standard,30-50 cm,43.9-69.6 cm
UnivOfMinnesota,mean,Ref,REF-9,REF-9-3,3,esm2,-44.4651296679477,-69.7764600518644,60.2337978418995,standard,30-50 cm,44.5-69.8 cm
UnivOfMinnesota,mean,Ref,REF-9,REF-9-4,4,esm1,-69.6,-93.3,15.2483164579172,standard,50-75 cm,69.6-93.3 cm
UnivOfMinnesota,mean,Ref,REF-9,REF-9-4,4,esm2,-69.7764600518644,-96.0031514731397,14.7163597565243,standard,50-75 cm,69.8-96 cm
UnivOfMinnesota,mean,Ref,REF-9,REF-9-5,5,esm1,-93.3,-117,13.2979340920591,standard,75-100 cm,93.3-117 cm
UnivOfMinnesota,mean,Ref,REF-9,REF-9-5,5,esm2,-96.0031514731397,-118.205773454867,6.56294538754238,standard,75-100 cm,96-118.2 cm
WashingtonState,mean,SHM,ASP10-1,ASP10-1-1,1,esm1,0,-11.8,19.9010739534884,standard,0-10 cm,0-11.8 cm
WashingtonState,mean,SHM,ASP10-1,ASP10-1-1,1,esm2,0,-12.0034977481835,20.2143400526118,standard,0-10 cm,0-12 cm
WashingtonState,mean,SHM,ASP10-1,ASP10-1-2,2,esm1,-11.8,-36.9,28.2839999999997,standard,10-30 cm,11.8-36.9 cm
WashingtonState,mean,SHM,ASP10-1,ASP10-1-2,2,esm2,-12.0034977481835,-36.8113837261609,29.0705343455109,standard,10-30 cm,12-36.8 cm
WashingtonState,mean,SHM,ASP10-1,ASP10-1-3,3,esm1,-36.9,-64,12.9614399999993,standard,30-50 cm,36.9-64 cm
WashingtonState,mean,SHM,ASP10-1,ASP10-1-3,3,esm2,-36.8113837261609,-64.0446214792392,11.8462842697717,standard,30-50 cm,36.8-64 cm
WashingtonState,mean,SHM,ASP10-1,ASP10-1-4,4,esm1,-64,-98.9,11.5709600000002,standard,50-75 cm,64-98.9 cm
WashingtonState,mean,SHM,ASP10-1,ASP10-1-4,4,esm2,-64.0446214792392,-99.2034986972011,11.8798102901165,standard,50-75 cm,64-99.2 cm
WashingtonState,mean,SHM,ASP10-1,ASP10-1-5,5,esm1,-98.9,-126.9,6.95797000000107,standard,75-100 cm,98.9-126.9 cm
WashingtonState,mean,SHM,ASP10-1,ASP10-1-5,5,esm2,-99.2034986972011,-124.062257729046,6.11736100548974,standard,75-100 cm,99.2-124.1 cm
WashingtonState,mean,SHM,ASP10-2,ASP10-2-1,1,esm1,0,-11.8,15.9116279069767,standard,0-10 cm,0-11.8 cm
WashingtonState,mean,SHM,ASP10-2,ASP10-2-1,1,esm2,0,-12.0375814686258,16.1961027739251,standard,0-10 cm,0-12 cm
WashingtonState,mean,SHM,ASP10-2,ASP10-2-2,2,esm1,-11.8,-36.3,24.5471599999998,standard,10-30 cm,11.8-36.3 cm
WashingtonState,mean,SHM,ASP10-2,ASP10-2-2,2,esm2,-12.0375814686258,-36.4206099957034,25.5822848474447,standard,10-30 cm,12-36.4 cm
WashingtonState,mean,SHM,ASP10-2,ASP10-2-3,3,esm1,-36.3,-59.8,11.2906799999996,standard,30-50 cm,36.3-59.8 cm
WashingtonState,mean,SHM,ASP10-2,ASP10-2-3,3,esm2,-36.4206099957034,-59.5456604905546,10.1416248628505,standard,30-50 cm,36.4-59.5 cm
WashingtonState,mean,SHM,ASP10-2,ASP10-2-4,4,esm1,-59.8,-94.3,7.53147999999989,standard,50-75 cm,59.8-94.3 cm
WashingtonState,mean,SHM,ASP10-2,ASP10-2-4,4,esm2,-59.5456604905546,-94.2910008039832,7.61062865474667,standard,50-75 cm,59.5-94.3 cm
WashingtonState,mean,SHM,ASP10-2,ASP10-2-5,5,esm1,-94.3,-131.9,4.00559999999975,standard,75-100 cm,94.3-131.9 cm
WashingtonState,mean,SHM,ASP10-2,ASP10-2-5,5,esm2,-94.2910008039832,-132.132060540809,3.13928671128749,standard,75-100 cm,94.3-132.1 cm
WashingtonState,mean,SHM,ASP10-3,ASP10-3-1,1,esm1,0,-11.3,8.08575720930231,standard,0-10 cm,0-11.3 cm
WashingtonState,mean,SHM,ASP10-3,ASP10-3-1,1,esm2,0,-11.8114105576422,8.45376975316759,standard,0-10 cm,0-11.8 cm
WashingtonState,mean,SHM,ASP10-3,ASP10-3-2,2,esm1,-11.3,-30.4,11.49588,standard,10-30 cm,11.3-30.4 cm
WashingtonState,mean,SHM,ASP10-3,ASP10-3-2,2,esm2,-11.8114105576422,-29.8363504399114,11.5044560119062,standard,10-30 cm,11.8-29.8 cm
WashingtonState,mean,SHM,ASP10-3,ASP10-3-3,3,esm1,-30.4,-57.1,2.86135999999984,standard,30-50 cm,30.4-57.1 cm
WashingtonState,mean,SHM,ASP10-3,ASP10-3-3,3,esm2,-29.8363504399114,-57.9764794674097,2.37680918435224,standard,30-50 cm,29.8-58 cm
WashingtonState,mean,SHM,ASP10-3,ASP10-3-4,4,esm1,-57.1,-87,2.76434000000007,standard,50-75 cm,57.1-87 cm
WashingtonState,mean,SHM,ASP10-3,ASP10-3-4,4,esm2,-57.9764794674097,-86.5555160826081,2.96843140892866,standard,50-75 cm,58-86.6 cm
WashingtonState,mean,SHM,ASP10-3,ASP10-3-5,5,esm1,-87,-119.7,2.23545000000014,standard,75-100 cm,87-119.7 cm
WashingtonState,mean,SHM,ASP10-3,ASP10-3-5,5,esm2,-86.5555160826081,-119.756065826564,2.16137676349275,standard,75-100 cm,86.6-119.8 cm
WashingtonState,mean,SHM,ASP2-1,ASP2-1-1,1,esm1,0,-12.4,27.6838560000001,standard,0-10 cm,0-12.4 cm
WashingtonState,mean,SHM,ASP2-1,ASP2-1-1,1,esm2,0,-12.9141637639559,28.2465551262609,standard,0-10 cm,0-12.9 cm
WashingtonState,mean,SHM,ASP2-1,ASP2-1-2,2,esm1,-12.4,-33.4,49.7123803999999,standard,10-30 cm,12.4-33.4 cm
WashingtonState,mean,SHM,ASP2-1,ASP2-1-2,2,esm2,-12.9141637639559,-32.8320007864179,50.4595124848689,standard,10-30 cm,12.9-32.8 cm
WashingtonState,mean,SHM,ASP2-1,ASP2-1-3,3,esm1,-33.4,-57.1,40.6681572000008,standard,30-50 cm,33.4-57.1 cm
WashingtonState,mean,SHM,ASP2-1,ASP2-1-3,3,esm2,-32.8320007864179,-56.5955292594142,41.6928596783517,standard,30-50 cm,32.8-56.6 cm
WashingtonState,mean,SHM,ASP2-1,ASP2-1-4,4,esm1,-57.1,-89.4,39.2886311250024,standard,50-75 cm,57.1-89.4 cm
WashingtonState,mean,SHM,ASP2-1,ASP2-1-4,4,esm2,-56.5955292594142,-89.441473107933,37.1367905925183,standard,50-75 cm,56.6-89.4 cm
WashingtonState,mean,SHM,ASP2-1,ASP2-1-5,5,esm1,-89.4,-122.1,26.5313861625019,standard,75-100 cm,89.4-122.1 cm
WashingtonState,mean,SHM,ASP2-1,ASP2-1-5,5,esm2,-89.441473107933,-122.190374104446,26.411889656589,standard,75-100 cm,89.4-122.2 cm
WashingtonState,mean,SHM,ASP2-2,ASP2-2-1,1,esm1,0,-15.7,24.3527019,standard,0-10 cm,0-15.7 cm
WashingtonState,mean,SHM,ASP2-2,ASP2-2-1,1,esm2,0,-17.439455640438698,28.0512985916083,standard,0-10 cm,0-17.4 cm
WashingtonState,mean,SHM,ASP2-2,ASP2-2-2,2,esm1,-15.7,-41.3,35.6114048599998,standard,10-30 cm,15.7-41.3 cm
WashingtonState,mean,SHM,ASP2-2,ASP2-2-2,2,esm2,-17.439455640438698,-40.4126699313178,32.9660476445168,standard,10-30 cm,17.4-40.4 cm
WashingtonState,mean,SHM,ASP2-2,ASP2-2-3,3,esm1,-41.3,-68.3,26.9801063999988,standard,30-50 cm,41.3-68.3 cm
WashingtonState,mean,SHM,ASP2-2,ASP2-2-3,3,esm2,-40.4126699313178,-68.4289753373891,27.736338293099,standard,30-50 cm,40.4-68.4 cm
WashingtonState,mean,SHM,ASP2-2,ASP2-2-4,4,esm1,-68.3,-99.5,21.5360558399993,standard,50-75 cm,68.3-99.5 cm
WashingtonState,mean,SHM,ASP2-2,ASP2-2-4,4,esm2,-68.4289753373891,-99.3931631752519,19.8440966873896,standard,50-75 cm,68.4-99.4 cm
WashingtonState,mean,SHM,ASP2-2,ASP2-2-5,5,esm1,-99.5,-132.3,10.2171999999989,standard,75-100 cm,99.5-132.3 cm
WashingtonState,mean,SHM,ASP2-2,ASP2-2-5,5,esm2,-99.3931631752519,-134.109757390851,9.34700217313943,standard,75-100 cm,99.4-134.1 cm
WashingtonState,mean,SHM,ASP2-3,ASP2-3-1,1,esm1,0,-13.8,29.6598409999999,standard,0-10 cm,0-13.8 cm
WashingtonState,mean,SHM,ASP2-3,ASP2-3-1,1,esm2,0,-14.828335004787,31.6271113585721,standard,0-10 cm,0-14.8 cm
WashingtonState,mean,SHM,ASP2-3,ASP2-3-2,2,esm1,-13.8,-37.2,64.0322279999998,standard,10-30 cm,13.8-37.2 cm
WashingtonState,mean,SHM,ASP2-3,ASP2-3-2,2,esm2,-14.828335004787,-37.4665663992235,62.8856550183999,standard,10-30 cm,14.8-37.5 cm
WashingtonState,mean,SHM,ASP2-3,ASP2-3-3,3,esm1,-37.2,-59.2,44.7696520000003,standard,30-50 cm,37.2-59.2 cm
WashingtonState,mean,SHM,ASP2-3,ASP2-3-3,3,esm2,-37.4665663992235,-58.8338487333696,46.1602117766527,standard,30-50 cm,37.5-58.8 cm
WashingtonState,mean,SHM,ASP2-3,ASP2-3-4,4,esm1,-59.2,-91.7,31.0570005374969,standard,50-75 cm,59.2-91.7 cm
WashingtonState,mean,SHM,ASP2-3,ASP2-3-4,4,esm2,-58.8338487333696,-91.8154026650797,29.0491069372326,standard,50-75 cm,58.8-91.8 cm
WashingtonState,mean,SHM,ASP2-3,ASP2-3-5,5,esm1,-91.7,-124.5,16.7298450875011,standard,75-100 cm,91.7-124.5 cm
WashingtonState,mean,SHM,ASP2-3,ASP2-3-5,5,esm2,-91.8154026650797,-124.574575342544,17.1258879785309,standard,75-100 cm,91.8-124.6 cm
WashingtonState,mean,SHM,ASP6-1,ASP6-1-1,1,esm1,0,-11.7,24.2715,standard,0-10 cm,0-11.7 cm
WashingtonState,mean,SHM,ASP6-1,ASP6-1-1,1,esm2,0,-11.8721490234646,24.4891846267991,standard,0-10 cm,0-11.9 cm
WashingtonState,mean,SHM,ASP6-1,ASP6-1-2,2,esm1,-11.7,-35.5,33.8504999999999,standard,10-30 cm,11.7-35.5 cm
WashingtonState,mean,SHM,ASP6-1,ASP6-1-2,2,esm2,-11.8721490234646,-35.5009621043723,35.909626745767,standard,10-30 cm,11.9-35.5 cm
WashingtonState,mean,SHM,ASP6-1,ASP6-1-3,3,esm1,-35.5,-59,15.4740000000006,standard,30-50 cm,35.5-59 cm
WashingtonState,mean,SHM,ASP6-1,ASP6-1-3,3,esm2,-35.5009621043723,-59.050142283938,13.584420019556,standard,30-50 cm,35.5-59.1 cm
WashingtonState,mean,SHM,ASP6-1,ASP6-1-4,4,esm1,-59,-88.9,11.4366200000015,standard,50-75 cm,59-88.9 cm
WashingtonState,mean,SHM,ASP6-1,ASP6-1-4,4,esm2,-59.050142283938,-88.9642070573322,11.2191692300924,standard,50-75 cm,59.1-89 cm
WashingtonState,mean,SHM,ASP6-1,ASP6-1-5,5,esm1,-88.9,-120.4,7.84998000000181,standard,75-100 cm,88.9-120.4 cm
WashingtonState,mean,SHM,ASP6-1,ASP6-1-5,5,esm2,-88.9642070573322,-120.307267189905,7.65994249025587,standard,75-100 cm,89-120.3 cm
WashingtonState,mean,SHM,ASP6-2,ASP6-2-1,1,esm1,0,-13.9,23.80695,standard,0-10 cm,0-13.9 cm
WashingtonState,mean,SHM,ASP6-2,ASP6-2-1,1,esm2,0,-14.9034577991621,25.3586868368911,standard,0-10 cm,0-14.9 cm
WashingtonState,mean,SHM,ASP6-2,ASP6-2-2,2,esm1,-13.9,-45.5,37.5580499999998,standard,10-30 cm,13.9-45.5 cm
WashingtonState,mean,SHM,ASP6-2,ASP6-2-2,2,esm2,-14.9034577991621,-45.2606341193448,36.5896172751629,standard,10-30 cm,14.9-45.3 cm
WashingtonState,mean,SHM,ASP6-2,ASP6-2-3,3,esm1,-45.5,-74.9,20.4223000000004,standard,30-50 cm,45.5-74.9 cm
WashingtonState,mean,SHM,ASP6-2,ASP6-2-3,3,esm2,-45.2606341193448,-78.1576608641048,21.1854894311647,standard,30-50 cm,45.3-78.2 cm
WashingtonState,mean,SHM,ASP6-2,ASP6-2-4,4,esm1,-74.9,-106.5,20.1681000000015,standard,50-75 cm,74.9-106.5 cm
WashingtonState,mean,SHM,ASP6-2,ASP6-2-4,4,esm2,-78.1576608641048,-106.653296891248,18.9082798345472,standard,50-75 cm,78.2-106.7 cm
WashingtonState,mean,SHM,ASP6-2,ASP6-2-5,5,esm1,-106.5,-138,13.8851999999981,standard,75-100 cm,106.5-138 cm
WashingtonState,mean,SHM,ASP6-2,ASP6-2-5,5,esm2,-106.653296891248,-134.024391237099,11.1627770443442,standard,75-100 cm,106.7-134 cm
WashingtonState,mean,SHM,ASP6-3,ASP6-3-1,1,esm1,0,-11.2,26.6819599999999,standard,0-10 cm,0-11.2 cm
WashingtonState,mean,SHM,ASP6-3,ASP6-3-1,1,esm2,0,-11.2941202325311,26.7456351247202,standard,0-10 cm,0-11.3 cm
WashingtonState,mean,SHM,ASP6-3,ASP6-3-2,2,esm1,-11.2,-38.3,46.0904900000002,standard,10-30 cm,11.2-38.3 cm
WashingtonState,mean,SHM,ASP6-3,ASP6-3-2,2,esm2,-11.2941202325311,-37.8800503200454,48.0719587025594,standard,10-30 cm,11.3-37.9 cm
WashingtonState,mean,SHM,ASP6-3,ASP6-3-3,3,esm1,-38.3,-68.7,33.7164200000006,standard,30-50 cm,38.3-68.7 cm
WashingtonState,mean,SHM,ASP6-3,ASP6-3-3,3,esm2,-37.8800503200454,-69.7298502266756,32.5259494216732,standard,30-50 cm,37.9-69.7 cm
WashingtonState,mean,SHM,ASP6-3,ASP6-3-4,4,esm1,-68.7,-100.4,30.7672099999998,standard,50-75 cm,68.7-100.4 cm
WashingtonState,mean,SHM,ASP6-3,ASP6-3-4,4,esm2,-69.7298502266756,-100.632253098799,30.8848787874639,standard,50-75 cm,69.7-100.6 cm
WashingtonState,mean,SHM,ASP6-3,ASP6-3-5,5,esm1,-100.4,-125.3,14.9031100000009,standard,75-100 cm,100.4-125.3 cm
WashingtonState,mean,SHM,ASP6-3,ASP6-3-5,5,esm2,-100.632253098799,-123.784651786303,12.4759103134386,standard,75-100 cm,100.6-123.8 cm
WashingtonState,mean,SHM,ASP9-1,ASP9-1-1,1,esm1,0,-14,27.694815,standard,0-10 cm,0-14 cm
WashingtonState,mean,SHM,ASP9-1,ASP9-1-1,1,esm2,0,-15.6817116235461,28.8307469941073,standard,0-10 cm,0-15.7 cm
WashingtonState,mean,SHM,ASP9-1,ASP9-1-2,2,esm1,-14,-39.2,45.4026208,standard,10-30 cm,14-39.2 cm
WashingtonState,mean,SHM,ASP9-1,ASP9-1-2,2,esm2,-15.6817116235461,-38.4462464404967,43.1603058291109,standard,10-30 cm,15.7-38.4 cm
WashingtonState,mean,SHM,ASP9-1,ASP9-1-3,3,esm1,-39.2,-63.4,49.6619423999984,standard,30-50 cm,39.2-63.4 cm
WashingtonState,mean,SHM,ASP9-1,ASP9-1-3,3,esm2,-38.4462464404967,-63.4897484074396,51.0742975980444,standard,30-50 cm,38.4-63.5 cm
WashingtonState,mean,SHM,ASP9-1,ASP9-1-4,4,esm1,-63.4,-95.4,49.5272959999971,standard,50-75 cm,63.4-95.4 cm
WashingtonState,mean,SHM,ASP9-1,ASP9-1-4,4,esm2,-63.4897484074396,-95.3709651853238,51.2358777557952,standard,50-75 cm,63.5-95.4 cm
WashingtonState,mean,SHM,ASP9-1,ASP9-1-5,5,esm1,-95.4,-129.4,43.1934084000003,standard,75-100 cm,95.4-129.4 cm
WashingtonState,mean,SHM,ASP9-1,ASP9-1-5,5,esm2,-95.3709651853238,-129.741201622216,40.7127690947876,standard,75-100 cm,95.4-129.7 cm
WashingtonState,mean,SHM,ASP9-2,ASP9-2-1,1,esm1,0,-12.8,26.6565072,standard,0-10 cm,0-12.8 cm
WashingtonState,mean,SHM,ASP9-2,ASP9-2-1,1,esm2,0,-13.5453340855153,27.8322938045709,standard,0-10 cm,0-13.5 cm
WashingtonState,mean,SHM,ASP9-2,ASP9-2-2,2,esm1,-12.8,-38.9,41.1368045000002,standard,10-30 cm,12.8-38.9 cm
WashingtonState,mean,SHM,ASP9-2,ASP9-2-2,2,esm2,-13.5453340855153,-39.1640178253652,40.5951417902071,standard,10-30 cm,13.5-39.2 cm
WashingtonState,mean,SHM,ASP9-2,ASP9-2-3,3,esm1,-38.9,-61.2,33.5484312400007,standard,30-50 cm,38.9-61.2 cm
WashingtonState,mean,SHM,ASP9-2,ASP9-2-3,3,esm2,-39.1640178253652,-61.0763609368672,33.8837692807796,standard,30-50 cm,39.2-61.1 cm
WashingtonState,mean,SHM,ASP9-2,ASP9-2-4,4,esm1,-61.2,-90.6,31.4357088600007,standard,50-75 cm,61.2-90.6 cm
WashingtonState,mean,SHM,ASP9-2,ASP9-2-4,4,esm2,-61.0763609368672,-90.4371079073841,30.8957568778661,standard,50-75 cm,61.1-90.4 cm
WashingtonState,mean,SHM,ASP9-2,ASP9-2-5,5,esm1,-90.6,-124.9,18.6701246999998,standard,75-100 cm,90.6-124.9 cm
WashingtonState,mean,SHM,ASP9-2,ASP9-2-5,5,esm2,-90.4371079073841,-125.271132337804,18.2749446081437,standard,75-100 cm,90.4-125.3 cm
WashingtonState,mean,SHM,ASP9-3,ASP9-3-1,1,esm1,0,-14.2,28.186094400000002,standard,0-10 cm,0-14.2 cm
WashingtonState,mean,SHM,ASP9-3,ASP9-3-1,1,esm2,0,-15.7492925290231,29.3312286667828,standard,0-10 cm,0-15.7 cm
WashingtonState,mean,SHM,ASP9-3,ASP9-3-2,2,esm1,-14.2,-42.5,29.7941399,standard,10-30 cm,14.2-42.5 cm
WashingtonState,mean,SHM,ASP9-3,ASP9-3-2,2,esm2,-15.7492925290231,-42.0678589634772,29.4926887681438,standard,10-30 cm,15.7-42.1 cm
WashingtonState,mean,SHM,ASP9-3,ASP9-3-3,3,esm1,-42.5,-72.7,20.037379220001,standard,30-50 cm,42.5-72.7 cm
WashingtonState,mean,SHM,ASP9-3,ASP9-3-3,3,esm2,-42.0678589634772,-72.3168210273093,19.8976156837844,standard,30-50 cm,42.1-72.3 cm
WashingtonState,mean,SHM,ASP9-3,ASP9-3-4,4,esm1,-72.7,-113.8,14.5254796799992,standard,50-75 cm,72.7-113.8 cm
WashingtonState,mean,SHM,ASP9-3,ASP9-3-4,4,esm2,-72.3168210273093,-114.263240161912,14.2923036323714,standard,50-75 cm,72.3-114.3 cm
WashingtonState,mean,SHM,ASP9-3,ASP9-3-5,5,esm1,-113.8,-151.8,5.77478399999933,standard,75-100 cm,113.8-151.8 cm
WashingtonState,mean,SHM,ASP9-3,ASP9-3-5,5,esm2,-114.263240161912,-139.439566252108,-5.97209889838618,standard,75-100 cm,114.3-139.4 cm
WashingtonState,mean,BAU,BAU3-1,BAU3-1-1,1,esm1,0,-14.3,17.98894,standard,0-10 cm,0-14.3 cm
WashingtonState,mean,BAU,BAU3-1,BAU3-1-1,1,esm2,0,-15.7555439682828,20.074963128085,standard,0-10 cm,0-15.8 cm
WashingtonState,mean,BAU,BAU3-1,BAU3-1-2,2,esm1,-14.3,-40.3,22.5589199999995,standard,10-30 cm,14.3-40.3 cm
WashingtonState,mean,BAU,BAU3-1,BAU3-1-2,2,esm2,-15.7555439682828,-39.7232157332344,21.0307892929552,standard,10-30 cm,15.8-39.7 cm
WashingtonState,mean,BAU,BAU3-1,BAU3-1-3,3,esm1,-40.3,-66.8,13.2022999999992,standard,30-50 cm,40.3-66.8 cm
WashingtonState,mean,BAU,BAU3-1,BAU3-1-3,3,esm2,-39.7232157332344,-66.7282518163671,12.7901079949398,standard,30-50 cm,39.7-66.7 cm
WashingtonState,mean,BAU,BAU3-1,BAU3-1-4,4,esm1,-66.8,-99.7,15.8383600000009,standard,50-75 cm,66.8-99.7 cm
WashingtonState,mean,BAU,BAU3-1,BAU3-1-4,4,esm2,-66.7282518163671,-99.790721765871,15.7378262055441,standard,50-75 cm,66.7-99.8 cm
WashingtonState,mean,BAU,BAU3-1,BAU3-1-5,5,esm1,-99.7,-134.1,14.9637399999987,standard,75-100 cm,99.7-134.1 cm
WashingtonState,mean,BAU,BAU3-1,BAU3-1-5,5,esm2,-99.790721765871,-134.944894233433,14.5261440704872,standard,75-100 cm,99.8-134.9 cm
WashingtonState,mean,BAU,BAU3-2,BAU3-2-1,1,esm1,0,-15.1,14.99666,standard,0-10 cm,0-15.1 cm
WashingtonState,mean,BAU,BAU3-2,BAU3-2-1,1,esm2,0,-16.7860989536894,16.4499816562464,standard,0-10 cm,0-16.8 cm
WashingtonState,mean,BAU,BAU3-2,BAU3-2-2,2,esm1,-15.1,-42.2,21.7484399999998,standard,10-30 cm,15.1-42.2 cm
WashingtonState,mean,BAU,BAU3-2,BAU3-2-2,2,esm2,-16.7860989536894,-42.0344683466153,20.5426608079232,standard,10-30 cm,16.8-42 cm
WashingtonState,mean,BAU,BAU3-2,BAU3-2-3,3,esm1,-42.2,-66.6,15.7135999999998,standard,30-50 cm,42.2-66.6 cm
WashingtonState,mean,BAU,BAU3-2,BAU3-2-3,3,esm2,-42.0344683466153,-66.4785363397292,15.6050143356304,standard,30-50 cm,42-66.5 cm
WashingtonState,mean,BAU,BAU3-2,BAU3-2-4,4,esm1,-66.6,-98,18.7817999999994,standard,50-75 cm,66.6-98 cm
WashingtonState,mean,BAU,BAU3-2,BAU3-2-4,4,esm2,-66.4785363397292,-98.016268677696,19.2206773082678,standard,50-75 cm,66.5-98 cm
WashingtonState,mean,BAU,BAU3-2,BAU3-2-5,5,esm1,-98,-130.5,9.067000000001,standard,75-100 cm,98-130.5 cm
WashingtonState,mean,BAU,BAU3-2,BAU3-2-5,5,esm2,-98.016268677696,-130.679814599452,5.60666153157797,standard,75-100 cm,98-130.7 cm
WashingtonState,mean,BAU,BAU3-3,BAU3-3-1,1,esm1,0,-14.8,16.08,standard,0-10 cm,0-14.8 cm
WashingtonState,mean,BAU,BAU3-3,BAU3-3-1,1,esm2,0,-16.0175316233321,17.6501076310818,standard,0-10 cm,0-16 cm
WashingtonState,mean,BAU,BAU3-3,BAU3-3-2,2,esm1,-14.8,-42.4,20.39806,standard,10-30 cm,14.8-42.4 cm
WashingtonState,mean,BAU,BAU3-3,BAU3-3-2,2,esm2,-16.0175316233321,-42.0369557301369,19.6838178240585,standard,10-30 cm,16-42 cm
WashingtonState,mean,BAU,BAU3-3,BAU3-3-3,3,esm1,-42.4,-70.8,14.339160000001,standard,30-50 cm,42.4-70.8 cm
WashingtonState,mean,BAU,BAU3-3,BAU3-3-3,3,esm2,-42.0369557301369,-70.9118535693837,13.6519188980215,standard,30-50 cm,42-70.9 cm
WashingtonState,mean,BAU,BAU3-3,BAU3-3-4,4,esm1,-70.8,-115.5,9.46188000000036,standard,50-75 cm,70.8-115.5 cm
WashingtonState,mean,BAU,BAU3-3,BAU3-3-4,4,esm2,-70.9118535693837,-114.205247270845,9.43936768807581,standard,50-75 cm,70.9-114.2 cm
WashingtonState,mean,BAU,BAU3-3,BAU3-3-5,5,esm1,-115.5,-176.3,6.56640000000198,standard,75-100 cm,115.5-176.3 cm
WashingtonState,mean,BAU,BAU3-3,BAU3-3-5,5,esm2,-114.205247270845,-232.641681692915,2.17849023665642,standard,75-100 cm,114.2-232.6 cm
WashingtonState,mean,BAU,BAU8-1,BAU8-1-1,1,esm1,0,-13.2,25.4010524444445,standard,0-10 cm,0-13.2 cm
WashingtonState,mean,BAU,BAU8-1,BAU8-1-1,1,esm2,0,-12.952178994589,25.6513763942143,standard,0-10 cm,0-13 cm
WashingtonState,mean,BAU,BAU8-1,BAU8-1-2,2,esm1,-13.2,-49.1,63.3361251999994,standard,10-30 cm,13.2-49.1 cm
WashingtonState,mean,BAU,BAU8-1,BAU8-1-2,2,esm2,-12.952178994589,-49.5590864289299,62.1835308182833,standard,10-30 cm,13-49.6 cm
WashingtonState,mean,BAU,BAU8-1,BAU8-1-3,3,esm1,-49.1,-85.6,66.7893267999984,standard,30-50 cm,49.1-85.6 cm
WashingtonState,mean,BAU,BAU8-1,BAU8-1-3,3,esm2,-49.5590864289299,-86.2582273663758,69.5603026699584,standard,30-50 cm,49.6-86.3 cm
WashingtonState,mean,BAU,BAU8-1,BAU8-1-4,4,esm1,-85.6,-121.9,58.8643265571411,standard,50-75 cm,85.6-121.9 cm
WashingtonState,mean,BAU,BAU8-1,BAU8-1-4,4,esm2,-86.2582273663758,-121.945064649844,57.0705355352042,standard,50-75 cm,86.3-121.9 cm
WashingtonState,mean,BAU,BAU8-1,BAU8-1-5,5,esm1,-121.9,-155,48.9657804428553,standard,75-100 cm,121.9-155 cm
WashingtonState,mean,BAU,BAU8-1,BAU8-1-5,5,esm2,-121.945064649844,-144.58372029673,16.8348077512745,standard,75-100 cm,121.9-144.6 cm
WashingtonState,mean,BAU,BAU8-2,BAU8-2-1,1,esm1,0,-12.6,23.4176961481482,standard,0-10 cm,0-12.6 cm
WashingtonState,mean,BAU,BAU8-2,BAU8-2-1,1,esm2,0,-12.7161700633413,23.7273367405726,standard,0-10 cm,0-12.7 cm
WashingtonState,mean,BAU,BAU8-2,BAU8-2-2,2,esm1,-12.6,-41.3,51.4634999333339,standard,10-30 cm,12.6-41.3 cm
WashingtonState,mean,BAU,BAU8-2,BAU8-2-2,2,esm2,-12.7161700633413,-40.9562142415272,48.905948066945,standard,10-30 cm,12.7-41 cm
WashingtonState,mean,BAU,BAU8-2,BAU8-2-3,3,esm1,-41.3,-71.8,63.8892729555559,standard,30-50 cm,41.3-71.8 cm
WashingtonState,mean,BAU,BAU8-2,BAU8-2-3,3,esm2,-40.9562142415272,-72.1104084637257,66.2352908152406,standard,30-50 cm,41-72.1 cm
WashingtonState,mean,BAU,BAU8-2,BAU8-2-4,4,esm1,-71.8,-105.3,69.1158311142836,standard,50-75 cm,71.8-105.3 cm
WashingtonState,mean,BAU,BAU8-2,BAU8-2-4,4,esm2,-72.1104084637257,-104.820999573033,74.1271133520864,standard,50-75 cm,72.1-104.8 cm
WashingtonState,mean,BAU,BAU8-2,BAU8-2-5,5,esm1,-105.3,-138.4,39.1769992285714,standard,75-100 cm,105.3-138.4 cm
WashingtonState,mean,BAU,BAU8-2,BAU8-2-5,5,esm2,-104.820999573033,-143.179979285795,6.22504323019032,standard,75-100 cm,104.8-143.2 cm
WashingtonState,mean,BAU,BAU8-3,BAU8-3-1,1,esm1,0,-11.6,26.1512048444444,standard,0-10 cm,0-11.6 cm
WashingtonState,mean,BAU,BAU8-3,BAU8-3-1,1,esm2,0,-12.2872477208059,26.6095193879714,standard,0-10 cm,0-12.3 cm
WashingtonState,mean,BAU,BAU8-3,BAU8-3-2,2,esm1,-11.6,-34,53.4492955999998,standard,10-30 cm,11.6-34 cm
WashingtonState,mean,BAU,BAU8-3,BAU8-3-2,2,esm2,-12.2872477208059,-32.2373218986798,53.362744040955,standard,10-30 cm,12.3-32.2 cm
WashingtonState,mean,BAU,BAU8-3,BAU8-3-3,3,esm1,-34,-66.1,52.738032325,standard,30-50 cm,34-66.1 cm
WashingtonState,mean,BAU,BAU8-3,BAU8-3-3,3,esm2,-32.2373218986798,-66.8064892934972,53.2200504203248,standard,30-50 cm,32.2-66.8 cm
WashingtonState,mean,BAU,BAU8-3,BAU8-3-4,4,esm1,-66.1,-99.7,50.0363183249998,standard,50-75 cm,66.1-99.7 cm
WashingtonState,mean,BAU,BAU8-3,BAU8-3-4,4,esm2,-66.8064892934972,-99.6476922730215,50.4747714913777,standard,50-75 cm,66.8-99.6 cm
WashingtonState,mean,BAU,BAU8-3,BAU8-3-5,5,esm1,-99.7,-132.8,33.3165026657154,standard,75-100 cm,99.7-132.8 cm
WashingtonState,mean,BAU,BAU8-3,BAU8-3-5,5,esm2,-99.6476922730215,-132.865564485018,30.4294692683176,standard,75-100 cm,99.6-132.9 cm
WashingtonState,mean,BAU,BAU9-1,BAU9-1-1,1,esm1,0,-13.2,15.7085624,standard,0-10 cm,0-13.2 cm
WashingtonState,mean,BAU,BAU9-1,BAU9-1-1,1,esm2,0,-14.9759946686985,16.1954024988205,standard,0-10 cm,0-15 cm
WashingtonState,mean,BAU,BAU9-1,BAU9-1-2,2,esm1,-13.2,-34.4,32.0580606000003,standard,10-30 cm,13.2-34.4 cm
WashingtonState,mean,BAU,BAU9-1,BAU9-1-2,2,esm2,-14.9759946686985,-34.1630369558163,31.8516014414773,standard,10-30 cm,15-34.2 cm
WashingtonState,mean,BAU,BAU9-1,BAU9-1-3,3,esm1,-34.4,-57.8,26.5538520000001,standard,30-50 cm,34.4-57.8 cm
WashingtonState,mean,BAU,BAU9-1,BAU9-1-3,3,esm2,-34.1630369558163,-57.8020394131775,27.7343959545132,standard,30-50 cm,34.2-57.8 cm
WashingtonState,mean,BAU,BAU9-1,BAU9-1-4,4,esm1,-57.8,-83.9,26.1429465599996,standard,50-75 cm,57.8-83.9 cm
WashingtonState,mean,BAU,BAU9-1,BAU9-1-4,4,esm2,-57.8020394131775,-83.8718145931871,25.6078854783603,standard,50-75 cm,57.8-83.9 cm
WashingtonState,mean,BAU,BAU9-1,BAU9-1-5,5,esm1,-83.9,-112.3,14.3635164599992,standard,75-100 cm,83.9-112.3 cm
WashingtonState,mean,BAU,BAU9-1,BAU9-1-5,5,esm2,-83.8718145931871,-112.535889238529,13.740972055914,standard,75-100 cm,83.9-112.5 cm
WashingtonState,mean,BAU,BAU9-2,BAU9-2-1,1,esm1,0,-12.9,16.8372668,standard,0-10 cm,0-12.9 cm
WashingtonState,mean,BAU,BAU9-2,BAU9-2-1,1,esm2,0,-13.9493236578347,17.8957213100234,standard,0-10 cm,0-13.9 cm
WashingtonState,mean,BAU,BAU9-2,BAU9-2-2,2,esm1,-12.9,-33.4,31.5648835200002,standard,10-30 cm,12.9-33.4 cm
WashingtonState,mean,BAU,BAU9-2,BAU9-2-2,2,esm2,-13.9493236578347,-32.700242192366,30.9116965897754,standard,10-30 cm,13.9-32.7 cm
WashingtonState,mean,BAU,BAU9-2,BAU9-2-3,3,esm1,-33.4,-59.2,24.2487569399996,standard,30-50 cm,33.4-59.2 cm
WashingtonState,mean,BAU,BAU9-2,BAU9-2-3,3,esm2,-32.700242192366,-58.8068220811057,24.0176634806755,standard,30-50 cm,32.7-58.8 cm
WashingtonState,mean,BAU,BAU9-2,BAU9-2-4,4,esm1,-59.2,-97.7,20.8015063399995,standard,50-75 cm,59.2-97.7 cm
WashingtonState,mean,BAU,BAU9-2,BAU9-2-4,4,esm2,-58.8068220811057,-98.9037959339354,20.7738835645932,standard,50-75 cm,58.8-98.9 cm
WashingtonState,mean,BAU,BAU9-2,BAU9-2-5,5,esm1,-97.7,-129.1,16.530057360001,standard,75-100 cm,97.7-129.1 cm
WashingtonState,mean,BAU,BAU9-2,BAU9-2-5,5,esm2,-98.9037959339354,-134.292967588916,15.0254017709783,standard,75-100 cm,98.9-134.3 cm
WashingtonState,mean,BAU,BAU9-3,BAU9-3-1,1,esm1,0,-12.8,18.984004474074,standard,0-10 cm,0-12.8 cm
WashingtonState,mean,BAU,BAU9-3,BAU9-3-1,1,esm2,0,-13.0629905045227,19.4614929795628,standard,0-10 cm,0-13.1 cm
WashingtonState,mean,BAU,BAU9-3,BAU9-3-2,2,esm1,-12.8,-42.1,35.1868253259264,standard,10-30 cm,12.8-42.1 cm
WashingtonState,mean,BAU,BAU9-3,BAU9-3-2,2,esm2,-13.0629905045227,-42.3504643436368,36.0273002613342,standard,10-30 cm,13.1-42.4 cm
WashingtonState,mean,BAU,BAU9-3,BAU9-3-3,3,esm1,-42.1,-69.5,25.4799793574084,standard,30-50 cm,42.1-69.5 cm
WashingtonState,mean,BAU,BAU9-3,BAU9-3-3,3,esm2,-42.3504643436368,-70.0652417631075,25.6606718903494,standard,30-50 cm,42.4-70.1 cm
WashingtonState,mean,BAU,BAU9-3,BAU9-3-4,4,esm1,-69.5,-101.4,20.3324546700002,standard,50-75 cm,69.5-101.4 cm
WashingtonState,mean,BAU,BAU9-3,BAU9-3-4,4,esm2,-70.0652417631075,-101.414184961135,18.888097255871,standard,50-75 cm,70.1-101.4 cm
WashingtonState,mean,BAU,BAU9-3,BAU9-3-5,5,esm1,-101.4,-134.5,10.0158913800005,standard,75-100 cm,101.4-134.5 cm
WashingtonState,mean,BAU,BAU9-3,BAU9-3-5,5,esm2,-101.414184961135,-134.006290953747,6.261974210874,standard,75-100 cm,101.4-134 cm
WashingtonState,mean,Ref,PGL7-7a,PGL7-7a-1,1,esm1,0,-12.1,19.7718790909091,standard,0-10 cm,0-12.1 cm
WashingtonState,mean,Ref,PGL7-7a,PGL7-7a-1,1,esm2,0,-12.3477270860769,20.5106845143985,standard,0-10 cm,0-12.3 cm
WashingtonState,mean,Ref,PGL7-7a,PGL7-7a-2,2,esm1,-12.1,-36.2,20.9353814999999,standard,10-30 cm,12.1-36.2 cm
WashingtonState,mean,Ref,PGL7-7a,PGL7-7a-2,2,esm2,-12.3477270860769,-36.2890739289875,21.1179141092943,standard,10-30 cm,12.3-36.3 cm
WashingtonState,mean,Ref,PGL7-7a,PGL7-7a-3,3,esm1,-36.2,-59.8,11.5159080000005,standard,30-50 cm,36.2-59.8 cm
WashingtonState,mean,Ref,PGL7-7a,PGL7-7a-3,3,esm2,-36.2890739289875,-59.698346009354,10.7278859334111,standard,30-50 cm,36.3-59.7 cm
WashingtonState,mean,Ref,PGL7-7a,PGL7-7a-4,4,esm1,-59.8,-93.5,9.79581710000034,standard,50-75 cm,59.8-93.5 cm
WashingtonState,mean,Ref,PGL7-7a,PGL7-7a-4,4,esm2,-59.698346009354,-93.3895944099715,10.0406409512144,standard,50-75 cm,59.7-93.4 cm
WashingtonState,mean,Ref,PGL7-7a,PGL7-7a-5,5,esm1,-93.5,-128.5,5.87618896666758,standard,75-100 cm,93.5-128.5 cm
WashingtonState,mean,Ref,PGL7-7a,PGL7-7a-5,5,esm2,-93.3895944099715,-128.132354030828,5.15471457014824,standard,75-100 cm,93.4-128.1 cm
WashingtonState,mean,Ref,PGL7-7b,PGL7-7b-1,1,esm1,0,-13.9,23.2960072,standard,0-10 cm,0-13.9 cm
WashingtonState,mean,Ref,PGL7-7b,PGL7-7b-1,1,esm2,0,-14.63555055227,24.1822902048423,standard,0-10 cm,0-14.6 cm
WashingtonState,mean,Ref,PGL7-7b,PGL7-7b-2,2,esm1,-13.9,-40.4,30.8801045199994,standard,10-30 cm,13.9-40.4 cm
WashingtonState,mean,Ref,PGL7-7b,PGL7-7b-2,2,esm2,-14.63555055227,-40.2619344585048,31.0274391697275,standard,10-30 cm,14.6-40.3 cm
WashingtonState,mean,Ref,PGL7-7b,PGL7-7b-3,3,esm1,-40.4,-66,15.7256624799992,standard,30-50 cm,40.4-66 cm
WashingtonState,mean,Ref,PGL7-7b,PGL7-7b-3,3,esm2,-40.2619344585048,-66.1594751569843,14.8599908151699,standard,30-50 cm,40.3-66.2 cm
WashingtonState,mean,Ref,PGL7-7b,PGL7-7b-4,4,esm1,-66,-93.9,10.9260334500001,standard,50-75 cm,66-93.9 cm
WashingtonState,mean,Ref,PGL7-7b,PGL7-7b-4,4,esm2,-66.1594751569843,-93.5747583154576,11.21501108204,standard,50-75 cm,66.2-93.6 cm
WashingtonState,mean,Ref,PGL7-7b,PGL7-7b-5,5,esm1,-93.9,-126.8,9.48182930333408,standard,75-100 cm,93.9-126.8 cm
WashingtonState,mean,Ref,PGL7-7b,PGL7-7b-5,5,esm2,-93.5747583154576,-127.646976499244,9.01104348511332,standard,75-100 cm,93.6-127.6 cm
WashingtonState,mean,Ref,PGL7-7c,PGL7-7c-1,1,esm1,0,-13.5,26.87807,standard,0-10 cm,0-13.5 cm
WashingtonState,mean,Ref,PGL7-7c,PGL7-7c-1,1,esm2,0,-13.6830940255764,27.2635334865255,standard,0-10 cm,0-13.7 cm
WashingtonState,mean,Ref,PGL7-7c,PGL7-7c-2,2,esm1,-13.5,-42.3,43.9029642300002,standard,10-30 cm,13.5-42.3 cm
WashingtonState,mean,Ref,PGL7-7c,PGL7-7c-2,2,esm2,-13.6830940255764,-42.3832651524744,43.783961812989,standard,10-30 cm,13.7-42.4 cm
WashingtonState,mean,Ref,PGL7-7c,PGL7-7c-3,3,esm1,-42.3,-67.9,26.4146412266656,standard,30-50 cm,42.3-67.9 cm
WashingtonState,mean,Ref,PGL7-7c,PGL7-7c-3,3,esm2,-42.3832651524744,-67.8282091130281,26.2344169995429,standard,30-50 cm,42.4-67.8 cm
WashingtonState,mean,Ref,PGL7-7c,PGL7-7c-4,4,esm1,-67.9,-102.2,26.3275891433342,standard,50-75 cm,67.9-102.2 cm
WashingtonState,mean,Ref,PGL7-7c,PGL7-7c-4,4,esm2,-67.8282091130281,-102.308987737992,27.3038495438941,standard,50-75 cm,67.8-102.3 cm
WashingtonState,mean,Ref,PGL7-7c,PGL7-7c-5,5,esm1,-102.2,-137.2,12.3608916666658,standard,75-100 cm,102.2-137.2 cm
WashingtonState,mean,Ref,PGL7-7c,PGL7-7c-5,5,esm2,-102.308987737992,-136.642797430688,2.56800818455524,standard,75-100 cm,102.3-136.6 cm
WashingtonState,mean,Ref,PGL9-1,PGL9-1-1,1,esm1,0,-14,27.694815,standard,0-10 cm,0-14 cm
WashingtonState,mean,Ref,PGL9-1,PGL9-1-1,1,esm2,0,-15.6817116235461,28.8307469941073,standard,0-10 cm,0-15.7 cm
WashingtonState,mean,Ref,PGL9-1,PGL9-1-2,2,esm1,-14,-39.2,45.4026208,standard,10-30 cm,14-39.2 cm
WashingtonState,mean,Ref,PGL9-1,PGL9-1-2,2,esm2,-15.6817116235461,-38.4462464404967,43.1603058291109,standard,10-30 cm,15.7-38.4 cm
WashingtonState,mean,Ref,PGL9-1,PGL9-1-3,3,esm1,-39.2,-63.4,49.6619423999984,standard,30-50 cm,39.2-63.4 cm
WashingtonState,mean,Ref,PGL9-1,PGL9-1-3,3,esm2,-38.4462464404967,-63.4897484074396,51.0742975980444,standard,30-50 cm,38.4-63.5 cm
WashingtonState,mean,Ref,PGL9-1,PGL9-1-4,4,esm1,-63.4,-95.4,49.5272959999971,standard,50-75 cm,63.4-95.4 cm
WashingtonState,mean,Ref,PGL9-1,PGL9-1-4,4,esm2,-63.4897484074396,-95.3709651853238,51.2358777557952,standard,50-75 cm,63.5-95.4 cm
WashingtonState,mean,Ref,PGL9-1,PGL9-1-5,5,esm1,-95.4,-129.4,43.1934084000003,standard,75-100 cm,95.4-129.4 cm
WashingtonState,mean,Ref,PGL9-1,PGL9-1-5,5,esm2,-95.3709651853238,-129.741201622216,40.7127690947876,standard,75-100 cm,95.4-129.7 cm
WashingtonState,mean,Ref,PGL9-2,PGL9-2-1,1,esm1,0,-12.8,26.6565072,standard,0-10 cm,0-12.8 cm
WashingtonState,mean,Ref,PGL9-2,PGL9-2-1,1,esm2,0,-13.5453340855153,27.8322938045709,standard,0-10 cm,0-13.5 cm
WashingtonState,mean,Ref,PGL9-2,PGL9-2-2,2,esm1,-12.8,-38.9,41.1368045000002,standard,10-30 cm,12.8-38.9 cm
WashingtonState,mean,Ref,PGL9-2,PGL9-2-2,2,esm2,-13.5453340855153,-39.1640178253652,40.5951417902071,standard,10-30 cm,13.5-39.2 cm
WashingtonState,mean,Ref,PGL9-2,PGL9-2-3,3,esm1,-38.9,-61.2,33.5484312400007,standard,30-50 cm,38.9-61.2 cm
WashingtonState,mean,Ref,PGL9-2,PGL9-2-3,3,esm2,-39.1640178253652,-61.0763609368672,33.8837692807796,standard,30-50 cm,39.2-61.1 cm
WashingtonState,mean,Ref,PGL9-2,PGL9-2-4,4,esm1,-61.2,-90.6,31.4357088600007,standard,50-75 cm,61.2-90.6 cm
WashingtonState,mean,Ref,PGL9-2,PGL9-2-4,4,esm2,-61.0763609368672,-90.4371079073841,30.8957568778661,standard,50-75 cm,61.1-90.4 cm
WashingtonState,mean,Ref,PGL9-2,PGL9-2-5,5,esm1,-90.6,-124.9,18.6701246999998,standard,75-100 cm,90.6-124.9 cm
WashingtonState,mean,Ref,PGL9-2,PGL9-2-5,5,esm2,-90.4371079073841,-125.271132337804,18.2749446081437,standard,75-100 cm,90.4-125.3 cm
WashingtonState,mean,Ref,PGL9-3,PGL9-3-1,1,esm1,0,-14.2,28.186094400000002,standard,0-10 cm,0-14.2 cm
WashingtonState,mean,Ref,PGL9-3,PGL9-3-1,1,esm2,0,-15.7492925290231,29.3312286667828,standard,0-10 cm,0-15.7 cm
WashingtonState,mean,Ref,PGL9-3,PGL9-3-2,2,esm1,-14.2,-42.5,29.7941399,standard,10-30 cm,14.2-42.5 cm
WashingtonState,mean,Ref,PGL9-3,PGL9-3-2,2,esm2,-15.7492925290231,-42.0678589634772,29.4926887681438,standard,10-30 cm,15.7-42.1 cm
WashingtonState,mean,Ref,PGL9-3,PGL9-3-3,3,esm1,-42.5,-72.7,20.037379220001,standard,30-50 cm,42.5-72.7 cm
WashingtonState,mean,Ref,PGL9-3,PGL9-3-3,3,esm2,-42.0678589634772,-72.3168210273093,19.8976156837844,standard,30-50 cm,42.1-72.3 cm
WashingtonState,mean,Ref,PGL9-3,PGL9-3-4,4,esm1,-72.7,-113.8,14.5254796799992,standard,50-75 cm,72.7-113.8 cm
WashingtonState,mean,Ref,PGL9-3,PGL9-3-4,4,esm2,-72.3168210273093,-114.263240161912,14.2923036323714,standard,50-75 cm,72.3-114.3 cm
WashingtonState,mean,Ref,PGL9-3,PGL9-3-5,5,esm1,-113.8,-151.8,5.77478399999933,standard,75-100 cm,113.8-151.8 cm
WashingtonState,mean,Ref,PGL9-3,PGL9-3-5,5,esm2,-114.263240161912,-139.439566252108,-5.97209889838618,standard,75-100 cm,114.3-139.4 cm
Illinois,min,Ref,IL-019-SW-ARBRTM-001,IL-019-SW-ARBRTM-001-1,1,esm1,0,-5,30.908061874116,standard,0-10 cm,0-5 cm
Illinois,min,Ref,IL-019-SW-ARBRTM-001,IL-019-SW-ARBRTM-001-1,1,esm2,0,-5.10525686792806,31.3999364166845,standard,0-10 cm,0-5.1 cm
Illinois,min,Ref,IL-019-SW-ARBRTM-001,IL-019-SW-ARBRTM-001-2,2,esm1,-5,-16.3,42.8893496595618,standard,10-30 cm,5-16.3 cm
Illinois,min,Ref,IL-019-SW-ARBRTM-001,IL-019-SW-ARBRTM-001-2,2,esm2,-5.10525686792806,-16.3652091315375,41.9535214682221,standard,10-30 cm,5.1-16.4 cm
Illinois,min,Ref,IL-019-SW-ARBRTM-001,IL-019-SW-ARBRTM-001-3,3,esm1,-16.3,-25.4,33.5666399453768,standard,30-50 cm,16.3-25.4 cm
Illinois,min,Ref,IL-019-SW-ARBRTM-001,IL-019-SW-ARBRTM-001-3,3,esm2,-16.3652091315375,-25.5247130759087,35.9889070390473,standard,30-50 cm,16.4-25.5 cm
Illinois,min,Ref,IL-019-SW-ARBRTM-001,IL-019-SW-ARBRTM-001-4,4,esm1,-25.4,-37.9,29.2042270181418,standard,50-75 cm,25.4-37.9 cm
Illinois,min,Ref,IL-019-SW-ARBRTM-001,IL-019-SW-ARBRTM-001-4,4,esm2,-25.5247130759087,-37.8190932028663,32.142281492255,standard,50-75 cm,25.5-37.8 cm
Illinois,min,Ref,IL-019-SW-ARBRTM-001,IL-019-SW-ARBRTM-001-5,5,esm1,-37.9,-52.1,21.4778871947344,standard,75-100 cm,37.9-52.1 cm
Illinois,min,Ref,IL-019-SW-ARBRTM-001,IL-019-SW-ARBRTM-001-5,5,esm2,-37.8190932028663,-52.4201313538231,16.6436527000719,standard,75-100 cm,37.8-52.4 cm
Illinois,min,Ref,IL-019-SW-ARBRTM-002,IL-019-SW-ARBRTM-002-1,1,esm1,0,-5.6,31.4244984226072,standard,0-10 cm,0-5.6 cm
Illinois,min,Ref,IL-019-SW-ARBRTM-002,IL-019-SW-ARBRTM-002-1,1,esm2,0,-5.74829264091873,32.3504675536623,standard,0-10 cm,0-5.7 cm
Illinois,min,Ref,IL-019-SW-ARBRTM-002,IL-019-SW-ARBRTM-002-2,2,esm1,-5.6,-17.5,55.5845191146302,standard,10-30 cm,5.6-17.5 cm
Illinois,min,Ref,IL-019-SW-ARBRTM-002,IL-019-SW-ARBRTM-002-2,2,esm2,-5.74829264091873,-17.6082272766592,56.4678234081218,standard,10-30 cm,5.7-17.6 cm
Illinois,min,Ref,IL-019-SW-ARBRTM-002,IL-019-SW-ARBRTM-002-3,3,esm1,-17.5,-27.5,33.2363690887789,standard,30-50 cm,17.5-27.5 cm
Illinois,min,Ref,IL-019-SW-ARBRTM-002,IL-019-SW-ARBRTM-002-3,3,esm2,-17.6082272766592,-27.5825824728667,32.5858541609387,standard,30-50 cm,17.6-27.6 cm
Illinois,min,Ref,IL-019-SW-ARBRTM-002,IL-019-SW-ARBRTM-002-4,4,esm1,-27.5,-40.4,27.1308653307767,standard,50-75 cm,27.5-40.4 cm
Illinois,min,Ref,IL-019-SW-ARBRTM-002,IL-019-SW-ARBRTM-002-4,4,esm2,-27.5825824728667,-40.9065388425182,30.0528859638522,standard,50-75 cm,27.6-40.9 cm
Illinois,min,Ref,IL-019-SW-ARBRTM-002,IL-019-SW-ARBRTM-002-5,5,esm1,-40.4,-54.5,21.4972641956221,standard,75-100 cm,40.4-54.5 cm
Illinois,min,Ref,IL-019-SW-ARBRTM-002,IL-019-SW-ARBRTM-002-5,5,esm2,-40.9065388425182,-54.6184868374837,19.3345397219184,standard,75-100 cm,40.9-54.6 cm
Illinois,min,Ref,IL-019-SW-ARBRTM-003,IL-019-SW-ARBRTM-003-1,1,esm1,0,-5.4,32.3734961511133,standard,0-10 cm,0-5.4 cm
Illinois,min,Ref,IL-019-SW-ARBRTM-003,IL-019-SW-ARBRTM-003-1,1,esm2,0,-5.52624806811293,33.2835837199585,standard,0-10 cm,0-5.5 cm
Illinois,min,Ref,IL-019-SW-ARBRTM-003,IL-019-SW-ARBRTM-003-2,2,esm1,-5.4,-16.6,45.4345683205097,standard,10-30 cm,5.4-16.6 cm
Illinois,min,Ref,IL-019-SW-ARBRTM-003,IL-019-SW-ARBRTM-003-2,2,esm2,-5.52624806811293,-16.6362705428588,47.1386077587143,standard,10-30 cm,5.5-16.6 cm
Illinois,min,Ref,IL-019-SW-ARBRTM-003,IL-019-SW-ARBRTM-003-3,3,esm1,-16.6,-26.1,22.6792226295482,standard,30-50 cm,16.6-26.1 cm
Illinois,min,Ref,IL-019-SW-ARBRTM-003,IL-019-SW-ARBRTM-003-3,3,esm2,-16.6362705428588,-26.1063727356551,20.6176064251092,standard,30-50 cm,16.6-26.1 cm
Illinois,min,Ref,IL-019-SW-ARBRTM-003,IL-019-SW-ARBRTM-003-4,4,esm1,-26.1,-38.4,24.8488146132558,standard,50-75 cm,26.1-38.4 cm
Illinois,min,Ref,IL-019-SW-ARBRTM-003,IL-019-SW-ARBRTM-003-4,4,esm2,-26.1063727356551,-38.9543895190262,24.0459286263797,standard,50-75 cm,26.1-39 cm
Illinois,min,Ref,IL-019-SW-ARBRTM-003,IL-019-SW-ARBRTM-003-5,5,esm1,-38.4,-51.8,26.0147194066324,standard,75-100 cm,38.4-51.8 cm
Illinois,min,Ref,IL-019-SW-ARBRTM-003,IL-019-SW-ARBRTM-003-5,5,esm2,-38.9543895190262,-51.892372824816,28.7936192242146,standard,75-100 cm,39-51.9 cm
Illinois,min,SHM,IL-019-SW-RTHRML-001,IL-019-SW-RTHRML-001-1,1,esm1,0,-5.2,18.2869666367235,standard,0-10 cm,0-5.2 cm
Illinois,min,SHM,IL-019-SW-RTHRML-001,IL-019-SW-RTHRML-001-1,1,esm2,0,-5.30437917115044,18.6626619724324,standard,0-10 cm,0-5.3 cm
Illinois,min,SHM,IL-019-SW-RTHRML-001,IL-019-SW-RTHRML-001-2,2,esm1,-5.2,-15.5,33.4695572951054,standard,10-30 cm,5.2-15.5 cm
Illinois,min,SHM,IL-019-SW-RTHRML-001,IL-019-SW-RTHRML-001-2,2,esm2,-5.30437917115044,-15.4486215172707,34.0073490245861,standard,10-30 cm,5.3-15.4 cm
Illinois,min,SHM,IL-019-SW-RTHRML-001,IL-019-SW-RTHRML-001-3,3,esm1,-15.5,-24.1,21.7679450971514,standard,30-50 cm,15.5-24.1 cm
Illinois,min,SHM,IL-019-SW-RTHRML-001,IL-019-SW-RTHRML-001-3,3,esm2,-15.4486215172707,-24.1562225539514,22.2792054592324,standard,30-50 cm,15.4-24.2 cm
Illinois,min,SHM,IL-019-SW-RTHRML-001,IL-019-SW-RTHRML-001-4,4,esm1,-24.1,-36,18.5273791156406,standard,50-75 cm,24.1-36 cm
Illinois,min,SHM,IL-019-SW-RTHRML-001,IL-019-SW-RTHRML-001-4,4,esm2,-24.1562225539514,-36.0542321079442,17.9078794897968,standard,50-75 cm,24.2-36.1 cm
Illinois,min,SHM,IL-019-SW-RTHRML-001,IL-019-SW-RTHRML-001-5,5,esm1,-36,-49.4,12.0753447522976,standard,75-100 cm,36-49.4 cm
Illinois,min,SHM,IL-019-SW-RTHRML-001,IL-019-SW-RTHRML-001-5,5,esm2,-36.0542321079442,-49.7016222842616,9.95049452836184,standard,75-100 cm,36.1-49.7 cm
Illinois,min,SHM,IL-019-SW-RTHRML-002,IL-019-SW-RTHRML-002-1,1,esm1,0,-5.2,15.8414801036004,standard,0-10 cm,0-5.2 cm
Illinois,min,SHM,IL-019-SW-RTHRML-002,IL-019-SW-RTHRML-002-1,1,esm2,0,-5.30437917115044,16.1460064766452,standard,0-10 cm,0-5.3 cm
Illinois,min,SHM,IL-019-SW-RTHRML-002,IL-019-SW-RTHRML-002-2,2,esm1,-5.2,-15.5,33.1264495312364,standard,10-30 cm,5.2-15.5 cm
Illinois,min,SHM,IL-019-SW-RTHRML-002,IL-019-SW-RTHRML-002-2,2,esm2,-5.30437917115044,-15.4486215172707,33.6951641833791,standard,10-30 cm,5.3-15.4 cm
Illinois,min,SHM,IL-019-SW-RTHRML-002,IL-019-SW-RTHRML-002-3,3,esm1,-15.5,-24.1,22.0020557991696,standard,30-50 cm,15.5-24.1 cm
Illinois,min,SHM,IL-019-SW-RTHRML-002,IL-019-SW-RTHRML-002-3,3,esm2,-15.4486215172707,-24.1562225539514,22.6841218435615,standard,30-50 cm,15.4-24.2 cm
Illinois,min,SHM,IL-019-SW-RTHRML-002,IL-019-SW-RTHRML-002-4,4,esm1,-24.1,-36,18.6319479332166,standard,50-75 cm,24.1-36 cm
Illinois,min,SHM,IL-019-SW-RTHRML-002,IL-019-SW-RTHRML-002-4,4,esm2,-24.1562225539514,-36.0542321079442,17.5906792790146,standard,50-75 cm,24.2-36.1 cm
Illinois,min,SHM,IL-019-SW-RTHRML-002,IL-019-SW-RTHRML-002-5,5,esm1,-36,-49.4,39.4087525181631,standard,75-100 cm,36-49.4 cm
Illinois,min,SHM,IL-019-SW-RTHRML-002,IL-019-SW-RTHRML-002-5,5,esm2,-36.0542321079442,-49.7016222842616,14.3205332166938,standard,75-100 cm,36.1-49.7 cm
Illinois,min,SHM,IL-019-SW-RTHRML-003,IL-019-SW-RTHRML-003-1,1,esm1,0,-5.2,22.4947098955421,standard,0-10 cm,0-5.2 cm
Illinois,min,SHM,IL-019-SW-RTHRML-003,IL-019-SW-RTHRML-003-1,1,esm2,0,-5.30437917115044,22.9248827856518,standard,0-10 cm,0-5.3 cm
Illinois,min,SHM,IL-019-SW-RTHRML-003,IL-019-SW-RTHRML-003-2,2,esm1,-5.2,-15.5,49.6703931880951,standard,10-30 cm,5.2-15.5 cm
Illinois,min,SHM,IL-019-SW-RTHRML-003,IL-019-SW-RTHRML-003-2,2,esm2,-5.30437917115044,-15.4486215172707,49.5074501431999,standard,10-30 cm,5.3-15.4 cm
Illinois,min,SHM,IL-019-SW-RTHRML-003,IL-019-SW-RTHRML-003-3,3,esm1,-15.5,-24.1,38.5224558342572,standard,30-50 cm,15.5-24.1 cm
Illinois,min,SHM,IL-019-SW-RTHRML-003,IL-019-SW-RTHRML-003-3,3,esm2,-15.4486215172707,-24.1562225539514,39.7429345569692,standard,30-50 cm,15.4-24.2 cm
Illinois,min,SHM,IL-019-SW-RTHRML-003,IL-019-SW-RTHRML-003-4,4,esm1,-24.1,-36,40.4510536439521,standard,50-75 cm,24.1-36 cm
Illinois,min,SHM,IL-019-SW-RTHRML-003,IL-019-SW-RTHRML-003-4,4,esm2,-24.1562225539514,-36.0542321079442,40.9854959433452,standard,50-75 cm,24.2-36.1 cm
Illinois,min,SHM,IL-019-SW-RTHRML-003,IL-019-SW-RTHRML-003-5,5,esm1,-36,-49.4,18.9510482369737,standard,75-100 cm,36-49.4 cm
Illinois,min,SHM,IL-019-SW-RTHRML-003,IL-019-SW-RTHRML-003-5,5,esm2,-36.0542321079442,-49.7016222842616,21.8404230524076,standard,75-100 cm,36.1-49.7 cm
Illinois,min,SHM,IL-019-SW-RTHRML-004,IL-019-SW-RTHRML-004-1,1,esm1,0,-5.2,13.5598704072517,standard,0-10 cm,0-5.2 cm
Illinois,min,SHM,IL-019-SW-RTHRML-004,IL-019-SW-RTHRML-004-1,1,esm2,0,-5.30437917115044,13.8226016539906,standard,0-10 cm,0-5.3 cm
Illinois,min,SHM,IL-019-SW-RTHRML-004,IL-019-SW-RTHRML-004-2,2,esm1,-5.2,-15.5,29.3309476877921,standard,10-30 cm,5.2-15.5 cm
Illinois,min,SHM,IL-019-SW-RTHRML-004,IL-019-SW-RTHRML-004-2,2,esm2,-5.30437917115044,-15.4486215172707,29.2024879647085,standard,10-30 cm,5.3-15.4 cm
Illinois,min,SHM,IL-019-SW-RTHRML-004,IL-019-SW-RTHRML-004-3,3,esm1,-15.5,-24.1,23.0246011046383,standard,30-50 cm,15.5-24.1 cm
Illinois,min,SHM,IL-019-SW-RTHRML-004,IL-019-SW-RTHRML-004-3,3,esm2,-15.4486215172707,-24.1562225539514,23.5679288713501,standard,30-50 cm,15.4-24.2 cm
Illinois,min,SHM,IL-019-SW-RTHRML-004,IL-019-SW-RTHRML-004-4,4,esm1,-24.1,-36,25.9806574797378,standard,50-75 cm,24.1-36 cm
Illinois,min,SHM,IL-019-SW-RTHRML-004,IL-019-SW-RTHRML-004-4,4,esm2,-24.1562225539514,-36.0542321079442,26.3399868029102,standard,50-75 cm,24.2-36.1 cm
Illinois,min,SHM,IL-019-SW-RTHRML-004,IL-019-SW-RTHRML-004-5,5,esm1,-36,-49.4,13.6184954062394,standard,75-100 cm,36-49.4 cm
Illinois,min,SHM,IL-019-SW-RTHRML-004,IL-019-SW-RTHRML-004-5,5,esm2,-36.0542321079442,-49.7016222842616,17.6134609305775,standard,75-100 cm,36.1-49.7 cm
Illinois,min,BAU,IL-115-SW-ETAL-001,IL-115-SW-ETAL-001-1,1,esm1,0,-5.3,15.2500038099937,standard,0-10 cm,0-5.3 cm
Illinois,min,BAU,IL-115-SW-ETAL-001,IL-115-SW-ETAL-001-1,1,esm2,0,-5.37677035026037,15.381309924336,standard,0-10 cm,0-5.4 cm
Illinois,min,BAU,IL-115-SW-ETAL-001,IL-115-SW-ETAL-001-2,2,esm1,-5.3,-15.4,35.1814743843514,standard,10-30 cm,5.3-15.4 cm
Illinois,min,BAU,IL-115-SW-ETAL-001,IL-115-SW-ETAL-001-2,2,esm2,-5.37677035026037,-15.3628910235954,35.7935512775238,standard,10-30 cm,5.4-15.4 cm
Illinois,min,BAU,IL-115-SW-ETAL-001,IL-115-SW-ETAL-001-3,3,esm1,-15.4,-24.1,27.7078390635545,standard,30-50 cm,15.4-24.1 cm
Illinois,min,BAU,IL-115-SW-ETAL-001,IL-115-SW-ETAL-001-3,3,esm2,-15.3628910235954,-24.1637021257562,26.8407240802511,standard,30-50 cm,15.4-24.2 cm
Illinois,min,BAU,IL-115-SW-ETAL-001,IL-115-SW-ETAL-001-4,4,esm1,-24.1,-36.2,35.6047619376085,standard,50-75 cm,24.1-36.2 cm
Illinois,min,BAU,IL-115-SW-ETAL-001,IL-115-SW-ETAL-001-4,4,esm2,-24.1637021257562,-35.9975661333006,37.5590469472634,standard,50-75 cm,24.2-36 cm
Illinois,min,BAU,IL-115-SW-ETAL-001,IL-115-SW-ETAL-001-5,5,esm1,-36.2,-50.5,36.5324565812888,standard,75-100 cm,36.2-50.5 cm
Illinois,min,BAU,IL-115-SW-ETAL-001,IL-115-SW-ETAL-001-5,5,esm2,-35.9975661333006,-50.6336424325853,35.4688215834187,standard,75-100 cm,36-50.6 cm
Illinois,min,BAU,IL-115-SW-ETAL-002,IL-115-SW-ETAL-002-1,1,esm1,0,-5.4,13.102591061402,standard,0-10 cm,0-5.4 cm
Illinois,min,BAU,IL-115-SW-ETAL-002,IL-115-SW-ETAL-002-1,1,esm2,0,-5.59397204676278,13.5452648875795,standard,0-10 cm,0-5.6 cm
Illinois,min,BAU,IL-115-SW-ETAL-002,IL-115-SW-ETAL-002-2,2,esm1,-5.4,-15.7,28.0019492772912,standard,10-30 cm,5.4-15.7 cm
Illinois,min,BAU,IL-115-SW-ETAL-002,IL-115-SW-ETAL-002-2,2,esm2,-5.59397204676278,-15.6811545340638,28.0980671848092,standard,10-30 cm,5.6-15.7 cm
Illinois,min,BAU,IL-115-SW-ETAL-002,IL-115-SW-ETAL-002-3,3,esm1,-15.7,-24.2,21.5107193508456,standard,30-50 cm,15.7-24.2 cm
Illinois,min,BAU,IL-115-SW-ETAL-002,IL-115-SW-ETAL-002-3,3,esm2,-15.6811545340638,-24.3034179338424,20.9505465705528,standard,30-50 cm,15.7-24.3 cm
Illinois,min,BAU,IL-115-SW-ETAL-002,IL-115-SW-ETAL-002-4,4,esm1,-24.2,-36.2,28.0745626871062,standard,50-75 cm,24.2-36.2 cm
Illinois,min,BAU,IL-115-SW-ETAL-002,IL-115-SW-ETAL-002-4,4,esm2,-24.3034179338424,-36.0068751037858,29.7273910059249,standard,50-75 cm,24.3-36 cm
Illinois,min,BAU,IL-115-SW-ETAL-002,IL-115-SW-ETAL-002-5,5,esm1,-36.2,-50.4,28.6554941327836,standard,75-100 cm,36.2-50.4 cm
Illinois,min,BAU,IL-115-SW-ETAL-002,IL-115-SW-ETAL-002-5,5,esm2,-36.0068751037858,-50.5287918888864,27.5811035288978,standard,75-100 cm,36-50.5 cm
Illinois,min,BAU,IL-115-SW-ETAL-003,IL-115-SW-ETAL-003-1,1,esm1,0,-5.3,14.5224286463074,standard,0-10 cm,0-5.3 cm
Illinois,min,BAU,IL-115-SW-ETAL-003,IL-115-SW-ETAL-003-1,1,esm2,0,-5.39473449639925,14.738132192086,standard,0-10 cm,0-5.4 cm
Illinois,min,BAU,IL-115-SW-ETAL-003,IL-115-SW-ETAL-003-2,2,esm1,-5.3,-15.8,33.3753672619783,standard,10-30 cm,5.3-15.8 cm
Illinois,min,BAU,IL-115-SW-ETAL-003,IL-115-SW-ETAL-003-2,2,esm2,-5.39473449639925,-15.8223503750559,33.9784270056669,standard,10-30 cm,5.4-15.8 cm
Illinois,min,BAU,IL-115-SW-ETAL-003,IL-115-SW-ETAL-003-3,3,esm1,-15.8,-24.5,24.5915607190448,standard,30-50 cm,15.8-24.5 cm
Illinois,min,BAU,IL-115-SW-ETAL-003,IL-115-SW-ETAL-003-3,3,esm2,-15.8223503750559,-24.5301271815603,24.290029964633,standard,30-50 cm,15.8-24.5 cm
Illinois,min,BAU,IL-115-SW-ETAL-003,IL-115-SW-ETAL-003-4,4,esm1,-24.5,-36.2,25.9172798552784,standard,50-75 cm,24.5-36.2 cm
Illinois,min,BAU,IL-115-SW-ETAL-003,IL-115-SW-ETAL-003-4,4,esm2,-24.5301271815603,-36.4787686964009,28.4319774176028,standard,50-75 cm,24.5-36.5 cm
Illinois,min,BAU,IL-115-SW-ETAL-003,IL-115-SW-ETAL-003-5,5,esm1,-36.2,-49.3,24.0907820297672,standard,75-100 cm,36.2-49.3 cm
Illinois,min,BAU,IL-115-SW-ETAL-003,IL-115-SW-ETAL-003-5,5,esm2,-36.4787686964009,-49.408128731113,21.5682445911288,standard,75-100 cm,36.5-49.4 cm
Illinois,min,BAU,IL-115-SW-WDFLD-001,IL-115-SW-WDFLD-001-1,1,esm1,0,-5.4,14.9296715428476,standard,0-10 cm,0-5.4 cm
Illinois,min,BAU,IL-115-SW-WDFLD-001,IL-115-SW-WDFLD-001-1,1,esm2,0,-5.52512090804626,15.0519034812748,standard,0-10 cm,0-5.5 cm
Illinois,min,BAU,IL-115-SW-WDFLD-001,IL-115-SW-WDFLD-001-2,2,esm1,-5.4,-15.3,37.8911116686226,standard,10-30 cm,5.4-15.3 cm
Illinois,min,BAU,IL-115-SW-WDFLD-001,IL-115-SW-WDFLD-001-2,2,esm2,-5.52512090804626,-15.1454901016192,38.8977815033646,standard,10-30 cm,5.5-15.1 cm
Illinois,min,BAU,IL-115-SW-WDFLD-001,IL-115-SW-WDFLD-001-3,3,esm1,-15.3,-23.8,26.6698629775193,standard,30-50 cm,15.3-23.8 cm
Illinois,min,BAU,IL-115-SW-WDFLD-001,IL-115-SW-WDFLD-001-3,3,esm2,-15.1454901016192,-23.950217222564,26.2935801251354,standard,30-50 cm,15.1-24 cm
Illinois,min,BAU,IL-115-SW-WDFLD-001,IL-115-SW-WDFLD-001-4,4,esm1,-23.8,-35.3,26.4836837635315,standard,50-75 cm,23.8-35.3 cm
Illinois,min,BAU,IL-115-SW-WDFLD-001,IL-115-SW-WDFLD-001-4,4,esm2,-23.950217222564,-35.1832210554231,29.2425890924045,standard,50-75 cm,24-35.2 cm
Illinois,min,BAU,IL-115-SW-WDFLD-001,IL-115-SW-WDFLD-001-5,5,esm1,-35.3,-48.7,20.4521222432741,standard,75-100 cm,35.3-48.7 cm
Illinois,min,BAU,IL-115-SW-WDFLD-001,IL-115-SW-WDFLD-001-5,5,esm2,-35.1832210554231,-48.7358534150405,17.8622480587486,standard,75-100 cm,35.2-48.7 cm
Illinois,min,BAU,IL-115-SW-WDFLD-002,IL-115-SW-WDFLD-002-1,1,esm1,0,-5.7,16.926456127329,standard,0-10 cm,0-5.7 cm
Illinois,min,BAU,IL-115-SW-WDFLD-002,IL-115-SW-WDFLD-002-1,1,esm2,0,-5.95789897410481,17.5271275056524,standard,0-10 cm,0-6 cm
Illinois,min,BAU,IL-115-SW-WDFLD-002,IL-115-SW-WDFLD-002-2,2,esm1,-5.7,-15.5,35.0277664621677,standard,10-30 cm,5.7-15.5 cm
Illinois,min,BAU,IL-115-SW-WDFLD-002,IL-115-SW-WDFLD-002-2,2,esm2,-5.95789897410481,-15.3638575204805,34.4815547046688,standard,10-30 cm,6-15.4 cm
Illinois,min,BAU,IL-115-SW-WDFLD-002,IL-115-SW-WDFLD-002-3,3,esm1,-15.5,-23.8,28.2301127476763,standard,30-50 cm,15.5-23.8 cm
Illinois,min,BAU,IL-115-SW-WDFLD-002,IL-115-SW-WDFLD-002-3,3,esm2,-15.3638575204805,-23.7903605939747,28.6436526336456,standard,30-50 cm,15.4-23.8 cm
Illinois,min,BAU,IL-115-SW-WDFLD-002,IL-115-SW-WDFLD-002-4,4,esm1,-23.8,-35.8,31.7253087528685,standard,50-75 cm,23.8-35.8 cm
Illinois,min,BAU,IL-115-SW-WDFLD-002,IL-115-SW-WDFLD-002-4,4,esm2,-23.7903605939747,-36.0253813361635,35.483849327364,standard,50-75 cm,23.8-36 cm
Illinois,min,BAU,IL-115-SW-WDFLD-002,IL-115-SW-WDFLD-002-5,5,esm1,-35.8,-49.4,27.0107101113776,standard,75-100 cm,35.8-49.4 cm
Illinois,min,BAU,IL-115-SW-WDFLD-002,IL-115-SW-WDFLD-002-5,5,esm2,-36.0253813361635,-49.4432114496783,23.2864836959658,standard,75-100 cm,36-49.4 cm
Illinois,min,BAU,IL-115-SW-WDFLD-003,IL-115-SW-WDFLD-003-1,1,esm1,0,-5.7,15.5207645075492,standard,0-10 cm,0-5.7 cm
Illinois,min,BAU,IL-115-SW-WDFLD-003,IL-115-SW-WDFLD-003-1,1,esm2,0,-5.92708700882412,15.9057702396196,standard,0-10 cm,0-5.9 cm
Illinois,min,BAU,IL-115-SW-WDFLD-003,IL-115-SW-WDFLD-003-2,2,esm1,-5.7,-16.3,38.0188732304459,standard,10-30 cm,5.7-16.3 cm
Illinois,min,BAU,IL-115-SW-WDFLD-003,IL-115-SW-WDFLD-003-2,2,esm2,-5.92708700882412,-16.3016629348348,38.3296462516588,standard,10-30 cm,5.9-16.3 cm
Illinois,min,BAU,IL-115-SW-WDFLD-003,IL-115-SW-WDFLD-003-3,3,esm1,-16.3,-24.9,28.3416907973213,standard,30-50 cm,16.3-24.9 cm
Illinois,min,BAU,IL-115-SW-WDFLD-003,IL-115-SW-WDFLD-003-3,3,esm2,-16.3016629348348,-24.9939982465996,28.546059676617,standard,30-50 cm,16.3-25 cm
Illinois,min,BAU,IL-115-SW-WDFLD-003,IL-115-SW-WDFLD-003-4,4,esm1,-24.9,-36.5,27.8965713108645,standard,50-75 cm,24.9-36.5 cm
Illinois,min,BAU,IL-115-SW-WDFLD-003,IL-115-SW-WDFLD-003-4,4,esm2,-24.9939982465996,-36.4358663559529,30.7688161163819,standard,50-75 cm,25-36.4 cm
Illinois,min,BAU,IL-115-SW-WDFLD-003,IL-115-SW-WDFLD-003-5,5,esm1,-36.5,-49.9,24.112657634338,standard,75-100 cm,36.5-49.9 cm
Illinois,min,BAU,IL-115-SW-WDFLD-003,IL-115-SW-WDFLD-003-5,5,esm2,-36.4358663559529,-49.9976479147732,20.5176445724529,standard,75-100 cm,36.4-50 cm
Illinois,min,BAU,IL-147-SW-CRP-001,IL-147-SW-CRP-001-1,1,esm1,0,-4,14.8903180107552,standard,0-10 cm,0-4 cm
Illinois,min,BAU,IL-147-SW-CRP-001,IL-147-SW-CRP-001-1,1,esm2,0,-4.12108443884584,14.7048754310873,standard,0-10 cm,0-4.1 cm
Illinois,min,BAU,IL-147-SW-CRP-001,IL-147-SW-CRP-001-2,2,esm1,-4,-12.7,38.1602064149709,standard,10-30 cm,4-12.7 cm
Illinois,min,BAU,IL-147-SW-CRP-001,IL-147-SW-CRP-001-2,2,esm2,-4.12108443884584,-12.4647578058019,39.4334965228371,standard,10-30 cm,4.1-12.5 cm
Illinois,min,BAU,IL-147-SW-CRP-001,IL-147-SW-CRP-001-3,3,esm1,-12.7,-20.2,25.5353649941459,standard,30-50 cm,12.7-20.2 cm
Illinois,min,BAU,IL-147-SW-CRP-001,IL-147-SW-CRP-001-3,3,esm2,-12.4647578058019,-20.2535075723524,24.6032199865868,standard,30-50 cm,12.5-20.3 cm
Illinois,min,BAU,IL-147-SW-CRP-001,IL-147-SW-CRP-001-4,4,esm1,-20.2,-33,36.9315491282995,standard,50-75 cm,20.2-33 cm
Illinois,min,BAU,IL-147-SW-CRP-001,IL-147-SW-CRP-001-4,4,esm2,-20.2535075723524,-33.3136679353803,39.6691836934524,standard,50-75 cm,20.3-33.3 cm
Illinois,min,BAU,IL-147-SW-CRP-001,IL-147-SW-CRP-001-5,5,esm1,-33,-46.4,28.7509359339294,standard,75-100 cm,33-46.4 cm
Illinois,min,BAU,IL-147-SW-CRP-001,IL-147-SW-CRP-001-5,5,esm2,-33.3136679353803,-46.7218583933228,28.6431547252492,standard,75-100 cm,33.3-46.7 cm
Illinois,min,BAU,IL-147-SW-CRP-002,IL-147-SW-CRP-002-1,1,esm1,0,-5.3,13.9812008438935,standard,0-10 cm,0-5.3 cm
Illinois,min,BAU,IL-147-SW-CRP-002,IL-147-SW-CRP-002-1,1,esm2,0,-5.41025772010334,14.2443207790147,standard,0-10 cm,0-5.4 cm
Illinois,min,BAU,IL-147-SW-CRP-002,IL-147-SW-CRP-002-2,2,esm1,-5.3,-15.7,29.880585903641,standard,10-30 cm,5.3-15.7 cm
Illinois,min,BAU,IL-147-SW-CRP-002,IL-147-SW-CRP-002-2,2,esm2,-5.41025772010334,-15.6625689907631,30.0985349278788,standard,10-30 cm,5.4-15.7 cm
Illinois,min,BAU,IL-147-SW-CRP-002,IL-147-SW-CRP-002-3,3,esm1,-15.7,-24.3,22.420925310164,standard,30-50 cm,15.7-24.3 cm
Illinois,min,BAU,IL-147-SW-CRP-002,IL-147-SW-CRP-002-3,3,esm2,-15.6625689907631,-24.4484049813346,22.3399526358997,standard,30-50 cm,15.7-24.4 cm
Illinois,min,BAU,IL-147-SW-CRP-002,IL-147-SW-CRP-002-4,4,esm1,-24.3,-36.1,29.0710037886957,standard,50-75 cm,24.3-36.1 cm
Illinois,min,BAU,IL-147-SW-CRP-002,IL-147-SW-CRP-002-4,4,esm2,-24.4484049813346,-35.9067201086775,28.714915925015,standard,50-75 cm,24.4-35.9 cm
Illinois,min,BAU,IL-147-SW-CRP-002,IL-147-SW-CRP-002-5,5,esm1,-36.1,-49.9,33.3234428896672,standard,75-100 cm,36.1-49.9 cm
Illinois,min,BAU,IL-147-SW-CRP-002,IL-147-SW-CRP-002-5,5,esm2,-35.9067201086775,-49.9286856327845,33.3618391905152,standard,75-100 cm,35.9-49.9 cm
Illinois,min,BAU,IL-147-SW-CRP-003,IL-147-SW-CRP-003-1,1,esm1,0,-4.6,12.4667441530322,standard,0-10 cm,0-4.6 cm
Illinois,min,BAU,IL-147-SW-CRP-003,IL-147-SW-CRP-003-1,1,esm2,0,-4.6674148113968,12.6217040570687,standard,0-10 cm,0-4.7 cm
Illinois,min,BAU,IL-147-SW-CRP-003,IL-147-SW-CRP-003-2,2,esm1,-4.6,-14.2,27.73416107243,standard,10-30 cm,4.6-14.2 cm
Illinois,min,BAU,IL-147-SW-CRP-003,IL-147-SW-CRP-003-2,2,esm2,-4.6674148113968,-14.2037946308709,28.4899928597714,standard,10-30 cm,4.7-14.2 cm
Illinois,min,BAU,IL-147-SW-CRP-003,IL-147-SW-CRP-003-3,3,esm1,-14.2,-22.4,20.4389591031232,standard,30-50 cm,14.2-22.4 cm
Illinois,min,BAU,IL-147-SW-CRP-003,IL-147-SW-CRP-003-3,3,esm2,-14.2037946308709,-22.3969745315681,20.6037331707229,standard,30-50 cm,14.2-22.4 cm
Illinois,min,BAU,IL-147-SW-CRP-003,IL-147-SW-CRP-003-4,4,esm1,-22.4,-33.9,16.6609658931573,standard,50-75 cm,22.4-33.9 cm
Illinois,min,BAU,IL-147-SW-CRP-003,IL-147-SW-CRP-003-4,4,esm2,-22.3969745315681,-33.866568529578,15.8299387814538,standard,50-75 cm,22.4-33.9 cm
Illinois,min,BAU,IL-147-SW-CRP-003,IL-147-SW-CRP-003-5,5,esm1,-33.9,-47.3,15.8002399851565,standard,75-100 cm,33.9-47.3 cm
Illinois,min,BAU,IL-147-SW-CRP-003,IL-147-SW-CRP-003-5,5,esm2,-33.866568529578,-47.3470097507972,15.9459889268545,standard,75-100 cm,33.9-47.3 cm
Illinois,min,BAU,IL-147-SW-TS-001,IL-147-SW-TS-001-1,1,esm1,0,-4.9,17.6467968862531,standard,0-10 cm,0-4.9 cm
Illinois,min,BAU,IL-147-SW-TS-001,IL-147-SW-TS-001-1,1,esm2,0,-4.93677763907296,17.7510296676157,standard,0-10 cm,0-4.9 cm
Illinois,min,BAU,IL-147-SW-TS-001,IL-147-SW-TS-001-2,2,esm1,-4.9,-14.9,38.9132405636835,standard,10-30 cm,4.9-14.9 cm
Illinois,min,BAU,IL-147-SW-TS-001,IL-147-SW-TS-001-2,2,esm2,-4.93677763907296,-14.9430732481196,41.3424176989355,standard,10-30 cm,4.9-14.9 cm
Illinois,min,BAU,IL-147-SW-TS-001,IL-147-SW-TS-001-3,3,esm1,-14.9,-23.4,23.8615945207537,standard,30-50 cm,14.9-23.4 cm
Illinois,min,BAU,IL-147-SW-TS-001,IL-147-SW-TS-001-3,3,esm2,-14.9430732481196,-23.4048977298865,22.5048105639897,standard,30-50 cm,14.9-23.4 cm
Illinois,min,BAU,IL-147-SW-TS-001,IL-147-SW-TS-001-4,4,esm1,-23.4,-35.5,18.756985977612,standard,50-75 cm,23.4-35.5 cm
Illinois,min,BAU,IL-147-SW-TS-001,IL-147-SW-TS-001-4,4,esm2,-23.4048977298865,-35.7269401391703,19.1249166155979,standard,50-75 cm,23.4-35.7 cm
Illinois,min,BAU,IL-147-SW-TS-001,IL-147-SW-TS-001-5,5,esm1,-35.5,-49,16.0134784438771,standard,75-100 cm,35.5-49 cm
Illinois,min,BAU,IL-147-SW-TS-001,IL-147-SW-TS-001-5,5,esm2,-35.7269401391703,-49.0860058037307,14.8516126430575,standard,75-100 cm,35.7-49.1 cm
Illinois,min,BAU,IL-147-SW-TS-002,IL-147-SW-TS-002-1,1,esm1,0,-5,17.2872908243845,standard,0-10 cm,0-5 cm
Illinois,min,BAU,IL-147-SW-TS-002,IL-147-SW-TS-002-1,1,esm2,0,-5.03208293817167,17.4112025960247,standard,0-10 cm,0-5 cm
Illinois,min,BAU,IL-147-SW-TS-002,IL-147-SW-TS-002-2,2,esm1,-5,-15.1,40.5568515554733,standard,10-30 cm,5-15.1 cm
Illinois,min,BAU,IL-147-SW-TS-002,IL-147-SW-TS-002-2,2,esm2,-5.03208293817167,-15.1545442498262,41.7429346875643,standard,10-30 cm,5-15.2 cm
Illinois,min,BAU,IL-147-SW-TS-002,IL-147-SW-TS-002-3,3,esm1,-15.1,-23.4,28.508097291913,standard,30-50 cm,15.1-23.4 cm
Illinois,min,BAU,IL-147-SW-TS-002,IL-147-SW-TS-002-3,3,esm2,-15.1545442498262,-23.5344173659705,28.8285340959335,standard,30-50 cm,15.2-23.5 cm
Illinois,min,BAU,IL-147-SW-TS-002,IL-147-SW-TS-002-4,4,esm1,-23.4,-34.6,25.7097030946098,standard,50-75 cm,23.4-34.6 cm
Illinois,min,BAU,IL-147-SW-TS-002,IL-147-SW-TS-002-4,4,esm2,-23.5344173659705,-34.6325340823223,26.7891561779172,standard,50-75 cm,23.5-34.6 cm
Illinois,min,BAU,IL-147-SW-TS-002,IL-147-SW-TS-002-5,5,esm1,-34.6,-47.6,19.678119294334,standard,75-100 cm,34.6-47.6 cm
Illinois,min,BAU,IL-147-SW-TS-002,IL-147-SW-TS-002-5,5,esm2,-34.6325340823223,-47.6019404824438,18.3052638850188,standard,75-100 cm,34.6-47.6 cm
Illinois,min,BAU,IL-147-SW-TS-003,IL-147-SW-TS-003-1,1,esm1,0,-5.6,18.3422657294793,standard,0-10 cm,0-5.6 cm
Illinois,min,BAU,IL-147-SW-TS-003,IL-147-SW-TS-003-1,1,esm2,0,-5.82382527846864,18.8723532999365,standard,0-10 cm,0-5.8 cm
Illinois,min,BAU,IL-147-SW-TS-003,IL-147-SW-TS-003-2,2,esm1,-5.6,-15.9,42.4340065244686,standard,10-30 cm,5.6-15.9 cm
Illinois,min,BAU,IL-147-SW-TS-003,IL-147-SW-TS-003-2,2,esm2,-5.82382527846864,-15.9204446085892,42.8468809414407,standard,10-30 cm,5.8-15.9 cm
Illinois,min,BAU,IL-147-SW-TS-003,IL-147-SW-TS-003-3,3,esm1,-15.9,-23.9,29.3787413165449,standard,30-50 cm,15.9-23.9 cm
Illinois,min,BAU,IL-147-SW-TS-003,IL-147-SW-TS-003-3,3,esm2,-15.9204446085892,-24.1370880097482,30.4763487579458,standard,30-50 cm,15.9-24.1 cm
Illinois,min,BAU,IL-147-SW-TS-003,IL-147-SW-TS-003-4,4,esm1,-23.9,-34.7,27.3377294172051,standard,50-75 cm,23.9-34.7 cm
Illinois,min,BAU,IL-147-SW-TS-003,IL-147-SW-TS-003-4,4,esm2,-24.1370880097482,-34.3845623279716,28.4405326770108,standard,50-75 cm,24.1-34.4 cm
Illinois,min,BAU,IL-147-SW-TS-003,IL-147-SW-TS-003-5,5,esm1,-34.7,-48.2,19.3192895073667,standard,75-100 cm,34.7-48.2 cm
Illinois,min,BAU,IL-147-SW-TS-003,IL-147-SW-TS-003-5,5,esm2,-34.3845623279716,-48.1013572757639,17.3143391432785,standard,75-100 cm,34.4-48.1 cm
KansasState,min,BAU,KeC1-1,KeC1-1-1,1,esm1,0,-5.1,12.31602429398,standard,0-10 cm,0-5.1 cm
KansasState,min,BAU,KeC1-1,KeC1-1-1,1,esm2,0,-5.19129138357795,12.550069130865,standard,0-10 cm,0-5.2 cm
KansasState,min,BAU,KeC1-1,KeC1-1-2,2,esm1,-5.1,-16.9,27.3265630447389,standard,10-30 cm,5.1-16.9 cm
KansasState,min,BAU,KeC1-1,KeC1-1-2,2,esm2,-5.19129138357795,-16.7445848161897,28.1021891388724,standard,10-30 cm,5.2-16.7 cm
KansasState,min,BAU,KeC1-1,KeC1-1-3,3,esm1,-16.9,-27.4,18.872315660219,standard,30-50 cm,16.9-27.4 cm
KansasState,min,BAU,KeC1-1,KeC1-1-3,3,esm2,-16.7445848161897,-27.534180681394,18.7375375867489,standard,30-50 cm,16.7-27.5 cm
KansasState,min,BAU,KeC1-1,KeC1-1-4,4,esm1,-27.4,-41.7,18.4115509250635,standard,50-75 cm,27.4-41.7 cm
KansasState,min,BAU,KeC1-1,KeC1-1-4,4,esm2,-27.534180681394,-41.8185085438773,18.4703461239491,standard,50-75 cm,27.5-41.8 cm
KansasState,min,BAU,KeC1-1,KeC1-1-5,5,esm1,-41.7,-57.5,15.654112469867,standard,75-100 cm,41.7-57.5 cm
KansasState,min,BAU,KeC1-1,KeC1-1-5,5,esm2,-41.8185085438773,-57.6045647504758,14.6928839009786,standard,75-100 cm,41.8-57.6 cm
KansasState,min,BAU,KeC1-2,KeC1-2-1,1,esm1,0,-4.5,11.98347874605,standard,0-10 cm,0-4.5 cm
KansasState,min,BAU,KeC1-2,KeC1-2-1,1,esm2,0,-4.58292525024327,12.2695318689148,standard,0-10 cm,0-4.6 cm
KansasState,min,BAU,KeC1-2,KeC1-2-2,2,esm1,-4.5,-16.5,22.5171498261499,standard,10-30 cm,4.5-16.5 cm
KansasState,min,BAU,KeC1-2,KeC1-2-2,2,esm2,-4.58292525024327,-16.549071620341,24.0701218387171,standard,10-30 cm,4.6-16.5 cm
KansasState,min,BAU,KeC1-2,KeC1-2-3,3,esm1,-16.5,-26.7,14.43316132405,standard,30-50 cm,16.5-26.7 cm
KansasState,min,BAU,KeC1-2,KeC1-2-3,3,esm2,-16.549071620341,-26.803216949737,12.8885350367452,standard,30-50 cm,16.5-26.8 cm
KansasState,min,BAU,KeC1-2,KeC1-2-4,4,esm1,-26.7,-40.8,12.9201821726342,standard,50-75 cm,26.7-40.8 cm
KansasState,min,BAU,KeC1-2,KeC1-2-4,4,esm2,-26.803216949737,-40.7806364531152,12.9259206131832,standard,50-75 cm,26.8-40.8 cm
KansasState,min,BAU,KeC1-2,KeC1-2-5,5,esm1,-40.8,-56.8,12.5294206532794,standard,75-100 cm,40.8-56.8 cm
KansasState,min,BAU,KeC1-2,KeC1-2-5,5,esm2,-40.7806364531152,-56.7795450702746,12.2824825771202,standard,75-100 cm,40.8-56.8 cm
KansasState,min,BAU,KeC1-3,KeC1-3-1,1,esm1,0,-5.7,11.958667617706,standard,0-10 cm,0-5.7 cm
KansasState,min,BAU,KeC1-3,KeC1-3-1,1,esm2,0,-5.76442945653664,12.1188262157944,standard,0-10 cm,0-5.8 cm
KansasState,min,BAU,KeC1-3,KeC1-3-2,2,esm1,-5.7,-19,24.0361524982641,standard,10-30 cm,5.7-19 cm
KansasState,min,BAU,KeC1-3,KeC1-3-2,2,esm2,-5.76442945653664,-18.9873176034228,24.8513660619807,standard,10-30 cm,5.8-19 cm
KansasState,min,BAU,KeC1-3,KeC1-3-3,3,esm1,-19,-30,15.1470682007103,standard,30-50 cm,19-30 cm
KansasState,min,BAU,KeC1-3,KeC1-3-3,3,esm2,-18.9873176034228,-30.1362217510956,15.0620699039441,standard,30-50 cm,19-30.1 cm
KansasState,min,BAU,KeC1-3,KeC1-3-4,4,esm1,-30,-44.7,14.6237909428282,standard,50-75 cm,30-44.7 cm
KansasState,min,BAU,KeC1-3,KeC1-3-4,4,esm2,-30.1362217510956,-44.7746899608283,14.276525815732,standard,50-75 cm,30.1-44.8 cm
KansasState,min,BAU,KeC1-3,KeC1-3-5,5,esm1,-44.7,-61.2,13.6184177982602,standard,75-100 cm,44.7-61.2 cm
KansasState,min,BAU,KeC1-3,KeC1-3-5,5,esm2,-44.7746899608283,-61.204387321958,13.0718553196246,standard,75-100 cm,44.8-61.2 cm
KansasState,min,BAU,KeC2-1,KeC2-1-1,1,esm1,0,-5.9,12.843964032078,standard,0-10 cm,0-5.9 cm
KansasState,min,BAU,KeC2-1,KeC2-1-1,1,esm2,0,-6.05747863086072,13.2713731125481,standard,0-10 cm,0-6.1 cm
KansasState,min,BAU,KeC2-1,KeC2-1-2,2,esm1,-5.9,-19,21.944908682772,standard,10-30 cm,5.9-19 cm
KansasState,min,BAU,KeC2-1,KeC2-1-2,2,esm2,-6.05747863086072,-19.1521716727001,22.3593807359007,standard,10-30 cm,6.1-19.2 cm
KansasState,min,BAU,KeC2-1,KeC2-1-3,3,esm1,-19,-29.4,11.8436342249483,standard,30-50 cm,19-29.4 cm
KansasState,min,BAU,KeC2-1,KeC2-1-3,3,esm2,-19.1521716727001,-29.6408033647882,12.2955505253391,standard,30-50 cm,19.2-29.6 cm
KansasState,min,BAU,KeC2-1,KeC2-1-4,4,esm1,-29.4,-43.3,13.6520004757025,standard,50-75 cm,29.4-43.3 cm
KansasState,min,BAU,KeC2-1,KeC2-1-4,4,esm2,-29.6408033647882,-43.3966990423174,12.239869216157,standard,50-75 cm,29.6-43.4 cm
KansasState,min,BAU,KeC2-1,KeC2-1-5,5,esm1,-43.3,-58.8,17.0752686166505,standard,75-100 cm,43.3-58.8 cm
KansasState,min,BAU,KeC2-1,KeC2-1-5,5,esm2,-43.3966990423174,-58.7529573075844,17.0132644384969,standard,75-100 cm,43.4-58.8 cm
KansasState,min,BAU,KeC2-2,KeC2-2-1,1,esm1,0,-4.1,12.919857553884,standard,0-10 cm,0-4.1 cm
KansasState,min,BAU,KeC2-2,KeC2-2-1,1,esm2,0,-4.21558201413839,13.6099082114622,standard,0-10 cm,0-4.2 cm
KansasState,min,BAU,KeC2-2,KeC2-2-2,2,esm1,-4.1,-15,23.492918588566,standard,10-30 cm,4.1-15 cm
KansasState,min,BAU,KeC2-2,KeC2-2-2,2,esm2,-4.21558201413839,-14.9246600945042,23.66344296535,standard,10-30 cm,4.2-14.9 cm
KansasState,min,BAU,KeC2-2,KeC2-2-3,3,esm1,-15,-24.4,16.1573388063398,standard,30-50 cm,15-24.4 cm
KansasState,min,BAU,KeC2-2,KeC2-2-3,3,esm2,-14.9246600945042,-24.3981595223991,15.6113596892173,standard,30-50 cm,14.9-24.4 cm
KansasState,min,BAU,KeC2-2,KeC2-2-4,4,esm1,-24.4,-39,17.56197621326,standard,50-75 cm,24.4-39 cm
KansasState,min,BAU,KeC2-2,KeC2-2-4,4,esm2,-24.3981595223991,-39.0918418831156,17.4733998720214,standard,50-75 cm,24.4-39.1 cm
KansasState,min,BAU,KeC2-2,KeC2-2-5,5,esm1,-39,-55,16.8148723527992,standard,75-100 cm,39-55 cm
KansasState,min,BAU,KeC2-2,KeC2-2-5,5,esm2,-39.0918418831156,-55.033047118964,16.6642411973052,standard,75-100 cm,39.1-55 cm
KansasState,min,BAU,KeC2-3,KeC2-3-1,1,esm1,0,-5,12.096870467,standard,0-10 cm,0-5 cm
KansasState,min,BAU,KeC2-3,KeC2-3-1,1,esm2,0,-5.00926755433938,12.1182026581242,standard,0-10 cm,0-5 cm
KansasState,min,BAU,KeC2-3,KeC2-3-2,2,esm1,-5,-16.3,21.0843381152429,standard,10-30 cm,5-16.3 cm
KansasState,min,BAU,KeC2-3,KeC2-3-2,2,esm2,-5.00926755433938,-16.1764562942482,22.2008861627532,standard,10-30 cm,5-16.2 cm
KansasState,min,BAU,KeC2-3,KeC2-3-3,3,esm1,-16.3,-26.2,16.1445524680969,standard,30-50 cm,16.3-26.2 cm
KansasState,min,BAU,KeC2-3,KeC2-3-3,3,esm2,-16.1764562942482,-26.254719937624,15.1060121492608,standard,30-50 cm,16.2-26.3 cm
KansasState,min,BAU,KeC2-3,KeC2-3-4,4,esm1,-26.2,-40.5,16.4577028118396,standard,50-75 cm,26.2-40.5 cm
KansasState,min,BAU,KeC2-3,KeC2-3-4,4,esm2,-26.254719937624,-40.6154269108987,16.4113525718778,standard,50-75 cm,26.3-40.6 cm
KansasState,min,BAU,KeC2-3,KeC2-3-5,5,esm1,-40.5,-56.2,22.0741445471885,standard,75-100 cm,40.5-56.2 cm
KansasState,min,BAU,KeC2-3,KeC2-3-5,5,esm2,-40.6154269108987,-56.2026960506865,21.5989919046982,standard,75-100 cm,40.6-56.2 cm
KansasState,min,BAU,KeC3-1,KeC3-1-1,1,esm1,0,-4.2,21.5814588528,standard,0-10 cm,0-4.2 cm
KansasState,min,BAU,KeC3-1,KeC3-1-1,1,esm2,0,-4.27980147448473,21.7202885664479,standard,0-10 cm,0-4.3 cm
KansasState,min,BAU,KeC3-1,KeC3-1-2,2,esm1,-4.2,-16,36.9965310703999,standard,10-30 cm,4.2-16 cm
KansasState,min,BAU,KeC3-1,KeC3-1-2,2,esm2,-4.27980147448473,-15.9509558439536,42.5359596464744,standard,10-30 cm,4.3-16 cm
KansasState,min,BAU,KeC3-1,KeC3-1-3,3,esm1,-16,-26.2,11.7879463390082,standard,30-50 cm,16-26.2 cm
KansasState,min,BAU,KeC3-1,KeC3-1-3,3,esm2,-15.9509558439536,-26.1849223898262,5.10135663537767,standard,30-50 cm,16-26.2 cm
KansasState,min,BAU,KeC3-1,KeC3-1-4,4,esm1,-26.2,-40.9,12.8813302899525,standard,50-75 cm,26.2-40.9 cm
KansasState,min,BAU,KeC3-1,KeC3-1-4,4,esm2,-26.1849223898262,-40.9247498340512,14.3081105772997,standard,50-75 cm,26.2-40.9 cm
KansasState,min,BAU,KeC3-1,KeC3-1-5,5,esm1,-40.9,-58.3,11.216954636992,standard,75-100 cm,40.9-58.3 cm
KansasState,min,BAU,KeC3-1,KeC3-1-5,5,esm2,-40.9247498340512,-58.4289726779456,10.6640748894675,standard,75-100 cm,40.9-58.4 cm
KansasState,min,BAU,KeC3-2,KeC3-2-1,1,esm1,0,-4.4,7.06603863899999,standard,0-10 cm,0-4.4 cm
KansasState,min,BAU,KeC3-2,KeC3-2-1,1,esm2,0,-4.41774604276777,7.1754294288433,standard,0-10 cm,0-4.4 cm
KansasState,min,BAU,KeC3-2,KeC3-2-2,2,esm1,-4.4,-16.2,13.563439381488,standard,10-30 cm,4.4-16.2 cm
KansasState,min,BAU,KeC3-2,KeC3-2-2,2,esm2,-4.41774604276777,-16.3502222318689,13.5243556872172,standard,10-30 cm,4.4-16.4 cm
KansasState,min,BAU,KeC3-2,KeC3-2-3,3,esm1,-16.2,-25.2,9.04101032016008,standard,30-50 cm,16.2-25.2 cm
KansasState,min,BAU,KeC3-2,KeC3-2-3,3,esm2,-16.3502222318689,-25.2806348526234,8.9669012246455,standard,30-50 cm,16.4-25.3 cm
KansasState,min,BAU,KeC3-2,KeC3-2-4,4,esm1,-25.2,-38.9,15.5248632084717,standard,50-75 cm,25.2-38.9 cm
KansasState,min,BAU,KeC3-2,KeC3-2-4,4,esm2,-25.2806348526234,-38.9189096713807,16.0843814399239,standard,50-75 cm,25.3-38.9 cm
KansasState,min,BAU,KeC3-2,KeC3-2-5,5,esm1,-38.9,-55.6,16.7638031637796,standard,75-100 cm,38.9-55.6 cm
KansasState,min,BAU,KeC3-2,KeC3-2-5,5,esm2,-38.9189096713807,-55.6917750260761,16.4200738226425,standard,75-100 cm,38.9-55.7 cm
KansasState,min,BAU,KeC3-3,KeC3-3-1,1,esm1,0,-4.6,7.08555639514199,standard,0-10 cm,0-4.6 cm
KansasState,min,BAU,KeC3-3,KeC3-3-1,1,esm2,0,-4.62200693993726,7.18057045266516,standard,0-10 cm,0-4.6 cm
KansasState,min,BAU,KeC3-3,KeC3-3-2,2,esm1,-4.6,-17.2,14.8222496022399,standard,10-30 cm,4.6-17.2 cm
KansasState,min,BAU,KeC3-3,KeC3-3-2,2,esm2,-4.62200693993726,-17.3273006650922,14.8071806638797,standard,10-30 cm,4.6-17.3 cm
KansasState,min,BAU,KeC3-3,KeC3-3-3,3,esm1,-17.2,-26.7,13.4290517398241,standard,30-50 cm,17.2-26.7 cm
KansasState,min,BAU,KeC3-3,KeC3-3-3,3,esm2,-17.3273006650922,-26.747061504812,13.3398194812525,standard,30-50 cm,17.3-26.7 cm
KansasState,min,BAU,KeC3-3,KeC3-3-4,4,esm1,-26.7,-40.3,16.8762024054203,standard,50-75 cm,26.7-40.3 cm
KansasState,min,BAU,KeC3-3,KeC3-3-4,4,esm2,-26.747061504812,-40.2932084122239,17.0179694972453,standard,50-75 cm,26.7-40.3 cm
KansasState,min,BAU,KeC3-3,KeC3-3-5,5,esm1,-40.3,-56.6,12.8364225602235,standard,75-100 cm,40.3-56.6 cm
KansasState,min,BAU,KeC3-3,KeC3-3-5,5,esm2,-40.2932084122239,-56.6192666111544,12.7864472707858,standard,75-100 cm,40.3-56.6 cm
KansasState,min,SHM,KeCF1-1,KeCF1-1-1,1,esm1,0,-3.8,10.909177731456,standard,0-10 cm,0-3.8 cm
KansasState,min,SHM,KeCF1-1,KeCF1-1-1,1,esm2,0,-3.73680831657243,11.9207932088784,standard,0-10 cm,0-3.7 cm
KansasState,min,SHM,KeCF1-1,KeCF1-1-2,2,esm1,-3.8,-15.5,17.4613225614039,standard,10-30 cm,3.8-15.5 cm
KansasState,min,SHM,KeCF1-1,KeCF1-1-2,2,esm2,-3.73680831657243,-15.5866770169793,16.7356648914988,standard,10-30 cm,3.7-15.6 cm
KansasState,min,SHM,KeCF1-1,KeCF1-1-3,3,esm1,-15.5,-24.9,9.34972371219586,standard,30-50 cm,15.5-24.9 cm
KansasState,min,SHM,KeCF1-1,KeCF1-1-3,3,esm2,-15.5866770169793,-24.9838056260824,9.31632803343564,standard,30-50 cm,15.6-25 cm
KansasState,min,SHM,KeCF1-1,KeCF1-1-4,4,esm1,-24.9,-37.3,10.9168168978803,standard,50-75 cm,24.9-37.3 cm
KansasState,min,SHM,KeCF1-1,KeCF1-1-4,4,esm2,-24.9838056260824,-37.2575851722764,10.6430588275581,standard,50-75 cm,25-37.3 cm
KansasState,min,SHM,KeCF1-1,KeCF1-1-5,5,esm1,-37.3,-55.5,15.3101635727039,standard,75-100 cm,37.3-55.5 cm
KansasState,min,SHM,KeCF1-1,KeCF1-1-5,5,esm2,-37.2575851722764,-55.2015805139752,15.2477072873198,standard,75-100 cm,37.3-55.2 cm
KansasState,min,SHM,KeCF1-2,KeCF1-2-1,1,esm1,0,-4.5,10.27100072349,standard,0-10 cm,0-4.5 cm
KansasState,min,SHM,KeCF1-2,KeCF1-2-1,1,esm2,0,-4.55819968408024,10.6061792117882,standard,0-10 cm,0-4.6 cm
KansasState,min,SHM,KeCF1-2,KeCF1-2-2,2,esm1,-4.5,-15.6,16.07748977917,standard,10-30 cm,4.5-15.6 cm
KansasState,min,SHM,KeCF1-2,KeCF1-2-2,2,esm2,-4.55819968408024,-15.602367903027,16.0885148098308,standard,10-30 cm,4.6-15.6 cm
KansasState,min,SHM,KeCF1-2,KeCF1-2-3,3,esm1,-15.6,-25.9,9.2896612438599,standard,30-50 cm,15.6-25.9 cm
KansasState,min,SHM,KeCF1-2,KeCF1-2-3,3,esm2,-15.602367903027,-25.8319017295965,9.45611396950748,standard,30-50 cm,15.6-25.8 cm
KansasState,min,SHM,KeCF1-2,KeCF1-2-4,4,esm1,-25.9,-40.5,10.7171247520551,standard,50-75 cm,25.9-40.5 cm
KansasState,min,SHM,KeCF1-2,KeCF1-2-4,4,esm2,-25.8319017295965,-40.3708162530831,10.2348863077847,standard,50-75 cm,25.8-40.4 cm
KansasState,min,SHM,KeCF1-2,KeCF1-2-5,5,esm1,-40.5,-60.2,11.3867948761075,standard,75-100 cm,40.5-60.2 cm
KansasState,min,SHM,KeCF1-2,KeCF1-2-5,5,esm2,-40.3708162530831,-59.9057465255207,11.4420873517234,standard,75-100 cm,40.4-59.9 cm
KansasState,min,SHM,KeCF1-3,KeCF1-3-1,1,esm1,0,-5.3,10.493822022096,standard,0-10 cm,0-5.3 cm
KansasState,min,SHM,KeCF1-3,KeCF1-3-1,1,esm2,0,-5.39712511805118,10.7242825270864,standard,0-10 cm,0-5.4 cm
KansasState,min,SHM,KeCF1-3,KeCF1-3-2,2,esm1,-5.3,-18.8,18.6467245238241,standard,10-30 cm,5.3-18.8 cm
KansasState,min,SHM,KeCF1-3,KeCF1-3-2,2,esm2,-5.39712511805118,-19.0270100558049,18.9094858485384,standard,10-30 cm,5.4-19 cm
KansasState,min,SHM,KeCF1-3,KeCF1-3-3,3,esm1,-18.8,-28.9,10.6506110748002,standard,30-50 cm,18.8-28.9 cm
KansasState,min,SHM,KeCF1-3,KeCF1-3-3,3,esm2,-19.0270100558049,-29.9121255652624,13.0985784071385,standard,30-50 cm,19-29.9 cm
KansasState,min,SHM,KeCF1-3,KeCF1-3-4,4,esm1,-28.9,-43,14.8686748668002,standard,50-75 cm,28.9-43 cm
KansasState,min,SHM,KeCF1-3,KeCF1-3-4,4,esm2,-29.9121255652624,-43.1431735603451,12.7336603300502,standard,50-75 cm,29.9-43.1 cm
KansasState,min,SHM,KeCF1-3,KeCF1-3-5,5,esm1,-43,-59.7,13.0448785784067,standard,75-100 cm,43-59.7 cm
KansasState,min,SHM,KeCF1-3,KeCF1-3-5,5,esm2,-43.1431735603451,-59.5275865724581,12.6180700011541,standard,75-100 cm,43.1-59.5 cm
KansasState,min,SHM,KeCF3-1,KeCF3-1-1,1,esm1,0,-4.4,10.800711053748,standard,0-10 cm,0-4.4 cm
KansasState,min,SHM,KeCF3-1,KeCF3-1-1,1,esm2,0,-4.47532975182128,11.2958628249351,standard,0-10 cm,0-4.5 cm
KansasState,min,SHM,KeCF3-1,KeCF3-1-2,2,esm1,-4.4,-15.9,15.869380798166,standard,10-30 cm,4.4-15.9 cm
KansasState,min,SHM,KeCF3-1,KeCF3-1-2,2,esm2,-4.47532975182128,-15.9581912899885,15.5511449298856,standard,10-30 cm,4.5-16 cm
KansasState,min,SHM,KeCF3-1,KeCF3-1-3,3,esm1,-15.9,-25.5,11.2542738734662,standard,30-50 cm,15.9-25.5 cm
KansasState,min,SHM,KeCF3-1,KeCF3-1-3,3,esm2,-15.9581912899885,-25.4975387322082,11.4537571737715,standard,30-50 cm,16-25.5 cm
KansasState,min,SHM,KeCF3-1,KeCF3-1-4,4,esm1,-25.5,-39.1,13.3026637864324,standard,50-75 cm,25.5-39.1 cm
KansasState,min,SHM,KeCF3-1,KeCF3-1-4,4,esm2,-25.4975387322082,-39.149796784762,13.0957451318659,standard,50-75 cm,25.5-39.1 cm
KansasState,min,SHM,KeCF3-1,KeCF3-1-5,5,esm1,-39.1,-55.4,12.5170269927677,standard,75-100 cm,39.1-55.4 cm
KansasState,min,SHM,KeCF3-1,KeCF3-1-5,5,esm2,-39.149796784762,-55.5316714779044,12.5071096144088,standard,75-100 cm,39.1-55.5 cm
KansasState,min,SHM,KeCF3-2,KeCF3-2-1,1,esm1,0,-6,8.52693438223999,standard,0-10 cm,0-6 cm
KansasState,min,SHM,KeCF3-2,KeCF3-2-1,1,esm2,0,-6.28202411272819,8.89216126083377,standard,0-10 cm,0-6.3 cm
KansasState,min,SHM,KeCF3-2,KeCF3-2-2,2,esm1,-6,-17.2,16.4797142721441,standard,10-30 cm,6-17.2 cm
KansasState,min,SHM,KeCF3-2,KeCF3-2-2,2,esm2,-6.28202411272819,-16.9169061331302,16.3024916951304,standard,10-30 cm,6.3-16.9 cm
KansasState,min,SHM,KeCF3-2,KeCF3-2-3,3,esm1,-17.2,-27.7,11.0513898762311,standard,30-50 cm,17.2-27.7 cm
KansasState,min,SHM,KeCF3-2,KeCF3-2-3,3,esm2,-16.9169061331302,-27.7596729378559,11.8343894552943,standard,30-50 cm,16.9-27.8 cm
KansasState,min,SHM,KeCF3-2,KeCF3-2-4,4,esm1,-27.7,-42.3,11.4483971472271,standard,50-75 cm,27.7-42.3 cm
KansasState,min,SHM,KeCF3-2,KeCF3-2-4,4,esm2,-27.7596729378559,-42.5245834908234,10.4829593443719,standard,50-75 cm,27.8-42.5 cm
KansasState,min,SHM,KeCF3-2,KeCF3-2-5,5,esm1,-42.3,-58.6,12.03364416182,standard,75-100 cm,42.3-58.6 cm
KansasState,min,SHM,KeCF3-2,KeCF3-2-5,5,esm2,-42.5245834908234,-58.3211772003699,11.8775844592731,standard,75-100 cm,42.5-58.3 cm
KansasState,min,SHM,KeCF3-3,KeCF3-3-1,1,esm1,0,-5.1,9.231039946354,standard,0-10 cm,0-5.1 cm
KansasState,min,SHM,KeCF3-3,KeCF3-3-1,1,esm2,0,-5.14741985769588,9.37211921656257,standard,0-10 cm,0-5.1 cm
KansasState,min,SHM,KeCF3-3,KeCF3-3-2,2,esm1,-5.1,-20.9,14.072589163116,standard,10-30 cm,5.1-20.9 cm
KansasState,min,SHM,KeCF3-3,KeCF3-3-2,2,esm2,-5.14741985769588,-20.96200143046,13.9723964836791,standard,10-30 cm,5.1-21 cm
KansasState,min,SHM,KeCF3-3,KeCF3-3-3,3,esm1,-20.9,-31.4,7.88412918947994,standard,30-50 cm,20.9-31.4 cm
KansasState,min,SHM,KeCF3-3,KeCF3-3-3,3,esm2,-20.96200143046,-32.527984641224,8.33143115019952,standard,30-50 cm,21-32.5 cm
KansasState,min,SHM,KeCF3-3,KeCF3-3-4,4,esm1,-31.4,-46,10.3781954947601,standard,50-75 cm,31.4-46 cm
KansasState,min,SHM,KeCF3-3,KeCF3-3-4,4,esm2,-32.527984641224,-45.786393065256,9.7154998191093,standard,50-75 cm,32.5-45.8 cm
KansasState,min,SHM,KeCF3-3,KeCF3-3-5,5,esm1,-46,-62.6,14.3682844567682,standard,75-100 cm,46-62.6 cm
KansasState,min,SHM,KeCF3-3,KeCF3-3-5,5,esm2,-45.786393065256,-62.9067326710127,13.9067437941039,standard,75-100 cm,45.8-62.9 cm
KansasState,min,Ref,KeN1-1,KeN1-1-1,1,esm1,0,-5,18.39370634255,standard,0-10 cm,0-5 cm
KansasState,min,Ref,KeN1-1,KeN1-1-1,1,esm2,0,-5.02531486195564,18.4770306156331,standard,0-10 cm,0-5 cm
KansasState,min,Ref,KeN1-1,KeN1-1-2,2,esm1,-5,-21.9,28.446300416934,standard,10-30 cm,5-21.9 cm
KansasState,min,Ref,KeN1-1,KeN1-1-2,2,esm2,-5.02531486195564,-21.9051507077936,28.5198767668356,standard,10-30 cm,5-21.9 cm
KansasState,min,Ref,KeN1-1,KeN1-1-3,3,esm1,-21.9,-33.3,14.4426273429681,standard,30-50 cm,21.9-33.3 cm
KansasState,min,Ref,KeN1-1,KeN1-1-3,3,esm2,-21.9051507077936,-35.1839906053734,16.7709946895671,standard,30-50 cm,21.9-35.2 cm
KansasState,min,Ref,KeN1-1,KeN1-1-4,4,esm1,-33.3,-48.4,17.1844306361196,standard,50-75 cm,33.3-48.4 cm
KansasState,min,Ref,KeN1-1,KeN1-1-4,4,esm2,-35.1839906053734,-47.8242515348459,14.8860068170132,standard,50-75 cm,35.2-47.8 cm
KansasState,min,Ref,KeN1-1,KeN1-1-5,5,esm1,-48.4,-65.6,14.4989958857764,standard,75-100 cm,48.4-65.6 cm
KansasState,min,Ref,KeN1-1,KeN1-1-5,5,esm2,-47.8242515348459,-65.2237643214699,14.1750936489988,standard,75-100 cm,47.8-65.2 cm
KansasState,min,Ref,KeN1-2,KeN1-2-1,1,esm1,0,-6.2,17.39400883543,standard,0-10 cm,0-6.2 cm
KansasState,min,Ref,KeN1-2,KeN1-2-1,1,esm2,0,-6.34572331801192,18.0660035519118,standard,0-10 cm,0-6.3 cm
KansasState,min,Ref,KeN1-2,KeN1-2-2,2,esm1,-6.2,-19.8,26.2171350170022,standard,10-30 cm,6.2-19.8 cm
KansasState,min,Ref,KeN1-2,KeN1-2-2,2,esm2,-6.34572331801192,-20.0452506919608,26.7388898239194,standard,10-30 cm,6.3-20 cm
KansasState,min,Ref,KeN1-2,KeN1-2-3,3,esm1,-19.8,-31,18.6536075349183,standard,30-50 cm,19.8-31 cm
KansasState,min,Ref,KeN1-2,KeN1-2-3,3,esm2,-20.0452506919608,-30.9972518871921,18.4739895142857,standard,30-50 cm,20-31 cm
KansasState,min,Ref,KeN1-2,KeN1-2-4,4,esm1,-31,-46.5,14.9218798315604,standard,50-75 cm,31-46.5 cm
KansasState,min,Ref,KeN1-2,KeN1-2-4,4,esm2,-30.9972518871921,-46.33722259522,14.162344342486,standard,50-75 cm,31-46.3 cm
KansasState,min,Ref,KeN1-2,KeN1-2-5,5,esm1,-46.5,-65.7,12.5968506909107,standard,75-100 cm,46.5-65.7 cm
KansasState,min,Ref,KeN1-2,KeN1-2-5,5,esm2,-46.33722259522,-65.8260452935306,12.4037874566421,standard,75-100 cm,46.3-65.8 cm
KansasState,min,Ref,KeN1-3,KeN1-3-1,1,esm1,0,-6.2,17.626247006734,standard,0-10 cm,0-6.2 cm
KansasState,min,Ref,KeN1-3,KeN1-3-1,1,esm2,0,-6.43116706603132,18.6051558092595,standard,0-10 cm,0-6.4 cm
KansasState,min,Ref,KeN1-3,KeN1-3-2,2,esm1,-6.2,-19.4,22.91805944468,standard,10-30 cm,6.2-19.4 cm
KansasState,min,Ref,KeN1-3,KeN1-3-2,2,esm2,-6.43116706603132,-19.3811748424501,23.0501313336511,standard,10-30 cm,6.4-19.4 cm
KansasState,min,Ref,KeN1-3,KeN1-3-3,3,esm1,-19.4,-30.6,14.303595685348,standard,30-50 cm,19.4-30.6 cm
KansasState,min,Ref,KeN1-3,KeN1-3-3,3,esm2,-19.3811748424501,-30.5721618814883,14.2117011207659,standard,30-50 cm,19.4-30.6 cm
KansasState,min,Ref,KeN1-3,KeN1-3-4,4,esm1,-30.6,-47.1,12.8116935383474,standard,50-75 cm,30.6-47.1 cm
KansasState,min,Ref,KeN1-3,KeN1-3-4,4,esm2,-30.5721618814883,-47.0219246337635,11.8578681801836,standard,50-75 cm,30.6-47 cm
KansasState,min,Ref,KeN1-3,KeN1-3-5,5,esm1,-47.1,-67.1,12.3008542401857,standard,75-100 cm,47.1-67.1 cm
KansasState,min,Ref,KeN1-3,KeN1-3-5,5,esm2,-47.0219246337635,-67.623114011336,12.4253406560206,standard,75-100 cm,47-67.6 cm
KansasState,min,Ref,KeN2-1,KeN2-1-1,1,esm1,0,-6,7.39673554297999,standard,0-10 cm,0-6 cm
KansasState,min,Ref,KeN2-1,KeN2-1-1,1,esm2,0,-6.0978232415385,7.17299605940071,standard,0-10 cm,0-6.1 cm
KansasState,min,Ref,KeN2-1,KeN2-1-2,2,esm1,-6,-19,26.4032044215201,standard,10-30 cm,6-19 cm
KansasState,min,Ref,KeN2-1,KeN2-1-2,2,esm2,-6.0978232415385,-18.8809751564685,27.3507169393846,standard,10-30 cm,6.1-18.9 cm
KansasState,min,Ref,KeN2-1,KeN2-1-3,3,esm1,-19,-30.1,21.0924075306721,standard,30-50 cm,19-30.1 cm
KansasState,min,Ref,KeN2-1,KeN2-1-3,3,esm2,-18.8809751564685,-30.1663908600727,20.5696458469492,standard,30-50 cm,18.9-30.2 cm
KansasState,min,Ref,KeN2-1,KeN2-1-4,4,esm1,-30.1,-45.5,27.6511309932481,standard,50-75 cm,30.1-45.5 cm
KansasState,min,Ref,KeN2-1,KeN2-1-4,4,esm2,-30.1663908600727,-45.5623759972367,28.2476329411927,standard,50-75 cm,30.2-45.6 cm
KansasState,min,Ref,KeN2-1,KeN2-1-5,5,esm1,-45.5,-62.8,19.7695909464482,standard,75-100 cm,45.5-62.8 cm
KansasState,min,Ref,KeN2-1,KeN2-1-5,5,esm2,-45.5623759972367,-62.9228434274976,21.0291436949947,standard,75-100 cm,45.6-62.9 cm
KansasState,min,Ref,KeN2-2,KeN2-2-1,1,esm1,0,-6.7,19.921114702192,standard,0-10 cm,0-6.7 cm
KansasState,min,Ref,KeN2-2,KeN2-2-1,1,esm2,0,-6.83278043393043,20.6259838059038,standard,0-10 cm,0-6.8 cm
KansasState,min,Ref,KeN2-2,KeN2-2-2,2,esm1,-6.7,-19.8,27.2648490410641,standard,10-30 cm,6.7-19.8 cm
KansasState,min,Ref,KeN2-2,KeN2-2-2,2,esm2,-6.83278043393043,-20.2032862217432,27.6154659852184,standard,10-30 cm,6.8-20.2 cm
KansasState,min,Ref,KeN2-2,KeN2-2-3,3,esm1,-19.8,-30.5,21.666740074794,standard,30-50 cm,19.8-30.5 cm
KansasState,min,Ref,KeN2-2,KeN2-2-3,3,esm2,-20.2032862217432,-30.3837318918771,20.3095530295924,standard,30-50 cm,20.2-30.4 cm
KansasState,min,Ref,KeN2-2,KeN2-2-4,4,esm1,-30.5,-45.4,31.6673449725053,standard,50-75 cm,30.5-45.4 cm
KansasState,min,Ref,KeN2-2,KeN2-2-4,4,esm2,-30.3837318918771,-45.4392300904287,32.1921122492613,standard,50-75 cm,30.4-45.4 cm
KansasState,min,Ref,KeN2-2,KeN2-2-5,5,esm1,-45.4,-63.8,26.1951634734131,standard,75-100 cm,45.4-63.8 cm
KansasState,min,Ref,KeN2-2,KeN2-2-5,5,esm2,-45.4392300904287,-63.9546438465298,27.5164440972962,standard,75-100 cm,45.4-64 cm
KansasState,min,Ref,KeN2-3,KeN2-3-1,1,esm1,0,-6.5,20.45661563825,standard,0-10 cm,0-6.5 cm
KansasState,min,Ref,KeN2-3,KeN2-3-1,1,esm2,0,-6.85825926166067,21.9080157421985,standard,0-10 cm,0-6.9 cm
KansasState,min,Ref,KeN2-3,KeN2-3-2,2,esm1,-6.5,-20.2,31.00305387214,standard,10-30 cm,6.5-20.2 cm
KansasState,min,Ref,KeN2-3,KeN2-3-2,2,esm2,-6.85825926166067,-19.7921727112409,29.5106637529122,standard,10-30 cm,6.9-19.8 cm
KansasState,min,Ref,KeN2-3,KeN2-3-3,3,esm1,-20.2,-33,23.0610699698399,standard,30-50 cm,20.2-33 cm
KansasState,min,Ref,KeN2-3,KeN2-3-3,3,esm2,-19.7921727112409,-33.1960638902018,24.3984960439807,standard,30-50 cm,19.8-33.2 cm
KansasState,min,Ref,KeN2-3,KeN2-3-4,4,esm1,-33,-50.6,26.7949793334302,standard,50-75 cm,33-50.6 cm
KansasState,min,Ref,KeN2-3,KeN2-3-4,4,esm2,-33.1960638902018,-50.7909231531953,26.0536119413331,standard,50-75 cm,33.2-50.8 cm
KansasState,min,Ref,KeN2-3,KeN2-3-5,5,esm1,-50.6,-67.5,18.8238717098805,standard,75-100 cm,50.6-67.5 cm
KansasState,min,Ref,KeN2-3,KeN2-3-5,5,esm2,-50.7909231531953,-67.979128032739,20.1827617940596,standard,75-100 cm,50.8-68 cm
KansasState,min,Ref,KeN3-1,KeN3-1-1,1,esm1,0,-5.3,8.41590170457601,standard,0-10 cm,0-5.3 cm
KansasState,min,Ref,KeN3-1,KeN3-1-1,1,esm2,0,-5.40492276523277,8.46989452888237,standard,0-10 cm,0-5.4 cm
KansasState,min,Ref,KeN3-1,KeN3-1-2,2,esm1,-5.3,-17.2,29.4938960705721,standard,10-30 cm,5.3-17.2 cm
KansasState,min,Ref,KeN3-1,KeN3-1-2,2,esm2,-5.40492276523277,-16.9392991538773,34.9965887646842,standard,10-30 cm,5.4-16.9 cm
KansasState,min,Ref,KeN3-1,KeN3-1-3,3,esm1,-17.2,-27.7,12.7791526030261,standard,30-50 cm,17.2-27.7 cm
KansasState,min,Ref,KeN3-1,KeN3-1-3,3,esm2,-16.9392991538773,-27.9509176165084,6.53360864441126,standard,30-50 cm,16.9-28 cm
KansasState,min,Ref,KeN3-1,KeN3-1-4,4,esm1,-27.7,-42,13.7742535590658,standard,50-75 cm,27.7-42 cm
KansasState,min,Ref,KeN3-1,KeN3-1-4,4,esm2,-27.9509176165084,-42.0553186388894,14.4600333161732,standard,50-75 cm,28-42.1 cm
KansasState,min,Ref,KeN3-1,KeN3-1-5,5,esm1,-42,-57.8,12.8426619646442,standard,75-100 cm,42-57.8 cm
KansasState,min,Ref,KeN3-1,KeN3-1-5,5,esm2,-42.0553186388894,-57.7935597946333,12.7571449335938,standard,75-100 cm,42.1-57.8 cm
KansasState,min,Ref,KeN3-2,KeN3-2-1,1,esm1,0,-6.8,12.953806665798,standard,0-10 cm,0-6.8 cm
KansasState,min,Ref,KeN3-2,KeN3-2-1,1,esm2,0,-7.2550941315212,14.0342877111085,standard,0-10 cm,0-7.3 cm
KansasState,min,Ref,KeN3-2,KeN3-2-2,2,esm1,-6.8,-18.9,17.5117503058099,standard,10-30 cm,6.8-18.9 cm
KansasState,min,Ref,KeN3-2,KeN3-2-2,2,esm2,-7.2550941315212,-18.6766991259377,16.5933229832373,standard,10-30 cm,7.3-18.7 cm
KansasState,min,Ref,KeN3-2,KeN3-2-3,3,esm1,-18.9,-29.1,12.0462610648091,standard,30-50 cm,18.9-29.1 cm
KansasState,min,Ref,KeN3-2,KeN3-2-3,3,esm2,-18.6766991259377,-29.3584558031146,13.0790754548333,standard,30-50 cm,18.7-29.4 cm
KansasState,min,Ref,KeN3-2,KeN3-2-4,4,esm1,-29.1,-43,12.3878700528929,standard,50-75 cm,29.1-43 cm
KansasState,min,Ref,KeN3-2,KeN3-2-4,4,esm2,-29.3584558031146,-43.120161834455,11.5980483204912,standard,50-75 cm,29.4-43.1 cm
KansasState,min,Ref,KeN3-2,KeN3-2-5,5,esm1,-43,-58.8,12.5729085060479,standard,75-100 cm,43-58.8 cm
KansasState,min,Ref,KeN3-2,KeN3-2-5,5,esm2,-43.120161834455,-59.0260291328022,11.9569384212145,standard,75-100 cm,43.1-59 cm
KansasState,min,Ref,KeN3-3,KeN3-3-1,1,esm1,0,-6.8,13.06690898733,standard,0-10 cm,0-6.8 cm
KansasState,min,Ref,KeN3-3,KeN3-3-1,1,esm2,0,-7.09875244372329,13.8931295139557,standard,0-10 cm,0-7.1 cm
KansasState,min,Ref,KeN3-3,KeN3-3-2,2,esm1,-6.8,-19.3,16.523830443744,standard,10-30 cm,6.8-19.3 cm
KansasState,min,Ref,KeN3-3,KeN3-3-2,2,esm2,-7.09875244372329,-19.1789826046593,16.157350877992,standard,10-30 cm,7.1-19.2 cm
KansasState,min,Ref,KeN3-3,KeN3-3-3,3,esm1,-19.3,-29.8,11.6380920770601,standard,30-50 cm,19.3-29.8 cm
KansasState,min,Ref,KeN3-3,KeN3-3-3,3,esm2,-19.1789826046593,-29.8110115395124,11.6152241059609,standard,30-50 cm,19.2-29.8 cm
KansasState,min,Ref,KeN3-3,KeN3-3-4,4,esm1,-29.8,-44.7,13.1527419491883,standard,50-75 cm,29.8-44.7 cm
KansasState,min,Ref,KeN3-3,KeN3-3-4,4,esm2,-29.8110115395124,-44.7520595148078,12.6707700610739,standard,50-75 cm,29.8-44.8 cm
KansasState,min,Ref,KeN3-3,KeN3-3-5,5,esm1,-44.7,-61,15.7024016307677,standard,75-100 cm,44.7-61 cm
KansasState,min,Ref,KeN3-3,KeN3-3-5,5,esm2,-44.7520595148078,-61.1339878566248,15.3742042818304,standard,75-100 cm,44.8-61.1 cm
NCState,min,BAU,CeC1-1,CeC1-1-1,1,esm1,0,-5.9,11.553047494018,standard,0-10 cm,0-5.9 cm
NCState,min,BAU,CeC1-1,CeC1-1-1,1,esm2,0,-6.22511191960555,11.5194066540672,standard,0-10 cm,0-6.2 cm
NCState,min,BAU,CeC1-1,CeC1-1-2,2,esm1,-5.9,-14.4,28.367130732216,standard,10-30 cm,5.9-14.4 cm
NCState,min,BAU,CeC1-1,CeC1-1-2,2,esm2,-6.22511191960555,-14.4013912505006,32.6588011267719,standard,10-30 cm,6.2-14.4 cm
NCState,min,BAU,CeC1-1,CeC1-1-3,3,esm1,-14.4,-20.9,17.0621481680398,standard,30-50 cm,14.4-20.9 cm
NCState,min,BAU,CeC1-1,CeC1-1-3,3,esm2,-14.4013912505006,-20.7918610826315,13.2207608994183,standard,30-50 cm,14.4-20.8 cm
NCState,min,BAU,CeC1-1,CeC1-1-4,4,esm1,-20.9,-32.6,9.62639785411204,standard,50-75 cm,20.9-32.6 cm
NCState,min,BAU,CeC1-1,CeC1-1-4,4,esm2,-20.7918610826315,-32.098710773652,11.0773564307044,standard,50-75 cm,20.8-32.1 cm
NCState,min,BAU,CeC1-1,CeC1-1-5,5,esm1,-32.6,-45.8,9.38205736093659,standard,75-100 cm,32.6-45.8 cm
NCState,min,BAU,CeC1-1,CeC1-1-5,5,esm2,-32.098710773652,-46.1954565012737,7.96460490512155,standard,75-100 cm,32.1-46.2 cm
NCState,min,BAU,CeC1-2,CeC1-2-1,1,esm1,0,-3.7,10.34432093513,standard,0-10 cm,0-3.7 cm
NCState,min,BAU,CeC1-2,CeC1-2-1,1,esm2,0,-4.05526951703777,10.8106313877358,standard,0-10 cm,0-4.1 cm
NCState,min,BAU,CeC1-2,CeC1-2-2,2,esm1,-3.7,-15.3,21.514033009202,standard,10-30 cm,3.7-15.3 cm
NCState,min,BAU,CeC1-2,CeC1-2-2,2,esm2,-4.05526951703777,-14.6747127122659,21.8281219187289,standard,10-30 cm,4.1-14.7 cm
NCState,min,BAU,CeC1-2,CeC1-2-3,3,esm1,-15.3,-27.4,9.01644733907994,standard,30-50 cm,15.3-27.4 cm
NCState,min,BAU,CeC1-2,CeC1-2-3,3,esm2,-14.6747127122659,-30.8514768782367,10.7293807625526,standard,30-50 cm,14.7-30.9 cm
NCState,min,BAU,CeC1-2,CeC1-2-4,4,esm1,-27.4,-38.3,4.4638199633522,standard,50-75 cm,27.4-38.3 cm
NCState,min,BAU,CeC1-2,CeC1-2-4,4,esm2,-30.8514768782367,-46.258687097403,7.77760912652494,standard,50-75 cm,30.9-46.3 cm
NCState,min,BAU,CeC1-2,CeC1-2-5,5,esm1,-38.3,-50.7,5.07810711427223,standard,75-100 cm,38.3-50.7 cm
NCState,min,BAU,CeC1-2,CeC1-2-5,5,esm2,-46.258687097403,-56.0701727496279,3.17095409632851,standard,75-100 cm,46.3-56.1 cm
NCState,min,BAU,CeC1-3,CeC1-3-1,1,esm1,0,-3.7,8.251113064785,standard,0-10 cm,0-3.7 cm
NCState,min,BAU,CeC1-3,CeC1-3-1,1,esm2,0,-3.79698085460477,8.62319894919023,standard,0-10 cm,0-3.8 cm
NCState,min,BAU,CeC1-3,CeC1-3-2,2,esm1,-3.7,-12.4,17.075999844189,standard,10-30 cm,3.7-12.4 cm
NCState,min,BAU,CeC1-3,CeC1-3-2,2,esm2,-3.79698085460477,-12.7426077147713,17.7156607282099,standard,10-30 cm,3.8-12.7 cm
NCState,min,BAU,CeC1-3,CeC1-3-3,3,esm1,-12.4,-18.4,10.8873390615599,standard,30-50 cm,12.4-18.4 cm
NCState,min,BAU,CeC1-3,CeC1-3-3,3,esm2,-12.7426077147713,-18.5556362624857,10.847428712453,standard,30-50 cm,12.7-18.6 cm
NCState,min,BAU,CeC1-3,CeC1-3-4,4,esm1,-18.4,-28.7,9.69117788427088,standard,50-75 cm,18.4-28.7 cm
NCState,min,BAU,CeC1-3,CeC1-3-4,4,esm2,-18.5556362624857,-27.5018205491077,11.1196175759804,standard,50-75 cm,18.6-27.5 cm
NCState,min,BAU,CeC1-3,CeC1-3-5,5,esm1,-28.7,-41.6,8.33194407181484,standard,75-100 cm,28.7-41.6 cm
NCState,min,BAU,CeC1-3,CeC1-3-5,5,esm2,-27.5018205491077,-40.3111424076541,8.83887018409944,standard,75-100 cm,27.5-40.3 cm
NCState,min,BAU,CeC2-1,CeC2-1-1,1,esm1,0,-4.9,8.287731801349,standard,0-10 cm,0-4.9 cm
NCState,min,BAU,CeC2-1,CeC2-1-1,1,esm2,0,-4.90833898453199,8.2752781711982,standard,0-10 cm,0-4.9 cm
NCState,min,BAU,CeC2-1,CeC2-1-2,2,esm1,-4.9,-15.3,16.464597900993,standard,10-30 cm,4.9-15.3 cm
NCState,min,BAU,CeC2-1,CeC2-1-2,2,esm2,-4.90833898453199,-15.9762129093536,19.6689562797582,standard,10-30 cm,4.9-16 cm
NCState,min,BAU,CeC2-1,CeC2-1-3,3,esm1,-15.3,-23.2,8.80098096675609,standard,30-50 cm,15.3-23.2 cm
NCState,min,BAU,CeC2-1,CeC2-1-3,3,esm2,-15.9762129093536,-23.4790136519858,6.30990079353323,standard,30-50 cm,16-23.5 cm
NCState,min,BAU,CeC2-1,CeC2-1-4,4,esm1,-23.2,-31.9,15.000229334844,standard,50-75 cm,23.2-31.9 cm
NCState,min,BAU,CeC2-1,CeC2-1-4,4,esm2,-23.4790136519858,-32.4233496427077,11.7608385438013,standard,50-75 cm,23.5-32.4 cm
NCState,min,BAU,CeC2-1,CeC2-1-5,5,esm1,-31.9,-41.4,17.8915875444599,standard,75-100 cm,31.9-41.4 cm
NCState,min,BAU,CeC2-1,CeC2-1-5,5,esm2,-32.4233496427077,-41.5531834882461,20.0038497393498,standard,75-100 cm,32.4-41.6 cm
NCState,min,BAU,CeC2-2,CeC2-2-1,1,esm1,0,-3.4,10.67802950522,standard,0-10 cm,0-3.4 cm
NCState,min,BAU,CeC2-2,CeC2-2-1,1,esm2,0,-3.43306901229822,11.7629008215673,standard,0-10 cm,0-3.4 cm
NCState,min,BAU,CeC2-2,CeC2-2-2,2,esm1,-3.4,-12.1,16.99177206414,standard,10-30 cm,3.4-12.1 cm
NCState,min,BAU,CeC2-2,CeC2-2-2,2,esm2,-3.43306901229822,-12.620401922225,16.9279913289419,standard,10-30 cm,3.4-12.6 cm
NCState,min,BAU,CeC2-2,CeC2-2-3,3,esm1,-12.1,-18.1,8.88022011960008,standard,30-50 cm,12.1-18.1 cm
NCState,min,BAU,CeC2-2,CeC2-2-3,3,esm2,-12.620401922225,-19.1281897733758,10.7349193348975,standard,30-50 cm,12.6-19.1 cm
NCState,min,BAU,CeC2-2,CeC2-2-4,4,esm1,-18.1,-26.5,12.4323081674403,standard,50-75 cm,18.1-26.5 cm
NCState,min,BAU,CeC2-2,CeC2-2-4,4,esm2,-19.1281897733758,-26.9578918662321,12.3939611899164,standard,50-75 cm,19.1-27 cm
NCState,min,BAU,CeC2-2,CeC2-2-5,5,esm1,-26.5,-36.6,12.1518609087243,standard,75-100 cm,26.5-36.6 cm
NCState,min,BAU,CeC2-2,CeC2-2-5,5,esm2,-26.9578918662321,-36.2698726007357,10.1627800685032,standard,75-100 cm,27-36.3 cm
NCState,min,BAU,CeC2-3,CeC2-3-1,1,esm1,0,-4.1,10.309883203909,standard,0-10 cm,0-4.1 cm
NCState,min,BAU,CeC2-3,CeC2-3-1,1,esm2,0,-4.16366434735319,10.8032235322587,standard,0-10 cm,0-4.2 cm
NCState,min,BAU,CeC2-3,CeC2-3-2,2,esm1,-4.1,-13.2,18.989357098301,standard,10-30 cm,4.1-13.2 cm
NCState,min,BAU,CeC2-3,CeC2-3-2,2,esm2,-4.16366434735319,-13.6603315495692,18.5621814538321,standard,10-30 cm,4.2-13.7 cm
NCState,min,BAU,CeC2-3,CeC2-3-3,3,esm1,-13.2,-19.9,16.1079208215602,standard,30-50 cm,13.2-19.9 cm
NCState,min,BAU,CeC2-3,CeC2-3-3,3,esm2,-13.6603315495692,-20.1307441570431,17.0896096473411,standard,30-50 cm,13.7-20.1 cm
NCState,min,BAU,CeC2-3,CeC2-3-4,4,esm1,-19.9,-29.9,17.6011506942781,standard,50-75 cm,19.9-29.9 cm
NCState,min,BAU,CeC2-3,CeC2-3-4,4,esm2,-20.1307441570431,-29.4806459525092,18.8980527458365,standard,50-75 cm,20.1-29.5 cm
NCState,min,BAU,CeC2-3,CeC2-3-5,5,esm1,-29.9,-42.9,9.7857674826598,standard,75-100 cm,29.9-42.9 cm
NCState,min,BAU,CeC2-3,CeC2-3-5,5,esm2,-29.4806459525092,-42.6757090001453,8.96757662120926,standard,75-100 cm,29.5-42.7 cm
NCState,min,BAU,CeC3-1,CeC3-1-1,1,esm1,0,-4,12.95539910784,standard,0-10 cm,0-4 cm
NCState,min,BAU,CeC3-1,CeC3-1-1,1,esm2,0,-4.08067747661747,13.3678439650886,standard,0-10 cm,0-4.1 cm
NCState,min,BAU,CeC3-1,CeC3-1-2,2,esm1,-4,-13.2,25.028746363264,standard,10-30 cm,4-13.2 cm
NCState,min,BAU,CeC3-1,CeC3-1-2,2,esm2,-4.08067747661747,-13.308666091731,26.1282305989344,standard,10-30 cm,4.1-13.3 cm
NCState,min,BAU,CeC3-1,CeC3-1-3,3,esm1,-13.2,-20.8,17.9094432152719,standard,30-50 cm,13.2-20.8 cm
NCState,min,BAU,CeC3-1,CeC3-1-3,3,esm2,-13.308666091731,-21.0298352279225,20.7358834560274,standard,30-50 cm,13.3-21 cm
NCState,min,BAU,CeC3-1,CeC3-1-4,4,esm1,-20.8,-31.3,24.7433097053104,standard,50-75 cm,20.8-31.3 cm
NCState,min,BAU,CeC3-1,CeC3-1-4,4,esm2,-21.0298352279225,-31.7408538680622,27.0103606078886,standard,50-75 cm,21-31.7 cm
NCState,min,BAU,CeC3-1,CeC3-1-5,5,esm1,-31.3,-43.4,28.5137188032627,standard,75-100 cm,31.3-43.4 cm
NCState,min,BAU,CeC3-1,CeC3-1-5,5,esm2,-31.7408538680622,-43.7528840685384,25.9661120375966,standard,75-100 cm,31.7-43.8 cm
NCState,min,BAU,CeC3-3,CeC3-3-1,1,esm1,0,-3.4,11.121856559616,standard,0-10 cm,0-3.4 cm
NCState,min,BAU,CeC3-3,CeC3-3-1,1,esm2,0,-3.44929982823308,11.0685402367843,standard,0-10 cm,0-3.4 cm
NCState,min,BAU,CeC3-3,CeC3-3-2,2,esm1,-3.4,-11.7,28.3555293397859,standard,10-30 cm,3.4-11.7 cm
NCState,min,BAU,CeC3-3,CeC3-3-2,2,esm2,-3.44929982823308,-11.9549647633998,30.5737978436921,standard,10-30 cm,3.4-12 cm
NCState,min,BAU,CeC3-3,CeC3-3-3,3,esm1,-11.7,-18.1,19.0489518659838,standard,30-50 cm,11.7-18.1 cm
NCState,min,BAU,CeC3-3,CeC3-3-3,3,esm2,-11.9549647633998,-18.6370304956231,24.4977332033154,standard,30-50 cm,12-18.6 cm
NCState,min,BAU,CeC3-3,CeC3-3-4,4,esm1,-18.1,-26.9,26.1923088157282,standard,50-75 cm,18.1-26.9 cm
NCState,min,BAU,CeC3-3,CeC3-3-4,4,esm2,-18.6370304956231,-27.4059325641995,30.1094361126031,standard,50-75 cm,18.6-27.4 cm
NCState,min,BAU,CeC3-3,CeC3-3-5,5,esm1,-26.9,-37.1,30.3592670364124,standard,75-100 cm,26.9-37.1 cm
NCState,min,BAU,CeC3-3,CeC3-3-5,5,esm2,-27.4059325641995,-37.2333743345131,27.5154227612539,standard,75-100 cm,27.4-37.2 cm
NCState,min,Ref,CeF3-1,CeF3-1-1,1,esm1,0,-8.3,24.167837312834,standard,0-10 cm,0-8.3 cm
NCState,min,Ref,CeF3-1,CeF3-1-1,1,esm2,0,-9.81106795065422,28.3889086345973,standard,0-10 cm,0-9.8 cm
NCState,min,Ref,CeF3-1,CeF3-1-2,2,esm1,-8.3,-19.3,12.1595188388431,standard,10-30 cm,8.3-19.3 cm
NCState,min,Ref,CeF3-1,CeF3-1-2,2,esm2,-9.81106795065422,-14.4425942267436,7.61293889905948,standard,10-30 cm,9.8-14.4 cm
NCState,min,Ref,CeF3-1,CeF3-1-3,3,esm1,-19.3,-28.5,6.53103131718822,standard,30-50 cm,19.3-28.5 cm
NCState,min,Ref,CeF3-1,CeF3-1-3,3,esm2,-14.4425942267436,-24.825733015684,7.13415440606627,standard,30-50 cm,14.4-24.8 cm
NCState,min,Ref,CeF3-1,CeF3-1-4,4,esm1,-28.5,-41.1,8.46069793730126,standard,50-75 cm,28.5-41.1 cm
NCState,min,Ref,CeF3-1,CeF3-1-4,4,esm2,-24.825733015684,-41.6195434131372,8.61677291701456,standard,50-75 cm,24.8-41.6 cm
NCState,min,Ref,CeF3-1,CeF3-1-5,5,esm1,-41.1,-53.7,3.40095524025581,standard,75-100 cm,41.1-53.7 cm
NCState,min,Ref,CeF3-1,CeF3-1-5,5,esm2,-41.6195434131372,-56.1061401426881,5.22009468908949,standard,75-100 cm,41.6-56.1 cm
NCState,min,Ref,CeF3-2,CeF3-2-1,1,esm1,0,-3.4,11.05364365794,standard,0-10 cm,0-3.4 cm
NCState,min,Ref,CeF3-2,CeF3-2-1,1,esm2,0,-3.57155936362284,12.058444267652,standard,0-10 cm,0-3.6 cm
NCState,min,Ref,CeF3-2,CeF3-2-2,2,esm1,-3.4,-11.3,18.1046722460789,standard,10-30 cm,3.4-11.3 cm
NCState,min,Ref,CeF3-2,CeF3-2-2,2,esm2,-3.57155936362284,-11.4971784515902,18.8172379065925,standard,10-30 cm,3.6-11.5 cm
NCState,min,Ref,CeF3-2,CeF3-2-3,3,esm1,-11.3,-16.7,4.90651916740192,standard,30-50 cm,11.3-16.7 cm
NCState,min,Ref,CeF3-2,CeF3-2-3,3,esm2,-11.4971784515902,-17.3459254661566,9.52592068894085,standard,30-50 cm,11.5-17.3 cm
NCState,min,Ref,CeF3-2,CeF3-2-4,4,esm1,-16.7,-24.2,6.81460995472474,standard,50-75 cm,16.7-24.2 cm
NCState,min,Ref,CeF3-2,CeF3-2-4,4,esm2,-17.3459254661566,-24.7794309593837,7.90419253879477,standard,50-75 cm,17.3-24.8 cm
NCState,min,Ref,CeF3-2,CeF3-2-5,5,esm1,-24.2,-32.9,7.9049475474807,standard,75-100 cm,24.2-32.9 cm
NCState,min,Ref,CeF3-2,CeF3-2-5,5,esm2,-24.7794309593837,-33.0085279821908,4.45135832449233,standard,75-100 cm,24.8-33 cm
NCState,min,SHM,CeH1-1,CeH1-1-1,1,esm1,0,-5.3,14.75139394734,standard,0-10 cm,0-5.3 cm
NCState,min,SHM,CeH1-1,CeH1-1-1,1,esm2,0,-5.40616669142377,15.1927450918356,standard,0-10 cm,0-5.4 cm
NCState,min,SHM,CeH1-1,CeH1-1-2,2,esm1,-5.3,-13.7,6.71025093563205,standard,10-30 cm,5.3-13.7 cm
NCState,min,SHM,CeH1-1,CeH1-1-2,2,esm2,-5.40616669142377,-13.9224974186115,3.68050984891063,standard,10-30 cm,5.4-13.9 cm
NCState,min,SHM,CeH1-1,CeH1-1-3,3,esm1,-13.7,-20.1,5.61105462758405,standard,30-50 cm,13.7-20.1 cm
NCState,min,SHM,CeH1-1,CeH1-1-3,3,esm2,-13.9224974186115,-20.4561776432478,3.68124641363145,standard,30-50 cm,13.9-20.5 cm
NCState,min,SHM,CeH1-1,CeH1-1-4,4,esm1,-20.1,-29,7.80287284148407,standard,50-75 cm,20.1-29 cm
NCState,min,SHM,CeH1-1,CeH1-1-4,4,esm2,-20.4561776432478,-29.2922807499848,8.68767884569909,standard,50-75 cm,20.5-29.3 cm
NCState,min,SHM,CeH1-1,CeH1-1-5,5,esm1,-29,-39.2,8.94261831271209,standard,75-100 cm,29-39.2 cm
NCState,min,SHM,CeH1-1,CeH1-1-5,5,esm2,-29.2922807499848,-39.2999456059614,11.7676323086761,standard,75-100 cm,29.3-39.3 cm
NCState,min,SHM,CeH1-2,CeH1-2-1,1,esm1,0,-5.8,25.218584194296,standard,0-10 cm,0-5.8 cm
NCState,min,SHM,CeH1-2,CeH1-2-1,1,esm2,0,-6.09485092978609,26.9101038185587,standard,0-10 cm,0-6.1 cm
NCState,min,SHM,CeH1-2,CeH1-2-2,2,esm1,-5.8,-16.3,27.107570387394,standard,10-30 cm,5.8-16.3 cm
NCState,min,SHM,CeH1-2,CeH1-2-2,2,esm2,-6.09485092978609,-16.2144950308465,26.2539557849732,standard,10-30 cm,6.1-16.2 cm
NCState,min,SHM,CeH1-2,CeH1-2-3,3,esm1,-16.3,-24.8,16.2747731601419,standard,30-50 cm,16.3-24.8 cm
NCState,min,SHM,CeH1-2,CeH1-2-3,3,esm2,-16.2144950308465,-25.0859912804148,17.4384461420977,standard,30-50 cm,16.2-25.1 cm
NCState,min,SHM,CeH1-2,CeH1-2-4,4,esm1,-24.8,-35.8,10.0365180656399,standard,50-75 cm,24.8-35.8 cm
NCState,min,SHM,CeH1-2,CeH1-2-4,4,esm2,-25.0859912804148,-36.3897539878728,14.1450311394932,standard,50-75 cm,25.1-36.4 cm
NCState,min,SHM,CeH1-2,CeH1-2-5,5,esm1,-35.8,-48.4,11.4963752388239,standard,75-100 cm,35.8-48.4 cm
NCState,min,SHM,CeH1-2,CeH1-2-5,5,esm2,-36.3897539878728,-48.4699595461087,5.83657385133615,standard,75-100 cm,36.4-48.5 cm
NCState,min,SHM,CeH1-3,CeH1-3-1,1,esm1,0,-4.2,26.554032040368,standard,0-10 cm,0-4.2 cm
NCState,min,SHM,CeH1-3,CeH1-3-1,1,esm2,0,-4.28504797140923,27.8309842052718,standard,0-10 cm,0-4.3 cm
NCState,min,SHM,CeH1-3,CeH1-3-2,2,esm1,-4.2,-12.5,32.264372450857,standard,10-30 cm,4.2-12.5 cm
NCState,min,SHM,CeH1-3,CeH1-3-2,2,esm2,-4.28504797140923,-12.6466501156242,31.8526015955231,standard,10-30 cm,4.3-12.6 cm
NCState,min,SHM,CeH1-3,CeH1-3-3,3,esm1,-12.5,-19.3,13.6414132717651,standard,30-50 cm,12.5-19.3 cm
NCState,min,SHM,CeH1-3,CeH1-3-3,3,esm2,-12.6466501156242,-18.8614770583893,16.5150446024575,standard,30-50 cm,12.6-18.9 cm
NCState,min,SHM,CeH1-3,CeH1-3-4,4,esm1,-19.3,-29.7,10.00062275472,standard,50-75 cm,19.3-29.7 cm
NCState,min,SHM,CeH1-3,CeH1-3-4,4,esm2,-18.8614770583893,-28.4591738592132,16.5532460441805,standard,50-75 cm,18.9-28.5 cm
NCState,min,SHM,CeH1-3,CeH1-3-5,5,esm1,-29.7,-41.7,11.5391801016,standard,75-100 cm,29.7-41.7 cm
NCState,min,SHM,CeH1-3,CeH1-3-5,5,esm2,-28.4591738592132,-40.570441970959,11.7644478020825,standard,75-100 cm,28.5-40.6 cm
NCState,min,SHM,CeH2-1,CeH2-1-1,1,esm1,0,-4.6,10.56705588474,standard,0-10 cm,0-4.6 cm
NCState,min,SHM,CeH2-1,CeH2-1-1,1,esm2,0,-4.67860835374743,10.609890619862,standard,0-10 cm,0-4.7 cm
NCState,min,SHM,CeH2-1,CeH2-1-2,2,esm1,-4.6,-13.4,20.212291814734,standard,10-30 cm,4.6-13.4 cm
NCState,min,SHM,CeH2-1,CeH2-1-2,2,esm2,-4.67860835374743,-13.2428104600922,24.2211483978766,standard,10-30 cm,4.7-13.2 cm
NCState,min,SHM,CeH2-1,CeH2-1-3,3,esm1,-13.4,-20.7,8.25933758920292,standard,30-50 cm,13.4-20.7 cm
NCState,min,SHM,CeH2-1,CeH2-1-3,3,esm2,-13.2428104600922,-20.5163899851698,9.60400978649191,standard,30-50 cm,13.2-20.5 cm
NCState,min,SHM,CeH2-1,CeH2-1-4,4,esm1,-20.7,-30.8,11.0948729525429,standard,50-75 cm,20.7-30.8 cm
NCState,min,SHM,CeH2-1,CeH2-1-4,4,esm2,-20.5163899851698,-30.8843482381845,5.56495084333535,standard,50-75 cm,20.5-30.9 cm
NCState,min,SHM,CeH2-1,CeH2-1-5,5,esm1,-30.8,-42.4,8.30419563324034,standard,75-100 cm,30.8-42.4 cm
NCState,min,SHM,CeH2-1,CeH2-1-5,5,esm2,-30.8843482381845,-42.6042134533236,7.63994697535453,standard,75-100 cm,30.9-42.6 cm
NCState,min,SHM,CeH2-2,CeH2-2-1,1,esm1,0,-4.1,12.054595951072,standard,0-10 cm,0-4.1 cm
NCState,min,SHM,CeH2-2,CeH2-2-1,1,esm2,0,-4.26438536333793,12.7172939876941,standard,0-10 cm,0-4.3 cm
NCState,min,SHM,CeH2-2,CeH2-2-2,2,esm1,-4.1,-13.2,17.565449880552,standard,10-30 cm,4.1-13.2 cm
NCState,min,SHM,CeH2-2,CeH2-2-2,2,esm2,-4.26438536333793,-13.2425954244961,17.2591858067138,standard,10-30 cm,4.3-13.2 cm
NCState,min,SHM,CeH2-2,CeH2-2-3,3,esm1,-13.2,-20.4,6.78412319921115,standard,30-50 cm,13.2-20.4 cm
NCState,min,SHM,CeH2-2,CeH2-2-3,3,esm2,-13.2425954244961,-20.5008234207502,7.59259397334102,standard,30-50 cm,13.2-20.5 cm
NCState,min,SHM,CeH2-2,CeH2-2-4,4,esm1,-20.4,-30.4,8.36600232150033,standard,50-75 cm,20.4-30.4 cm
NCState,min,SHM,CeH2-2,CeH2-2-4,4,esm2,-20.5008234207502,-30.4234109479097,9.52532393173844,standard,50-75 cm,20.5-30.4 cm
NCState,min,SHM,CeH2-2,CeH2-2-5,5,esm1,-30.4,-41.8,9.53724264651038,standard,75-100 cm,30.4-41.8 cm
NCState,min,SHM,CeH2-2,CeH2-2-5,5,esm2,-30.4234109479097,-41.7751954403783,9.61478214966451,standard,75-100 cm,30.4-41.8 cm
NCState,min,SHM,CeH2-3,CeH2-3-1,1,esm1,0,-4.7,15.380942270984,standard,0-10 cm,0-4.7 cm
NCState,min,SHM,CeH2-3,CeH2-3-1,1,esm2,0,-4.77616824160983,15.7466600550261,standard,0-10 cm,0-4.8 cm
NCState,min,SHM,CeH2-3,CeH2-3-2,2,esm1,-4.7,-13.9,21.99805913075,standard,10-30 cm,4.7-13.9 cm
NCState,min,SHM,CeH2-3,CeH2-3-2,2,esm2,-4.77616824160983,-14.1276872199026,21.8719853305915,standard,10-30 cm,4.8-14.1 cm
NCState,min,SHM,CeH2-3,CeH2-3-3,3,esm1,-13.9,-20.8,16.8520638559141,standard,30-50 cm,13.9-20.8 cm
NCState,min,SHM,CeH2-3,CeH2-3-3,3,esm2,-14.1276872199026,-20.8090361976956,16.8745104175336,standard,30-50 cm,14.1-20.8 cm
NCState,min,SHM,CeH2-3,CeH2-3-4,4,esm1,-20.8,-32.3,14.689316546519,standard,50-75 cm,20.8-32.3 cm
NCState,min,SHM,CeH2-3,CeH2-3-4,4,esm2,-20.8090361976956,-31.392652190304702,18.5987346944585,standard,50-75 cm,20.8-31.4 cm
NCState,min,SHM,CeH2-3,CeH2-3-5,5,esm1,-32.3,-45.9,15.525816555464,standard,75-100 cm,32.3-45.9 cm
NCState,min,SHM,CeH2-3,CeH2-3-5,5,esm2,-31.392652190304702,-45.486765402961,14.1042860426929,standard,75-100 cm,31.4-45.5 cm
NCState,min,SHM,CeH3-3,CeH3-3-1,1,esm1,0,-3.7,12.687036104271,standard,0-10 cm,0-3.7 cm
NCState,min,SHM,CeH3-3,CeH3-3-1,1,esm2,0,-3.74573892746625,13.8284879933168,standard,0-10 cm,0-3.7 cm
NCState,min,SHM,CeH3-3,CeH3-3-2,2,esm1,-3.7,-12.6,15.788573426463,standard,10-30 cm,3.7-12.6 cm
NCState,min,SHM,CeH3-3,CeH3-3-2,2,esm2,-3.74573892746625,-12.649468923706,14.9767209207631,standard,10-30 cm,3.7-12.6 cm
NCState,min,SHM,CeH3-3,CeH3-3-3,3,esm1,-12.6,-19.7,7.89372866941393,standard,30-50 cm,12.6-19.7 cm
NCState,min,SHM,CeH3-3,CeH3-3-3,3,esm2,-12.649468923706,-19.7348308901423,7.62584218712753,standard,30-50 cm,12.6-19.7 cm
NCState,min,SHM,CeH3-3,CeH3-3-4,4,esm1,-19.7,-33,13.2605024728625,standard,50-75 cm,19.7-33 cm
NCState,min,SHM,CeH3-3,CeH3-3-4,4,esm2,-19.7348308901423,-32.754083772935,13.9321298568727,standard,50-75 cm,19.7-32.8 cm
NCState,min,SHM,CeH3-3,CeH3-3-5,5,esm1,-33,-44.9,5.54001168293983,standard,75-100 cm,33-44.9 cm
NCState,min,SHM,CeH3-3,CeH3-3-5,5,esm2,-32.754083772935,-49.7854134264825,8.96614654113018,standard,75-100 cm,32.8-49.8 cm
OregonState,min,Ref,JoF1-1,JoF1-1-1,1,esm1,0,-8.6,22.267142,standard,0-10 cm,0-8.6 cm
OregonState,min,Ref,JoF1-1,JoF1-1-1,1,esm2,0,-8.73406745915319,22.4699761770665,standard,0-10 cm,0-8.7 cm
OregonState,min,Ref,JoF1-1,JoF1-1-2,2,esm1,-8.6,-22.5,48.6143079999998,standard,10-30 cm,8.6-22.5 cm
OregonState,min,Ref,JoF1-1,JoF1-1-2,2,esm2,-8.73406745915319,-23.4176382113249,50.3961929377804,standard,10-30 cm,8.7-23.4 cm
OregonState,min,Ref,JoF1-1,JoF1-1-3,3,esm1,-22.5,-33.3,35.1500320000002,standard,30-50 cm,22.5-33.3 cm
OregonState,min,Ref,JoF1-1,JoF1-1-3,3,esm2,-23.4176382113249,-33.3735569203722,35.8011272055065,standard,30-50 cm,23.4-33.4 cm
OregonState,min,Ref,JoF1-1,JoF1-1-4,4,esm1,-33.3,-46.7,33.7255520000003,standard,50-75 cm,33.3-46.7 cm
OregonState,min,Ref,JoF1-1,JoF1-1-4,4,esm2,-33.3735569203722,-46.8654840812107,33.4457010880238,standard,50-75 cm,33.4-46.9 cm
OregonState,min,Ref,JoF1-1,JoF1-1-5,5,esm1,-46.7,-61.1,12.8724480000005,standard,75-100 cm,46.7-61.1 cm
OregonState,min,Ref,JoF1-1,JoF1-1-5,5,esm2,-46.8654840812107,-61.1712770681489,23.1962501297127,standard,75-100 cm,46.9-61.2 cm
OregonState,min,Ref,JoF1-2,JoF1-2-1,1,esm1,0,-8.6,19.183314,standard,0-10 cm,0-8.6 cm
OregonState,min,Ref,JoF1-2,JoF1-2-1,1,esm2,0,-8.73406745915319,19.1009419022547,standard,0-10 cm,0-8.7 cm
OregonState,min,Ref,JoF1-2,JoF1-2-2,2,esm1,-8.6,-22.5,56.7763359999998,standard,10-30 cm,8.6-22.5 cm
OregonState,min,Ref,JoF1-2,JoF1-2-2,2,esm2,-8.73406745915319,-23.4176382113249,58.3924436775051,standard,10-30 cm,8.7-23.4 cm
OregonState,min,Ref,JoF1-2,JoF1-2-3,3,esm1,-22.5,-33.3,42.2028639999998,standard,30-50 cm,22.5-33.3 cm
OregonState,min,Ref,JoF1-2,JoF1-2-3,3,esm2,-23.4176382113249,-33.3735569203722,43.7836275452733,standard,30-50 cm,23.4-33.4 cm
OregonState,min,Ref,JoF1-2,JoF1-2-4,4,esm1,-33.3,-46.7,41.7062360000011,standard,50-75 cm,33.3-46.7 cm
OregonState,min,Ref,JoF1-2,JoF1-2-4,4,esm2,-33.3735569203722,-46.8654840812107,41.7081821245278,standard,50-75 cm,33.4-46.9 cm
OregonState,min,Ref,JoF1-2,JoF1-2-5,5,esm1,-46.7,-61.1,15.2380799999992,standard,75-100 cm,46.7-61.1 cm
OregonState,min,Ref,JoF1-2,JoF1-2-5,5,esm2,-46.8654840812107,-61.1712770681489,30.0819490755173,standard,75-100 cm,46.9-61.2 cm
OregonState,min,Ref,JoF1-3,JoF1-3-1,1,esm1,0,-8.6,25.923332,standard,0-10 cm,0-8.6 cm
OregonState,min,Ref,JoF1-3,JoF1-3-1,1,esm2,0,-8.73406745915319,26.0276347503575,standard,0-10 cm,0-8.7 cm
OregonState,min,Ref,JoF1-3,JoF1-3-2,2,esm1,-8.6,-22.5,68.7439180000004,standard,10-30 cm,8.6-22.5 cm
OregonState,min,Ref,JoF1-3,JoF1-3-2,2,esm2,-8.73406745915319,-23.4176382113249,70.3111822370764,standard,10-30 cm,8.7-23.4 cm
OregonState,min,Ref,JoF1-3,JoF1-3-3,3,esm1,-22.5,-33.3,49.0890000000004,standard,30-50 cm,22.5-33.3 cm
OregonState,min,Ref,JoF1-3,JoF1-3-3,3,esm2,-23.4176382113249,-33.3735569203722,52.2104475534032,standard,30-50 cm,23.4-33.4 cm
OregonState,min,Ref,JoF1-3,JoF1-3-4,4,esm1,-33.3,-46.7,45.4661600000002,standard,50-75 cm,33.3-46.7 cm
OregonState,min,Ref,JoF1-3,JoF1-3-4,4,esm2,-33.3735569203722,-46.8654840812107,42.5863279209489,standard,50-75 cm,33.4-46.9 cm
OregonState,min,Ref,JoF1-3,JoF1-3-5,5,esm1,-46.7,-61.1,23.2300799999985,standard,75-100 cm,46.7-61.1 cm
OregonState,min,Ref,JoF1-3,JoF1-3-5,5,esm2,-46.8654840812107,-61.1712770681489,27.5142489917431,standard,75-100 cm,46.9-61.2 cm
OregonState,min,Ref,JoF2-1,JoF2-1-1,1,esm1,0,-6.7,23.72111,standard,0-10 cm,0-6.7 cm
OregonState,min,Ref,JoF2-1,JoF2-1-1,1,esm2,0,-6.93996755227129,24.587358450061,standard,0-10 cm,0-6.9 cm
OregonState,min,Ref,JoF2-1,JoF2-1-2,2,esm1,-6.7,-19.5,39.2905799999999,standard,10-30 cm,6.7-19.5 cm
OregonState,min,Ref,JoF2-1,JoF2-1-2,2,esm2,-6.93996755227129,-19.6833684798936,41.7394878637487,standard,10-30 cm,6.9-19.7 cm
OregonState,min,Ref,JoF2-1,JoF2-1-3,3,esm1,-19.5,-30.1,30.4018719999999,standard,30-50 cm,19.5-30.1 cm
OregonState,min,Ref,JoF2-1,JoF2-1-3,3,esm2,-19.6833684798936,-30.1419004743802,27.2199514628739,standard,30-50 cm,19.7-30.1 cm
OregonState,min,Ref,JoF2-1,JoF2-1-4,4,esm1,-30.1,-43.1,27.4315599999996,standard,50-75 cm,30.1-43.1 cm
OregonState,min,Ref,JoF2-1,JoF2-1-4,4,esm2,-30.1419004743802,-43.4335522823423,29.8317864343825,standard,50-75 cm,30.1-43.4 cm
OregonState,min,Ref,JoF2-1,JoF2-1-5,5,esm1,-43.1,-58.6,27.3875240000003,standard,75-100 cm,43.1-58.6 cm
OregonState,min,Ref,JoF2-1,JoF2-1-5,5,esm2,-43.4335522823423,-57.9469794875526,26.0623862404648,standard,75-100 cm,43.4-57.9 cm
OregonState,min,Ref,JoF2-2,JoF2-2-1,1,esm1,0,-6.7,26.302486,standard,0-10 cm,0-6.7 cm
OregonState,min,Ref,JoF2-2,JoF2-2-1,1,esm2,0,-6.93996755227129,26.8044460458586,standard,0-10 cm,0-6.9 cm
OregonState,min,Ref,JoF2-2,JoF2-2-2,2,esm1,-6.7,-19.5,58.5594239999998,standard,10-30 cm,6.7-19.5 cm
OregonState,min,Ref,JoF2-2,JoF2-2-2,2,esm2,-6.93996755227129,-19.6833684798936,61.9260063112748,standard,10-30 cm,6.9-19.7 cm
OregonState,min,Ref,JoF2-2,JoF2-2-3,3,esm1,-19.5,-30.1,47.9877359999994,standard,30-50 cm,19.5-30.1 cm
OregonState,min,Ref,JoF2-2,JoF2-2-3,3,esm2,-19.6833684798936,-30.1419004743802,44.3957988605044,standard,30-50 cm,19.7-30.1 cm
OregonState,min,Ref,JoF2-2,JoF2-2-4,4,esm1,-30.1,-43.1,33.0064799999997,standard,50-75 cm,30.1-43.1 cm
OregonState,min,Ref,JoF2-2,JoF2-2-4,4,esm2,-30.1419004743802,-43.4335522823423,39.152129904026,standard,50-75 cm,30.1-43.4 cm
OregonState,min,Ref,JoF2-2,JoF2-2-5,5,esm1,-43.1,-58.6,34.4276400000004,standard,75-100 cm,43.1-58.6 cm
OregonState,min,Ref,JoF2-2,JoF2-2-5,5,esm2,-43.4335522823423,-57.9469794875526,25.1071329226314,standard,75-100 cm,43.4-57.9 cm
OregonState,min,Ref,JoF2-3,JoF2-3-1,1,esm1,0,-6.7,26.632662,standard,0-10 cm,0-6.7 cm
OregonState,min,Ref,JoF2-3,JoF2-3-1,1,esm2,0,-6.93996755227129,27.0723569567109,standard,0-10 cm,0-6.9 cm
OregonState,min,Ref,JoF2-3,JoF2-3-2,2,esm1,-6.7,-19.5,55.046208,standard,10-30 cm,6.7-19.5 cm
OregonState,min,Ref,JoF2-3,JoF2-3-2,2,esm2,-6.93996755227129,-19.6833684798936,60.6198928853039,standard,10-30 cm,6.9-19.7 cm
OregonState,min,Ref,JoF2-3,JoF2-3-3,3,esm1,-19.5,-30.1,42.8109479999996,standard,30-50 cm,19.5-30.1 cm
OregonState,min,Ref,JoF2-3,JoF2-3-3,3,esm2,-19.6833684798936,-30.1419004743802,36.9873922542652,standard,30-50 cm,19.7-30.1 cm
OregonState,min,Ref,JoF2-3,JoF2-3-4,4,esm1,-30.1,-43.1,34.2248400000012,standard,50-75 cm,30.1-43.1 cm
OregonState,min,Ref,JoF2-3,JoF2-3-4,4,esm2,-30.1419004743802,-43.4335522823423,37.9329900431695,standard,50-75 cm,30.1-43.4 cm
OregonState,min,Ref,JoF2-3,JoF2-3-5,5,esm1,-43.1,-58.6,35.2181880000009,standard,75-100 cm,43.1-58.6 cm
OregonState,min,Ref,JoF2-3,JoF2-3-5,5,esm2,-43.4335522823423,-57.9469794875526,31.0595315427155,standard,75-100 cm,43.4-57.9 cm
OregonState,min,Ref,JoF3-1,JoF3-1-1,1,esm1,0,-8.4,26.21952,standard,0-10 cm,0-8.4 cm
OregonState,min,Ref,JoF3-1,JoF3-1-1,1,esm2,0,-8.52868923065334,26.6690502802448,standard,0-10 cm,0-8.5 cm
OregonState,min,Ref,JoF3-1,JoF3-1-2,2,esm1,-8.4,-20.9,43.8980410000001,standard,10-30 cm,8.4-20.9 cm
OregonState,min,Ref,JoF3-1,JoF3-1-2,2,esm2,-8.52868923065334,-24.9510235727344,53.1526995573501,standard,10-30 cm,8.5-25 cm
OregonState,min,Ref,JoF3-1,JoF3-1-3,3,esm1,-20.9,-31,36.4437289999995,standard,30-50 cm,20.9-31 cm
OregonState,min,Ref,JoF3-1,JoF3-1-3,3,esm2,-24.9510235727344,-33.7470353916669,36.4654178164898,standard,30-50 cm,25-33.7 cm
OregonState,min,Ref,JoF3-1,JoF3-1-4,4,esm1,-31,-44.9,46.4221679999996,standard,50-75 cm,31-44.9 cm
OregonState,min,Ref,JoF3-1,JoF3-1-4,4,esm2,-33.7470353916669,-44.7009879506355,37.9673105568297,standard,50-75 cm,33.7-44.7 cm
OregonState,min,Ref,JoF3-1,JoF3-1-5,5,esm1,-44.9,-61.6,27.4467840000013,standard,75-100 cm,44.9-61.6 cm
OregonState,min,Ref,JoF3-1,JoF3-1-5,5,esm2,-44.7009879506355,-61.4160270826905,27.7628899473451,standard,75-100 cm,44.7-61.4 cm
OregonState,min,Ref,JoF3-2,JoF3-2-1,1,esm1,0,-8.4,31.205772,standard,0-10 cm,0-8.4 cm
OregonState,min,Ref,JoF3-2,JoF3-2-1,1,esm2,0,-8.52868923065334,31.5386824016219,standard,0-10 cm,0-8.5 cm
OregonState,min,Ref,JoF3-2,JoF3-2-2,2,esm1,-8.4,-20.9,74.0121489999997,standard,10-30 cm,8.4-20.9 cm
OregonState,min,Ref,JoF3-2,JoF3-2-2,2,esm2,-8.52868923065334,-24.9510235727344,82.3554442371163,standard,10-30 cm,8.5-25 cm
OregonState,min,Ref,JoF3-2,JoF3-2-3,3,esm1,-20.9,-31,63.0410689999995,standard,30-50 cm,20.9-31 cm
OregonState,min,Ref,JoF3-2,JoF3-2-3,3,esm2,-24.9510235727344,-33.7470353916669,66.7206870586324,standard,30-50 cm,25-33.7 cm
OregonState,min,Ref,JoF3-2,JoF3-2-4,4,esm1,-31,-44.9,78.9836079999994,standard,50-75 cm,31-44.9 cm
OregonState,min,Ref,JoF3-2,JoF3-2-4,4,esm2,-33.7470353916669,-44.7009879506355,69.8819760497687,standard,50-75 cm,33.7-44.7 cm
OregonState,min,Ref,JoF3-2,JoF3-2-5,5,esm1,-44.9,-61.6,35.8903040000033,standard,75-100 cm,44.9-61.6 cm
OregonState,min,Ref,JoF3-2,JoF3-2-5,5,esm2,-44.7009879506355,-61.4160270826905,36.2138872520523,standard,75-100 cm,44.7-61.4 cm
OregonState,min,Ref,JoF3-3,JoF3-3-1,1,esm1,0,-8.4,33.41862,standard,0-10 cm,0-8.4 cm
OregonState,min,Ref,JoF3-3,JoF3-3-1,1,esm2,0,-8.52868923065334,33.8460600807892,standard,0-10 cm,0-8.5 cm
OregonState,min,Ref,JoF3-3,JoF3-3-2,2,esm1,-8.4,-20.9,58.3675460000002,standard,10-30 cm,8.4-20.9 cm
OregonState,min,Ref,JoF3-3,JoF3-3-2,2,esm2,-8.52868923065334,-24.9510235727344,74.9778929640679,standard,10-30 cm,8.5-25 cm
OregonState,min,Ref,JoF3-3,JoF3-3-3,3,esm1,-20.9,-31,48.0632740000005,standard,30-50 cm,20.9-31 cm
OregonState,min,Ref,JoF3-3,JoF3-3-3,3,esm2,-24.9510235727344,-33.7470353916669,46.940042913672,standard,30-50 cm,25-33.7 cm
OregonState,min,Ref,JoF3-3,JoF3-3-4,4,esm1,-31,-44.9,61.1249760000003,standard,50-75 cm,31-44.9 cm
OregonState,min,Ref,JoF3-3,JoF3-3-4,4,esm2,-33.7470353916669,-44.7009879506355,46.6502045596248,standard,50-75 cm,33.7-44.7 cm
OregonState,min,Ref,JoF3-3,JoF3-3-5,5,esm1,-44.9,-61.6,35.334527999998,standard,75-100 cm,44.9-61.6 cm
OregonState,min,Ref,JoF3-3,JoF3-3-5,5,esm2,-44.7009879506355,-61.4160270826905,35.8293676218902,standard,75-100 cm,44.7-61.4 cm
OregonState,min,SHM,JoV1-1,JoV1-1-1,1,esm1,0,-4.2,19.356456,standard,0-10 cm,0-4.2 cm
OregonState,min,SHM,JoV1-1,JoV1-1-1,1,esm2,0,-4.22880346739345,19.9717706285735,standard,0-10 cm,0-4.2 cm
OregonState,min,SHM,JoV1-1,JoV1-1-2,2,esm1,-4.2,-15.3,36.8211439999999,standard,10-30 cm,4.2-15.3 cm
OregonState,min,SHM,JoV1-1,JoV1-1-2,2,esm2,-4.22880346739345,-15.4515919274636,37.437431428322,standard,10-30 cm,4.2-15.5 cm
OregonState,min,SHM,JoV1-1,JoV1-1-3,3,esm1,-15.3,-24.5,24.4912249999999,standard,30-50 cm,15.3-24.5 cm
OregonState,min,SHM,JoV1-1,JoV1-1-3,3,esm2,-15.4515919274636,-24.523110877694,24.6854023472259,standard,30-50 cm,15.5-24.5 cm
OregonState,min,SHM,JoV1-1,JoV1-1-4,4,esm1,-24.5,-37.3,27.3017600000003,standard,50-75 cm,24.5-37.3 cm
OregonState,min,SHM,JoV1-1,JoV1-1-4,4,esm2,-24.523110877694,-37.2573063709051,26.8609466415829,standard,50-75 cm,24.5-37.3 cm
OregonState,min,SHM,JoV1-1,JoV1-1-5,5,esm1,-37.3,-52.4,29.1501530000003,standard,75-100 cm,37.3-52.4 cm
OregonState,min,SHM,JoV1-1,JoV1-1-5,5,esm2,-37.2573063709051,-52.3567557860486,28.7586566929561,standard,75-100 cm,37.3-52.4 cm
OregonState,min,SHM,JoV1-2,JoV1-2-1,1,esm1,0,-4.2,22.774332,standard,0-10 cm,0-4.2 cm
OregonState,min,SHM,JoV1-2,JoV1-2-1,1,esm2,0,-4.22880346739345,23.482975722574,standard,0-10 cm,0-4.2 cm
OregonState,min,SHM,JoV1-2,JoV1-2-2,2,esm1,-4.2,-15.3,40.503363,standard,10-30 cm,4.2-15.3 cm
OregonState,min,SHM,JoV1-2,JoV1-2-2,2,esm2,-4.22880346739345,-15.4515919274636,41.3421691638786,standard,10-30 cm,4.2-15.5 cm
OregonState,min,SHM,JoV1-2,JoV1-2-3,3,esm1,-15.3,-24.5,26.3449049999997,standard,30-50 cm,15.3-24.5 cm
OregonState,min,SHM,JoV1-2,JoV1-2-3,3,esm2,-15.4515919274636,-24.523110877694,25.6222604582674,standard,30-50 cm,15.5-24.5 cm
OregonState,min,SHM,JoV1-2,JoV1-2-4,4,esm1,-24.5,-37.3,32.9625599999999,standard,50-75 cm,24.5-37.3 cm
OregonState,min,SHM,JoV1-2,JoV1-2-4,4,esm2,-24.523110877694,-37.2573063709051,33.59714857092,standard,50-75 cm,24.5-37.3 cm
OregonState,min,SHM,JoV1-2,JoV1-2-5,5,esm1,-37.3,-52.4,27.6725519999987,standard,75-100 cm,37.3-52.4 cm
OregonState,min,SHM,JoV1-2,JoV1-2-5,5,esm2,-37.2573063709051,-52.3567557860486,29.067805761078,standard,75-100 cm,37.3-52.4 cm
OregonState,min,SHM,JoV1-3,JoV1-3-1,1,esm1,0,-4.2,12.123678,standard,0-10 cm,0-4.2 cm
OregonState,min,SHM,JoV1-3,JoV1-3-1,1,esm2,0,-4.22880346739345,11.8532421082576,standard,0-10 cm,0-4.2 cm
OregonState,min,SHM,JoV1-3,JoV1-3-2,2,esm1,-4.2,-15.3,36.669762,standard,10-30 cm,4.2-15.3 cm
OregonState,min,SHM,JoV1-3,JoV1-3-2,2,esm2,-4.22880346739345,-15.4515919274636,38.4279982224873,standard,10-30 cm,4.2-15.5 cm
OregonState,min,SHM,JoV1-3,JoV1-3-3,3,esm1,-15.3,-24.5,26.41726,standard,30-50 cm,15.3-24.5 cm
OregonState,min,SHM,JoV1-3,JoV1-3-3,3,esm2,-15.4515919274636,-24.523110877694,26.0340565445846,standard,30-50 cm,15.5-24.5 cm
OregonState,min,SHM,JoV1-3,JoV1-3-4,4,esm1,-24.5,-37.3,32.1088,standard,50-75 cm,24.5-37.3 cm
OregonState,min,SHM,JoV1-3,JoV1-3-4,4,esm2,-24.523110877694,-37.2573063709051,32.6777772219569,standard,50-75 cm,24.5-37.3 cm
OregonState,min,SHM,JoV1-3,JoV1-3-5,5,esm1,-37.3,-52.4,27.7349179999995,standard,75-100 cm,37.3-52.4 cm
OregonState,min,SHM,JoV1-3,JoV1-3-5,5,esm2,-37.2573063709051,-52.3567557860486,27.7081347250038,standard,75-100 cm,37.3-52.4 cm
OregonState,min,SHM,JoV2-1,JoV2-1-1,1,esm1,0,-6.7,17.608532,standard,0-10 cm,0-6.7 cm
OregonState,min,SHM,JoV2-1,JoV2-1-1,1,esm2,0,-7.2541158867227,18.805598608224,standard,0-10 cm,0-7.3 cm
OregonState,min,SHM,JoV2-1,JoV2-1-2,2,esm1,-6.7,-18.3,27.6427680000001,standard,10-30 cm,6.7-18.3 cm
OregonState,min,SHM,JoV2-1,JoV2-1-2,2,esm2,-7.2541158867227,-17.9598605814174,28.657575557098,standard,10-30 cm,7.3-18 cm
OregonState,min,SHM,JoV2-1,JoV2-1-3,3,esm1,-18.3,-27.6,16.5557,standard,30-50 cm,18.3-27.6 cm
OregonState,min,SHM,JoV2-1,JoV2-1-3,3,esm2,-17.9598605814174,-28.044321365806,15.8839637492479,standard,30-50 cm,18-28 cm
OregonState,min,SHM,JoV2-1,JoV2-1-4,4,esm1,-27.6,-39.1,12.3280000000005,standard,50-75 cm,27.6-39.1 cm
OregonState,min,SHM,JoV2-1,JoV2-1-4,4,esm2,-28.044321365806,-39.9439281270415,13.7891295070348,standard,50-75 cm,28-39.9 cm
OregonState,min,SHM,JoV2-1,JoV2-1-5,5,esm1,-39.1,-52.4,12.9118800000008,standard,75-100 cm,39.1-52.4 cm
OregonState,min,SHM,JoV2-1,JoV2-1-5,5,esm2,-39.9439281270415,-52.1847483120256,10.0066848540407,standard,75-100 cm,39.9-52.2 cm
OregonState,min,SHM,JoV2-2,JoV2-2-1,1,esm1,0,-6.7,12.525702,standard,0-10 cm,0-6.7 cm
OregonState,min,SHM,JoV2-2,JoV2-2-1,1,esm2,0,-7.2541158867227,12.954158144621,standard,0-10 cm,0-7.3 cm
OregonState,min,SHM,JoV2-2,JoV2-2-2,2,esm1,-6.7,-18.3,24.5391269999998,standard,10-30 cm,6.7-18.3 cm
OregonState,min,SHM,JoV2-2,JoV2-2-2,2,esm2,-7.2541158867227,-17.9598605814174,26.8942597710838,standard,10-30 cm,7.3-18 cm
OregonState,min,SHM,JoV2-2,JoV2-2-3,3,esm1,-18.3,-27.6,15.0892809999999,standard,30-50 cm,18.3-27.6 cm
OregonState,min,SHM,JoV2-2,JoV2-2-3,3,esm2,-17.9598605814174,-28.044321365806,12.8029347969254,standard,30-50 cm,18-28 cm
OregonState,min,SHM,JoV2-2,JoV2-2-4,4,esm1,-27.6,-39.1,14.0024000000001,standard,50-75 cm,27.6-39.1 cm
OregonState,min,SHM,JoV2-2,JoV2-2-4,4,esm2,-28.044321365806,-39.9439281270415,14.5887575499279,standard,50-75 cm,28-39.9 cm
OregonState,min,SHM,JoV2-2,JoV2-2-5,5,esm1,-39.1,-52.4,15.5575999999993,standard,75-100 cm,39.1-52.4 cm
OregonState,min,SHM,JoV2-2,JoV2-2-5,5,esm2,-39.9439281270415,-52.1847483120256,14.6834117069185,standard,75-100 cm,39.9-52.2 cm
OregonState,min,SHM,JoV3-1,JoV3-1-1,1,esm1,0,-5.1,24.31838,standard,0-10 cm,0-5.1 cm
OregonState,min,SHM,JoV3-1,JoV3-1-1,1,esm2,0,-5.20743605137127,24.8187352608318,standard,0-10 cm,0-5.2 cm
OregonState,min,SHM,JoV3-1,JoV3-1-2,2,esm1,-5.1,-17.1,35.8569960000001,standard,10-30 cm,5.1-17.1 cm
OregonState,min,SHM,JoV3-1,JoV3-1-2,2,esm2,-5.20743605137127,-17.1085592839621,41.0265037583832,standard,10-30 cm,5.2-17.1 cm
OregonState,min,SHM,JoV3-1,JoV3-1-3,3,esm1,-17.1,-27,24.329844,standard,30-50 cm,17.1-27 cm
OregonState,min,SHM,JoV3-1,JoV3-1-3,3,esm2,-17.1085592839621,-26.9122566256381,27.9444294881333,standard,30-50 cm,17.1-26.9 cm
OregonState,min,SHM,JoV3-1,JoV3-1-4,4,esm1,-27,-40.8,33.914328,standard,50-75 cm,27-40.8 cm
OregonState,min,SHM,JoV3-1,JoV3-1-4,4,esm2,-26.9122566256381,-40.5284266555711,32.1778036095701,standard,50-75 cm,26.9-40.5 cm
OregonState,min,SHM,JoV3-1,JoV3-1-5,5,esm1,-40.8,-56.8,38.662912,standard,75-100 cm,40.8-56.8 cm
OregonState,min,SHM,JoV3-1,JoV3-1-5,5,esm2,-40.5284266555711,-56.8117527243015,31.2382147040332,standard,75-100 cm,40.5-56.8 cm
OregonState,min,SHM,JoV3-2,JoV3-2-1,1,esm1,0,-5.1,21.722628,standard,0-10 cm,0-5.1 cm
OregonState,min,SHM,JoV3-2,JoV3-2-1,1,esm2,0,-5.20743605137127,22.165574663134,standard,0-10 cm,0-5.2 cm
OregonState,min,SHM,JoV3-2,JoV3-2-2,2,esm1,-5.1,-17.1,34.304446,standard,10-30 cm,5.1-17.1 cm
OregonState,min,SHM,JoV3-2,JoV3-2-2,2,esm2,-5.20743605137127,-17.1085592839621,37.5617722238847,standard,10-30 cm,5.2-17.1 cm
OregonState,min,SHM,JoV3-2,JoV3-2-3,3,esm1,-17.1,-27,25.086006,standard,30-50 cm,17.1-27 cm
OregonState,min,SHM,JoV3-2,JoV3-2-3,3,esm2,-17.1085592839621,-26.9122566256381,28.5995051569968,standard,30-50 cm,17.1-26.9 cm
OregonState,min,SHM,JoV3-2,JoV3-2-4,4,esm1,-27,-40.8,34.968372,standard,50-75 cm,27-40.8 cm
OregonState,min,SHM,JoV3-2,JoV3-2-4,4,esm2,-26.9122566256381,-40.5284266555711,35.2336484186915,standard,50-75 cm,26.9-40.5 cm
OregonState,min,SHM,JoV3-2,JoV3-2-5,5,esm1,-40.8,-56.8,39.6298879999986,standard,75-100 cm,40.8-56.8 cm
OregonState,min,SHM,JoV3-2,JoV3-2-5,5,esm2,-40.5284266555711,-56.8117527243015,32.3660589499075,standard,75-100 cm,40.5-56.8 cm
OregonState,min,SHM,JoV3-3,JoV3-3-1,1,esm1,0,-5.1,24.306732,standard,0-10 cm,0-5.1 cm
OregonState,min,SHM,JoV3-3,JoV3-3-1,1,esm2,0,-5.20743605137127,24.8022306030847,standard,0-10 cm,0-5.2 cm
OregonState,min,SHM,JoV3-3,JoV3-3-2,2,esm1,-5.1,-17.1,36.3993820000002,standard,10-30 cm,5.1-17.1 cm
OregonState,min,SHM,JoV3-3,JoV3-3-2,2,esm2,-5.20743605137127,-17.1085592839621,40.3993962625347,standard,10-30 cm,5.2-17.1 cm
OregonState,min,SHM,JoV3-3,JoV3-3-3,3,esm1,-17.1,-27,25.8819659999995,standard,30-50 cm,17.1-27 cm
OregonState,min,SHM,JoV3-3,JoV3-3-3,3,esm2,-17.1085592839621,-26.9122566256381,29.572530248935,standard,30-50 cm,17.1-26.9 cm
OregonState,min,SHM,JoV3-3,JoV3-3-4,4,esm1,-27,-40.8,36.0778919999992,standard,50-75 cm,27-40.8 cm
OregonState,min,SHM,JoV3-3,JoV3-3-4,4,esm2,-26.9122566256381,-40.5284266555711,35.6998922474541,standard,50-75 cm,26.9-40.5 cm
OregonState,min,SHM,JoV3-3,JoV3-3-5,5,esm1,-40.8,-56.8,40.947968000001,standard,75-100 cm,40.8-56.8 cm
OregonState,min,SHM,JoV3-3,JoV3-3-5,5,esm2,-40.5284266555711,-56.8117527243015,33.3480582760136,standard,75-100 cm,40.5-56.8 cm
OregonState,min,BAU,JoXT1-1,JoXT1-1-1,1,esm1,0,-4.1,17.25444,standard,0-10 cm,0-4.1 cm
OregonState,min,BAU,JoXT1-1,JoXT1-1-1,1,esm2,0,-4.07643169603061,17.3463301165129,standard,0-10 cm,0-4.1 cm
OregonState,min,BAU,JoXT1-1,JoXT1-1-2,2,esm1,-4.1,-17,45.4095799999998,standard,10-30 cm,4.1-17 cm
OregonState,min,BAU,JoXT1-1,JoXT1-1-2,2,esm2,-4.07643169603061,-16.977250376418,46.7831587901061,standard,10-30 cm,4.1-17 cm
OregonState,min,BAU,JoXT1-1,JoXT1-1-3,3,esm1,-17,-28.2,33.6417759999997,standard,30-50 cm,17-28.2 cm
OregonState,min,BAU,JoXT1-1,JoXT1-1-3,3,esm2,-16.977250376418,-28.2409158632405,33.2497606850449,standard,30-50 cm,17-28.2 cm
OregonState,min,BAU,JoXT1-1,JoXT1-1-4,4,esm1,-28.2,-43.4,30.0031319999995,standard,50-75 cm,28.2-43.4 cm
OregonState,min,BAU,JoXT1-1,JoXT1-1-4,4,esm2,-28.2409158632405,-43.6632556070735,32.9325811967929,standard,50-75 cm,28.2-43.7 cm
OregonState,min,BAU,JoXT1-1,JoXT1-1-5,5,esm1,-43.4,-60.1,19.3213990000017,standard,75-100 cm,43.4-60.1 cm
OregonState,min,BAU,JoXT1-1,JoXT1-1-5,5,esm2,-43.6632556070735,-60.5602659374227,19.8548663225866,standard,75-100 cm,43.7-60.6 cm
OregonState,min,BAU,JoXT1-2,JoXT1-2-1,1,esm1,0,-4.1,19.79152,standard,0-10 cm,0-4.1 cm
OregonState,min,BAU,JoXT1-2,JoXT1-2-1,1,esm2,0,-4.07643169603061,19.8756043604099,standard,0-10 cm,0-4.1 cm
OregonState,min,BAU,JoXT1-2,JoXT1-2-2,2,esm1,-4.1,-17,52.6311100000001,standard,10-30 cm,4.1-17 cm
OregonState,min,BAU,JoXT1-2,JoXT1-2-2,2,esm2,-4.07643169603061,-16.977250376418,54.1922030585353,standard,10-30 cm,4.1-17 cm
OregonState,min,BAU,JoXT1-2,JoXT1-2-3,3,esm1,-17,-28.2,39.429936,standard,30-50 cm,17-28.2 cm
OregonState,min,BAU,JoXT1-2,JoXT1-2-3,3,esm2,-16.977250376418,-28.2409158632405,38.8055392619014,standard,30-50 cm,17-28.2 cm
OregonState,min,BAU,JoXT1-2,JoXT1-2-4,4,esm1,-28.2,-43.4,38.8273599999993,standard,50-75 cm,28.2-43.4 cm
OregonState,min,BAU,JoXT1-2,JoXT1-2-4,4,esm2,-28.2409158632405,-43.6632556070735,41.3260949594711,standard,50-75 cm,28.2-43.7 cm
OregonState,min,BAU,JoXT1-2,JoXT1-2-5,5,esm1,-43.4,-60.1,31.6438279999988,standard,75-100 cm,43.4-60.1 cm
OregonState,min,BAU,JoXT1-2,JoXT1-2-5,5,esm2,-43.6632556070735,-60.5602659374227,32.6255434086568,standard,75-100 cm,43.7-60.6 cm
OregonState,min,BAU,JoXT1-3,JoXT1-3-1,1,esm1,0,-4.1,20.56642,standard,0-10 cm,0-4.1 cm
OregonState,min,BAU,JoXT1-3,JoXT1-3-1,1,esm2,0,-4.07643169603061,20.8124881505126,standard,0-10 cm,0-4.1 cm
OregonState,min,BAU,JoXT1-3,JoXT1-3-2,2,esm1,-4.1,-17,56.95017,standard,10-30 cm,4.1-17 cm
OregonState,min,BAU,JoXT1-3,JoXT1-3-2,2,esm2,-4.07643169603061,-16.977250376418,57.7699028338095,standard,10-30 cm,4.1-17 cm
OregonState,min,BAU,JoXT1-3,JoXT1-3-3,3,esm1,-17,-28.2,44.3022719999999,standard,30-50 cm,17-28.2 cm
OregonState,min,BAU,JoXT1-3,JoXT1-3-3,3,esm2,-16.977250376418,-28.2409158632405,45.1286419007953,standard,30-50 cm,17-28.2 cm
OregonState,min,BAU,JoXT1-3,JoXT1-3-4,4,esm1,-28.2,-43.4,37.4792880000008,standard,50-75 cm,28.2-43.4 cm
OregonState,min,BAU,JoXT1-3,JoXT1-3-4,4,esm2,-28.2409158632405,-43.6632556070735,39.8737700307358,standard,50-75 cm,28.2-43.7 cm
OregonState,min,BAU,JoXT1-3,JoXT1-3-5,5,esm1,-43.4,-60.1,25.2387099999991,standard,75-100 cm,43.4-60.1 cm
OregonState,min,BAU,JoXT1-3,JoXT1-3-5,5,esm2,-43.6632556070735,-60.5602659374227,26.131309053954,standard,75-100 cm,43.7-60.6 cm
OregonState,min,BAU,JoXT2-1,JoXT2-1-1,1,esm1,0,-4.4,14.547588,standard,0-10 cm,0-4.4 cm
OregonState,min,BAU,JoXT2-1,JoXT2-1-1,1,esm2,0,-4.48397371364075,14.9138638505116,standard,0-10 cm,0-4.5 cm
OregonState,min,BAU,JoXT2-1,JoXT2-1-2,2,esm1,-4.4,-16.7,38.9215939999999,standard,10-30 cm,4.4-16.7 cm
OregonState,min,BAU,JoXT2-1,JoXT2-1-2,2,esm2,-4.48397371364075,-16.8043639302487,38.621658395604,standard,10-30 cm,4.5-16.8 cm
OregonState,min,BAU,JoXT2-1,JoXT2-1-3,3,esm1,-16.7,-26.8,31.1979380000002,standard,30-50 cm,16.7-26.8 cm
OregonState,min,BAU,JoXT2-1,JoXT2-1-3,3,esm2,-16.8043639302487,-26.8634673257654,32.6340578075654,standard,30-50 cm,16.8-26.9 cm
OregonState,min,BAU,JoXT2-1,JoXT2-1-4,4,esm1,-26.8,-40.7,37.8059150000001,standard,50-75 cm,26.8-40.7 cm
OregonState,min,BAU,JoXT2-1,JoXT2-1-4,4,esm2,-26.8634673257654,-40.8882468741145,41.3382349051494,standard,50-75 cm,26.9-40.9 cm
OregonState,min,BAU,JoXT2-1,JoXT2-1-5,5,esm1,-40.7,-56.7,43.5176000000001,standard,75-100 cm,40.7-56.7 cm
OregonState,min,BAU,JoXT2-1,JoXT2-1-5,5,esm2,-40.8882468741145,-56.7716435970205,38.8159580524773,standard,75-100 cm,40.9-56.8 cm
OregonState,min,BAU,JoXT2-2,JoXT2-2-1,1,esm1,0,-4.4,13.469148,standard,0-10 cm,0-4.4 cm
OregonState,min,BAU,JoXT2-2,JoXT2-2-1,1,esm2,0,-4.48397371364075,13.8271333883767,standard,0-10 cm,0-4.5 cm
OregonState,min,BAU,JoXT2-2,JoXT2-2-2,2,esm1,-4.4,-16.7,35.4260400000002,standard,10-30 cm,4.4-16.7 cm
OregonState,min,BAU,JoXT2-2,JoXT2-2-2,2,esm2,-4.48397371364075,-16.8043639302487,35.2673450552596,standard,10-30 cm,4.5-16.8 cm
OregonState,min,BAU,JoXT2-2,JoXT2-2-3,3,esm1,-16.7,-26.8,28.1811920000002,standard,30-50 cm,16.7-26.8 cm
OregonState,min,BAU,JoXT2-2,JoXT2-2-3,3,esm2,-16.8043639302487,-26.8634673257654,29.2318233063831,standard,30-50 cm,16.8-26.9 cm
OregonState,min,BAU,JoXT2-2,JoXT2-2-4,4,esm1,-26.8,-40.7,33.3690350000002,standard,50-75 cm,26.8-40.7 cm
OregonState,min,BAU,JoXT2-2,JoXT2-2-4,4,esm2,-26.8634673257654,-40.8882468741145,34.9386573609025,standard,50-75 cm,26.9-40.9 cm
OregonState,min,BAU,JoXT2-2,JoXT2-2-5,5,esm1,-40.7,-56.7,38.410399999999,standard,75-100 cm,40.7-56.7 cm
OregonState,min,BAU,JoXT2-2,JoXT2-2-5,5,esm2,-40.8882468741145,-56.7716435970205,35.7939281883253,standard,75-100 cm,40.9-56.8 cm
OregonState,min,BAU,JoXT2-3,JoXT2-3-1,1,esm1,0,-4.4,14.3319,standard,0-10 cm,0-4.4 cm
OregonState,min,BAU,JoXT2-3,JoXT2-3-1,1,esm2,0,-4.48397371364075,14.6670832198751,standard,0-10 cm,0-4.5 cm
OregonState,min,BAU,JoXT2-3,JoXT2-3-2,2,esm1,-4.4,-16.7,35.710259,standard,10-30 cm,4.4-16.7 cm
OregonState,min,BAU,JoXT2-3,JoXT2-3-2,2,esm2,-4.48397371364075,-16.8043639302487,36.4395224847672,standard,10-30 cm,4.5-16.8 cm
OregonState,min,BAU,JoXT2-3,JoXT2-3-3,3,esm1,-16.7,-26.8,25.711703,standard,30-50 cm,16.7-26.8 cm
OregonState,min,BAU,JoXT2-3,JoXT2-3-3,3,esm2,-16.8043639302487,-26.8634673257654,26.2427461603269,standard,30-50 cm,16.8-26.9 cm
OregonState,min,BAU,JoXT2-3,JoXT2-3-4,4,esm1,-26.8,-40.7,27.1389160000003,standard,50-75 cm,26.8-40.7 cm
OregonState,min,BAU,JoXT2-3,JoXT2-3-4,4,esm2,-26.8634673257654,-40.8882468741145,30.2024200874312,standard,50-75 cm,26.9-40.9 cm
OregonState,min,BAU,JoXT2-3,JoXT2-3-5,5,esm1,-40.7,-56.7,31.2390400000004,standard,75-100 cm,40.7-56.7 cm
OregonState,min,BAU,JoXT2-3,JoXT2-3-5,5,esm2,-40.8882468741145,-56.7716435970205,26.8295471593509,standard,75-100 cm,40.9-56.8 cm
OregonState,min,BAU,JoXT3-1,JoXT3-1-1,1,esm1,0,-4.8,15.33888,standard,0-10 cm,0-4.8 cm
OregonState,min,BAU,JoXT3-1,JoXT3-1-1,1,esm2,0,-4.84887044294723,15.4523544448968,standard,0-10 cm,0-4.8 cm
OregonState,min,BAU,JoXT3-1,JoXT3-1-2,2,esm1,-4.8,-15.8,37.1140899999999,standard,10-30 cm,4.8-15.8 cm
OregonState,min,BAU,JoXT3-1,JoXT3-1-2,2,esm2,-4.84887044294723,-15.6940407102456,39.1695700443256,standard,10-30 cm,4.8-15.7 cm
OregonState,min,BAU,JoXT3-1,JoXT3-1-3,3,esm1,-15.8,-25.2,29.2988599999999,standard,30-50 cm,15.8-25.2 cm
OregonState,min,BAU,JoXT3-1,JoXT3-1-3,3,esm2,-15.6940407102456,-25.1554203405795,28.6423885735085,standard,30-50 cm,15.7-25.2 cm
OregonState,min,BAU,JoXT3-1,JoXT3-1-4,4,esm1,-25.2,-39.6,26.2226720000006,standard,50-75 cm,25.2-39.6 cm
OregonState,min,BAU,JoXT3-1,JoXT3-1-4,4,esm2,-25.1554203405795,-39.1819922949585,29.653653087656,standard,50-75 cm,25.2-39.2 cm
OregonState,min,BAU,JoXT3-1,JoXT3-1-5,5,esm1,-39.6,-56.4,25.3380960000008,standard,75-100 cm,39.6-56.4 cm
OregonState,min,BAU,JoXT3-1,JoXT3-1-5,5,esm2,-39.1819922949585,-56.3559879200344,22.2496494021283,standard,75-100 cm,39.2-56.4 cm
OregonState,min,BAU,JoXT3-2,JoXT3-2-1,1,esm1,0,-4.8,15.56352,standard,0-10 cm,0-4.8 cm
OregonState,min,BAU,JoXT3-2,JoXT3-2-1,1,esm2,0,-4.84887044294723,15.6584836621252,standard,0-10 cm,0-4.8 cm
OregonState,min,BAU,JoXT3-2,JoXT3-2-2,2,esm1,-4.8,-15.8,38.5894699999999,standard,10-30 cm,4.8-15.8 cm
OregonState,min,BAU,JoXT3-2,JoXT3-2-2,2,esm2,-4.84887044294723,-15.6940407102456,41.0733556674467,standard,10-30 cm,4.8-15.7 cm
OregonState,min,BAU,JoXT3-2,JoXT3-2-3,3,esm1,-15.8,-25.2,29.5658200000002,standard,30-50 cm,15.8-25.2 cm
OregonState,min,BAU,JoXT3-2,JoXT3-2-3,3,esm2,-15.6940407102456,-25.1554203405795,28.4077579478456,standard,30-50 cm,15.7-25.2 cm
OregonState,min,BAU,JoXT3-2,JoXT3-2-4,4,esm1,-25.2,-39.6,29.8392640000002,standard,50-75 cm,25.2-39.6 cm
OregonState,min,BAU,JoXT3-2,JoXT3-2-4,4,esm2,-25.1554203405795,-39.1819922949585,32.9516575608798,standard,50-75 cm,25.2-39.2 cm
OregonState,min,BAU,JoXT3-2,JoXT3-2-5,5,esm1,-39.6,-56.4,30.4607519999988,standard,75-100 cm,39.6-56.4 cm
OregonState,min,BAU,JoXT3-2,JoXT3-2-5,5,esm2,-39.1819922949585,-56.3559879200344,28.3232623380765,standard,75-100 cm,39.2-56.4 cm
OregonState,min,BAU,JoXT3-3,JoXT3-3-1,1,esm1,0,-4.8,15.41376,standard,0-10 cm,0-4.8 cm
OregonState,min,BAU,JoXT3-3,JoXT3-3-1,1,esm2,0,-4.84887044294723,15.5081822428721,standard,0-10 cm,0-4.8 cm
OregonState,min,BAU,JoXT3-3,JoXT3-3-2,2,esm1,-4.8,-15.8,40.1008259999998,standard,10-30 cm,4.8-15.8 cm
OregonState,min,BAU,JoXT3-3,JoXT3-3-2,2,esm2,-4.84887044294723,-15.6940407102456,42.0884842076284,standard,10-30 cm,4.8-15.7 cm
OregonState,min,BAU,JoXT3-3,JoXT3-3-3,3,esm1,-15.8,-25.2,32.0485479999998,standard,30-50 cm,15.8-25.2 cm
OregonState,min,BAU,JoXT3-3,JoXT3-3-3,3,esm2,-15.6940407102456,-25.1554203405795,31.3401810603641,standard,30-50 cm,15.7-25.2 cm
OregonState,min,BAU,JoXT3-3,JoXT3-3-4,4,esm1,-25.2,-39.6,31.8211600000004,standard,50-75 cm,25.2-39.6 cm
OregonState,min,BAU,JoXT3-3,JoXT3-3-4,4,esm2,-25.1554203405795,-39.1819922949585,35.1925179077114,standard,50-75 cm,25.2-39.2 cm
OregonState,min,BAU,JoXT3-3,JoXT3-3-5,5,esm1,-39.6,-56.4,32.2600320000006,standard,75-100 cm,39.6-56.4 cm
OregonState,min,BAU,JoXT3-3,JoXT3-3-5,5,esm2,-39.1819922949585,-56.3559879200344,29.565395754511002,standard,75-100 cm,39.2-56.4 cm
OregonState,min,BAU,WoCT1-1,WoCT1-1-1,1,esm1,0,-4.5,11.13984,standard,0-10 cm,0-4.5 cm
OregonState,min,BAU,WoCT1-1,WoCT1-1-1,1,esm2,0,-4.52894957166399,11.2678586595254,standard,0-10 cm,0-4.5 cm
OregonState,min,BAU,WoCT1-1,WoCT1-1-2,2,esm1,-4.5,-16.8,28.272468,standard,10-30 cm,4.5-16.8 cm
OregonState,min,BAU,WoCT1-1,WoCT1-1-2,2,esm2,-4.52894957166399,-16.8779237341658,28.8233164526279,standard,10-30 cm,4.5-16.9 cm
OregonState,min,BAU,WoCT1-1,WoCT1-1-3,3,esm1,-16.8,-27.3,16.1548799999997,standard,30-50 cm,16.8-27.3 cm
OregonState,min,BAU,WoCT1-1,WoCT1-1-3,3,esm2,-16.8779237341658,-27.3219571138227,17.6806562422751,standard,30-50 cm,16.9-27.3 cm
OregonState,min,BAU,WoCT1-1,WoCT1-1-4,4,esm1,-27.3,-41.6,13.8397500000001,standard,50-75 cm,27.3-41.6 cm
OregonState,min,BAU,WoCT1-1,WoCT1-1-4,4,esm2,-27.3219571138227,-41.7027602893719,13.9957161852354,standard,50-75 cm,27.3-41.7 cm
OregonState,min,BAU,WoCT1-1,WoCT1-1-5,5,esm1,-41.6,-58.1,9.72724500000041,standard,75-100 cm,41.6-58.1 cm
OregonState,min,BAU,WoCT1-1,WoCT1-1-5,5,esm2,-41.7027602893719,-58.1883135869228,8.68437280718371,standard,75-100 cm,41.7-58.2 cm
OregonState,min,BAU,WoCT1-2,WoCT1-2-1,1,esm1,0,-4.5,11.58912,standard,0-10 cm,0-4.5 cm
OregonState,min,BAU,WoCT1-2,WoCT1-2-1,1,esm2,0,-4.52894957166399,11.7508276431265,standard,0-10 cm,0-4.5 cm
OregonState,min,BAU,WoCT1-2,WoCT1-2-2,2,esm1,-4.5,-16.8,25.236682,standard,10-30 cm,4.5-16.8 cm
OregonState,min,BAU,WoCT1-2,WoCT1-2-2,2,esm2,-4.52894957166399,-16.8779237341658,25.3965562917746,standard,10-30 cm,4.5-16.9 cm
OregonState,min,BAU,WoCT1-2,WoCT1-2-3,3,esm1,-16.8,-27.3,17.2435199999997,standard,30-50 cm,16.8-27.3 cm
OregonState,min,BAU,WoCT1-2,WoCT1-2-3,3,esm2,-16.8779237341658,-27.3219571138227,18.2415222815049,standard,30-50 cm,16.9-27.3 cm
OregonState,min,BAU,WoCT1-2,WoCT1-2-4,4,esm1,-27.3,-41.6,14.3752559999996,standard,50-75 cm,27.3-41.6 cm
OregonState,min,BAU,WoCT1-2,WoCT1-2-4,4,esm2,-27.3219571138227,-41.7027602893719,16.5769213908223,standard,50-75 cm,27.3-41.7 cm
OregonState,min,BAU,WoCT1-2,WoCT1-2-5,5,esm1,-41.6,-58.1,9.62081999999945,standard,75-100 cm,41.6-58.1 cm
OregonState,min,BAU,WoCT1-2,WoCT1-2-5,5,esm2,-41.7027602893719,-58.1883135869228,7.90023745739779,standard,75-100 cm,41.7-58.2 cm
OregonState,min,BAU,WoCT1-3,WoCT1-3-1,1,esm1,0,-4.5,10.58688,standard,0-10 cm,0-4.5 cm
OregonState,min,BAU,WoCT1-3,WoCT1-3-1,1,esm2,0,-4.52894957166399,10.6704799667264,standard,0-10 cm,0-4.5 cm
OregonState,min,BAU,WoCT1-3,WoCT1-3-2,2,esm1,-4.5,-16.8,24.3539299999999,standard,10-30 cm,4.5-16.8 cm
OregonState,min,BAU,WoCT1-3,WoCT1-3-2,2,esm2,-4.52894957166399,-16.8779237341658,24.6090647519009,standard,10-30 cm,4.5-16.9 cm
OregonState,min,BAU,WoCT1-3,WoCT1-3-3,3,esm1,-16.8,-27.3,15.1199999999998,standard,30-50 cm,16.8-27.3 cm
OregonState,min,BAU,WoCT1-3,WoCT1-3-3,3,esm2,-16.8779237341658,-27.3219571138227,16.0226845885053,standard,30-50 cm,16.9-27.3 cm
OregonState,min,BAU,WoCT1-3,WoCT1-3-4,4,esm1,-27.3,-41.6,12.9340440000001,standard,50-75 cm,27.3-41.6 cm
OregonState,min,BAU,WoCT1-3,WoCT1-3-4,4,esm2,-27.3219571138227,-41.7027602893719,14.7576742930487,standard,50-75 cm,27.3-41.7 cm
OregonState,min,BAU,WoCT1-3,WoCT1-3-5,5,esm1,-41.6,-58.1,9.06740999999931,standard,75-100 cm,41.6-58.1 cm
OregonState,min,BAU,WoCT1-3,WoCT1-3-5,5,esm2,-41.7027602893719,-58.1883135869228,7.87966848664405,standard,75-100 cm,41.7-58.2 cm
OregonState,min,BAU,WoCT2-1,WoCT2-1-1,1,esm1,0,-4.7,10.900334,standard,0-10 cm,0-4.7 cm
OregonState,min,BAU,WoCT2-1,WoCT2-1-1,1,esm2,0,-4.77743152813137,11.0282134227987,standard,0-10 cm,0-4.8 cm
OregonState,min,BAU,WoCT2-1,WoCT2-1-2,2,esm1,-4.7,-15.2,30.169512,standard,10-30 cm,4.7-15.2 cm
OregonState,min,BAU,WoCT2-1,WoCT2-1-2,2,esm2,-4.77743152813137,-15.2216454620204,30.6648361692596,standard,10-30 cm,4.8-15.2 cm
OregonState,min,BAU,WoCT2-1,WoCT2-1-3,3,esm1,-15.2,-23.9,25.836651,standard,30-50 cm,15.2-23.9 cm
OregonState,min,BAU,WoCT2-1,WoCT2-1-3,3,esm2,-15.2216454620204,-23.9629526655808,25.7669853670249,standard,30-50 cm,15.2-24 cm
OregonState,min,BAU,WoCT2-1,WoCT2-1-4,4,esm1,-23.9,-36.6,19.7839430000006,standard,50-75 cm,23.9-36.6 cm
OregonState,min,BAU,WoCT2-1,WoCT2-1-4,4,esm2,-23.9629526655808,-36.4738017039347,26.3652580979115,standard,50-75 cm,24-36.5 cm
OregonState,min,BAU,WoCT2-1,WoCT2-1-5,5,esm1,-36.6,-51.3,20.9313300000009,standard,75-100 cm,36.6-51.3 cm
OregonState,min,BAU,WoCT2-1,WoCT2-1-5,5,esm2,-36.4738017039347,-51.2666304954598,18.0143126788401,standard,75-100 cm,36.5-51.3 cm
OregonState,min,BAU,WoCT2-2,WoCT2-2-1,1,esm1,0,-4.7,12.947372,standard,0-10 cm,0-4.7 cm
OregonState,min,BAU,WoCT2-2,WoCT2-2-1,1,esm2,0,-4.77743152813137,13.1323803348523,standard,0-10 cm,0-4.8 cm
OregonState,min,BAU,WoCT2-2,WoCT2-2-2,2,esm1,-4.7,-15.2,32.8696859999998,standard,10-30 cm,4.7-15.2 cm
OregonState,min,BAU,WoCT2-2,WoCT2-2-2,2,esm2,-4.77743152813137,-15.2216454620204,32.8750781405165,standard,10-30 cm,4.8-15.2 cm
OregonState,min,BAU,WoCT2-2,WoCT2-2-3,3,esm1,-15.2,-23.9,28.1926979999999,standard,30-50 cm,15.2-23.9 cm
OregonState,min,BAU,WoCT2-2,WoCT2-2-3,3,esm2,-15.2216454620204,-23.9629526655808,28.3936980903745,standard,30-50 cm,15.2-24 cm
OregonState,min,BAU,WoCT2-2,WoCT2-2-4,4,esm1,-23.9,-36.6,29.1646340000006,standard,50-75 cm,23.9-36.6 cm
OregonState,min,BAU,WoCT2-2,WoCT2-2-4,4,esm2,-23.9629526655808,-36.4738017039347,34.1457812421737,standard,50-75 cm,24-36.5 cm
OregonState,min,BAU,WoCT2-2,WoCT2-2-5,5,esm1,-36.6,-51.3,32.4414300000002,standard,75-100 cm,36.6-51.3 cm
OregonState,min,BAU,WoCT2-2,WoCT2-2-5,5,esm2,-36.4738017039347,-51.2666304954598,30.6800859977355,standard,75-100 cm,36.5-51.3 cm
OregonState,min,BAU,WoCT2-3,WoCT2-3-1,1,esm1,0,-4.7,13.692792,standard,0-10 cm,0-4.7 cm
OregonState,min,BAU,WoCT2-3,WoCT2-3-1,1,esm2,0,-4.77743152813137,13.8641209364165,standard,0-10 cm,0-4.8 cm
OregonState,min,BAU,WoCT2-3,WoCT2-3-2,2,esm1,-4.7,-15.2,36.2156400000001,standard,10-30 cm,4.7-15.2 cm
OregonState,min,BAU,WoCT2-3,WoCT2-3-2,2,esm2,-4.77743152813137,-15.2216454620204,36.8154718467702,standard,10-30 cm,4.8-15.2 cm
OregonState,min,BAU,WoCT2-3,WoCT2-3-3,3,esm1,-15.2,-23.9,30.5753669999998,standard,30-50 cm,15.2-23.9 cm
OregonState,min,BAU,WoCT2-3,WoCT2-3-3,3,esm2,-15.2216454620204,-23.9629526655808,30.4138968105783,standard,30-50 cm,15.2-24 cm
OregonState,min,BAU,WoCT2-3,WoCT2-3-4,4,esm1,-23.9,-36.6,25.9168709999999,standard,50-75 cm,23.9-36.6 cm
OregonState,min,BAU,WoCT2-3,WoCT2-3-4,4,esm2,-23.9629526655808,-36.4738017039347,32.898275422048,standard,50-75 cm,24-36.5 cm
OregonState,min,BAU,WoCT2-3,WoCT2-3-5,5,esm1,-36.6,-51.3,27.9439650000004,standard,75-100 cm,36.6-51.3 cm
OregonState,min,BAU,WoCT2-3,WoCT2-3-5,5,esm2,-36.4738017039347,-51.2666304954598,25.0720284210956,standard,75-100 cm,36.5-51.3 cm
OregonState,min,BAU,WoCT3-1,WoCT3-1-1,1,esm1,0,-4.2,9.23076,standard,0-10 cm,0-4.2 cm
OregonState,min,BAU,WoCT3-1,WoCT3-1-1,1,esm2,0,-4.33905162663302,9.46729105720874,standard,0-10 cm,0-4.3 cm
OregonState,min,BAU,WoCT3-1,WoCT3-1-2,2,esm1,-4.2,-15,24.9017399999999,standard,10-30 cm,4.2-15 cm
OregonState,min,BAU,WoCT3-1,WoCT3-1-2,2,esm2,-4.33905162663302,-14.9627897361873,25.3283345021672,standard,10-30 cm,4.3-15 cm
OregonState,min,BAU,WoCT3-1,WoCT3-1-3,3,esm1,-15,-24.1,17.0714879999999,standard,30-50 cm,15-24.1 cm
OregonState,min,BAU,WoCT3-1,WoCT3-1-3,3,esm2,-14.9627897361873,-24.2723220814173,19.0400731473922,standard,30-50 cm,15-24.3 cm
OregonState,min,BAU,WoCT3-1,WoCT3-1-4,4,esm1,-24.1,-36.1,7.98335999999978,standard,50-75 cm,24.1-36.1 cm
OregonState,min,BAU,WoCT3-1,WoCT3-1-4,4,esm2,-24.2723220814173,-36.449533251769,14.3410504142534,standard,50-75 cm,24.3-36.4 cm
OregonState,min,BAU,WoCT3-1,WoCT3-1-5,5,esm1,-36.1,-49.9,9.18086400000021,standard,75-100 cm,36.1-49.9 cm
OregonState,min,BAU,WoCT3-1,WoCT3-1-5,5,esm2,-36.449533251769,-49.9931860464611,4.72697961964191,standard,75-100 cm,36.4-50 cm
OregonState,min,BAU,WoCT3-2,WoCT3-2-1,1,esm1,0,-4.2,10.19466,standard,0-10 cm,0-4.2 cm
OregonState,min,BAU,WoCT3-2,WoCT3-2-1,1,esm2,0,-4.33905162663302,10.5645787279758,standard,0-10 cm,0-4.3 cm
OregonState,min,BAU,WoCT3-2,WoCT3-2-2,2,esm1,-4.2,-15,23.93904,standard,10-30 cm,4.2-15 cm
OregonState,min,BAU,WoCT3-2,WoCT3-2-2,2,esm2,-4.33905162663302,-14.9627897361873,24.1214644367778,standard,10-30 cm,4.3-15 cm
OregonState,min,BAU,WoCT3-2,WoCT3-2-3,3,esm1,-15,-24.1,16.2592500000002,standard,30-50 cm,15-24.1 cm
OregonState,min,BAU,WoCT3-2,WoCT3-2-3,3,esm2,-14.9627897361873,-24.2723220814173,17.999311872356,standard,30-50 cm,15-24.3 cm
OregonState,min,BAU,WoCT3-2,WoCT3-2-4,4,esm1,-24.1,-36.1,9.33240000000012,standard,50-75 cm,24.1-36.1 cm
OregonState,min,BAU,WoCT3-2,WoCT3-2-4,4,esm2,-24.2723220814173,-36.449533251769,15.1084572274187,standard,50-75 cm,24.3-36.4 cm
OregonState,min,BAU,WoCT3-2,WoCT3-2-5,5,esm1,-36.1,-49.9,10.7322600000001,standard,75-100 cm,36.1-49.9 cm
OregonState,min,BAU,WoCT3-2,WoCT3-2-5,5,esm2,-36.449533251769,-49.9931860464611,6.98400122141794,standard,75-100 cm,36.4-50 cm
OregonState,min,BAU,WoCT3-3,WoCT3-3-1,1,esm1,0,-4.2,9.44055,standard,0-10 cm,0-4.2 cm
OregonState,min,BAU,WoCT3-3,WoCT3-3-1,1,esm2,0,-4.33905162663302,9.71154428952592,standard,0-10 cm,0-4.3 cm
OregonState,min,BAU,WoCT3-3,WoCT3-3-2,2,esm1,-4.2,-15,23.6103,standard,10-30 cm,4.2-15 cm
OregonState,min,BAU,WoCT3-3,WoCT3-3-2,2,esm2,-4.33905162663302,-14.9627897361873,23.8795207852783,standard,10-30 cm,4.3-15 cm
OregonState,min,BAU,WoCT3-3,WoCT3-3-3,3,esm1,-15,-24.1,16.828896,standard,30-50 cm,15-24.1 cm
OregonState,min,BAU,WoCT3-3,WoCT3-3-3,3,esm2,-14.9627897361873,-24.2723220814173,17.8362149268623,standard,30-50 cm,15-24.3 cm
OregonState,min,BAU,WoCT3-3,WoCT3-3-4,4,esm1,-24.1,-36.1,14.4883200000001,standard,50-75 cm,24.1-36.1 cm
OregonState,min,BAU,WoCT3-3,WoCT3-3-4,4,esm2,-24.2723220814173,-36.449533251769,18.6656023918939,standard,50-75 cm,24.3-36.4 cm
OregonState,min,BAU,WoCT3-3,WoCT3-3-5,5,esm1,-36.1,-49.9,16.6615679999991,standard,75-100 cm,36.1-49.9 cm
OregonState,min,BAU,WoCT3-3,WoCT3-3-5,5,esm2,-36.449533251769,-49.9931860464611,14.3499412041547,standard,75-100 cm,36.4-50 cm
OregonState,min,Ref,WoH1-1,WoH1-1-1,1,esm1,0,-4.7,29.299424,standard,0-10 cm,0-4.7 cm
OregonState,min,Ref,WoH1-1,WoH1-1-1,1,esm2,0,-4.8048546484748504,30.2979990510027,standard,0-10 cm,0-4.8 cm
OregonState,min,Ref,WoH1-1,WoH1-1-2,2,esm1,-4.7,-16.2,29.5634560000003,standard,10-30 cm,4.7-16.2 cm
OregonState,min,Ref,WoH1-1,WoH1-1-2,2,esm2,-4.8048546484748504,-16.3278355838113,29.6166950014558,standard,10-30 cm,4.8-16.3 cm
OregonState,min,Ref,WoH1-1,WoH1-1-3,3,esm1,-16.2,-25.7,19.2317999999998,standard,30-50 cm,16.2-25.7 cm
OregonState,min,Ref,WoH1-1,WoH1-1-3,3,esm2,-16.3278355838113,-25.8357644422803,18.7760963651814,standard,30-50 cm,16.3-25.8 cm
OregonState,min,Ref,WoH1-1,WoH1-1-4,4,esm1,-25.7,-38.7,23.6376720000005,standard,50-75 cm,25.7-38.7 cm
OregonState,min,Ref,WoH1-1,WoH1-1-4,4,esm2,-25.8357644422803,-38.6820614329358,24.5051930063587,standard,50-75 cm,25.8-38.7 cm
OregonState,min,Ref,WoH1-1,WoH1-1-5,5,esm1,-38.7,-53.6,23.7214940000009,standard,75-100 cm,38.7-53.6 cm
OregonState,min,Ref,WoH1-1,WoH1-1-5,5,esm2,-38.6820614329358,-53.5533919197005,23.3383148302129,standard,75-100 cm,38.7-53.6 cm
OregonState,min,Ref,WoH1-2,WoH1-2-1,1,esm1,0,-4.7,26.211383,standard,0-10 cm,0-4.7 cm
OregonState,min,Ref,WoH1-2,WoH1-2-1,1,esm2,0,-4.8048546484748504,27.064356773641,standard,0-10 cm,0-4.8 cm
OregonState,min,Ref,WoH1-2,WoH1-2-2,2,esm1,-4.7,-16.2,33.1521670000001,standard,10-30 cm,4.7-16.2 cm
OregonState,min,Ref,WoH1-2,WoH1-2-2,2,esm2,-4.8048546484748504,-16.3278355838113,33.9929808595778,standard,10-30 cm,4.8-16.3 cm
OregonState,min,Ref,WoH1-2,WoH1-2-3,3,esm1,-16.2,-25.7,24.1394999999996,standard,30-50 cm,16.2-25.7 cm
OregonState,min,Ref,WoH1-2,WoH1-2-3,3,esm2,-16.3278355838113,-25.8357644422803,24.4682307372119,standard,30-50 cm,16.3-25.8 cm
OregonState,min,Ref,WoH1-2,WoH1-2-4,4,esm1,-25.7,-38.7,15.5369160000001,standard,50-75 cm,25.7-38.7 cm
OregonState,min,Ref,WoH1-2,WoH1-2-4,4,esm2,-25.8357644422803,-38.6820614329358,17.8006451409471,standard,50-75 cm,25.8-38.7 cm
OregonState,min,Ref,WoH1-2,WoH1-2-5,5,esm1,-38.7,-53.6,10.0908380000005,standard,75-100 cm,38.7-53.6 cm
OregonState,min,Ref,WoH1-2,WoH1-2-5,5,esm2,-38.6820614329358,-53.5533919197005,5.59178413037493,standard,75-100 cm,38.7-53.6 cm
OregonState,min,Ref,WoH1-3,WoH1-3-1,1,esm1,0,-4.7,21.616287,standard,0-10 cm,0-4.7 cm
OregonState,min,Ref,WoH1-3,WoH1-3-1,1,esm2,0,-4.8048546484748504,22.2746460849736,standard,0-10 cm,0-4.8 cm
OregonState,min,Ref,WoH1-3,WoH1-3-2,2,esm1,-4.7,-16.2,22.878923,standard,10-30 cm,4.7-16.2 cm
OregonState,min,Ref,WoH1-3,WoH1-3-2,2,esm2,-4.8048546484748504,-16.3278355838113,26.1130568930401,standard,10-30 cm,4.8-16.3 cm
OregonState,min,Ref,WoH1-3,WoH1-3-3,3,esm1,-16.2,-25.7,11.1986,standard,30-50 cm,16.2-25.7 cm
OregonState,min,Ref,WoH1-3,WoH1-3-3,3,esm2,-16.3278355838113,-25.8357644422803,9.19740489670215,standard,30-50 cm,16.3-25.8 cm
OregonState,min,Ref,WoH1-3,WoH1-3-4,4,esm1,-25.7,-38.7,8.89058400000007,standard,50-75 cm,25.7-38.7 cm
OregonState,min,Ref,WoH1-3,WoH1-3-4,4,esm2,-25.8357644422803,-38.6820614329358,7.40588116283219,standard,50-75 cm,25.8-38.7 cm
OregonState,min,Ref,WoH1-3,WoH1-3-5,5,esm1,-38.7,-53.6,7.37031400000002,standard,75-100 cm,38.7-53.6 cm
OregonState,min,Ref,WoH1-3,WoH1-3-5,5,esm2,-38.6820614329358,-53.5533919197005,7.0806655580825,standard,75-100 cm,38.7-53.6 cm
OregonState,min,Ref,WoH2-1,WoH2-1-1,1,esm1,0,-3.7,30.136722,standard,0-10 cm,0-3.7 cm
OregonState,min,Ref,WoH2-1,WoH2-1-1,1,esm2,0,-3.78973148040519,33.7760693201522,standard,0-10 cm,0-3.8 cm
OregonState,min,Ref,WoH2-1,WoH2-1-2,2,esm1,-3.7,-14.2,33.337212,standard,10-30 cm,3.7-14.2 cm
OregonState,min,Ref,WoH2-1,WoH2-1-2,2,esm2,-3.78973148040519,-13.9039902061949,29.688855910953,standard,10-30 cm,3.8-13.9 cm
OregonState,min,Ref,WoH2-1,WoH2-1-3,3,esm1,-14.2,-24,18.4070459999999,standard,30-50 cm,14.2-24 cm
OregonState,min,Ref,WoH2-1,WoH2-1-3,3,esm2,-13.9039902061949,-23.3852339607246,19.4983845686406,standard,30-50 cm,13.9-23.4 cm
OregonState,min,Ref,WoH2-1,WoH2-1-4,4,esm1,-24,-37.5,25.3566449999998,standard,50-75 cm,24-37.5 cm
OregonState,min,Ref,WoH2-1,WoH2-1-4,4,esm2,-23.3852339607246,-37.2941571597331,26.6230278135781,standard,50-75 cm,23.4-37.3 cm
OregonState,min,Ref,WoH2-1,WoH2-1-5,5,esm1,-37.5,-53,21.0271349999997,standard,75-100 cm,37.5-53 cm
OregonState,min,Ref,WoH2-1,WoH2-1-5,5,esm2,-37.2941571597331,-53.0853518057246,21.9654764259749,standard,75-100 cm,37.3-53.1 cm
OregonState,min,Ref,WoH2-2,WoH2-2-1,1,esm1,0,-3.7,15.58403,standard,0-10 cm,0-3.7 cm
OregonState,min,Ref,WoH2-2,WoH2-2-1,1,esm2,0,-3.78973148040519,17.0164713761419,standard,0-10 cm,0-3.8 cm
OregonState,min,Ref,WoH2-2,WoH2-2-2,2,esm1,-3.7,-14.2,24.4751440000001,standard,10-30 cm,3.7-14.2 cm
OregonState,min,Ref,WoH2-2,WoH2-2-2,2,esm2,-3.78973148040519,-13.9039902061949,23.2756607583783,standard,10-30 cm,3.8-13.9 cm
OregonState,min,Ref,WoH2-2,WoH2-2-3,3,esm1,-14.2,-24,17.198706,standard,30-50 cm,14.2-24 cm
OregonState,min,Ref,WoH2-2,WoH2-2-3,3,esm2,-13.9039902061949,-23.3852339607246,18.0789990546878,standard,30-50 cm,13.9-23.4 cm
OregonState,min,Ref,WoH2-2,WoH2-2-4,4,esm1,-24,-37.5,23.6920950000007,standard,50-75 cm,24-37.5 cm
OregonState,min,Ref,WoH2-2,WoH2-2-4,4,esm2,-23.3852339607246,-37.2941571597331,24.3853553924447,standard,50-75 cm,23.4-37.3 cm
OregonState,min,Ref,WoH2-2,WoH2-2-5,5,esm1,-37.5,-53,21.1769250000002,standard,75-100 cm,37.5-53 cm
OregonState,min,Ref,WoH2-2,WoH2-2-5,5,esm2,-37.2941571597331,-53.0853518057246,22.0151491060513,standard,75-100 cm,37.3-53.1 cm
OregonState,min,Ref,WoH2-3,WoH2-3-1,1,esm1,0,-3.7,12.797708,standard,0-10 cm,0-3.7 cm
OregonState,min,Ref,WoH2-3,WoH2-3-1,1,esm2,0,-3.78973148040519,13.6299062657758,standard,0-10 cm,0-3.8 cm
OregonState,min,Ref,WoH2-3,WoH2-3-2,2,esm1,-3.7,-14.2,23.3692279999999,standard,10-30 cm,3.7-14.2 cm
OregonState,min,Ref,WoH2-3,WoH2-3-2,2,esm2,-3.78973148040519,-13.9039902061949,24.1965322793051,standard,10-30 cm,3.8-13.9 cm
OregonState,min,Ref,WoH2-3,WoH2-3-3,3,esm1,-14.2,-24,15.225084,standard,30-50 cm,14.2-24 cm
OregonState,min,Ref,WoH2-3,WoH2-3-3,3,esm2,-13.9039902061949,-23.3852339607246,17.3490504670295,standard,30-50 cm,13.9-23.4 cm
OregonState,min,Ref,WoH2-3,WoH2-3-4,4,esm1,-24,-37.5,20.9733300000003,standard,50-75 cm,24-37.5 cm
OregonState,min,Ref,WoH2-3,WoH2-3-4,4,esm2,-23.3852339607246,-37.2941571597331,20.3883708036251,standard,50-75 cm,23.4-37.3 cm
OregonState,min,Ref,WoH2-3,WoH2-3-5,5,esm1,-37.5,-53,17.6973300000009,standard,75-100 cm,37.5-53 cm
OregonState,min,Ref,WoH2-3,WoH2-3-5,5,esm2,-37.2941571597331,-53.0853518057246,16.5238223267281,standard,75-100 cm,37.3-53.1 cm
OregonState,min,Ref,WoH3-1,WoH3-1-1,1,esm1,0,-4.7,10.831526,standard,0-10 cm,0-4.7 cm
OregonState,min,Ref,WoH3-1,WoH3-1-1,1,esm2,0,-4.78307258258524,11.0310922174369,standard,0-10 cm,0-4.8 cm
OregonState,min,Ref,WoH3-1,WoH3-1-2,2,esm1,-4.7,-14.9,16.666092,standard,10-30 cm,4.7-14.9 cm
OregonState,min,Ref,WoH3-1,WoH3-1-2,2,esm2,-4.78307258258524,-14.6599412416846,19.6719415709383,standard,10-30 cm,4.8-14.7 cm
OregonState,min,Ref,WoH3-1,WoH3-1-3,3,esm1,-14.9,-23.6,9.23783399999988,standard,30-50 cm,14.9-23.6 cm
OregonState,min,Ref,WoH3-1,WoH3-1-3,3,esm2,-14.6599412416846,-23.1270613484849,11.6219782098662,standard,30-50 cm,14.7-23.1 cm
OregonState,min,Ref,WoH3-1,WoH3-1-4,4,esm1,-23.6,-35.7,12.8480219999996,standard,50-75 cm,23.6-35.7 cm
OregonState,min,Ref,WoH3-1,WoH3-1-4,4,esm2,-23.1270613484849,-35.3535473297145,11.0838760264956,standard,50-75 cm,23.1-35.4 cm
OregonState,min,Ref,WoH3-1,WoH3-1-5,5,esm1,-35.7,-50.1,11.8884059999996,standard,75-100 cm,35.7-50.1 cm
OregonState,min,Ref,WoH3-1,WoH3-1-5,5,esm2,-35.3535473297145,-49.9862609362267,8.73518000329916,standard,75-100 cm,35.4-50 cm
OregonState,min,Ref,WoH3-2,WoH3-2-1,1,esm1,0,-4.7,20.229552,standard,0-10 cm,0-4.7 cm
OregonState,min,Ref,WoH3-2,WoH3-2-1,1,esm2,0,-4.78307258258524,20.6398118190225,standard,0-10 cm,0-4.8 cm
OregonState,min,Ref,WoH3-2,WoH3-2-2,2,esm1,-4.7,-14.9,24.3262559999998,standard,10-30 cm,4.7-14.9 cm
OregonState,min,Ref,WoH3-2,WoH3-2-2,2,esm2,-4.78307258258524,-14.6599412416846,31.265809007967,standard,10-30 cm,4.8-14.7 cm
OregonState,min,Ref,WoH3-2,WoH3-2-3,3,esm1,-14.9,-23.6,8.8385039999997,standard,30-50 cm,14.9-23.6 cm
OregonState,min,Ref,WoH3-2,WoH3-2-3,3,esm2,-14.6599412416846,-23.1270613484849,13.6737780005003,standard,30-50 cm,14.7-23.1 cm
OregonState,min,Ref,WoH3-2,WoH3-2-4,4,esm1,-23.6,-35.7,12.2926319999996,standard,50-75 cm,23.6-35.7 cm
OregonState,min,Ref,WoH3-2,WoH3-2-4,4,esm2,-23.1270613484849,-35.3535473297145,7.59107059890023,standard,50-75 cm,23.1-35.4 cm
OregonState,min,Ref,WoH3-2,WoH3-2-5,5,esm1,-35.7,-50.1,11.1188159999995,standard,75-100 cm,35.7-50.1 cm
OregonState,min,Ref,WoH3-2,WoH3-2-5,5,esm2,-35.3535473297145,-49.9862609362267,3.04632142759448,standard,75-100 cm,35.4-50 cm
OregonState,min,Ref,WoH3-3,WoH3-3-1,1,esm1,0,-4.7,27.626412,standard,0-10 cm,0-4.7 cm
OregonState,min,Ref,WoH3-3,WoH3-3-1,1,esm2,0,-4.78307258258524,28.3094705503166,standard,0-10 cm,0-4.8 cm
OregonState,min,Ref,WoH3-3,WoH3-3-2,2,esm1,-4.7,-14.9,29.6980410000001,standard,10-30 cm,4.7-14.9 cm
OregonState,min,Ref,WoH3-3,WoH3-3-2,2,esm2,-4.78307258258524,-14.6599412416846,33.6295394859798,standard,10-30 cm,4.8-14.7 cm
OregonState,min,Ref,WoH3-3,WoH3-3-3,3,esm1,-14.9,-23.6,15.2943390000002,standard,30-50 cm,14.9-23.6 cm
OregonState,min,Ref,WoH3-3,WoH3-3-3,3,esm2,-14.6599412416846,-23.1270613484849,18.9199196775841,standard,30-50 cm,14.7-23.1 cm
OregonState,min,Ref,WoH3-3,WoH3-3-4,4,esm1,-23.6,-35.7,21.2714370000003,standard,50-75 cm,23.6-35.7 cm
OregonState,min,Ref,WoH3-3,WoH3-3-4,4,esm2,-23.1270613484849,-35.3535473297145,18.9240856983459,standard,50-75 cm,23.1-35.4 cm
OregonState,min,Ref,WoH3-3,WoH3-3-5,5,esm1,-35.7,-50.1,19.0980210000002,standard,75-100 cm,35.7-50.1 cm
OregonState,min,Ref,WoH3-3,WoH3-3-5,5,esm2,-35.3535473297145,-49.9862609362267,14.9160085438374,standard,75-100 cm,35.4-50 cm
OregonState,min,SHM,WoNT1-1,WoNT1-1-1,1,esm1,0,-4.8,17.82144,standard,0-10 cm,0-4.8 cm
OregonState,min,SHM,WoNT1-1,WoNT1-1-1,1,esm2,0,-4.84203532404842,17.9575863747971,standard,0-10 cm,0-4.8 cm
OregonState,min,SHM,WoNT1-1,WoNT1-1-2,2,esm1,-4.8,-16.5,33.2741199999999,standard,10-30 cm,4.8-16.5 cm
OregonState,min,SHM,WoNT1-1,WoNT1-1-2,2,esm2,-4.84203532404842,-16.5428786437553,39.0549361251948,standard,10-30 cm,4.8-16.5 cm
OregonState,min,SHM,WoNT1-1,WoNT1-1-3,3,esm1,-16.5,-26.3,20.5784320000001,standard,30-50 cm,16.5-26.3 cm
OregonState,min,SHM,WoNT1-1,WoNT1-1-3,3,esm2,-16.5428786437553,-26.3235366066536,19.2519232277178,standard,30-50 cm,16.5-26.3 cm
OregonState,min,SHM,WoNT1-1,WoNT1-1-4,4,esm1,-26.3,-40,22.0730780000004,standard,50-75 cm,26.3-40 cm
OregonState,min,SHM,WoNT1-1,WoNT1-1-4,4,esm2,-26.3235366066536,-40.0777950572991,18.7821596085443,standard,50-75 cm,26.3-40.1 cm
OregonState,min,SHM,WoNT1-1,WoNT1-1-5,5,esm1,-40,-55.7,17.952165,standard,75-100 cm,40-55.7 cm
OregonState,min,SHM,WoNT1-1,WoNT1-1-5,5,esm2,-40.0777950572991,-56.0619430263352,19.2392648723743,standard,75-100 cm,40.1-56.1 cm
OregonState,min,SHM,WoNT1-2,WoNT1-2-1,1,esm1,0,-4.8,16.7328,standard,0-10 cm,0-4.8 cm
OregonState,min,SHM,WoNT1-2,WoNT1-2-1,1,esm2,0,-4.84203532404842,16.8320934909485,standard,0-10 cm,0-4.8 cm
OregonState,min,SHM,WoNT1-2,WoNT1-2-2,2,esm1,-4.8,-16.5,31.1858799999998,standard,10-30 cm,4.8-16.5 cm
OregonState,min,SHM,WoNT1-2,WoNT1-2-2,2,esm2,-4.84203532404842,-16.5428786437553,38.4240063097476,standard,10-30 cm,4.8-16.5 cm
OregonState,min,SHM,WoNT1-2,WoNT1-2-3,3,esm1,-16.5,-26.3,17.2197759999998,standard,30-50 cm,16.5-26.3 cm
OregonState,min,SHM,WoNT1-2,WoNT1-2-3,3,esm2,-16.5428786437553,-26.3235366066536,15.4829361361464,standard,30-50 cm,16.5-26.3 cm
OregonState,min,SHM,WoNT1-2,WoNT1-2-4,4,esm1,-26.3,-40,17.2915040000003,standard,50-75 cm,26.3-40 cm
OregonState,min,SHM,WoNT1-2,WoNT1-2-4,4,esm2,-26.3235366066536,-40.0777950572991,12.1209585292465,standard,50-75 cm,26.3-40.1 cm
OregonState,min,SHM,WoNT1-2,WoNT1-2-5,5,esm1,-40,-55.7,12.3778799999999,standard,75-100 cm,40-55.7 cm
OregonState,min,SHM,WoNT1-2,WoNT1-2-5,5,esm2,-40.0777950572991,-56.0619430263352,12.9456398593465,standard,75-100 cm,40.1-56.1 cm
OregonState,min,SHM,WoNT1-3,WoNT1-3-1,1,esm1,0,-4.8,16.272,standard,0-10 cm,0-4.8 cm
OregonState,min,SHM,WoNT1-3,WoNT1-3-1,1,esm2,0,-4.84203532404842,16.4344812225478,standard,0-10 cm,0-4.8 cm
OregonState,min,SHM,WoNT1-3,WoNT1-3-2,2,esm1,-4.8,-16.5,29.1876400000001,standard,10-30 cm,4.8-16.5 cm
OregonState,min,SHM,WoNT1-3,WoNT1-3-2,2,esm2,-4.84203532404842,-16.5428786437553,33.0045340925468,standard,10-30 cm,4.8-16.5 cm
OregonState,min,SHM,WoNT1-3,WoNT1-3-3,3,esm1,-16.5,-26.3,19.7387680000001,standard,30-50 cm,16.5-26.3 cm
OregonState,min,SHM,WoNT1-3,WoNT1-3-3,3,esm2,-16.5428786437553,-26.3235366066536,19.4261937786325,standard,30-50 cm,16.5-26.3 cm
OregonState,min,SHM,WoNT1-3,WoNT1-3-4,4,esm1,-26.3,-40,19.0042219999996,standard,50-75 cm,26.3-40 cm
OregonState,min,SHM,WoNT1-3,WoNT1-3-4,4,esm2,-26.3235366066536,-40.0777950572991,17.9806413181217,standard,50-75 cm,26.3-40.1 cm
OregonState,min,SHM,WoNT1-3,WoNT1-3-5,5,esm1,-40,-55.7,12.3566849999999,standard,75-100 cm,40-55.7 cm
OregonState,min,SHM,WoNT1-3,WoNT1-3-5,5,esm2,-40.0777950572991,-56.0619430263352,12.7710882827843,standard,75-100 cm,40.1-56.1 cm
OregonState,min,SHM,WoNT2-1,WoNT2-1-1,1,esm1,0,-4.8,16.102128,standard,0-10 cm,0-4.8 cm
OregonState,min,SHM,WoNT2-1,WoNT2-1-1,1,esm2,0,-4.88581558051404,16.4119042030856,standard,0-10 cm,0-4.9 cm
OregonState,min,SHM,WoNT2-1,WoNT2-1-2,2,esm1,-4.8,-15.5,29.8110219999998,standard,10-30 cm,4.8-15.5 cm
OregonState,min,SHM,WoNT2-1,WoNT2-1-2,2,esm2,-4.88581558051404,-15.5726629855846,31.1596923931488,standard,10-30 cm,4.9-15.6 cm
OregonState,min,SHM,WoNT2-1,WoNT2-1-3,3,esm1,-15.5,-24.4,23.0420999999997,standard,30-50 cm,15.5-24.4 cm
OregonState,min,SHM,WoNT2-1,WoNT2-1-3,3,esm2,-15.5726629855846,-24.4182775026984,23.806096906975,standard,30-50 cm,15.6-24.4 cm
OregonState,min,SHM,WoNT2-1,WoNT2-1-4,4,esm1,-24.4,-37,27.9561599999997,standard,50-75 cm,24.4-37 cm
OregonState,min,SHM,WoNT2-1,WoNT2-1-4,4,esm2,-24.4182775026984,-36.9394331534339,27.5158080175888,standard,50-75 cm,24.4-36.9 cm
OregonState,min,SHM,WoNT2-1,WoNT2-1-5,5,esm1,-37,-52.1,21.4826189999998,standard,75-100 cm,37-52.1 cm
OregonState,min,SHM,WoNT2-1,WoNT2-1-5,5,esm2,-36.9394331534339,-51.9712761553455,22.3792879188347,standard,75-100 cm,36.9-52 cm
OregonState,min,SHM,WoNT2-2,WoNT2-2-1,1,esm1,0,-4.8,12.977664,standard,0-10 cm,0-4.8 cm
OregonState,min,SHM,WoNT2-2,WoNT2-2-1,1,esm2,0,-4.88581558051404,13.1846939088427,standard,0-10 cm,0-4.9 cm
OregonState,min,SHM,WoNT2-2,WoNT2-2-2,2,esm1,-4.8,-15.5,30.9062360000002,standard,10-30 cm,4.8-15.5 cm
OregonState,min,SHM,WoNT2-2,WoNT2-2-2,2,esm2,-4.88581558051404,-15.5726629855846,33.179592479878,standard,10-30 cm,4.9-15.6 cm
OregonState,min,SHM,WoNT2-2,WoNT2-2-3,3,esm1,-15.5,-24.4,24.0300000000002,standard,30-50 cm,15.5-24.4 cm
OregonState,min,SHM,WoNT2-2,WoNT2-2-3,3,esm2,-15.5726629855846,-24.4182775026984,25.0013438622933,standard,30-50 cm,15.6-24.4 cm
OregonState,min,SHM,WoNT2-2,WoNT2-2-4,4,esm1,-24.4,-37,28.1606399999995,standard,50-75 cm,24.4-37 cm
OregonState,min,SHM,WoNT2-2,WoNT2-2-4,4,esm2,-24.4182775026984,-36.9394331534339,27.0348606607472,standard,50-75 cm,24.4-36.9 cm
OregonState,min,SHM,WoNT2-2,WoNT2-2-5,5,esm1,-37,-52.1,18.6509159999993,standard,75-100 cm,37-52.1 cm
OregonState,min,SHM,WoNT2-2,WoNT2-2-5,5,esm2,-36.9394331534339,-51.9712761553455,19.5412532335045,standard,75-100 cm,36.9-52 cm
OregonState,min,SHM,WoNT2-3,WoNT2-3-1,1,esm1,0,-4.8,13.720224,standard,0-10 cm,0-4.8 cm
OregonState,min,SHM,WoNT2-3,WoNT2-3-1,1,esm2,0,-4.88581558051404,14.0171062838001,standard,0-10 cm,0-4.9 cm
OregonState,min,SHM,WoNT2-3,WoNT2-3-2,2,esm1,-4.8,-15.5,25.7622259999999,standard,10-30 cm,4.8-15.5 cm
OregonState,min,SHM,WoNT2-3,WoNT2-3-2,2,esm2,-4.88581558051404,-15.5726629855846,24.1802003188635,standard,10-30 cm,4.9-15.6 cm
OregonState,min,SHM,WoNT2-3,WoNT2-3-3,3,esm1,-15.5,-24.4,23.7896999999999,standard,30-50 cm,15.5-24.4 cm
OregonState,min,SHM,WoNT2-3,WoNT2-3-3,3,esm2,-15.5726629855846,-24.4182775026984,25.2628359839288,standard,30-50 cm,15.6-24.4 cm
OregonState,min,SHM,WoNT2-3,WoNT2-3-4,4,esm1,-24.4,-37,28.2442800000004,standard,50-75 cm,24.4-37 cm
OregonState,min,SHM,WoNT2-3,WoNT2-3-4,4,esm2,-24.4182775026984,-36.9394331534339,31.0350277533982,standard,50-75 cm,24.4-36.9 cm
OregonState,min,SHM,WoNT2-3,WoNT2-3-5,5,esm1,-37,-52.1,19.8432119999996,standard,75-100 cm,37-52.1 cm
OregonState,min,SHM,WoNT2-3,WoNT2-3-5,5,esm2,-36.9394331534339,-51.9712761553455,20.5601090003353,standard,75-100 cm,36.9-52 cm
OregonState,min,SHM,WoNT3-1,WoNT3-1-1,1,esm1,0,-4.9,17.760834,standard,0-10 cm,0-4.9 cm
OregonState,min,SHM,WoNT3-1,WoNT3-1-1,1,esm2,0,-4.96060682983324,17.9924594904306,standard,0-10 cm,0-5 cm
OregonState,min,SHM,WoNT3-1,WoNT3-1-2,2,esm1,-4.9,-16.5,30.064406,standard,10-30 cm,4.9-16.5 cm
OregonState,min,SHM,WoNT3-1,WoNT3-1-2,2,esm2,-4.96060682983324,-16.5759013001578,31.0681242309698,standard,10-30 cm,5-16.6 cm
OregonState,min,SHM,WoNT3-1,WoNT3-1-3,3,esm1,-16.5,-26,13.8094200000002,standard,30-50 cm,16.5-26 cm
OregonState,min,SHM,WoNT3-1,WoNT3-1-3,3,esm2,-16.5759013001578,-26.285736982511,18.0714548406201,standard,30-50 cm,16.6-26.3 cm
OregonState,min,SHM,WoNT3-1,WoNT3-1-4,4,esm1,-26,-38.6,9.1060200000004,standard,50-75 cm,26-38.6 cm
OregonState,min,SHM,WoNT3-1,WoNT3-1-4,4,esm2,-26.285736982511,-39.1954006471939,15.5470981630443,standard,50-75 cm,26.3-39.2 cm
OregonState,min,SHM,WoNT3-1,WoNT3-1-5,5,esm1,-38.6,-53.2,10.5514200000005,standard,75-100 cm,38.6-53.2 cm
OregonState,min,SHM,WoNT3-1,WoNT3-1-5,5,esm2,-39.1954006471939,-53.5736311943597,8.11927796125906,standard,75-100 cm,39.2-53.6 cm
OregonState,min,SHM,WoNT3-2,WoNT3-2-1,1,esm1,0,-4.9,16.929549,standard,0-10 cm,0-4.9 cm
OregonState,min,SHM,WoNT3-2,WoNT3-2-1,1,esm2,0,-4.96060682983324,17.1534167355806,standard,0-10 cm,0-5 cm
OregonState,min,SHM,WoNT3-2,WoNT3-2-2,2,esm1,-4.9,-16.5,29.3550010000001,standard,10-30 cm,4.9-16.5 cm
OregonState,min,SHM,WoNT3-2,WoNT3-2-2,2,esm2,-4.96060682983324,-16.5759013001578,29.9801814494053,standard,10-30 cm,5-16.6 cm
OregonState,min,SHM,WoNT3-2,WoNT3-2-3,3,esm1,-16.5,-26,14.8393,standard,30-50 cm,16.5-26 cm
OregonState,min,SHM,WoNT3-2,WoNT3-2-3,3,esm2,-16.5759013001578,-26.285736982511,19.6686441964222,standard,30-50 cm,16.6-26.3 cm
OregonState,min,SHM,WoNT3-2,WoNT3-2-4,4,esm1,-26,-38.6,10.9456200000003,standard,50-75 cm,26-38.6 cm
OregonState,min,SHM,WoNT3-2,WoNT3-2-4,4,esm2,-26.285736982511,-39.1954006471939,17.722819726111,standard,50-75 cm,26.3-39.2 cm
OregonState,min,SHM,WoNT3-2,WoNT3-2-5,5,esm1,-38.6,-53.2,12.6830200000007,standard,75-100 cm,38.6-53.2 cm
OregonState,min,SHM,WoNT3-2,WoNT3-2-5,5,esm2,-39.1954006471939,-53.5736311943597,10.2981511476543,standard,75-100 cm,39.2-53.6 cm
OregonState,min,SHM,WoNT3-3,WoNT3-3-1,1,esm1,0,-4.9,14.573286,standard,0-10 cm,0-4.9 cm
OregonState,min,SHM,WoNT3-3,WoNT3-3-1,1,esm2,0,-4.96060682983324,14.7556099546974,standard,0-10 cm,0-5 cm
OregonState,min,SHM,WoNT3-3,WoNT3-3-2,2,esm1,-4.9,-16.5,26.9302540000001,standard,10-30 cm,4.9-16.5 cm
OregonState,min,SHM,WoNT3-3,WoNT3-3-2,2,esm2,-4.96060682983324,-16.5759013001578,27.9704548881502,standard,10-30 cm,5-16.6 cm
OregonState,min,SHM,WoNT3-3,WoNT3-3-3,3,esm1,-16.5,-26,13.8090200000001,standard,30-50 cm,16.5-26 cm
OregonState,min,SHM,WoNT3-3,WoNT3-3-3,3,esm2,-16.5759013001578,-26.285736982511,15.9882336880281,standard,30-50 cm,16.6-26.3 cm
OregonState,min,SHM,WoNT3-3,WoNT3-3-4,4,esm1,-26,-38.6,12.343716,standard,50-75 cm,26-38.6 cm
OregonState,min,SHM,WoNT3-3,WoNT3-3-4,4,esm2,-26.285736982511,-39.1954006471939,16.8727212417873,standard,50-75 cm,26.3-39.2 cm
OregonState,min,SHM,WoNT3-3,WoNT3-3-5,5,esm1,-38.6,-53.2,14.3030359999999,standard,75-100 cm,38.6-53.2 cm
OregonState,min,SHM,WoNT3-3,WoNT3-3-5,5,esm2,-39.1954006471939,-53.5736311943597,13.3561106663779,standard,75-100 cm,39.2-53.6 cm
TexasA&MPt-1,min,BAU,CVT-1-1,CVT-1-1-1,1,esm1,0,-5.2,0.867000000000001,standard,0-10 cm,0-5.2 cm
TexasA&MPt-1,min,BAU,CVT-1-1,CVT-1-1-1,1,esm2,0,-5.22238487632997,0.869767962139468,standard,0-10 cm,0-5.2 cm
TexasA&MPt-1,min,BAU,CVT-1-1,CVT-1-1-2,2,esm1,-5.2,-17.1,2.55400999999999,standard,10-30 cm,5.2-17.1 cm
TexasA&MPt-1,min,BAU,CVT-1-1,CVT-1-1-2,2,esm2,-5.22238487632997,-17.965306240876,2.44330786630288,standard,10-30 cm,5.2-18 cm
TexasA&MPt-1,min,BAU,CVT-1-1,CVT-1-1-3,3,esm1,-17.1,-26.4,2.26082999999998,standard,30-50 cm,17.1-26.4 cm
TexasA&MPt-1,min,BAU,CVT-1-1,CVT-1-1-3,3,esm2,-17.965306240876,-27.1158302347333,2.2783371775118,standard,30-50 cm,18-27.1 cm
TexasA&MPt-1,min,BAU,CVT-1-1,CVT-1-1-4,4,esm1,-26.4,-39.3,3.1433,standard,50-75 cm,26.4-39.3 cm
TexasA&MPt-1,min,BAU,CVT-1-1,CVT-1-1-4,4,esm2,-27.1158302347333,-39.1216717170182,3.32021578557682,standard,50-75 cm,27.1-39.1 cm
TexasA&MPt-1,min,BAU,CVT-1-1,CVT-1-1-5,5,esm1,-39.3,-54.1,3.62304000000007,standard,75-100 cm,39.3-54.1 cm
TexasA&MPt-1,min,BAU,CVT-1-1,CVT-1-1-5,5,esm2,-39.1216717170182,-53.6169690682805,3.81721748166123,standard,75-100 cm,39.1-53.6 cm
TexasA&MPt-1,min,BAU,CVT-1-2,CVT-1-2-1,1,esm1,0,-5.1,1.04165,standard,0-10 cm,0-5.1 cm
TexasA&MPt-1,min,BAU,CVT-1-2,CVT-1-2-1,1,esm2,0,-5.11493294401804,1.04352252223473,standard,0-10 cm,0-5.1 cm
TexasA&MPt-1,min,BAU,CVT-1-2,CVT-1-2-2,2,esm1,-5.1,-16.3,2.40737,standard,10-30 cm,5.1-16.3 cm
TexasA&MPt-1,min,BAU,CVT-1-2,CVT-1-2-2,2,esm2,-5.11493294401804,-15.9920051335671,2.47261271954903,standard,10-30 cm,5.1-16 cm
TexasA&MPt-1,min,BAU,CVT-1-2,CVT-1-2-3,3,esm1,-16.3,-26.1,1.86592000000003,standard,30-50 cm,16.3-26.1 cm
TexasA&MPt-1,min,BAU,CVT-1-2,CVT-1-2-3,3,esm2,-15.9920051335671,-25.9750115270031,1.76042335903123,standard,30-50 cm,16-26 cm
TexasA&MPt-1,min,BAU,CVT-1-2,CVT-1-2-4,4,esm1,-26.1,-39.1,3.02050000000002,standard,50-75 cm,26.1-39.1 cm
TexasA&MPt-1,min,BAU,CVT-1-2,CVT-1-2-4,4,esm2,-25.9750115270031,-39.588511761751,2.83098548459687,standard,50-75 cm,26-39.6 cm
TexasA&MPt-1,min,BAU,CVT-1-2,CVT-1-2-5,5,esm1,-39.1,-52.9,4.46291999999994,standard,75-100 cm,39.1-52.9 cm
TexasA&MPt-1,min,BAU,CVT-1-2,CVT-1-2-5,5,esm2,-39.588511761751,-53.687281202722,4.35871745476065,standard,75-100 cm,39.6-53.7 cm
TexasA&MPt-1,min,BAU,CVT-1-3,CVT-1-3-1,1,esm1,0,-3.3,1.19196,standard,0-10 cm,0-3.3 cm
TexasA&MPt-1,min,BAU,CVT-1-3,CVT-1-3-1,1,esm2,0,-2.80276387986832,1.27698222527654,standard,0-10 cm,0-2.8 cm
TexasA&MPt-1,min,BAU,CVT-1-3,CVT-1-3-2,2,esm1,-3.3,-14.7,2.78544999999999,standard,10-30 cm,3.3-14.7 cm
TexasA&MPt-1,min,BAU,CVT-1-3,CVT-1-3-2,2,esm2,-2.80276387986832,-16.4599745818224,2.70607932327917,standard,10-30 cm,2.8-16.5 cm
TexasA&MPt-1,min,BAU,CVT-1-3,CVT-1-3-3,3,esm1,-14.7,-23.1,2.27051999999999,standard,30-50 cm,14.7-23.1 cm
TexasA&MPt-1,min,BAU,CVT-1-3,CVT-1-3-3,3,esm2,-16.4599745818224,-25.1681901614163,2.29341034819561,standard,30-50 cm,16.5-25.2 cm
TexasA&MPt-1,min,BAU,CVT-1-3,CVT-1-3-4,4,esm1,-23.1,-34.8,3.16250999999999,standard,50-75 cm,23.1-34.8 cm
TexasA&MPt-1,min,BAU,CVT-1-3,CVT-1-3-4,4,esm2,-25.1681901614163,-34.8345889778506,3.1366142046716,standard,50-75 cm,25.2-34.8 cm
TexasA&MPt-1,min,BAU,CVT-1-3,CVT-1-3-5,5,esm1,-34.8,-48.5,3.19281000000012,standard,75-100 cm,34.8-48.5 cm
TexasA&MPt-1,min,BAU,CVT-1-3,CVT-1-3-5,5,esm2,-34.8345889778506,-47.2620679067778,3.35104123503184,standard,75-100 cm,34.8-47.3 cm
TexasA&MPt-1,min,BAU,CVT-2-1,CVT-2-1-1,1,esm1,0,-4,1.2584,standard,0-10 cm,0-4 cm
TexasA&MPt-1,min,BAU,CVT-2-1,CVT-2-1-1,1,esm2,0,-3.8621652298211,1.27480630568869,standard,0-10 cm,0-3.9 cm
TexasA&MPt-1,min,BAU,CVT-2-1,CVT-2-1-2,2,esm1,-4,-16.1,3.2716,standard,10-30 cm,4-16.1 cm
TexasA&MPt-1,min,BAU,CVT-2-1,CVT-2-1-2,2,esm2,-3.8621652298211,-17.4618643945175,3.38018864398353,standard,10-30 cm,3.9-17.5 cm
TexasA&MPt-1,min,BAU,CVT-2-1,CVT-2-1-3,3,esm1,-16.1,-25.3,2.66799999999999,standard,30-50 cm,16.1-25.3 cm
TexasA&MPt-1,min,BAU,CVT-2-1,CVT-2-1-3,3,esm2,-17.4618643945175,-26.5008426333495,2.67590810949616,standard,30-50 cm,17.5-26.5 cm
TexasA&MPt-1,min,BAU,CVT-2-1,CVT-2-1-4,4,esm1,-25.3,-38.1,3.61094000000002,standard,50-75 cm,25.3-38.1 cm
TexasA&MPt-1,min,BAU,CVT-2-1,CVT-2-1-4,4,esm2,-26.5008426333495,-37.8755106217954,3.53930925866748,standard,50-75 cm,26.5-37.9 cm
TexasA&MPt-1,min,BAU,CVT-2-1,CVT-2-1-5,5,esm1,-38.1,-53,3.83526000000011,standard,75-100 cm,38.1-53 cm
TexasA&MPt-1,min,BAU,CVT-2-1,CVT-2-1-5,5,esm2,-37.8755106217954,-52.4543283259749,3.95955139482125,standard,75-100 cm,37.9-52.5 cm
TexasA&MPt-1,min,BAU,CVT-2-2,CVT-2-2-1,1,esm1,0,-5.7,1.16095,standard,0-10 cm,0-5.7 cm
TexasA&MPt-1,min,BAU,CVT-2-2,CVT-2-2-1,1,esm2,0,-5.92112602621183,1.18886539900298,standard,0-10 cm,0-5.9 cm
TexasA&MPt-1,min,BAU,CVT-2-2,CVT-2-2-2,2,esm1,-5.7,-17,2.75844999999999,standard,10-30 cm,5.7-17 cm
TexasA&MPt-1,min,BAU,CVT-2-2,CVT-2-2-2,2,esm2,-5.92112602621183,-16.0515059632052,2.65505793781378,standard,10-30 cm,5.9-16.1 cm
TexasA&MPt-1,min,BAU,CVT-2-2,CVT-2-2-3,3,esm1,-17,-27.3,2.39166000000002,standard,30-50 cm,17-27.3 cm
TexasA&MPt-1,min,BAU,CVT-2-2,CVT-2-2-3,3,esm2,-16.0515059632052,-26.7543403163812,2.43041292063943,standard,30-50 cm,16.1-26.8 cm
TexasA&MPt-1,min,BAU,CVT-2-2,CVT-2-2-4,4,esm1,-27.3,-41.3,3.25520999999998,standard,50-75 cm,27.3-41.3 cm
TexasA&MPt-1,min,BAU,CVT-2-2,CVT-2-2-4,4,esm2,-26.7543403163812,-41.9739805840563,3.41842358133964,standard,50-75 cm,26.8-42 cm
TexasA&MPt-1,min,BAU,CVT-2-2,CVT-2-2-5,5,esm1,-41.3,-56.8,3.6099499999999,standard,75-100 cm,41.3-56.8 cm
TexasA&MPt-1,min,BAU,CVT-2-2,CVT-2-2-5,5,esm2,-41.9739805840563,-57.7408602567448,3.74486378946653,standard,75-100 cm,42-57.7 cm
TexasA&MPt-1,min,BAU,CVT-2-3,CVT-2-3-1,1,esm1,0,-5.3,1.35618,standard,0-10 cm,0-5.3 cm
TexasA&MPt-1,min,BAU,CVT-2-3,CVT-2-3-1,1,esm2,0,-5.35336385228975,1.37355392757477,standard,0-10 cm,0-5.4 cm
TexasA&MPt-1,min,BAU,CVT-2-3,CVT-2-3-2,2,esm1,-5.3,-16.9,2.76856000000001,standard,10-30 cm,5.3-16.9 cm
TexasA&MPt-1,min,BAU,CVT-2-3,CVT-2-3-2,2,esm2,-5.35336385228975,-17.7377793337068,2.6414542450797,standard,10-30 cm,5.4-17.7 cm
TexasA&MPt-1,min,BAU,CVT-2-3,CVT-2-3-3,3,esm1,-16.9,-26,2.40786000000001,standard,30-50 cm,16.9-26 cm
TexasA&MPt-1,min,BAU,CVT-2-3,CVT-2-3-3,3,esm2,-17.7377793337068,-26.7024267127299,2.43473789297979,standard,30-50 cm,17.7-26.7 cm
TexasA&MPt-1,min,BAU,CVT-2-3,CVT-2-3-4,4,esm1,-26,-38.4,3.32388000000003,standard,50-75 cm,26-38.4 cm
TexasA&MPt-1,min,BAU,CVT-2-3,CVT-2-3-4,4,esm2,-26.7024267127299,-38.3294809920242,3.43096317178264,standard,50-75 cm,26.7-38.3 cm
TexasA&MPt-1,min,BAU,CVT-2-3,CVT-2-3-5,5,esm1,-38.4,-52.2,3.82536000000006,standard,75-100 cm,38.4-52.2 cm
TexasA&MPt-1,min,BAU,CVT-2-3,CVT-2-3-5,5,esm2,-38.3294809920242,-52.0121967676527,3.78328286822871,standard,75-100 cm,38.3-52 cm
TexasA&MPt-1,min,BAU,CVT-3-1,CVT-3-1-1,1,esm1,0,-3.9,1.09668,standard,0-10 cm,0-3.9 cm
TexasA&MPt-1,min,BAU,CVT-3-1,CVT-3-1-1,1,esm2,0,-4.07388316767008,1.1146606251953,standard,0-10 cm,0-4.1 cm
TexasA&MPt-1,min,BAU,CVT-3-1,CVT-3-1-2,2,esm1,-3.9,-12.7,2.97386,standard,10-30 cm,3.9-12.7 cm
TexasA&MPt-1,min,BAU,CVT-3-1,CVT-3-1-2,2,esm2,-4.07388316767008,-12.1503871530897,2.90117332600332,standard,10-30 cm,4.1-12.2 cm
TexasA&MPt-1,min,BAU,CVT-3-1,CVT-3-1-3,3,esm1,-12.7,-22.2,2.94689999999998,standard,30-50 cm,12.7-22.2 cm
TexasA&MPt-1,min,BAU,CVT-3-1,CVT-3-1-3,3,esm2,-12.1503871530897,-21.1103274617008,2.96792496364816,standard,30-50 cm,12.2-21.1 cm
TexasA&MPt-1,min,BAU,CVT-3-1,CVT-3-1-4,4,esm1,-22.2,-35.3,4.02710999999998,standard,50-75 cm,22.2-35.3 cm
TexasA&MPt-1,min,BAU,CVT-3-1,CVT-3-1-4,4,esm2,-21.1103274617008,-35.4123466467894,4.11221055858704,standard,50-75 cm,21.1-35.4 cm
TexasA&MPt-1,min,BAU,CVT-3-1,CVT-3-1-5,5,esm1,-35.3,-50,2.77095000000007,standard,75-100 cm,35.3-50 cm
TexasA&MPt-1,min,BAU,CVT-3-1,CVT-3-1-5,5,esm2,-35.4123466467894,-50.8425100251825,3.52430793036871,standard,75-100 cm,35.4-50.8 cm
TexasA&MPt-1,min,BAU,CVT-3-2,CVT-3-2-1,1,esm1,0,-5.1,1.77131,standard,0-10 cm,0-5.1 cm
TexasA&MPt-1,min,BAU,CVT-3-2,CVT-3-2-1,1,esm2,0,-5.18687654725176,1.80175039695864,standard,0-10 cm,0-5.2 cm
TexasA&MPt-1,min,BAU,CVT-3-2,CVT-3-2-2,2,esm1,-5.1,-16.8,4.03402999999999,standard,10-30 cm,5.1-16.8 cm
TexasA&MPt-1,min,BAU,CVT-3-2,CVT-3-2-2,2,esm2,-5.18687654725176,-18.4219843481847,4.61603525421131,standard,10-30 cm,5.2-18.4 cm
TexasA&MPt-1,min,BAU,CVT-3-2,CVT-3-2-3,3,esm1,-16.8,-25.5,2.94755999999999,standard,30-50 cm,16.8-25.5 cm
TexasA&MPt-1,min,BAU,CVT-3-2,CVT-3-2-3,3,esm2,-18.4219843481847,-26.8165925585624,2.81028883586918,standard,30-50 cm,18.4-26.8 cm
TexasA&MPt-1,min,BAU,CVT-3-2,CVT-3-2-4,4,esm1,-25.5,-37.6,4.07088000000001,standard,50-75 cm,25.5-37.6 cm
TexasA&MPt-1,min,BAU,CVT-3-2,CVT-3-2-4,4,esm2,-26.8165925585624,-37.2701103251728,3.52734862438346,standard,50-75 cm,26.8-37.3 cm
TexasA&MPt-1,min,BAU,CVT-3-2,CVT-3-2-5,5,esm1,-37.6,-51.8,4.65476000000002,standard,75-100 cm,37.6-51.8 cm
TexasA&MPt-1,min,BAU,CVT-3-2,CVT-3-2-5,5,esm2,-37.2701103251728,-50.8674731984796,4.7647639183302,standard,75-100 cm,37.3-50.9 cm
TexasA&MPt-1,min,BAU,CVT-3-3,CVT-3-3-1,1,esm1,0,-3.8,1.1552,standard,0-10 cm,0-3.8 cm
TexasA&MPt-1,min,BAU,CVT-3-3,CVT-3-3-1,1,esm2,0,-3.63477722623238,0.976337192677769,standard,0-10 cm,0-3.6 cm
TexasA&MPt-1,min,BAU,CVT-3-3,CVT-3-3-2,2,esm1,-3.8,-15,3.92929999999999,standard,10-30 cm,3.8-15 cm
TexasA&MPt-1,min,BAU,CVT-3-3,CVT-3-3-2,2,esm2,-3.63477722623238,-15.966780781562,5.12695833424986,standard,10-30 cm,3.6-16 cm
TexasA&MPt-1,min,BAU,CVT-3-3,CVT-3-3-3,3,esm1,-15,-23.5,2.25419999999997,standard,30-50 cm,15-23.5 cm
TexasA&MPt-1,min,BAU,CVT-3-3,CVT-3-3-3,3,esm2,-15.966780781562,-24.5460259510968,2.30188795404197,standard,30-50 cm,16-24.5 cm
TexasA&MPt-1,min,BAU,CVT-3-3,CVT-3-3-4,4,esm1,-23.5,-35.4,3.17387999999996,standard,50-75 cm,23.5-35.4 cm
TexasA&MPt-1,min,BAU,CVT-3-3,CVT-3-3-4,4,esm2,-24.5460259510968,-35.4202543905025,2.07666456403044,standard,50-75 cm,24.5-35.4 cm
TexasA&MPt-1,min,BAU,CVT-3-3,CVT-3-3-5,5,esm1,-35.4,-50.5,4.68401999999997,standard,75-100 cm,35.4-50.5 cm
TexasA&MPt-1,min,BAU,CVT-3-3,CVT-3-3-5,5,esm2,-35.4202543905025,-49.6006675788304,4.041540783996,standard,75-100 cm,35.4-49.6 cm
TexasA&MPt-1,min,Ref,NAT-1-1,NAT-1-1-1,1,esm1,0,-3.7,3.07692,standard,0-10 cm,0-3.7 cm
TexasA&MPt-1,min,Ref,NAT-1-1,NAT-1-1-1,1,esm2,0,-3.77874082848812,3.36219885098942,standard,0-10 cm,0-3.8 cm
TexasA&MPt-1,min,Ref,NAT-1-1,NAT-1-1-2,2,esm1,-3.7,-13.5,4.26888,standard,10-30 cm,3.7-13.5 cm
TexasA&MPt-1,min,Ref,NAT-1-1,NAT-1-1-2,2,esm2,-3.77874082848812,-13.6535167553392,4.18721050959183,standard,10-30 cm,3.8-13.7 cm
TexasA&MPt-1,min,Ref,NAT-1-1,NAT-1-1-3,3,esm1,-13.5,-21.7,2.28615999999997,standard,30-50 cm,13.5-21.7 cm
TexasA&MPt-1,min,Ref,NAT-1-1,NAT-1-1-3,3,esm2,-13.6535167553392,-21.7898115249317,2.21477787024796,standard,30-50 cm,13.7-21.8 cm
TexasA&MPt-1,min,Ref,NAT-1-1,NAT-1-1-4,4,esm1,-21.7,-33,3.46603999999995,standard,50-75 cm,21.7-33 cm
TexasA&MPt-1,min,Ref,NAT-1-1,NAT-1-1-4,4,esm2,-21.7898115249317,-33.0108886801579,3.09379665990495,standard,50-75 cm,21.8-33 cm
TexasA&MPt-1,min,Ref,NAT-1-1,NAT-1-1-5,5,esm1,-33,-46.3,5.10719999999991,standard,75-100 cm,33-46.3 cm
TexasA&MPt-1,min,Ref,NAT-1-1,NAT-1-1-5,5,esm2,-33.0108886801579,-46.1660208242863,4.71414797721696,standard,75-100 cm,33-46.2 cm
TexasA&MPt-1,min,Ref,NAT-2-2,NAT-2-2-1,1,esm1,0,-3.5,2.3961,standard,0-10 cm,0-3.5 cm
TexasA&MPt-1,min,Ref,NAT-2-2,NAT-2-2-1,1,esm2,0,-3.63274012740553,2.61207114386704,standard,0-10 cm,0-3.6 cm
TexasA&MPt-1,min,Ref,NAT-2-2,NAT-2-2-2,2,esm1,-3.5,-13.7,4.01021999999998,standard,10-30 cm,3.5-13.7 cm
TexasA&MPt-1,min,Ref,NAT-2-2,NAT-2-2-2,2,esm2,-3.63274012740553,-13.3002414965176,3.89042033592196,standard,10-30 cm,3.6-13.3 cm
TexasA&MPt-1,min,Ref,NAT-2-2,NAT-2-2-3,3,esm1,-13.7,-24.2,2.40029999999997,standard,30-50 cm,13.7-24.2 cm
TexasA&MPt-1,min,Ref,NAT-2-2,NAT-2-2-3,3,esm2,-13.3002414965176,-24.042774488533,2.34806036845098,standard,30-50 cm,13.3-24 cm
TexasA&MPt-1,min,Ref,NAT-2-2,NAT-2-2-4,4,esm1,-24.2,-36.6,4.13088000000001,standard,50-75 cm,24.2-36.6 cm
TexasA&MPt-1,min,Ref,NAT-2-2,NAT-2-2-4,4,esm2,-24.042774488533,-38.2770842812835,3.50654896157305,standard,50-75 cm,24-38.3 cm
TexasA&MPt-1,min,Ref,NAT-2-2,NAT-2-2-5,5,esm1,-36.6,-49.1,5.31250000000005,standard,75-100 cm,36.6-49.1 cm
TexasA&MPt-1,min,Ref,NAT-2-2,NAT-2-2-5,5,esm2,-38.2770842812835,-51.2816079394387,4.97426547692547,standard,75-100 cm,38.3-51.3 cm
TexasA&MPt-1,min,Ref,NAT-3-3,NAT-3-3-1,1,esm1,0,-3.1,2.94996,standard,0-10 cm,0-3.1 cm
TexasA&MPt-1,min,Ref,NAT-3-3,NAT-3-3-1,1,esm2,0,-2.99231140343991,3.33948912861735,standard,0-10 cm,0-3 cm
TexasA&MPt-1,min,Ref,NAT-3-3,NAT-3-3-2,2,esm1,-3.1,-12.9,5.05026000000001,standard,10-30 cm,3.1-12.9 cm
TexasA&MPt-1,min,Ref,NAT-3-3,NAT-3-3-2,2,esm2,-2.99231140343991,-13.1325003348695,4.87422944133421,standard,10-30 cm,3-13.1 cm
TexasA&MPt-1,min,Ref,NAT-3-3,NAT-3-3-3,3,esm1,-12.9,-21.4,2.82029999999998,standard,30-50 cm,12.9-21.4 cm
TexasA&MPt-1,min,Ref,NAT-3-3,NAT-3-3-3,3,esm2,-13.1325003348695,-21.6598341813918,2.94249573093645,standard,30-50 cm,13.1-21.7 cm
TexasA&MPt-1,min,Ref,NAT-3-3,NAT-3-3-4,4,esm1,-21.4,-33,3.64067999999997,standard,50-75 cm,21.4-33 cm
TexasA&MPt-1,min,Ref,NAT-3-3,NAT-3-3-4,4,esm2,-21.6598341813918,-33.0440072490303,3.35514278919309,standard,50-75 cm,21.7-33 cm
TexasA&MPt-1,min,Ref,NAT-3-3,NAT-3-3-5,5,esm1,-33,-46,3.41120000000007,standard,75-100 cm,33-46 cm
TexasA&MPt-1,min,Ref,NAT-3-3,NAT-3-3-5,5,esm2,-33.0440072490303,-45.9552012287507,3.2513008781208,standard,75-100 cm,33-46 cm
TexasA&MPt-1,min,SHM,NTM-1-1,NTM-1-1-1,1,esm1,0,-4.7,3.98089999999999,standard,0-10 cm,0-4.7 cm
TexasA&MPt-1,min,SHM,NTM-1-1,NTM-1-1-1,1,esm2,0,-4.719487201979,4.09283667432832,standard,0-10 cm,0-4.7 cm
TexasA&MPt-1,min,SHM,NTM-1-1,NTM-1-1-2,2,esm1,-4.7,-17.6,4.0749400000000104,standard,10-30 cm,4.7-17.6 cm
TexasA&MPt-1,min,SHM,NTM-1-1,NTM-1-1-2,2,esm2,-4.719487201979,-20.9418872938265,5.67935960990482,standard,10-30 cm,4.7-20.9 cm
TexasA&MPt-1,min,SHM,NTM-1-1,NTM-1-1-3,3,esm1,-17.6,-26.5,2.12175999999999,standard,30-50 cm,17.6-26.5 cm
TexasA&MPt-1,min,SHM,NTM-1-1,NTM-1-1-3,3,esm2,-20.9418872938265,-28.931236926436,1.72382939276628,standard,30-50 cm,20.9-28.9 cm
TexasA&MPt-1,min,SHM,NTM-1-1,NTM-1-1-4,4,esm1,-26.5,-39.2,2.73199999999999,standard,50-75 cm,26.5-39.2 cm
TexasA&MPt-1,min,SHM,NTM-1-1,NTM-1-1-4,4,esm2,-28.931236926436,-38.2871161134248,1.13417031711023,standard,50-75 cm,28.9-38.3 cm
TexasA&MPt-1,min,SHM,NTM-1-1,NTM-1-1-5,5,esm1,-39.2,-54.4,2.55359999999999,standard,75-100 cm,39.2-54.4 cm
TexasA&MPt-1,min,SHM,NTM-1-1,NTM-1-1-5,5,esm2,-38.2871161134248,-52.7560395883856,2.33985921360527,standard,75-100 cm,38.3-52.8 cm
TexasA&MPt-1,min,SHM,NTM-1-2,NTM-1-2-1,1,esm1,0,-4.4,3.34312,standard,0-10 cm,0-4.4 cm
TexasA&MPt-1,min,SHM,NTM-1-2,NTM-1-2-1,1,esm2,0,-4.46393506925367,3.44430548715836,standard,0-10 cm,0-4.5 cm
TexasA&MPt-1,min,SHM,NTM-1-2,NTM-1-2-2,2,esm1,-4.4,-14.5,4.19538000000003,standard,10-30 cm,4.4-14.5 cm
TexasA&MPt-1,min,SHM,NTM-1-2,NTM-1-2-2,2,esm2,-4.46393506925367,-14.6721721496031,4.88147182725695,standard,10-30 cm,4.5-14.7 cm
TexasA&MPt-1,min,SHM,NTM-1-2,NTM-1-2-3,3,esm1,-14.5,-22.5,1.8479999999999701,standard,30-50 cm,14.5-22.5 cm
TexasA&MPt-1,min,SHM,NTM-1-2,NTM-1-2-3,3,esm2,-14.6721721496031,-22.7609275780596,2.07100472642287,standard,30-50 cm,14.7-22.8 cm
TexasA&MPt-1,min,SHM,NTM-1-2,NTM-1-2-4,4,esm1,-22.5,-33.8,2.61029999999994,standard,50-75 cm,22.5-33.8 cm
TexasA&MPt-1,min,SHM,NTM-1-2,NTM-1-2-4,4,esm2,-22.7609275780596,-33.8108878161915,1.69577174944815,standard,50-75 cm,22.8-33.8 cm
TexasA&MPt-1,min,SHM,NTM-1-2,NTM-1-2-5,5,esm1,-33.8,-47.4,2.96799999999989,standard,75-100 cm,33.8-47.4 cm
TexasA&MPt-1,min,SHM,NTM-1-2,NTM-1-2-5,5,esm2,-33.8108878161915,-47.0324467888395,2.45601244037331,standard,75-100 cm,33.8-47 cm
TexasA&MPt-1,min,SHM,NTM-1-3,NTM-1-3-1,1,esm1,0,-3.6,2.67336,standard,0-10 cm,0-3.6 cm
TexasA&MPt-1,min,SHM,NTM-1-3,NTM-1-3-1,1,esm2,0,-3.48794892603616,2.71349334040695,standard,0-10 cm,0-3.5 cm
TexasA&MPt-1,min,SHM,NTM-1-3,NTM-1-3-2,2,esm1,-3.6,-14.7,4.89072,standard,10-30 cm,3.6-14.7 cm
TexasA&MPt-1,min,SHM,NTM-1-3,NTM-1-3-2,2,esm2,-3.48794892603616,-15.4326178569367,6.1451603252289,standard,10-30 cm,3.5-15.4 cm
TexasA&MPt-1,min,SHM,NTM-1-3,NTM-1-3-3,3,esm1,-14.7,-23.6,1.88146000000006,standard,30-50 cm,14.7-23.6 cm
TexasA&MPt-1,min,SHM,NTM-1-3,NTM-1-3-3,3,esm2,-15.4326178569367,-24.3545364618349,1.94719179298153,standard,30-50 cm,15.4-24.4 cm
TexasA&MPt-1,min,SHM,NTM-1-3,NTM-1-3-4,4,esm1,-23.6,-35.9,2.70102000000009,standard,50-75 cm,23.6-35.9 cm
TexasA&MPt-1,min,SHM,NTM-1-3,NTM-1-3-4,4,esm2,-24.3545364618349,-35.8410555295329,1.17707761134237,standard,50-75 cm,24.4-35.8 cm
TexasA&MPt-1,min,SHM,NTM-1-3,NTM-1-3-5,5,esm1,-35.9,-50.3,4.65695999999998,standard,75-100 cm,35.9-50.3 cm
TexasA&MPt-1,min,SHM,NTM-1-3,NTM-1-3-5,5,esm2,-35.8410555295329,-49.8252791222488,3.64975215773454,standard,75-100 cm,35.8-49.8 cm
TexasA&MPt-1,min,SHM,NTM-2-1,NTM-2-1-1,1,esm1,0,-5.8,3.5908,standard,0-10 cm,0-5.8 cm
TexasA&MPt-1,min,SHM,NTM-2-1,NTM-2-1-1,1,esm2,0,-5.99843053883032,3.67926263325395,standard,0-10 cm,0-6 cm
TexasA&MPt-1,min,SHM,NTM-2-1,NTM-2-1-2,2,esm1,-5.8,-16.3,4.72752,standard,10-30 cm,5.8-16.3 cm
TexasA&MPt-1,min,SHM,NTM-2-1,NTM-2-1-2,2,esm2,-5.99843053883032,-15.8557694098664,6.30021181913056,standard,10-30 cm,6-15.9 cm
TexasA&MPt-1,min,SHM,NTM-2-1,NTM-2-1-3,3,esm1,-16.3,-25.1,1.86032000000007,standard,30-50 cm,16.3-25.1 cm
TexasA&MPt-1,min,SHM,NTM-2-1,NTM-2-1-3,3,esm2,-15.8557694098664,-24.6662800538435,1.7087569960707,standard,30-50 cm,15.9-24.7 cm
TexasA&MPt-1,min,SHM,NTM-2-1,NTM-2-1-4,4,esm1,-25.1,-37.5,2.69211000000009,standard,50-75 cm,25.1-37.5 cm
TexasA&MPt-1,min,SHM,NTM-2-1,NTM-2-1-4,4,esm2,-24.6662800538435,-37.5710097399186,0.804381602444973,standard,50-75 cm,24.7-37.6 cm
TexasA&MPt-1,min,SHM,NTM-2-1,NTM-2-1-5,5,esm1,-37.5,-52.6,3.61947000000001,standard,75-100 cm,37.5-52.6 cm
TexasA&MPt-1,min,SHM,NTM-2-1,NTM-2-1-5,5,esm2,-37.5710097399186,-52.7314410556931,2.84141880740616,standard,75-100 cm,37.6-52.7 cm
TexasA&MPt-1,min,SHM,NTM-2-2,NTM-2-2-1,1,esm1,0,-3.6,3.94128,standard,0-10 cm,0-3.6 cm
TexasA&MPt-1,min,SHM,NTM-2-2,NTM-2-2-1,1,esm2,0,-3.61541475375871,4.16429696354373,standard,0-10 cm,0-3.6 cm
TexasA&MPt-1,min,SHM,NTM-2-2,NTM-2-2-2,2,esm1,-3.6,-13.5,5.96431999999999,standard,10-30 cm,3.6-13.5 cm
TexasA&MPt-1,min,SHM,NTM-2-2,NTM-2-2-2,2,esm2,-3.61541475375871,-13.3088927669158,6.51083815877298,standard,10-30 cm,3.6-13.3 cm
TexasA&MPt-1,min,SHM,NTM-2-2,NTM-2-2-3,3,esm1,-13.5,-22.3,2.12608000000002,standard,30-50 cm,13.5-22.3 cm
TexasA&MPt-1,min,SHM,NTM-2-2,NTM-2-2-3,3,esm2,-13.3088927669158,-21.9664661644794,2.4676523286352,standard,30-50 cm,13.3-22 cm
TexasA&MPt-1,min,SHM,NTM-2-2,NTM-2-2-4,4,esm1,-22.3,-34.5,2.94752000000002,standard,50-75 cm,22.3-34.5 cm
TexasA&MPt-1,min,SHM,NTM-2-2,NTM-2-2-4,4,esm2,-21.9664661644794,-34.5724085102565,1.88566190719767,standard,50-75 cm,22-34.6 cm
TexasA&MPt-1,min,SHM,NTM-2-2,NTM-2-2-5,5,esm1,-34.5,-49.8,4.23519999999988,standard,75-100 cm,34.5-49.8 cm
TexasA&MPt-1,min,SHM,NTM-2-2,NTM-2-2-5,5,esm2,-34.5724085102565,-49.7035227669078,3.51381164035849,standard,75-100 cm,34.6-49.7 cm
TexasA&MPt-1,min,SHM,NTM-2-3,NTM-2-3-1,1,esm1,0,-3.5,4.879,standard,0-10 cm,0-3.5 cm
TexasA&MPt-1,min,SHM,NTM-2-3,NTM-2-3-1,1,esm2,0,-3.38936585180484,5.34487851860042,standard,0-10 cm,0-3.4 cm
TexasA&MPt-1,min,SHM,NTM-2-3,NTM-2-3-2,2,esm1,-3.5,-14.2,6.35543999999997,standard,10-30 cm,3.5-14.2 cm
TexasA&MPt-1,min,SHM,NTM-2-3,NTM-2-3-2,2,esm2,-3.38936585180484,-14.503290333893,6.84199205454429,standard,10-30 cm,3.4-14.5 cm
TexasA&MPt-1,min,SHM,NTM-2-3,NTM-2-3-3,3,esm1,-14.2,-22.9,2.11583999999995,standard,30-50 cm,14.2-22.9 cm
TexasA&MPt-1,min,SHM,NTM-2-3,NTM-2-3-3,3,esm2,-14.503290333893,-23.270726297776,2.35556049128684,standard,30-50 cm,14.5-23.3 cm
TexasA&MPt-1,min,SHM,NTM-2-3,NTM-2-3-4,4,esm1,-22.9,-35.1,2.97011999999993,standard,50-75 cm,22.9-35.1 cm
TexasA&MPt-1,min,SHM,NTM-2-3,NTM-2-3-4,4,esm2,-23.270726297776,-35.1578076289571,1.77747350006439,standard,50-75 cm,23.3-35.2 cm
TexasA&MPt-1,min,SHM,NTM-2-3,NTM-2-3-5,5,esm1,-35.1,-50.7,4.27440000000001,standard,75-100 cm,35.1-50.7 cm
TexasA&MPt-1,min,SHM,NTM-2-3,NTM-2-3-5,5,esm2,-35.1578076289571,-50.1132451950895,3.507558112462,standard,75-100 cm,35.2-50.1 cm
TexasA&MPt-1,min,SHM,NTM-3-1,NTM-3-1-1,1,esm1,0,-5,4.4275,standard,0-10 cm,0-5 cm
TexasA&MPt-1,min,SHM,NTM-3-1,NTM-3-1-1,1,esm2,0,-5.04535058683229,4.4555941937527,standard,0-10 cm,0-5 cm
TexasA&MPt-1,min,SHM,NTM-3-1,NTM-3-1-2,2,esm1,-5,-17,4.40899999999999,standard,10-30 cm,5-17 cm
TexasA&MPt-1,min,SHM,NTM-3-1,NTM-3-1-2,2,esm2,-5.04535058683229,-18.1724665583282,5.21711273822534,standard,10-30 cm,5-18.2 cm
TexasA&MPt-1,min,SHM,NTM-3-1,NTM-3-1-3,3,esm1,-17,-26.1,2.65719999999995,standard,30-50 cm,17-26.1 cm
TexasA&MPt-1,min,SHM,NTM-3-1,NTM-3-1-3,3,esm2,-18.1724665583282,-27.017746274399,2.44321163346527,standard,30-50 cm,18.2-27 cm
TexasA&MPt-1,min,SHM,NTM-3-1,NTM-3-1-4,4,esm1,-26.1,-38.8,3.85735999999996,standard,50-75 cm,26.1-38.8 cm
TexasA&MPt-1,min,SHM,NTM-3-1,NTM-3-1-4,4,esm2,-27.017746274399,-38.6215294971493,2.96970322393846,standard,50-75 cm,27-38.6 cm
TexasA&MPt-1,min,SHM,NTM-3-1,NTM-3-1-5,5,esm1,-38.8,-53.6,4.90176000000004,standard,75-100 cm,38.8-53.6 cm
TexasA&MPt-1,min,SHM,NTM-3-1,NTM-3-1-5,5,esm2,-38.6215294971493,-53.4184829973336,4.66435113333086,standard,75-100 cm,38.6-53.4 cm
TexasA&MPt-1,min,SHM,NTM-3-2,NTM-3-2-1,1,esm1,0,-4.2,6.21432,standard,0-10 cm,0-4.2 cm
TexasA&MPt-1,min,SHM,NTM-3-2,NTM-3-2-1,1,esm2,0,-4.23495723760019,6.49857817550351,standard,0-10 cm,0-4.2 cm
TexasA&MPt-1,min,SHM,NTM-3-2,NTM-3-2-2,2,esm1,-4.2,-15.3,6.37751999999994,standard,10-30 cm,4.2-15.3 cm
TexasA&MPt-1,min,SHM,NTM-3-2,NTM-3-2-2,2,esm2,-4.23495723760019,-15.5063682870113,7.36953960805757,standard,10-30 cm,4.2-15.5 cm
TexasA&MPt-1,min,SHM,NTM-3-2,NTM-3-2-3,3,esm1,-15.3,-24.6,1.60703999999996,standard,30-50 cm,15.3-24.6 cm
TexasA&MPt-1,min,SHM,NTM-3-2,NTM-3-2-3,3,esm2,-15.5063682870113,-24.7932046193988,1.67356202382305,standard,30-50 cm,15.5-24.8 cm
TexasA&MPt-1,min,SHM,NTM-3-2,NTM-3-2-4,4,esm1,-24.6,-37.4,2.56799999999993,standard,50-75 cm,24.6-37.4 cm
TexasA&MPt-1,min,SHM,NTM-3-2,NTM-3-2-4,4,esm2,-24.7932046193988,-37.449939771238,0.614121657366386,standard,50-75 cm,24.8-37.4 cm
TexasA&MPt-1,min,SHM,NTM-3-2,NTM-3-2-5,5,esm1,-37.4,-52,4.68951999999986,standard,75-100 cm,37.4-52 cm
TexasA&MPt-1,min,SHM,NTM-3-2,NTM-3-2-5,5,esm2,-37.449939771238,-52.0025482905299,3.00453946482369,standard,75-100 cm,37.4-52 cm
TexasA&MPt-1,min,SHM,NTM-3-3,NTM-3-3-1,1,esm1,0,-3.7,2.77389,standard,0-10 cm,0-3.7 cm
TexasA&MPt-1,min,SHM,NTM-3-3,NTM-3-3-1,1,esm2,0,-3.90955982843186,3.05202373209847,standard,0-10 cm,0-3.9 cm
TexasA&MPt-1,min,SHM,NTM-3-3,NTM-3-3-2,2,esm1,-3.7,-12.9,3.70210999999999,standard,10-30 cm,3.7-12.9 cm
TexasA&MPt-1,min,SHM,NTM-3-3,NTM-3-3-2,2,esm2,-3.90955982843186,-12.5091097968475,3.55981588439782,standard,10-30 cm,3.9-12.5 cm
TexasA&MPt-1,min,SHM,NTM-3-3,NTM-3-3-3,3,esm1,-12.9,-21.8,1.7355,standard,30-50 cm,12.9-21.8 cm
TexasA&MPt-1,min,SHM,NTM-3-3,NTM-3-3-3,3,esm2,-12.5091097968475,-21.1114731187789,1.81367503573776,standard,30-50 cm,12.5-21.1 cm
TexasA&MPt-1,min,SHM,NTM-3-3,NTM-3-3-4,4,esm1,-21.8,-34.1,2.39850000000009,standard,50-75 cm,21.8-34.1 cm
TexasA&MPt-1,min,SHM,NTM-3-3,NTM-3-3-4,4,esm2,-21.1114731187789,-34.1547245021368,2.21129136990006,standard,50-75 cm,21.1-34.2 cm
TexasA&MPt-1,min,SHM,NTM-3-3,NTM-3-3-5,5,esm1,-34.1,-47.7,2.76757000000001,standard,75-100 cm,34.1-47.7 cm
TexasA&MPt-1,min,SHM,NTM-3-3,NTM-3-3-5,5,esm2,-34.1547245021368,-48.3163681525836,2.79604483440817,standard,75-100 cm,34.2-48.3 cm
TexasA&MPt-1,min,SHM,NTR-1-1,NTR-1-1-1,1,esm1,0,-4.2,3.4587,standard,0-10 cm,0-4.2 cm
TexasA&MPt-1,min,SHM,NTR-1-1,NTR-1-1-1,1,esm2,0,-4.2762740964708,3.61850036553527,standard,0-10 cm,0-4.3 cm
TexasA&MPt-1,min,SHM,NTR-1-1,NTR-1-1-2,2,esm1,-4.2,-15.5,4.51200000000001,standard,10-30 cm,4.2-15.5 cm
TexasA&MPt-1,min,SHM,NTR-1-1,NTR-1-1-2,2,esm2,-4.2762740964708,-16.0135330183156,5.54833314139539,standard,10-30 cm,4.3-16 cm
TexasA&MPt-1,min,SHM,NTR-1-1,NTR-1-1-3,3,esm1,-15.5,-24.5,1.73159999999999,standard,30-50 cm,15.5-24.5 cm
TexasA&MPt-1,min,SHM,NTR-1-1,NTR-1-1-3,3,esm2,-16.0135330183156,-25.0205787243282,1.6453992920637,standard,30-50 cm,16-25 cm
TexasA&MPt-1,min,SHM,NTR-1-1,NTR-1-1-4,4,esm1,-24.5,-37.1,2.60273999999998,standard,50-75 cm,24.5-37.1 cm
TexasA&MPt-1,min,SHM,NTR-1-1,NTR-1-1-4,4,esm2,-25.0205787243282,-37.0231094350013,1.19344732712216,standard,50-75 cm,25-37 cm
TexasA&MPt-1,min,SHM,NTR-1-1,NTR-1-1-5,5,esm1,-37.1,-51.6,4.02229999999997,standard,75-100 cm,37.1-51.6 cm
TexasA&MPt-1,min,SHM,NTR-1-1,NTR-1-1-5,5,esm2,-37.0231094350013,-51.3743989478398,3.34555334328921,standard,75-100 cm,37-51.4 cm
TexasA&MPt-1,min,SHM,NTR-1-2,NTR-1-2-1,1,esm1,0,-3.8,3.534,standard,0-10 cm,0-3.8 cm
TexasA&MPt-1,min,SHM,NTR-1-2,NTR-1-2-1,1,esm2,0,-3.76258941754479,3.83270511947663,standard,0-10 cm,0-3.8 cm
TexasA&MPt-1,min,SHM,NTR-1-2,NTR-1-2-2,2,esm1,-3.8,-14.7,4.43285000000001,standard,10-30 cm,3.8-14.7 cm
TexasA&MPt-1,min,SHM,NTR-1-2,NTR-1-2-2,2,esm2,-3.76258941754479,-15.4277915052676,4.77919157484319,standard,10-30 cm,3.8-15.4 cm
TexasA&MPt-1,min,SHM,NTR-1-2,NTR-1-2-3,3,esm1,-14.7,-23.2,2.00175000000001,standard,30-50 cm,14.7-23.2 cm
TexasA&MPt-1,min,SHM,NTR-1-2,NTR-1-2-3,3,esm2,-15.4277915052676,-24.0190617669802,2.09212860722104,standard,30-50 cm,15.4-24 cm
TexasA&MPt-1,min,SHM,NTR-1-2,NTR-1-2-4,4,esm1,-23.2,-35,2.77890000000002,standard,50-75 cm,23.2-35 cm
TexasA&MPt-1,min,SHM,NTR-1-2,NTR-1-2-4,4,esm2,-24.0190617669802,-35.0529253288271,2.05382761624467,standard,50-75 cm,24-35.1 cm
TexasA&MPt-1,min,SHM,NTR-1-2,NTR-1-2-5,5,esm1,-35,-49.1,3.61947000000001,standard,75-100 cm,35-49.1 cm
TexasA&MPt-1,min,SHM,NTR-1-2,NTR-1-2-5,5,esm2,-35.0529253288271,-48.5575170883884,3.08577575176533,standard,75-100 cm,35.1-48.6 cm
TexasA&MPt-1,min,SHM,NTR-1-3,NTR-1-3-1,1,esm1,0,-3.4,3.86104,standard,0-10 cm,0-3.4 cm
TexasA&MPt-1,min,SHM,NTR-1-3,NTR-1-3-1,1,esm2,0,-3.35084867406315,4.34550976356554,standard,0-10 cm,0-3.4 cm
TexasA&MPt-1,min,SHM,NTR-1-3,NTR-1-3-2,2,esm1,-3.4,-13.9,5.31094000000003,standard,10-30 cm,3.4-13.9 cm
TexasA&MPt-1,min,SHM,NTR-1-3,NTR-1-3-2,2,esm2,-3.35084867406315,-14.1266632193681,5.24765466154624,standard,10-30 cm,3.4-14.1 cm
TexasA&MPt-1,min,SHM,NTR-1-3,NTR-1-3-3,3,esm1,-13.9,-22.9,2.41380000000007,standard,30-50 cm,13.9-22.9 cm
TexasA&MPt-1,min,SHM,NTR-1-3,NTR-1-3-3,3,esm2,-14.1266632193681,-23.125131790192,2.59826642025939,standard,30-50 cm,14.1-23.1 cm
TexasA&MPt-1,min,SHM,NTR-1-3,NTR-1-3-4,4,esm1,-22.9,-35.3,3.31227000000009,standard,50-75 cm,22.9-35.3 cm
TexasA&MPt-1,min,SHM,NTR-1-3,NTR-1-3-4,4,esm2,-23.125131790192,-35.3569128844692,2.71358732729742,standard,50-75 cm,23.1-35.4 cm
TexasA&MPt-1,min,SHM,NTR-1-3,NTR-1-3-5,5,esm1,-35.3,-49.6,3.19604999999992,standard,75-100 cm,35.3-49.6 cm
TexasA&MPt-1,min,SHM,NTR-1-3,NTR-1-3-5,5,esm2,-35.3569128844692,-49.6489007917514,2.9847765975455,standard,75-100 cm,35.4-49.6 cm
TexasA&MPt-1,min,SHM,NTR-2-1,NTR-2-1-1,1,esm1,0,-4.2,3.79764,standard,0-10 cm,0-4.2 cm
TexasA&MPt-1,min,SHM,NTR-2-1,NTR-2-1-1,1,esm2,0,-4.17269801423946,4.068465569582,standard,0-10 cm,0-4.2 cm
TexasA&MPt-1,min,SHM,NTR-2-1,NTR-2-1-2,2,esm1,-4.2,-16,3.51735999999997,standard,10-30 cm,4.2-16 cm
TexasA&MPt-1,min,SHM,NTR-2-1,NTR-2-1-2,2,esm2,-4.17269801423946,-16.580788300582,3.37357125825856,standard,10-30 cm,4.2-16.6 cm
TexasA&MPt-1,min,SHM,NTR-2-1,NTR-2-1-3,3,esm1,-16,-25.5,2.00925000000001,standard,30-50 cm,16-25.5 cm
TexasA&MPt-1,min,SHM,NTR-2-1,NTR-2-1-3,3,esm2,-16.580788300582,-25.896461144929,1.95717470655525,standard,30-50 cm,16.6-25.9 cm
TexasA&MPt-1,min,SHM,NTR-2-1,NTR-2-1-4,4,esm1,-25.5,-38.8,2.86197000000003,standard,50-75 cm,25.5-38.8 cm
TexasA&MPt-1,min,SHM,NTR-2-1,NTR-2-1-4,4,esm2,-25.896461144929,-38.6604792241025,2.72813097865042,standard,50-75 cm,25.9-38.7 cm
TexasA&MPt-1,min,SHM,NTR-2-1,NTR-2-1-5,5,esm1,-38.8,-55,3.63527999999993,standard,75-100 cm,38.8-55 cm
TexasA&MPt-1,min,SHM,NTR-2-1,NTR-2-1-5,5,esm2,-38.6604792241025,-54.7444723795315,3.57465101749089,standard,75-100 cm,38.7-54.7 cm
TexasA&MPt-1,min,SHM,NTR-2-2,NTR-2-2-1,1,esm1,0,-4.5,3.429,standard,0-10 cm,0-4.5 cm
TexasA&MPt-1,min,SHM,NTR-2-2,NTR-2-2-1,1,esm2,0,-4.54957421608664,3.52531360028348,standard,0-10 cm,0-4.5 cm
TexasA&MPt-1,min,SHM,NTR-2-2,NTR-2-2-2,2,esm1,-4.5,-16,4.75299999999999,standard,10-30 cm,4.5-16 cm
TexasA&MPt-1,min,SHM,NTR-2-2,NTR-2-2-2,2,esm2,-4.54957421608664,-16.8688994231307,5.76542801523112,standard,10-30 cm,4.5-16.9 cm
TexasA&MPt-1,min,SHM,NTR-2-2,NTR-2-2-3,3,esm1,-16,-24.9,2.53649999999994,standard,30-50 cm,16-24.9 cm
TexasA&MPt-1,min,SHM,NTR-2-2,NTR-2-2-3,3,esm2,-16.8688994231307,-25.6911299133918,2.46705934683464,standard,30-50 cm,16.9-25.7 cm
TexasA&MPt-1,min,SHM,NTR-2-2,NTR-2-2-4,4,esm1,-24.9,-37.3,3.47879999999992,standard,50-75 cm,24.9-37.3 cm
TexasA&MPt-1,min,SHM,NTR-2-2,NTR-2-2-4,4,esm2,-25.6911299133918,-37.1725145294726,2.29701232219739,standard,50-75 cm,25.7-37.2 cm
TexasA&MPt-1,min,SHM,NTR-2-2,NTR-2-2-5,5,esm1,-37.3,-52,3.83669999999994,standard,75-100 cm,37.3-52 cm
TexasA&MPt-1,min,SHM,NTR-2-2,NTR-2-2-5,5,esm2,-37.1725145294726,-51.3480424613152,3.52928462698968,standard,75-100 cm,37.2-51.3 cm
TexasA&MPt-1,min,SHM,NTR-2-3,NTR-2-3-1,1,esm1,0,-4,3.074,standard,0-10 cm,0-4 cm
TexasA&MPt-1,min,SHM,NTR-2-3,NTR-2-3-1,1,esm2,0,-4.01330381974828,3.17397455715211,standard,0-10 cm,0-4 cm
TexasA&MPt-1,min,SHM,NTR-2-3,NTR-2-3-2,2,esm1,-4,-14.5,4.4637,standard,10-30 cm,4-14.5 cm
TexasA&MPt-1,min,SHM,NTR-2-3,NTR-2-3-2,2,esm2,-4.01330381974828,-14.5190944704628,5.12054875095226,standard,10-30 cm,4-14.5 cm
TexasA&MPt-1,min,SHM,NTR-2-3,NTR-2-3-3,3,esm1,-14.5,-23.5,1.87740000000005,standard,30-50 cm,14.5-23.5 cm
TexasA&MPt-1,min,SHM,NTR-2-3,NTR-2-3-3,3,esm2,-14.5190944704628,-23.4157022705804,1.87126853290331,standard,30-50 cm,14.5-23.4 cm
TexasA&MPt-1,min,SHM,NTR-2-3,NTR-2-3-4,4,esm1,-23.5,-36,2.74390000000008,standard,50-75 cm,23.5-36 cm
TexasA&MPt-1,min,SHM,NTR-2-3,NTR-2-3-4,4,esm2,-23.4157022705804,-35.955000471703,1.83241999029791,standard,50-75 cm,23.4-36 cm
TexasA&MPt-1,min,SHM,NTR-2-3,NTR-2-3-5,5,esm1,-36,-51.4,5.313,standard,75-100 cm,36-51.4 cm
TexasA&MPt-1,min,SHM,NTR-2-3,NTR-2-3-5,5,esm2,-35.955000471703,-50.9484324980236,4.29119532558103,standard,75-100 cm,36-50.9 cm
TexasA&MPt-1,min,SHM,NTR-3-1,NTR-3-1-1,1,esm1,0,-5.7,3.95892,standard,0-10 cm,0-5.7 cm
TexasA&MPt-1,min,SHM,NTR-3-1,NTR-3-1-1,1,esm2,0,-5.83979749165067,4.07937777645276,standard,0-10 cm,0-5.8 cm
TexasA&MPt-1,min,SHM,NTR-3-1,NTR-3-1-2,2,esm1,-5.7,-17.1,5.03693999999999,standard,10-30 cm,5.7-17.1 cm
TexasA&MPt-1,min,SHM,NTR-3-1,NTR-3-1-2,2,esm2,-5.83979749165067,-18.185522037857,6.43745808650265,standard,10-30 cm,5.8-18.2 cm
TexasA&MPt-1,min,SHM,NTR-3-1,NTR-3-1-3,3,esm1,-17.1,-25.8,2.92841999999994,standard,30-50 cm,17.1-25.8 cm
TexasA&MPt-1,min,SHM,NTR-3-1,NTR-3-1-3,3,esm2,-18.185522037857,-26.7204350585683,2.60531669345652,standard,30-50 cm,18.2-26.7 cm
TexasA&MPt-1,min,SHM,NTR-3-1,NTR-3-1-4,4,esm1,-25.8,-38,4.09721999999995,standard,50-75 cm,25.8-38 cm
TexasA&MPt-1,min,SHM,NTR-3-1,NTR-3-1-4,4,esm2,-26.7204350585683,-37.6966533290288,2.63013290241824,standard,50-75 cm,26.7-37.7 cm
TexasA&MPt-1,min,SHM,NTR-3-1,NTR-3-1-5,5,esm1,-38,-52.7,4.9024499999998,standard,75-100 cm,38-52.7 cm
TexasA&MPt-1,min,SHM,NTR-3-1,NTR-3-1-5,5,esm2,-37.6966533290288,-51.3023357549701,4.58782539370562,standard,75-100 cm,37.7-51.3 cm
TexasA&MPt-1,min,SHM,NTR-3-2,NTR-3-2-1,1,esm1,0,-4.1,5.18609,standard,0-10 cm,0-4.1 cm
TexasA&MPt-1,min,SHM,NTR-3-2,NTR-3-2-1,1,esm2,0,-4.096840678966,5.44367311972149,standard,0-10 cm,0-4.1 cm
TexasA&MPt-1,min,SHM,NTR-3-2,NTR-3-2-2,2,esm1,-4.1,-16.1,6.08246,standard,10-30 cm,4.1-16.1 cm
TexasA&MPt-1,min,SHM,NTR-3-2,NTR-3-2-2,2,esm2,-4.096840678966,-16.7457180418826,7.35902729353389,standard,10-30 cm,4.1-16.7 cm
TexasA&MPt-1,min,SHM,NTR-3-2,NTR-3-2-3,3,esm1,-16.1,-25.9,2.01390000000001,standard,30-50 cm,16.1-25.9 cm
TexasA&MPt-1,min,SHM,NTR-3-2,NTR-3-2-3,3,esm2,-16.7457180418826,-26.4706800766229,1.58421357836935,standard,30-50 cm,16.7-26.5 cm
TexasA&MPt-1,min,SHM,NTR-3-2,NTR-3-2-4,4,esm1,-25.9,-39.1,3.84542999999998,standard,50-75 cm,25.9-39.1 cm
TexasA&MPt-1,min,SHM,NTR-3-2,NTR-3-2-4,4,esm2,-26.4706800766229,-39.1434449198003,1.64759416896115,standard,50-75 cm,26.5-39.1 cm
TexasA&MPt-1,min,SHM,NTR-3-2,NTR-3-2-5,5,esm1,-39.1,-53.7,7.03427999999979,standard,75-100 cm,39.1-53.7 cm
TexasA&MPt-1,min,SHM,NTR-3-2,NTR-3-2-5,5,esm2,-39.1434449198003,-53.6509859838272,6.16530580729883,standard,75-100 cm,39.1-53.7 cm
TexasA&MPt-1,min,SHM,NTR-3-3,NTR-3-3-1,1,esm1,0,-4,3.9468,standard,0-10 cm,0-4 cm
TexasA&MPt-1,min,SHM,NTR-3-3,NTR-3-3-1,1,esm2,0,-4.10701789758643,4.23428159941041,standard,0-10 cm,0-4.1 cm
TexasA&MPt-1,min,SHM,NTR-3-3,NTR-3-3-2,2,esm1,-4,-14.4,4.48073999999999,standard,10-30 cm,4-14.4 cm
TexasA&MPt-1,min,SHM,NTR-3-3,NTR-3-3-2,2,esm2,-4.10701789758643,-14.2092383964663,4.63990926422093,standard,10-30 cm,4.1-14.2 cm
TexasA&MPt-1,min,SHM,NTR-3-3,NTR-3-3-3,3,esm1,-14.4,-23.7,1.87488000000006,standard,30-50 cm,14.4-23.7 cm
TexasA&MPt-1,min,SHM,NTR-3-3,NTR-3-3-3,3,esm2,-14.2092383964663,-23.4845903343292,1.91438188923207,standard,30-50 cm,14.2-23.5 cm
TexasA&MPt-1,min,SHM,NTR-3-3,NTR-3-3-4,4,esm1,-23.7,-36.4,2.64222000000006,standard,50-75 cm,23.7-36.4 cm
TexasA&MPt-1,min,SHM,NTR-3-3,NTR-3-3-4,4,esm2,-23.4845903343292,-36.5897585719772,2.07588622286171,standard,50-75 cm,23.5-36.6 cm
TexasA&MPt-1,min,SHM,NTR-3-3,NTR-3-3-5,5,esm1,-36.4,-50.4,3.64139999999992,standard,75-100 cm,36.4-50.4 cm
TexasA&MPt-1,min,SHM,NTR-3-3,NTR-3-3-5,5,esm2,-36.5897585719772,-50.80803694714,3.26811570089932,standard,75-100 cm,36.6-50.8 cm
UConn,min,SHM,PaL1-1,PaL1-1-1,1,esm1,0,-4.7,21.745883248154,standard,0-10 cm,0-4.7 cm
UConn,min,SHM,PaL1-1,PaL1-1-1,1,esm2,0,-4.78607271132068,22.3624201114321,standard,0-10 cm,0-4.8 cm
UConn,min,SHM,PaL1-1,PaL1-1-2,2,esm1,-4.7,-15.9,35.6695961590531,standard,10-30 cm,4.7-15.9 cm
UConn,min,SHM,PaL1-1,PaL1-1-2,2,esm2,-4.78607271132068,-15.6200880397581,33.4329587028472,standard,10-30 cm,4.8-15.6 cm
UConn,min,SHM,PaL1-1,PaL1-1-3,3,esm1,-15.9,-26.1,35.07306529728,standard,30-50 cm,15.9-26.1 cm
UConn,min,SHM,PaL1-1,PaL1-1-3,3,esm2,-15.6200880397581,-26.2085766284887,37.9484956284597,standard,30-50 cm,15.6-26.2 cm
UConn,min,SHM,PaL1-1,PaL1-1-4,4,esm1,-26.1,-38.2,17.5539308829479,standard,50-75 cm,26.1-38.2 cm
UConn,min,SHM,PaL1-1,PaL1-1-4,4,esm2,-26.2085766284887,-38.6568856301657,21.3599295278632,standard,50-75 cm,26.2-38.7 cm
UConn,min,SHM,PaL1-1,PaL1-1-5,5,esm1,-38.2,-50.8,10.214690679376,standard,75-100 cm,38.2-50.8 cm
UConn,min,SHM,PaL1-1,PaL1-1-5,5,esm2,-38.6568856301657,-50.9664644316261,3.43880421826888,standard,75-100 cm,38.7-51 cm
UConn,min,BAU,PaT2-1,PaT2-1-1,1,esm1,0,-3.6,14.028726652524,standard,0-10 cm,0-3.6 cm
UConn,min,BAU,PaT2-1,PaT2-1-1,1,esm2,0,-3.5868426418653,14.5314314452753,standard,0-10 cm,0-3.6 cm
UConn,min,BAU,PaT2-1,PaT2-1-2,2,esm1,-3.6,-14,34.5386375022959,standard,10-30 cm,3.6-14 cm
UConn,min,BAU,PaT2-1,PaT2-1-2,2,esm2,-3.5868426418653,-14.1949009458575,35.8531173670861,standard,10-30 cm,3.6-14.2 cm
UConn,min,BAU,PaT2-1,PaT2-1-3,3,esm1,-14,-22.4,18.6430409632416,standard,30-50 cm,14-22.4 cm
UConn,min,BAU,PaT2-1,PaT2-1-3,3,esm2,-14.1949009458575,-22.6085655847077,19.7930924396226,standard,30-50 cm,14.2-22.6 cm
UConn,min,BAU,PaT2-1,PaT2-1-4,4,esm1,-22.4,-32.9,7.76846021042748,standard,50-75 cm,22.4-32.9 cm
UConn,min,BAU,PaT2-1,PaT2-1-4,4,esm2,-22.6085655847077,-32.9719728796974,3.93925080687528,standard,50-75 cm,22.6-33 cm
UConn,min,BAU,PaT2-1,PaT2-1-5,5,esm1,-32.9,-44.5,7.62101532335993,standard,75-100 cm,32.9-44.5 cm
UConn,min,BAU,PaT2-1,PaT2-1-5,5,esm2,-32.9719728796974,-44.5129391287828,8.46092365728406,standard,75-100 cm,33-44.5 cm
UConn,min,Ref,PaU1-1,PaU1-1-1,1,esm1,0,-7.1,52.783606545352,standard,0-10 cm,0-7.1 cm
UConn,min,Ref,PaU1-1,PaU1-1-1,1,esm2,0,-7.33809564149794,55.1055742012373,standard,0-10 cm,0-7.3 cm
UConn,min,Ref,PaU1-1,PaU1-1-2,2,esm1,-7.1,-20.9,77.0066366800338,standard,10-30 cm,7.1-20.9 cm
UConn,min,Ref,PaU1-1,PaU1-1-2,2,esm2,-7.33809564149794,-21.0457727997138,79.2780972318158,standard,10-30 cm,7.3-21 cm
UConn,min,Ref,PaU1-1,PaU1-1-3,3,esm1,-20.9,-31.6,28.2769833991455,standard,30-50 cm,20.9-31.6 cm
UConn,min,Ref,PaU1-1,PaU1-1-3,3,esm2,-21.0457727997138,-31.7583991760745,27.4778734962203,standard,30-50 cm,21-31.8 cm
UConn,min,Ref,PaU1-1,PaU1-1-4,4,esm1,-31.6,-44.3,13.0806674711983,standard,50-75 cm,31.6-44.3 cm
UConn,min,Ref,PaU1-1,PaU1-1-4,4,esm2,-31.7583991760745,-45.2836621258606,9.23554849727819,standard,50-75 cm,31.8-45.3 cm
UConn,min,Ref,PaU1-1,PaU1-1-5,5,esm1,-44.3,-58.1,10.5262175419813,standard,75-100 cm,44.3-58.1 cm
UConn,min,Ref,PaU1-1,PaU1-1-5,5,esm2,-45.2836621258606,-58.9401379344726,11.1128399385597,standard,75-100 cm,45.3-58.9 cm
UConn,min,Ref,PaU2-1,PaU2-1-1,1,esm1,0,-6.2,93.2700421833839,standard,0-10 cm,0-6.2 cm
UConn,min,Ref,PaU2-1,PaU2-1-1,1,esm2,0,-6.35769257180222,98.9078232955031,standard,0-10 cm,0-6.4 cm
UConn,min,Ref,PaU2-1,PaU2-1-2,2,esm1,-6.2,-20.6,62.5516260695012,standard,10-30 cm,6.2-20.6 cm
UConn,min,Ref,PaU2-1,PaU2-1-2,2,esm2,-6.35769257180222,-20.7580430096823,58.7064257074465,standard,10-30 cm,6.4-20.8 cm
UConn,min,Ref,PaU2-1,PaU2-1-3,3,esm1,-20.6,-31.2,23.6149758101621,standard,30-50 cm,20.6-31.2 cm
UConn,min,Ref,PaU2-1,PaU2-1-3,3,esm2,-20.7580430096823,-32.0506308222647,30.6392026193126,standard,30-50 cm,20.8-32.1 cm
UConn,min,Ref,PaU2-1,PaU2-1-4,4,esm1,-31.2,-44.5,16.5612926048582,standard,50-75 cm,31.2-44.5 cm
UConn,min,Ref,PaU2-1,PaU2-1-4,4,esm2,-32.0506308222647,-44.8169772571772,10.0847186398362,standard,50-75 cm,32.1-44.8 cm
UConn,min,Ref,PaU2-1,PaU2-1-5,5,esm1,-44.5,-57.6,12.3449002018173,standard,75-100 cm,44.5-57.6 cm
UConn,min,Ref,PaU2-1,PaU2-1-5,5,esm2,-44.8169772571772,-57.9561596251632,9.02841320099708,standard,75-100 cm,44.8-58 cm
UnivOfMinnesota,min,SHM,ALT-1,ALT-1-1,1,esm1,0,-4.4,17.3045177334414,standard,0-10 cm,0-4.4 cm
UnivOfMinnesota,min,SHM,ALT-1,ALT-1-1,1,esm2,0,-4.42947204269111,17.5342113357003,standard,0-10 cm,0-4.4 cm
UnivOfMinnesota,min,SHM,ALT-1,ALT-1-2,2,esm1,-4.4,-15,40.742576769073104,standard,10-30 cm,4.4-15 cm
UnivOfMinnesota,min,SHM,ALT-1,ALT-1-2,2,esm2,-4.42947204269111,-15.0301398843536,40.5829168437114,standard,10-30 cm,4.4-15 cm
UnivOfMinnesota,min,SHM,ALT-1,ALT-1-3,3,esm1,-15,-23.8,31.5425996155731,standard,30-50 cm,15-23.8 cm
UnivOfMinnesota,min,SHM,ALT-1,ALT-1-3,3,esm2,-15.0301398843536,-23.8253245267401,34.119701822612,standard,30-50 cm,15-23.8 cm
UnivOfMinnesota,min,SHM,ALT-1,ALT-1-4,4,esm1,-23.8,-36.2,34.6676657294435,standard,50-75 cm,23.8-36.2 cm
UnivOfMinnesota,min,SHM,ALT-1,ALT-1-4,4,esm2,-23.8253245267401,-36.4095039242643,33.585953955643,standard,50-75 cm,23.8-36.4 cm
UnivOfMinnesota,min,SHM,ALT-1,ALT-1-5,5,esm1,-36.2,-48.4,8.22485569387578,standard,75-100 cm,36.2-48.4 cm
UnivOfMinnesota,min,SHM,ALT-1,ALT-1-5,5,esm2,-36.4095039242643,-49.3169391863681,13.1871787251554,standard,75-100 cm,36.4-49.3 cm
UnivOfMinnesota,min,SHM,ALT-2,ALT-2-1,1,esm1,0,-5.5,23.0226983306662,standard,0-10 cm,0-5.5 cm
UnivOfMinnesota,min,SHM,ALT-2,ALT-2-1,1,esm2,0,-5.55914771024645,23.2555267998078,standard,0-10 cm,0-5.6 cm
UnivOfMinnesota,min,SHM,ALT-2,ALT-2-2,2,esm1,-5.5,-17.3,54.2118908303315,standard,10-30 cm,5.5-17.3 cm
UnivOfMinnesota,min,SHM,ALT-2,ALT-2-2,2,esm2,-5.55914771024645,-17.8010937070513,55.5804217948015,standard,10-30 cm,5.6-17.8 cm
UnivOfMinnesota,min,SHM,ALT-2,ALT-2-3,3,esm1,-17.3,-25.9,34.1929587181786,standard,30-50 cm,17.3-25.9 cm
UnivOfMinnesota,min,SHM,ALT-2,ALT-2-3,3,esm2,-17.8010937070513,-25.9628026076138,38.4365212985727,standard,30-50 cm,17.8-26 cm
UnivOfMinnesota,min,SHM,ALT-2,ALT-2-4,4,esm1,-25.9,-37.3,29.9028554568005,standard,50-75 cm,25.9-37.3 cm
UnivOfMinnesota,min,SHM,ALT-2,ALT-2-4,4,esm2,-25.9628026076138,-37.4230961290317,26.8484794213865,standard,50-75 cm,26-37.4 cm
UnivOfMinnesota,min,SHM,ALT-2,ALT-2-5,5,esm1,-37.3,-47.8,21.545259423723,standard,75-100 cm,37.3-47.8 cm
UnivOfMinnesota,min,SHM,ALT-2,ALT-2-5,5,esm2,-37.4230961290317,-48.9921714643147,20.1832637472483,standard,75-100 cm,37.4-49 cm
UnivOfMinnesota,min,SHM,ALT-3,ALT-3-1,1,esm1,0,-4.9,14.6534977609787,standard,0-10 cm,0-4.9 cm
UnivOfMinnesota,min,SHM,ALT-3,ALT-3-1,1,esm2,0,-4.96487978599681,14.8242844700837,standard,0-10 cm,0-5 cm
UnivOfMinnesota,min,SHM,ALT-3,ALT-3-2,2,esm1,-4.9,-16.6,36.6233037157101,standard,10-30 cm,4.9-16.6 cm
UnivOfMinnesota,min,SHM,ALT-3,ALT-3-2,2,esm2,-4.96487978599681,-16.4813785634092,38.1328567316711,standard,10-30 cm,5-16.5 cm
UnivOfMinnesota,min,SHM,ALT-3,ALT-3-3,3,esm1,-16.6,-26.3,21.04660180002,standard,30-50 cm,16.6-26.3 cm
UnivOfMinnesota,min,SHM,ALT-3,ALT-3-3,3,esm2,-16.4813785634092,-26.9672476075624,21.7595874851051,standard,30-50 cm,16.5-27 cm
UnivOfMinnesota,min,SHM,ALT-3,ALT-3-4,4,esm1,-26.3,-38.1,19.9067082726553,standard,50-75 cm,26.3-38.1 cm
UnivOfMinnesota,min,SHM,ALT-3,ALT-3-4,4,esm2,-26.9672476075624,-38.2124256926045,17.7315847647955,standard,50-75 cm,27-38.2 cm
UnivOfMinnesota,min,SHM,ALT-3,ALT-3-5,5,esm1,-38.1,-49.2,6.8138889022655,standard,75-100 cm,38.1-49.2 cm
UnivOfMinnesota,min,SHM,ALT-3,ALT-3-5,5,esm2,-38.2124256926045,-49.8815759581919,12.7254691476603,standard,75-100 cm,38.2-49.9 cm
UnivOfMinnesota,min,SHM,ALT-4,ALT-4-1,1,esm1,0,-4.1,20.2704005552646,standard,0-10 cm,0-4.1 cm
UnivOfMinnesota,min,SHM,ALT-4,ALT-4-1,1,esm2,0,-4.16536072513679,21.020626522137,standard,0-10 cm,0-4.2 cm
UnivOfMinnesota,min,SHM,ALT-4,ALT-4-2,2,esm1,-4.1,-14.8,47.4419062997246,standard,10-30 cm,4.1-14.8 cm
UnivOfMinnesota,min,SHM,ALT-4,ALT-4-2,2,esm2,-4.16536072513679,-14.9866487598441,47.8367297193831,standard,10-30 cm,4.2-15 cm
UnivOfMinnesota,min,SHM,ALT-4,ALT-4-3,3,esm1,-14.8,-23.3,39.3237194215209,standard,30-50 cm,14.8-23.3 cm
UnivOfMinnesota,min,SHM,ALT-4,ALT-4-3,3,esm2,-14.9866487598441,-23.3594015968752,39.7375778027474,standard,30-50 cm,15-23.4 cm
UnivOfMinnesota,min,SHM,ALT-4,ALT-4-4,4,esm1,-23.3,-35.9,32.2026762180395,standard,50-75 cm,23.3-35.9 cm
UnivOfMinnesota,min,SHM,ALT-4,ALT-4-4,4,esm2,-23.3594015968752,-35.8981783589305,33.2600990880945,standard,50-75 cm,23.4-35.9 cm
UnivOfMinnesota,min,SHM,ALT-4,ALT-4-5,5,esm1,-35.9,-49.9,20.8743483908207,standard,75-100 cm,35.9-49.9 cm
UnivOfMinnesota,min,SHM,ALT-4,ALT-4-5,5,esm2,-35.8981783589305,-50.2635396912269,20.5193078524078,standard,75-100 cm,35.9-50.3 cm
UnivOfMinnesota,min,SHM,ALT-5,ALT-5-1,1,esm1,0,-4.2,19.510381986635,standard,0-10 cm,0-4.2 cm
UnivOfMinnesota,min,SHM,ALT-5,ALT-5-1,1,esm2,0,-4.31775411913042,19.7054283483796,standard,0-10 cm,0-4.3 cm
UnivOfMinnesota,min,SHM,ALT-5,ALT-5-2,2,esm1,-4.2,-14.4,49.2954203203269,standard,10-30 cm,4.2-14.4 cm
UnivOfMinnesota,min,SHM,ALT-5,ALT-5-2,2,esm2,-4.31775411913042,-14.2084493608514,50.6101087125749,standard,10-30 cm,4.3-14.2 cm
UnivOfMinnesota,min,SHM,ALT-5,ALT-5-3,3,esm1,-14.4,-23.6,38.1977419193627,standard,30-50 cm,14.4-23.6 cm
UnivOfMinnesota,min,SHM,ALT-5,ALT-5-3,3,esm2,-14.2084493608514,-23.5854414381433,37.195772025,standard,30-50 cm,14.2-23.6 cm
UnivOfMinnesota,min,SHM,ALT-5,ALT-5-4,4,esm1,-23.6,-35,46.1493473280918,standard,50-75 cm,23.6-35 cm
UnivOfMinnesota,min,SHM,ALT-5,ALT-5-4,4,esm2,-23.5854414381433,-35.5799721780902,51.8035774895687,standard,50-75 cm,23.6-35.6 cm
UnivOfMinnesota,min,SHM,ALT-5,ALT-5-5,5,esm1,-35,-47.7,45.4850055681114,standard,75-100 cm,35-47.7 cm
UnivOfMinnesota,min,SHM,ALT-5,ALT-5-5,5,esm2,-35.5799721780902,-47.8459195119281,41.8212661329746,standard,75-100 cm,35.6-47.8 cm
UnivOfMinnesota,min,SHM,ALT-6,ALT-6-1,1,esm1,0,-5,19.321776820897,standard,0-10 cm,0-5 cm
UnivOfMinnesota,min,SHM,ALT-6,ALT-6-1,1,esm2,0,-5.0936828507351,19.6960416968474,standard,0-10 cm,0-5.1 cm
UnivOfMinnesota,min,SHM,ALT-6,ALT-6-2,2,esm1,-5,-16,43.8724583950297,standard,10-30 cm,5-16 cm
UnivOfMinnesota,min,SHM,ALT-6,ALT-6-2,2,esm2,-5.0936828507351,-16.1316300828043,45.5254672280854,standard,10-30 cm,5.1-16.1 cm
UnivOfMinnesota,min,SHM,ALT-6,ALT-6-3,3,esm1,-16,-25,31.7161958043674,standard,30-50 cm,16-25 cm
UnivOfMinnesota,min,SHM,ALT-6,ALT-6-3,3,esm2,-16.1316300828043,-24.9619552479995,31.3047251894539,standard,30-50 cm,16.1-25 cm
UnivOfMinnesota,min,SHM,ALT-6,ALT-6-4,4,esm1,-25,-37.7,28.2120065968676,standard,50-75 cm,25-37.7 cm
UnivOfMinnesota,min,SHM,ALT-6,ALT-6-4,4,esm2,-24.9619552479995,-37.8091538073302,29.5602547190526,standard,50-75 cm,25-37.8 cm
UnivOfMinnesota,min,SHM,ALT-6,ALT-6-5,5,esm1,-37.7,-51.3,21.6574824591629,standard,75-100 cm,37.7-51.3 cm
UnivOfMinnesota,min,SHM,ALT-6,ALT-6-5,5,esm2,-37.8091538073302,-51.9169575840615,21.8543251925397,standard,75-100 cm,37.8-51.9 cm
UnivOfMinnesota,min,SHM,ALT-7,ALT-7-1,1,esm1,0,-5.1,17.6963861759992,standard,0-10 cm,0-5.1 cm
UnivOfMinnesota,min,SHM,ALT-7,ALT-7-1,1,esm2,0,-5.15797136160807,17.8957487025476,standard,0-10 cm,0-5.2 cm
UnivOfMinnesota,min,SHM,ALT-7,ALT-7-2,2,esm1,-5.1,-16.4,44.4375990622252,standard,10-30 cm,5.1-16.4 cm
UnivOfMinnesota,min,SHM,ALT-7,ALT-7-2,2,esm2,-5.15797136160807,-16.6967884615854,48.2760431635543,standard,10-30 cm,5.2-16.7 cm
UnivOfMinnesota,min,SHM,ALT-7,ALT-7-3,3,esm1,-16.4,-25.6,33.7931128944999,standard,30-50 cm,16.4-25.6 cm
UnivOfMinnesota,min,SHM,ALT-7,ALT-7-3,3,esm2,-16.6967884615854,-25.6899027938838,30.9793149252084,standard,30-50 cm,16.7-25.7 cm
UnivOfMinnesota,min,SHM,ALT-7,ALT-7-4,4,esm1,-25.6,-37.6,28.7489455531912,standard,50-75 cm,25.6-37.6 cm
UnivOfMinnesota,min,SHM,ALT-7,ALT-7-4,4,esm2,-25.6899027938838,-38.1691085098652,32.4313215844732,standard,50-75 cm,25.7-38.2 cm
UnivOfMinnesota,min,SHM,ALT-7,ALT-7-5,5,esm1,-37.6,-51.3,30.510307549298,standard,75-100 cm,37.6-51.3 cm
UnivOfMinnesota,min,SHM,ALT-7,ALT-7-5,5,esm2,-38.1691085098652,-51.823660424096,27.8795354589699,standard,75-100 cm,38.2-51.8 cm
UnivOfMinnesota,min,SHM,ALT-8,ALT-8-1,1,esm1,0,-4.3,17.4421855295366,standard,0-10 cm,0-4.3 cm
UnivOfMinnesota,min,SHM,ALT-8,ALT-8-1,1,esm2,0,-4.35662890319186,17.4214722081029,standard,0-10 cm,0-4.4 cm
UnivOfMinnesota,min,SHM,ALT-8,ALT-8-2,2,esm1,-4.3,-14.6,43.4036339160998,standard,10-30 cm,4.3-14.6 cm
UnivOfMinnesota,min,SHM,ALT-8,ALT-8-2,2,esm2,-4.35662890319186,-14.7877660114715,46.908161591601,standard,10-30 cm,4.4-14.8 cm
UnivOfMinnesota,min,SHM,ALT-8,ALT-8-3,3,esm1,-14.6,-23,31.3916701197219,standard,30-50 cm,14.6-23 cm
UnivOfMinnesota,min,SHM,ALT-8,ALT-8-3,3,esm2,-14.7877660114715,-23.0392009439419,28.0191894926886,standard,30-50 cm,14.8-23 cm
UnivOfMinnesota,min,SHM,ALT-8,ALT-8-4,4,esm1,-23,-35,25.0720809487279,standard,50-75 cm,23-35 cm
UnivOfMinnesota,min,SHM,ALT-8,ALT-8-4,4,esm2,-23.0392009439419,-35.1545454858214,28.059497538825,standard,50-75 cm,23-35.2 cm
UnivOfMinnesota,min,SHM,ALT-8,ALT-8-5,5,esm1,-35,-47,16.0175105340164,standard,75-100 cm,35-47 cm
UnivOfMinnesota,min,SHM,ALT-8,ALT-8-5,5,esm2,-35.1545454858214,-48.3339381361777,18.6254462794618,standard,75-100 cm,35.2-48.3 cm
UnivOfMinnesota,min,SHM,ALT-9,ALT-9-1,1,esm1,0,-4.4,17.3782226822723,standard,0-10 cm,0-4.4 cm
UnivOfMinnesota,min,SHM,ALT-9,ALT-9-1,1,esm2,0,-4.48479833219801,17.4639460097274,standard,0-10 cm,0-4.5 cm
UnivOfMinnesota,min,SHM,ALT-9,ALT-9-2,2,esm1,-4.4,-14.8,45.0106045418432,standard,10-30 cm,4.4-14.8 cm
UnivOfMinnesota,min,SHM,ALT-9,ALT-9-2,2,esm2,-4.48479833219801,-14.8591668620997,47.132898621148,standard,10-30 cm,4.5-14.9 cm
UnivOfMinnesota,min,SHM,ALT-9,ALT-9-3,3,esm1,-14.8,-23.3,30.3700345072473,standard,30-50 cm,14.8-23.3 cm
UnivOfMinnesota,min,SHM,ALT-9,ALT-9-3,3,esm2,-14.8591668620997,-23.3559269316546,29.6741566372259,standard,30-50 cm,14.9-23.4 cm
UnivOfMinnesota,min,SHM,ALT-9,ALT-9-4,4,esm1,-23.3,-34.9,29.6939505537953,standard,50-75 cm,23.3-34.9 cm
UnivOfMinnesota,min,SHM,ALT-9,ALT-9-4,4,esm2,-23.3559269316546,-35.1487626080556,30.8935479025374,standard,50-75 cm,23.4-35.1 cm
UnivOfMinnesota,min,SHM,ALT-9,ALT-9-5,5,esm1,-34.9,-48.1,34.2647797001992,standard,75-100 cm,34.9-48.1 cm
UnivOfMinnesota,min,SHM,ALT-9,ALT-9-5,5,esm2,-35.1487626080556,-48.3122648768564,31.7950763525567,standard,75-100 cm,35.1-48.3 cm
UnivOfMinnesota,min,BAU,CON-1,CON-1-1,1,esm1,0,-5.1,16.4816208619267,standard,0-10 cm,0-5.1 cm
UnivOfMinnesota,min,BAU,CON-1,CON-1-1,1,esm2,0,-5.1427054911844,16.6134631880187,standard,0-10 cm,0-5.1 cm
UnivOfMinnesota,min,BAU,CON-1,CON-1-2,2,esm1,-5.1,-17.2,41.8237273479235,standard,10-30 cm,5.1-17.2 cm
UnivOfMinnesota,min,BAU,CON-1,CON-1-2,2,esm2,-5.1427054911844,-17.1202280571295,43.5002684083788,standard,10-30 cm,5.1-17.1 cm
UnivOfMinnesota,min,BAU,CON-1,CON-1-3,3,esm1,-17.2,-27.5,30.7796012269855,standard,30-50 cm,17.2-27.5 cm
UnivOfMinnesota,min,BAU,CON-1,CON-1-3,3,esm2,-17.1202280571295,-27.8089311334131,31.6088905690134,standard,30-50 cm,17.1-27.8 cm
UnivOfMinnesota,min,BAU,CON-1,CON-1-4,4,esm1,-27.5,-39.9,16.6163086158406,standard,50-75 cm,27.5-39.9 cm
UnivOfMinnesota,min,BAU,CON-1,CON-1-4,4,esm2,-27.8089311334131,-40.707402622387,22.5879190788851,standard,50-75 cm,27.8-40.7 cm
UnivOfMinnesota,min,BAU,CON-1,CON-1-5,5,esm1,-39.9,-53.9,15.8590704062268,standard,75-100 cm,39.9-53.9 cm
UnivOfMinnesota,min,BAU,CON-1,CON-1-5,5,esm2,-40.707402622387,-53.6693660468947,5.28275304751799,standard,75-100 cm,40.7-53.7 cm
UnivOfMinnesota,min,BAU,CON-2,CON-2-1,1,esm1,0,-4.5,16.8955483798998,standard,0-10 cm,0-4.5 cm
UnivOfMinnesota,min,BAU,CON-2,CON-2-1,1,esm2,0,-4.51157549681897,17.027922646777,standard,0-10 cm,0-4.5 cm
UnivOfMinnesota,min,BAU,CON-2,CON-2-2,2,esm1,-4.5,-16.5,40.3153263870483,standard,10-30 cm,4.5-16.5 cm
UnivOfMinnesota,min,BAU,CON-2,CON-2-2,2,esm2,-4.51157549681897,-16.9063427159283,42.9676133866657,standard,10-30 cm,4.5-16.9 cm
UnivOfMinnesota,min,BAU,CON-2,CON-2-3,3,esm1,-16.5,-26.4,32.2140787786751,standard,30-50 cm,16.5-26.4 cm
UnivOfMinnesota,min,BAU,CON-2,CON-2-3,3,esm2,-16.9063427159283,-26.7647361059928,32.7275029048489,standard,30-50 cm,16.9-26.8 cm
UnivOfMinnesota,min,BAU,CON-2,CON-2-4,4,esm1,-26.4,-38.7,28.7129352780949,standard,50-75 cm,26.4-38.7 cm
UnivOfMinnesota,min,BAU,CON-2,CON-2-4,4,esm2,-26.7647361059928,-39.2468275954656,30.7352579993677,standard,50-75 cm,26.8-39.2 cm
UnivOfMinnesota,min,BAU,CON-2,CON-2-5,5,esm1,-38.7,-51.8,20.511921559061,standard,75-100 cm,38.7-51.8 cm
UnivOfMinnesota,min,BAU,CON-2,CON-2-5,5,esm2,-39.2468275954656,-52.0513233897951,16.7637898032999,standard,75-100 cm,39.2-52.1 cm
UnivOfMinnesota,min,BAU,CON-3,CON-3-1,1,esm1,0,-5,15.96014479501,standard,0-10 cm,0-5 cm
UnivOfMinnesota,min,BAU,CON-3,CON-3-1,1,esm2,0,-5.01904658471597,16.0252799943404,standard,0-10 cm,0-5 cm
UnivOfMinnesota,min,BAU,CON-3,CON-3-2,2,esm1,-5,-17.3,37.028195046609,standard,10-30 cm,5-17.3 cm
UnivOfMinnesota,min,BAU,CON-3,CON-3-2,2,esm2,-5.01904658471597,-17.4375683921207,40.7168253519205,standard,10-30 cm,5-17.4 cm
UnivOfMinnesota,min,BAU,CON-3,CON-3-3,3,esm1,-17.3,-27.4,23.2007968187288,standard,30-50 cm,17.3-27.4 cm
UnivOfMinnesota,min,BAU,CON-3,CON-3-3,3,esm2,-17.4375683921207,-27.4428287793071,20.4089770175062,standard,30-50 cm,17.4-27.4 cm
UnivOfMinnesota,min,BAU,CON-3,CON-3-4,4,esm1,-27.4,-40.3,12.7935444133898,standard,50-75 cm,27.4-40.3 cm
UnivOfMinnesota,min,BAU,CON-3,CON-3-4,4,esm2,-27.4428287793071,-40.7149527246786,12.0095117070784,standard,50-75 cm,27.4-40.7 cm
UnivOfMinnesota,min,BAU,CON-3,CON-3-5,5,esm1,-40.3,-54.3,12.2988139520172,standard,75-100 cm,40.3-54.3 cm
UnivOfMinnesota,min,BAU,CON-3,CON-3-5,5,esm2,-40.7149527246786,-54.7132654670157,12.6181000055985,standard,75-100 cm,40.7-54.7 cm
UnivOfMinnesota,min,BAU,CON-4,CON-4-1,1,esm1,0,-5.8,17.8387730795686,standard,0-10 cm,0-5.8 cm
UnivOfMinnesota,min,BAU,CON-4,CON-4-1,1,esm2,0,-5.94693714142543,18.1931260287793,standard,0-10 cm,0-5.9 cm
UnivOfMinnesota,min,BAU,CON-4,CON-4-2,2,esm1,-5.8,-17.5,41.6763496342418,standard,10-30 cm,5.8-17.5 cm
UnivOfMinnesota,min,BAU,CON-4,CON-4-2,2,esm2,-5.94693714142543,-17.8310660297085,43.2204650668214,standard,10-30 cm,5.9-17.8 cm
UnivOfMinnesota,min,BAU,CON-4,CON-4-3,3,esm1,-17.5,-26.7,30.340182646205,standard,30-50 cm,17.5-26.7 cm
UnivOfMinnesota,min,BAU,CON-4,CON-4-3,3,esm2,-17.8310660297085,-26.6978529906741,30.896028937839,standard,30-50 cm,17.8-26.7 cm
UnivOfMinnesota,min,BAU,CON-4,CON-4-4,4,esm1,-26.7,-39.2,18.6363873473496,standard,50-75 cm,26.7-39.2 cm
UnivOfMinnesota,min,BAU,CON-4,CON-4-4,4,esm2,-26.6978529906741,-39.203920468662,22.6851440485739,standard,50-75 cm,26.7-39.2 cm
UnivOfMinnesota,min,BAU,CON-4,CON-4-5,5,esm1,-39.2,-52.6,14.5429989173767,standard,75-100 cm,39.2-52.6 cm
UnivOfMinnesota,min,BAU,CON-4,CON-4-5,5,esm2,-39.203920468662,-53.5085435694857,7.04976337295952,standard,75-100 cm,39.2-53.5 cm
UnivOfMinnesota,min,BAU,CON-5,CON-5-1,1,esm1,0,-5.9,17.9829917182125,standard,0-10 cm,0-5.9 cm
UnivOfMinnesota,min,BAU,CON-5,CON-5-1,1,esm2,0,-5.97006688165222,18.0943155267696,standard,0-10 cm,0-6 cm
UnivOfMinnesota,min,BAU,CON-5,CON-5-2,2,esm1,-5.9,-17.3,41.8858624769115,standard,10-30 cm,5.9-17.3 cm
UnivOfMinnesota,min,BAU,CON-5,CON-5-2,2,esm2,-5.97006688165222,-17.8440974422083,44.1439256640777,standard,10-30 cm,6-17.8 cm
UnivOfMinnesota,min,BAU,CON-5,CON-5-3,3,esm1,-17.3,-26.5,24.4065107506817,standard,30-50 cm,17.3-26.5 cm
UnivOfMinnesota,min,BAU,CON-5,CON-5-3,3,esm2,-17.8440974422083,-25.9844887985799,27.325388886627,standard,30-50 cm,17.8-26 cm
UnivOfMinnesota,min,BAU,CON-5,CON-5-4,4,esm1,-26.5,-40,17.5150031929253,standard,50-75 cm,26.5-40 cm
UnivOfMinnesota,min,BAU,CON-5,CON-5-4,4,esm2,-25.9844887985799,-39.609895952205,19.813180858736,standard,50-75 cm,26-39.6 cm
UnivOfMinnesota,min,BAU,CON-5,CON-5-5,5,esm1,-40,-55.1,18.5246159896603,standard,75-100 cm,40-55.1 cm
UnivOfMinnesota,min,BAU,CON-5,CON-5-5,5,esm2,-39.609895952205,-55.4619556725132,10.9484406476521,standard,75-100 cm,39.6-55.5 cm
UnivOfMinnesota,min,BAU,CON-6,CON-6-1,1,esm1,0,-4.9,18.238936655253,standard,0-10 cm,0-4.9 cm
UnivOfMinnesota,min,BAU,CON-6,CON-6-1,1,esm2,0,-4.93995408077678,18.3802166306921,standard,0-10 cm,0-4.9 cm
UnivOfMinnesota,min,BAU,CON-6,CON-6-2,2,esm1,-4.9,-17.8,42.1365843939714,standard,10-30 cm,4.9-17.8 cm
UnivOfMinnesota,min,BAU,CON-6,CON-6-2,2,esm2,-4.93995408077678,-17.9439059358771,44.4978412863301,standard,10-30 cm,4.9-17.9 cm
UnivOfMinnesota,min,BAU,CON-6,CON-6-3,3,esm1,-17.8,-28.1,26.1405717566926,standard,30-50 cm,17.8-28.1 cm
UnivOfMinnesota,min,BAU,CON-6,CON-6-3,3,esm2,-17.9439059358771,-28.7416308348993,26.9624993499582,standard,30-50 cm,17.9-28.7 cm
UnivOfMinnesota,min,BAU,CON-6,CON-6-4,4,esm1,-28.1,-39.6,18.8018416806189,standard,50-75 cm,28.1-39.6 cm
UnivOfMinnesota,min,BAU,CON-6,CON-6-4,4,esm2,-28.7416308348993,-39.9035120368182,17.2862702576448,standard,50-75 cm,28.7-39.9 cm
UnivOfMinnesota,min,BAU,CON-6,CON-6-5,5,esm1,-39.6,-51.6,9.89647477270216,standard,75-100 cm,39.6-51.6 cm
UnivOfMinnesota,min,BAU,CON-6,CON-6-5,5,esm2,-39.9035120368182,-51.708805189175,10.3258831561157,standard,75-100 cm,39.9-51.7 cm
UnivOfMinnesota,min,BAU,CON-7,CON-7-1,1,esm1,0,-5.7,14.8650362208254,standard,0-10 cm,0-5.7 cm
UnivOfMinnesota,min,BAU,CON-7,CON-7-1,1,esm2,0,-5.80035136631898,14.7800189592935,standard,0-10 cm,0-5.8 cm
UnivOfMinnesota,min,BAU,CON-7,CON-7-2,2,esm1,-5.7,-16.8,42.0311342971797,standard,10-30 cm,5.7-16.8 cm
UnivOfMinnesota,min,BAU,CON-7,CON-7-2,2,esm2,-5.80035136631898,-16.7996316827903,43.988425566944,standard,10-30 cm,5.8-16.8 cm
UnivOfMinnesota,min,BAU,CON-7,CON-7-3,3,esm1,-16.8,-26.3,20.4204402356465,standard,30-50 cm,16.8-26.3 cm
UnivOfMinnesota,min,BAU,CON-7,CON-7-3,3,esm2,-16.7996316827903,-26.2609724642037,22.1725696718881,standard,30-50 cm,16.8-26.3 cm
UnivOfMinnesota,min,BAU,CON-7,CON-7-4,4,esm1,-26.3,-39.3,15.0678411387989,standard,50-75 cm,26.3-39.3 cm
UnivOfMinnesota,min,BAU,CON-7,CON-7-4,4,esm2,-26.2609724642037,-39.7953612515166,10.9736942587294,standard,50-75 cm,26.3-39.8 cm
UnivOfMinnesota,min,BAU,CON-7,CON-7-5,5,esm1,-39.3,-53.9,14.1303661656333,standard,75-100 cm,39.3-53.9 cm
UnivOfMinnesota,min,BAU,CON-7,CON-7-5,5,esm2,-39.7953612515166,-55.2148018167825,15.7256333617726,standard,75-100 cm,39.8-55.2 cm
UnivOfMinnesota,min,BAU,CON-8,CON-8-1,1,esm1,0,-5.6,15.3678524779939,standard,0-10 cm,0-5.6 cm
UnivOfMinnesota,min,BAU,CON-8,CON-8-1,1,esm2,0,-5.72146877959287,15.5919419128342,standard,0-10 cm,0-5.7 cm
UnivOfMinnesota,min,BAU,CON-8,CON-8-2,2,esm1,-5.6,-17.8,35.4623388258817,standard,10-30 cm,5.6-17.8 cm
UnivOfMinnesota,min,BAU,CON-8,CON-8-2,2,esm2,-5.72146877959287,-17.75326584301,36.7608052749881,standard,10-30 cm,5.7-17.8 cm
UnivOfMinnesota,min,BAU,CON-8,CON-8-3,3,esm1,-17.8,-27.2,19.2632251360267,standard,30-50 cm,17.8-27.2 cm
UnivOfMinnesota,min,BAU,CON-8,CON-8-3,3,esm2,-17.75326584301,-27.9941222689585,20.442147146218,standard,30-50 cm,17.8-28 cm
UnivOfMinnesota,min,BAU,CON-8,CON-8-4,4,esm1,-27.2,-38.9,19.8466665691788,standard,50-75 cm,27.2-38.9 cm
UnivOfMinnesota,min,BAU,CON-8,CON-8-4,4,esm2,-27.9941222689585,-38.9594742402325,17.2611217034438,standard,50-75 cm,28-39 cm
UnivOfMinnesota,min,BAU,CON-8,CON-8-5,5,esm1,-38.9,-50.9,11.2162921816697,standard,75-100 cm,38.9-50.9 cm
UnivOfMinnesota,min,BAU,CON-8,CON-8-5,5,esm2,-38.9594742402325,-50.9111699768501,13.3619947010246,standard,75-100 cm,39-50.9 cm
UnivOfMinnesota,min,BAU,CON-9,CON-9-1,1,esm1,0,-4.1,18.0665544248656,standard,0-10 cm,0-4.1 cm
UnivOfMinnesota,min,BAU,CON-9,CON-9-1,1,esm2,0,-4.00377591111782,17.8983854659998,standard,0-10 cm,0-4 cm
UnivOfMinnesota,min,BAU,CON-9,CON-9-2,2,esm1,-4.1,-15.8,45.6981200303708,standard,10-30 cm,4.1-15.8 cm
UnivOfMinnesota,min,BAU,CON-9,CON-9-2,2,esm2,-4.00377591111782,-15.9743256379469,46.8424027426668,standard,10-30 cm,4-16 cm
UnivOfMinnesota,min,BAU,CON-9,CON-9-3,3,esm1,-15.8,-25.5,34.0300201465665,standard,30-50 cm,15.8-25.5 cm
UnivOfMinnesota,min,BAU,CON-9,CON-9-3,3,esm2,-15.9743256379469,-25.5592188228906,34.247336818774,standard,30-50 cm,16-25.6 cm
UnivOfMinnesota,min,BAU,CON-9,CON-9-4,4,esm1,-25.5,-38.1,26.0167499148976,standard,50-75 cm,25.5-38.1 cm
UnivOfMinnesota,min,BAU,CON-9,CON-9-4,4,esm2,-25.5592188228906,-38.5221021971833,28.766936059105,standard,50-75 cm,25.6-38.5 cm
UnivOfMinnesota,min,BAU,CON-9,CON-9-5,5,esm1,-38.1,-50.9,18.081283631122,standard,75-100 cm,38.1-50.9 cm
UnivOfMinnesota,min,BAU,CON-9,CON-9-5,5,esm2,-38.5221021971833,-51.1996219641971,14.1057131366472,standard,75-100 cm,38.5-51.2 cm
UnivOfMinnesota,min,Ref,REF-1,REF-1-1,1,esm1,0,-6.9,32.3493190306326,standard,0-10 cm,0-6.9 cm
UnivOfMinnesota,min,Ref,REF-1,REF-1-1,1,esm2,0,-7.04514785377208,32.9415651132422,standard,0-10 cm,0-7 cm
UnivOfMinnesota,min,Ref,REF-1,REF-1-2,2,esm1,-6.9,-22.9,71.2568481752618,standard,10-30 cm,6.9-22.9 cm
UnivOfMinnesota,min,Ref,REF-1,REF-1-2,2,esm2,-7.04514785377208,-22.8862724950887,70.9774591199647,standard,10-30 cm,7-22.9 cm
UnivOfMinnesota,min,Ref,REF-1,REF-1-3,3,esm1,-22.9,-36.9,56.3227651270783,standard,30-50 cm,22.9-36.9 cm
UnivOfMinnesota,min,Ref,REF-1,REF-1-3,3,esm2,-22.8862724950887,-36.9381313949457,56.2668465372157,standard,30-50 cm,22.9-36.9 cm
UnivOfMinnesota,min,Ref,REF-1,REF-1-4,4,esm1,-36.9,-55.4,67.8319451476235,standard,50-75 cm,36.9-55.4 cm
UnivOfMinnesota,min,Ref,REF-1,REF-1-4,4,esm2,-36.9381313949457,-56.0078930095908,72.9928615202919,standard,50-75 cm,36.9-56 cm
UnivOfMinnesota,min,Ref,REF-1,REF-1-5,5,esm1,-55.4,-75.1,63.2525604553618,standard,75-100 cm,55.4-75.1 cm
UnivOfMinnesota,min,Ref,REF-1,REF-1-5,5,esm2,-56.0078930095908,-75.589770256762307,61.9179035925453,standard,75-100 cm,56-75.6 cm
UnivOfMinnesota,min,Ref,REF-2,REF-2-1,1,esm1,0,-7.8,31.1751582593633,standard,0-10 cm,0-7.8 cm
UnivOfMinnesota,min,Ref,REF-2,REF-2-1,1,esm2,0,-8.02470183740826,31.5934124981235,standard,0-10 cm,0-8 cm
UnivOfMinnesota,min,Ref,REF-2,REF-2-2,2,esm1,-7.8,-25.3,75.6355704703787,standard,10-30 cm,7.8-25.3 cm
UnivOfMinnesota,min,Ref,REF-2,REF-2-2,2,esm2,-8.02470183740826,-25.3162256211534,75.4208612028166,standard,10-30 cm,8-25.3 cm
UnivOfMinnesota,min,Ref,REF-2,REF-2-3,3,esm1,-25.3,-37.1,54.5550384909564,standard,30-50 cm,25.3-37.1 cm
UnivOfMinnesota,min,Ref,REF-2,REF-2-3,3,esm2,-25.3162256211534,-39.3745728263849,60.6071287596658,standard,30-50 cm,25.3-39.4 cm
UnivOfMinnesota,min,Ref,REF-2,REF-2-4,4,esm1,-37.1,-53.2,74.8230688453795,standard,50-75 cm,37.1-53.2 cm
UnivOfMinnesota,min,Ref,REF-2,REF-2-4,4,esm2,-39.3745728263849,-54.8556366207322,74.6940767651045,standard,50-75 cm,39.4-54.9 cm
UnivOfMinnesota,min,Ref,REF-2,REF-2-5,5,esm1,-53.2,-69.4,59.4342502071601,standard,75-100 cm,53.2-69.4 cm
UnivOfMinnesota,min,Ref,REF-2,REF-2-5,5,esm2,-54.8556366207322,-69.6260097488117,68.241404503296,standard,75-100 cm,54.9-69.6 cm
UnivOfMinnesota,min,Ref,REF-3,REF-3-1,1,esm1,0,-6.5,32.5204865973597,standard,0-10 cm,0-6.5 cm
UnivOfMinnesota,min,Ref,REF-3,REF-3-1,1,esm2,0,-6.47684632094504,32.9525334780758,standard,0-10 cm,0-6.5 cm
UnivOfMinnesota,min,Ref,REF-3,REF-3-2,2,esm1,-6.5,-26.6,65.887809441625,standard,10-30 cm,6.5-26.6 cm
UnivOfMinnesota,min,Ref,REF-3,REF-3-2,2,esm2,-6.47684632094504,-27.219826807909,65.4046912817778,standard,10-30 cm,6.5-27.2 cm
UnivOfMinnesota,min,Ref,REF-3,REF-3-3,3,esm1,-26.6,-41.6,53.4802443081761,standard,30-50 cm,26.6-41.6 cm
UnivOfMinnesota,min,Ref,REF-3,REF-3-3,3,esm2,-27.219826807909,-42.3975267958818,56.0774198415745,standard,30-50 cm,27.2-42.4 cm
UnivOfMinnesota,min,Ref,REF-3,REF-3-4,4,esm1,-41.6,-58.8,70.0687935542489,standard,50-75 cm,41.6-58.8 cm
UnivOfMinnesota,min,Ref,REF-3,REF-3-4,4,esm2,-42.3975267958818,-59.1762565926992,70.591153842379,standard,50-75 cm,42.4-59.2 cm
UnivOfMinnesota,min,Ref,REF-3,REF-3-5,5,esm1,-58.8,-76.8,44.4787943408119,standard,75-100 cm,58.8-76.8 cm
UnivOfMinnesota,min,Ref,REF-3,REF-3-5,5,esm2,-59.1762565926992,-77.0983252176607,45.5961077529056,standard,75-100 cm,59.2-77.1 cm
UnivOfMinnesota,min,Ref,REF-4,REF-4-1,1,esm1,0,-7.3,34.5158985897265,standard,0-10 cm,0-7.3 cm
UnivOfMinnesota,min,Ref,REF-4,REF-4-1,1,esm2,0,-7.38859296158715,35.0727680063447,standard,0-10 cm,0-7.4 cm
UnivOfMinnesota,min,Ref,REF-4,REF-4-2,2,esm1,-7.3,-26,73.7315583999129,standard,10-30 cm,7.3-26 cm
UnivOfMinnesota,min,Ref,REF-4,REF-4-2,2,esm2,-7.38859296158715,-26.0444578982731,74.4521467689063,standard,10-30 cm,7.4-26 cm
UnivOfMinnesota,min,Ref,REF-4,REF-4-3,3,esm1,-26,-40.4,47.7552657202881,standard,30-50 cm,26-40.4 cm
UnivOfMinnesota,min,Ref,REF-4,REF-4-3,3,esm2,-26.0444578982731,-41.1111590235526,50.1089545705117,standard,30-50 cm,26-41.1 cm
UnivOfMinnesota,min,Ref,REF-4,REF-4-4,4,esm1,-40.4,-58.8,53.6884086569349,standard,50-75 cm,40.4-58.8 cm
UnivOfMinnesota,min,Ref,REF-4,REF-4-4,4,esm2,-41.1111590235526,-58.9761148743986,53.5366550651192,standard,50-75 cm,41.1-59 cm
UnivOfMinnesota,min,Ref,REF-4,REF-4-5,5,esm1,-58.8,-77.8,32.3633483148636,standard,75-100 cm,58.8-77.8 cm
UnivOfMinnesota,min,Ref,REF-4,REF-4-5,5,esm2,-58.9761148743986,-78.0297677431178,35.2383039806611,standard,75-100 cm,59-78 cm
UnivOfMinnesota,min,Ref,REF-5,REF-5-1,1,esm1,0,-6.9,36.1365079549227,standard,0-10 cm,0-6.9 cm
UnivOfMinnesota,min,Ref,REF-5,REF-5-1,1,esm2,0,-7.06358906858049,37.357580939409,standard,0-10 cm,0-7.1 cm
UnivOfMinnesota,min,Ref,REF-5,REF-5-2,2,esm1,-6.9,-24.3,68.613503846745,standard,10-30 cm,6.9-24.3 cm
UnivOfMinnesota,min,Ref,REF-5,REF-5-2,2,esm2,-7.06358906858049,-23.9739342632322,70.2227964818446,standard,10-30 cm,7.1-24 cm
UnivOfMinnesota,min,Ref,REF-5,REF-5-3,3,esm1,-24.3,-39.5,57.2843613167501,standard,30-50 cm,24.3-39.5 cm
UnivOfMinnesota,min,Ref,REF-5,REF-5-3,3,esm2,-23.9739342632322,-39.5514212437844,55.6539008323217,standard,30-50 cm,24-39.6 cm
UnivOfMinnesota,min,Ref,REF-5,REF-5-4,4,esm1,-39.5,-56.2,47.4555868884802,standard,50-75 cm,39.5-56.2 cm
UnivOfMinnesota,min,Ref,REF-5,REF-5-4,4,esm2,-39.5514212437844,-58.0848659867011,58.0852312455983,standard,50-75 cm,39.6-58.1 cm
UnivOfMinnesota,min,Ref,REF-5,REF-5-5,5,esm1,-56.2,-74.8,49.8189433093141,standard,75-100 cm,56.2-74.8 cm
UnivOfMinnesota,min,Ref,REF-5,REF-5-5,5,esm2,-58.0848659867011,-75.3439739198866,41.5800060874841,standard,75-100 cm,58.1-75.3 cm
UnivOfMinnesota,min,Ref,REF-6,REF-6-1,1,esm1,0,-6.9,39.3523005220325,standard,0-10 cm,0-6.9 cm
UnivOfMinnesota,min,Ref,REF-6,REF-6-1,1,esm2,0,-7.05825470988732,40.7652736425473,standard,0-10 cm,0-7.1 cm
UnivOfMinnesota,min,Ref,REF-6,REF-6-2,2,esm1,-6.9,-23.4,72.3441722458542,standard,10-30 cm,6.9-23.4 cm
UnivOfMinnesota,min,Ref,REF-6,REF-6-2,2,esm2,-7.05825470988732,-23.4945564402143,74.1577861235339,standard,10-30 cm,7.1-23.5 cm
UnivOfMinnesota,min,Ref,REF-6,REF-6-3,3,esm1,-23.4,-37.3,60.4558519467995,standard,30-50 cm,23.4-37.3 cm
UnivOfMinnesota,min,Ref,REF-6,REF-6-3,3,esm2,-23.4945564402143,-37.4840768500366,64.3729660993946,standard,30-50 cm,23.5-37.5 cm
UnivOfMinnesota,min,Ref,REF-6,REF-6-4,4,esm1,-37.3,-55.9,65.3928154691583,standard,50-75 cm,37.3-55.9 cm
UnivOfMinnesota,min,Ref,REF-6,REF-6-4,4,esm2,-37.4840768500366,-56.3967676456531,63.862874868889,standard,50-75 cm,37.5-56.4 cm
UnivOfMinnesota,min,Ref,REF-6,REF-6-5,5,esm1,-55.9,-74.9,38.3996859631899,standard,75-100 cm,55.9-74.9 cm
UnivOfMinnesota,min,Ref,REF-6,REF-6-5,5,esm2,-56.3967676456531,-75.2275056905408,33.3576051758685,standard,75-100 cm,56.4-75.2 cm
UnivOfMinnesota,min,Ref,REF-7,REF-7-1,1,esm1,0,-8.6,31.8310006559778,standard,0-10 cm,0-8.6 cm
UnivOfMinnesota,min,Ref,REF-7,REF-7-1,1,esm2,0,-8.76935741061845,32.5152600541164,standard,0-10 cm,0-8.8 cm
UnivOfMinnesota,min,Ref,REF-7,REF-7-2,2,esm1,-8.6,-28.6,64.1782505347831,standard,10-30 cm,8.6-28.6 cm
UnivOfMinnesota,min,Ref,REF-7,REF-7-2,2,esm2,-8.76935741061845,-28.8739596782653,64.8723286141421,standard,10-30 cm,8.8-28.9 cm
UnivOfMinnesota,min,Ref,REF-7,REF-7-3,3,esm1,-28.6,-42.3,49.2188431566119,standard,30-50 cm,28.6-42.3 cm
UnivOfMinnesota,min,Ref,REF-7,REF-7-3,3,esm2,-28.8739596782653,-43.8057572737006,49.6014254314374,standard,30-50 cm,28.9-43.8 cm
UnivOfMinnesota,min,Ref,REF-7,REF-7-4,4,esm1,-42.3,-58.6,64.7172492231124,standard,50-75 cm,42.3-58.6 cm
UnivOfMinnesota,min,Ref,REF-7,REF-7-4,4,esm2,-43.8057572737006,-58.8837567932727,63.6373349363729,standard,50-75 cm,43.8-58.9 cm
UnivOfMinnesota,min,Ref,REF-7,REF-7-5,5,esm1,-58.6,-74.8,64.6002591057506,standard,75-100 cm,58.6-74.8 cm
UnivOfMinnesota,min,Ref,REF-7,REF-7-5,5,esm2,-58.8837567932727,-74.9349668441376,72.3553892799931,standard,75-100 cm,58.9-74.9 cm
UnivOfMinnesota,min,Ref,REF-8,REF-8-1,1,esm1,0,-7.7,35.39955756778,standard,0-10 cm,0-7.7 cm
UnivOfMinnesota,min,Ref,REF-8,REF-8-1,1,esm2,0,-7.90547841517691,36.2102354759899,standard,0-10 cm,0-7.9 cm
UnivOfMinnesota,min,Ref,REF-8,REF-8-2,2,esm1,-7.7,-23.9,72.0066364899663,standard,10-30 cm,7.7-23.9 cm
UnivOfMinnesota,min,Ref,REF-8,REF-8-2,2,esm2,-7.90547841517691,-24.0663937605639,75.2470445555486,standard,10-30 cm,7.9-24.1 cm
UnivOfMinnesota,min,Ref,REF-8,REF-8-3,3,esm1,-23.9,-37.1,53.3329468345794,standard,30-50 cm,23.9-37.1 cm
UnivOfMinnesota,min,Ref,REF-8,REF-8-3,3,esm2,-24.0663937605639,-37.3520870386569,51.5528100447572,standard,30-50 cm,24.1-37.4 cm
UnivOfMinnesota,min,Ref,REF-8,REF-8-4,4,esm1,-37.1,-54.2,55.1012867053461,standard,50-75 cm,37.1-54.2 cm
UnivOfMinnesota,min,Ref,REF-8,REF-8-4,4,esm2,-37.3520870386569,-54.387259637297,54.0587949027255,standard,50-75 cm,37.4-54.4 cm
UnivOfMinnesota,min,Ref,REF-8,REF-8-5,5,esm1,-54.2,-71.9,46.1450951160347,standard,75-100 cm,54.2-71.9 cm
UnivOfMinnesota,min,Ref,REF-8,REF-8-5,5,esm2,-54.387259637297,-71.9694314836017,45.1103571029084,standard,75-100 cm,54.4-72 cm
UnivOfMinnesota,min,Ref,REF-9,REF-9-1,1,esm1,0,-8,34.9617076002078,standard,0-10 cm,0-8 cm
UnivOfMinnesota,min,Ref,REF-9,REF-9-1,1,esm2,0,-8.25136310178086,36.0405775051903,standard,0-10 cm,0-8.3 cm
UnivOfMinnesota,min,Ref,REF-9,REF-9-2,2,esm1,-8,-25.2,64.4319479563971,standard,10-30 cm,8-25.2 cm
UnivOfMinnesota,min,Ref,REF-9,REF-9-2,2,esm2,-8.25136310178086,-25.2957499046663,63.6366089456155,standard,10-30 cm,8.3-25.3 cm
UnivOfMinnesota,min,Ref,REF-9,REF-9-3,3,esm1,-25.2,-39,48.0837598412165,standard,30-50 cm,25.2-39 cm
UnivOfMinnesota,min,Ref,REF-9,REF-9-3,3,esm2,-25.2957499046663,-39.6973385645677,51.4011936900594,standard,30-50 cm,25.3-39.7 cm
UnivOfMinnesota,min,Ref,REF-9,REF-9-4,4,esm1,-39,-57.2,55.4582630420332,standard,50-75 cm,39-57.2 cm
UnivOfMinnesota,min,Ref,REF-9,REF-9-4,4,esm2,-39.6973385645677,-57.5148528547882,56.1193170536604,standard,50-75 cm,39.7-57.5 cm
UnivOfMinnesota,min,Ref,REF-9,REF-9-5,5,esm1,-57.2,-74.5,28.9321283992538,standard,75-100 cm,57.2-74.5 cm
UnivOfMinnesota,min,Ref,REF-9,REF-9-5,5,esm2,-57.5148528547882,-75.3647049152939,27.1540580195218,standard,75-100 cm,57.5-75.4 cm
WashingtonState,min,SHM,ASP10-1,ASP10-1-1,1,esm1,0,-5.8,11.9374148837209,standard,0-10 cm,0-5.8 cm
WashingtonState,min,SHM,ASP10-1,ASP10-1-1,1,esm2,0,-5.83556711224437,12.1646732443336,standard,0-10 cm,0-5.8 cm
WashingtonState,min,SHM,ASP10-1,ASP10-1-2,2,esm1,-5.8,-20.3,18.5308590697675,standard,10-30 cm,5.8-20.3 cm
WashingtonState,min,SHM,ASP10-1,ASP10-1-2,2,esm2,-5.83556711224437,-20.6274659234609,19.6568525205797,standard,10-30 cm,5.8-20.6 cm
WashingtonState,min,SHM,ASP10-1,ASP10-1-3,3,esm1,-20.3,-32.4,15.0427199999997,standard,30-50 cm,20.3-32.4 cm
WashingtonState,min,SHM,ASP10-1,ASP10-1-3,3,esm2,-20.6274659234609,-32.4105438280146,13.9007742654769,standard,30-50 cm,20.6-32.4 cm
WashingtonState,min,SHM,ASP10-1,ASP10-1-4,4,esm1,-32.4,-50.3,9.29903999999947,standard,50-75 cm,32.4-50.3 cm
WashingtonState,min,SHM,ASP10-1,ASP10-1-4,4,esm2,-32.4105438280146,-50.3135124572751,10.4392470851521,standard,50-75 cm,32.4-50.3 cm
WashingtonState,min,SHM,ASP10-1,ASP10-1-5,5,esm1,-50.3,-70.5,8.84027999999954,standard,75-100 cm,50.3-70.5 cm
WashingtonState,min,SHM,ASP10-1,ASP10-1-5,5,esm2,-50.3135124572751,-70.4576167681993,7.53392929080344,standard,75-100 cm,50.3-70.5 cm
WashingtonState,min,SHM,ASP10-2,ASP10-2-1,1,esm1,0,-5.8,9.04162651162789,standard,0-10 cm,0-5.8 cm
WashingtonState,min,SHM,ASP10-2,ASP10-2-1,1,esm2,0,-5.83248498449981,9.18119577027282,standard,0-10 cm,0-5.8 cm
WashingtonState,min,SHM,ASP10-2,ASP10-2-2,2,esm1,-5.8,-20.4,16.3300013953487,standard,10-30 cm,5.8-20.4 cm
WashingtonState,min,SHM,ASP10-2,ASP10-2-2,2,esm2,-5.83248498449981,-20.976247503299,17.2725237275354,standard,10-30 cm,5.8-21 cm
WashingtonState,min,SHM,ASP10-2,ASP10-2-3,3,esm1,-20.4,-32.5,13.0305999999999,standard,30-50 cm,20.4-32.5 cm
WashingtonState,min,SHM,ASP10-2,ASP10-2-3,3,esm2,-20.976247503299,-32.5693779885157,12.1902381026127,standard,30-50 cm,21-32.6 cm
WashingtonState,min,SHM,ASP10-2,ASP10-2-4,4,esm1,-32.5,-47.5,8.11799999999963,standard,50-75 cm,32.5-47.5 cm
WashingtonState,min,SHM,ASP10-2,ASP10-2-4,4,esm2,-32.5693779885157,-47.4450227509239,9.29414406349085,standard,50-75 cm,32.6-47.4 cm
WashingtonState,min,SHM,ASP10-2,ASP10-2-5,5,esm1,-47.5,-66.4,6.8383199999999,standard,75-100 cm,47.5-66.4 cm
WashingtonState,min,SHM,ASP10-2,ASP10-2-5,5,esm2,-47.4450227509239,-65.9627469041904,5.69569607607531,standard,75-100 cm,47.4-66 cm
WashingtonState,min,SHM,ASP10-3,ASP10-3-1,1,esm1,0,-5.8,4.36457999999999,standard,0-10 cm,0-5.8 cm
WashingtonState,min,SHM,ASP10-3,ASP10-3-1,1,esm2,0,-5.85382493359243,4.41305491923751,standard,0-10 cm,0-5.9 cm
WashingtonState,min,SHM,ASP10-3,ASP10-3-2,2,esm1,-5.8,-17.4,8.04241720930234,standard,10-30 cm,5.8-17.4 cm
WashingtonState,min,SHM,ASP10-3,ASP10-3-2,2,esm2,-5.85382493359243,-18.159177384644,9.28670838272431,standard,10-30 cm,5.9-18.2 cm
WashingtonState,min,SHM,ASP10-3,ASP10-3-3,3,esm1,-17.4,-26.1,6.16308000000004,standard,30-50 cm,17.4-26.1 cm
WashingtonState,min,SHM,ASP10-3,ASP10-3-3,3,esm2,-18.159177384644,-26.0398468779301,5.16922850343139,standard,30-50 cm,18.2-26 cm
WashingtonState,min,SHM,ASP10-3,ASP10-3-4,4,esm1,-26.1,-44.2,2.52955999999987,standard,50-75 cm,26.1-44.2 cm
WashingtonState,min,SHM,ASP10-3,ASP10-3-4,4,esm2,-26.0398468779301,-43.8913456730868,2.61201774795952,standard,50-75 cm,26-43.9 cm
WashingtonState,min,SHM,ASP10-3,ASP10-3-5,5,esm1,-44.2,-62.8,1.89967999999995,standard,75-100 cm,44.2-62.8 cm
WashingtonState,min,SHM,ASP10-3,ASP10-3-5,5,esm2,-43.8913456730868,-63.7939931547999,1.40327619991994,standard,75-100 cm,43.9-63.8 cm
WashingtonState,min,SHM,ASP2-1,ASP2-1-1,1,esm1,0,-7,15.154224,standard,0-10 cm,0-7 cm
WashingtonState,min,SHM,ASP2-1,ASP2-1-1,1,esm2,0,-7.19048734383927,15.5324540775241,standard,0-10 cm,0-7.2 cm
WashingtonState,min,SHM,ASP2-1,ASP2-1-2,2,esm1,-7,-19.4,30.3088619999999,standard,10-30 cm,7-19.4 cm
WashingtonState,min,SHM,ASP2-1,ASP2-1-2,2,esm2,-7.19048734383927,-20.1310703747147,31.0454167700381,standard,10-30 cm,7.2-20.1 cm
WashingtonState,min,SHM,ASP2-1,ASP2-1-3,3,esm1,-19.4,-29.4,25.0693263999999,standard,30-50 cm,19.4-29.4 cm
WashingtonState,min,SHM,ASP2-1,ASP2-1-3,3,esm2,-20.1310703747147,-29.3485387371021,24.1118639476739,standard,30-50 cm,20.1-29.3 cm
WashingtonState,min,SHM,ASP2-1,ASP2-1-4,4,esm1,-29.4,-45,26.7689136000005,standard,50-75 cm,29.4-45 cm
WashingtonState,min,SHM,ASP2-1,ASP2-1-4,4,esm2,-29.3485387371021,-43.985299257579896,29.8316105616663,standard,50-75 cm,29.3-44 cm
WashingtonState,min,SHM,ASP2-1,ASP2-1-5,5,esm1,-45,-63.1,31.0588036000006,standard,75-100 cm,45-63.1 cm
WashingtonState,min,SHM,ASP2-1,ASP2-1-5,5,esm2,-43.985299257579896,-62.9732259595528,28.522205321381,standard,75-100 cm,44-63 cm
WashingtonState,min,SHM,ASP2-2,ASP2-2-1,1,esm1,0,-10,15.149385,standard,0-10 cm,0-10 cm
WashingtonState,min,SHM,ASP2-2,ASP2-2-1,1,esm2,0,-10,15.149385,standard,0-10 cm,0-10 cm
WashingtonState,min,SHM,ASP2-2,ASP2-2-2,2,esm1,-10,-24.3,23.0890230999999,standard,10-30 cm,10-24.3 cm
WashingtonState,min,SHM,ASP2-2,ASP2-2-2,2,esm2,-10,-25.7213249799316,26.5304434344423,standard,10-30 cm,10-25.7 cm
WashingtonState,min,SHM,ASP2-2,ASP2-2-3,3,esm1,-24.3,-36.8,17.2290142599998,standard,30-50 cm,24.3-36.8 cm
WashingtonState,min,SHM,ASP2-2,ASP2-2-3,3,esm2,-25.7213249799316,-36.1867501059088,14.3207358847223,standard,30-50 cm,25.7-36.2 cm
WashingtonState,min,SHM,ASP2-2,ASP2-2-4,4,esm1,-36.8,-54.6,17.7868849599996,standard,50-75 cm,36.8-54.6 cm
WashingtonState,min,SHM,ASP2-2,ASP2-2-4,4,esm2,-36.1867501059088,-53.9271420375725,19.4079402207092,standard,50-75 cm,36.2-53.9 cm
WashingtonState,min,SHM,ASP2-2,ASP2-2-5,5,esm1,-54.6,-75.1,20.4848955999989,standard,75-100 cm,54.6-75.1 cm
WashingtonState,min,SHM,ASP2-2,ASP2-2-5,5,esm2,-53.9271420375725,-75.1868434731319,18.8448370464077,standard,75-100 cm,53.9-75.2 cm
WashingtonState,min,SHM,ASP2-3,ASP2-3-1,1,esm1,0,-8,14.719851,standard,0-10 cm,0-8 cm
WashingtonState,min,SHM,ASP2-3,ASP2-3-1,1,esm2,0,-8.12819192964903,14.6705170401192,standard,0-10 cm,0-8.1 cm
WashingtonState,min,SHM,ASP2-3,ASP2-3-2,2,esm1,-8,-21.8,36.8313500000001,standard,10-30 cm,8-21.8 cm
WashingtonState,min,SHM,ASP2-3,ASP2-3-2,2,esm2,-8.12819192964903,-23.5810358596136,40.7234189186083,standard,10-30 cm,8.1-23.6 cm
WashingtonState,min,SHM,ASP2-3,ASP2-3-3,3,esm1,-21.8,-33.2,31.1951879999998,standard,30-50 cm,21.8-33.2 cm
WashingtonState,min,SHM,ASP2-3,ASP2-3-3,3,esm2,-23.5810358596136,-34.028638356842,29.6279580701141,standard,30-50 cm,23.6-34 cm
WashingtonState,min,SHM,ASP2-3,ASP2-3-4,4,esm1,-33.2,-48.1,33.8208039999999,standard,50-75 cm,33.2-48.1 cm
WashingtonState,min,SHM,ASP2-3,ASP2-3-4,4,esm2,-34.028638356842,-47.5874864397009,34.5189441261023,standard,50-75 cm,34-47.6 cm
WashingtonState,min,SHM,ASP2-3,ASP2-3-5,5,esm1,-48.1,-64.8,32.0157568800002,standard,75-100 cm,48.1-64.8 cm
WashingtonState,min,SHM,ASP2-3,ASP2-3-5,5,esm2,-47.5874864397009,-64.8364566754687,29.4267858012197,standard,75-100 cm,47.6-64.8 cm
WashingtonState,min,SHM,ASP6-1,ASP6-1-1,1,esm1,0,-5.8,14.15004,standard,0-10 cm,0-5.8 cm
WashingtonState,min,SHM,ASP6-1,ASP6-1-1,1,esm2,0,-5.84581534792879,14.4151101736429,standard,0-10 cm,0-5.8 cm
WashingtonState,min,SHM,ASP6-1,ASP6-1-2,2,esm1,-5.8,-20.1,24.3594599999999,standard,10-30 cm,5.8-20.1 cm
WashingtonState,min,SHM,ASP6-1,ASP6-1-2,2,esm2,-5.84581534792879,-20.4411161116147,25.188066163119,standard,10-30 cm,5.8-20.4 cm
WashingtonState,min,SHM,ASP6-1,ASP6-1-3,3,esm1,-20.1,-31.6,16.3770599999999,standard,30-50 cm,20.1-31.6 cm
WashingtonState,min,SHM,ASP6-1,ASP6-1-3,3,esm2,-20.4411161116147,-31.6611773678449,16.9330746246575,standard,30-50 cm,20.4-31.7 cm
WashingtonState,min,SHM,ASP6-1,ASP6-1-4,4,esm1,-31.6,-46.8,12.60992,standard,50-75 cm,31.6-46.8 cm
WashingtonState,min,SHM,ASP6-1,ASP6-1-4,4,esm2,-31.6611773678449,-46.7820692630542,11.3213997580907,standard,50-75 cm,31.7-46.8 cm
WashingtonState,min,SHM,ASP6-1,ASP6-1-5,5,esm1,-46.8,-65,8.88352000000094,standard,75-100 cm,46.8-65 cm
WashingtonState,min,SHM,ASP6-1,ASP6-1-5,5,esm2,-46.7820692630542,-65.1426466440225,8.91151610617379,standard,75-100 cm,46.8-65.1 cm
WashingtonState,min,SHM,ASP6-2,ASP6-2-1,1,esm1,0,-7,13.3395,standard,0-10 cm,0-7 cm
WashingtonState,min,SHM,ASP6-2,ASP6-2-1,1,esm2,0,-7.0703827253175,13.546828148626,standard,0-10 cm,0-7.1 cm
WashingtonState,min,SHM,ASP6-2,ASP6-2-2,2,esm1,-7,-22.9,24.7369500000001,standard,10-30 cm,7-22.9 cm
WashingtonState,min,SHM,ASP6-2,ASP6-2-2,2,esm2,-7.0703827253175,-22.6968735616932,27.0318473643714,standard,10-30 cm,7.1-22.7 cm
WashingtonState,min,SHM,ASP6-2,ASP6-2-3,3,esm1,-22.9,-37.7,18.7489499999998,standard,30-50 cm,22.9-37.7 cm
WashingtonState,min,SHM,ASP6-2,ASP6-2-3,3,esm2,-22.6968735616932,-37.2089628221284,16.6231473601106,standard,30-50 cm,22.7-37.2 cm
WashingtonState,min,SHM,ASP6-2,ASP6-2-4,4,esm1,-37.7,-62.8,15.6812,standard,50-75 cm,37.7-62.8 cm
WashingtonState,min,SHM,ASP6-2,ASP6-2-4,4,esm2,-37.2089628221284,-66.2318008320831,16.3367806738395,standard,50-75 cm,37.2-66.2 cm
WashingtonState,min,SHM,ASP6-2,ASP6-2-5,5,esm1,-62.8,-80.9,13.8827000000004,standard,75-100 cm,62.8-80.9 cm
WashingtonState,min,SHM,ASP6-2,ASP6-2-5,5,esm2,-66.2318008320831,-82.4521802893953,13.6979623555131,standard,75-100 cm,66.2-82.5 cm
WashingtonState,min,SHM,ASP6-3,ASP6-3-1,1,esm1,0,-5.4,15.1769,standard,0-10 cm,0-5.4 cm
WashingtonState,min,SHM,ASP6-3,ASP6-3-1,1,esm2,0,-5.43125462732537,15.3421762861809,standard,0-10 cm,0-5.4 cm
WashingtonState,min,SHM,ASP6-3,ASP6-3-2,2,esm1,-5.4,-19.7,29.02186,standard,10-30 cm,5.4-19.7 cm
WashingtonState,min,SHM,ASP6-3,ASP6-3-2,2,esm2,-5.43125462732537,-19.4468898698469,29.1484809999525,standard,10-30 cm,5.4-19.4 cm
WashingtonState,min,SHM,ASP6-3,ASP6-3-3,3,esm1,-19.7,-32.7,22.3380900000001,standard,30-50 cm,19.7-32.7 cm
WashingtonState,min,SHM,ASP6-3,ASP6-3-3,3,esm2,-19.4468898698469,-32.3826791512179,23.3922464350154,standard,30-50 cm,19.4-32.4 cm
WashingtonState,min,SHM,ASP6-3,ASP6-3-4,4,esm1,-32.7,-54.5,24.2743000000004,standard,50-75 cm,32.7-54.5 cm
WashingtonState,min,SHM,ASP6-3,ASP6-3-4,4,esm2,-32.3826791512179,-54.7580977051954,24.1294031140366,standard,50-75 cm,32.4-54.8 cm
WashingtonState,min,SHM,ASP6-3,ASP6-3-5,5,esm1,-54.5,-74.9,22.4735400000006,standard,75-100 cm,54.5-74.9 cm
WashingtonState,min,SHM,ASP6-3,ASP6-3-5,5,esm2,-54.7580977051954,-75.8220903012488,22.3245699243849,standard,75-100 cm,54.8-75.8 cm
WashingtonState,min,SHM,ASP9-1,ASP9-1-1,1,esm1,0,-6.9,16.6931115,standard,0-10 cm,0-6.9 cm
WashingtonState,min,SHM,ASP9-1,ASP9-1-1,1,esm2,0,-6.88684792081408,16.9263956857761,standard,0-10 cm,0-6.9 cm
WashingtonState,min,SHM,ASP9-1,ASP9-1-2,2,esm1,-6.9,-23,25.8769485000002,standard,10-30 cm,6.9-23 cm
WashingtonState,min,SHM,ASP9-1,ASP9-1-2,2,esm2,-6.88684792081408,-24.655905239737,26.509357200025,standard,10-30 cm,6.9-24.7 cm
WashingtonState,min,SHM,ASP9-1,ASP9-1-3,3,esm1,-23,-35.2,22.2848798000001,standard,30-50 cm,23-35.2 cm
WashingtonState,min,SHM,ASP9-1,ASP9-1-3,3,esm2,-24.655905239737,-34.6080829784028,20.4115362284038,standard,30-50 cm,24.7-34.6 cm
WashingtonState,min,SHM,ASP9-1,ASP9-1-4,4,esm1,-35.2,-51.1,32.7639215999989,standard,50-75 cm,35.2-51.1 cm
WashingtonState,min,SHM,ASP9-1,ASP9-1-4,4,esm2,-34.6080829784028,-50.4884590259907,33.4342779493854,standard,50-75 cm,34.6-50.5 cm
WashingtonState,min,SHM,ASP9-1,ASP9-1-5,5,esm1,-51.1,-69.7,34.891203199999,standard,75-100 cm,51.1-69.7 cm
WashingtonState,min,SHM,ASP9-1,ASP9-1-5,5,esm2,-50.4884590259907,-69.7765742004757,37.267794641298,standard,75-100 cm,50.5-69.8 cm
WashingtonState,min,SHM,ASP9-2,ASP9-2-1,1,esm1,0,-5.5,14.656935,standard,0-10 cm,0-5.5 cm
WashingtonState,min,SHM,ASP9-2,ASP9-2-1,1,esm2,0,-5.5532680879671,14.8571374599555,standard,0-10 cm,0-5.6 cm
WashingtonState,min,SHM,ASP9-2,ASP9-2-2,2,esm1,-5.5,-22.4,27.0881226,standard,10-30 cm,5.5-22.4 cm
WashingtonState,min,SHM,ASP9-2,ASP9-2-2,2,esm2,-5.5532680879671,-23.7331650647372,28.9109237816003,standard,10-30 cm,5.6-23.7 cm
WashingtonState,min,SHM,ASP9-2,ASP9-2-3,3,esm1,-22.4,-35.2,20.1608770000001,standard,30-50 cm,22.4-35.2 cm
WashingtonState,min,SHM,ASP9-2,ASP9-2-3,3,esm2,-23.7331650647372,-35.3610291542346,18.4515592079172,standard,30-50 cm,23.7-35.4 cm
WashingtonState,min,SHM,ASP9-2,ASP9-2-4,4,esm1,-35.2,-49.8,23.2312718000004,standard,50-75 cm,35.2-49.8 cm
WashingtonState,min,SHM,ASP9-2,ASP9-2-4,4,esm2,-35.3610291542346,-49.9282652127587,23.6500325590307,standard,50-75 cm,35.4-49.9 cm
WashingtonState,min,SHM,ASP9-2,ASP9-2-5,5,esm1,-49.8,-66.8,22.5352284600007,standard,75-100 cm,49.8-66.8 cm
WashingtonState,min,SHM,ASP9-2,ASP9-2-5,5,esm2,-49.9282652127587,-66.6756469355163,23.7123065483005,standard,75-100 cm,49.9-66.7 cm
WashingtonState,min,SHM,ASP9-3,ASP9-3-1,1,esm1,0,-5.7,18.4427356,standard,0-10 cm,0-5.7 cm
WashingtonState,min,SHM,ASP9-3,ASP9-3-1,1,esm2,0,-5.73373875719573,18.6512601945384,standard,0-10 cm,0-5.7 cm
WashingtonState,min,SHM,ASP9-3,ASP9-3-2,2,esm1,-5.7,-24.8,22.1377479999998,standard,10-30 cm,5.7-24.8 cm
WashingtonState,min,SHM,ASP9-3,ASP9-3-2,2,esm2,-5.73373875719573,-25.8417639178766,22.8918307601972,standard,10-30 cm,5.7-25.8 cm
WashingtonState,min,SHM,ASP9-3,ASP9-3-3,3,esm1,-24.8,-38.1,13.3293379800001,standard,30-50 cm,24.8-38.1 cm
WashingtonState,min,SHM,ASP9-3,ASP9-3-3,3,esm2,-25.8417639178766,-37.6155362921876,13.2308557471474,standard,30-50 cm,25.8-37.6 cm
WashingtonState,min,SHM,ASP9-3,ASP9-3-4,4,esm1,-38.1,-56.5,15.0193068200005,standard,50-75 cm,38.1-56.5 cm
WashingtonState,min,SHM,ASP9-3,ASP9-3-4,4,esm2,-37.6155362921876,-56.1561652724481,14.6155219998197,standard,50-75 cm,37.6-56.2 cm
WashingtonState,min,SHM,ASP9-3,ASP9-3-5,5,esm1,-56.5,-80.7,13.576625920001,standard,75-100 cm,56.5-80.7 cm
WashingtonState,min,SHM,ASP9-3,ASP9-3-5,5,esm2,-56.1561652724481,-80.6265511464648,13.2497653415525,standard,75-100 cm,56.2-80.6 cm
WashingtonState,min,BAU,BAU3-1,BAU3-1-1,1,esm1,0,-7.7,11.05555,standard,0-10 cm,0-7.7 cm
WashingtonState,min,BAU,BAU3-1,BAU3-1-1,1,esm2,0,-7.76047800261648,11.2458856402311,standard,0-10 cm,0-7.8 cm
WashingtonState,min,BAU,BAU3-1,BAU3-1-2,2,esm1,-7.7,-23.2,15.7070099999998,standard,10-30 cm,7.7-23.2 cm
WashingtonState,min,BAU,BAU3-1,BAU3-1-2,2,esm2,-7.76047800261648,-24.9305737976987,18.4455449892874,standard,10-30 cm,7.8-24.9 cm
WashingtonState,min,BAU,BAU3-1,BAU3-1-3,3,esm1,-23.2,-35.8,11.5433999999998,standard,30-50 cm,23.2-35.8 cm
WashingtonState,min,BAU,BAU3-1,BAU3-1-3,3,esm2,-24.9305737976987,-35.6488674652329,8.85826545946201,standard,30-50 cm,24.9-35.6 cm
WashingtonState,min,BAU,BAU3-1,BAU3-1-4,4,esm1,-35.8,-53.3,8.71849999999945,standard,50-75 cm,35.8-53.3 cm
WashingtonState,min,BAU,BAU3-1,BAU3-1-4,4,esm2,-35.6488674652329,-52.6774075167971,9.1766503445325,standard,50-75 cm,35.6-52.7 cm
WashingtonState,min,BAU,BAU3-1,BAU3-1-5,5,esm1,-53.3,-73.3,9.90261999999959,standard,75-100 cm,53.3-73.3 cm
WashingtonState,min,BAU,BAU3-1,BAU3-1-5,5,esm2,-52.6774075167971,-73.4435427506892,9.18715648257783,standard,75-100 cm,52.7-73.4 cm
WashingtonState,min,BAU,BAU3-2,BAU3-2-1,1,esm1,0,-8.2,9.15152,standard,0-10 cm,0-8.2 cm
WashingtonState,min,BAU,BAU3-2,BAU3-2-1,1,esm2,0,-8.29561711965663,9.32669874399901,standard,0-10 cm,0-8.3 cm
WashingtonState,min,BAU,BAU3-2,BAU3-2-2,2,esm1,-8.2,-24.6,13.7453399999999,standard,10-30 cm,8.2-24.6 cm
WashingtonState,min,BAU,BAU3-2,BAU3-2-2,2,esm2,-8.29561711965663,-26.8641557740116,15.6818534679892,standard,10-30 cm,8.3-26.9 cm
WashingtonState,min,BAU,BAU3-2,BAU3-2-3,3,esm1,-24.6,-38.1,11.2078399999999,standard,30-50 cm,24.6-38.1 cm
WashingtonState,min,BAU,BAU3-2,BAU3-2-3,3,esm2,-26.8641557740116,-38.136675096747,9.13490477742703,standard,30-50 cm,26.9-38.1 cm
WashingtonState,min,BAU,BAU3-2,BAU3-2-4,4,esm1,-38.1,-54.2,10.3683999999999,standard,50-75 cm,38.1-54.2 cm
WashingtonState,min,BAU,BAU3-2,BAU3-2-4,4,esm2,-38.136675096747,-53.8496255894451,10.691088863734,standard,50-75 cm,38.1-53.8 cm
WashingtonState,min,BAU,BAU3-2,BAU3-2-5,5,esm1,-54.2,-72.7,11.9139999999998,standard,75-100 cm,54.2-72.7 cm
WashingtonState,min,BAU,BAU3-2,BAU3-2-5,5,esm2,-53.8496255894451,-72.6953299561493,11.5888341523564,standard,75-100 cm,53.8-72.7 cm
WashingtonState,min,BAU,BAU3-3,BAU3-3-1,1,esm1,0,-8,9.9072,standard,0-10 cm,0-8 cm
WashingtonState,min,BAU,BAU3-3,BAU3-3-1,1,esm2,0,-8.13137417762622,10.1454518288926,standard,0-10 cm,0-8.1 cm
WashingtonState,min,BAU,BAU3-3,BAU3-3-2,2,esm1,-8,-24.3,14.3427999999999,standard,10-30 cm,8-24.3 cm
WashingtonState,min,BAU,BAU3-3,BAU3-3-2,2,esm2,-8.13137417762622,-25.3794409640635,15.8359051228357,standard,10-30 cm,8.1-25.4 cm
WashingtonState,min,BAU,BAU3-3,BAU3-3-3,3,esm1,-24.3,-37.7,9.85503000000001,standard,30-50 cm,24.3-37.7 cm
WashingtonState,min,BAU,BAU3-3,BAU3-3-3,3,esm2,-25.3794409640635,-37.3829368422074,8.59610525555627,standard,30-50 cm,25.4-37.4 cm
WashingtonState,min,BAU,BAU3-3,BAU3-3-4,4,esm1,-37.7,-56.4,9.44163000000065,standard,50-75 cm,37.7-56.4 cm
WashingtonState,min,BAU,BAU3-3,BAU3-3-4,4,esm2,-37.3829368422074,-56.3731851111688,10.105570377961,standard,50-75 cm,37.4-56.4 cm
WashingtonState,min,BAU,BAU3-3,BAU3-3-5,5,esm1,-56.4,-77.9,9.62874000000044,standard,75-100 cm,56.4-77.9 cm
WashingtonState,min,BAU,BAU3-3,BAU3-3-5,5,esm2,-56.3731851111688,-77.4329689794465,8.82810379368257,standard,75-100 cm,56.4-77.4 cm
WashingtonState,min,BAU,BAU8-1,BAU8-1-1,1,esm1,0,-6.1,11.9770566666667,standard,0-10 cm,0-6.1 cm
WashingtonState,min,BAU,BAU8-1,BAU8-1-1,1,esm2,0,-6.14276931519296,12.0885538121818,standard,0-10 cm,0-6.1 cm
WashingtonState,min,BAU,BAU8-1,BAU8-1-2,2,esm1,-6.1,-25,32.9345877777777,standard,10-30 cm,6.1-25 cm
WashingtonState,min,BAU,BAU8-1,BAU8-1-2,2,esm2,-6.14276931519296,-24.8212351319162,32.8080951626747,standard,10-30 cm,6.1-24.8 cm
WashingtonState,min,BAU,BAU8-1,BAU8-1-3,3,esm1,-25,-42.8,32.1621415999998,standard,30-50 cm,25-42.8 cm
WashingtonState,min,BAU,BAU8-1,BAU8-1-3,3,esm2,-24.8212351319162,-43.0172674776104,30.8454109258858,standard,30-50 cm,24.8-43 cm
WashingtonState,min,BAU,BAU8-1,BAU8-1-4,4,esm1,-42.8,-67.8,46.2832999999989,standard,50-75 cm,42.8-67.8 cm
WashingtonState,min,BAU,BAU8-1,BAU8-1-4,4,esm2,-43.0172674776104,-68.348097932493,48.0728942752152,standard,50-75 cm,43-68.3 cm
WashingtonState,min,BAU,BAU8-1,BAU8-1-5,5,esm1,-67.8,-93.4,45.6829183999989,standard,75-100 cm,67.8-93.4 cm
WashingtonState,min,BAU,BAU8-1,BAU8-1-5,5,esm2,-68.348097932493,-94.2091816019176,47.5497027350439,standard,75-100 cm,68.3-94.2 cm
WashingtonState,min,BAU,BAU8-2,BAU8-2-1,1,esm1,0,-6.1,11.6399968814815,standard,0-10 cm,0-6.1 cm
WashingtonState,min,BAU,BAU8-2,BAU8-2-1,1,esm2,0,-6.1651612120567,11.786867773612,standard,0-10 cm,0-6.2 cm
WashingtonState,min,BAU,BAU8-2,BAU8-2-2,2,esm1,-6.1,-22.3,28.9930652666668,standard,10-30 cm,6.1-22.3 cm
WashingtonState,min,BAU,BAU8-2,BAU8-2-2,2,esm2,-6.1651612120567,-22.3535004617978,29.1081601790667,standard,10-30 cm,6.2-22.4 cm
WashingtonState,min,BAU,BAU8-2,BAU8-2-3,3,esm1,-22.3,-36.3,25.2019091185188,standard,30-50 cm,22.3-36.3 cm
WashingtonState,min,BAU,BAU8-2,BAU8-2-3,3,esm2,-22.3535004617978,-36.0022478006448,23.2026859652419,standard,30-50 cm,22.4-36 cm
WashingtonState,min,BAU,BAU8-2,BAU8-2-4,4,esm1,-36.3,-55.9,35.4612012740747,standard,50-75 cm,36.3-55.9 cm
WashingtonState,min,BAU,BAU8-2,BAU8-2-4,4,esm2,-36.0022478006448,-55.9979527446408,37.375034641998,standard,50-75 cm,36-56 cm
WashingtonState,min,BAU,BAU8-2,BAU8-2-5,5,esm1,-55.9,-79.1,54.8139970962955,standard,75-100 cm,55.9-79.1 cm
WashingtonState,min,BAU,BAU8-2,BAU8-2-5,5,esm2,-55.9979527446408,-79.3911060627613,55.5907976801159,standard,75-100 cm,56-79.4 cm
WashingtonState,min,BAU,BAU8-3,BAU8-3-1,1,esm1,0,-6.1,13.6065634,standard,0-10 cm,0-6.1 cm
WashingtonState,min,BAU,BAU8-3,BAU8-3-1,1,esm2,0,-6.20385690922434,13.8230803768224,standard,0-10 cm,0-6.2 cm
WashingtonState,min,BAU,BAU8-3,BAU8-3-2,2,esm1,-6.1,-17.8,31.0782642444443,standard,10-30 cm,6.1-17.8 cm
WashingtonState,min,BAU,BAU8-3,BAU8-3-2,2,esm2,-6.20385690922434,-18.2127435198591,31.2210908803564,standard,10-30 cm,6.2-18.2 cm
WashingtonState,min,BAU,BAU8-3,BAU8-3-3,3,esm1,-17.8,-28.5,25.9055452999999,standard,30-50 cm,17.8-28.5 cm
WashingtonState,min,BAU,BAU8-3,BAU8-3-3,3,esm2,-18.2127435198591,-27.3326582207116,25.6802571218416,standard,30-50 cm,18.2-27.3 cm
WashingtonState,min,BAU,BAU8-3,BAU8-3-4,4,esm1,-28.5,-50.3,35.712869,standard,50-75 cm,28.5-50.3 cm
WashingtonState,min,BAU,BAU8-3,BAU8-3-4,4,esm2,-27.3326582207116,-49.5222424344002,36.1661884912507,standard,50-75 cm,27.3-49.5 cm
WashingtonState,min,BAU,BAU8-3,BAU8-3-5,5,esm1,-50.3,-72.8,37.2590856000001,standard,75-100 cm,50.3-72.8 cm
WashingtonState,min,BAU,BAU8-3,BAU8-3-5,5,esm2,-49.5222424344002,-73.7361427254058,38.099225104703,standard,75-100 cm,49.5-73.7 cm
WashingtonState,min,BAU,BAU9-1,BAU9-1-1,1,esm1,0,-7.4,8.23401,standard,0-10 cm,0-7.4 cm
WashingtonState,min,BAU,BAU9-1,BAU9-1-1,1,esm2,0,-7.49399656905871,8.35127394497998,standard,0-10 cm,0-7.5 cm
WashingtonState,min,BAU,BAU9-1,BAU9-1-2,2,esm1,-7.4,-20.5,18.7082085,standard,10-30 cm,7.4-20.5 cm
WashingtonState,min,BAU,BAU9-1,BAU9-1-2,2,esm2,-7.49399656905871,-22.9638115898663,19.2978362813829,standard,10-30 cm,7.5-23 cm
WashingtonState,min,BAU,BAU9-1,BAU9-1-3,3,esm1,-20.5,-30.7,15.6963414000002,standard,30-50 cm,20.5-30.7 cm
WashingtonState,min,BAU,BAU9-1,BAU9-1-3,3,esm2,-22.9638115898663,-31.1091978911897,15.2471446903763,standard,30-50 cm,23-31.1 cm
WashingtonState,min,BAU,BAU9-1,BAU9-1-4,4,esm1,-30.7,-45.9,18.1780331000002,standard,50-75 cm,30.7-45.9 cm
WashingtonState,min,BAU,BAU9-1,BAU9-1-4,4,esm2,-31.1091978911897,-45.0853717485663,19.4586857093661,standard,50-75 cm,31.1-45.1 cm
WashingtonState,min,BAU,BAU9-1,BAU9-1-5,5,esm1,-45.9,-63.6,20.0856060000001,standard,75-100 cm,45.9-63.6 cm
WashingtonState,min,BAU,BAU9-1,BAU9-1-5,5,esm2,-45.0853717485663,-63.8292084340302,19.3899444590312,standard,75-100 cm,45.1-63.8 cm
WashingtonState,min,BAU,BAU9-2,BAU9-2-1,1,esm1,0,-7.6,8.97057440000001,standard,0-10 cm,0-7.6 cm
WashingtonState,min,BAU,BAU9-2,BAU9-2-1,1,esm2,0,-7.75184131647406,9.0432396671615,standard,0-10 cm,0-7.8 cm
WashingtonState,min,BAU,BAU9-2,BAU9-2-2,2,esm1,-7.6,-19.8,19.0398072,standard,10-30 cm,7.6-19.8 cm
WashingtonState,min,BAU,BAU9-2,BAU9-2-2,2,esm2,-7.75184131647406,-21.3398196408271,20.6787699616584,standard,10-30 cm,7.8-21.3 cm
WashingtonState,min,BAU,BAU9-2,BAU9-2-3,3,esm1,-19.8,-29.5,15.7071324000002,standard,30-50 cm,19.8-29.5 cm
WashingtonState,min,BAU,BAU9-2,BAU9-2-3,3,esm2,-21.3398196408271,-29.7360636430646,14.3675104362259,standard,30-50 cm,21.3-29.7 cm
WashingtonState,min,BAU,BAU9-2,BAU9-2-4,4,esm1,-29.5,-46,16.5270524999998,standard,50-75 cm,29.5-46 cm
WashingtonState,min,BAU,BAU9-2,BAU9-2-4,4,esm2,-29.7360636430646,-43.0502129075733,17.6175375009704,standard,50-75 cm,29.7-43.1 cm
WashingtonState,min,BAU,BAU9-2,BAU9-2-5,5,esm1,-46,-68.8,16.6744746799996,standard,75-100 cm,46-68.8 cm
WashingtonState,min,BAU,BAU9-2,BAU9-2-5,5,esm2,-43.0502129075733,-69.0497874099169,15.4538520544936,standard,75-100 cm,43.1-69 cm
WashingtonState,min,BAU,BAU9-3,BAU9-3-1,1,esm1,0,-5.9,9.62132039999999,standard,0-10 cm,0-5.9 cm
WashingtonState,min,BAU,BAU9-3,BAU9-3-1,1,esm2,0,-5.95650515183974,9.75903542457991,standard,0-10 cm,0-6 cm
WashingtonState,min,BAU,BAU9-3,BAU9-3-2,2,esm1,-5.9,-22.9,22.5639773555556,standard,10-30 cm,5.9-22.9 cm
WashingtonState,min,BAU,BAU9-3,BAU9-3-2,2,esm2,-5.95650515183974,-23.0979389643393,23.0433834244701,standard,10-30 cm,6-23.1 cm
WashingtonState,min,BAU,BAU9-3,BAU9-3-3,3,esm1,-22.9,-37.1,16.7353605629632,standard,30-50 cm,22.9-37.1 cm
WashingtonState,min,BAU,BAU9-3,BAU9-3-3,3,esm2,-23.0979389643393,-37.2051753827352,17.0545081406811,standard,30-50 cm,23.1-37.2 cm
WashingtonState,min,BAU,BAU9-3,BAU9-3-4,4,esm1,-37.1,-56.7,20.5806722074081,standard,50-75 cm,37.1-56.7 cm
WashingtonState,min,BAU,BAU9-3,BAU9-3-4,4,esm2,-37.2051753827352,-56.9311109986841,20.1691763117529,standard,50-75 cm,37.2-56.9 cm
WashingtonState,min,BAU,BAU9-3,BAU9-3-5,5,esm1,-56.7,-75.6,14.6427965814823,standard,75-100 cm,56.7-75.6 cm
WashingtonState,min,BAU,BAU9-3,BAU9-3-5,5,esm2,-56.9311109986841,-75.9711074350274,15.399079706863,standard,75-100 cm,56.9-76 cm
WashingtonState,min,Ref,PGL7-7a,PGL7-7a-1,1,esm1,0,-6,10.4033528181818,standard,0-10 cm,0-6 cm
WashingtonState,min,Ref,PGL7-7a,PGL7-7a-1,1,esm2,0,-6.07959455922833,10.5813765128634,standard,0-10 cm,0-6.1 cm
WashingtonState,min,Ref,PGL7-7a,PGL7-7a-2,2,esm1,-6,-20.5,20.5262225227274,standard,10-30 cm,6-20.5 cm
WashingtonState,min,Ref,PGL7-7a,PGL7-7a-2,2,esm2,-6.07959455922833,-20.5207966358613,20.5862583813993,standard,10-30 cm,6.1-20.5 cm
WashingtonState,min,Ref,PGL7-7a,PGL7-7a-3,3,esm1,-20.5,-32.1,7.22427699999983,standard,30-50 cm,20.5-32.1 cm
WashingtonState,min,Ref,PGL7-7a,PGL7-7a-3,3,esm2,-20.5207966358613,-32.1535066289831,8.48812186992022,standard,30-50 cm,20.5-32.2 cm
WashingtonState,min,Ref,PGL7-7a,PGL7-7a-4,4,esm1,-32.1,-47.9,8.67219025000009,standard,50-75 cm,32.1-47.9 cm
WashingtonState,min,Ref,PGL7-7a,PGL7-7a-4,4,esm2,-32.1535066289831,-47.916864405533,7.23772990215939,standard,50-75 cm,32.2-47.9 cm
WashingtonState,min,Ref,PGL7-7a,PGL7-7a-5,5,esm1,-47.9,-65.9,7.81022462000053,standard,75-100 cm,47.9-65.9 cm
WashingtonState,min,Ref,PGL7-7a,PGL7-7a-5,5,esm2,-47.916864405533,-65.7628624357643,7.90615061449077,standard,75-100 cm,47.9-65.8 cm
WashingtonState,min,Ref,PGL7-7b,PGL7-7b-1,1,esm1,0,-7.4,13.601213,standard,0-10 cm,0-7.4 cm
WashingtonState,min,Ref,PGL7-7b,PGL7-7b-1,1,esm2,0,-7.48291206680593,13.8669190809957,standard,0-10 cm,0-7.5 cm
WashingtonState,min,Ref,PGL7-7b,PGL7-7b-2,2,esm1,-7.4,-22.8,22.8210606399999,standard,10-30 cm,7.4-22.8 cm
WashingtonState,min,Ref,PGL7-7b,PGL7-7b-2,2,esm2,-7.48291206680593,-22.7685120039131,22.8358564628833,standard,10-30 cm,7.5-22.8 cm
WashingtonState,min,Ref,PGL7-7b,PGL7-7b-3,3,esm1,-22.8,-35.8,13.1136303999996,standard,30-50 cm,22.8-35.8 cm
WashingtonState,min,Ref,PGL7-7b,PGL7-7b-3,3,esm2,-22.7685120039131,-35.4896190352502,14.3572238737554,standard,30-50 cm,22.8-35.5 cm
WashingtonState,min,Ref,PGL7-7b,PGL7-7b-4,4,esm1,-35.8,-53.1,13.5562336399995,standard,50-75 cm,35.8-53.1 cm
WashingtonState,min,Ref,PGL7-7b,PGL7-7b-4,4,esm2,-35.4896190352502,-53.6704300481626,13.1464373874239,standard,50-75 cm,35.5-53.7 cm
WashingtonState,min,Ref,PGL7-7b,PGL7-7b-5,5,esm1,-53.1,-71.6,9.11563841999958,standard,75-100 cm,53.1-71.6 cm
WashingtonState,min,Ref,PGL7-7b,PGL7-7b-5,5,esm2,-53.6704300481626,-71.7667840479503,8.27310923116299,standard,75-100 cm,53.7-71.8 cm
WashingtonState,min,Ref,PGL7-7c,PGL7-7c-1,1,esm1,0,-5.8,15.5931264,standard,0-10 cm,0-5.8 cm
WashingtonState,min,Ref,PGL7-7c,PGL7-7c-1,1,esm2,0,-5.82213555182373,15.8518077769234,standard,0-10 cm,0-5.8 cm
WashingtonState,min,Ref,PGL7-7c,PGL7-7c-2,2,esm1,-5.8,-24.8,26.4929608000002,standard,10-30 cm,5.8-24.8 cm
WashingtonState,min,Ref,PGL7-7c,PGL7-7c-2,2,esm2,-5.82213555182373,-25.1918032457894,26.3960017012227,standard,10-30 cm,5.8-25.2 cm
WashingtonState,min,Ref,PGL7-7c,PGL7-7c-3,3,esm1,-24.8,-37.8,21.4481019999999,standard,30-50 cm,24.8-37.8 cm
WashingtonState,min,Ref,PGL7-7c,PGL7-7c-3,3,esm2,-25.1918032457894,-38.2110986143033,21.9923928343039,standard,30-50 cm,25.2-38.2 cm
WashingtonState,min,Ref,PGL7-7c,PGL7-7c-4,4,esm1,-37.8,-54.8,20.4742712799996,standard,50-75 cm,37.8-54.8 cm
WashingtonState,min,Ref,PGL7-7c,PGL7-7c-4,4,esm2,-38.2110986143033,-54.6850292837623,21.4368465067926,standard,50-75 cm,38.2-54.7 cm
WashingtonState,min,Ref,PGL7-7c,PGL7-7c-5,5,esm1,-54.8,-74.6,18.7173375799997,standard,75-100 cm,54.8-74.6 cm
WashingtonState,min,Ref,PGL7-7c,PGL7-7c-5,5,esm2,-54.6850292837623,-74.4424672045373,17.5008585443269,standard,75-100 cm,54.7-74.4 cm
WashingtonState,min,Ref,PGL9-1,PGL9-1-1,1,esm1,0,-6.9,16.6931115,standard,0-10 cm,0-6.9 cm
WashingtonState,min,Ref,PGL9-1,PGL9-1-1,1,esm2,0,-6.88684792081408,16.9263956857761,standard,0-10 cm,0-6.9 cm
WashingtonState,min,Ref,PGL9-1,PGL9-1-2,2,esm1,-6.9,-23,25.8769485000002,standard,10-30 cm,6.9-23 cm
WashingtonState,min,Ref,PGL9-1,PGL9-1-2,2,esm2,-6.88684792081408,-24.655905239737,26.509357200025,standard,10-30 cm,6.9-24.7 cm
WashingtonState,min,Ref,PGL9-1,PGL9-1-3,3,esm1,-23,-35.2,22.2848798000001,standard,30-50 cm,23-35.2 cm
WashingtonState,min,Ref,PGL9-1,PGL9-1-3,3,esm2,-24.655905239737,-34.6080829784028,20.4115362284038,standard,30-50 cm,24.7-34.6 cm
WashingtonState,min,Ref,PGL9-1,PGL9-1-4,4,esm1,-35.2,-51.1,32.7639215999989,standard,50-75 cm,35.2-51.1 cm
WashingtonState,min,Ref,PGL9-1,PGL9-1-4,4,esm2,-34.6080829784028,-50.4884590259907,33.4342779493854,standard,50-75 cm,34.6-50.5 cm
WashingtonState,min,Ref,PGL9-1,PGL9-1-5,5,esm1,-51.1,-69.7,34.891203199999,standard,75-100 cm,51.1-69.7 cm
WashingtonState,min,Ref,PGL9-1,PGL9-1-5,5,esm2,-50.4884590259907,-69.7765742004757,37.267794641298,standard,75-100 cm,50.5-69.8 cm
WashingtonState,min,Ref,PGL9-2,PGL9-2-1,1,esm1,0,-5.5,14.656935,standard,0-10 cm,0-5.5 cm
WashingtonState,min,Ref,PGL9-2,PGL9-2-1,1,esm2,0,-5.5532680879671,14.8571374599555,standard,0-10 cm,0-5.6 cm
WashingtonState,min,Ref,PGL9-2,PGL9-2-2,2,esm1,-5.5,-22.4,27.0881226,standard,10-30 cm,5.5-22.4 cm
WashingtonState,min,Ref,PGL9-2,PGL9-2-2,2,esm2,-5.5532680879671,-23.7331650647372,28.9109237816003,standard,10-30 cm,5.6-23.7 cm
WashingtonState,min,Ref,PGL9-2,PGL9-2-3,3,esm1,-22.4,-35.2,20.1608770000001,standard,30-50 cm,22.4-35.2 cm
WashingtonState,min,Ref,PGL9-2,PGL9-2-3,3,esm2,-23.7331650647372,-35.3610291542346,18.4515592079172,standard,30-50 cm,23.7-35.4 cm
WashingtonState,min,Ref,PGL9-2,PGL9-2-4,4,esm1,-35.2,-49.8,23.2312718000004,standard,50-75 cm,35.2-49.8 cm
WashingtonState,min,Ref,PGL9-2,PGL9-2-4,4,esm2,-35.3610291542346,-49.9282652127587,23.6500325590307,standard,50-75 cm,35.4-49.9 cm
WashingtonState,min,Ref,PGL9-2,PGL9-2-5,5,esm1,-49.8,-66.8,22.5352284600007,standard,75-100 cm,49.8-66.8 cm
WashingtonState,min,Ref,PGL9-2,PGL9-2-5,5,esm2,-49.9282652127587,-66.6756469355163,23.7123065483005,standard,75-100 cm,49.9-66.7 cm
WashingtonState,min,Ref,PGL9-3,PGL9-3-1,1,esm1,0,-5.7,18.4427356,standard,0-10 cm,0-5.7 cm
WashingtonState,min,Ref,PGL9-3,PGL9-3-1,1,esm2,0,-5.73373875719573,18.6512601945384,standard,0-10 cm,0-5.7 cm
WashingtonState,min,Ref,PGL9-3,PGL9-3-2,2,esm1,-5.7,-24.8,22.1377479999998,standard,10-30 cm,5.7-24.8 cm
WashingtonState,min,Ref,PGL9-3,PGL9-3-2,2,esm2,-5.73373875719573,-25.8417639178766,22.8918307601972,standard,10-30 cm,5.7-25.8 cm
WashingtonState,min,Ref,PGL9-3,PGL9-3-3,3,esm1,-24.8,-38.1,13.3293379800001,standard,30-50 cm,24.8-38.1 cm
WashingtonState,min,Ref,PGL9-3,PGL9-3-3,3,esm2,-25.8417639178766,-37.6155362921876,13.2308557471474,standard,30-50 cm,25.8-37.6 cm
WashingtonState,min,Ref,PGL9-3,PGL9-3-4,4,esm1,-38.1,-56.5,15.0193068200005,standard,50-75 cm,38.1-56.5 cm
WashingtonState,min,Ref,PGL9-3,PGL9-3-4,4,esm2,-37.6155362921876,-56.1561652724481,14.6155219998197,standard,50-75 cm,37.6-56.2 cm
WashingtonState,min,Ref,PGL9-3,PGL9-3-5,5,esm1,-56.5,-80.7,13.576625920001,standard,75-100 cm,56.5-80.7 cm
WashingtonState,min,Ref,PGL9-3,PGL9-3-5,5,esm2,-56.1561652724481,-80.6265511464648,13.2497653415525,standard,75-100 cm,56.2-80.6 cm
