project,ref_stat,label,dsp_pedon_id,sample_id,layer,method,topdepth,depth,soc,depth_increments,apparent_depth,actual_depth
Illinois,max,Ref,IL-019-SW-ARBRTM-001,IL-019-SW-ARBRTM-001-1,1,esm1,0,-12.9,60.4627158683286,standard,0-10 cm,0-12.9 cm
Illinois,max,Ref,IL-019-SW-ARBRTM-001,IL-019-SW-ARBRTM-001-1,1,esm2,0,-12.9002715324167,59.5097607006849,standard,0-10 cm,0-12.9 cm
Illinois,fd,Ref,IL-019-SW-ARBRTM-001,IL-019-SW-ARBRTM-001-1,1,fd,0,-10,49.08900485964829,standard,0-10 cm,0-10 cm
Illinois,max,Ref,IL-019-SW-ARBRTM-001,IL-019-SW-ARBRTM-001-2,2,esm1,-12.9,-35.6,72.3289367572513,standard,10-30 cm,12.9-35.6 cm
Illinois,max,Ref,IL-019-SW-ARBRTM-001,IL-019-SW-ARBRTM-001-2,2,esm2,-12.9002715324167,-35.5693542831809,77.6454616447462,standard,10-30 cm,12.9-35.6 cm
Illinois,fd,Ref,IL-019-SW-ARBRTM-001,IL-019-SW-ARBRTM-001-2,2,fd,-10,-30,74.507384774169,standard,10-30 cm,10-30 cm
Illinois,max,Ref,IL-019-SW-ARBRTM-001,IL-019-SW-ARBRTM-001-3,3,esm1,-35.6,-57.3,29.240068140245,standard,30-50 cm,35.6-57.3 cm
Illinois,max,Ref,IL-019-SW-ARBRTM-001,IL-019-SW-ARBRTM-001-3,3,esm2,-35.5693542831809,-58.0799349337607,23.9082638503411,standard,30-50 cm,35.6-58.1 cm
Illinois,fd,Ref,IL-019-SW-ARBRTM-001,IL-019-SW-ARBRTM-001-3,3,fd,-30,-50,32.84022497058,standard,30-50 cm,30-50 cm
Illinois,max,Ref,IL-019-SW-ARBRTM-001,IL-019-SW-ARBRTM-001-4,4,esm1,-57.3,-84.6,20.9241641379437,standard,50-75 cm,57.3-84.6 cm
Illinois,max,Ref,IL-019-SW-ARBRTM-001,IL-019-SW-ARBRTM-001-4,4,esm2,-58.0799349337607,-86.3180663776364,10.8874642172878,standard,50-75 cm,58.1-86.3 cm
Illinois,fd,Ref,IL-019-SW-ARBRTM-001,IL-019-SW-ARBRTM-001-4,4,fd,-50,-75,19.161322470645,standard,50-75 cm,50-75 cm
Illinois,max,Ref,IL-019-SW-ARBRTM-001,IL-019-SW-ARBRTM-001-5,5,esm1,-84.6,-111.9,20.9241641379437,standard,75-100 cm,84.6-111.9 cm
Illinois,max,Ref,IL-019-SW-ARBRTM-001,IL-019-SW-ARBRTM-001-5,5,esm2,-86.3180663776364,-109.06608460145,60.4386622067234,standard,75-100 cm,86.3-109.1 cm
Illinois,fd,Ref,IL-019-SW-ARBRTM-001,IL-019-SW-ARBRTM-001-5,5,fd,-75,-100,19.161322470645,standard,75-100 cm,75-100 cm
Illinois,max,Ref,IL-019-SW-ARBRTM-002,IL-019-SW-ARBRTM-002-1,1,esm1,0,-14.1,71.9505698852774,standard,0-10 cm,0-14.1 cm
Illinois,max,Ref,IL-019-SW-ARBRTM-002,IL-019-SW-ARBRTM-002-1,1,esm2,0,-14.2206006108621,73.9985252474496,standard,0-10 cm,0-14.2 cm
Illinois,fd,Ref,IL-019-SW-ARBRTM-002,IL-019-SW-ARBRTM-002-1,1,fd,0,-10,53.791853599090004,standard,0-10 cm,0-10 cm
Illinois,max,Ref,IL-019-SW-ARBRTM-002,IL-019-SW-ARBRTM-002-2,2,esm1,-14.1,-38.2,71.2493053810523,standard,10-30 cm,14.1-38.2 cm
Illinois,max,Ref,IL-019-SW-ARBRTM-002,IL-019-SW-ARBRTM-002-2,2,esm2,-14.2206006108621,-38.6399439582421,73.1035700528775,standard,10-30 cm,14.2-38.6 cm
Illinois,fd,Ref,IL-019-SW-ARBRTM-002,IL-019-SW-ARBRTM-002-2,2,fd,-10,-30,73.841526730058,standard,10-30 cm,10-30 cm
Illinois,max,Ref,IL-019-SW-ARBRTM-002,IL-019-SW-ARBRTM-002-3,3,esm1,-38.2,-59.6,29.383125887075,standard,30-50 cm,38.2-59.6 cm
Illinois,max,Ref,IL-019-SW-ARBRTM-002,IL-019-SW-ARBRTM-002-3,3,esm2,-38.6399439582421,-59.729975301775,28.0924947785875,standard,30-50 cm,38.6-59.7 cm
Illinois,fd,Ref,IL-019-SW-ARBRTM-002,IL-019-SW-ARBRTM-002-3,3,fd,-30,-50,37.967060822394004,standard,30-50 cm,30-50 cm
Illinois,max,Ref,IL-019-SW-ARBRTM-002,IL-019-SW-ARBRTM-002-4,4,esm1,-59.6,-86.6,19.6384500052397,standard,50-75 cm,59.6-86.6 cm
Illinois,max,Ref,IL-019-SW-ARBRTM-002,IL-019-SW-ARBRTM-002-4,4,esm2,-59.729975301775,-86.2676579715614,13.6728472099649,standard,50-75 cm,59.7-86.3 cm
Illinois,fd,Ref,IL-019-SW-ARBRTM-002,IL-019-SW-ARBRTM-002-4,4,fd,-50,-75,18.18375000485,standard,50-75 cm,50-75 cm
Illinois,max,Ref,IL-019-SW-ARBRTM-002,IL-019-SW-ARBRTM-002-5,5,esm1,-86.6,-113.7,19.7111850052592,standard,75-100 cm,86.6-113.7 cm
Illinois,max,Ref,IL-019-SW-ARBRTM-002,IL-019-SW-ARBRTM-002-5,5,esm2,-86.2676579715614,-115.375763120698,41.0646277583899,standard,75-100 cm,86.3-115.4 cm
Illinois,fd,Ref,IL-019-SW-ARBRTM-002,IL-019-SW-ARBRTM-002-5,5,fd,-75,-100,18.18375000485,standard,75-100 cm,75-100 cm
Illinois,max,Ref,IL-019-SW-ARBRTM-003,IL-019-SW-ARBRTM-003-1,1,esm1,0,-13.3,66.7228101172422,standard,0-10 cm,0-13.3 cm
Illinois,max,Ref,IL-019-SW-ARBRTM-003,IL-019-SW-ARBRTM-003-1,1,esm2,0,-13.417074812025,69.6733557142,standard,0-10 cm,0-13.4 cm
Illinois,fd,Ref,IL-019-SW-ARBRTM-003,IL-019-SW-ARBRTM-003-1,1,fd,0,-10,55.637555762861,standard,0-10 cm,0-10 cm
Illinois,max,Ref,IL-019-SW-ARBRTM-003,IL-019-SW-ARBRTM-003-2,2,esm1,-13.3,-36.3,54.2005305979097,standard,10-30 cm,13.3-36.3 cm
Illinois,max,Ref,IL-019-SW-ARBRTM-003,IL-019-SW-ARBRTM-003-2,2,esm2,-13.417074812025,-36.7830233539219,50.8951178402826,standard,10-30 cm,13.4-36.8 cm
Illinois,fd,Ref,IL-019-SW-ARBRTM-003,IL-019-SW-ARBRTM-003-2,2,fd,-10,-30,52.047501954465005,standard,10-30 cm,10-30 cm
Illinois,max,Ref,IL-019-SW-ARBRTM-003,IL-019-SW-ARBRTM-003-3,3,esm1,-36.3,-56.5,34.7083139675412,standard,30-50 cm,36.3-56.5 cm
Illinois,max,Ref,IL-019-SW-ARBRTM-003,IL-019-SW-ARBRTM-003-3,3,esm2,-36.7830233539219,-56.6428086195217,42.8266872399451,standard,30-50 cm,36.8-56.6 cm
Illinois,fd,Ref,IL-019-SW-ARBRTM-003,IL-019-SW-ARBRTM-003-3,3,fd,-30,-50,42.026295231194,standard,30-50 cm,30-50 cm
Illinois,max,Ref,IL-019-SW-ARBRTM-003,IL-019-SW-ARBRTM-003-4,4,esm1,-56.5,-81.5,22.7703912852846,standard,50-75 cm,56.5-81.5 cm
Illinois,max,Ref,IL-019-SW-ARBRTM-003,IL-019-SW-ARBRTM-003-4,4,esm2,-56.6428086195217,-80.943278006137,27.8312726081983,standard,50-75 cm,56.6-80.9 cm
Illinois,fd,Ref,IL-019-SW-ARBRTM-003,IL-019-SW-ARBRTM-003-4,4,fd,-50,-75,22.7703912852875,standard,50-75 cm,50-75 cm
Illinois,max,Ref,IL-019-SW-ARBRTM-003,IL-019-SW-ARBRTM-003-5,5,esm1,-81.5,-106.5,22.7703912852846,standard,75-100 cm,81.5-106.5 cm
Illinois,max,Ref,IL-019-SW-ARBRTM-003,IL-019-SW-ARBRTM-003-5,5,esm2,-80.943278006137,-107.468939547111,3.73106488945007,standard,75-100 cm,80.9-107.5 cm
Illinois,fd,Ref,IL-019-SW-ARBRTM-003,IL-019-SW-ARBRTM-003-5,5,fd,-75,-100,22.7703912852875,standard,75-100 cm,75-100 cm
Illinois,max,SHM,IL-019-SW-RTHRML-001,IL-019-SW-RTHRML-001-1,1,esm1,0,-12.4,42.2975161613712,standard,0-10 cm,0-12.4 cm
Illinois,max,SHM,IL-019-SW-RTHRML-001,IL-019-SW-RTHRML-001-1,1,esm2,0,-12.3423706746958,42.8118611916568,standard,0-10 cm,0-12.3 cm
Illinois,fd,SHM,IL-019-SW-RTHRML-001,IL-019-SW-RTHRML-001-1,1,fd,0,-10,34.9744133713395,standard,0-10 cm,0-10 cm
Illinois,max,SHM,IL-019-SW-RTHRML-001,IL-019-SW-RTHRML-001-2,2,esm1,-12.4,-33.9,47.3177171002055,standard,10-30 cm,12.4-33.9 cm
Illinois,max,SHM,IL-019-SW-RTHRML-001,IL-019-SW-RTHRML-001-2,2,esm2,-12.3423706746958,-33.9182778053588,47.5779377318784,standard,10-30 cm,12.3-33.9 cm
Illinois,fd,SHM,IL-019-SW-RTHRML-001,IL-019-SW-RTHRML-001-2,2,fd,-10,-30,50.11567796458387,standard,10-30 cm,10-30 cm
Illinois,max,SHM,IL-019-SW-RTHRML-001,IL-019-SW-RTHRML-001-3,3,esm1,-33.9,-54.6,18.624481171703,standard,30-50 cm,33.9-54.6 cm
Illinois,max,SHM,IL-019-SW-RTHRML-001,IL-019-SW-RTHRML-001-3,3,esm2,-33.9182778053588,-54.9916138267568,14.3831989991801,standard,30-50 cm,33.9-55 cm
Illinois,fd,SHM,IL-019-SW-RTHRML-001,IL-019-SW-RTHRML-001-3,3,fd,-30,-50,19.511623276729832,standard,30-50 cm,30-50 cm
Illinois,max,SHM,IL-019-SW-RTHRML-001,IL-019-SW-RTHRML-001-4,4,esm1,-54.6,-82.1,21.7489119711416,standard,50-75 cm,54.6-82.1 cm
Illinois,max,SHM,IL-019-SW-RTHRML-001,IL-019-SW-RTHRML-001-4,4,esm2,-54.9916138267568,-82.5742730013498,11.6772454663359,standard,50-75 cm,55-82.6 cm
Illinois,fd,SHM,IL-019-SW-RTHRML-001,IL-019-SW-RTHRML-001-4,4,fd,-50,-75,19.771738155584583,standard,50-75 cm,50-75 cm
Illinois,max,SHM,IL-019-SW-RTHRML-001,IL-019-SW-RTHRML-001-5,5,esm1,-82.1,-109.6,21.7489119711416,standard,75-100 cm,82.1-109.6 cm
Illinois,max,SHM,IL-019-SW-RTHRML-001,IL-019-SW-RTHRML-001-5,5,esm2,-82.5742730013498,-109.253153581716,56.0968155407109,standard,75-100 cm,82.6-109.3 cm
Illinois,fd,SHM,IL-019-SW-RTHRML-001,IL-019-SW-RTHRML-001-5,5,fd,-75,-100,19.771738155584583,standard,75-100 cm,75-100 cm
Illinois,max,SHM,IL-019-SW-RTHRML-002,IL-019-SW-RTHRML-002-1,1,esm1,0,-12.4,39.2387056387464,standard,0-10 cm,0-12.4 cm
Illinois,max,SHM,IL-019-SW-RTHRML-002,IL-019-SW-RTHRML-002-1,1,esm2,0,-12.3423706746958,39.6523190391664,standard,0-10 cm,0-12.3 cm
Illinois,fd,SHM,IL-019-SW-RTHRML-002,IL-019-SW-RTHRML-002-1,1,fd,0,-10,31.70640319016027,standard,0-10 cm,0-10 cm
Illinois,max,SHM,IL-019-SW-RTHRML-002,IL-019-SW-RTHRML-002-2,2,esm1,-12.4,-33.9,47.8103658743302,standard,10-30 cm,12.4-33.9 cm
Illinois,max,SHM,IL-019-SW-RTHRML-002,IL-019-SW-RTHRML-002-2,2,esm2,-12.3423706746958,-33.9182778053588,47.8959087776059,standard,10-30 cm,12.3-33.9 cm
Illinois,fd,SHM,IL-019-SW-RTHRML-002,IL-019-SW-RTHRML-002-2,2,fd,-10,-30,50.601639165215666,standard,10-30 cm,10-30 cm
Illinois,max,SHM,IL-019-SW-RTHRML-002,IL-019-SW-RTHRML-002-3,3,esm1,-33.9,-54.6,61.0722552503286,standard,30-50 cm,33.9-54.6 cm
Illinois,max,SHM,IL-019-SW-RTHRML-002,IL-019-SW-RTHRML-002-3,3,esm2,-33.9182778053588,-54.9916138267568,23.1579891383033,standard,30-50 cm,33.9-55 cm
Illinois,fd,SHM,IL-019-SW-RTHRML-002,IL-019-SW-RTHRML-002-3,3,fd,-30,-50,48.9077174774725,standard,30-50 cm,30-50 cm
Illinois,max,SHM,IL-019-SW-RTHRML-002,IL-019-SW-RTHRML-002-4,4,esm1,-54.6,-82.1,101.065889258755,standard,50-75 cm,54.6-82.1 cm
Illinois,max,SHM,IL-019-SW-RTHRML-002,IL-019-SW-RTHRML-002-4,4,esm2,-54.9916138267568,-82.5742730013498,77.2501981995996,standard,50-75 cm,55-82.6 cm
Illinois,fd,SHM,IL-019-SW-RTHRML-002,IL-019-SW-RTHRML-002-4,4,fd,-50,-75,91.87808114432124,standard,50-75 cm,50-75 cm
Illinois,max,SHM,IL-019-SW-RTHRML-002,IL-019-SW-RTHRML-002-5,5,esm1,-82.1,-109.6,101.065889258748,standard,75-100 cm,82.1-109.6 cm
Illinois,max,SHM,IL-019-SW-RTHRML-002,IL-019-SW-RTHRML-002-5,5,esm2,-82.5742730013498,-109.253153581716,234.433193835973,standard,75-100 cm,82.6-109.3 cm
Illinois,fd,SHM,IL-019-SW-RTHRML-002,IL-019-SW-RTHRML-002-5,5,fd,-75,-100,91.87808114432124,standard,75-100 cm,75-100 cm
Illinois,max,SHM,IL-019-SW-RTHRML-003,IL-019-SW-RTHRML-003-1,1,esm1,0,-12.4,57.4865545427448,standard,0-10 cm,0-12.4 cm
Illinois,max,SHM,IL-019-SW-RTHRML-003,IL-019-SW-RTHRML-003-1,1,esm2,0,-12.3423706746958,57.6510225945778,standard,0-10 cm,0-12.3 cm
Illinois,fd,SHM,IL-019-SW-RTHRML-003,IL-019-SW-RTHRML-003-1,1,fd,0,-10,46.12251696269894,standard,0-10 cm,0-10 cm
Illinois,max,SHM,IL-019-SW-RTHRML-003,IL-019-SW-RTHRML-003-2,2,esm1,-12.4,-33.9,88.1646132174995,standard,10-30 cm,12.4-33.9 cm
Illinois,max,SHM,IL-019-SW-RTHRML-003,IL-019-SW-RTHRML-003-2,2,esm2,-12.3423706746958,-33.9182778053588,89.9997974601916,standard,10-30 cm,12.3-33.9 cm
Illinois,fd,SHM,IL-019-SW-RTHRML-003,IL-019-SW-RTHRML-003-2,2,fd,-10,-30,89.33768188028446,standard,10-30 cm,10-30 cm
Illinois,max,SHM,IL-019-SW-RTHRML-003,IL-019-SW-RTHRML-003-3,3,esm1,-33.9,-54.6,29.1399416137748,standard,30-50 cm,33.9-54.6 cm
Illinois,max,SHM,IL-019-SW-RTHRML-003,IL-019-SW-RTHRML-003-3,3,esm2,-33.9182778053588,-54.9916138267568,31.355764356248,standard,30-50 cm,33.9-55 cm
Illinois,fd,SHM,IL-019-SW-RTHRML-003,IL-019-SW-RTHRML-003-3,3,fd,-30,-50,35.171936791436664,standard,30-50 cm,30-50 cm
Illinois,max,SHM,IL-019-SW-RTHRML-003,IL-019-SW-RTHRML-003-4,4,esm1,-54.6,-82.1,24.8634299649943,standard,50-75 cm,54.6-82.1 cm
Illinois,max,SHM,IL-019-SW-RTHRML-003,IL-019-SW-RTHRML-003-4,4,esm2,-54.9916138267568,-82.5742730013498,10.0027437447373,standard,50-75 cm,55-82.6 cm
Illinois,fd,SHM,IL-019-SW-RTHRML-003,IL-019-SW-RTHRML-003-4,4,fd,-50,-75,22.603118149991662,standard,50-75 cm,50-75 cm
Illinois,max,SHM,IL-019-SW-RTHRML-003,IL-019-SW-RTHRML-003-5,5,esm1,-82.1,-109.6,24.8634299649943,standard,75-100 cm,82.1-109.6 cm
Illinois,max,SHM,IL-019-SW-RTHRML-003,IL-019-SW-RTHRML-003-5,5,esm2,-82.5742730013498,-109.253153581716,58.9235774909324,standard,75-100 cm,82.6-109.3 cm
Illinois,fd,SHM,IL-019-SW-RTHRML-003,IL-019-SW-RTHRML-003-5,5,fd,-75,-100,22.603118149991662,standard,75-100 cm,75-100 cm
Illinois,max,SHM,IL-019-SW-RTHRML-004,IL-019-SW-RTHRML-004-1,1,esm1,0,-12.4,34.2842153276473,standard,0-10 cm,0-12.4 cm
Illinois,max,SHM,IL-019-SW-RTHRML-004,IL-019-SW-RTHRML-004-1,1,esm2,0,-12.3423706746958,34.3882068531598,standard,0-10 cm,0-12.3 cm
Illinois,fd,SHM,IL-019-SW-RTHRML-004,IL-019-SW-RTHRML-004-1,1,fd,0,-10,27.6210389915985,standard,0-10 cm,0-10 cm
Illinois,max,SHM,IL-019-SW-RTHRML-004,IL-019-SW-RTHRML-004-2,2,esm1,-12.4,-33.9,53.8227325521419,standard,10-30 cm,12.4-33.9 cm
Illinois,max,SHM,IL-019-SW-RTHRML-004,IL-019-SW-RTHRML-004-2,2,esm2,-12.3423706746958,-33.9182778053588,54.7249365032693,standard,10-30 cm,12.3-33.9 cm
Illinois,fd,SHM,IL-019-SW-RTHRML-004,IL-019-SW-RTHRML-004-2,2,fd,-10,-30,53.448955403162664,standard,10-30 cm,10-30 cm
Illinois,max,SHM,IL-019-SW-RTHRML-004,IL-019-SW-RTHRML-004-3,3,esm1,-33.9,-54.6,20.9486622405113,standard,30-50 cm,33.9-54.6 cm
Illinois,max,SHM,IL-019-SW-RTHRML-004,IL-019-SW-RTHRML-004-3,3,esm2,-33.9182778053588,-54.9916138267568,25.8578685396264,standard,30-50 cm,33.9-55 cm
Illinois,fd,SHM,IL-019-SW-RTHRML-004,IL-019-SW-RTHRML-004-3,3,fd,-30,-50,24.8531590025885,standard,30-50 cm,30-50 cm
Illinois,max,SHM,IL-019-SW-RTHRML-004,IL-019-SW-RTHRML-004-4,4,esm1,-54.6,-82.1,18.7266434524297,standard,50-75 cm,54.6-82.1 cm
Illinois,max,SHM,IL-019-SW-RTHRML-004,IL-019-SW-RTHRML-004-4,4,esm2,-54.9916138267568,-82.5742730013498,13.2122078070078,standard,50-75 cm,55-82.6 cm
Illinois,fd,SHM,IL-019-SW-RTHRML-004,IL-019-SW-RTHRML-004-4,4,fd,-50,-75,17.02422132039125,standard,50-75 cm,50-75 cm
Illinois,max,SHM,IL-019-SW-RTHRML-004,IL-019-SW-RTHRML-004-5,5,esm1,-82.1,-109.6,18.7266434524297,standard,75-100 cm,82.1-109.6 cm
Illinois,max,SHM,IL-019-SW-RTHRML-004,IL-019-SW-RTHRML-004-5,5,esm2,-82.5742730013498,-109.253153581716,23.664674321373,standard,75-100 cm,82.6-109.3 cm
Illinois,fd,SHM,IL-019-SW-RTHRML-004,IL-019-SW-RTHRML-004-5,5,fd,-75,-100,17.02422132039125,standard,75-100 cm,75-100 cm
Illinois,max,BAU,IL-115-SW-ETAL-001,IL-115-SW-ETAL-001-1,1,esm1,0,-12.3,40.8691376859985,standard,0-10 cm,0-12.3 cm
Illinois,max,BAU,IL-115-SW-ETAL-001,IL-115-SW-ETAL-001-1,1,esm2,0,-12.1759325283762,41.4553457554107,standard,0-10 cm,0-12.2 cm
Illinois,fd,BAU,IL-115-SW-ETAL-001,IL-115-SW-ETAL-001-1,1,fd,0,-10,33.7744979539995,standard,0-10 cm,0-10 cm
Illinois,max,BAU,IL-115-SW-ETAL-001,IL-115-SW-ETAL-001-2,2,esm1,-12.3,-33.9,66.8833580592473,standard,10-30 cm,12.3-33.9 cm
Illinois,max,BAU,IL-115-SW-ETAL-001,IL-115-SW-ETAL-001-2,2,esm2,-12.1759325283762,-33.7990501129983,67.8240717000199,standard,10-30 cm,12.2-33.8 cm
Illinois,fd,BAU,IL-115-SW-ETAL-001,IL-115-SW-ETAL-001-2,2,fd,-10,-30,63.81835628862801,standard,10-30 cm,10-30 cm
Illinois,max,BAU,IL-115-SW-ETAL-001,IL-115-SW-ETAL-001-3,3,esm1,-33.9,-55.9,48.8199635324839,standard,30-50 cm,33.9-55.9 cm
Illinois,max,BAU,IL-115-SW-ETAL-001,IL-115-SW-ETAL-001-3,3,esm2,-33.7990501129983,-56.4323659783433,53.3946224287549,standard,30-50 cm,33.8-56.4 cm
Illinois,fd,BAU,IL-115-SW-ETAL-001,IL-115-SW-ETAL-001-3,3,fd,-30,-50,52.100725654454,standard,30-50 cm,30-50 cm
Illinois,max,BAU,IL-115-SW-ETAL-001,IL-115-SW-ETAL-001-4,4,esm1,-55.9,-84.4,33.2284851438118,standard,50-75 cm,55.9-84.4 cm
Illinois,max,BAU,IL-115-SW-ETAL-001,IL-115-SW-ETAL-001-4,4,esm2,-56.4323659783433,-85.9400733633292,39.5951161875998,standard,50-75 cm,56.4-85.9 cm
Illinois,fd,BAU,IL-115-SW-ETAL-001,IL-115-SW-ETAL-001-4,4,fd,-50,-75,29.147793985800003,standard,50-75 cm,50-75 cm
Illinois,max,BAU,IL-115-SW-ETAL-001,IL-115-SW-ETAL-001-5,5,esm1,-84.4,-112.9,33.2284851438118,standard,75-100 cm,84.4-112.9 cm
Illinois,max,BAU,IL-115-SW-ETAL-001,IL-115-SW-ETAL-001-5,5,esm2,-85.9400733633292,-109.817064646464,1.72763592406338,standard,75-100 cm,85.9-109.8 cm
Illinois,fd,BAU,IL-115-SW-ETAL-001,IL-115-SW-ETAL-001-5,5,fd,-75,-100,29.147793985800003,standard,75-100 cm,75-100 cm
Illinois,max,BAU,IL-115-SW-ETAL-002,IL-115-SW-ETAL-002-1,1,esm1,0,-12.6,33.60547490341,standard,0-10 cm,0-12.6 cm
Illinois,max,BAU,IL-115-SW-ETAL-002,IL-115-SW-ETAL-002-1,1,esm2,0,-12.522176381468901,34.194279184359,standard,0-10 cm,0-12.5 cm
Illinois,fd,BAU,IL-115-SW-ETAL-002,IL-115-SW-ETAL-002-1,1,fd,0,-10,27.315936151237,standard,0-10 cm,0-10 cm
Illinois,max,BAU,IL-115-SW-ETAL-002,IL-115-SW-ETAL-002-2,2,esm1,-12.6,-34,52.5658835558061,standard,10-30 cm,12.6-34 cm
Illinois,max,BAU,IL-115-SW-ETAL-002,IL-115-SW-ETAL-002-2,2,esm2,-12.522176381468901,-33.8289867627389,53.1724516452118,standard,10-30 cm,12.5-33.8 cm
Illinois,fd,BAU,IL-115-SW-ETAL-002,IL-115-SW-ETAL-002-2,2,fd,-10,-30,50.640033367199,standard,10-30 cm,10-30 cm
Illinois,max,BAU,IL-115-SW-ETAL-002,IL-115-SW-ETAL-002-3,3,esm1,-34,-55.8,37.3913889259619,standard,30-50 cm,34-55.8 cm
Illinois,max,BAU,IL-115-SW-ETAL-002,IL-115-SW-ETAL-002-3,3,esm2,-33.8289867627389,-56.2948298303247,41.263974040952,standard,30-50 cm,33.8-56.3 cm
Illinois,fd,BAU,IL-115-SW-ETAL-002,IL-115-SW-ETAL-002-3,3,fd,-30,-50,41.076944703900004,standard,30-50 cm,30-50 cm
Illinois,max,BAU,IL-115-SW-ETAL-002,IL-115-SW-ETAL-002-4,4,esm1,-55.8,-84.2,22.1805623835735,standard,50-75 cm,55.8-84.2 cm
Illinois,max,BAU,IL-115-SW-ETAL-002,IL-115-SW-ETAL-002-4,4,esm2,-56.2948298303247,-85.7223794329281,26.3061211151946,standard,50-75 cm,56.3-85.7 cm
Illinois,fd,BAU,IL-115-SW-ETAL-002,IL-115-SW-ETAL-002-4,4,fd,-50,-75,19.525142943285,standard,50-75 cm,50-75 cm
Illinois,max,BAU,IL-115-SW-ETAL-002,IL-115-SW-ETAL-002-5,5,esm1,-84.2,-112.6,22.1805623835743,standard,75-100 cm,84.2-112.6 cm
Illinois,max,BAU,IL-115-SW-ETAL-002,IL-115-SW-ETAL-002-5,5,esm2,-85.7223794329281,-109.602454379307,1.52256896087479,standard,75-100 cm,85.7-109.6 cm
Illinois,fd,BAU,IL-115-SW-ETAL-002,IL-115-SW-ETAL-002-5,5,fd,-75,-100,19.525142943285,standard,75-100 cm,75-100 cm
Illinois,max,BAU,IL-115-SW-ETAL-003,IL-115-SW-ETAL-003-1,1,esm1,0,-12.7,38.51275749249,standard,0-10 cm,0-12.7 cm
Illinois,max,BAU,IL-115-SW-ETAL-003,IL-115-SW-ETAL-003-1,1,esm2,0,-12.7409208105605,39.346662822797,standard,0-10 cm,0-12.7 cm
Illinois,fd,BAU,IL-115-SW-ETAL-003,IL-115-SW-ETAL-003-1,1,fd,0,-10,30.338691775506497,standard,0-10 cm,0-10 cm
Illinois,max,BAU,IL-115-SW-ETAL-003,IL-115-SW-ETAL-003-2,2,esm1,-12.7,-34.2,56.2158970008416,standard,10-30 cm,12.7-34.2 cm
Illinois,max,BAU,IL-115-SW-ETAL-003,IL-115-SW-ETAL-003-2,2,esm2,-12.7409208105605,-34.3940851962075,57.72171598425,standard,10-30 cm,12.7-34.4 cm
Illinois,fd,BAU,IL-115-SW-ETAL-003,IL-115-SW-ETAL-003-2,2,fd,-10,-30,56.666200540343,standard,10-30 cm,10-30 cm
Illinois,max,BAU,IL-115-SW-ETAL-003,IL-115-SW-ETAL-003-3,3,esm1,-34.2,-54.5,31.9491741409037,standard,30-50 cm,34.2-54.5 cm
Illinois,max,BAU,IL-115-SW-ETAL-003,IL-115-SW-ETAL-003-3,3,esm2,-34.3940851962075,-54.346895890451,31.9451138094632,standard,30-50 cm,34.4-54.3 cm
Illinois,fd,BAU,IL-115-SW-ETAL-003,IL-115-SW-ETAL-003-3,3,fd,-30,-50,36.779819892774,standard,30-50 cm,30-50 cm
Illinois,max,BAU,IL-115-SW-ETAL-003,IL-115-SW-ETAL-003-4,4,esm1,-54.5,-82.1,17.7444474104195,standard,50-75 cm,54.5-82.1 cm
Illinois,max,BAU,IL-115-SW-ETAL-003,IL-115-SW-ETAL-003-4,4,esm2,-54.346895890451,-80.9908485069682,18.6334078954452,standard,50-75 cm,54.3-81 cm
Illinois,fd,BAU,IL-115-SW-ETAL-003,IL-115-SW-ETAL-003-4,4,fd,-50,-75,16.0728690311775,standard,50-75 cm,50-75 cm
Illinois,max,BAU,IL-115-SW-ETAL-003,IL-115-SW-ETAL-003-5,5,esm1,-82.1,-109.6,17.6801559342948,standard,75-100 cm,82.1-109.6 cm
Illinois,max,BAU,IL-115-SW-ETAL-003,IL-115-SW-ETAL-003-5,5,esm2,-80.9908485069682,-111.320185482336,14.391837047944,standard,75-100 cm,81-111.3 cm
Illinois,fd,BAU,IL-115-SW-ETAL-003,IL-115-SW-ETAL-003-5,5,fd,-75,-100,16.0728690311775,standard,75-100 cm,75-100 cm
Illinois,max,BAU,IL-115-SW-WDFLD-001,IL-115-SW-WDFLD-001-1,1,esm1,0,-12.1,42.3384895521391,standard,0-10 cm,0-12.1 cm
Illinois,max,BAU,IL-115-SW-WDFLD-001,IL-115-SW-WDFLD-001-1,1,esm2,0,-11.9795270326808,43.4352932861191,standard,0-10 cm,0-12 cm
Illinois,fd,BAU,IL-115-SW-WDFLD-001,IL-115-SW-WDFLD-001-1,1,fd,0,-10,35.459484338203005,standard,0-10 cm,0-10 cm
Illinois,max,BAU,IL-115-SW-WDFLD-001,IL-115-SW-WDFLD-001-2,2,esm1,-12.1,-33.2,60.4306570637495,standard,10-30 cm,12.1-33.2 cm
Illinois,max,BAU,IL-115-SW-WDFLD-001,IL-115-SW-WDFLD-001-2,2,esm2,-11.9795270326808,-33.1283739998413,61.8687207302873,standard,10-30 cm,12-33.1 cm
Illinois,fd,BAU,IL-115-SW-WDFLD-001,IL-115-SW-WDFLD-001-2,2,fd,-10,-30,62.42557338377,standard,10-30 cm,10-30 cm
Illinois,max,BAU,IL-115-SW-WDFLD-001,IL-115-SW-WDFLD-001-3,3,esm1,-33.2,-53.9,28.9821364930328,standard,30-50 cm,33.2-53.9 cm
Illinois,max,BAU,IL-115-SW-WDFLD-001,IL-115-SW-WDFLD-001-3,3,esm2,-33.1283739998413,-54.087151548338,26.108124619046,standard,30-50 cm,33.1-54.1 cm
Illinois,fd,BAU,IL-115-SW-WDFLD-001,IL-115-SW-WDFLD-001-3,3,fd,-30,-50,30.525555586976,standard,30-50 cm,30-50 cm
Illinois,max,BAU,IL-115-SW-WDFLD-001,IL-115-SW-WDFLD-001-4,4,esm1,-53.9,-81.3,23.4703467998085,standard,50-75 cm,53.9-81.3 cm
Illinois,max,BAU,IL-115-SW-WDFLD-001,IL-115-SW-WDFLD-001-4,4,esm2,-54.087151548338,-81.9826652692456,15.3360026741006,standard,50-75 cm,54.1-82 cm
Illinois,fd,BAU,IL-115-SW-WDFLD-001,IL-115-SW-WDFLD-001-4,4,fd,-50,-75,21.414549999825,standard,50-75 cm,50-75 cm
Illinois,max,BAU,IL-115-SW-WDFLD-001,IL-115-SW-WDFLD-001-5,5,esm1,-81.3,-108.7,23.4703467998085,standard,75-100 cm,81.3-108.7 cm
Illinois,max,BAU,IL-115-SW-WDFLD-001,IL-115-SW-WDFLD-001-5,5,esm2,-81.9826652692456,-108.03468980611,45.9188653363419,standard,75-100 cm,82-108 cm
Illinois,fd,BAU,IL-115-SW-WDFLD-001,IL-115-SW-WDFLD-001-5,5,fd,-75,-100,21.414549999825,standard,75-100 cm,75-100 cm
Illinois,max,BAU,IL-115-SW-WDFLD-002,IL-115-SW-WDFLD-002-1,1,esm1,0,-12.6,41.7425051004797,standard,0-10 cm,0-12.6 cm
Illinois,max,BAU,IL-115-SW-WDFLD-002,IL-115-SW-WDFLD-002-1,1,esm2,0,-12.5458852093529,42.0788716686075,standard,0-10 cm,0-12.5 cm
Illinois,fd,BAU,IL-115-SW-WDFLD-002,IL-115-SW-WDFLD-002-1,1,fd,0,-10,32.587172179292,standard,0-10 cm,0-10 cm
Illinois,max,BAU,IL-115-SW-WDFLD-002,IL-115-SW-WDFLD-002-2,2,esm1,-12.6,-33.7,65.996367575305,standard,10-30 cm,12.6-33.7 cm
Illinois,max,BAU,IL-115-SW-WDFLD-002,IL-115-SW-WDFLD-002-2,2,esm2,-12.5458852093529,-33.8720747621857,68.856325893369,standard,10-30 cm,12.5-33.9 cm
Illinois,fd,BAU,IL-115-SW-WDFLD-002,IL-115-SW-WDFLD-002-2,2,fd,-10,-30,67.803198480898,standard,10-30 cm,10-30 cm
Illinois,max,BAU,IL-115-SW-WDFLD-002,IL-115-SW-WDFLD-002-3,3,esm1,-33.7,-54.5,36.3698684955401,standard,30-50 cm,33.7-54.5 cm
Illinois,max,BAU,IL-115-SW-WDFLD-002,IL-115-SW-WDFLD-002-3,3,esm2,-33.8720747621857,-54.5739928950568,34.239874068456,standard,30-50 cm,33.9-54.6 cm
Illinois,fd,BAU,IL-115-SW-WDFLD-002,IL-115-SW-WDFLD-002-3,3,fd,-30,-50,39.721632516732,standard,30-50 cm,30-50 cm
Illinois,max,BAU,IL-115-SW-WDFLD-002,IL-115-SW-WDFLD-002-4,4,esm1,-54.5,-81.6,24.0692443662984,standard,50-75 cm,54.5-81.6 cm
Illinois,max,BAU,IL-115-SW-WDFLD-002,IL-115-SW-WDFLD-002-4,4,esm2,-54.5739928950568,-81.5082214796705,19.1817071287055,standard,50-75 cm,54.6-81.5 cm
Illinois,fd,BAU,IL-115-SW-WDFLD-002,IL-115-SW-WDFLD-002-4,4,fd,-50,-75,22.2040999689075,standard,50-75 cm,50-75 cm
Illinois,max,BAU,IL-115-SW-WDFLD-002,IL-115-SW-WDFLD-002-5,5,esm1,-81.6,-108.7,24.0692443662984,standard,75-100 cm,81.6-108.7 cm
Illinois,max,BAU,IL-115-SW-WDFLD-002,IL-115-SW-WDFLD-002-5,5,esm2,-81.5082214796705,-109.070957920941,37.3455540323602,standard,75-100 cm,81.5-109.1 cm
Illinois,fd,BAU,IL-115-SW-WDFLD-002,IL-115-SW-WDFLD-002-5,5,fd,-75,-100,22.2040999689075,standard,75-100 cm,75-100 cm
Illinois,max,BAU,IL-115-SW-WDFLD-003,IL-115-SW-WDFLD-003-1,1,esm1,0,-13.1,42.4893828443076,standard,0-10 cm,0-13.1 cm
Illinois,max,BAU,IL-115-SW-WDFLD-003,IL-115-SW-WDFLD-003-1,1,esm2,0,-13.0572141132772,43.2178076975082,standard,0-10 cm,0-13.1 cm
Illinois,fd,BAU,IL-115-SW-WDFLD-003,IL-115-SW-WDFLD-003-1,1,fd,0,-10,31.784448416048,standard,0-10 cm,0-10 cm
Illinois,max,BAU,IL-115-SW-WDFLD-003,IL-115-SW-WDFLD-003-2,2,esm1,-13.1,-34.4,63.5096676711188,standard,10-30 cm,13.1-34.4 cm
Illinois,max,BAU,IL-115-SW-WDFLD-003,IL-115-SW-WDFLD-003-2,2,esm2,-13.0572141132772,-34.3533593445783,65.8376968702277,standard,10-30 cm,13.1-34.4 cm
Illinois,fd,BAU,IL-115-SW-WDFLD-003,IL-115-SW-WDFLD-003-2,2,fd,-10,-30,66.297013025417,standard,10-30 cm,10-30 cm
Illinois,max,BAU,IL-115-SW-WDFLD-003,IL-115-SW-WDFLD-003-3,3,esm1,-34.4,-55.2,32.8114605160837,standard,30-50 cm,34.4-55.2 cm
Illinois,max,BAU,IL-115-SW-WDFLD-003,IL-115-SW-WDFLD-003-3,3,esm2,-34.3533593445783,-55.3151537049543,30.2184847426262,standard,30-50 cm,34.4-55.3 cm
Illinois,fd,BAU,IL-115-SW-WDFLD-003,IL-115-SW-WDFLD-003-3,3,fd,-30,-50,35.98904124528,standard,30-50 cm,30-50 cm
Illinois,max,BAU,IL-115-SW-WDFLD-003,IL-115-SW-WDFLD-003-4,4,esm1,-55.2,-82.8,25.1585058299053,standard,50-75 cm,55.2-82.8 cm
Illinois,max,BAU,IL-115-SW-WDFLD-003,IL-115-SW-WDFLD-003-4,4,esm2,-55.3151537049543,-83.1837899484627,19.5942212366137,standard,50-75 cm,55.3-83.2 cm
Illinois,fd,BAU,IL-115-SW-WDFLD-003,IL-115-SW-WDFLD-003-4,4,fd,-50,-75,22.78850165752,standard,50-75 cm,50-75 cm
Illinois,max,BAU,IL-115-SW-WDFLD-003,IL-115-SW-WDFLD-003-5,5,esm1,-82.8,-110.5,25.2496598365354,standard,75-100 cm,82.8-110.5 cm
Illinois,max,BAU,IL-115-SW-WDFLD-003,IL-115-SW-WDFLD-003-5,5,esm2,-83.1837899484627,-110.047123956432,43.2254350114392,standard,75-100 cm,83.2-110 cm
Illinois,fd,BAU,IL-115-SW-WDFLD-003,IL-115-SW-WDFLD-003-5,5,fd,-75,-100,22.78850165752,standard,75-100 cm,75-100 cm
Illinois,max,BAU,IL-147-SW-CRP-001,IL-147-SW-CRP-001-1,1,esm1,0,-10,43.8361187696639,standard,0-10 cm,0-10 cm
Illinois,max,BAU,IL-147-SW-CRP-001,IL-147-SW-CRP-001-1,1,esm2,0,-10,43.836118769664,standard,0-10 cm,0-10 cm
Illinois,fd,BAU,IL-147-SW-CRP-001,IL-147-SW-CRP-001-1,1,fd,0,-10,43.836118769664,standard,0-10 cm,0-10 cm
Illinois,max,BAU,IL-147-SW-CRP-001,IL-147-SW-CRP-001-2,2,esm1,-10,-30.9,67.1755760873695,standard,10-30 cm,10-30.9 cm
Illinois,max,BAU,IL-147-SW-CRP-001,IL-147-SW-CRP-001-2,2,esm2,-10,-31.0226273700854,68.2166850257759,standard,10-30 cm,10-31 cm
Illinois,fd,BAU,IL-147-SW-CRP-001,IL-147-SW-CRP-001-2,2,fd,-10,-30,65.244543076881,standard,10-30 cm,10-30 cm
Illinois,max,BAU,IL-147-SW-CRP-001,IL-147-SW-CRP-001-3,3,esm1,-30.9,-51.6,42.409294926124,standard,30-50 cm,30.9-51.6 cm
Illinois,max,BAU,IL-147-SW-CRP-001,IL-147-SW-CRP-001-3,3,esm2,-31.0226273700854,-51.5947694194239,42.109377811529,standard,30-50 cm,31-51.6 cm
Illinois,fd,BAU,IL-147-SW-CRP-001,IL-147-SW-CRP-001-3,3,fd,-30,-50,42.911844677506,standard,30-50 cm,30-50 cm
Illinois,max,BAU,IL-147-SW-CRP-001,IL-147-SW-CRP-001-4,4,esm1,-51.6,-78.8,24.284215404788,standard,50-75 cm,51.6-78.8 cm
Illinois,max,BAU,IL-147-SW-CRP-001,IL-147-SW-CRP-001-4,4,esm2,-51.5947694194239,-77.3053932966148,22.2535645725523,standard,50-75 cm,51.6-77.3 cm
Illinois,fd,BAU,IL-147-SW-CRP-001,IL-147-SW-CRP-001-4,4,fd,-50,-75,22.32005092352,standard,50-75 cm,50-75 cm
Illinois,max,BAU,IL-147-SW-CRP-001,IL-147-SW-CRP-001-5,5,esm1,-78.8,-106,24.284215404788,standard,75-100 cm,78.8-106 cm
Illinois,max,BAU,IL-147-SW-CRP-001,IL-147-SW-CRP-001-5,5,esm2,-77.3053932966148,-107.432298427505,29.9103779615635,standard,75-100 cm,77.3-107.4 cm
Illinois,fd,BAU,IL-147-SW-CRP-001,IL-147-SW-CRP-001-5,5,fd,-75,-100,22.32005092352,standard,75-100 cm,75-100 cm
Illinois,max,BAU,IL-147-SW-CRP-002,IL-147-SW-CRP-002-1,1,esm1,0,-12.5,35.2275774433428,standard,0-10 cm,0-12.5 cm
Illinois,max,BAU,IL-147-SW-CRP-002,IL-147-SW-CRP-002-1,1,esm2,0,-12.3947339393247,35.4908509685364,standard,0-10 cm,0-12.4 cm
Illinois,fd,BAU,IL-147-SW-CRP-002,IL-147-SW-CRP-002-1,1,fd,0,-10,28.482101424443,standard,0-10 cm,0-10 cm
Illinois,max,BAU,IL-147-SW-CRP-002,IL-147-SW-CRP-002-2,2,esm1,-12.5,-33.9,54.8137054786117,standard,10-30 cm,12.5-33.9 cm
Illinois,max,BAU,IL-147-SW-CRP-002,IL-147-SW-CRP-002-2,2,esm2,-12.3947339393247,-33.7909801058963,54.6342648310183,standard,10-30 cm,12.4-33.8 cm
Illinois,fd,BAU,IL-147-SW-CRP-002,IL-147-SW-CRP-002-2,2,fd,-10,-30,52.141686767822996,standard,10-30 cm,10-30 cm
Illinois,max,BAU,IL-147-SW-CRP-002,IL-147-SW-CRP-002-3,3,esm1,-33.9,-55.2,43.4234283803379,standard,30-50 cm,33.9-55.2 cm
Illinois,max,BAU,IL-147-SW-CRP-002,IL-147-SW-CRP-002-3,3,esm2,-33.7909801058963,-55.4757361555283,49.9149583739093,standard,30-50 cm,33.8-55.5 cm
Illinois,fd,BAU,IL-147-SW-CRP-002,IL-147-SW-CRP-002-3,3,fd,-30,-50,48.294844767634004,standard,30-50 cm,30-50 cm
Illinois,max,BAU,IL-147-SW-CRP-002,IL-147-SW-CRP-002-4,4,esm1,-55.2,-83.2,24.4788833821156,standard,50-75 cm,55.2-83.2 cm
Illinois,max,BAU,IL-147-SW-CRP-002,IL-147-SW-CRP-002-4,4,esm2,-55.4757361555283,-84.1594346789706,29.8684854011226,standard,50-75 cm,55.5-84.2 cm
Illinois,fd,BAU,IL-147-SW-CRP-002,IL-147-SW-CRP-002-4,4,fd,-50,-75,21.8561458768875,standard,50-75 cm,50-75 cm
Illinois,max,BAU,IL-147-SW-CRP-002,IL-147-SW-CRP-002-5,5,esm1,-83.2,-111.1,24.391458798608,standard,75-100 cm,83.2-111.1 cm
Illinois,max,BAU,IL-147-SW-CRP-002,IL-147-SW-CRP-002-5,5,esm2,-84.1594346789706,-109.594497461841,2.34036938320014,standard,75-100 cm,84.2-109.6 cm
Illinois,fd,BAU,IL-147-SW-CRP-002,IL-147-SW-CRP-002-5,5,fd,-75,-100,21.8561458768875,standard,75-100 cm,75-100 cm
Illinois,max,BAU,IL-147-SW-CRP-003,IL-147-SW-CRP-003-1,1,esm1,0,-11.3,31.8860133450655,standard,0-10 cm,0-11.3 cm
Illinois,max,BAU,IL-147-SW-CRP-003,IL-147-SW-CRP-003-1,1,esm2,0,-11.3216732531216,32.232208584771,standard,0-10 cm,0-11.3 cm
Illinois,fd,BAU,IL-147-SW-CRP-003,IL-147-SW-CRP-003-1,1,fd,0,-10,28.1586480193705,standard,0-10 cm,0-10 cm
Illinois,max,BAU,IL-147-SW-CRP-003,IL-147-SW-CRP-003-2,2,esm1,-11.3,-31.8,42.9386598640781,standard,10-30 cm,11.3-31.8 cm
Illinois,max,BAU,IL-147-SW-CRP-003,IL-147-SW-CRP-003-2,2,esm2,-11.3216732531216,-31.792363121985,42.7177884321385,standard,10-30 cm,11.3-31.8 cm
Illinois,fd,BAU,IL-147-SW-CRP-003,IL-147-SW-CRP-003-2,2,fd,-10,-30,44.543604893259,standard,10-30 cm,10-30 cm
Illinois,max,BAU,IL-147-SW-CRP-003,IL-147-SW-CRP-003-3,3,esm1,-31.8,-52.7,23.0518502472595,standard,30-50 cm,31.8-52.7 cm
Illinois,max,BAU,IL-147-SW-CRP-003,IL-147-SW-CRP-003-3,3,esm2,-31.792363121985,-52.6857227404201,24.0000970018337,standard,30-50 cm,31.8-52.7 cm
Illinois,fd,BAU,IL-147-SW-CRP-003,IL-147-SW-CRP-003-3,3,fd,-30,-50,23.58244773904,standard,30-50 cm,30-50 cm
Illinois,max,BAU,IL-147-SW-CRP-003,IL-147-SW-CRP-003-4,4,esm1,-52.7,-82,17.2742252513684,standard,50-75 cm,52.7-82 cm
Illinois,max,BAU,IL-147-SW-CRP-003,IL-147-SW-CRP-003-4,4,esm2,-52.6857227404201,-81.6565453487729,20.006209919761,standard,50-75 cm,52.7-81.7 cm
Illinois,fd,BAU,IL-147-SW-CRP-003,IL-147-SW-CRP-003-4,4,fd,-50,-75,14.73910004383,standard,50-75 cm,50-75 cm
Illinois,max,BAU,IL-147-SW-CRP-003,IL-147-SW-CRP-003-5,5,esm1,-82,-111.3,17.2742252513695,standard,75-100 cm,82-111.3 cm
Illinois,max,BAU,IL-147-SW-CRP-003,IL-147-SW-CRP-003-5,5,esm2,-81.6565453487729,-111.858782097602,9.82977041362061,standard,75-100 cm,81.7-111.9 cm
Illinois,fd,BAU,IL-147-SW-CRP-003,IL-147-SW-CRP-003-5,5,fd,-75,-100,14.73910004383,standard,75-100 cm,75-100 cm
Illinois,max,BAU,IL-147-SW-TS-001,IL-147-SW-TS-001-1,1,esm1,0,-12,46.5750768620336,standard,0-10 cm,0-12 cm
Illinois,max,BAU,IL-147-SW-TS-001,IL-147-SW-TS-001-1,1,esm2,0,-12.0244983206253,48.1507759902541,standard,0-10 cm,0-12 cm
Illinois,fd,BAU,IL-147-SW-TS-001,IL-147-SW-TS-001-1,1,fd,0,-10,39.6888971462385,standard,0-10 cm,0-10 cm
Illinois,max,BAU,IL-147-SW-TS-001,IL-147-SW-TS-001-2,2,esm1,-12,-33.4,50.1125555505545,standard,10-30 cm,12-33.4 cm
Illinois,max,BAU,IL-147-SW-TS-001,IL-147-SW-TS-001-2,2,esm2,-12.0244983206253,-33.5655643539294,49.640713325965,standard,10-30 cm,12-33.6 cm
Illinois,fd,BAU,IL-147-SW-TS-001,IL-147-SW-TS-001-2,2,fd,-10,-30,52.96571106566999,standard,10-30 cm,10-30 cm
Illinois,max,BAU,IL-147-SW-TS-001,IL-147-SW-TS-001-3,3,esm1,-33.4,-54,22.0950176299324,standard,30-50 cm,33.4-54 cm
Illinois,max,BAU,IL-147-SW-TS-001,IL-147-SW-TS-001-3,3,esm2,-33.5655643539294,-54.1496684250057,21.9032173695223,standard,30-50 cm,33.6-54.1 cm
Illinois,fd,BAU,IL-147-SW-TS-001,IL-147-SW-TS-001-3,3,fd,-30,-50,23.723671768706,standard,30-50 cm,30-50 cm
Illinois,max,BAU,IL-147-SW-TS-001,IL-147-SW-TS-001-4,4,esm1,-54,-80.3,15.8087331570319,standard,50-75 cm,54-80.3 cm
Illinois,max,BAU,IL-147-SW-TS-001,IL-147-SW-TS-001-4,4,esm2,-54.1496684250057,-80.3857815538187,13.7731933926275,standard,50-75 cm,54.1-80.4 cm
Illinois,fd,BAU,IL-147-SW-TS-001,IL-147-SW-TS-001-4,4,fd,-50,-75,15.0273128869125,standard,50-75 cm,50-75 cm
Illinois,max,BAU,IL-147-SW-TS-001,IL-147-SW-TS-001-5,5,esm1,-80.3,-106.6,15.8087331570341,standard,75-100 cm,80.3-106.6 cm
Illinois,max,BAU,IL-147-SW-TS-001,IL-147-SW-TS-001-5,5,esm2,-80.3857815538187,-106.696371976933,20.1050568120938,standard,75-100 cm,80.4-106.7 cm
Illinois,fd,BAU,IL-147-SW-TS-001,IL-147-SW-TS-001-5,5,fd,-75,-100,15.0273128869125,standard,75-100 cm,75-100 cm
Illinois,max,BAU,IL-147-SW-TS-002,IL-147-SW-TS-002-1,1,esm1,0,-12.1,46.3028860888077,standard,0-10 cm,0-12.1 cm
Illinois,max,BAU,IL-147-SW-TS-002,IL-147-SW-TS-002-1,1,esm2,0,-12.0797250509112,46.9407945518563,standard,0-10 cm,0-12.1 cm
Illinois,fd,BAU,IL-147-SW-TS-002,IL-147-SW-TS-002-1,1,fd,0,-10,38.224006685072496,standard,0-10 cm,0-10 cm
Illinois,max,BAU,IL-147-SW-TS-002,IL-147-SW-TS-002-2,2,esm1,-12.1,-32.6,62.7316537092138,standard,10-30 cm,12.1-32.6 cm
Illinois,max,BAU,IL-147-SW-TS-002,IL-147-SW-TS-002-2,2,esm2,-12.0797250509112,-32.6312158247318,63.893010587159,standard,10-30 cm,12.1-32.6 cm
Illinois,fd,BAU,IL-147-SW-TS-002,IL-147-SW-TS-002-2,2,fd,-10,-30,66.874909254082,standard,10-30 cm,10-30 cm
Illinois,max,BAU,IL-147-SW-TS-002,IL-147-SW-TS-002-3,3,esm1,-32.6,-52.6,28.4696515839614,standard,30-50 cm,32.6-52.6 cm
Illinois,max,BAU,IL-147-SW-TS-002,IL-147-SW-TS-002-3,3,esm2,-32.6312158247318,-52.6895224208623,26.8100745033615,standard,30-50 cm,32.6-52.7 cm
Illinois,fd,BAU,IL-147-SW-TS-002,IL-147-SW-TS-002-3,3,fd,-30,-50,30.274029683591998,standard,30-50 cm,30-50 cm
Illinois,max,BAU,IL-147-SW-TS-002,IL-147-SW-TS-002-4,4,esm1,-52.6,-79.5,22.0501965090343,standard,50-75 cm,52.6-79.5 cm
Illinois,max,BAU,IL-147-SW-TS-002,IL-147-SW-TS-002-4,4,esm2,-52.6895224208623,-79.5940900275079,15.5440173952312,standard,50-75 cm,52.7-79.6 cm
Illinois,fd,BAU,IL-147-SW-TS-002,IL-147-SW-TS-002-4,4,fd,-50,-75,20.492747684975,standard,50-75 cm,50-75 cm
Illinois,max,BAU,IL-147-SW-TS-002,IL-147-SW-TS-002-5,5,esm1,-79.5,-106.4,22.0501965090343,standard,75-100 cm,79.5-106.4 cm
Illinois,max,BAU,IL-147-SW-TS-002,IL-147-SW-TS-002-5,5,esm2,-79.5940900275079,-106.38465782927,36.3177268379831,standard,75-100 cm,79.6-106.4 cm
Illinois,fd,BAU,IL-147-SW-TS-002,IL-147-SW-TS-002-5,5,fd,-75,-100,20.492747684975,standard,75-100 cm,75-100 cm
Illinois,max,BAU,IL-147-SW-TS-003,IL-147-SW-TS-003-1,1,esm1,0,-12.7,48.1317966964101,standard,0-10 cm,0-12.7 cm
Illinois,max,BAU,IL-147-SW-TS-003,IL-147-SW-TS-003-1,1,esm2,0,-12.6988996761897,49.048853576658,standard,0-10 cm,0-12.7 cm
Illinois,fd,BAU,IL-147-SW-TS-003,IL-147-SW-TS-003-1,1,fd,0,-10,37.463020444737495,standard,0-10 cm,0-10 cm
Illinois,max,BAU,IL-147-SW-TS-003,IL-147-SW-TS-003-2,2,esm1,-12.7,-32.6,66.3557234790306,standard,10-30 cm,12.7-32.6 cm
Illinois,max,BAU,IL-147-SW-TS-003,IL-147-SW-TS-003-2,2,esm2,-12.6988996761897,-32.4228439841303,67.5585271389731,standard,10-30 cm,12.7-32.4 cm
Illinois,fd,BAU,IL-147-SW-TS-003,IL-147-SW-TS-003-2,2,fd,-10,-30,73.303747677432,standard,10-30 cm,10-30 cm
Illinois,max,BAU,IL-147-SW-TS-003,IL-147-SW-TS-003-3,3,esm1,-32.6,-53.3,28.1041664882258,standard,30-50 cm,32.6-53.3 cm
Illinois,max,BAU,IL-147-SW-TS-003,IL-147-SW-TS-003-3,3,esm2,-32.4228439841303,-53.7140898222738,25.1895782605174,standard,30-50 cm,32.4-53.7 cm
Illinois,fd,BAU,IL-147-SW-TS-003,IL-147-SW-TS-003-3,3,fd,-30,-50,28.621169640543997,standard,30-50 cm,30-50 cm
Illinois,max,BAU,IL-147-SW-TS-003,IL-147-SW-TS-003-4,4,esm1,-53.3,-80.6,26.5037409078856,standard,50-75 cm,53.3-80.6 cm
Illinois,max,BAU,IL-147-SW-TS-003,IL-147-SW-TS-003-4,4,esm2,-53.7140898222738,-82.6517288401787,15.2223374700643,standard,50-75 cm,53.7-82.7 cm
Illinois,fd,BAU,IL-147-SW-TS-003,IL-147-SW-TS-003-4,4,fd,-50,-75,24.27082500722,standard,50-75 cm,50-75 cm
Illinois,max,BAU,IL-147-SW-TS-003,IL-147-SW-TS-003-5,5,esm1,-80.6,-107.8,26.4066576078567,standard,75-100 cm,80.6-107.8 cm
Illinois,max,BAU,IL-147-SW-TS-003,IL-147-SW-TS-003-5,5,esm2,-82.6517288401787,-105.628834400291,54.4372509006386,standard,75-100 cm,82.7-105.6 cm
Illinois,fd,BAU,IL-147-SW-TS-003,IL-147-SW-TS-003-5,5,fd,-75,-100,24.27082500722,standard,75-100 cm,75-100 cm
Illinois,mean,Ref,IL-019-SW-ARBRTM-001,IL-019-SW-ARBRTM-001-1,1,esm1,0,-10.2,49.873398722316,standard,0-10 cm,0-10.2 cm
Illinois,mean,Ref,IL-019-SW-ARBRTM-001,IL-019-SW-ARBRTM-001-1,1,esm2,0,-10.2454855336466,49.9089376169974,standard,0-10 cm,0-10.2 cm
Illinois,mean,Ref,IL-019-SW-ARBRTM-001,IL-019-SW-ARBRTM-001-2,2,esm1,-10.2,-31.5,76.1860077842952,standard,10-30 cm,10.2-31.5 cm
Illinois,mean,Ref,IL-019-SW-ARBRTM-001,IL-019-SW-ARBRTM-001-2,2,esm2,-10.2454855336466,-31.488913309145,77.7486642229413,standard,10-30 cm,10.2-31.5 cm
Illinois,mean,Ref,IL-019-SW-ARBRTM-001,IL-019-SW-ARBRTM-001-3,3,esm1,-31.5,-52.5,32.2933403448499,standard,30-50 cm,31.5-52.5 cm
Illinois,mean,Ref,IL-019-SW-ARBRTM-001,IL-019-SW-ARBRTM-001-3,3,esm2,-31.488913309145,-52.7590356698764,30.6844113457363,standard,30-50 cm,31.5-52.8 cm
Illinois,mean,Ref,IL-019-SW-ARBRTM-001,IL-019-SW-ARBRTM-001-4,4,esm1,-52.5,-77.4,19.0846771807618,standard,50-75 cm,52.5-77.4 cm
Illinois,mean,Ref,IL-019-SW-ARBRTM-001,IL-019-SW-ARBRTM-001-4,4,esm2,-52.7590356698764,-79.2346396132907,9.13180114000144,standard,50-75 cm,52.8-79.2 cm
Illinois,mean,Ref,IL-019-SW-ARBRTM-001,IL-019-SW-ARBRTM-001-5,5,esm1,-77.4,-102.3,19.0846771807618,standard,75-100 cm,77.4-102.3 cm
Illinois,mean,Ref,IL-019-SW-ARBRTM-001,IL-019-SW-ARBRTM-001-5,5,esm2,-79.2346396132907,-101.922614187396,33.1081921971789,standard,75-100 cm,79.2-101.9 cm
Illinois,mean,Ref,IL-019-SW-ARBRTM-002,IL-019-SW-ARBRTM-002-1,1,esm1,0,-11.4,59.9923908675443,standard,0-10 cm,0-11.4 cm
Illinois,mean,Ref,IL-019-SW-ARBRTM-002,IL-019-SW-ARBRTM-002-1,1,esm2,0,-11.5175418853882,61.1854466696335,standard,0-10 cm,0-11.5 cm
Illinois,mean,Ref,IL-019-SW-ARBRTM-002,IL-019-SW-ARBRTM-002-2,2,esm1,-11.4,-34,75.2344016260827,standard,10-30 cm,11.4-34 cm
Illinois,mean,Ref,IL-019-SW-ARBRTM-002,IL-019-SW-ARBRTM-002-2,2,esm2,-11.5175418853882,-34.3489195331864,76.7976392241067,standard,10-30 cm,11.5-34.3 cm
Illinois,mean,Ref,IL-019-SW-ARBRTM-002,IL-019-SW-ARBRTM-002-3,3,esm1,-34,-54.8,33.8649286588461,standard,30-50 cm,34-54.8 cm
Illinois,mean,Ref,IL-019-SW-ARBRTM-002,IL-019-SW-ARBRTM-002-3,3,esm2,-34.3489195331864,-54.9259325188952,33.1106763463409,standard,30-50 cm,34.3-54.9 cm
Illinois,mean,Ref,IL-019-SW-ARBRTM-002,IL-019-SW-ARBRTM-002-4,4,esm1,-54.8,-79.5,17.965545004793402,standard,50-75 cm,54.8-79.5 cm
Illinois,mean,Ref,IL-019-SW-ARBRTM-002,IL-019-SW-ARBRTM-002-4,4,esm2,-54.9259325188952,-79.1894191404879,13.9409437551893,standard,50-75 cm,54.9-79.2 cm
Illinois,mean,Ref,IL-019-SW-ARBRTM-002,IL-019-SW-ARBRTM-002-5,5,esm1,-79.5,-104.2,17.965545004793402,standard,75-100 cm,79.5-104.2 cm
Illinois,mean,Ref,IL-019-SW-ARBRTM-002,IL-019-SW-ARBRTM-002-5,5,esm2,-79.1894191404879,-104.560405349399,23.6055895423707,standard,75-100 cm,79.2-104.6 cm
Illinois,mean,Ref,IL-019-SW-ARBRTM-003,IL-019-SW-ARBRTM-003-1,1,esm1,0,-10.8,58.324890151802,standard,0-10 cm,0-10.8 cm
Illinois,mean,Ref,IL-019-SW-ARBRTM-003,IL-019-SW-ARBRTM-003-1,1,esm2,0,-10.8741049249221,59.4755246010849,standard,0-10 cm,0-10.9 cm
Illinois,mean,Ref,IL-019-SW-ARBRTM-003,IL-019-SW-ARBRTM-003-2,2,esm1,-10.8,-32.4,54.4033229932672,standard,10-30 cm,10.8-32.4 cm
Illinois,mean,Ref,IL-019-SW-ARBRTM-003,IL-019-SW-ARBRTM-003-2,2,esm2,-10.8741049249221,-32.6500977506616,53.0024955118042,standard,10-30 cm,10.9-32.7 cm
Illinois,mean,Ref,IL-019-SW-ARBRTM-003,IL-019-SW-ARBRTM-003-3,3,esm1,-32.4,-52.1,38.8958526714137,standard,30-50 cm,32.4-52.1 cm
Illinois,mean,Ref,IL-019-SW-ARBRTM-003,IL-019-SW-ARBRTM-003-3,3,esm2,-32.6500977506616,-52.1789532780602,42.0140019849446,standard,30-50 cm,32.7-52.2 cm
Illinois,mean,Ref,IL-019-SW-ARBRTM-003,IL-019-SW-ARBRTM-003-4,4,esm1,-52.1,-74.9,20.7665968521795,standard,50-75 cm,52.1-74.9 cm
Illinois,mean,Ref,IL-019-SW-ARBRTM-003,IL-019-SW-ARBRTM-003-4,4,esm2,-52.1789532780602,-74.5019841586864,32.4904554544705,standard,50-75 cm,52.2-74.5 cm
Illinois,mean,Ref,IL-019-SW-ARBRTM-003,IL-019-SW-ARBRTM-003-5,5,esm1,-74.9,-97.7,20.7665968521795,standard,75-100 cm,74.9-97.7 cm
Illinois,mean,Ref,IL-019-SW-ARBRTM-003,IL-019-SW-ARBRTM-003-5,5,esm2,-74.5019841586864,-97.5828297780731,8.22763885648985,standard,75-100 cm,74.5-97.6 cm
Illinois,mean,SHM,IL-019-SW-RTHRML-001,IL-019-SW-RTHRML-001-1,1,esm1,0,-10,34.9744133713395,standard,0-10 cm,0-10 cm
Illinois,mean,SHM,IL-019-SW-RTHRML-001,IL-019-SW-RTHRML-001-1,1,esm2,0,-10,34.9744133713395,standard,0-10 cm,0-10 cm
Illinois,mean,SHM,IL-019-SW-RTHRML-001,IL-019-SW-RTHRML-001-2,2,esm1,-10,-29.9,49.9196504678561,standard,10-30 cm,10-29.9 cm
Illinois,mean,SHM,IL-019-SW-RTHRML-001,IL-019-SW-RTHRML-001-2,2,esm2,-10,-30,50.1156779645839,standard,10-30 cm,10-30 cm
Illinois,mean,SHM,IL-019-SW-RTHRML-001,IL-019-SW-RTHRML-001-3,3,esm1,-29.9,-49.7,19.4703899155899,standard,30-50 cm,29.9-49.7 cm
Illinois,mean,SHM,IL-019-SW-RTHRML-001,IL-019-SW-RTHRML-001-3,3,esm2,-30,-50.0175784720166,17.855293779533,standard,30-50 cm,30-50 cm
Illinois,mean,SHM,IL-019-SW-RTHRML-001,IL-019-SW-RTHRML-001-4,4,esm1,-49.7,-74.8,19.8508251082056,standard,50-75 cm,49.7-74.8 cm
Illinois,mean,SHM,IL-019-SW-RTHRML-001,IL-019-SW-RTHRML-001-4,4,esm2,-50.0175784720166,-75.3528143135343,8.46985601200568,standard,50-75 cm,50-75.4 cm
Illinois,mean,SHM,IL-019-SW-RTHRML-001,IL-019-SW-RTHRML-001-5,5,esm1,-74.8,-99.9,19.8508251082056,standard,75-100 cm,74.8-99.9 cm
Illinois,mean,SHM,IL-019-SW-RTHRML-001,IL-019-SW-RTHRML-001-5,5,esm2,-75.3528143135343,-100,32.7299497963603,standard,75-100 cm,75.4-100 cm
Illinois,mean,SHM,IL-019-SW-RTHRML-002,IL-019-SW-RTHRML-002-1,1,esm1,0,-10,31.7064031901603,standard,0-10 cm,0-10 cm
Illinois,mean,SHM,IL-019-SW-RTHRML-002,IL-019-SW-RTHRML-002-1,1,esm2,0,-10,31.7064031901603,standard,0-10 cm,0-10 cm
Illinois,mean,SHM,IL-019-SW-RTHRML-002,IL-019-SW-RTHRML-002-2,2,esm1,-10,-29.9,50.4094687089216,standard,10-30 cm,10-29.9 cm
Illinois,mean,SHM,IL-019-SW-RTHRML-002,IL-019-SW-RTHRML-002-2,2,esm2,-10,-30,50.6016391652157,standard,10-30 cm,10-30 cm
Illinois,mean,SHM,IL-019-SW-RTHRML-002,IL-019-SW-RTHRML-002-3,3,esm1,-29.9,-49.7,47.997350960036,standard,30-50 cm,29.9-49.7 cm
Illinois,mean,SHM,IL-019-SW-RTHRML-002,IL-019-SW-RTHRML-002-3,3,esm2,-30,-50.0175784720166,22.4727624377174,standard,30-50 cm,30-50 cm
Illinois,mean,SHM,IL-019-SW-RTHRML-002,IL-019-SW-RTHRML-002-4,4,esm1,-49.7,-74.8,92.2455934689,standard,50-75 cm,49.7-74.8 cm
Illinois,mean,SHM,IL-019-SW-RTHRML-002,IL-019-SW-RTHRML-002-4,4,esm2,-50.0175784720166,-75.3528143135343,52.1142726932101,standard,50-75 cm,50-75.4 cm
Illinois,mean,SHM,IL-019-SW-RTHRML-002,IL-019-SW-RTHRML-002-5,5,esm1,-74.8,-99.9,92.2455934688955,standard,75-100 cm,74.8-99.9 cm
Illinois,mean,SHM,IL-019-SW-RTHRML-002,IL-019-SW-RTHRML-002-5,5,esm2,-75.3528143135343,-100,158.076844635187,standard,75-100 cm,75.4-100 cm
Illinois,mean,SHM,IL-019-SW-RTHRML-003,IL-019-SW-RTHRML-003-1,1,esm1,0,-10,46.122516962699,standard,0-10 cm,0-10 cm
Illinois,mean,SHM,IL-019-SW-RTHRML-003,IL-019-SW-RTHRML-003-1,1,esm2,0,-10,46.1225169626989,standard,0-10 cm,0-10 cm
Illinois,mean,SHM,IL-019-SW-RTHRML-003,IL-019-SW-RTHRML-003-2,2,esm1,-10,-29.9,88.9178066273164,standard,10-30 cm,10-29.9 cm
Illinois,mean,SHM,IL-019-SW-RTHRML-003,IL-019-SW-RTHRML-003-2,2,esm2,-10,-30,89.3376818802845,standard,10-30 cm,10-30 cm
Illinois,mean,SHM,IL-019-SW-RTHRML-003,IL-019-SW-RTHRML-003-3,3,esm1,-29.9,-49.7,35.3205746266047,standard,30-50 cm,29.9-49.7 cm
Illinois,mean,SHM,IL-019-SW-RTHRML-003,IL-019-SW-RTHRML-003-3,3,esm2,-30,-50.0175784720166,39.8351273194137,standard,30-50 cm,30-50 cm
Illinois,mean,SHM,IL-019-SW-RTHRML-003,IL-019-SW-RTHRML-003-4,4,esm1,-49.7,-74.8,22.6935306225948,standard,50-75 cm,49.7-74.8 cm
Illinois,mean,SHM,IL-019-SW-RTHRML-003,IL-019-SW-RTHRML-003-4,4,esm2,-50.0175784720166,-75.3528143135343,10.1157842451339,standard,50-75 cm,50-75.4 cm
Illinois,mean,SHM,IL-019-SW-RTHRML-003,IL-019-SW-RTHRML-003-5,5,esm1,-74.8,-99.9,22.6935306225948,standard,75-100 cm,74.8-99.9 cm
Illinois,mean,SHM,IL-019-SW-RTHRML-003,IL-019-SW-RTHRML-003-5,5,esm2,-75.3528143135343,-100,30.4272615268724,standard,75-100 cm,75.4-100 cm
Illinois,mean,SHM,IL-019-SW-RTHRML-004,IL-019-SW-RTHRML-004-1,1,esm1,0,-10,27.6210389915985,standard,0-10 cm,0-10 cm
Illinois,mean,SHM,IL-019-SW-RTHRML-004,IL-019-SW-RTHRML-004-1,1,esm2,0,-10,27.6210389915985,standard,0-10 cm,0-10 cm
Illinois,mean,SHM,IL-019-SW-RTHRML-004,IL-019-SW-RTHRML-004-2,2,esm1,-10,-29.9,53.1920981964662,standard,10-30 cm,10-29.9 cm
Illinois,mean,SHM,IL-019-SW-RTHRML-004,IL-019-SW-RTHRML-004-2,2,esm2,-10,-30,53.4489554031627,standard,10-30 cm,10-30 cm
Illinois,mean,SHM,IL-019-SW-RTHRML-004,IL-019-SW-RTHRML-004-3,3,esm1,-29.9,-49.7,24.9057255534393,standard,30-50 cm,29.9-49.7 cm
Illinois,mean,SHM,IL-019-SW-RTHRML-004,IL-019-SW-RTHRML-004-3,3,esm2,-30,-50.0175784720166,29.7723099704262,standard,30-50 cm,30-50 cm
Illinois,mean,SHM,IL-019-SW-RTHRML-004,IL-019-SW-RTHRML-004-4,4,esm1,-49.7,-74.8,17.0923182056722,standard,50-75 cm,49.7-74.8 cm
Illinois,mean,SHM,IL-019-SW-RTHRML-004,IL-019-SW-RTHRML-004-4,4,esm2,-50.0175784720166,-75.3528143135343,14.3802930551883,standard,50-75 cm,50-75.4 cm
Illinois,mean,SHM,IL-019-SW-RTHRML-004,IL-019-SW-RTHRML-004-5,5,esm1,-74.8,-99.9,17.0923182056722,standard,75-100 cm,74.8-99.9 cm
Illinois,mean,SHM,IL-019-SW-RTHRML-004,IL-019-SW-RTHRML-004-5,5,esm2,-75.3528143135343,-100,14.7489986177565,standard,75-100 cm,75.4-100 cm
Illinois,mean,BAU,IL-115-SW-ETAL-001,IL-115-SW-ETAL-001-1,1,esm1,0,-9.8,32.986221607446,standard,0-10 cm,0-9.8 cm
Illinois,mean,BAU,IL-115-SW-ETAL-001,IL-115-SW-ETAL-001-1,1,esm2,0,-9.85971549631695,33.2314333267463,standard,0-10 cm,0-9.9 cm
Illinois,mean,BAU,IL-115-SW-ETAL-001,IL-115-SW-ETAL-001-2,2,esm1,-9.8,-29.8,63.9471907034954,standard,10-30 cm,9.8-29.8 cm
Illinois,mean,BAU,IL-115-SW-ETAL-001,IL-115-SW-ETAL-001-2,2,esm2,-9.85971549631695,-29.8610210874907,63.9123159339855,standard,10-30 cm,9.9-29.9 cm
Illinois,mean,BAU,IL-115-SW-ETAL-001,IL-115-SW-ETAL-001-3,3,esm1,-29.8,-50.9,53.8094881696283,standard,30-50 cm,29.8-50.9 cm
Illinois,mean,BAU,IL-115-SW-ETAL-001,IL-115-SW-ETAL-001-3,3,esm2,-29.8610210874907,-50.9793687857257,54.6295591290308,standard,30-50 cm,29.9-51 cm
Illinois,mean,BAU,IL-115-SW-ETAL-001,IL-115-SW-ETAL-001-4,4,esm1,-50.9,-76.9,30.3137057452318,standard,50-75 cm,50.9-76.9 cm
Illinois,mean,BAU,IL-115-SW-ETAL-001,IL-115-SW-ETAL-001-4,4,esm2,-50.9793687857257,-78.4760188582576,43.6510376719966,standard,50-75 cm,51-78.5 cm
Illinois,mean,BAU,IL-115-SW-ETAL-001,IL-115-SW-ETAL-001-5,5,esm1,-76.9,-102.9,30.3137057452318,standard,75-100 cm,76.9-102.9 cm
Illinois,mean,BAU,IL-115-SW-ETAL-001,IL-115-SW-ETAL-001-5,5,esm2,-78.4760188582576,-102.382137147672,12.3623895281903,standard,75-100 cm,78.5-102.4 cm
Illinois,mean,BAU,IL-115-SW-ETAL-002,IL-115-SW-ETAL-002-1,1,esm1,0,-10.1,27.557841487859,standard,0-10 cm,0-10.1 cm
Illinois,mean,BAU,IL-115-SW-ETAL-002,IL-115-SW-ETAL-002-1,1,esm2,0,-10.1803957233314,27.8524668270271,standard,0-10 cm,0-10.2 cm
Illinois,mean,BAU,IL-115-SW-ETAL-002,IL-115-SW-ETAL-002-2,2,esm1,-10.1,-29.9,50.1336330335271,standard,10-30 cm,10.1-29.9 cm
Illinois,mean,BAU,IL-115-SW-ETAL-002,IL-115-SW-ETAL-002-2,2,esm2,-10.1803957233314,-29.9298580120061,49.921863234165,standard,10-30 cm,10.2-29.9 cm
Illinois,mean,BAU,IL-115-SW-ETAL-002,IL-115-SW-ETAL-002-3,3,esm1,-29.9,-50.8,41.9662442751352,standard,30-50 cm,29.9-50.8 cm
Illinois,mean,BAU,IL-115-SW-ETAL-002,IL-115-SW-ETAL-002-3,3,esm2,-29.9298580120061,-50.8723740337011,42.6865595075424,standard,30-50 cm,29.9-50.9 cm
Illinois,mean,BAU,IL-115-SW-ETAL-002,IL-115-SW-ETAL-002-4,4,esm1,-50.8,-76.7,20.228048089244002,standard,50-75 cm,50.8-76.7 cm
Illinois,mean,BAU,IL-115-SW-ETAL-002,IL-115-SW-ETAL-002-4,4,esm2,-50.8723740337011,-78.2673394349104,30.4138186740188,standard,50-75 cm,50.9-78.3 cm
Illinois,mean,BAU,IL-115-SW-ETAL-002,IL-115-SW-ETAL-002-5,5,esm1,-76.7,-102.6,20.2280480892456,standard,75-100 cm,76.7-102.6 cm
Illinois,mean,BAU,IL-115-SW-ETAL-002,IL-115-SW-ETAL-002-5,5,esm2,-78.2673394349104,-102.163209178839,7.13124712204203,standard,75-100 cm,78.3-102.2 cm
Illinois,mean,BAU,IL-115-SW-ETAL-003,IL-115-SW-ETAL-003-1,1,esm1,0,-10.3,31.2469212996158,standard,0-10 cm,0-10.3 cm
Illinois,mean,BAU,IL-115-SW-ETAL-003,IL-115-SW-ETAL-003-1,1,esm2,0,-10.3430806495345,31.5073568218114,standard,0-10 cm,0-10.3 cm
Illinois,mean,BAU,IL-115-SW-ETAL-003,IL-115-SW-ETAL-003-2,2,esm1,-10.3,-30.4,56.4935674140886,standard,10-30 cm,10.3-30.4 cm
Illinois,mean,BAU,IL-115-SW-ETAL-003,IL-115-SW-ETAL-003-2,2,esm2,-10.3430806495345,-30.4980223792418,56.6962456323693,standard,10-30 cm,10.3-30.5 cm
Illinois,mean,BAU,IL-115-SW-ETAL-003,IL-115-SW-ETAL-003-3,3,esm1,-30.4,-49.6,35.3086270970634,standard,30-50 cm,30.4-49.6 cm
Illinois,mean,BAU,IL-115-SW-ETAL-003,IL-115-SW-ETAL-003-3,3,esm2,-30.4980223792418,-49.70323877408,35.1931227013391,standard,30-50 cm,30.5-49.7 cm
Illinois,mean,BAU,IL-115-SW-ETAL-003,IL-115-SW-ETAL-003-4,4,esm1,-49.6,-74.8,16.6798824767832,standard,50-75 cm,49.6-74.8 cm
Illinois,mean,BAU,IL-115-SW-ETAL-003,IL-115-SW-ETAL-003-4,4,esm2,-49.70323877408,-73.7422437202683,20.7379158839368,standard,50-75 cm,49.7-73.7 cm
Illinois,mean,BAU,IL-115-SW-ETAL-003,IL-115-SW-ETAL-003-5,5,esm1,-74.8,-100,16.2014519834265,standard,75-100 cm,74.8-100 cm
Illinois,mean,BAU,IL-115-SW-ETAL-003,IL-115-SW-ETAL-003-5,5,esm2,-73.7422437202683,-100.000231037049,11.7959196047814,standard,75-100 cm,73.7-100 cm
Illinois,mean,BAU,IL-115-SW-WDFLD-001,IL-115-SW-WDFLD-001-1,1,esm1,0,-9.7,34.1205835037233,standard,0-10 cm,0-9.7 cm
Illinois,mean,BAU,IL-115-SW-WDFLD-001,IL-115-SW-WDFLD-001-1,1,esm2,0,-9.75848987900033,34.3642882026607,standard,0-10 cm,0-9.8 cm
Illinois,mean,BAU,IL-115-SW-WDFLD-001,IL-115-SW-WDFLD-001-2,2,esm1,-9.7,-29.4,61.9843698763475,standard,10-30 cm,9.7-29.4 cm
Illinois,mean,BAU,IL-115-SW-WDFLD-001,IL-115-SW-WDFLD-001-2,2,esm2,-9.75848987900033,-29.423576442676602,62.0000914627952,standard,10-30 cm,9.8-29.4 cm
Illinois,mean,BAU,IL-115-SW-WDFLD-001,IL-115-SW-WDFLD-001-3,3,esm1,-29.4,-49,30.7793821495291,standard,30-50 cm,29.4-49 cm
Illinois,mean,BAU,IL-115-SW-WDFLD-001,IL-115-SW-WDFLD-001-3,3,esm2,-29.423576442676602,-49.0549450266995,31.2586647686341,standard,30-50 cm,29.4-49.1 cm
Illinois,mean,BAU,IL-115-SW-WDFLD-001,IL-115-SW-WDFLD-001-4,4,esm1,-49,-74.1,22.1699039791804,standard,50-75 cm,49-74.1 cm
Illinois,mean,BAU,IL-115-SW-WDFLD-001,IL-115-SW-WDFLD-001-4,4,esm2,-49.0549450266995,-74.7181787457359,14.394286780463,standard,50-75 cm,49.1-74.7 cm
Illinois,mean,BAU,IL-115-SW-WDFLD-001,IL-115-SW-WDFLD-001-5,5,esm1,-74.1,-99.1,21.4145499998253,standard,75-100 cm,74.1-99.1 cm
Illinois,mean,BAU,IL-115-SW-WDFLD-001,IL-115-SW-WDFLD-001-5,5,esm2,-74.7181787457359,-99.1878171188034,27.513983203087,standard,75-100 cm,74.7-99.2 cm
Illinois,mean,BAU,IL-115-SW-WDFLD-002,IL-115-SW-WDFLD-002-1,1,esm1,0,-10.4,33.9956849363978,standard,0-10 cm,0-10.4 cm
Illinois,mean,BAU,IL-115-SW-WDFLD-002,IL-115-SW-WDFLD-002-1,1,esm2,0,-10.4191677778027,34.1950015712529,standard,0-10 cm,0-10.4 cm
Illinois,mean,BAU,IL-115-SW-WDFLD-002,IL-115-SW-WDFLD-002-2,2,esm1,-10.4,-29.8,65.7428781327267,standard,10-30 cm,10.4-29.8 cm
Illinois,mean,BAU,IL-115-SW-WDFLD-002,IL-115-SW-WDFLD-002-2,2,esm2,-10.4191677778027,-29.8597859066197,65.7838614255698,standard,10-30 cm,10.4-29.9 cm
Illinois,mean,BAU,IL-115-SW-WDFLD-002,IL-115-SW-WDFLD-002-3,3,esm1,-29.8,-49.7,39.7776156200456,standard,30-50 cm,29.8-49.7 cm
Illinois,mean,BAU,IL-115-SW-WDFLD-002,IL-115-SW-WDFLD-002-3,3,esm2,-29.8597859066197,-49.7500030194662,39.8257453458558,standard,30-50 cm,29.9-49.8 cm
Illinois,mean,BAU,IL-115-SW-WDFLD-002,IL-115-SW-WDFLD-002-4,4,esm1,-49.7,-74.4,22.2670260574071,standard,50-75 cm,49.7-74.4 cm
Illinois,mean,BAU,IL-115-SW-WDFLD-002,IL-115-SW-WDFLD-002-4,4,esm2,-49.7500030194662,-74.3770156004297,19.7953199126232,standard,50-75 cm,49.8-74.4 cm
Illinois,mean,BAU,IL-115-SW-WDFLD-002,IL-115-SW-WDFLD-002-5,5,esm1,-74.4,-99.2,22.0264671691586,standard,75-100 cm,74.4-99.2 cm
Illinois,mean,BAU,IL-115-SW-WDFLD-002,IL-115-SW-WDFLD-002-5,5,esm2,-74.3770156004297,-99.22910922677,23.7256374763684,standard,75-100 cm,74.4-99.2 cm
Illinois,mean,BAU,IL-115-SW-WDFLD-003,IL-115-SW-WDFLD-003-1,1,esm1,0,-10.6,33.8563712086143,standard,0-10 cm,0-10.6 cm
Illinois,mean,BAU,IL-115-SW-WDFLD-003,IL-115-SW-WDFLD-003-1,1,esm2,0,-10.6305204842265,34.2675547952154,standard,0-10 cm,0-10.6 cm
Illinois,mean,BAU,IL-115-SW-WDFLD-003,IL-115-SW-WDFLD-003-2,2,esm1,-10.6,-30.5,65.1248162639823,standard,10-30 cm,10.6-30.5 cm
Illinois,mean,BAU,IL-115-SW-WDFLD-003,IL-115-SW-WDFLD-003-2,2,esm2,-10.6305204842265,-30.5708083718614,65.3857456598003,standard,10-30 cm,10.6-30.6 cm
Illinois,mean,BAU,IL-115-SW-WDFLD-003,IL-115-SW-WDFLD-003-3,3,esm1,-30.5,-50.3,35.3627772340391,standard,30-50 cm,30.5-50.3 cm
Illinois,mean,BAU,IL-115-SW-WDFLD-003,IL-115-SW-WDFLD-003-3,3,esm2,-30.5708083718614,-50.3148261403786,34.7583466465613,standard,30-50 cm,30.6-50.3 cm
Illinois,mean,BAU,IL-115-SW-WDFLD-003,IL-115-SW-WDFLD-003-4,4,esm1,-50.3,-75.5,22.9708096707831,standard,50-75 cm,50.3-75.5 cm
Illinois,mean,BAU,IL-115-SW-WDFLD-003,IL-115-SW-WDFLD-003-4,4,esm2,-50.3148261403786,-75.8775733345923,19.0537022792954,standard,50-75 cm,50.3-75.9 cm
Illinois,mean,BAU,IL-115-SW-WDFLD-003,IL-115-SW-WDFLD-003-5,5,esm1,-75.5,-100.7,22.9708096707831,standard,75-100 cm,75.5-100.7 cm
Illinois,mean,BAU,IL-115-SW-WDFLD-003,IL-115-SW-WDFLD-003-5,5,esm2,-75.8775733345923,-100.769705451202,27.5699578109373,standard,75-100 cm,75.9-100.8 cm
Illinois,mean,BAU,IL-147-SW-CRP-001,IL-147-SW-CRP-001-1,1,esm1,0,-8,33.746830267176,standard,0-10 cm,0-8 cm
Illinois,mean,BAU,IL-147-SW-CRP-001,IL-147-SW-CRP-001-1,1,esm2,0,-8.11888372239129,34.3477892655257,standard,0-10 cm,0-8.1 cm
Illinois,mean,BAU,IL-147-SW-CRP-001,IL-147-SW-CRP-001-2,2,esm1,-8,-26.7,65.0651837214081,standard,10-30 cm,8-26.7 cm
Illinois,mean,BAU,IL-147-SW-CRP-001,IL-147-SW-CRP-001-2,2,esm2,-8.11888372239129,-26.6526342835734,64.528838454607,standard,10-30 cm,8.1-26.7 cm
Illinois,mean,BAU,IL-147-SW-CRP-001,IL-147-SW-CRP-001-3,3,esm1,-26.7,-46.7,46.1000381636793,standard,30-50 cm,26.7-46.7 cm
Illinois,mean,BAU,IL-147-SW-CRP-001,IL-147-SW-CRP-001-3,3,esm2,-26.6526342835734,-47.0154731712051,48.6482485329859,standard,30-50 cm,26.7-47 cm
Illinois,mean,BAU,IL-147-SW-CRP-001,IL-147-SW-CRP-001-4,4,esm1,-46.7,-71.6,26.3649783697087,standard,50-75 cm,46.7-71.6 cm
Illinois,mean,BAU,IL-147-SW-CRP-001,IL-147-SW-CRP-001-4,4,esm2,-47.0154731712051,-70.3274258783894,24.1312996430967,standard,50-75 cm,47-70.3 cm
Illinois,mean,BAU,IL-147-SW-CRP-001,IL-147-SW-CRP-001-5,5,esm1,-71.6,-96.5,22.2307707198243,standard,75-100 cm,71.6-96.5 cm
Illinois,mean,BAU,IL-147-SW-CRP-001,IL-147-SW-CRP-001-5,5,esm2,-70.3274258783894,-95.9553761088707,20.4272667310576,standard,75-100 cm,70.3-96 cm
Illinois,mean,BAU,IL-147-SW-CRP-002,IL-147-SW-CRP-002-1,1,esm1,0,-9.9,28.1735716248569,standard,0-10 cm,0-9.9 cm
Illinois,mean,BAU,IL-147-SW-CRP-002,IL-147-SW-CRP-002-1,1,esm2,0,-9.99964029904318,28.4810004128841,standard,0-10 cm,0-10 cm
Illinois,mean,BAU,IL-147-SW-CRP-002,IL-147-SW-CRP-002-2,2,esm1,-9.9,-29.9,52.1986187404868,standard,10-30 cm,9.9-29.9 cm
Illinois,mean,BAU,IL-147-SW-CRP-002,IL-147-SW-CRP-002-2,2,esm2,-9.99964029904318,-29.9893292024765,52.11600880153,standard,10-30 cm,10-30 cm
Illinois,mean,BAU,IL-147-SW-CRP-002,IL-147-SW-CRP-002-3,3,esm1,-29.9,-50.2,48.7212917615709,standard,30-50 cm,29.9-50.2 cm
Illinois,mean,BAU,IL-147-SW-CRP-002,IL-147-SW-CRP-002-3,3,esm2,-29.9893292024765,-50.2593755844438,48.8973911579633,standard,30-50 cm,30-50.3 cm
Illinois,mean,BAU,IL-147-SW-CRP-002,IL-147-SW-CRP-002-4,4,esm1,-50.2,-75.8,22.3806933779342,standard,50-75 cm,50.2-75.8 cm
Illinois,mean,BAU,IL-147-SW-CRP-002,IL-147-SW-CRP-002-4,4,esm2,-50.2593755844438,-76.7675209740341,36.4622626199394,standard,50-75 cm,50.3-76.8 cm
Illinois,mean,BAU,IL-147-SW-CRP-002,IL-147-SW-CRP-002-5,5,esm1,-75.8,-101.3,22.2932687944267,standard,75-100 cm,75.8-101.3 cm
Illinois,mean,BAU,IL-147-SW-CRP-002,IL-147-SW-CRP-002-5,5,esm2,-76.7675209740341,-101.209465373948,6.664377674891,standard,75-100 cm,76.8-101.2 cm
Illinois,mean,BAU,IL-147-SW-CRP-003,IL-147-SW-CRP-003-1,1,esm1,0,-9,25.2370801878947,standard,0-10 cm,0-9 cm
Illinois,mean,BAU,IL-147-SW-CRP-003,IL-147-SW-CRP-003-1,1,esm2,0,-9.13719877730355,25.541247789983,standard,0-10 cm,0-9.1 cm
Illinois,mean,BAU,IL-147-SW-CRP-003,IL-147-SW-CRP-003-2,2,esm1,-9,-28,44.2908599394604,standard,10-30 cm,9-28 cm
Illinois,mean,BAU,IL-147-SW-CRP-003,IL-147-SW-CRP-003-2,2,esm2,-9.13719877730355,-28.0062662483007,44.6368284367989,standard,10-30 cm,9.1-28 cm
Illinois,mean,BAU,IL-147-SW-CRP-003,IL-147-SW-CRP-003-3,3,esm1,-28,-47.6,23.9268667956297,standard,30-50 cm,28-47.6 cm
Illinois,mean,BAU,IL-147-SW-CRP-003,IL-147-SW-CRP-003-3,3,esm2,-28.0062662483007,-47.6640801754882,23.6550738753992,standard,30-50 cm,28-47.7 cm
Illinois,mean,BAU,IL-147-SW-CRP-003,IL-147-SW-CRP-003-4,4,esm1,-47.6,-74.3,17.1562989712872,standard,50-75 cm,47.6-74.3 cm
Illinois,mean,BAU,IL-147-SW-CRP-003,IL-147-SW-CRP-003-4,4,esm2,-47.6640801754882,-73.8732852980473,21.090076923814,standard,50-75 cm,47.7-73.9 cm
Illinois,mean,BAU,IL-147-SW-CRP-003,IL-147-SW-CRP-003-5,5,esm1,-74.3,-101,15.7413588468101,standard,75-100 cm,74.3-101 cm
Illinois,mean,BAU,IL-147-SW-CRP-003,IL-147-SW-CRP-003-5,5,esm2,-73.8732852980473,-101.104118288551,11.156530904671,standard,75-100 cm,73.9-101.1 cm
Illinois,mean,BAU,IL-147-SW-TS-001,IL-147-SW-TS-001-1,1,esm1,0,-9.7,38.3879794533572,standard,0-10 cm,0-9.7 cm
Illinois,mean,BAU,IL-147-SW-TS-001,IL-147-SW-TS-001-1,1,esm2,0,-9.73426541636271,38.5315223659016,standard,0-10 cm,0-9.7 cm
Illinois,mean,BAU,IL-147-SW-TS-001,IL-147-SW-TS-001-2,2,esm1,-9.7,-29.5,53.3398881342161,standard,10-30 cm,9.7-29.5 cm
Illinois,mean,BAU,IL-147-SW-TS-001,IL-147-SW-TS-001-2,2,esm2,-9.73426541636271,-29.5248257072369,53.4108591408716,standard,10-30 cm,9.7-29.5 cm
Illinois,mean,BAU,IL-147-SW-TS-001,IL-147-SW-TS-001-3,3,esm1,-29.5,-49.3,23.8200838811368,standard,30-50 cm,29.5-49.3 cm
Illinois,mean,BAU,IL-147-SW-TS-001,IL-147-SW-TS-001-3,3,esm2,-29.5248257072369,-49.3893983870007,23.9021653142554,standard,30-50 cm,29.5-49.4 cm
Illinois,mean,BAU,IL-147-SW-TS-001,IL-147-SW-TS-001-4,4,esm1,-49.3,-73.3,14.8357841225063,standard,50-75 cm,49.3-73.3 cm
Illinois,mean,BAU,IL-147-SW-TS-001,IL-147-SW-TS-001-4,4,esm2,-49.3893983870007,-73.4944398419748,14.4782550737315,standard,50-75 cm,49.4-73.5 cm
Illinois,mean,BAU,IL-147-SW-TS-001,IL-147-SW-TS-001-5,5,esm1,-73.3,-97.3,14.4262203714379,standard,75-100 cm,73.3-97.3 cm
Illinois,mean,BAU,IL-147-SW-TS-001,IL-147-SW-TS-001-5,5,esm2,-73.4944398419748,-97.3557076402678,13.7615171992817,standard,75-100 cm,73.5-97.4 cm
Illinois,mean,BAU,IL-147-SW-TS-002,IL-147-SW-TS-002-1,1,esm1,0,-9.7,36.9678037334313,standard,0-10 cm,0-9.7 cm
Illinois,mean,BAU,IL-147-SW-TS-002,IL-147-SW-TS-002-1,1,esm2,0,-9.73847584978595,37.1015983049883,standard,0-10 cm,0-9.7 cm
Illinois,mean,BAU,IL-147-SW-TS-002,IL-147-SW-TS-002-2,2,esm1,-9.7,-28.9,65.0066661611594,standard,10-30 cm,9.7-28.9 cm
Illinois,mean,BAU,IL-147-SW-TS-002,IL-147-SW-TS-002-2,2,esm2,-9.73847584978595,-28.9810128907071,65.5947718559374,standard,10-30 cm,9.7-29 cm
Illinois,mean,BAU,IL-147-SW-TS-002,IL-147-SW-TS-002-3,3,esm1,-28.9,-47.9,30.2197026113777,standard,30-50 cm,28.9-47.9 cm
Illinois,mean,BAU,IL-147-SW-TS-002,IL-147-SW-TS-002-3,3,esm2,-28.9810128907071,-47.9051687591333,30.6863386749105,standard,30-50 cm,29-47.9 cm
Illinois,mean,BAU,IL-147-SW-TS-002,IL-147-SW-TS-002-4,4,esm1,-47.9,-72.4,21.5402750425156,standard,50-75 cm,47.9-72.4 cm
Illinois,mean,BAU,IL-147-SW-TS-002,IL-147-SW-TS-002-4,4,esm2,-47.9051687591333,-72.4825650107075,15.6546783390403,standard,50-75 cm,47.9-72.5 cm
Illinois,mean,BAU,IL-147-SW-TS-002,IL-147-SW-TS-002-5,5,esm1,-72.4,-96.9,20.0828927312766,standard,75-100 cm,72.4-96.9 cm
Illinois,mean,BAU,IL-147-SW-TS-002,IL-147-SW-TS-002-5,5,esm2,-72.4825650107075,-96.9909983910469,22.3112105283651,standard,75-100 cm,72.5-97 cm
Illinois,mean,BAU,IL-147-SW-TS-003,IL-147-SW-TS-003-1,1,esm1,0,-10.3,38.6484400282567,standard,0-10 cm,0-10.3 cm
Illinois,mean,BAU,IL-147-SW-TS-003,IL-147-SW-TS-003-1,1,esm2,0,-10.3296390783215,38.9497375962954,standard,0-10 cm,0-10.3 cm
Illinois,mean,BAU,IL-147-SW-TS-003,IL-147-SW-TS-003-2,2,esm1,-10.3,-28.9,68.4014543222992,standard,10-30 cm,10.3-28.9 cm
Illinois,mean,BAU,IL-147-SW-TS-003,IL-147-SW-TS-003-2,2,esm2,-10.3296390783215,-29.0059966399135,69.0941134575823,standard,10-30 cm,10.3-29 cm
Illinois,mean,BAU,IL-147-SW-TS-003,IL-147-SW-TS-003-3,3,esm1,-28.9,-48.5,30.1914556891167,standard,30-50 cm,28.9-48.5 cm
Illinois,mean,BAU,IL-147-SW-TS-003,IL-147-SW-TS-003-3,3,esm2,-29.0059966399135,-48.434568169978,30.1703877346125,standard,30-50 cm,29-48.4 cm
Illinois,mean,BAU,IL-147-SW-TS-003,IL-147-SW-TS-003-4,4,esm1,-48.5,-73.4,24.8640799297997,standard,50-75 cm,48.5-73.4 cm
Illinois,mean,BAU,IL-147-SW-TS-003,IL-147-SW-TS-003-4,4,esm2,-48.434568169978,-75.3131376928343,13.6517486395578,standard,50-75 cm,48.4-75.3 cm
Illinois,mean,BAU,IL-147-SW-TS-003,IL-147-SW-TS-003-5,5,esm1,-73.4,-98.2,24.0766584071634,standard,75-100 cm,73.4-98.2 cm
Illinois,mean,BAU,IL-147-SW-TS-003,IL-147-SW-TS-003-5,5,esm2,-75.3131376928343,-98.63542263176,31.8865849853414,standard,75-100 cm,75.3-98.6 cm
Illinois,min,Ref,IL-019-SW-ARBRTM-001,IL-019-SW-ARBRTM-001-1,1,esm1,0,-8.8,44.7255785431206,standard,0-10 cm,0-8.8 cm
Illinois,min,Ref,IL-019-SW-ARBRTM-001,IL-019-SW-ARBRTM-001-1,1,esm2,0,-8.84574161178495,45.3610565962627,standard,0-10 cm,0-8.8 cm
Illinois,min,Ref,IL-019-SW-ARBRTM-001,IL-019-SW-ARBRTM-001-2,2,esm1,-8.8,-27.5,70.0488881804998,standard,10-30 cm,8.8-27.5 cm
Illinois,min,Ref,IL-019-SW-ARBRTM-001,IL-019-SW-ARBRTM-001-2,2,esm2,-8.84574161178495,-27.6041783891304,70.9716572155751,standard,10-30 cm,8.8-27.6 cm
Illinois,min,Ref,IL-019-SW-ARBRTM-001,IL-019-SW-ARBRTM-001-3,3,esm1,-27.5,-47.3,37.2287175097481,standard,30-50 cm,27.5-47.3 cm
Illinois,min,Ref,IL-019-SW-ARBRTM-001,IL-019-SW-ARBRTM-001-3,3,esm2,-27.6041783891304,-47.3677273736492,37.8753697701753,standard,30-50 cm,27.6-47.4 cm
Illinois,min,Ref,IL-019-SW-ARBRTM-001,IL-019-SW-ARBRTM-001-4,4,esm1,-47.3,-70.9,20.4522959564869,standard,50-75 cm,47.3-70.9 cm
Illinois,min,Ref,IL-019-SW-ARBRTM-001,IL-019-SW-ARBRTM-001-4,4,esm2,-47.3677273736492,-72.5790179066532,10.9966143463358,standard,50-75 cm,47.4-72.6 cm
Illinois,min,Ref,IL-019-SW-ARBRTM-001,IL-019-SW-ARBRTM-001-5,5,esm1,-70.9,-94.2,17.8583525426406,standard,75-100 cm,70.9-94.2 cm
Illinois,min,Ref,IL-019-SW-ARBRTM-001,IL-019-SW-ARBRTM-001-5,5,esm2,-72.5790179066532,-95.1036753600024,18.2689710709862,standard,75-100 cm,72.6-95.1 cm
Illinois,min,Ref,IL-019-SW-ARBRTM-002,IL-019-SW-ARBRTM-002-1,1,esm1,0,-10,53.7918535990901,standard,0-10 cm,0-10 cm
Illinois,min,Ref,IL-019-SW-ARBRTM-002,IL-019-SW-ARBRTM-002-1,1,esm2,0,-10,53.79185359909,standard,0-10 cm,0-10 cm
Illinois,min,Ref,IL-019-SW-ARBRTM-002,IL-019-SW-ARBRTM-002-2,2,esm1,-10,-29.9,73.546006981933,standard,10-30 cm,10-29.9 cm
Illinois,min,Ref,IL-019-SW-ARBRTM-002,IL-019-SW-ARBRTM-002-2,2,esm2,-10,-30,73.841526730058,standard,10-30 cm,10-30 cm
Illinois,min,Ref,IL-019-SW-ARBRTM-002,IL-019-SW-ARBRTM-002-3,3,esm1,-29.9,-50,38.2625805705185,standard,30-50 cm,29.9-50 cm
Illinois,min,Ref,IL-019-SW-ARBRTM-002,IL-019-SW-ARBRTM-002-3,3,esm2,-30,-50,37.967060822394,standard,30-50 cm,30-50 cm
Illinois,min,Ref,IL-019-SW-ARBRTM-002,IL-019-SW-ARBRTM-002-4,4,esm1,-50,-73,16.7290500044635,standard,50-75 cm,50-73 cm
Illinois,min,Ref,IL-019-SW-ARBRTM-002,IL-019-SW-ARBRTM-002-4,4,esm2,-50,-72.8946244581849,16.707209176548,standard,50-75 cm,50-72.9 cm
Illinois,min,Ref,IL-019-SW-ARBRTM-002,IL-019-SW-ARBRTM-002-5,5,esm1,-73,-96.1,16.8017850044829,standard,75-100 cm,73-96.1 cm
Illinois,min,Ref,IL-019-SW-ARBRTM-002,IL-019-SW-ARBRTM-002-5,5,esm2,-72.8946244581849,-95.9414953375279,14.779599157517,standard,75-100 cm,72.9-95.9 cm
Illinois,min,Ref,IL-019-SW-ARBRTM-003,IL-019-SW-ARBRTM-003-1,1,esm1,0,-9.4,52.603113204807,standard,0-10 cm,0-9.4 cm
Illinois,min,Ref,IL-019-SW-ARBRTM-003,IL-019-SW-ARBRTM-003-1,1,esm2,0,-9.4653172695628,53.2100786200711,standard,0-10 cm,0-9.5 cm
Illinois,min,Ref,IL-019-SW-ARBRTM-003,IL-019-SW-ARBRTM-003-2,2,esm1,-9.4,-28.4,52.1290129776863,standard,10-30 cm,9.4-28.4 cm
Illinois,min,Ref,IL-019-SW-ARBRTM-003,IL-019-SW-ARBRTM-003-2,2,esm2,-9.4653172695628,-28.4370713952073,51.7892554260848,standard,10-30 cm,9.5-28.4 cm
Illinois,min,Ref,IL-019-SW-ARBRTM-003,IL-019-SW-ARBRTM-003-3,3,esm1,-28.4,-47.3,39.3056769098147,standard,30-50 cm,28.4-47.3 cm
Illinois,min,Ref,IL-019-SW-ARBRTM-003,IL-019-SW-ARBRTM-003-3,3,esm2,-28.4370713952073,-47.5727517146079,39.2070678960146,standard,30-50 cm,28.4-47.6 cm
Illinois,min,Ref,IL-019-SW-ARBRTM-003,IL-019-SW-ARBRTM-003-4,4,esm1,-47.3,-69,22.9790472330273,standard,50-75 cm,47.3-69 cm
Illinois,min,Ref,IL-019-SW-ARBRTM-003,IL-019-SW-ARBRTM-003-4,4,esm2,-47.5727517146079,-68.7560336452388,37.2187549666209,standard,50-75 cm,47.6-68.8 cm
Illinois,min,Ref,IL-019-SW-ARBRTM-003,IL-019-SW-ARBRTM-003-5,5,esm1,-69,-90.3,19.4003733750625,standard,75-100 cm,69-90.3 cm
Illinois,min,Ref,IL-019-SW-ARBRTM-003,IL-019-SW-ARBRTM-003-5,5,esm2,-68.7560336452388,-89.7364884603936,12.8853676903015,standard,75-100 cm,68.8-89.7 cm
Illinois,min,SHM,IL-019-SW-RTHRML-001,IL-019-SW-RTHRML-001-1,1,esm1,0,-8.6,30.1072414070765,standard,0-10 cm,0-8.6 cm
Illinois,min,SHM,IL-019-SW-RTHRML-001,IL-019-SW-RTHRML-001-1,1,esm2,0,-8.76555023642689,30.7460556223732,standard,0-10 cm,0-8.8 cm
Illinois,min,SHM,IL-019-SW-RTHRML-001,IL-019-SW-RTHRML-001-2,2,esm1,-8.6,-26.1,47.3377775564608,standard,10-30 cm,8.6-26.1 cm
Illinois,min,SHM,IL-019-SW-RTHRML-001,IL-019-SW-RTHRML-001-2,2,esm2,-8.76555023642689,-26.2029786634727,48.1216018431389,standard,10-30 cm,8.8-26.2 cm
Illinois,min,SHM,IL-019-SW-RTHRML-001,IL-019-SW-RTHRML-001-3,3,esm1,-26.1,-44.8,23.0441741127539,standard,30-50 cm,26.1-44.8 cm
Illinois,min,SHM,IL-019-SW-RTHRML-001,IL-019-SW-RTHRML-001-3,3,esm2,-26.2029786634727,-44.9973851569466,21.4805669572407,standard,30-50 cm,26.2-45 cm
Illinois,min,SHM,IL-019-SW-RTHRML-001,IL-019-SW-RTHRML-001-4,4,esm1,-44.8,-68.3,18.5854338662483,standard,50-75 cm,44.8-68.3 cm
Illinois,min,SHM,IL-019-SW-RTHRML-001,IL-019-SW-RTHRML-001-4,4,esm2,-44.9973851569466,-68.7973288111727,8.30487176947037,standard,50-75 cm,45-68.8 cm
Illinois,min,SHM,IL-019-SW-RTHRML-001,IL-019-SW-RTHRML-001-5,5,esm1,-68.3,-91.8,18.5854338662483,standard,75-100 cm,68.3-91.8 cm
Illinois,min,SHM,IL-019-SW-RTHRML-001,IL-019-SW-RTHRML-001-5,5,esm2,-68.7973288111727,-92.0477311216424,19.4417293331908,standard,75-100 cm,68.8-92 cm
Illinois,min,SHM,IL-019-SW-RTHRML-002,IL-019-SW-RTHRML-002-1,1,esm1,0,-8.6,27.0791339565803,standard,0-10 cm,0-8.6 cm
Illinois,min,SHM,IL-019-SW-RTHRML-002,IL-019-SW-RTHRML-002-1,1,esm2,0,-8.76555023642689,27.517974962622,standard,0-10 cm,0-8.8 cm
Illinois,min,SHM,IL-019-SW-RTHRML-002,IL-019-SW-RTHRML-002-2,2,esm1,-8.6,-26.1,47.7342606033142,standard,10-30 cm,8.6-26.1 cm
Illinois,min,SHM,IL-019-SW-RTHRML-002,IL-019-SW-RTHRML-002-2,2,esm2,-8.76555023642689,-26.2029786634727,48.8054839335818,standard,10-30 cm,8.8-26.2 cm
Illinois,min,SHM,IL-019-SW-RTHRML-002,IL-019-SW-RTHRML-002-3,3,esm1,-26.1,-44.8,37.2917243949362,standard,30-50 cm,26.1-44.8 cm
Illinois,min,SHM,IL-019-SW-RTHRML-002,IL-019-SW-RTHRML-002-3,3,esm2,-26.2029786634727,-44.9973851569466,23.2340490091102,standard,30-50 cm,26.2-45 cm
Illinois,min,SHM,IL-019-SW-RTHRML-002,IL-019-SW-RTHRML-002-4,4,esm1,-44.8,-68.3,86.3653962756633,standard,50-75 cm,44.8-68.3 cm
Illinois,min,SHM,IL-019-SW-RTHRML-002,IL-019-SW-RTHRML-002-4,4,esm2,-44.9973851569466,-68.7973288111727,37.0293590395075,standard,50-75 cm,45-68.8 cm
Illinois,min,SHM,IL-019-SW-RTHRML-002,IL-019-SW-RTHRML-002-5,5,esm1,-68.3,-91.8,86.3653962756611,standard,75-100 cm,68.3-91.8 cm
Illinois,min,SHM,IL-019-SW-RTHRML-002,IL-019-SW-RTHRML-002-5,5,esm2,-68.7973288111727,-92.0477311216424,109.847976671118,standard,75-100 cm,68.8-92 cm
Illinois,min,SHM,IL-019-SW-RTHRML-003,IL-019-SW-RTHRML-003-1,1,esm1,0,-8.6,39.2310732347783,standard,0-10 cm,0-8.6 cm
Illinois,min,SHM,IL-019-SW-RTHRML-003,IL-019-SW-RTHRML-003-1,1,esm2,0,-8.76555023642689,39.8959442500472,standard,0-10 cm,0-8.8 cm
Illinois,min,SHM,IL-019-SW-RTHRML-003,IL-019-SW-RTHRML-003-2,2,esm1,-8.6,-26.1,79.8539907424682,standard,10-30 cm,8.6-26.1 cm
Illinois,min,SHM,IL-019-SW-RTHRML-003,IL-019-SW-RTHRML-003-2,2,esm2,-8.76555023642689,-26.2029786634727,80.9942452938386,standard,10-30 cm,8.8-26.2 cm
Illinois,min,SHM,IL-019-SW-RTHRML-003,IL-019-SW-RTHRML-003-3,3,esm1,-26.1,-44.8,46.8456230819747,standard,30-50 cm,26.1-44.8 cm
Illinois,min,SHM,IL-019-SW-RTHRML-003,IL-019-SW-RTHRML-003-3,3,esm2,-26.2029786634727,-44.9973851569466,48.7466407358352,standard,30-50 cm,26.2-45 cm
Illinois,min,SHM,IL-019-SW-RTHRML-003,IL-019-SW-RTHRML-003-4,4,esm1,-44.8,-68.3,21.2469310609951,standard,50-75 cm,44.8-68.3 cm
Illinois,min,SHM,IL-019-SW-RTHRML-003,IL-019-SW-RTHRML-003-4,4,esm2,-44.9973851569466,-68.7973288111727,14.0410408544885,standard,50-75 cm,45-68.8 cm
Illinois,min,SHM,IL-019-SW-RTHRML-003,IL-019-SW-RTHRML-003-5,5,esm1,-68.3,-91.8,21.2469310609951,standard,75-100 cm,68.3-91.8 cm
Illinois,min,SHM,IL-019-SW-RTHRML-003,IL-019-SW-RTHRML-003-5,5,esm2,-68.7973288111727,-92.0477311216424,15.6652522529327,standard,75-100 cm,68.8-92 cm
Illinois,min,SHM,IL-019-SW-RTHRML-004,IL-019-SW-RTHRML-004-1,1,esm1,0,-8.6,23.519864821164,standard,0-10 cm,0-8.6 cm
Illinois,min,SHM,IL-019-SW-RTHRML-004,IL-019-SW-RTHRML-004-1,1,esm2,0,-8.76555023642689,23.9418470630527,standard,0-10 cm,0-8.8 cm
Illinois,min,SHM,IL-019-SW-RTHRML-004,IL-019-SW-RTHRML-004-2,2,esm1,-8.6,-26.1,47.5326985124431,standard,10-30 cm,8.6-26.1 cm
Illinois,min,SHM,IL-019-SW-RTHRML-004,IL-019-SW-RTHRML-004-2,2,esm2,-8.76555023642689,-26.2029786634727,47.9814248069371,standard,10-30 cm,8.8-26.2 cm
Illinois,min,SHM,IL-019-SW-RTHRML-004,IL-019-SW-RTHRML-004-3,3,esm1,-26.1,-44.8,31.3295520291003,standard,30-50 cm,26.1-44.8 cm
Illinois,min,SHM,IL-019-SW-RTHRML-004,IL-019-SW-RTHRML-004-3,3,esm2,-26.2029786634727,-44.9973851569466,33.679587023374,standard,30-50 cm,26.2-45 cm
Illinois,min,SHM,IL-019-SW-RTHRML-004,IL-019-SW-RTHRML-004-4,4,esm1,-44.8,-68.3,16.0027680411672,standard,50-75 cm,44.8-68.3 cm
Illinois,min,SHM,IL-019-SW-RTHRML-004,IL-019-SW-RTHRML-004-4,4,esm2,-44.9973851569466,-68.7973288111727,16.9988014894735,standard,50-75 cm,45-68.8 cm
Illinois,min,SHM,IL-019-SW-RTHRML-004,IL-019-SW-RTHRML-004-5,5,esm1,-68.3,-91.8,16.0027680411672,standard,75-100 cm,68.3-91.8 cm
Illinois,min,SHM,IL-019-SW-RTHRML-004,IL-019-SW-RTHRML-004-5,5,esm2,-68.7973288111727,-92.0477311216424,10.7504272230661,standard,75-100 cm,68.8-92 cm
Illinois,min,BAU,IL-115-SW-ETAL-001,IL-115-SW-ETAL-001-1,1,esm1,0,-8.5,27.8624253548487,standard,0-10 cm,0-8.5 cm
Illinois,min,BAU,IL-115-SW-ETAL-001,IL-115-SW-ETAL-001-1,1,esm2,0,-8.68155539278033,28.4640074142308,standard,0-10 cm,0-8.7 cm
Illinois,min,BAU,IL-115-SW-ETAL-001,IL-115-SW-ETAL-001-2,2,esm1,-8.5,-26.1,56.8713112199077,standard,10-30 cm,8.5-26.1 cm
Illinois,min,BAU,IL-115-SW-ETAL-001,IL-115-SW-ETAL-001-2,2,esm2,-8.68155539278033,-26.1530620433228,56.2871110505726,standard,10-30 cm,8.7-26.2 cm
Illinois,min,BAU,IL-115-SW-ETAL-001,IL-115-SW-ETAL-001-3,3,esm1,-26.1,-45.6,53.4976836783451,standard,30-50 cm,26.1-45.6 cm
Illinois,min,BAU,IL-115-SW-ETAL-001,IL-115-SW-ETAL-001-3,3,esm2,-26.1530620433228,-45.506782766032,54.9438273603212,standard,30-50 cm,26.2-45.5 cm
Illinois,min,BAU,IL-115-SW-ETAL-001,IL-115-SW-ETAL-001-4,4,esm1,-45.6,-70.1,34.8969860085625,standard,50-75 cm,45.6-70.1 cm
Illinois,min,BAU,IL-115-SW-ETAL-001,IL-115-SW-ETAL-001-4,4,esm2,-45.506782766032,-71.4909054699402,47.3134185915273,standard,50-75 cm,45.5-71.5 cm
Illinois,min,BAU,IL-115-SW-ETAL-001,IL-115-SW-ETAL-001-5,5,esm1,-70.1,-94.4,28.3316557541974,standard,75-100 cm,70.1-94.4 cm
Illinois,min,BAU,IL-115-SW-ETAL-001,IL-115-SW-ETAL-001-5,5,esm2,-71.4909054699402,-95.2106169979593,20.2446906089567,standard,75-100 cm,71.5-95.2 cm
Illinois,min,BAU,IL-115-SW-ETAL-002,IL-115-SW-ETAL-002-1,1,esm1,0,-8.8,23.608106997367,standard,0-10 cm,0-8.8 cm
Illinois,min,BAU,IL-115-SW-ETAL-002,IL-115-SW-ETAL-002-1,1,esm2,0,-8.97633959449318,24.1330151292628,standard,0-10 cm,0-9 cm
Illinois,min,BAU,IL-115-SW-ETAL-002,IL-115-SW-ETAL-002-2,2,esm1,-8.8,-26.2,44.2970526331709,standard,10-30 cm,8.8-26.2 cm
Illinois,min,BAU,IL-115-SW-ETAL-002,IL-115-SW-ETAL-002-2,2,esm2,-8.97633959449318,-26.2642039166841,43.8039152990004,standard,10-30 cm,9-26.3 cm
Illinois,min,BAU,IL-115-SW-ETAL-002,IL-115-SW-ETAL-002-3,3,esm1,-26.2,-45.5,41.8854420334208,standard,30-50 cm,26.2-45.5 cm
Illinois,min,BAU,IL-115-SW-ETAL-002,IL-115-SW-ETAL-002-3,3,esm2,-26.2642039166841,-45.436908856776,43.2103027210547,standard,30-50 cm,26.3-45.4 cm
Illinois,min,BAU,IL-115-SW-ETAL-002,IL-115-SW-ETAL-002-4,4,esm1,-45.5,-69.9,24.7843263412325,standard,50-75 cm,45.5-69.9 cm
Illinois,min,BAU,IL-115-SW-ETAL-002,IL-115-SW-ETAL-002-4,4,esm2,-45.436908856776,-71.2968666203634,34.4007455234268,standard,50-75 cm,45.4-71.3 cm
Illinois,min,BAU,IL-115-SW-ETAL-002,IL-115-SW-ETAL-002-5,5,esm1,-69.9,-94.1,18.900338369102,standard,75-100 cm,69.9-94.1 cm
Illinois,min,BAU,IL-115-SW-ETAL-002,IL-115-SW-ETAL-002-5,5,esm2,-71.2968666203634,-94.9896445598597,12.1364514043074,standard,75-100 cm,71.3-95 cm
Illinois,min,BAU,IL-115-SW-ETAL-003,IL-115-SW-ETAL-003-1,1,esm1,0,-8.9,26.6370131708004,standard,0-10 cm,0-8.9 cm
Illinois,min,BAU,IL-115-SW-ETAL-003,IL-115-SW-ETAL-003-1,1,esm2,0,-9.0432294475746,27.0258361810348,standard,0-10 cm,0-9 cm
Illinois,min,BAU,IL-115-SW-ETAL-003,IL-115-SW-ETAL-003-2,2,esm1,-8.9,-26.6,51.3946389012372,standard,10-30 cm,8.9-26.6 cm
Illinois,min,BAU,IL-115-SW-ETAL-003,IL-115-SW-ETAL-003-2,2,esm2,-9.0432294475746,-26.6295714829464,51.5117862422371,standard,10-30 cm,9-26.6 cm
Illinois,min,BAU,IL-115-SW-ETAL-003,IL-115-SW-ETAL-003-3,3,esm1,-26.6,-44.8,36.1903069644644,standard,30-50 cm,26.6-44.8 cm
Illinois,min,BAU,IL-115-SW-ETAL-003,IL-115-SW-ETAL-003-3,3,esm2,-26.6295714829464,-45.002186602613,38.1382601020947,standard,30-50 cm,26.6-45 cm
Illinois,min,BAU,IL-115-SW-ETAL-003,IL-115-SW-ETAL-003-4,4,esm1,-44.8,-68.2,21.263801826818302,standard,50-75 cm,44.8-68.2 cm
Illinois,min,BAU,IL-115-SW-ETAL-003,IL-115-SW-ETAL-003-4,4,esm2,-45.002186602613,-67.373416701161,23.664692945162,standard,50-75 cm,45-67.4 cm
Illinois,min,BAU,IL-115-SW-ETAL-003,IL-115-SW-ETAL-003-5,5,esm1,-68.2,-91.7,15.1084968893065,standard,75-100 cm,68.2-91.7 cm
Illinois,min,BAU,IL-115-SW-ETAL-003,IL-115-SW-ETAL-003-5,5,esm2,-67.373416701161,-91.0082197509785,11.5800661635175,standard,75-100 cm,67.4-91 cm
Illinois,min,BAU,IL-115-SW-WDFLD-001,IL-115-SW-WDFLD-001-1,1,esm1,0,-8.5,28.7649801658045,standard,0-10 cm,0-8.5 cm
Illinois,min,BAU,IL-115-SW-WDFLD-001,IL-115-SW-WDFLD-001-1,1,esm2,0,-8.66068901900965,29.1033907433186,standard,0-10 cm,0-8.7 cm
Illinois,min,BAU,IL-115-SW-WDFLD-001,IL-115-SW-WDFLD-001-2,2,esm1,-8.5,-25.7,56.3626631058733,standard,10-30 cm,8.5-25.7 cm
Illinois,min,BAU,IL-115-SW-WDFLD-001,IL-115-SW-WDFLD-001-2,2,esm2,-8.66068901900965,-25.8823729547637,57.0629953304668,standard,10-30 cm,8.7-25.9 cm
Illinois,min,BAU,IL-115-SW-WDFLD-001,IL-115-SW-WDFLD-001-3,3,esm1,-25.7,-44.1,34.2779311391129,standard,30-50 cm,25.7-44.1 cm
Illinois,min,BAU,IL-115-SW-WDFLD-001,IL-115-SW-WDFLD-001-3,3,esm2,-25.8823729547637,-44.0026682627065,36.4726666819332,standard,30-50 cm,25.9-44 cm
Illinois,min,BAU,IL-115-SW-WDFLD-001,IL-115-SW-WDFLD-001-4,4,esm1,-44.1,-67.5,23.9952238980357,standard,50-75 cm,44.1-67.5 cm
Illinois,min,BAU,IL-115-SW-WDFLD-001,IL-115-SW-WDFLD-001-4,4,esm2,-44.0026682627065,-68.0869325040202,16.0885791649652,standard,50-75 cm,44-68.1 cm
Illinois,min,BAU,IL-115-SW-WDFLD-001,IL-115-SW-WDFLD-001-5,5,esm1,-67.5,-90.9,20.0440187998365,standard,75-100 cm,67.5-90.9 cm
Illinois,min,BAU,IL-115-SW-WDFLD-001,IL-115-SW-WDFLD-001-5,5,esm2,-68.0869325040202,-91.4078892740831,17.7637717938545,standard,75-100 cm,68.1-91.4 cm
Illinois,min,BAU,IL-115-SW-WDFLD-002,IL-115-SW-WDFLD-002-1,1,esm1,0,-9.1,29.3093478893463,standard,0-10 cm,0-9.1 cm
Illinois,min,BAU,IL-115-SW-WDFLD-002,IL-115-SW-WDFLD-002-1,1,esm2,0,-9.28995539692873,29.8271494711223,standard,0-10 cm,0-9.3 cm
Illinois,min,BAU,IL-115-SW-WDFLD-002,IL-115-SW-WDFLD-002-2,2,esm1,-9.1,-25.9,57.7189671540097,standard,10-30 cm,9.1-25.9 cm
Illinois,min,BAU,IL-115-SW-WDFLD-002,IL-115-SW-WDFLD-002-2,2,esm2,-9.28995539692873,-25.9073827014294,57.8342609656024,standard,10-30 cm,9.3-25.9 cm
Illinois,min,BAU,IL-115-SW-WDFLD-002,IL-115-SW-WDFLD-002-3,3,esm1,-25.9,-44.7,42.5574555166307,standard,30-50 cm,25.9-44.7 cm
Illinois,min,BAU,IL-115-SW-WDFLD-002,IL-115-SW-WDFLD-002-3,3,esm2,-25.9073827014294,-44.8633600118001,45.3702954807525,standard,30-50 cm,25.9-44.9 cm
Illinois,min,BAU,IL-115-SW-WDFLD-002,IL-115-SW-WDFLD-002-4,4,esm1,-44.7,-68,26.5131845945495,standard,50-75 cm,44.7-68 cm
Illinois,min,BAU,IL-115-SW-WDFLD-002,IL-115-SW-WDFLD-002-4,4,esm2,-44.8633600118001,-67.9693328679196,22.5918335111415,standard,50-75 cm,44.9-68 cm
Illinois,min,BAU,IL-115-SW-WDFLD-002,IL-115-SW-WDFLD-002-5,5,esm1,-68,-91.1,20.5165883712728,standard,75-100 cm,68-91.1 cm
Illinois,min,BAU,IL-115-SW-WDFLD-002,IL-115-SW-WDFLD-002-5,5,esm2,-67.9693328679196,-91.0324532322794,17.1550349567367,standard,75-100 cm,68-91 cm
Illinois,min,BAU,IL-115-SW-WDFLD-003,IL-115-SW-WDFLD-003-1,1,esm1,0,-9.3,29.1368719658272,standard,0-10 cm,0-9.3 cm
Illinois,min,BAU,IL-115-SW-WDFLD-003,IL-115-SW-WDFLD-003-1,1,esm2,0,-9.38294073212746,29.2823415039215,standard,0-10 cm,0-9.4 cm
Illinois,min,BAU,IL-115-SW-WDFLD-003,IL-115-SW-WDFLD-003-2,2,esm1,-9.3,-26.8,58.7798002011915,standard,10-30 cm,9.3-26.8 cm
Illinois,min,BAU,IL-115-SW-WDFLD-003,IL-115-SW-WDFLD-003-2,2,esm2,-9.38294073212746,-26.9491895787343,59.7395655875217,standard,10-30 cm,9.4-26.9 cm
Illinois,min,BAU,IL-115-SW-WDFLD-003,IL-115-SW-WDFLD-003-3,3,esm1,-26.8,-45.3,37.6964058270861,standard,30-50 cm,26.8-45.3 cm
Illinois,min,BAU,IL-115-SW-WDFLD-003,IL-115-SW-WDFLD-003-3,3,esm2,-26.9491895787343,-45.2854854738253,39.3335832036502,standard,30-50 cm,26.9-45.3 cm
Illinois,min,BAU,IL-115-SW-WDFLD-003,IL-115-SW-WDFLD-003-4,4,esm1,-45.3,-68.9,25.6855319457279,standard,50-75 cm,45.3-68.9 cm
Illinois,min,BAU,IL-115-SW-WDFLD-003,IL-115-SW-WDFLD-003-4,4,esm2,-45.2854854738253,-69.2467393488988,20.8810049639593,standard,50-75 cm,45.3-69.2 cm
Illinois,min,BAU,IL-115-SW-WDFLD-003,IL-115-SW-WDFLD-003-5,5,esm1,-68.9,-92.5,21.5123455647016,standard,75-100 cm,68.9-92.5 cm
Illinois,min,BAU,IL-115-SW-WDFLD-003,IL-115-SW-WDFLD-003-5,5,esm2,-69.2467393488988,-92.7572086790057,19.4991592272073,standard,75-100 cm,69.2-92.8 cm
Illinois,min,BAU,IL-147-SW-CRP-001,IL-147-SW-CRP-001-1,1,esm1,0,-6.9,28.1977215908076,standard,0-10 cm,0-6.9 cm
Illinois,min,BAU,IL-147-SW-CRP-001,IL-147-SW-CRP-001-1,1,esm2,0,-7.07643626701721,28.8860591705341,standard,0-10 cm,0-7.1 cm
Illinois,min,BAU,IL-147-SW-CRP-001,IL-147-SW-CRP-001-2,2,esm1,-6.9,-22.5,57.5451042149164,standard,10-30 cm,6.9-22.5 cm
Illinois,min,BAU,IL-147-SW-CRP-001,IL-147-SW-CRP-001-2,2,esm2,-7.07643626701721,-22.4184416194665,56.6163373115765,standard,10-30 cm,7.1-22.4 cm
Illinois,min,BAU,IL-147-SW-CRP-001,IL-147-SW-CRP-001-3,3,esm1,-22.5,-41.8,48.6558244005501,standard,30-50 cm,22.5-41.8 cm
Illinois,min,BAU,IL-147-SW-CRP-001,IL-147-SW-CRP-001-3,3,esm2,-22.4184416194665,-42.2845671718597,53.6674867205083,standard,30-50 cm,22.4-42.3 cm
Illinois,min,BAU,IL-147-SW-CRP-001,IL-147-SW-CRP-001-4,4,esm1,-41.8,-65.2,31.1644472792774,standard,50-75 cm,41.8-65.2 cm
Illinois,min,BAU,IL-147-SW-CRP-001,IL-147-SW-CRP-001-4,4,esm2,-42.2845671718597,-64.2107699863808,27.9570920848395,standard,50-75 cm,42.3-64.2 cm
Illinois,min,BAU,IL-147-SW-CRP-001,IL-147-SW-CRP-001-5,5,esm1,-65.2,-88.4,20.7130072570251,standard,75-100 cm,65.2-88.4 cm
Illinois,min,BAU,IL-147-SW-CRP-001,IL-147-SW-CRP-001-5,5,esm2,-64.2107699863808,-87.05004091955,16.5647776645826,standard,75-100 cm,64.2-87.1 cm
Illinois,min,BAU,IL-147-SW-CRP-002,IL-147-SW-CRP-002-1,1,esm1,0,-8.6,24.1626842302368,standard,0-10 cm,0-8.6 cm
Illinois,min,BAU,IL-147-SW-CRP-002,IL-147-SW-CRP-002-1,1,esm2,0,-8.78211438375412,24.6767839558265,standard,0-10 cm,0-8.8 cm
Illinois,min,BAU,IL-147-SW-CRP-002,IL-147-SW-CRP-002-2,2,esm1,-8.6,-26.3,47.1519843659064,standard,10-30 cm,8.6-26.3 cm
Illinois,min,BAU,IL-147-SW-CRP-002,IL-147-SW-CRP-002-2,2,esm2,-8.78211438375412,-26.3914654635381,46.8896297385437,standard,10-30 cm,8.8-26.4 cm
Illinois,min,BAU,IL-147-SW-CRP-002,IL-147-SW-CRP-002-3,3,esm1,-26.3,-45.1,45.7717273956861,standard,30-50 cm,26.3-45.1 cm
Illinois,min,BAU,IL-147-SW-CRP-002,IL-147-SW-CRP-002-3,3,esm2,-26.3914654635381,-45.0239852991543,45.9462293102293,standard,30-50 cm,26.4-45 cm
Illinois,min,BAU,IL-147-SW-CRP-002,IL-147-SW-CRP-002-4,4,esm1,-45.1,-69.1,28.530332418013302,standard,50-75 cm,45.1-69.1 cm
Illinois,min,BAU,IL-147-SW-CRP-002,IL-147-SW-CRP-002-4,4,esm2,-45.0239852991543,-69.9580518152917,42.7583616240792,standard,50-75 cm,45-70 cm
Illinois,min,BAU,IL-147-SW-CRP-002,IL-147-SW-CRP-002-5,5,esm1,-69.1,-93,20.8944754583058,standard,75-100 cm,69.1-93 cm
Illinois,min,BAU,IL-147-SW-CRP-002,IL-147-SW-CRP-002-5,5,esm2,-69.9580518152917,-93.5977917403029,12.002331950968,standard,75-100 cm,70-93.6 cm
Illinois,min,BAU,IL-147-SW-CRP-003,IL-147-SW-CRP-003-1,1,esm1,0,-7.8,21.7311987901237,standard,0-10 cm,0-7.8 cm
Illinois,min,BAU,IL-147-SW-CRP-003,IL-147-SW-CRP-003-1,1,esm2,0,-7.96056099741828,22.0388024335736,standard,0-10 cm,0-8 cm
Illinois,min,BAU,IL-147-SW-CRP-003,IL-147-SW-CRP-003-2,2,esm1,-7.8,-24.3,41.9242626844727,standard,10-30 cm,7.8-24.3 cm
Illinois,min,BAU,IL-147-SW-CRP-003,IL-147-SW-CRP-003-2,2,esm2,-7.96056099741828,-24.3551423557043,42.9968920483949,standard,10-30 cm,8-24.4 cm
Illinois,min,BAU,IL-147-SW-CRP-003,IL-147-SW-CRP-003-3,3,esm1,-24.3,-42.7,24.0216457523236,standard,30-50 cm,24.3-42.7 cm
Illinois,min,BAU,IL-147-SW-CRP-003,IL-147-SW-CRP-003-3,3,esm2,-24.3551423557043,-42.6530245061018,23.1761036394778,standard,30-50 cm,24.4-42.7 cm
Illinois,min,BAU,IL-147-SW-CRP-003,IL-147-SW-CRP-003-4,4,esm1,-42.7,-67.3,18.8070506550796,standard,50-75 cm,42.7-67.3 cm
Illinois,min,BAU,IL-147-SW-CRP-003,IL-147-SW-CRP-003-4,4,esm2,-42.6530245061018,-66.9347095596467,22.3672695102181,standard,50-75 cm,42.7-66.9 cm
Illinois,min,BAU,IL-147-SW-CRP-003,IL-147-SW-CRP-003-5,5,esm1,-67.3,-92.3,14.7391000438297,standard,75-100 cm,67.3-92.3 cm
Illinois,min,BAU,IL-147-SW-CRP-003,IL-147-SW-CRP-003-5,5,esm2,-66.9347095596467,-92.1059704894548,12.6456327022718,standard,75-100 cm,66.9-92.1 cm
Illinois,min,BAU,IL-147-SW-TS-001,IL-147-SW-TS-001-1,1,esm1,0,-8.3,32.3170302199114,standard,0-10 cm,0-8.3 cm
Illinois,min,BAU,IL-147-SW-TS-001,IL-147-SW-TS-001-1,1,esm2,0,-8.47396904157873,32.9582777845722,standard,0-10 cm,0-8.5 cm
Illinois,min,BAU,IL-147-SW-TS-001,IL-147-SW-TS-001-2,2,esm1,-8.3,-25.5,51.9969123729846,standard,10-30 cm,8.3-25.5 cm
Illinois,min,BAU,IL-147-SW-TS-001,IL-147-SW-TS-001-2,2,esm2,-8.47396904157873,-25.5371847995933,52.5737822051639,standard,10-30 cm,8.5-25.5 cm
Illinois,min,BAU,IL-147-SW-TS-001,IL-147-SW-TS-001-3,3,esm1,-25.5,-44.3,25.3030909336374,standard,30-50 cm,25.5-44.3 cm
Illinois,min,BAU,IL-147-SW-TS-001,IL-147-SW-TS-001-3,3,esm2,-25.5371847995933,-44.5465029431366,25.6446078871117,standard,30-50 cm,25.5-44.5 cm
Illinois,min,BAU,IL-147-SW-TS-001,IL-147-SW-TS-001-4,4,esm1,-44.3,-67.1,17.0399284687285,standard,50-75 cm,44.3-67.1 cm
Illinois,min,BAU,IL-147-SW-TS-001,IL-147-SW-TS-001-4,4,esm2,-44.5465029431366,-67.2691727452035,16.2754066543001,standard,50-75 cm,44.5-67.3 cm
Illinois,min,BAU,IL-147-SW-TS-001,IL-147-SW-TS-001-5,5,esm1,-67.1,-89.5,13.4644723466751,standard,75-100 cm,67.1-89.5 cm
Illinois,min,BAU,IL-147-SW-TS-001,IL-147-SW-TS-001-5,5,esm2,-67.2691727452035,-89.5324132799846,10.9517418657012,standard,75-100 cm,67.3-89.5 cm
Illinois,min,BAU,IL-147-SW-TS-002,IL-147-SW-TS-002-1,1,esm1,0,-8.4,31.5242576096524,standard,0-10 cm,0-8.4 cm
Illinois,min,BAU,IL-147-SW-TS-002,IL-147-SW-TS-002-1,1,esm2,0,-8.49369783013622,31.7223371537023,standard,0-10 cm,0-8.5 cm
Illinois,min,BAU,IL-147-SW-TS-002,IL-147-SW-TS-002-2,2,esm1,-8.4,-25.3,60.2247525027289,standard,10-30 cm,8.4-25.3 cm
Illinois,min,BAU,IL-147-SW-TS-002,IL-147-SW-TS-002-2,2,esm2,-8.49369783013622,-25.4501701312242,61.8048775441947,standard,10-30 cm,8.5-25.5 cm
Illinois,min,BAU,IL-147-SW-TS-002,IL-147-SW-TS-002-3,3,esm1,-25.3,-43.1,33.1793952695253,standard,30-50 cm,25.3-43.1 cm
Illinois,min,BAU,IL-147-SW-TS-002,IL-147-SW-TS-002-3,3,esm2,-25.4501701312242,-43.1000576329435,34.4318718291578,standard,30-50 cm,25.5-43.1 cm
Illinois,min,BAU,IL-147-SW-TS-002,IL-147-SW-TS-002-4,4,esm1,-43.1,-66,23.5598987592235,standard,50-75 cm,43.1-66 cm
Illinois,min,BAU,IL-147-SW-TS-002,IL-147-SW-TS-002-4,4,esm2,-43.1000576329435,-66.0706957883829,17.8427692124679,standard,50-75 cm,43.1-66.1 cm
Illinois,min,BAU,IL-147-SW-TS-002,IL-147-SW-TS-002-5,5,esm1,-66,-88.9,18.7713568794381,standard,75-100 cm,66-88.9 cm
Illinois,min,BAU,IL-147-SW-TS-002,IL-147-SW-TS-002-5,5,esm2,-66.0706957883829,-89.0075822037165,15.2779561544153,standard,75-100 cm,66.1-89 cm
Illinois,min,BAU,IL-147-SW-TS-003,IL-147-SW-TS-003-1,1,esm1,0,-9,33.1173943730879,standard,0-10 cm,0-9 cm
Illinois,min,BAU,IL-147-SW-TS-003,IL-147-SW-TS-003-1,1,esm2,0,-9.13933940747514,33.4828896322412,standard,0-10 cm,0-9.1 cm
Illinois,min,BAU,IL-147-SW-TS-003,IL-147-SW-TS-003-2,2,esm1,-9,-25.7,63.1197762782276,standard,10-30 cm,9-25.7 cm
Illinois,min,BAU,IL-147-SW-TS-003,IL-147-SW-TS-003-2,2,esm2,-9.13933940747514,-25.8510437922148,64.6906965820579,standard,10-30 cm,9.1-25.9 cm
Illinois,min,BAU,IL-147-SW-TS-003,IL-147-SW-TS-003-3,3,esm1,-25.7,-43.5,33.8488869782217,standard,30-50 cm,25.7-43.5 cm
Illinois,min,BAU,IL-147-SW-TS-003,IL-147-SW-TS-003-3,3,esm2,-25.8510437922148,-43.197561352447,35.2203218404368,standard,30-50 cm,25.9-43.2 cm
Illinois,min,BAU,IL-147-SW-TS-003,IL-147-SW-TS-003-4,4,esm1,-43.5,-66.9,25.7089578380576,standard,50-75 cm,43.5-66.9 cm
Illinois,min,BAU,IL-147-SW-TS-003,IL-147-SW-TS-003-4,4,esm2,-43.197561352447,-68.4427638658254,15.1743149859881,standard,50-75 cm,43.2-68.4 cm
Illinois,min,BAU,IL-147-SW-TS-003,IL-147-SW-TS-003-5,5,esm1,-66.9,-90.1,22.5233256067013,standard,75-100 cm,66.9-90.1 cm
Illinois,min,BAU,IL-147-SW-TS-003,IL-147-SW-TS-003-5,5,esm2,-68.4427638658254,-91.716060474673,19.7147028146044,standard,75-100 cm,68.4-91.7 cm
KansasState,max,BAU,KeC1-1,KeC1-1-1,1,esm1,0,-11.1,27.7904261703609,standard,0-10 cm,0-11.1 cm
KansasState,max,BAU,KeC1-1,KeC1-1-1,1,esm2,0,-11.0811077516517,28.248373120284,standard,0-10 cm,0-11.1 cm
KansasState,fd,BAU,KeC1-1,KeC1-1-1,1,fd,0,-10,25.5426025005,standard,0-10 cm,0-10 cm
KansasState,max,BAU,KeC1-1,KeC1-1-2,2,esm1,-11.1,-33.6,39.7526796402609,standard,10-30 cm,11.1-33.6 cm
KansasState,max,BAU,KeC1-1,KeC1-1-2,2,esm2,-11.0811077516517,-33.67109666325,39.811472022691,standard,10-30 cm,11.1-33.7 cm
KansasState,fd,BAU,KeC1-1,KeC1-1-2,2,fd,-10,-30,36.75832103237,standard,10-30 cm,10-30 cm
KansasState,max,BAU,KeC1-1,KeC1-1-3,3,esm1,-33.6,-54,22.0902405900467,standard,30-50 cm,33.6-54 cm
KansasState,max,BAU,KeC1-1,KeC1-1-3,3,esm2,-33.67109666325,-54.020969256408,21.5910731648328,standard,30-50 cm,33.7-54 cm
KansasState,fd,BAU,KeC1-1,KeC1-1-3,3,fd,-30,-50,23.200100111160005,standard,30-50 cm,30-50 cm
KansasState,max,BAU,KeC1-1,KeC1-1-4,4,esm1,-54,-79.1,23.4255522467776,standard,50-75 cm,54-79.1 cm
KansasState,max,BAU,KeC1-1,KeC1-1-4,4,esm2,-54.020969256408,-78.790151768983307,23.4615267840572,standard,50-75 cm,54-78.8 cm
KansasState,fd,BAU,KeC1-1,KeC1-1-4,4,fd,-50,-75,23.17590484332,standard,50-75 cm,50-75 cm
KansasState,max,BAU,KeC1-1,KeC1-1-5,5,esm1,-79.1,-110.1,22.045876330333,standard,75-100 cm,79.1-110.1 cm
KansasState,max,BAU,KeC1-1,KeC1-1-5,5,esm2,-78.790151768983307,-111.469765526008,16.0270403419905,standard,75-100 cm,78.8-111.5 cm
KansasState,fd,BAU,KeC1-1,KeC1-1-5,5,fd,-75,-100,20.48040335069,standard,75-100 cm,75-100 cm
KansasState,max,BAU,KeC1-2,KeC1-2-1,1,esm1,0,-10.9,26.09502537348,standard,0-10 cm,0-10.9 cm
KansasState,max,BAU,KeC1-2,KeC1-2-1,1,esm2,0,-10.9559529876154,26.6665968586129,standard,0-10 cm,0-11 cm
KansasState,fd,BAU,KeC1-2,KeC1-2-1,1,fd,0,-10,24.7441248594,standard,0-10 cm,0-10 cm
KansasState,max,BAU,KeC1-2,KeC1-2-2,2,esm1,-10.9,-32.8,28.8478259698202,standard,10-30 cm,10.9-32.8 cm
KansasState,max,BAU,KeC1-2,KeC1-2-2,2,esm2,-10.9559529876154,-32.8282130898613,28.5585928115858,standard,10-30 cm,11-32.8 cm
KansasState,fd,BAU,KeC1-2,KeC1-2-2,2,fd,-10,-30,27.440468770499997,standard,10-30 cm,10-30 cm
KansasState,max,BAU,KeC1-2,KeC1-2-3,3,esm1,-32.8,-53,16.4648039737095,standard,30-50 cm,32.8-53 cm
KansasState,max,BAU,KeC1-2,KeC1-2-3,3,esm2,-32.8282130898613,-52.9537021176177,16.3508875325634,standard,30-50 cm,32.8-53 cm
KansasState,fd,BAU,KeC1-2,KeC1-2-3,3,fd,-30,-50,16.87379531462,standard,30-50 cm,30-50 cm
KansasState,max,BAU,KeC1-2,KeC1-2-4,4,esm1,-53,-81.1,21.6429629178708,standard,50-75 cm,53-81.1 cm
KansasState,max,BAU,KeC1-2,KeC1-2-4,4,esm2,-52.9537021176177,-81.0249146790443,21.4542612060464,standard,50-75 cm,53-81 cm
KansasState,fd,BAU,KeC1-2,KeC1-2-4,4,fd,-50,-75,19.348218035869998,standard,50-75 cm,50-75 cm
KansasState,max,BAU,KeC1-2,KeC1-2-5,5,esm1,-81.1,-114.4,25.111236823472,standard,75-100 cm,81.1-114.4 cm
KansasState,max,BAU,KeC1-2,KeC1-2-5,5,esm2,-81.0249146790443,-115.876596667794,25.9027764438813,standard,75-100 cm,81-115.9 cm
KansasState,fd,BAU,KeC1-2,KeC1-2-5,5,fd,-75,-100,18.896334857,standard,75-100 cm,75-100 cm
KansasState,max,BAU,KeC1-3,KeC1-3-1,1,esm1,0,-12.8,25.669771348104,standard,0-10 cm,0-12.8 cm
KansasState,max,BAU,KeC1-3,KeC1-3-1,1,esm2,0,-12.758088450826,26.3382953045663,standard,0-10 cm,0-12.8 cm
KansasState,fd,BAU,KeC1-3,KeC1-3-1,1,fd,0,-10,21.0068460981,standard,0-10 cm,0-10 cm
KansasState,max,BAU,KeC1-3,KeC1-3-2,2,esm1,-12.8,-36.4,32.7472273350404,standard,10-30 cm,12.8-36.4 cm
KansasState,max,BAU,KeC1-3,KeC1-3-2,2,esm2,-12.758088450826,-36.4546640983562,32.4032282367439,standard,10-30 cm,12.8-36.5 cm
KansasState,fd,BAU,KeC1-3,KeC1-3-2,2,fd,-10,-30,30.13504221858,standard,10-30 cm,10-30 cm
KansasState,max,BAU,KeC1-3,KeC1-3-3,3,esm1,-36.4,-57.3,17.7481996223082,standard,30-50 cm,36.4-57.3 cm
KansasState,max,BAU,KeC1-3,KeC1-3-3,3,esm2,-36.4546640983562,-57.3694033092071,17.6342315399371,standard,30-50 cm,36.5-57.4 cm
KansasState,fd,BAU,KeC1-3,KeC1-3-3,3,fd,-30,-50,18.99819181136,standard,30-50 cm,30-50 cm
KansasState,max,BAU,KeC1-3,KeC1-3-4,4,esm1,-57.3,-83.9,22.0766085811932,standard,50-75 cm,57.3-83.9 cm
KansasState,max,BAU,KeC1-3,KeC1-3-4,4,esm2,-57.3694033092071,-83.8507500919839,21.7878809379868,standard,50-75 cm,57.4-83.9 cm
KansasState,fd,BAU,KeC1-3,KeC1-3-4,4,fd,-50,-75,20.633966361,standard,50-75 cm,50-75 cm
KansasState,max,BAU,KeC1-3,KeC1-3-5,5,esm1,-83.9,-113.2,25.1000863524019,standard,75-100 cm,83.9-113.2 cm
KansasState,max,BAU,KeC1-3,KeC1-3-5,5,esm2,-83.8507500919839,-114.248373155128,26.4731366605557,standard,75-100 cm,83.9-114.2 cm
KansasState,fd,BAU,KeC1-3,KeC1-3-5,5,fd,-75,-100,21.259958017866666,standard,75-100 cm,75-100 cm
KansasState,max,BAU,KeC2-1,KeC2-1-1,1,esm1,0,-13.1,25.70793911388,standard,0-10 cm,0-13.1 cm
KansasState,max,BAU,KeC2-1,KeC2-1-1,1,esm2,0,-13.1529327050318,26.4600834736883,standard,0-10 cm,0-13.2 cm
KansasState,fd,BAU,KeC2-1,KeC2-1-1,1,fd,0,-10,20.93660112015,standard,0-10 cm,0-10 cm
KansasState,max,BAU,KeC2-1,KeC2-1-2,2,esm1,-13.1,-35.4,26.7836573070386,standard,10-30 cm,13.1-35.4 cm
KansasState,max,BAU,KeC2-1,KeC2-1-2,2,esm2,-13.1529327050318,-35.5916467183498,26.9552129746647,standard,10-30 cm,13.2-35.6 cm
KansasState,fd,BAU,KeC2-1,KeC2-1-2,2,fd,-10,-30,26.28181476776,standard,10-30 cm,10-30 cm
KansasState,max,BAU,KeC2-1,KeC2-1-3,3,esm1,-35.4,-55.1,20.0278096646827,standard,30-50 cm,35.4-55.1 cm
KansasState,max,BAU,KeC2-1,KeC2-1-3,3,esm2,-35.5916467183498,-55.1743072997461,18.9851266179448,standard,30-50 cm,35.6-55.2 cm
KansasState,fd,BAU,KeC2-1,KeC2-1-3,3,fd,-30,-50,20.01302551824,standard,30-50 cm,30-50 cm
KansasState,max,BAU,KeC2-1,KeC2-1-4,4,esm1,-55.1,-81,31.4338409292911,standard,50-75 cm,55.1-81 cm
KansasState,max,BAU,KeC2-1,KeC2-1-4,4,esm2,-55.1743072997461,-80.990225757154,32.000657620619,standard,50-75 cm,55.2-81 cm
KansasState,fd,BAU,KeC2-1,KeC2-1-4,4,fd,-50,-75,30.541755301620004,standard,50-75 cm,50-75 cm
KansasState,max,BAU,KeC2-1,KeC2-1-5,5,esm1,-81,-109.8,22.0083134380249,standard,75-100 cm,81-109.8 cm
KansasState,max,BAU,KeC2-1,KeC2-1-5,5,esm2,-80.990225757154,-109.293481928243,19.4251554624465,standard,75-100 cm,81-109.3 cm
KansasState,fd,BAU,KeC2-1,KeC2-1-5,5,fd,-75,-100,21.002347265,standard,75-100 cm,75-100 cm
KansasState,max,BAU,KeC2-2,KeC2-2-1,1,esm1,0,-10,27.3669550862,standard,0-10 cm,0-10 cm
KansasState,max,BAU,KeC2-2,KeC2-2-1,1,esm2,0,-10,27.3669550862,standard,0-10 cm,0-10 cm
KansasState,fd,BAU,KeC2-2,KeC2-2-1,1,fd,0,-10,27.3669550862,standard,0-10 cm,0-10 cm
KansasState,max,BAU,KeC2-2,KeC2-2-2,2,esm1,-10,-30.7,32.7812728861198,standard,10-30 cm,10-30.7 cm
KansasState,max,BAU,KeC2-2,KeC2-2-2,2,esm2,-10,-30.6144600055237,33.4874854085121,standard,10-30 cm,10-30.6 cm
KansasState,fd,BAU,KeC2-2,KeC2-2-2,2,fd,-10,-30,31.939260327950002,standard,10-30 cm,10-30 cm
KansasState,max,BAU,KeC2-2,KeC2-2-3,3,esm1,-30.7,-51.3,22.9477762160033,standard,30-50 cm,30.7-51.3 cm
KansasState,max,BAU,KeC2-2,KeC2-2-3,3,esm2,-30.6144600055237,-51.2501004247423,22.3343783755082,standard,30-50 cm,30.6-51.3 cm
KansasState,fd,BAU,KeC2-2,KeC2-2-3,3,fd,-30,-50,22.4367490108,standard,30-50 cm,30-50 cm
KansasState,max,BAU,KeC2-2,KeC2-2-4,4,esm1,-51.3,-78.3,25.6056371754664,standard,50-75 cm,51.3-78.3 cm
KansasState,max,BAU,KeC2-2,KeC2-2-4,4,esm2,-51.2501004247423,-78.3710997020095,25.5766180746284,standard,50-75 cm,51.3-78.4 cm
KansasState,fd,BAU,KeC2-2,KeC2-2-4,4,fd,-50,-75,24.01520159172,standard,50-75 cm,50-75 cm
KansasState,max,BAU,KeC2-2,KeC2-2-5,5,esm1,-78.3,-105.9,27.8494508726683,standard,75-100 cm,78.3-105.9 cm
KansasState,max,BAU,KeC2-2,KeC2-2-5,5,esm2,-78.3710997020095,-106.094769706772,29.5770815823164,standard,75-100 cm,78.4-106.1 cm
KansasState,fd,BAU,KeC2-2,KeC2-2-5,5,fd,-75,-100,24.821626734520002,standard,75-100 cm,75-100 cm
KansasState,max,BAU,KeC2-3,KeC2-3-1,1,esm1,0,-10.9,24.321046815149,standard,0-10 cm,0-10.9 cm
KansasState,max,BAU,KeC2-3,KeC2-3-1,1,esm2,0,-10.9412242370258,24.7083004419461,standard,0-10 cm,0-10.9 cm
KansasState,fd,BAU,KeC2-3,KeC2-3-1,1,fd,0,-10,22.8443531873,standard,0-10 cm,0-10 cm
KansasState,max,BAU,KeC2-3,KeC2-3-2,2,esm1,-10.9,-32.3,31.9915536242307,standard,10-30 cm,10.9-32.3 cm
KansasState,max,BAU,KeC2-3,KeC2-3-2,2,esm2,-10.9412242370258,-32.4194926460678,32.0329961808864,standard,10-30 cm,10.9-32.4 cm
KansasState,fd,BAU,KeC2-3,KeC2-3-2,2,fd,-10,-30,30.833865187359997,standard,10-30 cm,10-30 cm
KansasState,max,BAU,KeC2-3,KeC2-3-3,3,esm1,-32.3,-52.5,25.2975537359306,standard,30-50 cm,32.3-52.5 cm
KansasState,max,BAU,KeC2-3,KeC2-3-3,3,esm2,-32.4194926460678,-52.5922814451633,24.9261629936474,standard,30-50 cm,32.4-52.6 cm
KansasState,fd,BAU,KeC2-3,KeC2-3-3,3,fd,-30,-50,24.482043534400002,standard,30-50 cm,30-50 cm
KansasState,max,BAU,KeC2-3,KeC2-3-4,4,esm1,-52.5,-77.8,42.3830457870888,standard,50-75 cm,52.5-77.8 cm
KansasState,max,BAU,KeC2-3,KeC2-3-4,4,esm2,-52.5922814451633,-77.7796028390141,42.6418172823481,standard,50-75 cm,52.6-77.8 cm
KansasState,fd,BAU,KeC2-3,KeC2-3-4,4,fd,-50,-75,41.18487153234,standard,50-75 cm,50-75 cm
KansasState,max,BAU,KeC2-3,KeC2-3-5,5,esm1,-77.8,-104.6,32.0796016938407,standard,75-100 cm,77.8-104.6 cm
KansasState,max,BAU,KeC2-3,KeC2-3-5,5,esm2,-77.7796028390141,-104.508336593838,28.6421116060737,standard,75-100 cm,77.8-104.5 cm
KansasState,fd,BAU,KeC2-3,KeC2-3-5,5,fd,-75,-100,31.5102691436,standard,75-100 cm,75-100 cm
KansasState,max,BAU,KeC3-1,KeC3-1-1,1,esm1,0,-10.4,51.4843756908799,standard,0-10 cm,0-10.4 cm
KansasState,max,BAU,KeC3-1,KeC3-1-1,1,esm2,0,-10.4528948592637,52.6647348770545,standard,0-10 cm,0-10.5 cm
KansasState,fd,BAU,KeC3-1,KeC3-1-1,1,fd,0,-10,50.977688959999995,standard,0-10 cm,0-10 cm
KansasState,max,BAU,KeC3-1,KeC3-1-2,2,esm1,-10.4,-32.4,24.5408596342565,standard,10-30 cm,10.4-32.4 cm
KansasState,max,BAU,KeC3-1,KeC3-1-2,2,esm2,-10.4528948592637,-32.3609175789974,22.6031124137798,standard,10-30 cm,10.5-32.4 cm
KansasState,fd,BAU,KeC3-1,KeC3-1-2,2,fd,-10,-30,22.85684995368,standard,10-30 cm,10-30 cm
KansasState,max,BAU,KeC3-1,KeC3-1-3,3,esm1,-32.4,-54.3,15.6683763217442,standard,30-50 cm,32.4-54.3 cm
KansasState,max,BAU,KeC3-1,KeC3-1-3,3,esm2,-32.3609175789974,-54.4331493981627,16.5927948968865,standard,30-50 cm,32.4-54.4 cm
KansasState,fd,BAU,KeC3-1,KeC3-1-3,3,fd,-30,-50,15.14867841176,standard,30-50 cm,30-50 cm
KansasState,max,BAU,KeC3-1,KeC3-1-4,4,esm1,-54.3,-80.4,20.2576604381731,standard,50-75 cm,54.3-80.4 cm
KansasState,max,BAU,KeC3-1,KeC3-1-4,4,esm2,-54.4331493981627,-80.263497651258,20.6822158453388,standard,50-75 cm,54.4-80.3 cm
KansasState,fd,BAU,KeC3-1,KeC3-1-4,4,fd,-50,-75,19.21012573792,standard,50-75 cm,50-75 cm
KansasState,max,BAU,KeC3-1,KeC3-1-5,5,esm1,-80.4,-108.6,17.5314656528746,standard,75-100 cm,80.4-108.6 cm
KansasState,max,BAU,KeC3-1,KeC3-1-5,5,esm2,-80.263497651258,-109.822668887678,13.7862050613796,standard,75-100 cm,80.3-109.8 cm
KansasState,fd,BAU,KeC3-1,KeC3-1-5,5,fd,-75,-100,15.94291933362,standard,75-100 cm,75-100 cm
KansasState,max,BAU,KeC3-2,KeC3-2-1,1,esm1,0,-10.7,15.123764582562,standard,0-10 cm,0-10.7 cm
KansasState,max,BAU,KeC3-2,KeC3-2-1,1,esm2,0,-10.7209676997526,15.2054609893534,standard,0-10 cm,0-10.7 cm
KansasState,fd,BAU,KeC3-2,KeC3-2-1,1,fd,0,-10,14.423724634500001,standard,0-10 cm,0-10 cm
KansasState,max,BAU,KeC3-2,KeC3-2-2,2,esm1,-10.7,-30.9,21.201131808306,standard,10-30 cm,10.7-30.9 cm
KansasState,max,BAU,KeC3-2,KeC3-2-2,2,esm2,-10.7209676997526,-30.8525597427873,21.0178174008275,standard,10-30 cm,10.7-30.9 cm
KansasState,fd,BAU,KeC3-2,KeC3-2-2,2,fd,-10,-30,20.826541874820002,standard,10-30 cm,10-30 cm
KansasState,max,BAU,KeC3-2,KeC3-2-3,3,esm1,-30.9,-51.7,21.9163432606515,standard,30-50 cm,30.9-51.7 cm
KansasState,max,BAU,KeC3-2,KeC3-2-3,3,esm2,-30.8525597427873,-51.7650345307562,22.5912209990235,standard,30-50 cm,30.9-51.8 cm
KansasState,fd,BAU,KeC3-2,KeC3-2-3,3,fd,-30,-50,21.2583161286,standard,30-50 cm,30-50 cm
KansasState,max,BAU,KeC3-2,KeC3-2-4,4,esm1,-51.7,-77.8,16.8352303556389,standard,50-75 cm,51.7-77.8 cm
KansasState,max,BAU,KeC3-2,KeC3-2-4,4,esm2,-51.7650345307562,-77.9447010923814,17.1754281715678,standard,50-75 cm,51.8-77.9 cm
KansasState,fd,BAU,KeC3-2,KeC3-2-4,4,fd,-50,-75,16.913451206,standard,50-75 cm,50-75 cm
KansasState,max,BAU,KeC3-2,KeC3-2-5,5,esm1,-77.8,-104.7,14.8276020782195,standard,75-100 cm,77.8-104.7 cm
KansasState,max,BAU,KeC3-2,KeC3-2-5,5,esm2,-77.9447010923814,-104.787592123015,14.4513705771924,standard,75-100 cm,77.9-104.8 cm
KansasState,fd,BAU,KeC3-2,KeC3-2-5,5,fd,-75,-100,13.973075796500002,standard,75-100 cm,75-100 cm
KansasState,max,BAU,KeC3-3,KeC3-3-1,1,esm1,0,-11.4,15.484695765734,standard,0-10 cm,0-11.4 cm
KansasState,max,BAU,KeC3-3,KeC3-3-1,1,esm2,0,-11.52443425717,15.6297315164417,standard,0-10 cm,0-11.5 cm
KansasState,fd,BAU,KeC3-3,KeC3-3-1,1,fd,0,-10,13.934289847750001,standard,0-10 cm,0-10 cm
KansasState,max,BAU,KeC3-3,KeC3-3-2,2,esm1,-11.4,-32.4,27.2482182638642,standard,10-30 cm,11.4-32.4 cm
KansasState,max,BAU,KeC3-3,KeC3-3-2,2,esm2,-11.52443425717,-32.3369272995104,27.5697826402532,standard,10-30 cm,11.5-32.3 cm
KansasState,fd,BAU,KeC3-3,KeC3-3-2,2,fd,-10,-30,25.91857979308,standard,10-30 cm,10-30 cm
KansasState,max,BAU,KeC3-3,KeC3-3-3,3,esm1,-32.4,-52.7,19.3174662698768,standard,30-50 cm,32.4-52.7 cm
KansasState,max,BAU,KeC3-3,KeC3-3-3,3,esm2,-32.3369272995104,-52.8012114996383,19.5198417961355,standard,30-50 cm,32.3-52.8 cm
KansasState,fd,BAU,KeC3-3,KeC3-3-3,3,fd,-30,-50,20.12120899477,standard,30-50 cm,30-50 cm
KansasState,max,BAU,KeC3-3,KeC3-3-4,4,esm1,-52.7,-78.9,13.7453460395531,standard,50-75 cm,52.7-78.9 cm
KansasState,max,BAU,KeC3-3,KeC3-3-4,4,esm2,-52.8012114996383,-78.8287807046866,12.8089575852265,standard,50-75 cm,52.8-78.8 cm
KansasState,fd,BAU,KeC3-3,KeC3-3-4,4,fd,-50,-75,13.89216028119,standard,50-75 cm,50-75 cm
KansasState,max,BAU,KeC3-3,KeC3-3-5,5,esm1,-78.9,-108.1,14.668031319532,standard,75-100 cm,78.9-108.1 cm
KansasState,max,BAU,KeC3-3,KeC3-3-5,5,esm2,-78.8287807046866,-108.996264532068,17.3751865573953,standard,75-100 cm,78.8-109 cm
KansasState,fd,BAU,KeC3-3,KeC3-3-5,5,fd,-75,-100,12.52864704012,standard,75-100 cm,75-100 cm
KansasState,max,SHM,KeCF1-1,KeCF1-1-1,1,esm1,0,-10.2,21.486814038064,standard,0-10 cm,0-10.2 cm
KansasState,max,SHM,KeCF1-1,KeCF1-1-1,1,esm2,0,-10.2976528520126,21.6044718442185,standard,0-10 cm,0-10.3 cm
KansasState,fd,SHM,KeCF1-1,KeCF1-1-1,1,fd,0,-10,21.2270522926,standard,0-10 cm,0-10 cm
KansasState,max,SHM,KeCF1-1,KeCF1-1-2,2,esm1,-10.2,-30.2,20.9090284247279,standard,10-30 cm,10.2-30.2 cm
KansasState,max,SHM,KeCF1-1,KeCF1-1-2,2,esm2,-10.2976528520126,-30.2191357060946,20.6867009725996,standard,10-30 cm,10.3-30.2 cm
KansasState,fd,SHM,KeCF1-1,KeCF1-1-2,2,fd,-10,-30,20.99264802,standard,10-30 cm,10-30 cm
KansasState,max,SHM,KeCF1-1,KeCF1-1-3,3,esm1,-30.2,-51.2,17.9341255643521,standard,30-50 cm,30.2-51.2 cm
KansasState,max,SHM,KeCF1-1,KeCF1-1-3,3,esm2,-30.2191357060946,-50.6367835009943,17.8407538300703,standard,30-50 cm,30.2-50.6 cm
KansasState,fd,SHM,KeCF1-1,KeCF1-1-3,3,fd,-30,-50,17.100806380079998,standard,30-50 cm,30-50 cm
KansasState,max,SHM,KeCF1-1,KeCF1-1-4,4,esm1,-51.2,-80.7,19.2838366552927,standard,50-75 cm,51.2-80.7 cm
KansasState,max,SHM,KeCF1-1,KeCF1-1-4,4,esm2,-50.6367835009943,-82.3212464656203,23.2179782962114,standard,50-75 cm,50.6-82.3 cm
KansasState,fd,SHM,KeCF1-1,KeCF1-1-4,4,fd,-50,-75,16.95148570896,standard,50-75 cm,50-75 cm
KansasState,max,SHM,KeCF1-1,KeCF1-1-5,5,esm1,-80.7,-111.9,18.2920251159371,standard,75-100 cm,80.7-111.9 cm
KansasState,max,SHM,KeCF1-1,KeCF1-1-5,5,esm2,-82.3212464656203,-108.00056869613,6.86188546061206,standard,75-100 cm,82.3-108 cm
KansasState,fd,SHM,KeCF1-1,KeCF1-1-5,5,fd,-75,-100,14.657071407000002,standard,75-100 cm,75-100 cm
KansasState,max,SHM,KeCF1-2,KeCF1-2-1,1,esm1,0,-10.6,19.73095907716,standard,0-10 cm,0-10.6 cm
KansasState,max,SHM,KeCF1-2,KeCF1-2-1,1,esm2,0,-10.7014539554591,19.9200573268523,standard,0-10 cm,0-10.7 cm
KansasState,fd,SHM,KeCF1-2,KeCF1-2-1,1,fd,0,-10,18.936855306100004,standard,0-10 cm,0-10 cm
KansasState,max,SHM,KeCF1-2,KeCF1-2-2,2,esm1,-10.6,-32.2,20.7686477724098,standard,10-30 cm,10.6-32.2 cm
KansasState,max,SHM,KeCF1-2,KeCF1-2-2,2,esm2,-10.7014539554591,-32.269375656934,20.6251471809893,standard,10-30 cm,10.7-32.3 cm
KansasState,fd,SHM,KeCF1-2,KeCF1-2-2,2,fd,-10,-30,19.8739938144,standard,10-30 cm,10-30 cm
KansasState,max,SHM,KeCF1-2,KeCF1-2-3,3,esm1,-32.2,-55.3,14.5951640190035,standard,30-50 cm,32.2-55.3 cm
KansasState,max,SHM,KeCF1-2,KeCF1-2-3,3,esm2,-32.269375656934,-54.8396406434854,14.6564277491274,standard,30-50 cm,32.3-54.8 cm
KansasState,fd,SHM,KeCF1-2,KeCF1-2-3,3,fd,-30,-50,13.420515078200001,standard,30-50 cm,30-50 cm
KansasState,max,SHM,KeCF1-2,KeCF1-2-4,4,esm1,-55.3,-87.5,17.3623831364368,standard,50-75 cm,55.3-87.5 cm
KansasState,max,SHM,KeCF1-2,KeCF1-2-4,4,esm2,-54.8396406434854,-89.151338442762,17.4357195828408,standard,50-75 cm,54.8-89.2 cm
KansasState,fd,SHM,KeCF1-2,KeCF1-2-4,4,fd,-50,-75,13.492334425060001,standard,50-75 cm,50-75 cm
KansasState,max,SHM,KeCF1-2,KeCF1-2-5,5,esm1,-87.5,-120.7,17.8840574925992,standard,75-100 cm,87.5-120.7 cm
KansasState,max,SHM,KeCF1-2,KeCF1-2-5,5,esm2,-89.151338442762,-110.113218778742,17.1344291326146,standard,75-100 cm,89.2-110.1 cm
KansasState,fd,SHM,KeCF1-2,KeCF1-2-5,5,fd,-75,-100,13.466910762500001,standard,75-100 cm,75-100 cm
KansasState,max,SHM,KeCF1-3,KeCF1-3-1,1,esm1,0,-12.3,20.630635858277,standard,0-10 cm,0-12.3 cm
KansasState,max,SHM,KeCF1-3,KeCF1-3-1,1,esm2,0,-12.2329745625476,20.5830287112629,standard,0-10 cm,0-12.2 cm
KansasState,fd,SHM,KeCF1-3,KeCF1-3-1,1,fd,0,-10,17.5372173956,standard,0-10 cm,0-10 cm
KansasState,max,SHM,KeCF1-3,KeCF1-3-2,2,esm1,-12.3,-34.9,25.4876174504433,standard,10-30 cm,12.3-34.9 cm
KansasState,max,SHM,KeCF1-3,KeCF1-3-2,2,esm2,-12.2329745625476,-35.6404591109239,28.093267123149,standard,10-30 cm,12.2-35.6 cm
KansasState,fd,SHM,KeCF1-3,KeCF1-3-2,2,fd,-10,-30,23.41390776792,standard,10-30 cm,10-30 cm
KansasState,max,SHM,KeCF1-3,KeCF1-3-3,3,esm1,-34.9,-55.7,18.7013976887669,standard,30-50 cm,34.9-55.7 cm
KansasState,max,SHM,KeCF1-3,KeCF1-3-3,3,esm2,-35.6404591109239,-55.5280948919887,16.4915704625016,standard,30-50 cm,35.6-55.5 cm
KansasState,fd,SHM,KeCF1-3,KeCF1-3-3,3,fd,-30,-50,19.75731523644,standard,30-50 cm,30-50 cm
KansasState,max,SHM,KeCF1-3,KeCF1-3-4,4,esm1,-55.7,-82.1,18.8187175018341,standard,50-75 cm,55.7-82.1 cm
KansasState,max,SHM,KeCF1-3,KeCF1-3-4,4,esm2,-55.5280948919887,-82.4085931272717,18.6544729426249,standard,50-75 cm,55.5-82.4 cm
KansasState,fd,SHM,KeCF1-3,KeCF1-3-4,4,fd,-50,-75,18.031625427749997,standard,50-75 cm,50-75 cm
KansasState,max,SHM,KeCF1-3,KeCF1-3-5,5,esm1,-82.1,-106.1,16.5908306588578,standard,75-100 cm,82.1-106.1 cm
KansasState,max,SHM,KeCF1-3,KeCF1-3-5,5,esm2,-82.4085931272717,-105.797524971296,16.4108371104261,standard,75-100 cm,82.4-105.8 cm
KansasState,fd,SHM,KeCF1-3,KeCF1-3-5,5,fd,-75,-100,17.17530197628,standard,75-100 cm,75-100 cm
KansasState,max,SHM,KeCF3-1,KeCF3-1-1,1,esm1,0,-10.6,20.094410766276,standard,0-10 cm,0-10.6 cm
KansasState,max,SHM,KeCF3-1,KeCF3-1-1,1,esm2,0,-10.6814461621556,20.1939305003119,standard,0-10 cm,0-10.7 cm
KansasState,fd,SHM,KeCF3-1,KeCF3-1-1,1,fd,0,-10,19.3499940396,standard,0-10 cm,0-10 cm
KansasState,max,SHM,KeCF3-1,KeCF3-1-2,2,esm1,-10.6,-31.3,23.5031498092004,standard,10-30 cm,10.6-31.3 cm
KansasState,max,SHM,KeCF3-1,KeCF3-1-2,2,esm2,-10.6814461621556,-31.231206753097698,24.0410364535524,standard,10-30 cm,10.7-31.2 cm
KansasState,fd,SHM,KeCF3-1,KeCF3-1-2,2,fd,-10,-30,22.97598837982,standard,10-30 cm,10-30 cm
KansasState,max,SHM,KeCF3-1,KeCF3-1-3,3,esm1,-31.3,-51.6,17.275101520984,standard,30-50 cm,31.3-51.6 cm
KansasState,max,SHM,KeCF3-1,KeCF3-1-3,3,esm2,-31.231206753097698,-51.7523566922554,16.940095883699,standard,30-50 cm,31.2-51.8 cm
KansasState,fd,SHM,KeCF3-1,KeCF3-1-3,3,fd,-30,-50,17.3376715052,standard,30-50 cm,30-50 cm
KansasState,max,SHM,KeCF3-1,KeCF3-1-4,4,esm1,-51.6,-77.7,16.9236642991846,standard,50-75 cm,51.6-77.7 cm
KansasState,max,SHM,KeCF3-1,KeCF3-1-4,4,esm2,-51.7523566922554,-77.0715397368228,16.6568165542298,standard,50-75 cm,51.8-77.1 cm
KansasState,fd,SHM,KeCF3-1,KeCF3-1-4,4,fd,-50,-75,16.923742313159998,standard,50-75 cm,50-75 cm
KansasState,max,SHM,KeCF3-1,KeCF3-1-5,5,esm1,-77.7,-112.9,15.7608672432648,standard,75-100 cm,77.7-112.9 cm
KansasState,max,SHM,KeCF3-1,KeCF3-1-5,5,esm2,-77.0715397368228,-118.458465498821,15.973017210588,standard,75-100 cm,77.1-118.5 cm
KansasState,fd,SHM,KeCF3-1,KeCF3-1-5,5,fd,-75,-100,11.193797758000002,standard,75-100 cm,75-100 cm
KansasState,max,SHM,KeCF3-2,KeCF3-2-1,1,esm1,0,-11.9,17.105923479318,standard,0-10 cm,0-11.9 cm
KansasState,max,SHM,KeCF3-2,KeCF3-2-1,1,esm2,0,-11.7605844330129,17.0526157182968,standard,0-10 cm,0-11.8 cm
KansasState,fd,SHM,KeCF3-2,KeCF3-2-1,1,fd,0,-10,14.2735880392,standard,0-10 cm,0-10 cm
KansasState,max,SHM,KeCF3-2,KeCF3-2-2,2,esm1,-11.9,-34.3,24.2584352563072,standard,10-30 cm,11.9-34.3 cm
KansasState,max,SHM,KeCF3-2,KeCF3-2-2,2,esm2,-11.7605844330129,-34.3861307067221,24.5902292865334,standard,10-30 cm,11.8-34.4 cm
KansasState,fd,SHM,KeCF3-2,KeCF3-2-2,2,fd,-10,-30,23.63362268407,standard,10-30 cm,10-30 cm
KansasState,max,SHM,KeCF3-2,KeCF3-2-3,3,esm1,-34.3,-54.6,15.338628991157,standard,30-50 cm,34.3-54.6 cm
KansasState,max,SHM,KeCF3-2,KeCF3-2-3,3,esm2,-34.3861307067221,-54.4440157314517,15.0067023373851,standard,30-50 cm,34.4-54.4 cm
KansasState,fd,SHM,KeCF3-2,KeCF3-2-3,3,fd,-30,-50,15.435699671260002,standard,30-50 cm,30-50 cm
KansasState,max,SHM,KeCF3-2,KeCF3-2-4,4,esm1,-54.6,-82,21.2272845682084,standard,50-75 cm,54.6-82 cm
KansasState,max,SHM,KeCF3-2,KeCF3-2-4,4,esm2,-54.4440157314517,-82.1855769107464,20.2904201233623,standard,50-75 cm,54.4-82.2 cm
KansasState,fd,SHM,KeCF3-2,KeCF3-2-4,4,fd,-50,-75,17.829247107940002,standard,50-75 cm,50-75 cm
KansasState,max,SHM,KeCF3-2,KeCF3-2-5,5,esm1,-82,-110.9,27.901359643406,standard,75-100 cm,82-110.9 cm
KansasState,max,SHM,KeCF3-2,KeCF3-2-5,5,esm2,-82.1855769107464,-110.120177403351,32.9795549461763,standard,75-100 cm,82.2-110.1 cm
KansasState,fd,SHM,KeCF3-2,KeCF3-2-5,5,fd,-75,-100,24.136124259000002,standard,75-100 cm,75-100 cm
KansasState,max,SHM,KeCF3-3,KeCF3-3-1,1,esm1,0,-11.6,17.43635753323,standard,0-10 cm,0-11.6 cm
KansasState,max,SHM,KeCF3-3,KeCF3-3-1,1,esm2,0,-11.3955248675692,17.5524746212526,standard,0-10 cm,0-11.4 cm
KansasState,fd,SHM,KeCF3-3,KeCF3-3-1,1,fd,0,-10,16.426934466349998,standard,0-10 cm,0-10 cm
KansasState,max,SHM,KeCF3-3,KeCF3-3-2,2,esm1,-11.6,-37.6,18.3738545386239,standard,10-30 cm,11.6-37.6 cm
KansasState,max,SHM,KeCF3-3,KeCF3-3-2,2,esm2,-11.3955248675692,-37.5608769167852,18.2692312226891,standard,10-30 cm,11.4-37.6 cm
KansasState,fd,SHM,KeCF3-3,KeCF3-3-2,2,fd,-10,-30,13.70799149155,standard,10-30 cm,10-30 cm
KansasState,max,SHM,KeCF3-3,KeCF3-3-3,3,esm1,-37.6,-58.7,16.5250519917123,standard,30-50 cm,37.6-58.7 cm
KansasState,max,SHM,KeCF3-3,KeCF3-3-3,3,esm2,-37.5608769167852,-59.0209007524751,15.8762928802164,standard,30-50 cm,37.6-59 cm
KansasState,fd,SHM,KeCF3-3,KeCF3-3-3,3,fd,-30,-50,14.17185722717,standard,30-50 cm,30-50 cm
KansasState,max,SHM,KeCF3-3,KeCF3-3-4,4,esm1,-58.7,-85.4,24.2089378973373,standard,50-75 cm,58.7-85.4 cm
KansasState,max,SHM,KeCF3-3,KeCF3-3-4,4,esm2,-59.0209007524751,-85.3751574764863,25.150933203849,standard,50-75 cm,59-85.4 cm
KansasState,fd,SHM,KeCF3-3,KeCF3-3-4,4,fd,-50,-75,23.070347352,standard,50-75 cm,50-75 cm
KansasState,max,SHM,KeCF3-3,KeCF3-3-5,5,esm1,-85.4,-114.8,21.8608633221151,standard,75-100 cm,85.4-114.8 cm
KansasState,max,SHM,KeCF3-3,KeCF3-3-5,5,esm2,-85.3751574764863,-116.225384566006,16.6549803683493,standard,75-100 cm,85.4-116.2 cm
KansasState,fd,SHM,KeCF3-3,KeCF3-3-5,5,fd,-75,-100,20.02314640692375,standard,75-100 cm,75-100 cm
KansasState,max,Ref,KeN1-1,KeN1-1-1,1,esm1,0,-12.7,34.537140466172,standard,0-10 cm,0-12.7 cm
KansasState,max,Ref,KeN1-1,KeN1-1-1,1,esm2,0,-12.3652434645052,34.7627226616605,standard,0-10 cm,0-12.4 cm
KansasState,fd,Ref,KeN1-1,KeN1-1-1,1,fd,0,-10,30.9265166627,standard,0-10 cm,0-10 cm
KansasState,max,Ref,KeN1-1,KeN1-1-2,2,esm1,-12.7,-39.8,34.9314752858398,standard,10-30 cm,12.7-39.8 cm
KansasState,max,Ref,KeN1-1,KeN1-1-2,2,esm2,-12.3652434645052,-40.6948887791429,36.125489364005,standard,10-30 cm,12.4-40.7 cm
KansasState,fd,Ref,KeN1-1,KeN1-1-2,2,fd,-10,-30,26.200157525359998,standard,10-30 cm,10-30 cm
KansasState,max,Ref,KeN1-1,KeN1-1-3,3,esm1,-39.8,-61.6,20.1255853640161,standard,30-50 cm,39.8-61.6 cm
KansasState,max,Ref,KeN1-1,KeN1-1-3,3,esm2,-40.6948887791429,-60.7071561085403,18.4600971877421,standard,30-50 cm,40.7-60.7 cm
KansasState,fd,Ref,KeN1-1,KeN1-1-3,3,fd,-30,-50,22.68913435384,standard,30-50 cm,30-50 cm
KansasState,max,Ref,KeN1-1,KeN1-1-4,4,esm1,-61.6,-92.8,22.2945154748493,standard,50-75 cm,61.6-92.8 cm
KansasState,max,Ref,KeN1-1,KeN1-1-4,4,esm2,-60.7071561085403,-93.6929203291391,24.0433924746645,standard,50-75 cm,60.7-93.7 cm
KansasState,fd,Ref,KeN1-1,KeN1-1-4,4,fd,-50,-75,20.641317227960002,standard,50-75 cm,50-75 cm
KansasState,max,Ref,KeN1-1,KeN1-1-5,5,esm1,-92.8,-125.1,18.9911702007572,standard,75-100 cm,92.8-125.1 cm
KansasState,max,Ref,KeN1-1,KeN1-1-5,5,esm2,-93.6929203291391,-108.910360834809,-8.47564217601115,standard,75-100 cm,93.7-108.9 cm
KansasState,fd,Ref,KeN1-1,KeN1-1-5,5,fd,-75,-100,15.664916686200002,standard,75-100 cm,75-100 cm
KansasState,max,Ref,KeN1-2,KeN1-2-1,1,esm1,0,-13.6,31.971914637974,standard,0-10 cm,0-13.6 cm
KansasState,max,Ref,KeN1-2,KeN1-2-1,1,esm2,0,-13.7706591794128,32.4345061540326,standard,0-10 cm,0-13.8 cm
KansasState,fd,Ref,KeN1-2,KeN1-2-1,1,fd,0,-10,25.21365251345,standard,0-10 cm,0-10 cm
KansasState,max,Ref,KeN1-2,KeN1-2-2,2,esm1,-13.6,-37.4,37.2470516854406,standard,10-30 cm,13.6-37.4 cm
KansasState,max,Ref,KeN1-2,KeN1-2-2,2,esm2,-13.7706591794128,-37.3104395218454,37.8156352154448,standard,10-30 cm,13.8-37.3 cm
KansasState,fd,Ref,KeN1-2,KeN1-2-2,2,fd,-10,-30,35.96450279014,standard,10-30 cm,10-30 cm
KansasState,max,Ref,KeN1-2,KeN1-2-3,3,esm1,-37.4,-61.3,17.7334380223769,standard,30-50 cm,37.4-61.3 cm
KansasState,max,Ref,KeN1-2,KeN1-2-3,3,esm2,-37.3104395218454,-61.3203175299259,16.8548427341459,standard,30-50 cm,37.3-61.3 cm
KansasState,fd,Ref,KeN1-2,KeN1-2-3,3,fd,-30,-50,18.317949289919998,standard,30-50 cm,30-50 cm
KansasState,max,Ref,KeN1-2,KeN1-2-4,4,esm1,-61.3,-90.7,18.3853192302795,standard,50-75 cm,61.3-90.7 cm
KansasState,max,Ref,KeN1-2,KeN1-2-4,4,esm2,-61.3203175299259,-90.7089225680667,18.1895558599916,standard,50-75 cm,61.3-90.7 cm
KansasState,fd,Ref,KeN1-2,KeN1-2-4,4,fd,-50,-75,16.0286711437,standard,50-75 cm,50-75 cm
KansasState,max,Ref,KeN1-2,KeN1-2-5,5,esm1,-90.7,-121.9,20.0620659657607,standard,75-100 cm,90.7-121.9 cm
KansasState,max,Ref,KeN1-2,KeN1-2-5,5,esm2,-90.7089225680667,-124.189251368761,23.176753302459,standard,75-100 cm,90.7-124.2 cm
KansasState,fd,Ref,KeN1-2,KeN1-2-5,5,fd,-75,-100,15.792986732500001,standard,75-100 cm,75-100 cm
KansasState,max,Ref,KeN1-3,KeN1-3-1,1,esm1,0,-13.2,30.9486688347421,standard,0-10 cm,0-13.2 cm
KansasState,max,Ref,KeN1-3,KeN1-3-1,1,esm2,0,-13.1125864682957,31.5479029157035,standard,0-10 cm,0-13.1 cm
KansasState,fd,Ref,KeN1-3,KeN1-3-1,1,fd,0,-10,25.99608167775,standard,0-10 cm,0-10 cm
KansasState,max,Ref,KeN1-3,KeN1-3-2,2,esm1,-13.2,-37.2,29.765893921312,standard,10-30 cm,13.2-37.2 cm
KansasState,max,Ref,KeN1-3,KeN1-3-2,2,esm2,-13.1125864682957,-37.0184011380624,29.8330621639497,standard,10-30 cm,13.1-37 cm
KansasState,fd,Ref,KeN1-3,KeN1-3-2,2,fd,-10,-30,28.318487675440004,standard,10-30 cm,10-30 cm
KansasState,max,Ref,KeN1-3,KeN1-3-3,3,esm1,-37.2,-62.8,16.4101295600489,standard,30-50 cm,37.2-62.8 cm
KansasState,max,Ref,KeN1-3,KeN1-3-3,3,esm2,-37.0184011380624,-63.2721183191568,15.8991666001017,standard,30-50 cm,37-63.3 cm
KansasState,fd,Ref,KeN1-3,KeN1-3-3,3,fd,-30,-50,15.04093615913,standard,30-50 cm,30-50 cm
KansasState,max,Ref,KeN1-3,KeN1-3-4,4,esm1,-62.8,-92.6,17.6966498318399,standard,50-75 cm,62.8-92.6 cm
KansasState,max,Ref,KeN1-3,KeN1-3-4,4,esm2,-63.2721183191568,-92.0999126808659,17.9288893003277,standard,50-75 cm,63.3-92.1 cm
KansasState,fd,Ref,KeN1-3,KeN1-3-4,4,fd,-50,-75,15.81482464335,standard,50-75 cm,50-75 cm
KansasState,max,Ref,KeN1-3,KeN1-3-5,5,esm1,-92.6,-125.3,16.4891552005426,standard,75-100 cm,92.6-125.3 cm
KansasState,max,Ref,KeN1-3,KeN1-3-5,5,esm2,-92.0999126808659,-136.645784348254,10.8125913994235,standard,75-100 cm,92.1-136.6 cm
KansasState,fd,Ref,KeN1-3,KeN1-3-5,5,fd,-75,-100,13.382502771600002,standard,75-100 cm,75-100 cm
KansasState,max,Ref,KeN2-1,KeN2-1-1,1,esm1,0,-12.9,22.03105481954,standard,0-10 cm,0-12.9 cm
KansasState,max,Ref,KeN2-1,KeN2-1-1,1,esm2,0,-12.8219919244246,22.8611075983116,standard,0-10 cm,0-12.8 cm
KansasState,fd,Ref,KeN2-1,KeN2-1-1,1,fd,0,-10,16.4360110621,standard,0-10 cm,0-10 cm
KansasState,max,Ref,KeN2-1,KeN2-1-2,2,esm1,-12.9,-36.7,45.1767049367842,standard,10-30 cm,12.9-36.7 cm
KansasState,max,Ref,KeN2-1,KeN2-1-2,2,esm2,-12.8219919244246,-36.7770725358292,44.9989824919471,standard,10-30 cm,12.8-36.8 cm
KansasState,fd,Ref,KeN2-1,KeN2-1-2,2,fd,-10,-30,38.2697392776,standard,10-30 cm,10-30 cm
KansasState,max,Ref,KeN2-1,KeN2-1-3,3,esm1,-36.7,-58.8,30.5343059915042,standard,30-50 cm,36.7-58.8 cm
KansasState,max,Ref,KeN2-1,KeN2-1-3,3,esm2,-36.7770725358292,-58.8808581397681,32.5289107992101,standard,30-50 cm,36.8-58.9 cm
KansasState,fd,Ref,KeN2-1,KeN2-1-3,3,fd,-30,-50,32.98010729664,standard,30-50 cm,30-50 cm
KansasState,max,Ref,KeN2-1,KeN2-1-4,4,esm1,-58.8,-85.9,25.1580566216392,standard,50-75 cm,58.8-85.9 cm
KansasState,max,Ref,KeN2-1,KeN2-1-4,4,esm2,-58.8808581397681,-86.018772317405,22.6161826902016,standard,50-75 cm,58.9-86 cm
KansasState,fd,Ref,KeN2-1,KeN2-1-4,4,fd,-50,-75,26.7415738748,standard,50-75 cm,50-75 cm
KansasState,max,Ref,KeN2-1,KeN2-1-5,5,esm1,-85.9,-111.4,21.4864274424716,standard,75-100 cm,85.9-111.4 cm
KansasState,max,Ref,KeN2-1,KeN2-1-5,5,esm2,-86.018772317405,-109.757617273248,23.4073779254243,standard,75-100 cm,86-109.8 cm
KansasState,fd,Ref,KeN2-1,KeN2-1-5,5,fd,-75,-100,20.286620634160002,standard,75-100 cm,75-100 cm
KansasState,max,Ref,KeN2-2,KeN2-2-1,1,esm1,0,-14,35.8640112266801,standard,0-10 cm,0-14 cm
KansasState,max,Ref,KeN2-2,KeN2-2-1,1,esm2,0,-14.3889283061283,37.2164954979605,standard,0-10 cm,0-14.4 cm
KansasState,fd,Ref,KeN2-2,KeN2-2-1,1,fd,0,-10,28.0557681118,standard,0-10 cm,0-10 cm
KansasState,max,Ref,KeN2-2,KeN2-2-2,2,esm1,-14,-36.9,46.5907736533858,standard,10-30 cm,14-36.9 cm
KansasState,max,Ref,KeN2-2,KeN2-2-2,2,esm2,-14.3889283061283,-36.6461213479144,45.2287197444524,standard,10-30 cm,14.4-36.6 cm
KansasState,fd,Ref,KeN2-2,KeN2-2-2,2,fd,-10,-30,39.734273123280005,standard,10-30 cm,10-30 cm
KansasState,max,Ref,KeN2-2,KeN2-2-3,3,esm1,-36.9,-59.5,38.2404350239279,standard,30-50 cm,36.9-59.5 cm
KansasState,max,Ref,KeN2-2,KeN2-2-3,3,esm2,-36.6461213479144,-59.6351927191343,40.4516567117916,standard,30-50 cm,36.6-59.6 cm
KansasState,fd,Ref,KeN2-2,KeN2-2-3,3,fd,-30,-50,39.605195548039994,standard,30-50 cm,30-50 cm
KansasState,max,Ref,KeN2-2,KeN2-2-4,4,esm1,-59.5,-86.3,29.2227711396926,standard,50-75 cm,59.5-86.3 cm
KansasState,max,Ref,KeN2-2,KeN2-2-4,4,esm2,-59.6351927191343,-86.6592182132077,28.023211079434,standard,50-75 cm,59.6-86.7 cm
KansasState,fd,Ref,KeN2-2,KeN2-2-4,4,fd,-50,-75,32.122320467929995,standard,50-75 cm,50-75 cm
KansasState,max,Ref,KeN2-2,KeN2-2-5,5,esm1,-86.3,-111.8,20.9018518793818,standard,75-100 cm,86.3-111.8 cm
KansasState,max,Ref,KeN2-2,KeN2-2-5,5,esm2,-86.6592182132077,-111.862958423163,20.5508570253357,standard,75-100 cm,86.7-111.9 cm
KansasState,fd,Ref,KeN2-2,KeN2-2-5,5,fd,-75,-100,22.05358187824,standard,75-100 cm,75-100 cm
KansasState,max,Ref,KeN2-3,KeN2-3-1,1,esm1,0,-13.6,37.6032542561699,standard,0-10 cm,0-13.6 cm
KansasState,max,Ref,KeN2-3,KeN2-3-1,1,esm2,0,-13.1187404413093,37.233314296802,standard,0-10 cm,0-13.1 cm
KansasState,fd,Ref,KeN2-3,KeN2-3-1,1,fd,0,-10,30.04520957205,standard,0-10 cm,0-10 cm
KansasState,max,Ref,KeN2-3,KeN2-3-2,2,esm1,-13.6,-40.8,49.5765703552978,standard,10-30 cm,13.6-40.8 cm
KansasState,max,Ref,KeN2-3,KeN2-3-2,2,esm2,-13.1187404413093,-41.0028470335825,50.744664146692,standard,10-30 cm,13.1-41 cm
KansasState,fd,Ref,KeN2-3,KeN2-3-2,2,fd,-10,-30,39.60665101155,standard,10-30 cm,10-30 cm
KansasState,max,Ref,KeN2-3,KeN2-3-3,3,esm1,-40.8,-63.7,29.1573393673528,standard,30-50 cm,40.8-63.7 cm
KansasState,max,Ref,KeN2-3,KeN2-3-3,3,esm2,-41.0028470335825,-64.1751522245563,30.1330141304093,standard,30-50 cm,41-64.2 cm
KansasState,fd,Ref,KeN2-3,KeN2-3-3,3,fd,-30,-50,30.85091065014,standard,30-50 cm,30-50 cm
KansasState,max,Ref,KeN2-3,KeN2-3-4,4,esm1,-63.7,-89.7,24.7796822535091,standard,50-75 cm,63.7-89.7 cm
KansasState,max,Ref,KeN2-3,KeN2-3-4,4,esm2,-64.1751522245563,-89.500305498519,22.70197466086,standard,50-75 cm,64.2-89.5 cm
KansasState,fd,Ref,KeN2-3,KeN2-3-4,4,fd,-50,-75,27.1416085228,standard,50-75 cm,50-75 cm
KansasState,max,Ref,KeN2-3,KeN2-3-5,5,esm1,-89.7,-117.4,23.2679874989886,standard,75-100 cm,89.7-117.4 cm
KansasState,max,Ref,KeN2-3,KeN2-3-5,5,esm2,-89.500305498519,-121.136192468508,30.3125123118436,standard,75-100 cm,89.5-121.1 cm
KansasState,fd,Ref,KeN2-3,KeN2-3-5,5,fd,-75,-100,22.124461827399998,standard,75-100 cm,75-100 cm
KansasState,max,Ref,KeN3-1,KeN3-1-1,1,esm1,0,-11.4,30.341229493276,standard,0-10 cm,0-11.4 cm
KansasState,max,Ref,KeN3-1,KeN3-1-1,1,esm2,0,-11.2619530956744,32.9352654108802,standard,0-10 cm,0-11.3 cm
KansasState,fd,Ref,KeN3-1,KeN3-1-1,1,fd,0,-10,28.5143337011,standard,0-10 cm,0-10 cm
KansasState,max,Ref,KeN3-1,KeN3-1-2,2,esm1,-11.4,-33.8,26.2234514240801,standard,10-30 cm,11.4-33.8 cm
KansasState,max,Ref,KeN3-1,KeN3-1-2,2,esm2,-11.2619530956744,-34.1440030895489,22.8277769325635,standard,10-30 cm,11.3-34.1 cm
KansasState,fd,Ref,KeN3-1,KeN3-1-2,2,fd,-10,-30,24.3900560607,standard,10-30 cm,10-30 cm
KansasState,max,Ref,KeN3-1,KeN3-1-3,3,esm1,-33.8,-54,17.661069183104,standard,30-50 cm,33.8-54 cm
KansasState,max,Ref,KeN3-1,KeN3-1-3,3,esm2,-34.1440030895489,-53.9159734946359,18.6068410706255,standard,30-50 cm,34.1-53.9 cm
KansasState,fd,Ref,KeN3-1,KeN3-1-3,3,fd,-30,-50,18.12161064826,standard,30-50 cm,30-50 cm
KansasState,max,Ref,KeN3-1,KeN3-1-4,4,esm1,-54,-82.8,24.3396012271758,standard,50-75 cm,54-82.8 cm
KansasState,max,Ref,KeN3-1,KeN3-1-4,4,esm2,-53.9159734946359,-82.8286223675838,24.2010816427897,standard,50-75 cm,53.9-82.8 cm
KansasState,fd,Ref,KeN3-1,KeN3-1-4,4,fd,-50,-75,20.90639146474,standard,50-75 cm,50-75 cm
KansasState,max,Ref,KeN3-1,KeN3-1-5,5,esm1,-82.8,-109.3,29.2624613367972,standard,75-100 cm,82.8-109.3 cm
KansasState,max,Ref,KeN3-1,KeN3-1-5,5,esm2,-82.8286223675838,-106.299430503799,29.2475438845406,standard,75-100 cm,82.8-106.3 cm
KansasState,fd,Ref,KeN3-1,KeN3-1-5,5,fd,-75,-100,25.60799931752,standard,75-100 cm,75-100 cm
KansasState,max,Ref,KeN3-2,KeN3-2-1,1,esm1,0,-13.3,22.761164179176,standard,0-10 cm,0-13.3 cm
KansasState,max,Ref,KeN3-2,KeN3-2-1,1,esm2,0,-13.0056429337821,22.5647462285878,standard,0-10 cm,0-13 cm
KansasState,fd,Ref,KeN3-2,KeN3-2-1,1,fd,0,-10,18.22107556935,standard,0-10 cm,0-10 cm
KansasState,max,Ref,KeN3-2,KeN3-2-2,2,esm1,-13.3,-35.1,25.097935894461,standard,10-30 cm,13.3-35.1 cm
KansasState,max,Ref,KeN3-2,KeN3-2-2,2,esm2,-13.0056429337821,-35.3147397468751,26.6892333593529,standard,10-30 cm,13-35.3 cm
KansasState,fd,Ref,KeN3-2,KeN3-2-2,2,fd,-10,-30,25.09283477265,standard,10-30 cm,10-30 cm
KansasState,max,Ref,KeN3-2,KeN3-2-3,3,esm1,-35.1,-55.1,16.7203965004791,standard,30-50 cm,35.1-55.1 cm
KansasState,max,Ref,KeN3-2,KeN3-2-3,3,esm2,-35.3147397468751,-55.2828823183803,15.1158281870435,standard,30-50 cm,35.3-55.3 cm
KansasState,fd,Ref,KeN3-2,KeN3-2-3,3,fd,-30,-50,17.27779971635,standard,30-50 cm,30-50 cm
KansasState,max,Ref,KeN3-2,KeN3-2-4,4,esm1,-55.1,-79.9,20.842006366925,standard,50-75 cm,55.1-79.9 cm
KansasState,max,Ref,KeN3-2,KeN3-2-4,4,esm2,-55.2828823183803,-79.9171911685417,20.7111528060317,standard,50-75 cm,55.3-79.9 cm
KansasState,fd,Ref,KeN3-2,KeN3-2-4,4,fd,-50,-75,20.199845941379998,standard,50-75 cm,50-75 cm
KansasState,max,Ref,KeN3-2,KeN3-2-5,5,esm1,-79.9,-106.3,30.7655144514493,standard,75-100 cm,79.9-106.3 cm
KansasState,max,Ref,KeN3-2,KeN3-2-5,5,esm2,-79.9171911685417,-106.975397352162,33.4490877597051,standard,75-100 cm,79.9-107 cm
KansasState,fd,Ref,KeN3-2,KeN3-2-5,5,fd,-75,-100,27.721117846800002,standard,75-100 cm,75-100 cm
KansasState,max,Ref,KeN3-3,KeN3-3-1,1,esm1,0,-13.6,22.530565943298,standard,0-10 cm,0-13.6 cm
KansasState,max,Ref,KeN3-3,KeN3-3-1,1,esm2,0,-13.5409392590591,22.8021602887766,standard,0-10 cm,0-13.5 cm
KansasState,fd,Ref,KeN3-3,KeN3-3-1,1,fd,0,-10,18.07150900365,standard,0-10 cm,0-10 cm
KansasState,max,Ref,KeN3-3,KeN3-3-2,2,esm1,-13.6,-36.1,24.2344596353902,standard,10-30 cm,13.6-36.1 cm
KansasState,max,Ref,KeN3-3,KeN3-3-2,2,esm2,-13.5409392590591,-36.22605237966,24.5077270522802,standard,10-30 cm,13.5-36.2 cm
KansasState,fd,Ref,KeN3-3,KeN3-3-2,2,fd,-10,-30,23.333074697200004,standard,10-30 cm,10-30 cm
KansasState,max,Ref,KeN3-3,KeN3-3-3,3,esm1,-36.1,-57.2,19.6582669206341,standard,30-50 cm,36.1-57.2 cm
KansasState,max,Ref,KeN3-3,KeN3-3-3,3,esm2,-36.22605237966,-57.3509254084777,18.51397215656,standard,30-50 cm,36.2-57.4 cm
KansasState,fd,Ref,KeN3-3,KeN3-3-3,3,fd,-30,-50,18.08267863028,standard,30-50 cm,30-50 cm
KansasState,max,Ref,KeN3-3,KeN3-3-4,4,esm1,-57.2,-83.8,27.5138001366147,standard,50-75 cm,57.2-83.8 cm
KansasState,max,Ref,KeN3-3,KeN3-3-4,4,esm2,-57.3509254084777,-83.5734863613437,29.1041290786335,standard,50-75 cm,57.4-83.6 cm
KansasState,fd,Ref,KeN3-3,KeN3-3-4,4,fd,-50,-75,26.0442020534,standard,50-75 cm,50-75 cm
KansasState,max,Ref,KeN3-3,KeN3-3-5,5,esm1,-83.8,-113.9,23.6283279923448,standard,75-100 cm,83.8-113.9 cm
KansasState,max,Ref,KeN3-3,KeN3-3-5,5,esm2,-83.5734863613437,-116.091153605427,13.6027692179462,standard,75-100 cm,83.6-116.1 cm
KansasState,fd,Ref,KeN3-3,KeN3-3-5,5,fd,-75,-100,21.12253567586,standard,75-100 cm,75-100 cm
KansasState,mean,BAU,KeC1-1,KeC1-1-1,1,esm1,0,-9.3,23.65309132814,standard,0-10 cm,0-9.3 cm
KansasState,mean,BAU,KeC1-1,KeC1-1-1,1,esm2,0,-9.38973747043125,23.9511723445724,standard,0-10 cm,0-9.4 cm
KansasState,mean,BAU,KeC1-1,KeC1-1-2,2,esm1,-9.3,-29.1,37.3372866352919,standard,10-30 cm,9.3-29.1 cm
KansasState,mean,BAU,KeC1-1,KeC1-1-2,2,esm2,-9.38973747043125,-29.1943772674259,37.9121071080438,standard,10-30 cm,9.4-29.2 cm
KansasState,mean,BAU,KeC1-1,KeC1-1-3,3,esm1,-29.1,-48.4,22.8577165779411,standard,30-50 cm,29.1-48.4 cm
KansasState,mean,BAU,KeC1-1,KeC1-1-3,3,esm2,-29.1943772674259,-48.5711495139532,22.9168262172193,standard,30-50 cm,29.2-48.6 cm
KansasState,mean,BAU,KeC1-1,KeC1-1-4,4,esm1,-48.4,-71.2,20.7674957488112,standard,50-75 cm,48.4-71.2 cm
KansasState,mean,BAU,KeC1-1,KeC1-1-4,4,esm2,-48.5711495139532,-71.1531597279188,19.7328746907534,standard,50-75 cm,48.6-71.2 cm
KansasState,mean,BAU,KeC1-1,KeC1-1-5,5,esm1,-71.2,-96.5,22.4807464004191,standard,75-100 cm,71.2-96.5 cm
KansasState,mean,BAU,KeC1-1,KeC1-1-5,5,esm2,-71.1531597279188,-96.382053589589,23.3197370432379,standard,75-100 cm,71.2-96.4 cm
KansasState,mean,BAU,KeC1-2,KeC1-2-1,1,esm1,0,-9.1,22.686878133918,standard,0-10 cm,0-9.1 cm
KansasState,mean,BAU,KeC1-2,KeC1-2-1,1,esm2,0,-9.1407999497955,22.9402155309611,standard,0-10 cm,0-9.1 cm
KansasState,mean,BAU,KeC1-2,KeC1-2-2,2,esm1,-9.1,-28.4,27.921568231182,standard,10-30 cm,9.1-28.4 cm
KansasState,mean,BAU,KeC1-2,KeC1-2-2,2,esm2,-9.1407999497955,-28.4255460635034,27.9853132405543,standard,10-30 cm,9.1-28.4 cm
KansasState,mean,BAU,KeC1-2,KeC1-2-3,3,esm1,-28.4,-47.5,16.4922206023449,standard,30-50 cm,28.4-47.5 cm
KansasState,mean,BAU,KeC1-2,KeC1-2-3,3,esm2,-28.4255460635034,-47.4028088882109,16.4612380962371,standard,30-50 cm,28.4-47.4 cm
KansasState,mean,BAU,KeC1-2,KeC1-2-4,4,esm1,-47.5,-72.4,19.3071219387052,standard,50-75 cm,47.5-72.4 cm
KansasState,mean,BAU,KeC1-2,KeC1-2-4,4,esm2,-47.4028088882109,-72.2238879018455,18.872518731005002,standard,50-75 cm,47.4-72.2 cm
KansasState,mean,BAU,KeC1-2,KeC1-2-5,5,esm1,-72.4,-100.4,21.1967894096016,standard,75-100 cm,72.4-100.4 cm
KansasState,mean,BAU,KeC1-2,KeC1-2-5,5,esm2,-72.2238879018455,-100.453427440196,21.3795002979558,standard,75-100 cm,72.2-100.5 cm
KansasState,mean,BAU,KeC1-3,KeC1-3-1,1,esm1,0,-10.7,22.172577410601,standard,0-10 cm,0-10.7 cm
KansasState,mean,BAU,KeC1-3,KeC1-3-1,1,esm2,0,-10.7595687250401,22.5184312655624,standard,0-10 cm,0-10.8 cm
KansasState,mean,BAU,KeC1-3,KeC1-3-2,2,esm1,-10.7,-31.7,30.9017620971714,standard,10-30 cm,10.7-31.7 cm
KansasState,mean,BAU,KeC1-3,KeC1-3-2,2,esm2,-10.7595687250401,-31.846768631848,31.4389420859433,standard,10-30 cm,10.8-31.8 cm
KansasState,mean,BAU,KeC1-3,KeC1-3-3,3,esm1,-31.7,-51.6,18.3863144673722,standard,30-50 cm,31.7-51.6 cm
KansasState,mean,BAU,KeC1-3,KeC1-3-3,3,esm2,-31.846768631848,-51.6809154527195,17.9764871593114,standard,30-50 cm,31.8-51.7 cm
KansasState,mean,BAU,KeC1-3,KeC1-3-4,4,esm1,-51.6,-75.9,20.0562153028922,standard,50-75 cm,51.6-75.9 cm
KansasState,mean,BAU,KeC1-3,KeC1-3-4,4,esm2,-51.6809154527195,-75.8791888593614,19.4894535346134,standard,50-75 cm,51.7-75.9 cm
KansasState,mean,BAU,KeC1-3,KeC1-3-5,5,esm1,-75.9,-100.9,21.2881276424259,standard,75-100 cm,75.9-100.9 cm
KansasState,mean,BAU,KeC1-3,KeC1-3-5,5,esm2,-75.8791888593614,-100.95211274732,21.4408533570343,standard,75-100 cm,75.9-101 cm
KansasState,mean,BAU,KeC2-1,KeC2-1-1,1,esm1,0,-11.1,22.62965653728,standard,0-10 cm,0-11.1 cm
KansasState,mean,BAU,KeC2-1,KeC2-1-1,1,esm2,0,-11.1674164215114,23.0409133176484,standard,0-10 cm,0-11.2 cm
KansasState,mean,BAU,KeC2-1,KeC2-1-2,2,esm1,-11.1,-31,25.5652742641504,standard,10-30 cm,11.1-31 cm
KansasState,mean,BAU,KeC2-1,KeC2-1-2,2,esm2,-11.1674164215114,-31.2523870031676,26.4437740067811,standard,10-30 cm,11.2-31.3 cm
KansasState,mean,BAU,KeC2-1,KeC2-1-3,3,esm1,-31,-49.8,18.8291394408206,standard,30-50 cm,31-49.8 cm
KansasState,mean,BAU,KeC2-1,KeC2-1-3,3,esm2,-31.2523870031676,-49.8602785431721,16.8550437059638,standard,30-50 cm,31.3-49.9 cm
KansasState,mean,BAU,KeC2-1,KeC2-1-4,4,esm1,-49.8,-73,28.6891096964809,standard,50-75 cm,49.8-73 cm
KansasState,mean,BAU,KeC2-1,KeC2-1-4,4,esm2,-49.8602785431721,-72.9030717742956,29.9367006835293,standard,50-75 cm,49.9-72.9 cm
KansasState,mean,BAU,KeC2-1,KeC2-1-5,5,esm1,-73,-97.7,21.3758499621688,standard,75-100 cm,73-97.7 cm
KansasState,mean,BAU,KeC2-1,KeC2-1-5,5,esm2,-72.9030717742956,-97.7562691724527,21.080640156683,standard,75-100 cm,72.9-97.8 cm
KansasState,mean,BAU,KeC2-2,KeC2-2-1,1,esm1,0,-8.3,23.4192044646,standard,0-10 cm,0-8.3 cm
KansasState,mean,BAU,KeC2-2,KeC2-2-1,1,esm2,0,-8.373171857418,23.8725156646543,standard,0-10 cm,0-8.4 cm
KansasState,mean,BAU,KeC2-2,KeC2-2-2,2,esm1,-8.3,-26.1,31.1957981254598,standard,10-30 cm,8.3-26.1 cm
KansasState,mean,BAU,KeC2-2,KeC2-2-2,2,esm2,-8.373171857418,-26.0304764913078,31.2338149878297,standard,10-30 cm,8.4-26 cm
KansasState,mean,BAU,KeC2-2,KeC2-2-3,3,esm1,-26.1,-45.7,22.6525226175756,standard,30-50 cm,26.1-45.7 cm
KansasState,mean,BAU,KeC2-2,KeC2-2-3,3,esm2,-26.0304764913078,-45.8060981233748,22.4168546490144,standard,30-50 cm,26-45.8 cm
KansasState,mean,BAU,KeC2-2,KeC2-2-4,4,esm1,-45.7,-70.4,24.3876145675942,standard,50-75 cm,45.7-70.4 cm
KansasState,mean,BAU,KeC2-2,KeC2-2-4,4,esm2,-45.8060981233748,-70.471389184446707,24.2173154452583,standard,50-75 cm,45.8-70.5 cm
KansasState,mean,BAU,KeC2-2,KeC2-2-5,5,esm1,-70.4,-94.3,23.1557704223953,standard,75-100 cm,70.4-94.3 cm
KansasState,mean,BAU,KeC2-2,KeC2-2-5,5,esm2,-70.471389184446707,-94.3130377832441,22.3819751156469,standard,75-100 cm,70.5-94.3 cm
KansasState,mean,BAU,KeC2-3,KeC2-3-1,1,esm1,0,-9.2,21.124755952052,standard,0-10 cm,0-9.2 cm
KansasState,mean,BAU,KeC2-3,KeC2-3-1,1,esm2,0,-9.28532006897612,21.3996700964093,standard,0-10 cm,0-9.3 cm
KansasState,mean,BAU,KeC2-3,KeC2-3-2,2,esm1,-9.2,-27.9,30.1481570591678,standard,10-30 cm,9.2-27.9 cm
KansasState,mean,BAU,KeC2-3,KeC2-3-2,2,esm2,-9.28532006897612,-27.9013572379529,30.0875905537611,standard,10-30 cm,9.3-27.9 cm
KansasState,mean,BAU,KeC2-3,KeC2-3-3,3,esm1,-27.9,-47.1,23.1091684414241,standard,30-50 cm,27.9-47.1 cm
KansasState,mean,BAU,KeC2-3,KeC2-3-3,3,esm2,-27.9013572379529,-47.2291281021884,22.5143882394541,standard,30-50 cm,27.9-47.2 cm
KansasState,mean,BAU,KeC2-3,KeC2-3-4,4,esm1,-47.1,-70.1,36.8289355770053,standard,50-75 cm,47.1-70.1 cm
KansasState,mean,BAU,KeC2-3,KeC2-3-4,4,esm2,-47.2291281021884,-70.1561309051365,37.6368585060501,standard,50-75 cm,47.2-70.2 cm
KansasState,mean,BAU,KeC2-3,KeC2-3-5,5,esm1,-70.1,-93.3,32.0451303863701,standard,75-100 cm,70.1-93.3 cm
KansasState,mean,BAU,KeC2-3,KeC2-3-5,5,esm2,-70.1561309051365,-93.4414690891722,33.7401844489607,standard,75-100 cm,70.2-93.4 cm
KansasState,mean,BAU,KeC3-1,KeC3-1-1,1,esm1,0,-8.6,43.8977556687999,standard,0-10 cm,0-8.6 cm
KansasState,mean,BAU,KeC3-1,KeC3-1-1,1,esm2,0,-8.68022515683169,45.2739186888902,standard,0-10 cm,0-8.7 cm
KansasState,mean,BAU,KeC3-1,KeC3-1-2,2,esm1,-8.6,-27.9,28.0199238848563,standard,10-30 cm,8.6-27.9 cm
KansasState,mean,BAU,KeC3-1,KeC3-1-2,2,esm2,-8.68022515683169,-27.8295263040344,25.4515341132674,standard,10-30 cm,8.7-27.8 cm
KansasState,mean,BAU,KeC3-1,KeC3-1-3,3,esm1,-27.9,-48.2,15.9309541023444,standard,30-50 cm,27.9-48.2 cm
KansasState,mean,BAU,KeC3-1,KeC3-1-3,3,esm2,-27.8295263040344,-48.339712417109,17.7781606011532,standard,30-50 cm,27.8-48.3 cm
KansasState,mean,BAU,KeC3-1,KeC3-1-4,4,esm1,-48.2,-72.6,18.371661952385,standard,50-75 cm,48.2-72.6 cm
KansasState,mean,BAU,KeC3-1,KeC3-1-4,4,esm2,-48.339712417109,-72.7627746571089,17.619487049812,standard,50-75 cm,48.3-72.8 cm
KansasState,mean,BAU,KeC3-1,KeC3-1-5,5,esm1,-72.6,-96.7,15.8644122973011,standard,75-100 cm,72.6-96.7 cm
KansasState,mean,BAU,KeC3-1,KeC3-1-5,5,esm2,-72.7627746571089,-96.5653298016044,16.6708830393912,standard,75-100 cm,72.8-96.6 cm
KansasState,mean,BAU,KeC3-2,KeC3-2-1,1,esm1,0,-8.8,12.88913216922,standard,0-10 cm,0-8.8 cm
KansasState,mean,BAU,KeC3-2,KeC3-2-1,1,esm2,0,-8.87636230587693,13.1373009968862,standard,0-10 cm,0-8.9 cm
KansasState,mean,BAU,KeC3-2,KeC3-2-2,2,esm1,-8.8,-26.7,18.4208247744241,standard,10-30 cm,8.8-26.7 cm
KansasState,mean,BAU,KeC3-2,KeC3-2-2,2,esm2,-8.87636230587693,-26.7215808837331,18.1629551848354,standard,10-30 cm,8.9-26.7 cm
KansasState,mean,BAU,KeC3-2,KeC3-2-3,3,esm1,-26.7,-45.9,21.0198646614755,standard,30-50 cm,26.7-45.9 cm
KansasState,mean,BAU,KeC3-2,KeC3-2-3,3,esm2,-26.7215808837331,-45.9205508838141,21.9352201052917,standard,30-50 cm,26.7-45.9 cm
KansasState,mean,BAU,KeC3-2,KeC3-2-4,4,esm1,-45.9,-70.1,18.1969489531292,standard,50-75 cm,45.9-70.1 cm
KansasState,mean,BAU,KeC3-2,KeC3-2-4,4,esm2,-45.9205508838141,-70.3163054010197,18.7600705115793,standard,50-75 cm,45.9-70.3 cm
KansasState,mean,BAU,KeC3-2,KeC3-2-5,5,esm1,-70.1,-93.4,13.3451152232891,standard,75-100 cm,70.1-93.4 cm
KansasState,mean,BAU,KeC3-2,KeC3-2-5,5,esm2,-70.3163054010197,-93.496448683865,11.7287874527968,standard,75-100 cm,70.3-93.5 cm
KansasState,mean,BAU,KeC3-3,KeC3-3-1,1,esm1,0,-9.5,13.31103003636,standard,0-10 cm,0-9.5 cm
KansasState,mean,BAU,KeC3-3,KeC3-3-1,1,esm2,0,-9.55673031368221,13.4260848943047,standard,0-10 cm,0-9.6 cm
KansasState,mean,BAU,KeC3-3,KeC3-3-2,2,esm1,-9.5,-28.2,24.1884320975661,standard,10-30 cm,9.5-28.2 cm
KansasState,mean,BAU,KeC3-3,KeC3-3-2,2,esm2,-9.55673031368221,-28.2120498209023,24.0834906372422,standard,10-30 cm,9.6-28.2 cm
KansasState,mean,BAU,KeC3-3,KeC3-3-3,3,esm1,-28.2,-47.1,20.2445147145491,standard,30-50 cm,28.2-47.1 cm
KansasState,mean,BAU,KeC3-3,KeC3-3-3,3,esm2,-28.2120498209023,-47.1267530288777,21.0282187738097,standard,30-50 cm,28.2-47.1 cm
KansasState,mean,BAU,KeC3-3,KeC3-3-4,4,esm1,-47.1,-71,14.2313385199942,standard,50-75 cm,47.1-71 cm
KansasState,mean,BAU,KeC3-3,KeC3-3-4,4,esm2,-47.1267530288777,-71.0392259747742,13.7141697758214,standard,50-75 cm,47.1-71 cm
KansasState,mean,BAU,KeC3-3,KeC3-3-5,5,esm1,-71,-95.8,12.3097852616578,standard,75-100 cm,71-95.8 cm
KansasState,mean,BAU,KeC3-3,KeC3-3-5,5,esm2,-71.0392259747742,-95.6765020177816,11.4868897859505,standard,75-100 cm,71-95.7 cm
KansasState,mean,SHM,KeCF1-1,KeCF1-1-1,1,esm1,0,-8.4,19.02773355116,standard,0-10 cm,0-8.4 cm
KansasState,mean,SHM,KeCF1-1,KeCF1-1-1,1,esm2,0,-8.41704026808489,19.256233161845,standard,0-10 cm,0-8.4 cm
KansasState,mean,SHM,KeCF1-1,KeCF1-1-2,2,esm1,-8.4,-26.4,20.0191647786557,standard,10-30 cm,8.4-26.4 cm
KansasState,mean,SHM,KeCF1-1,KeCF1-1-2,2,esm2,-8.41704026808489,-26.4365117535823,19.8686623710658,standard,10-30 cm,8.4-26.4 cm
KansasState,mean,SHM,KeCF1-1,KeCF1-1-3,3,esm1,-26.4,-44.9,15.9833976913923,standard,30-50 cm,26.4-44.9 cm
KansasState,mean,SHM,KeCF1-1,KeCF1-1-3,3,esm2,-26.4365117535823,-44.2111062819109,15.5878929012433,standard,30-50 cm,26.4-44.2 cm
KansasState,mean,SHM,KeCF1-1,KeCF1-1-4,4,esm1,-44.9,-71.9,19.4242195259644,standard,50-75 cm,44.9-71.9 cm
KansasState,mean,SHM,KeCF1-1,KeCF1-1-4,4,esm2,-44.2111062819109,-73.0775023413287,22.6544021007807,standard,50-75 cm,44.2-73.1 cm
KansasState,mean,SHM,KeCF1-1,KeCF1-1-5,5,esm1,-71.9,-98.8,15.771008833933,standard,75-100 cm,71.9-98.8 cm
KansasState,mean,SHM,KeCF1-1,KeCF1-1-5,5,esm2,-73.0775023413287,-99.0544164364848,13.3755899468642,standard,75-100 cm,73.1-99.1 cm
KansasState,mean,SHM,KeCF1-2,KeCF1-2-1,1,esm1,0,-8.9,17.2814362045,standard,0-10 cm,0-8.9 cm
KansasState,mean,SHM,KeCF1-2,KeCF1-2-1,1,esm2,0,-9.02302108426397,17.5836773394769,standard,0-10 cm,0-9 cm
KansasState,mean,SHM,KeCF1-2,KeCF1-2-2,2,esm1,-8.9,-27.6,19.6722242092799,standard,10-30 cm,8.9-27.6 cm
KansasState,mean,SHM,KeCF1-2,KeCF1-2-2,2,esm2,-9.02302108426397,-27.583136907987,19.7808738458413,standard,10-30 cm,9-27.6 cm
KansasState,mean,SHM,KeCF1-2,KeCF1-2-3,3,esm1,-27.6,-48.1,14.2511995070413,standard,30-50 cm,27.6-48.1 cm
KansasState,mean,SHM,KeCF1-2,KeCF1-2-3,3,esm2,-27.583136907987,-47.7922708304221,13.889732089788,standard,30-50 cm,27.6-47.8 cm
KansasState,mean,SHM,KeCF1-2,KeCF1-2-4,4,esm1,-48.1,-78.1,16.1887356374892,standard,50-75 cm,48.1-78.1 cm
KansasState,mean,SHM,KeCF1-2,KeCF1-2-4,4,esm2,-47.7922708304221,-79.5056764711097,16.3329620843545,standard,50-75 cm,47.8-79.5 cm
KansasState,mean,SHM,KeCF1-2,KeCF1-2-5,5,esm1,-78.1,-106.8,15.4600135553493,standard,75-100 cm,78.1-106.8 cm
KansasState,mean,SHM,KeCF1-2,KeCF1-2-5,5,esm2,-79.5056764711097,-104.610729398393,15.1226634777024,standard,75-100 cm,79.5-104.6 cm
KansasState,mean,SHM,KeCF1-3,KeCF1-3-1,1,esm1,0,-10.1,17.671713850499,standard,0-10 cm,0-10.1 cm
KansasState,mean,SHM,KeCF1-3,KeCF1-3-1,1,esm2,0,-10.1379962238295,17.7260067701934,standard,0-10 cm,0-10.1 cm
KansasState,mean,SHM,KeCF1-3,KeCF1-3-2,2,esm1,-10.1,-30.5,23.8066692870213,standard,10-30 cm,10.1-30.5 cm
KansasState,mean,SHM,KeCF1-3,KeCF1-3-2,2,esm2,-10.1379962238295,-31.4812298094706,26.7047091875676,standard,10-30 cm,10.1-31.5 cm
KansasState,mean,SHM,KeCF1-3,KeCF1-3-3,3,esm1,-30.5,-49.9,19.1579307607291,standard,30-50 cm,30.5-49.9 cm
KansasState,mean,SHM,KeCF1-3,KeCF1-3-3,3,esm2,-31.4812298094706,-49.7499295037395,16.3637414439939,standard,30-50 cm,31.5-49.7 cm
KansasState,mean,SHM,KeCF1-3,KeCF1-3-4,4,esm1,-49.9,-74.7,17.8873724243273,standard,50-75 cm,49.9-74.7 cm
KansasState,mean,SHM,KeCF1-3,KeCF1-3-4,4,esm2,-49.7499295037395,-74.7642865892878,17.8769956995851,standard,50-75 cm,49.7-74.8 cm
KansasState,mean,SHM,KeCF1-3,KeCF1-3-5,5,esm1,-74.7,-96.6,14.9872508905521,standard,75-100 cm,74.7-96.6 cm
KansasState,mean,SHM,KeCF1-3,KeCF1-3-5,5,esm2,-74.7642865892878,-96.647089501312,14.8587729050231,standard,75-100 cm,74.8-96.6 cm
KansasState,mean,SHM,KeCF3-1,KeCF3-1-1,1,esm1,0,-8.9,17.793173114325,standard,0-10 cm,0-8.9 cm
KansasState,mean,SHM,KeCF3-1,KeCF3-1-1,1,esm2,0,-8.93161020942307,18.0285980616086,standard,0-10 cm,0-8.9 cm
KansasState,mean,SHM,KeCF3-1,KeCF3-1-2,2,esm1,-8.9,-27.1,21.6962118800473,standard,10-30 cm,8.9-27.1 cm
KansasState,mean,SHM,KeCF3-1,KeCF3-1-2,2,esm2,-8.93161020942307,-27.0252094808334,21.9242485353256,standard,10-30 cm,8.9-27 cm
KansasState,mean,SHM,KeCF3-1,KeCF3-1-3,3,esm1,-27.1,-45.9,17.0761854899083,standard,30-50 cm,27.1-45.9 cm
KansasState,mean,SHM,KeCF3-1,KeCF3-1-3,3,esm2,-27.0252094808334,-46.0336658661447,16.9559994208295,standard,30-50 cm,27-46 cm
KansasState,mean,SHM,KeCF3-1,KeCF3-1-4,4,esm1,-45.9,-69.4,16.5471169964283,standard,50-75 cm,45.9-69.4 cm
KansasState,mean,SHM,KeCF3-1,KeCF3-1-4,4,esm2,-46.0336658661447,-69.220301465627,16.3707454744323,standard,50-75 cm,46-69.2 cm
KansasState,mean,SHM,KeCF3-1,KeCF3-1-5,5,esm1,-69.4,-98.1,13.8177778854647,standard,75-100 cm,69.4-98.1 cm
KansasState,mean,SHM,KeCF3-1,KeCF3-1-5,5,esm2,-69.220301465627,-97.6747739002288,13.6505828847412,standard,75-100 cm,69.2-97.7 cm
KansasState,mean,SHM,KeCF3-2,KeCF3-2-1,1,esm1,0,-10.2,14.571728611844,standard,0-10 cm,0-10.2 cm
KansasState,mean,SHM,KeCF3-2,KeCF3-2-1,1,esm2,0,-10.2278254985254,14.6249710653127,standard,0-10 cm,0-10.2 cm
KansasState,mean,SHM,KeCF3-2,KeCF3-2-2,2,esm1,-10.2,-29.5,22.9334881565011,standard,10-30 cm,10.2-29.5 cm
KansasState,mean,SHM,KeCF3-2,KeCF3-2-2,2,esm2,-10.2278254985254,-29.5582976351262,23.7361968717841,standard,10-30 cm,10.2-29.6 cm
KansasState,mean,SHM,KeCF3-2,KeCF3-2-3,3,esm1,-29.5,-48.9,15.003911523801,standard,30-50 cm,29.5-48.9 cm
KansasState,mean,SHM,KeCF3-2,KeCF3-2-3,3,esm2,-29.5582976351262,-48.9592312436054,14.1788913014777,standard,30-50 cm,29.6-49 cm
KansasState,mean,SHM,KeCF3-2,KeCF3-2-4,4,esm1,-48.9,-73.8,17.8119015764599,standard,50-75 cm,48.9-73.8 cm
KansasState,mean,SHM,KeCF3-2,KeCF3-2-4,4,esm2,-48.9592312436054,-73.8346975719481,17.7561128919658,standard,50-75 cm,49-73.8 cm
KansasState,mean,SHM,KeCF3-2,KeCF3-2-5,5,esm1,-73.8,-98.7,23.7321734313976,standard,75-100 cm,73.8-98.7 cm
KansasState,mean,SHM,KeCF3-2,KeCF3-2-5,5,esm2,-73.8346975719481,-98.832497355324,23.5655584630306,standard,75-100 cm,73.8-98.8 cm
KansasState,mean,SHM,KeCF3-3,KeCF3-3-1,1,esm1,0,-9.2,15.252094544718,standard,0-10 cm,0-9.2 cm
KansasState,mean,SHM,KeCF3-3,KeCF3-3-1,1,esm2,0,-9.0456683397567,15.5042369091069,standard,0-10 cm,0-9 cm
KansasState,mean,SHM,KeCF3-3,KeCF3-3-2,2,esm1,-9.2,-33.1,17.214103025507,standard,10-30 cm,9.2-33.1 cm
KansasState,mean,SHM,KeCF3-3,KeCF3-3-2,2,esm2,-9.0456683397567,-33.8508721917695,17.3122626927076,standard,10-30 cm,9-33.9 cm
KansasState,mean,SHM,KeCF3-3,KeCF3-3-3,3,esm1,-33.1,-52.9,14.5167459076773,standard,30-50 cm,33.1-52.9 cm
KansasState,mean,SHM,KeCF3-3,KeCF3-3-3,3,esm2,-33.8508721917695,-53.1398177596615,13.8826373790656,standard,30-50 cm,33.9-53.1 cm
KansasState,mean,SHM,KeCF3-3,KeCF3-3-4,4,esm1,-52.9,-77.4,22.6089404049602,standard,50-75 cm,52.9-77.4 cm
KansasState,mean,SHM,KeCF3-3,KeCF3-3-4,4,esm2,-53.1398177596615,-77.475756728971,22.8981560280949,standard,50-75 cm,53.1-77.5 cm
KansasState,mean,SHM,KeCF3-3,KeCF3-3-5,5,esm1,-77.4,-102.4,19.5929533323254,standard,75-100 cm,77.4-102.4 cm
KansasState,mean,SHM,KeCF3-3,KeCF3-3-5,5,esm2,-77.475756728971,-102.610349614674,19.2074850498652,standard,75-100 cm,77.5-102.6 cm
KansasState,mean,Ref,KeN1-1,KeN1-1-1,1,esm1,0,-9.8,30.425204249894,standard,0-10 cm,0-9.8 cm
KansasState,mean,Ref,KeN1-1,KeN1-1-1,1,esm2,0,-9.77906149111793,30.5252337969712,standard,0-10 cm,0-9.8 cm
KansasState,mean,Ref,KeN1-1,KeN1-1-2,2,esm1,-9.8,-35,32.9983788993661,standard,10-30 cm,9.8-35 cm
KansasState,mean,Ref,KeN1-1,KeN1-1-2,2,esm2,-9.77906149111793,-36.7565844928668,35.311819654315,standard,10-30 cm,9.8-36.8 cm
KansasState,mean,Ref,KeN1-1,KeN1-1-3,3,esm1,-35,-55.6,21.1128287042877,standard,30-50 cm,35-55.6 cm
KansasState,mean,Ref,KeN1-1,KeN1-1-3,3,esm2,-36.7565844928668,-54.5353539056017,18.6576876778975,standard,30-50 cm,36.8-54.5 cm
KansasState,mean,Ref,KeN1-1,KeN1-1-4,4,esm1,-55.6,-83.7,22.0018512132771,standard,50-75 cm,55.6-83.7 cm
KansasState,mean,Ref,KeN1-1,KeN1-1-4,4,esm2,-54.5353539056017,-84.2313402108772,22.9468063530552,standard,50-75 cm,54.5-84.2 cm
KansasState,mean,Ref,KeN1-1,KeN1-1-5,5,esm1,-83.7,-111.5,16.345341535017,standard,75-100 cm,83.7-111.5 cm
KansasState,mean,Ref,KeN1-1,KeN1-1-5,5,esm2,-84.2313402108772,-107.222454951808,8.21131790079544,standard,75-100 cm,84.2-107.2 cm
KansasState,mean,Ref,KeN1-2,KeN1-2-1,1,esm1,0,-11.6,28.217324568794,standard,0-10 cm,0-11.6 cm
KansasState,mean,Ref,KeN1-2,KeN1-2-1,1,esm2,0,-11.6898720636366,28.4023284219443,standard,0-10 cm,0-11.7 cm
KansasState,mean,Ref,KeN1-2,KeN1-2-2,2,esm1,-11.6,-32.7,35.8946401609486,standard,10-30 cm,11.6-32.7 cm
KansasState,mean,Ref,KeN1-2,KeN1-2-2,2,esm2,-11.6898720636366,-32.682646597001,36.9825128917417,standard,10-30 cm,11.7-32.7 cm
KansasState,mean,Ref,KeN1-2,KeN1-2-3,3,esm1,-32.7,-54.6,18.4194477275287,standard,30-50 cm,32.7-54.6 cm
KansasState,mean,Ref,KeN1-2,KeN1-2-3,3,esm2,-32.682646597001,-54.4931040918718,17.4965344437832,standard,30-50 cm,32.7-54.5 cm
KansasState,mean,Ref,KeN1-2,KeN1-2-4,4,esm1,-54.6,-82,17.3147672360398,standard,50-75 cm,54.6-82 cm
KansasState,mean,Ref,KeN1-2,KeN1-2-4,4,esm2,-54.4931040918718,-82.1091388780141,16.9953910474135,standard,50-75 cm,54.5-82.1 cm
KansasState,mean,Ref,KeN1-2,KeN1-2-5,5,esm1,-82,-108.8,17.1301142026404,standard,75-100 cm,82-108.8 cm
KansasState,mean,Ref,KeN1-2,KeN1-2-5,5,esm2,-82.1091388780141,-109.343712358285,17.7808895156983,standard,75-100 cm,82.1-109.3 cm
KansasState,mean,Ref,KeN1-3,KeN1-3-1,1,esm1,0,-11.2,27.8533018616221,standard,0-10 cm,0-11.2 cm
KansasState,mean,Ref,KeN1-3,KeN1-3-1,1,esm2,0,-11.165113507237,28.1198386332543,standard,0-10 cm,0-11.2 cm
KansasState,mean,Ref,KeN1-3,KeN1-3-2,2,esm1,-11.2,-32.4,28.5945986258559,standard,10-30 cm,11.2-32.4 cm
KansasState,mean,Ref,KeN1-3,KeN1-3-2,2,esm2,-11.165113507237,-32.2680182990753,29.3730249967085,standard,10-30 cm,11.2-32.3 cm
KansasState,mean,Ref,KeN1-3,KeN1-3-3,3,esm1,-32.4,-56.1,16.4748636479417,standard,30-50 cm,32.4-56.1 cm
KansasState,mean,Ref,KeN1-3,KeN1-3-3,3,esm2,-32.2680182990753,-56.210330108334,15.4802435305077,standard,30-50 cm,32.3-56.2 cm
KansasState,mean,Ref,KeN1-3,KeN1-3-4,4,esm1,-56.1,-83.4,17.2594273138996,standard,50-75 cm,56.1-83.4 cm
KansasState,mean,Ref,KeN1-3,KeN1-3-4,4,esm2,-56.210330108334,-83.1690610640332,17.4461340199382,standard,50-75 cm,56.2-83.2 cm
KansasState,mean,Ref,KeN1-3,KeN1-3-5,5,esm1,-83.4,-111.6,14.2200054023028,standard,75-100 cm,83.4-111.6 cm
KansasState,mean,Ref,KeN1-3,KeN1-3-5,5,esm2,-83.1690610640332,-114.697993928877,12.4416285117302,standard,75-100 cm,83.2-114.7 cm
KansasState,mean,Ref,KeN2-1,KeN2-1-1,1,esm1,0,-10.9,18.17240395234,standard,0-10 cm,0-10.9 cm
KansasState,mean,Ref,KeN2-1,KeN2-1-1,1,esm2,0,-10.9048916497308,18.5957342528864,standard,0-10 cm,0-10.9 cm
KansasState,mean,Ref,KeN2-1,KeN2-1-2,2,esm1,-10.9,-31.8,39.8920951858562,standard,10-30 cm,10.9-31.8 cm
KansasState,mean,Ref,KeN2-1,KeN2-1-2,2,esm2,-10.9048916497308,-31.9457121048158,39.9403251438105,standard,10-30 cm,10.9-31.9 cm
KansasState,mean,Ref,KeN2-1,KeN2-1-3,3,esm1,-31.8,-52.7,32.7067859868962,standard,30-50 cm,31.8-52.7 cm
KansasState,mean,Ref,KeN2-1,KeN2-1-3,3,esm2,-31.9457121048158,-52.8694993859896,35.0242656804502,standard,30-50 cm,31.9-52.9 cm
KansasState,mean,Ref,KeN2-1,KeN2-1-4,4,esm1,-52.7,-78,25.9880796498077,standard,50-75 cm,52.7-78 cm
KansasState,mean,Ref,KeN2-1,KeN2-1-4,4,esm2,-52.8694993859896,-78.1675139662459,23.4482397763489,standard,50-75 cm,52.9-78.2 cm
KansasState,mean,Ref,KeN2-1,KeN2-1-5,5,esm1,-78,-100.8,18.6334591364793,standard,75-100 cm,78-100.8 cm
KansasState,mean,Ref,KeN2-1,KeN2-1-5,5,esm2,-78.1675139662459,-100.752915181007,18.4471576033655,standard,75-100 cm,78.2-100.8 cm
KansasState,mean,Ref,KeN2-2,KeN2-2-1,1,esm1,0,-12.1,32.155095747112,standard,0-10 cm,0-12.1 cm
KansasState,mean,Ref,KeN2-2,KeN2-2-1,1,esm2,0,-12.3603834935541,33.1012766280272,standard,0-10 cm,0-12.4 cm
KansasState,mean,Ref,KeN2-2,KeN2-2-2,2,esm1,-12.1,-32.2,40.310660853036,standard,10-30 cm,12.1-32.2 cm
KansasState,mean,Ref,KeN2-2,KeN2-2-2,2,esm2,-12.3603834935541,-32.0413496802403,39.102274807079,standard,10-30 cm,12.4-32 cm
KansasState,mean,Ref,KeN2-2,KeN2-2-3,3,esm1,-32.2,-53.1,39.269474675046,standard,30-50 cm,32.2-53.1 cm
KansasState,mean,Ref,KeN2-2,KeN2-2-3,3,esm2,-32.0413496802403,-53.162508362498,41.6141579760403,standard,30-50 cm,32-53.2 cm
KansasState,mean,Ref,KeN2-2,KeN2-2-4,4,esm1,-53.1,-78.7,31.1877777486647,standard,50-75 cm,53.1-78.7 cm
KansasState,mean,Ref,KeN2-2,KeN2-2-4,4,esm2,-53.162508362498,-79.2320218650424,30.5236892769996,standard,50-75 cm,53.2-79.2 cm
KansasState,mean,Ref,KeN2-2,KeN2-2-5,5,esm1,-78.7,-101.2,19.5886762539487,standard,75-100 cm,78.7-101.2 cm
KansasState,mean,Ref,KeN2-2,KeN2-2-5,5,esm2,-79.2320218650424,-101.294763472905,18.2500040339087,standard,75-100 cm,79.2-101.3 cm
KansasState,mean,Ref,KeN2-3,KeN2-3-1,1,esm1,0,-11.4,32.9844491714299,standard,0-10 cm,0-11.4 cm
KansasState,mean,Ref,KeN2-3,KeN2-3-1,1,esm2,0,-11.2048064881098,32.8752775047079,standard,0-10 cm,0-11.2 cm
KansasState,mean,Ref,KeN2-3,KeN2-3-2,2,esm1,-11.4,-35.1,44.9445055364409,standard,10-30 cm,11.4-35.1 cm
KansasState,mean,Ref,KeN2-3,KeN2-3-2,2,esm2,-11.2048064881098,-35.3181235462496,46.3654349353464,standard,10-30 cm,11.2-35.3 cm
KansasState,mean,Ref,KeN2-3,KeN2-3-3,3,esm1,-35.1,-58.1,32.8046333103096,standard,30-50 cm,35.1-58.1 cm
KansasState,mean,Ref,KeN2-3,KeN2-3-3,3,esm2,-35.3181235462496,-58.3248867279955,32.2314768236912,standard,30-50 cm,35.3-58.3 cm
KansasState,mean,Ref,KeN2-3,KeN2-3-4,4,esm1,-58.1,-81.9,23.8151978327196,standard,50-75 cm,58.1-81.9 cm
KansasState,mean,Ref,KeN2-3,KeN2-3-4,4,esm2,-58.3248867279955,-81.9638714579862,23.1466943677806,standard,50-75 cm,58.3-82 cm
KansasState,mean,Ref,KeN2-3,KeN2-3-5,5,esm1,-81.9,-105.8,20.0920531154988,standard,75-100 cm,81.9-105.8 cm
KansasState,mean,Ref,KeN2-3,KeN2-3-5,5,esm2,-81.9638714579862,-106.503317995322,21.1799759288711,standard,75-100 cm,82-106.5 cm
KansasState,mean,Ref,KeN3-1,KeN3-1-1,1,esm1,0,-9.5,26.37620263764,standard,0-10 cm,0-9.5 cm
KansasState,mean,Ref,KeN3-1,KeN3-1-1,1,esm2,0,-9.58011525023417,26.7886913018145,standard,0-10 cm,0-9.6 cm
KansasState,mean,Ref,KeN3-1,KeN3-1-2,2,esm1,-9.5,-29.4,25.9502464153882,standard,10-30 cm,9.5-29.4 cm
KansasState,mean,Ref,KeN3-1,KeN3-1-2,2,esm2,-9.58011525023417,-29.6415337623924,24.5822728860593,standard,10-30 cm,9.6-29.6 cm
KansasState,mean,Ref,KeN3-1,KeN3-1-3,3,esm1,-29.4,-48.6,17.5796389653918,standard,30-50 cm,29.4-48.6 cm
KansasState,mean,Ref,KeN3-1,KeN3-1-3,3,esm2,-29.6415337623924,-48.4784939537157,18.9209973384898,standard,30-50 cm,29.6-48.5 cm
KansasState,mean,Ref,KeN3-1,KeN3-1-4,4,esm1,-48.6,-74.1,21.2609623810543,standard,50-75 cm,48.6-74.1 cm
KansasState,mean,Ref,KeN3-1,KeN3-1-4,4,esm2,-48.4784939537157,-74.0574637415768,20.2224469465727,standard,50-75 cm,48.5-74.1 cm
KansasState,mean,Ref,KeN3-1,KeN3-1-5,5,esm1,-74.1,-98.2,24.3822269595351,standard,75-100 cm,74.1-98.2 cm
KansasState,mean,Ref,KeN3-1,KeN3-1-5,5,esm2,-74.0574637415768,-98.514505033341507,25.0627298080055,standard,75-100 cm,74.1-98.5 cm
KansasState,mean,Ref,KeN3-2,KeN3-2-1,1,esm1,0,-11.5,20.28475221018,standard,0-10 cm,0-11.5 cm
KansasState,mean,Ref,KeN3-2,KeN3-2-1,1,esm2,0,-11.3095376429314,20.1092778925864,standard,0-10 cm,0-11.3 cm
KansasState,mean,Ref,KeN3-2,KeN3-2-2,2,esm1,-11.5,-30.7,23.653007702829,standard,10-30 cm,11.5-30.7 cm
KansasState,mean,Ref,KeN3-2,KeN3-2-2,2,esm2,-11.3095376429314,-30.9788998635317,25.2189228148947,standard,10-30 cm,11.3-31 cm
KansasState,mean,Ref,KeN3-2,KeN3-2-3,3,esm1,-30.7,-49.7,16.419374467943,standard,30-50 cm,30.7-49.7 cm
KansasState,mean,Ref,KeN3-2,KeN3-2-3,3,esm2,-30.9788998635317,-49.7386175130059,14.8565688542712,standard,30-50 cm,31-49.7 cm
KansasState,mean,Ref,KeN3-2,KeN3-2-4,4,esm1,-49.7,-72.8,18.3556699308412,standard,50-75 cm,49.7-72.8 cm
KansasState,mean,Ref,KeN3-2,KeN3-2-4,4,esm2,-49.7386175130059,-72.889304159733,18.4575442967686,standard,50-75 cm,49.7-72.9 cm
KansasState,mean,Ref,KeN3-2,KeN3-2-5,5,esm1,-72.8,-95,23.7091206887364,standard,75-100 cm,72.8-95 cm
KansasState,mean,Ref,KeN3-2,KeN3-2-5,5,esm2,-72.889304159733,-94.8486519625395,23.0750147846913,standard,75-100 cm,72.9-94.8 cm
KansasState,mean,Ref,KeN3-3,KeN3-3-1,1,esm1,0,-11.7,20.177174780706,standard,0-10 cm,0-11.7 cm
KansasState,mean,Ref,KeN3-3,KeN3-3-1,1,esm2,0,-11.7313277755829,20.3930070539575,standard,0-10 cm,0-11.7 cm
KansasState,mean,Ref,KeN3-3,KeN3-3-2,2,esm1,-11.7,-31.5,22.5455503655141,standard,10-30 cm,11.7-31.5 cm
KansasState,mean,Ref,KeN3-3,KeN3-3-2,2,esm2,-11.7313277755829,-31.5293838356759,22.8545306115092,standard,10-30 cm,11.7-31.5 cm
KansasState,mean,Ref,KeN3-3,KeN3-3-3,3,esm1,-31.5,-51.5,18.2095434699503,standard,30-50 cm,31.5-51.5 cm
KansasState,mean,Ref,KeN3-3,KeN3-3-3,3,esm2,-31.5293838356759,-51.7037669398444,17.1806990561287,standard,30-50 cm,31.5-51.7 cm
KansasState,mean,Ref,KeN3-3,KeN3-3-4,4,esm1,-51.5,-75.6,25.2948441205389,standard,50-75 cm,51.5-75.6 cm
KansasState,mean,Ref,KeN3-3,KeN3-3-4,4,esm2,-51.7037669398444,-75.5963225258865,25.903729205549,standard,50-75 cm,51.7-75.6 cm
KansasState,mean,Ref,KeN3-3,KeN3-3-5,5,esm1,-75.6,-101.2,21.3688804662309,standard,75-100 cm,75.6-101.2 cm
KansasState,mean,Ref,KeN3-3,KeN3-3-5,5,esm2,-75.5963225258865,-101.375658930235,20.8637842546929,standard,75-100 cm,75.6-101.4 cm
KansasState,min,BAU,KeC1-1,KeC1-1-1,1,esm1,0,-7.5,18.7943483135,standard,0-10 cm,0-7.5 cm
KansasState,min,BAU,KeC1-1,KeC1-1-1,1,esm2,0,-7.57309490721129,19.022375535153,standard,0-10 cm,0-7.6 cm
KansasState,min,BAU,KeC1-1,KeC1-1-2,2,esm1,-7.5,-22,31.2699669491199,standard,10-30 cm,7.5-22 cm
KansasState,min,BAU,KeC1-1,KeC1-1-2,2,esm2,-7.57309490721129,-22.0126915415778,31.3939240103455,standard,10-30 cm,7.6-22 cm
KansasState,min,BAU,KeC1-1,KeC1-1-3,3,esm1,-22,-38.3,23.3496643182377,standard,30-50 cm,22-38.3 cm
KansasState,min,BAU,KeC1-1,KeC1-1-3,3,esm2,-22.0126915415778,-38.3592117141897,23.4898001414366,standard,30-50 cm,22-38.4 cm
KansasState,min,BAU,KeC1-1,KeC1-1-4,4,esm1,-38.3,-57.7,19.3349993840508,standard,50-75 cm,38.3-57.7 cm
KansasState,min,BAU,KeC1-1,KeC1-1-4,4,esm2,-38.3592117141897,-57.7586712522726,18.7686781901904,standard,50-75 cm,38.4-57.8 cm
KansasState,min,BAU,KeC1-1,KeC1-1-5,5,esm1,-57.7,-76.4,17.4242320161317,standard,75-100 cm,57.7-76.4 cm
KansasState,min,BAU,KeC1-1,KeC1-1-5,5,esm2,-57.7586712522726,-76.1420757803682,17.4345036275067,standard,75-100 cm,57.8-76.1 cm
KansasState,min,BAU,KeC1-2,KeC1-2-1,1,esm1,0,-7.1,18.115218743958,standard,0-10 cm,0-7.1 cm
KansasState,min,BAU,KeC1-2,KeC1-2-1,1,esm2,0,-7.12291124112498,18.4316586305634,standard,0-10 cm,0-7.1 cm
KansasState,min,BAU,KeC1-2,KeC1-2-2,2,esm1,-7.1,-21.5,23.8904126842419,standard,10-30 cm,7.1-21.5 cm
KansasState,min,BAU,KeC1-2,KeC1-2-2,2,esm2,-7.12291124112498,-21.5061532329989,24.7147634034341,standard,10-30 cm,7.1-21.5 cm
KansasState,min,BAU,KeC1-2,KeC1-2-3,3,esm1,-21.5,-37.4,17.1858387518623,standard,30-50 cm,21.5-37.4 cm
KansasState,min,BAU,KeC1-2,KeC1-2-3,3,esm2,-21.5061532329989,-37.4188967862823,16.1838286295896,standard,30-50 cm,21.5-37.4 cm
KansasState,min,BAU,KeC1-2,KeC1-2-4,4,esm1,-37.4,-57,15.3485403002673,standard,50-75 cm,37.4-57 cm
KansasState,min,BAU,KeC1-2,KeC1-2-4,4,esm2,-37.4188967862823,-56.9474156413127,15.2321651839017,standard,50-75 cm,37.4-56.9 cm
KansasState,min,BAU,KeC1-2,KeC1-2-5,5,esm1,-57,-77.9,16.0960474290208,standard,75-100 cm,57-77.9 cm
KansasState,min,BAU,KeC1-2,KeC1-2-5,5,esm2,-56.9474156413127,-77.9902550755811,16.1430341500985,standard,75-100 cm,56.9-78 cm
KansasState,min,BAU,KeC1-3,KeC1-3-1,1,esm1,0,-8.5,17.85050476773,standard,0-10 cm,0-8.5 cm
KansasState,min,BAU,KeC1-3,KeC1-3-1,1,esm2,0,-8.56973287583223,18.0720735301977,standard,0-10 cm,0-8.6 cm
KansasState,min,BAU,KeC1-3,KeC1-3-2,2,esm1,-8.5,-24.4,26.9256619782942,standard,10-30 cm,8.5-24.4 cm
KansasState,min,BAU,KeC1-3,KeC1-3-2,2,esm2,-8.56973287583223,-24.4597544562408,26.874439239595,standard,10-30 cm,8.6-24.5 cm
KansasState,min,BAU,KeC1-3,KeC1-3-3,3,esm1,-24.4,-41.2,18.1007572229443,standard,30-50 cm,24.4-41.2 cm
KansasState,min,BAU,KeC1-3,KeC1-3-3,3,esm2,-24.4597544562408,-41.2522126585981,18.2927275110714,standard,30-50 cm,24.5-41.3 cm
KansasState,min,BAU,KeC1-3,KeC1-3-4,4,esm1,-41.2,-61.3,16.589708954244198,standard,50-75 cm,41.2-61.3 cm
KansasState,min,BAU,KeC1-3,KeC1-3-4,4,esm2,-41.2522126585981,-61.3707613121239,16.2731219759746,standard,50-75 cm,41.3-61.4 cm
KansasState,min,BAU,KeC1-3,KeC1-3-5,5,esm1,-61.3,-81.1,16.3765308990398,standard,75-100 cm,61.3-81.1 cm
KansasState,min,BAU,KeC1-3,KeC1-3-5,5,esm2,-61.3707613121239,-81.1227896577928,16.3386573922394,standard,75-100 cm,61.4-81.1 cm
KansasState,min,BAU,KeC2-1,KeC2-1-1,1,esm1,0,-8.8,18.568024411446,standard,0-10 cm,0-8.8 cm
KansasState,min,BAU,KeC2-1,KeC2-1-1,1,esm2,0,-8.9471433292972,18.9767052890895,standard,0-10 cm,0-8.9 cm
KansasState,min,BAU,KeC2-1,KeC2-1-2,2,esm1,-8.8,-24.2,22.9866049780482,standard,10-30 cm,8.8-24.2 cm
KansasState,min,BAU,KeC2-1,KeC2-1-2,2,esm2,-8.9471433292972,-24.3004182172452,23.2231462516393,standard,10-30 cm,8.9-24.3 cm
KansasState,min,BAU,KeC2-1,KeC2-1-3,3,esm1,-24.2,-40,15.4289356336165,standard,30-50 cm,24.2-40 cm
KansasState,min,BAU,KeC2-1,KeC2-1-3,3,esm2,-24.3004182172452,-40.0963140072142,15.0915584916253,standard,30-50 cm,24.3-40.1 cm
KansasState,min,BAU,KeC2-1,KeC2-1-4,4,esm1,-40,-58.9,20.5157538557906,standard,50-75 cm,40-58.9 cm
KansasState,min,BAU,KeC2-1,KeC2-1-4,4,esm2,-40.0963140072142,-58.9084456953702,20.106440238749,standard,50-75 cm,40.1-58.9 cm
KansasState,min,BAU,KeC2-1,KeC2-1-5,5,esm1,-58.9,-78.3,23.6729054977868,standard,75-100 cm,58.9-78.3 cm
KansasState,min,BAU,KeC2-1,KeC2-1-5,5,esm2,-58.9084456953702,-78.2151309750699,24.4078941607081,standard,75-100 cm,58.9-78.2 cm
KansasState,min,BAU,KeC2-2,KeC2-2-1,1,esm1,0,-6.5,19.2392332182,standard,0-10 cm,0-6.5 cm
KansasState,min,BAU,KeC2-2,KeC2-2-1,1,esm2,0,-6.54104287918729,19.6589245820554,standard,0-10 cm,0-6.5 cm
KansasState,min,BAU,KeC2-2,KeC2-2-2,2,esm1,-6.5,-19.5,25.3147818748749,standard,10-30 cm,6.5-19.5 cm
KansasState,min,BAU,KeC2-2,KeC2-2-2,2,esm2,-6.54104287918729,-19.3560364807887,25.5270014472087,standard,10-30 cm,6.5-19.4 cm
KansasState,min,BAU,KeC2-2,KeC2-2-3,3,esm1,-19.5,-35.5,21.3680132781249,standard,30-50 cm,19.5-35.5 cm
KansasState,min,BAU,KeC2-2,KeC2-2-3,3,esm2,-19.3560364807887,-35.5202260078849,21.2810498519755,standard,30-50 cm,19.4-35.5 cm
KansasState,min,BAU,KeC2-2,KeC2-2-4,4,esm1,-35.5,-55.2,21.2330951072451,standard,50-75 cm,35.5-55.2 cm
KansasState,min,BAU,KeC2-2,KeC2-2-4,4,esm2,-35.5202260078849,-55.2009251400257,20.7234087610808,standard,50-75 cm,35.5-55.2 cm
KansasState,min,BAU,KeC2-2,KeC2-2-5,5,esm1,-55.2,-75.6,19.1382198740646,standard,75-100 cm,55.2-75.6 cm
KansasState,min,BAU,KeC2-2,KeC2-2-5,5,esm2,-55.2009251400257,-75.7188690567732,19.2232321414789,standard,75-100 cm,55.2-75.7 cm
KansasState,min,BAU,KeC2-3,KeC2-3-1,1,esm1,0,-7.3,17.040712518338,standard,0-10 cm,0-7.3 cm
KansasState,min,BAU,KeC2-3,KeC2-3-1,1,esm2,0,-7.44048008343158,17.5349927640888,standard,0-10 cm,0-7.4 cm
KansasState,min,BAU,KeC2-3,KeC2-3-2,2,esm1,-7.3,-21.1,24.0161954124329,standard,10-30 cm,7.3-21.1 cm
KansasState,min,BAU,KeC2-3,KeC2-3-2,2,esm2,-7.44048008343158,-20.9748530355377,24.5195600882179,standard,10-30 cm,7.4-21 cm
KansasState,min,BAU,KeC2-3,KeC2-3-3,3,esm1,-21.1,-37.1,20.7535333393286,standard,30-50 cm,21.1-37.1 cm
KansasState,min,BAU,KeC2-3,KeC2-3-3,3,esm2,-20.9748530355377,-37.1646652767054,19.9122974140835,standard,30-50 cm,21-37.2 cm
KansasState,min,BAU,KeC2-3,KeC2-3-4,4,esm1,-37.1,-56.3,26.2160172537025,standard,50-75 cm,37.1-56.3 cm
KansasState,min,BAU,KeC2-3,KeC2-3-4,4,esm2,-37.1646652767054,-56.3594841735047,25.7282381416044,standard,50-75 cm,37.2-56.4 cm
KansasState,min,BAU,KeC2-3,KeC2-3-5,5,esm1,-56.3,-75.2,31.6506796690971,standard,75-100 cm,56.3-75.2 cm
KansasState,min,BAU,KeC2-3,KeC2-3-5,5,esm2,-56.3594841735047,-75.1809017587798,32.4101281182586,standard,75-100 cm,56.4-75.2 cm
KansasState,min,BAU,KeC3-1,KeC3-1-1,1,esm1,0,-6.7,34.2892747736,standard,0-10 cm,0-6.7 cm
KansasState,min,BAU,KeC3-1,KeC3-1-1,1,esm2,0,-6.71922746109595,35.2080107331634,standard,0-10 cm,0-6.7 cm
KansasState,min,BAU,KeC3-1,KeC3-1-2,2,esm1,-6.7,-20.9,30.49562760288,standard,10-30 cm,6.7-20.9 cm
KansasState,min,BAU,KeC3-1,KeC3-1-2,2,esm2,-6.71922746109595,-20.8715021068595,31.546646210432,standard,10-30 cm,6.7-20.9 cm
KansasState,min,BAU,KeC3-1,KeC3-1-3,3,esm1,-20.9,-37.2,15.6217257715685,standard,30-50 cm,20.9-37.2 cm
KansasState,min,BAU,KeC3-1,KeC3-1-3,3,esm2,-20.8715021068595,-37.2359578387874,13.6313243112926,standard,30-50 cm,20.9-37.2 cm
KansasState,min,BAU,KeC3-1,KeC3-1-4,4,esm1,-37.2,-58.5,14.2220136623521,standard,50-75 cm,37.2-58.5 cm
KansasState,min,BAU,KeC3-1,KeC3-1-4,4,esm2,-37.2359578387874,-58.5993722443501,14.059332940243,standard,50-75 cm,37.2-58.6 cm
KansasState,min,BAU,KeC3-1,KeC3-1-5,5,esm1,-58.5,-77.7,15.6440856908671,standard,75-100 cm,58.5-77.7 cm
KansasState,min,BAU,KeC3-1,KeC3-1-5,5,esm2,-58.5993722443501,-77.6991979788097,15.9858886275571,standard,75-100 cm,58.6-77.7 cm
KansasState,min,BAU,KeC3-2,KeC3-2-1,1,esm1,0,-6.9,10.45936076586,standard,0-10 cm,0-6.9 cm
KansasState,min,BAU,KeC3-2,KeC3-2-1,1,esm2,0,-6.88163264187015,10.6381062003537,standard,0-10 cm,0-6.9 cm
KansasState,min,BAU,KeC3-2,KeC3-2-2,2,esm1,-6.9,-20.6,14.590166744484,standard,10-30 cm,6.9-20.6 cm
KansasState,min,BAU,KeC3-2,KeC3-2-2,2,esm2,-6.88163264187015,-20.7535524674185,14.2945852759327,standard,10-30 cm,6.9-20.8 cm
KansasState,min,BAU,KeC3-2,KeC3-2-3,3,esm1,-20.6,-35.4,16.5785890107759,standard,30-50 cm,20.6-35.4 cm
KansasState,min,BAU,KeC3-2,KeC3-2-3,3,esm2,-20.7535524674185,-35.4377625953756,16.8053572033194,standard,30-50 cm,20.8-35.4 cm
KansasState,min,BAU,KeC3-2,KeC3-2-4,4,esm1,-35.4,-55.8,20.4492122034395,standard,50-75 cm,35.4-55.8 cm
KansasState,min,BAU,KeC3-2,KeC3-2-4,4,esm2,-35.4377625953756,-55.8613314707393,20.5703025038366,standard,50-75 cm,35.4-55.9 cm
KansasState,min,BAU,KeC3-2,KeC3-2-5,5,esm1,-55.8,-75.2,11.4628791310191,standard,75-100 cm,55.8-75.2 cm
KansasState,min,BAU,KeC3-2,KeC3-2-5,5,esm2,-55.8613314707393,-75.3610030307635,12.3794803189877,standard,75-100 cm,55.9-75.4 cm
KansasState,min,BAU,KeC3-3,KeC3-3-1,1,esm1,0,-7.3,10.568686866244,standard,0-10 cm,0-7.3 cm
KansasState,min,BAU,KeC3-3,KeC3-3-1,1,esm2,0,-7.35459225101622,10.7800321303782,standard,0-10 cm,0-7.4 cm
KansasState,min,BAU,KeC3-3,KeC3-3-2,2,esm1,-7.3,-21.8,17.70366317501,standard,10-30 cm,7.3-21.8 cm
KansasState,min,BAU,KeC3-3,KeC3-3-2,2,esm2,-7.35459225101622,-22.0024501585707,17.4074036061568,standard,10-30 cm,7.4-22 cm
KansasState,min,BAU,KeC3-3,KeC3-3-3,3,esm1,-21.8,-36.9,19.8606472172843,standard,30-50 cm,21.8-36.9 cm
KansasState,min,BAU,KeC3-3,KeC3-3-3,3,esm2,-22.0024501585707,-36.8674376891547,20.4921507978504,standard,30-50 cm,22-36.9 cm
KansasState,min,BAU,KeC3-3,KeC3-3-4,4,esm1,-36.9,-56.7,16.9933855059366,standard,50-75 cm,36.9-56.7 cm
KansasState,min,BAU,KeC3-3,KeC3-3-4,4,esm2,-36.8674376891547,-56.7844332116583,16.5503758726564,standard,50-75 cm,36.9-56.8 cm
KansasState,min,BAU,KeC3-3,KeC3-3-5,5,esm1,-56.7,-76.1,9.26282002336526,standard,75-100 cm,56.7-76.1 cm
KansasState,min,BAU,KeC3-3,KeC3-3-5,5,esm2,-56.7844332116583,-76.1610572779827,9.17638600604404,standard,75-100 cm,56.8-76.2 cm
KansasState,min,SHM,KeCF1-1,KeCF1-1-1,1,esm1,0,-6.3,16.14112770302,standard,0-10 cm,0-6.3 cm
KansasState,min,SHM,KeCF1-1,KeCF1-1-1,1,esm2,0,-6.28677446666918,16.4038282276704,standard,0-10 cm,0-6.3 cm
KansasState,min,SHM,KeCF1-1,KeCF1-1-2,2,esm1,-6.3,-20,17.2452935078198,standard,10-30 cm,6.3-20 cm
KansasState,min,SHM,KeCF1-1,KeCF1-1-2,2,esm2,-6.28677446666918,-20.1099946880974,17.4089953900439,standard,10-30 cm,6.3-20.1 cm
KansasState,min,SHM,KeCF1-1,KeCF1-1-3,3,esm1,-20,-34.2,12.5322642557921,standard,30-50 cm,20-34.2 cm
KansasState,min,SHM,KeCF1-1,KeCF1-1-3,3,esm2,-20.1099946880974,-34.1569542405141,12.0009445173055,standard,30-50 cm,20.1-34.2 cm
KansasState,min,SHM,KeCF1-1,KeCF1-1-4,4,esm1,-34.2,-55.7,18.196762564752,standard,50-75 cm,34.2-55.7 cm
KansasState,min,SHM,KeCF1-1,KeCF1-1-4,4,esm2,-34.1569542405141,-55.4024915140232,18.2117333545279,standard,50-75 cm,34.2-55.4 cm
KansasState,min,SHM,KeCF1-1,KeCF1-1-5,5,esm1,-55.7,-77.7,13.7395080822127,standard,75-100 cm,55.7-77.7 cm
KansasState,min,SHM,KeCF1-1,KeCF1-1-5,5,esm2,-55.4024915140232,-79.2325854337862,17.4274988859098,standard,75-100 cm,55.4-79.2 cm
KansasState,min,SHM,KeCF1-2,KeCF1-2-1,1,esm1,0,-7,14.4220759381,standard,0-10 cm,0-7 cm
KansasState,min,SHM,KeCF1-2,KeCF1-2-1,1,esm2,0,-7.07432459597104,14.7951121282634,standard,0-10 cm,0-7.1 cm
KansasState,min,SHM,KeCF1-2,KeCF1-2-2,2,esm1,-7,-20.4,16.96001835552,standard,10-30 cm,7-20.4 cm
KansasState,min,SHM,KeCF1-2,KeCF1-2-2,2,esm2,-7.07432459597104,-20.2684253191957,16.9662231197182,standard,10-30 cm,7.1-20.3 cm
KansasState,min,SHM,KeCF1-2,KeCF1-2-3,3,esm1,-20.4,-37,12.50392391923,standard,30-50 cm,20.4-37 cm
KansasState,min,SHM,KeCF1-2,KeCF1-2-3,3,esm2,-20.2684253191957,-36.9347430926517,12.1352290166576,standard,30-50 cm,20.3-36.9 cm
KansasState,min,SHM,KeCF1-2,KeCF1-2-4,4,esm1,-37,-60.4,13.9641062437146,standard,50-75 cm,37-60.4 cm
KansasState,min,SHM,KeCF1-2,KeCF1-2-4,4,esm2,-36.9347430926517,-60.1290971861471,14.0445113219086,standard,50-75 cm,36.9-60.1 cm
KansasState,min,SHM,KeCF1-2,KeCF1-2-5,5,esm1,-60.4,-84.3,12.8832649708457,standard,75-100 cm,60.4-84.3 cm
KansasState,min,SHM,KeCF1-2,KeCF1-2-5,5,esm2,-60.1290971861471,-85.9844522229273,12.9915389404476,standard,75-100 cm,60.1-86 cm
KansasState,min,SHM,KeCF1-3,KeCF1-3-1,1,esm1,0,-8,14.54002787496,standard,0-10 cm,0-8 cm
KansasState,min,SHM,KeCF1-3,KeCF1-3-1,1,esm2,0,-8.00072663263493,14.7571286142072,standard,0-10 cm,0-8 cm
KansasState,min,SHM,KeCF1-3,KeCF1-3-2,2,esm1,-8,-23.7,19.7676468161601,standard,10-30 cm,8-23.7 cm
KansasState,min,SHM,KeCF1-3,KeCF1-3-2,2,esm2,-8.00072663263493,-24.5446966090935,21.7834936343463,standard,10-30 cm,8-24.5 cm
KansasState,min,SHM,KeCF1-3,KeCF1-3-3,3,esm1,-23.7,-39.5,16.6613519784003,standard,30-50 cm,23.7-39.5 cm
KansasState,min,SHM,KeCF1-3,KeCF1-3-3,3,esm2,-24.5446966090935,-39.9392696092786,16.1481713324742,standard,30-50 cm,24.5-39.9 cm
KansasState,min,SHM,KeCF1-3,KeCF1-3-4,4,esm1,-39.5,-59.8,16.8078108981177,standard,50-75 cm,39.5-59.8 cm
KansasState,min,SHM,KeCF1-3,KeCF1-3-4,4,esm2,-39.9392696092786,-59.7022046208489,15.5209030803266,standard,50-75 cm,39.9-59.7 cm
KansasState,min,SHM,KeCF1-3,KeCF1-3-5,5,esm1,-59.8,-79.6,14.1675247368834,standard,75-100 cm,59.8-79.6 cm
KansasState,min,SHM,KeCF1-3,KeCF1-3-5,5,esm2,-59.7022046208489,-79.8670634850589,13.9039806454659,standard,75-100 cm,59.7-79.9 cm
KansasState,min,SHM,KeCF3-1,KeCF3-1-1,1,esm1,0,-6.9,14.962589613825,standard,0-10 cm,0-6.9 cm
KansasState,min,SHM,KeCF3-1,KeCF3-1-1,1,esm2,0,-6.96462739203229,15.4220019829192,standard,0-10 cm,0-7 cm
KansasState,min,SHM,KeCF3-1,KeCF3-1-2,2,esm1,-6.9,-20.5,17.4146971426051,standard,10-30 cm,6.9-20.5 cm
KansasState,min,SHM,KeCF3-1,KeCF3-1-2,2,esm2,-6.96462739203229,-20.5616092748564,17.157447389821,standard,10-30 cm,7-20.6 cm
KansasState,min,SHM,KeCF3-1,KeCF3-1-3,3,esm1,-20.5,-35.8,15.6218905130864,standard,30-50 cm,20.5-35.8 cm
KansasState,min,SHM,KeCF3-1,KeCF3-1-3,3,esm2,-20.5616092748564,-35.745048450798,15.8654638760676,standard,30-50 cm,20.6-35.7 cm
KansasState,min,SHM,KeCF3-1,KeCF3-1-4,4,esm1,-35.8,-55.6,15.8960052565438,standard,50-75 cm,35.8-55.6 cm
KansasState,min,SHM,KeCF3-1,KeCF3-1-4,4,esm2,-35.745048450798,-55.6931481863793,15.5743175875971,standard,50-75 cm,35.7-55.7 cm
KansasState,min,SHM,KeCF3-1,KeCF3-1-5,5,esm1,-55.6,-74.3,12.3787873744966,standard,75-100 cm,55.6-74.3 cm
KansasState,min,SHM,KeCF3-1,KeCF3-1-5,5,esm2,-55.6931481863793,-74.2922579298585,12.2862547941271,standard,75-100 cm,55.7-74.3 cm
KansasState,min,SHM,KeCF3-2,KeCF3-2-1,1,esm1,0,-8.3,11.831260234992,standard,0-10 cm,0-8.3 cm
KansasState,min,SHM,KeCF3-2,KeCF3-2-1,1,esm2,0,-8.58579603421407,12.1645005716301,standard,0-10 cm,0-8.6 cm
KansasState,min,SHM,KeCF3-2,KeCF3-2-2,2,esm1,-8.3,-22,19.6440472094781,standard,10-30 cm,8.3-22 cm
KansasState,min,SHM,KeCF3-2,KeCF3-2-2,2,esm2,-8.58579603421407,-21.9793618118423,19.6153264392406,standard,10-30 cm,8.6-22 cm
KansasState,min,SHM,KeCF3-2,KeCF3-2-3,3,esm1,-22,-39,13.5297819262201,standard,30-50 cm,22-39 cm
KansasState,min,SHM,KeCF3-2,KeCF3-2-3,3,esm2,-21.9793618118423,-39.1762867630252,13.2071019709785,standard,30-50 cm,22-39.2 cm
KansasState,min,SHM,KeCF3-2,KeCF3-2-4,4,esm1,-39,-58.7,14.605917771794,standard,50-75 cm,39-58.7 cm
KansasState,min,SHM,KeCF3-2,KeCF3-2-4,4,esm2,-39.1762867630252,-58.4921458605882,14.5215884055677,standard,50-75 cm,39.2-58.5 cm
KansasState,min,SHM,KeCF3-2,KeCF3-2-5,5,esm1,-58.7,-79.2,15.6160192354982,standard,75-100 cm,58.7-79.2 cm
KansasState,min,SHM,KeCF3-2,KeCF3-2-5,5,esm2,-58.4921458605882,-79.3585312252954,15.0800602851655,standard,75-100 cm,58.5-79.4 cm
KansasState,min,SHM,KeCF3-3,KeCF3-3-1,1,esm1,0,-7.4,12.608704721046,standard,0-10 cm,0-7.4 cm
KansasState,min,SHM,KeCF3-3,KeCF3-3-1,1,esm2,0,-7.1611811624575,13.0506783266162,standard,0-10 cm,0-7.2 cm
KansasState,min,SHM,KeCF3-3,KeCF3-3-2,2,esm1,-7.4,-26,14.518128833854,standard,10-30 cm,7.4-26 cm
KansasState,min,SHM,KeCF3-3,KeCF3-3-2,2,esm2,-7.1611811624575,-27.5864150293592,14.6284216161387,standard,10-30 cm,7.2-27.6 cm
KansasState,min,SHM,KeCF3-3,KeCF3-3-3,3,esm1,-26,-42.4,11.972373786586,standard,30-50 cm,26-42.4 cm
KansasState,min,SHM,KeCF3-3,KeCF3-3-3,3,esm2,-27.5864150293592,-42.1164809327823,11.2910717494505,standard,30-50 cm,27.6-42.1 cm
KansasState,min,SHM,KeCF3-3,KeCF3-3-4,4,esm1,-42.4,-62.8,17.0195936878083,standard,50-75 cm,42.4-62.8 cm
KansasState,min,SHM,KeCF3-3,KeCF3-3-4,4,esm2,-42.1164809327823,-63.0741828173492,16.4872776932623,standard,50-75 cm,42.1-63.1 cm
KansasState,min,SHM,KeCF3-3,KeCF3-3-5,5,esm1,-62.8,-82.6,18.2717151027842,standard,75-100 cm,62.8-82.6 cm
KansasState,min,SHM,KeCF3-3,KeCF3-3-5,5,esm2,-63.0741828173492,-82.6628463753734,18.9985005126879,standard,75-100 cm,63.1-82.7 cm
KansasState,min,Ref,KeN1-1,KeN1-1-1,1,esm1,0,-7.6,24.910767709028,standard,0-10 cm,0-7.6 cm
KansasState,min,Ref,KeN1-1,KeN1-1-1,1,esm2,0,-7.48844261036199,25.6409366538232,standard,0-10 cm,0-7.5 cm
KansasState,min,Ref,KeN1-1,KeN1-1-2,2,esm1,-7.6,-27.6,29.1933901776561,standard,10-30 cm,7.6-27.6 cm
KansasState,min,Ref,KeN1-1,KeN1-1-2,2,esm2,-7.48844261036199,-29.2122081763535,30.3627577266129,standard,10-30 cm,7.5-29.2 cm
KansasState,min,Ref,KeN1-1,KeN1-1-3,3,esm1,-27.6,-44.8,21.3282332943995,standard,30-50 cm,27.6-44.8 cm
KansasState,min,Ref,KeN1-1,KeN1-1-3,3,esm2,-29.2122081763535,-44.7018798504892,19.5136541562453,standard,30-50 cm,29.2-44.7 cm
KansasState,min,Ref,KeN1-1,KeN1-1-4,4,esm1,-44.8,-65.8,17.7022624186804,standard,50-75 cm,44.8-65.8 cm
KansasState,min,Ref,KeN1-1,KeN1-1-4,4,esm2,-44.7018798504892,-65.4264614076975,17.4684831688882,standard,50-75 cm,44.7-65.4 cm
KansasState,min,Ref,KeN1-1,KeN1-1-5,5,esm1,-65.8,-89.8,16.9901772139531,standard,75-100 cm,65.8-89.8 cm
KansasState,min,Ref,KeN1-1,KeN1-1-5,5,esm2,-65.4264614076975,-90.619337474773,18.6516894648353,standard,75-100 cm,65.4-90.6 cm
KansasState,min,Ref,KeN1-2,KeN1-2-1,1,esm1,0,-9.3,23.77319183592,standard,0-10 cm,0-9.3 cm
KansasState,min,Ref,KeN1-2,KeN1-2-1,1,esm2,0,-9.36086016864611,24.0299637104681,standard,0-10 cm,0-9.4 cm
KansasState,min,Ref,KeN1-2,KeN1-2-2,2,esm1,-9.3,-25.3,30.1630747067574,standard,10-30 cm,9.3-25.3 cm
KansasState,min,Ref,KeN1-2,KeN1-2-2,2,esm2,-9.36086016864611,-25.4286717648985,30.7543572783412,standard,10-30 cm,9.4-25.4 cm
KansasState,min,Ref,KeN1-2,KeN1-2-3,3,esm1,-25.3,-42.4,20.5449815802733,standard,30-50 cm,25.3-42.4 cm
KansasState,min,Ref,KeN1-2,KeN1-2-3,3,esm2,-25.4286717648985,-42.3806093663997,19.7288523616996,standard,30-50 cm,25.4-42.4 cm
KansasState,min,Ref,KeN1-2,KeN1-2-4,4,esm1,-42.4,-65.9,15.4257024713309,standard,50-75 cm,42.4-65.9 cm
KansasState,min,Ref,KeN1-2,KeN1-2-4,4,esm2,-42.3806093663997,-66.0184730977649,15.4490476394913,standard,50-75 cm,42.4-66 cm
KansasState,min,Ref,KeN1-2,KeN1-2-5,5,esm1,-65.9,-87.8,13.5660296708694,standard,75-100 cm,65.9-87.8 cm
KansasState,min,Ref,KeN1-2,KeN1-2-5,5,esm2,-66.0184730977649,-87.7646912591326,13.4655928015017,standard,75-100 cm,66-87.8 cm
KansasState,min,Ref,KeN1-3,KeN1-3-1,1,esm1,0,-9,23.7934936064301,standard,0-10 cm,0-9 cm
KansasState,min,Ref,KeN1-3,KeN1-3-1,1,esm2,0,-9.09251526751728,24.2912234614598,standard,0-10 cm,0-9.1 cm
KansasState,min,Ref,KeN1-3,KeN1-3-2,2,esm1,-9,-24.9,25.2630720210639,standard,10-30 cm,9-24.9 cm
KansasState,min,Ref,KeN1-3,KeN1-3-2,2,esm2,-9.09251526751728,-24.9460581469697,25.1414106755844,standard,10-30 cm,9.1-24.9 cm
KansasState,min,Ref,KeN1-3,KeN1-3-3,3,esm1,-24.9,-42.6,15.9714458174602,standard,30-50 cm,24.9-42.6 cm
KansasState,min,Ref,KeN1-3,KeN1-3-3,3,esm2,-24.9460581469697,-42.5266967710682,15.6178504645093,standard,30-50 cm,24.9-42.5 cm
KansasState,min,Ref,KeN1-3,KeN1-3-4,4,esm1,-42.6,-67.3,15.0643341726289,standard,50-75 cm,42.6-67.3 cm
KansasState,min,Ref,KeN1-3,KeN1-3-4,4,esm2,-42.5266967710682,-67.8062469373085,15.2231773858292,standard,50-75 cm,42.5-67.8 cm
KansasState,min,Ref,KeN1-3,KeN1-3-5,5,esm1,-67.3,-89.5,13.165804447128,standard,75-100 cm,67.3-89.5 cm
KansasState,min,Ref,KeN1-3,KeN1-3-5,5,esm2,-67.8062469373085,-88.9577057624333,13.3741022530515,standard,75-100 cm,67.8-89 cm
KansasState,min,Ref,KeN2-1,KeN2-1-1,1,esm1,0,-8.7,13.498246518386,standard,0-10 cm,0-8.7 cm
KansasState,min,Ref,KeN2-1,KeN2-1-1,1,esm2,0,-8.81601216421533,13.4840960764487,standard,0-10 cm,0-8.8 cm
KansasState,min,Ref,KeN2-1,KeN2-1-2,2,esm1,-8.7,-24.3,30.5271182441942,standard,10-30 cm,8.7-24.3 cm
KansasState,min,Ref,KeN2-1,KeN2-1-2,2,esm2,-8.81601216421533,-24.3426521342391,30.7049738334619,standard,10-30 cm,8.8-24.3 cm
KansasState,min,Ref,KeN2-1,KeN2-1-3,3,esm1,-24.3,-41.8,32.6988499228161,standard,30-50 cm,24.3-41.8 cm
KansasState,min,Ref,KeN2-1,KeN2-1-3,3,esm2,-24.3426521342391,-41.838361821547,32.9640562396424,standard,30-50 cm,24.3-41.8 cm
KansasState,min,Ref,KeN2-1,KeN2-1-4,4,esm1,-41.8,-63,25.8174049338242,standard,50-75 cm,41.8-63 cm
KansasState,min,Ref,KeN2-1,KeN2-1-4,4,esm2,-41.838361821547,-63.0979281581287,27.3804831004982,standard,50-75 cm,41.8-63.1 cm
KansasState,min,Ref,KeN2-1,KeN2-1-5,5,esm1,-63,-83.2,18.2597628128633,standard,75-100 cm,63-83.2 cm
KansasState,min,Ref,KeN2-1,KeN2-1-5,5,esm2,-63.0979281581287,-83.3875370958154,16.4614696662424,standard,75-100 cm,63.1-83.4 cm
KansasState,min,Ref,KeN2-2,KeN2-2-1,1,esm1,0,-9.9,27.809263463024,standard,0-10 cm,0-9.9 cm
KansasState,min,Ref,KeN2-2,KeN2-2-1,1,esm2,0,-10,28.0557681118,standard,0-10 cm,0-10 cm
KansasState,min,Ref,KeN2-2,KeN2-2-2,2,esm1,-9.9,-25,29.5274163295762,standard,10-30 cm,9.9-25 cm
KansasState,min,Ref,KeN2-2,KeN2-2-2,2,esm2,-10,-25.0930431046546,29.4268717469069,standard,10-30 cm,10-25.1 cm
KansasState,min,Ref,KeN2-2,KeN2-2-3,3,esm1,-25,-41.8,35.5321984005715,standard,30-50 cm,25-41.8 cm
KansasState,min,Ref,KeN2-2,KeN2-2-3,3,esm2,-25.0930431046546,-41.6426014389867,35.7149242570876,standard,30-50 cm,25.1-41.6 cm
KansasState,min,Ref,KeN2-2,KeN2-2-4,4,esm1,-41.8,-64,34.1263337154469,standard,50-75 cm,41.8-64 cm
KansasState,min,Ref,KeN2-2,KeN2-2-4,4,esm2,-41.6426014389867,-64.1401298606881,35.2820272067955,standard,50-75 cm,41.6-64.1 cm
KansasState,min,Ref,KeN2-2,KeN2-2-5,5,esm1,-64,-83.7,20.52975897039,standard,75-100 cm,64-83.7 cm
KansasState,min,Ref,KeN2-2,KeN2-2-5,5,esm2,-64.1401298606881,-84.1738127139746,20.3141807227494,standard,75-100 cm,64.1-84.2 cm
KansasState,min,Ref,KeN2-3,KeN2-3-1,1,esm1,0,-9.1,27.5795711319299,standard,0-10 cm,0-9.1 cm
KansasState,min,Ref,KeN2-3,KeN2-3-1,1,esm2,0,-9.27877579076323,28.3073559294869,standard,0-10 cm,0-9.3 cm
KansasState,min,Ref,KeN2-3,KeN2-3-2,2,esm1,-9.1,-26.2,35.905042849272,standard,10-30 cm,9.1-26.2 cm
KansasState,min,Ref,KeN2-3,KeN2-3-2,2,esm2,-9.27877579076323,-26.2310826890232,35.496968249652,standard,10-30 cm,9.3-26.2 cm
KansasState,min,Ref,KeN2-3,KeN2-3-3,3,esm1,-26.2,-46.6,32.4114542996579,standard,30-50 cm,26.2-46.6 cm
KansasState,min,Ref,KeN2-3,KeN2-3-3,3,esm2,-26.2310826890232,-46.7434437894012,32.4868192677062,standard,30-50 cm,26.2-46.7 cm
KansasState,min,Ref,KeN2-3,KeN2-3-4,4,esm1,-46.6,-67.7,24.4436499555608,standard,50-75 cm,46.6-67.7 cm
KansasState,min,Ref,KeN2-3,KeN2-3-4,4,esm2,-46.7434437894012,-68.1420880815263,25.9251380192942,standard,50-75 cm,46.7-68.1 cm
KansasState,min,Ref,KeN2-3,KeN2-3-5,5,esm1,-67.7,-87.1,18.5931291692891,standard,75-100 cm,67.7-87.1 cm
KansasState,min,Ref,KeN2-3,KeN2-3-5,5,esm2,-68.1420880815263,-86.9081671561194,16.4683791260022,standard,75-100 cm,68.1-86.9 cm
KansasState,min,Ref,KeN3-1,KeN3-1-1,1,esm1,0,-7.6,18.251304596492,standard,0-10 cm,0-7.6 cm
KansasState,min,Ref,KeN3-1,KeN3-1-1,1,esm2,0,-7.78390585334612,18.5127007311936,standard,0-10 cm,0-7.8 cm
KansasState,min,Ref,KeN3-1,KeN3-1-2,2,esm1,-7.6,-22.3,26.3136135644402,standard,10-30 cm,7.6-22.3 cm
KansasState,min,Ref,KeN3-1,KeN3-1-2,2,esm2,-7.78390585334612,-22.2886032596236,28.3146971591684,standard,10-30 cm,7.8-22.3 cm
KansasState,min,Ref,KeN3-1,KeN3-1-3,3,esm1,-22.3,-38.5,16.5269649751378,standard,30-50 cm,22.3-38.5 cm
KansasState,min,Ref,KeN3-1,KeN3-1-3,3,esm2,-22.2886032596236,-38.7396637221184,14.0205869949687,standard,30-50 cm,22.3-38.7 cm
KansasState,min,Ref,KeN3-1,KeN3-1-4,4,esm1,-38.5,-58,16.3840586492201,standard,50-75 cm,38.5-58 cm
KansasState,min,Ref,KeN3-1,KeN3-1-4,4,esm2,-38.7396637221184,-57.9669775362625,16.4994087843812,standard,50-75 cm,38.7-58 cm
KansasState,min,Ref,KeN3-1,KeN3-1-5,5,esm1,-58,-79.8,18.5382712912555,standard,75-100 cm,58-79.8 cm
KansasState,min,Ref,KeN3-1,KeN3-1-5,5,esm2,-57.9669775362625,-79.8910447293199,18.4491944252034,standard,75-100 cm,58-79.9 cm
KansasState,min,Ref,KeN3-2,KeN3-2-1,1,esm1,0,-9.4,17.233462649934,standard,0-10 cm,0-9.4 cm
KansasState,min,Ref,KeN3-2,KeN3-2-1,1,esm2,0,-9.55315826784197,17.5793434596905,standard,0-10 cm,0-9.6 cm
KansasState,min,Ref,KeN3-2,KeN3-2-2,2,esm1,-9.4,-23.9,20.111016457774,standard,10-30 cm,9.4-23.9 cm
KansasState,min,Ref,KeN3-2,KeN3-2-2,2,esm2,-9.55315826784197,-23.9204164450634,19.9612329309478,standard,10-30 cm,9.6-23.9 cm
KansasState,min,Ref,KeN3-2,KeN3-2-3,3,esm1,-23.9,-39.6,14.525082493844,standard,30-50 cm,23.9-39.6 cm
KansasState,min,Ref,KeN3-2,KeN3-2-3,3,esm2,-23.9204164450634,-39.8072040337656,15.2981528561352,standard,30-50 cm,23.9-39.8 cm
KansasState,min,Ref,KeN3-2,KeN3-2-4,4,esm1,-39.6,-59,15.7594187787379,standard,50-75 cm,39.6-59 cm
KansasState,min,Ref,KeN3-2,KeN3-2-4,4,esm2,-39.8072040337656,-59.1880519831051,14.5495094243081,standard,50-75 cm,39.8-59.2 cm
KansasState,min,Ref,KeN3-2,KeN3-2-5,5,esm1,-59,-77.5,15.5247934466392,standard,75-100 cm,59-77.5 cm
KansasState,min,Ref,KeN3-2,KeN3-2-5,5,esm2,-59.1880519831051,-77.5393983697066,15.4358419444339,standard,75-100 cm,59.2-77.5 cm
KansasState,min,Ref,KeN3-3,KeN3-3-1,1,esm1,0,-9.6,17.44593400161,standard,0-10 cm,0-9.6 cm
KansasState,min,Ref,KeN3-3,KeN3-3-1,1,esm2,0,-9.73819184583946,17.7195911279945,standard,0-10 cm,0-9.7 cm
KansasState,min,Ref,KeN3-3,KeN3-3-2,2,esm1,-9.6,-24.3,18.337940067864,standard,10-30 cm,9.6-24.3 cm
KansasState,min,Ref,KeN3-3,KeN3-3-2,2,esm2,-9.73819184583946,-24.2661712984248,18.303435909763,standard,10-30 cm,9.7-24.3 cm
KansasState,min,Ref,KeN3-3,KeN3-3-3,3,esm1,-24.3,-41.1,15.3749563271143,standard,30-50 cm,24.3-41.1 cm
KansasState,min,Ref,KeN3-3,KeN3-3-3,3,esm2,-24.2661712984248,-41.1536577119256,15.3387025210381,standard,30-50 cm,24.3-41.2 cm
KansasState,min,Ref,KeN3-3,KeN3-3-4,4,esm1,-41.1,-61.2,19.1178121961738,standard,50-75 cm,41.1-61.2 cm
KansasState,min,Ref,KeN3-3,KeN3-3-4,4,esm2,-41.1536577119256,-61.2978487311463,18.5227108547285,standard,50-75 cm,41.2-61.3 cm
KansasState,min,Ref,KeN3-3,KeN3-3-5,5,esm1,-61.2,-80.9,21.3839666153411,standard,75-100 cm,61.2-80.9 cm
KansasState,min,Ref,KeN3-3,KeN3-3-5,5,esm2,-61.2978487311463,-80.8263366602146,22.2470853110136,standard,75-100 cm,61.3-80.8 cm
NCState,max,BAU,CeC1-1,CeC1-1-1,1,esm1,0,-12.9,35.548306076569,standard,0-10 cm,0-12.9 cm
NCState,max,BAU,CeC1-1,CeC1-1-1,1,esm2,0,-12.9440208024746,39.3417221974697,standard,0-10 cm,0-12.9 cm
NCState,fd,BAU,CeC1-1,CeC1-1-1,1,fd,0,-10,27.09601992055,standard,0-10 cm,0-10 cm
NCState,max,BAU,CeC1-1,CeC1-1-2,2,esm1,-12.9,-41.5,38.3830626933213,standard,10-30 cm,12.9-41.5 cm
NCState,max,BAU,CeC1-1,CeC1-1-2,2,esm2,-12.9440208024746,-41.4993186115727,34.7409868692896,standard,10-30 cm,12.9-41.5 cm
NCState,fd,BAU,CeC1-1,CeC1-1-2,2,fd,-10,-30,37.373504804700005,standard,10-30 cm,10-30 cm
NCState,max,BAU,CeC1-1,CeC1-1-3,3,esm1,-41.5,-69.2,12.2434650107925,standard,30-50 cm,41.5-69.2 cm
NCState,max,BAU,CeC1-1,CeC1-1-3,3,esm2,-41.4993186115727,-69.2929672642995,12.085367490795,standard,30-50 cm,41.5-69.3 cm
NCState,fd,BAU,CeC1-1,CeC1-1-3,3,fd,-30,-50,13.34276186464,standard,30-50 cm,30-50 cm
NCState,max,BAU,CeC1-1,CeC1-1-4,4,esm1,-69.2,-96.5,16.7083660423676,standard,50-75 cm,69.2-96.5 cm
NCState,max,BAU,CeC1-1,CeC1-1-4,4,esm2,-69.2929672642995,-96.7937394494628,15.6468519400269,standard,50-75 cm,69.3-96.8 cm
NCState,fd,BAU,CeC1-1,CeC1-1-4,4,fd,-50,-75,11.91230993972,standard,50-75 cm,50-75 cm
NCState,max,BAU,CeC1-1,CeC1-1-5,5,esm1,-96.5,-125.6,17.8100165506556,standard,75-100 cm,96.5-125.6 cm
NCState,max,BAU,CeC1-1,CeC1-1-5,5,esm2,-96.7937394494628,-121.024038461769,43.6371360350389,standard,75-100 cm,96.8-121 cm
NCState,fd,BAU,CeC1-1,CeC1-1-5,5,fd,-75,-100,15.300701504,standard,75-100 cm,75-100 cm
NCState,max,BAU,CeC1-2,CeC1-2-1,1,esm1,0,-11.6,28.615936291204,standard,0-10 cm,0-11.6 cm
NCState,max,BAU,CeC1-2,CeC1-2-1,1,esm2,0,-11.2355319448014,28.9255487679361,standard,0-10 cm,0-11.2 cm
NCState,fd,BAU,CeC1-2,CeC1-2-1,1,fd,0,-10,27.2138097385,standard,0-10 cm,0-10 cm
NCState,max,BAU,CeC1-2,CeC1-2-2,2,esm1,-11.6,-46.5,20.0807880472562,standard,10-30 cm,11.6-46.5 cm
NCState,max,BAU,CeC1-2,CeC1-2-2,2,esm2,-11.2355319448014,-53.4103124837275,24.8073893640859,standard,10-30 cm,11.2-53.4 cm
NCState,fd,BAU,CeC1-2,CeC1-2-2,2,fd,-10,-30,14.72575593984,standard,10-30 cm,10-30 cm
NCState,max,BAU,CeC1-2,CeC1-2-3,3,esm1,-46.5,-72.4,8.95769856502866,standard,30-50 cm,46.5-72.4 cm
NCState,max,BAU,CeC1-2,CeC1-2-3,3,esm2,-53.4103124837275,-67.1307588304352,1.16353049097267,standard,30-50 cm,53.4-67.1 cm
NCState,fd,BAU,CeC1-2,CeC1-2-3,3,fd,-30,-50,8.1904953456,standard,30-50 cm,30-50 cm
NCState,max,BAU,CeC1-2,CeC1-2-4,4,esm1,-72.4,-100,7.31058495871298,standard,50-75 cm,72.4-100 cm
NCState,max,BAU,CeC1-2,CeC1-2-4,4,esm2,-67.1307588304352,-100.025976432084,10.0787943167638,standard,50-75 cm,67.1-100 cm
NCState,fd,BAU,CeC1-2,CeC1-2-4,4,fd,-50,-75,8.213040172760001,standard,50-75 cm,50-75 cm
NCState,max,BAU,CeC1-2,CeC1-2-5,5,esm1,-100,-129.4,7.78736223862904,standard,75-100 cm,100-129.4 cm
NCState,max,BAU,CeC1-2,CeC1-2-5,5,esm2,-100.025976432084,-201.303824388011,45.4511816788685,standard,75-100 cm,100-201.3 cm
NCState,fd,BAU,CeC1-2,CeC1-2-5,5,fd,-75,-100,6.621906665500001,standard,75-100 cm,75-100 cm
NCState,max,BAU,CeC1-3,CeC1-3-1,1,esm1,0,-10.9,22.605278143584,standard,0-10 cm,0-10.9 cm
NCState,max,BAU,CeC1-3,CeC1-3-1,1,esm2,0,-11.1552093412443,23.2206557958824,standard,0-10 cm,0-11.2 cm
NCState,fd,BAU,CeC1-3,CeC1-3-1,1,fd,0,-10,20.972177284349996,standard,0-10 cm,0-10 cm
NCState,max,BAU,CeC1-3,CeC1-3-2,2,esm1,-10.9,-37.2,28.7903923786957,standard,10-30 cm,10.9-37.2 cm
NCState,max,BAU,CeC1-3,CeC1-3-2,2,esm2,-11.1552093412443,-35.7349979196345,31.3351875146914,standard,10-30 cm,11.2-35.7 cm
NCState,fd,BAU,CeC1-3,CeC1-3-2,2,fd,-10,-30,25.773105849009998,standard,10-30 cm,10-30 cm
NCState,max,BAU,CeC1-3,CeC1-3-3,3,esm1,-37.2,-64.6,13.8682353473576,standard,30-50 cm,37.2-64.6 cm
NCState,max,BAU,CeC1-3,CeC1-3-3,3,esm2,-35.7349979196345,-66.2539797206403,11.0837072167995,standard,30-50 cm,35.7-66.3 cm
NCState,fd,BAU,CeC1-3,CeC1-3-3,3,fd,-30,-50,12.917742747,standard,30-50 cm,30-50 cm
NCState,max,BAU,CeC1-3,CeC1-3-4,4,esm1,-64.6,-94.1,7.28725072130949,standard,50-75 cm,64.6-94.1 cm
NCState,max,BAU,CeC1-3,CeC1-3-4,4,esm2,-66.2539797206403,-95.7668180132995,6.36939672000237,standard,50-75 cm,66.3-95.8 cm
NCState,fd,BAU,CeC1-3,CeC1-3-4,4,fd,-50,-75,8.16994465035,standard,50-75 cm,50-75 cm
NCState,max,BAU,CeC1-3,CeC1-3-5,5,esm1,-94.1,-125.7,7.80600416248745,standard,75-100 cm,94.1-125.7 cm
NCState,max,BAU,CeC1-3,CeC1-3-5,5,esm2,-95.7668180132995,-108.744572970233,19.6654112381602,standard,75-100 cm,95.8-108.7 cm
NCState,fd,BAU,CeC1-3,CeC1-3-5,5,fd,-75,-100,6.1756362045,standard,75-100 cm,75-100 cm
NCState,max,BAU,CeC2-1,CeC2-1-1,1,esm1,0,-13.4,22.635638077426,standard,0-10 cm,0-13.4 cm
NCState,max,BAU,CeC2-1,CeC2-1-1,1,esm2,0,-13.9421427208609,25.4070199434425,standard,0-10 cm,0-13.9 cm
NCState,fd,BAU,CeC2-1,CeC2-1-1,1,fd,0,-10,18.84787411705,standard,0-10 cm,0-10 cm
NCState,max,BAU,CeC2-1,CeC2-1-2,2,esm1,-13.4,-38.1,37.5945169555322,standard,10-30 cm,13.4-38.1 cm
NCState,max,BAU,CeC2-1,CeC2-1-2,2,esm2,-13.9421427208609,-38.5501602293345,33.5283875717861,standard,10-30 cm,13.9-38.6 cm
NCState,fd,BAU,CeC2-1,CeC2-1-2,2,fd,-10,-30,26.127348378,standard,10-30 cm,10-30 cm
NCState,max,BAU,CeC2-1,CeC2-1-3,3,esm1,-38.1,-62,20.5707663293327,standard,30-50 cm,38.1-62 cm
NCState,max,BAU,CeC2-1,CeC2-1-3,3,esm2,-38.5501602293345,-57.4853989057471,34.5074548862428,standard,30-50 cm,38.6-57.5 cm
NCState,fd,BAU,CeC2-1,CeC2-1-3,3,fd,-30,-50,28.66203120004,standard,30-50 cm,30-50 cm
NCState,max,BAU,CeC2-1,CeC2-1-4,4,esm1,-62,-89.9,16.6555273262413,standard,50-75 cm,62-89.9 cm
NCState,max,BAU,CeC2-1,CeC2-1-4,4,esm2,-57.4853989057471,-85.6225692613679,9.85923937754822,standard,50-75 cm,57.5-85.6 cm
NCState,fd,BAU,CeC2-1,CeC2-1-4,4,fd,-50,-75,14.92430764,standard,50-75 cm,50-75 cm
NCState,max,BAU,CeC2-1,CeC2-1-5,5,esm1,-89.9,-119.8,17.8494719374414,standard,75-100 cm,89.9-119.8 cm
NCState,max,BAU,CeC2-1,CeC2-1-5,5,esm2,-85.6225692613679,-138.892034793262,1.6162971260904,standard,75-100 cm,85.6-138.9 cm
NCState,fd,BAU,CeC2-1,CeC2-1-5,5,fd,-75,-100,14.92430764,standard,75-100 cm,75-100 cm
NCState,max,BAU,CeC2-2,CeC2-2-1,1,esm1,0,-10.6,25.44974653946,standard,0-10 cm,0-10.6 cm
NCState,max,BAU,CeC2-2,CeC2-2-1,1,esm2,0,-10.8603631307181,25.9010948679593,standard,0-10 cm,0-10.9 cm
NCState,fd,BAU,CeC2-2,CeC2-2-1,1,fd,0,-10,24.5617245275,standard,0-10 cm,0-10 cm
NCState,max,BAU,CeC2-2,CeC2-2-2,2,esm1,-10.6,-32.9,33.0048181111805,standard,10-30 cm,10.6-32.9 cm
NCState,max,BAU,CeC2-2,CeC2-2-2,2,esm2,-10.8603631307181,-32.9231123437252,33.1547505379497,standard,10-30 cm,10.9-32.9 cm
NCState,fd,BAU,CeC2-2,CeC2-2-2,2,fd,-10,-30,29.600733732,standard,10-30 cm,10-30 cm
NCState,max,BAU,CeC2-2,CeC2-2-3,3,esm1,-32.9,-57.8,11.2540946127717,standard,30-50 cm,32.9-57.8 cm
NCState,max,BAU,CeC2-2,CeC2-2-3,3,esm2,-32.9231123437252,-57.4633091760824,11.7438469303175,standard,30-50 cm,32.9-57.5 cm
NCState,fd,BAU,CeC2-2,CeC2-2-3,3,fd,-30,-50,12.391443726239999,standard,30-50 cm,30-50 cm
NCState,max,BAU,CeC2-2,CeC2-2-4,4,esm1,-57.8,-86.5,11.8841091827115,standard,50-75 cm,57.8-86.5 cm
NCState,max,BAU,CeC2-2,CeC2-2-4,4,esm2,-57.4633091760824,-87.2358738858613,8.1959905611601,standard,50-75 cm,57.5-87.2 cm
NCState,fd,BAU,CeC2-2,CeC2-2-4,4,fd,-50,-75,10.24644252995,standard,50-75 cm,50-75 cm
NCState,max,BAU,CeC2-2,CeC2-2-5,5,esm1,-86.5,-117.2,12.7936882316813,standard,75-100 cm,86.5-117.2 cm
NCState,max,BAU,CeC2-2,CeC2-2-5,5,esm2,-87.2358738858613,-114.563954011187,27.5649363819027,standard,75-100 cm,87.2-114.6 cm
NCState,fd,BAU,CeC2-2,CeC2-2-5,5,fd,-75,-100,10.41831289225,standard,75-100 cm,75-100 cm
NCState,max,BAU,CeC2-3,CeC2-3-1,1,esm1,0,-11.6,25.45257264333,standard,0-10 cm,0-11.6 cm
NCState,max,BAU,CeC2-3,CeC2-3-1,1,esm2,0,-11.9356718340167,25.4653354441411,standard,0-10 cm,0-11.9 cm
NCState,fd,BAU,CeC2-3,CeC2-3-1,1,fd,0,-10,21.60590498445,standard,0-10 cm,0-10 cm
NCState,max,BAU,CeC2-3,CeC2-3-2,2,esm1,-11.6,-38.4,43.9541256056882,standard,10-30 cm,11.6-38.4 cm
NCState,max,BAU,CeC2-3,CeC2-3-2,2,esm2,-11.9356718340167,-37.9915440463473,46.9929161888465,standard,10-30 cm,11.9-38 cm
NCState,fd,BAU,CeC2-3,CeC2-3-2,2,fd,-10,-30,41.47768196807999,standard,10-30 cm,10-30 cm
NCState,max,BAU,CeC2-3,CeC2-3-3,3,esm1,-38.4,-65.2,8.77483420226264,standard,30-50 cm,38.4-65.2 cm
NCState,max,BAU,CeC2-3,CeC2-3-3,3,esm2,-37.9915440463473,-68.2726830338939,4.87153023837631,standard,30-50 cm,38-68.3 cm
NCState,fd,BAU,CeC2-3,CeC2-3-3,3,fd,-30,-50,12.68025567996,standard,30-50 cm,30-50 cm
NCState,max,BAU,CeC2-3,CeC2-3-4,4,esm1,-65.2,-94.7,4.69222695094309,standard,50-75 cm,65.2-94.7 cm
NCState,max,BAU,CeC2-3,CeC2-3-4,4,esm2,-68.2726830338939,-96.4540281042031,4.22757895231024,standard,50-75 cm,68.3-96.5 cm
NCState,fd,BAU,CeC2-3,CeC2-3-4,4,fd,-50,-75,3.97646351775,standard,50-75 cm,50-75 cm
NCState,max,BAU,CeC2-3,CeC2-3-5,5,esm1,-94.7,-126.2,5.01034403236297,standard,75-100 cm,94.7-126.2 cm
NCState,max,BAU,CeC2-3,CeC2-3-5,5,esm2,-96.4540281042031,-107.557162259202,26.0759517448845,standard,75-100 cm,96.5-107.6 cm
NCState,fd,BAU,CeC2-3,CeC2-3-5,5,fd,-75,-100,3.97646351775,standard,75-100 cm,75-100 cm
NCState,max,BAU,CeC3-1,CeC3-1-1,1,esm1,0,-11.4,33.742435235908,standard,0-10 cm,0-11.4 cm
NCState,max,BAU,CeC3-1,CeC3-1-1,1,esm2,0,-11.4621976202046,34.4513055427973,standard,0-10 cm,0-11.5 cm
NCState,fd,BAU,CeC3-1,CeC3-1-1,1,fd,0,-10,30.443327275199998,standard,0-10 cm,0-10 cm
NCState,max,BAU,CeC3-1,CeC3-1-2,2,esm1,-11.4,-39.3,65.7465086455388,standard,10-30 cm,11.4-39.3 cm
NCState,max,BAU,CeC3-1,CeC3-1-2,2,esm2,-11.4621976202046,-39.7307397705435,70.7364172769967,standard,10-30 cm,11.5-39.7 cm
NCState,fd,BAU,CeC3-1,CeC3-1-2,2,fd,-10,-30,47.130113724400005,standard,10-30 cm,10-30 cm
NCState,max,BAU,CeC3-1,CeC3-1-3,3,esm1,-39.3,-63.2,35.7292410306789,standard,30-50 cm,39.3-63.2 cm
NCState,max,BAU,CeC3-1,CeC3-1-3,3,esm2,-39.7307397705435,-63.8972861815432,34.091780082585,standard,30-50 cm,39.7-63.9 cm
NCState,fd,BAU,CeC3-1,CeC3-1-3,3,fd,-30,-50,45.6800260575,standard,30-50 cm,30-50 cm
NCState,max,BAU,CeC3-1,CeC3-1-4,4,esm1,-63.2,-87.7,25.9092258278758,standard,50-75 cm,63.2-87.7 cm
NCState,max,BAU,CeC3-1,CeC3-1-4,4,esm2,-63.8972861815432,-87.8488992609481,18.4912102970067,standard,50-75 cm,63.9-87.8 cm
NCState,fd,BAU,CeC3-1,CeC3-1-4,4,fd,-50,-75,22.660450483,standard,50-75 cm,50-75 cm
NCState,max,BAU,CeC3-1,CeC3-1-5,5,esm1,-87.7,-112.3,32.7655631743003,standard,75-100 cm,87.7-112.3 cm
NCState,max,BAU,CeC3-1,CeC3-1-5,5,esm2,-87.8488992609481,-112.17326643708,54.93469769789,standard,75-100 cm,87.8-112.2 cm
NCState,fd,BAU,CeC3-1,CeC3-1-5,5,fd,-75,-100,31.59627478705,standard,75-100 cm,75-100 cm
NCState,max,BAU,CeC3-3,CeC3-3-1,1,esm1,0,-10.2,35.012787805812,standard,0-10 cm,0-10.2 cm
NCState,max,BAU,CeC3-3,CeC3-3-1,1,esm2,0,-10.2814737613283,35.4571512388197,standard,0-10 cm,0-10.3 cm
NCState,fd,BAU,CeC3-3,CeC3-3-1,1,fd,0,-10,34.417508059999996,standard,0-10 cm,0-10 cm
NCState,max,BAU,CeC3-3,CeC3-3-2,2,esm1,-10.2,-33.6,69.6477302600042,standard,10-30 cm,10.2-33.6 cm
NCState,max,BAU,CeC3-3,CeC3-3-2,2,esm2,-10.2814737613283,-33.8912011431304,79.9272327484227,standard,10-30 cm,10.3-33.9 cm
NCState,fd,BAU,CeC3-3,CeC3-3-2,2,fd,-10,-30,59.5279745812,standard,10-30 cm,10-30 cm
NCState,max,BAU,CeC3-3,CeC3-3-3,3,esm1,-33.6,-56.1,44.7443550588345,standard,30-50 cm,33.6-56.1 cm
NCState,max,BAU,CeC3-3,CeC3-3-3,3,esm2,-33.8912011431304,-56.1491290317739,34.766275744069,standard,30-50 cm,33.9-56.1 cm
NCState,fd,BAU,CeC3-3,CeC3-3-3,3,fd,-30,-50,49.5168861375,standard,30-50 cm,30-50 cm
NCState,max,BAU,CeC3-3,CeC3-3-4,4,esm1,-56.1,-81.5,31.7770389069031,standard,50-75 cm,56.1-81.5 cm
NCState,max,BAU,CeC3-3,CeC3-3-4,4,esm2,-56.1491290317739,-81.2224735838023,31.6467455323013,standard,50-75 cm,56.1-81.2 cm
NCState,fd,BAU,CeC3-3,CeC3-3-4,4,fd,-50,-75,28.438110804449998,standard,50-75 cm,50-75 cm
NCState,max,BAU,CeC3-3,CeC3-3-5,5,esm1,-81.5,-111.6,24.3448501195892,standard,75-100 cm,81.5-111.6 cm
NCState,max,BAU,CeC3-3,CeC3-3-5,5,esm2,-81.2224735838023,-113.66415764165,12.8438738265916,standard,75-100 cm,81.2-113.7 cm
NCState,fd,BAU,CeC3-3,CeC3-3-5,5,fd,-75,-100,26.627527796,standard,75-100 cm,75-100 cm
NCState,max,Ref,CeF3-1,CeF3-1-1,1,esm1,0,-17.1,34.7655877932191,standard,0-10 cm,0-17.1 cm
NCState,max,Ref,CeF3-1,CeF3-1-1,1,esm2,0,-12.6781620388579,34.3649197186439,standard,0-10 cm,0-12.7 cm
NCState,fd,Ref,CeF3-1,CeF3-1-1,1,fd,0,-10,29.725335363649997,standard,0-10 cm,0-10 cm
NCState,max,Ref,CeF3-1,CeF3-1-2,2,esm1,-17.1,-49.4,18.7938093981954,standard,10-30 cm,17.1-49.4 cm
NCState,max,Ref,CeF3-1,CeF3-1-2,2,esm2,-12.6781620388579,-51.7682810830043,21.3415626086343,standard,10-30 cm,12.7-51.8 cm
NCState,fd,Ref,CeF3-1,CeF3-1-2,2,fd,-10,-30,14.197894167799998,standard,10-30 cm,10-30 cm
NCState,max,Ref,CeF3-1,CeF3-1-3,3,esm1,-49.4,-76.7,6.72188955822583,standard,30-50 cm,49.4-76.7 cm
NCState,max,Ref,CeF3-1,CeF3-1-3,3,esm2,-51.7682810830043,-75.9608903400921,3.97215570733549,standard,30-50 cm,51.8-76 cm
NCState,fd,Ref,CeF3-1,CeF3-1-3,3,fd,-30,-50,9.7981179095,standard,30-50 cm,30-50 cm
NCState,max,Ref,CeF3-1,CeF3-1-4,4,esm1,-76.7,-106.8,5.21852081947002,standard,50-75 cm,76.7-106.8 cm
NCState,max,Ref,CeF3-1,CeF3-1-4,4,esm2,-75.9608903400921,-108.304767907817,7.58766373930519,standard,50-75 cm,76-108.3 cm
NCState,fd,Ref,CeF3-1,CeF3-1-4,4,fd,-50,-75,6.2652055747,standard,50-75 cm,50-75 cm
NCState,max,Ref,CeF3-1,CeF3-1-5,5,esm1,-106.8,-138.9,5.56526638886839,standard,75-100 cm,106.8-138.9 cm
NCState,max,Ref,CeF3-1,CeF3-1-5,5,esm2,-108.304767907817,-157.511182481302,31.6200156737006,standard,75-100 cm,108.3-157.5 cm
NCState,fd,Ref,CeF3-1,CeF3-1-5,5,fd,-75,-100,4.3343196175,standard,75-100 cm,75-100 cm
NCState,max,Ref,CeF3-2,CeF3-2-1,1,esm1,0,-10,27.9771168451999,standard,0-10 cm,0-10 cm
NCState,max,Ref,CeF3-2,CeF3-2-1,1,esm2,0,-10,27.9771168452,standard,0-10 cm,0-10 cm
NCState,fd,Ref,CeF3-2,CeF3-2-1,1,fd,0,-10,27.977116845199998,standard,0-10 cm,0-10 cm
NCState,max,Ref,CeF3-2,CeF3-2-2,2,esm1,-10,-30,18.1722932125995,standard,10-30 cm,10-30 cm
NCState,max,Ref,CeF3-2,CeF3-2-2,2,esm2,-10,-30.2026296499983,23.6056740689928,standard,10-30 cm,10-30.2 cm
NCState,fd,Ref,CeF3-2,CeF3-2-2,2,fd,-10,-30,18.1722932126,standard,10-30 cm,10-30 cm
NCState,max,Ref,CeF3-2,CeF3-2-3,3,esm1,-30,-50,13.4386856742999,standard,30-50 cm,30-50 cm
NCState,max,Ref,CeF3-2,CeF3-2-3,3,esm2,-30.2026296499983,-49.6597937041197,7.780841887159,standard,30-50 cm,30.2-49.7 cm
NCState,fd,Ref,CeF3-2,CeF3-2-3,3,fd,-30,-50,13.4386856743,standard,30-50 cm,30-50 cm
NCState,max,Ref,CeF3-2,CeF3-2-4,4,esm1,-50,-75,8.90946339750016,standard,50-75 cm,50-75 cm
NCState,max,Ref,CeF3-2,CeF3-2-4,4,esm2,-49.6597937041197,-74.8407600032086,9.8130410783309,standard,50-75 cm,49.7-74.8 cm
NCState,fd,Ref,CeF3-2,CeF3-2-4,4,fd,-50,-75,8.9094633975,standard,50-75 cm,50-75 cm
NCState,max,Ref,CeF3-2,CeF3-2-5,5,esm1,-75,-102.4,8.32398177521978,standard,75-100 cm,75-102.4 cm
NCState,max,Ref,CeF3-2,CeF3-2-5,5,esm2,-74.8407600032086,-102.500347986412,7.60466571353756,standard,75-100 cm,74.8-102.5 cm
NCState,fd,Ref,CeF3-2,CeF3-2-5,5,fd,-75,-100,7.594873882499999,standard,75-100 cm,75-100 cm
NCState,max,SHM,CeH1-1,CeH1-1-1,1,esm1,0,-12.2,20.146553954632,standard,0-10 cm,0-12.2 cm
NCState,max,SHM,CeH1-1,CeH1-1-1,1,esm2,0,-12.3214687386147,18.450858251455,standard,0-10 cm,0-12.3 cm
NCState,fd,SHM,CeH1-1,CeH1-1-1,1,fd,0,-10,18.2177539264,standard,0-10 cm,0-10 cm
NCState,max,SHM,CeH1-1,CeH1-1-2,2,esm1,-12.2,-35.7,20.6030912106602,standard,10-30 cm,12.2-35.7 cm
NCState,max,SHM,CeH1-1,CeH1-1-2,2,esm2,-12.3214687386147,-35.9054105959003,20.5943584196786,standard,10-30 cm,12.3-35.9 cm
NCState,fd,SHM,CeH1-1,CeH1-1-2,2,fd,-10,-30,17.534545711199996,standard,10-30 cm,10-30 cm
NCState,max,SHM,CeH1-1,CeH1-1-3,3,esm1,-35.7,-58,13.9620995360286,standard,30-50 cm,35.7-58 cm
NCState,max,SHM,CeH1-1,CeH1-1-3,3,esm2,-35.9054105959003,-57.8227710312393,18.3274619277796,standard,30-50 cm,35.9-57.8 cm
NCState,fd,SHM,CeH1-1,CeH1-1-3,3,fd,-30,-50,15.139294740359999,standard,30-50 cm,30-50 cm
NCState,max,SHM,CeH1-1,CeH1-1-4,4,esm1,-58,-83.5,11.4586848045407,standard,50-75 cm,58-83.5 cm
NCState,max,SHM,CeH1-1,CeH1-1-4,4,esm2,-57.8227710312393,-83.4126702464356,8.13357443050091,standard,50-75 cm,57.8-83.4 cm
NCState,fd,SHM,CeH1-1,CeH1-1-4,4,fd,-50,-75,11.9379697605,standard,50-75 cm,50-75 cm
NCState,max,SHM,CeH1-1,CeH1-1-5,5,esm1,-83.5,-111.8,11.1231164585203,standard,75-100 cm,83.5-111.8 cm
NCState,max,SHM,CeH1-1,CeH1-1-5,5,esm2,-83.4126702464356,-112.540450968088,14.5795867902127,standard,75-100 cm,83.4-112.5 cm
NCState,fd,SHM,CeH1-1,CeH1-1-5,5,fd,-75,-100,9.826074610000001,standard,75-100 cm,75-100 cm
NCState,max,SHM,CeH1-2,CeH1-2-1,1,esm1,0,-14.2,47.73986934816,standard,0-10 cm,0-14.2 cm
NCState,max,SHM,CeH1-2,CeH1-2-1,1,esm2,0,-14.0898772664474,48.3589226782997,standard,0-10 cm,0-14.1 cm
NCState,fd,SHM,CeH1-2,CeH1-2-1,1,fd,0,-10,38.5672988811,standard,0-10 cm,0-10 cm
NCState,max,SHM,CeH1-2,CeH1-2-2,2,esm1,-14.2,-44.1,38.4705855452038,standard,10-30 cm,14.2-44.1 cm
NCState,max,SHM,CeH1-2,CeH1-2-2,2,esm2,-14.0898772664474,-44.4159229842433,41.1201067090327,standard,10-30 cm,14.1-44.4 cm
NCState,fd,SHM,CeH1-2,CeH1-2-2,2,fd,-10,-30,34.77816467358,standard,10-30 cm,10-30 cm
NCState,max,SHM,CeH1-2,CeH1-2-3,3,esm1,-44.1,-72.5,12.0687846951767,standard,30-50 cm,44.1-72.5 cm
NCState,max,SHM,CeH1-2,CeH1-2-3,3,esm2,-44.4159229842433,-70.8531314072005,3.90971438553734,standard,30-50 cm,44.4-70.9 cm
NCState,fd,SHM,CeH1-2,CeH1-2-3,3,fd,-30,-50,17.659121893360002,standard,30-50 cm,30-50 cm
NCState,max,SHM,CeH1-2,CeH1-2-4,4,esm1,-72.5,-104.8,10.4431701661409,standard,50-75 cm,72.5-104.8 cm
NCState,max,SHM,CeH1-2,CeH1-2-4,4,esm2,-70.8531314072005,-105.877061260623,19.0233798526681,standard,50-75 cm,70.9-105.9 cm
NCState,fd,SHM,CeH1-2,CeH1-2-4,4,fd,-50,-75,8.082949045,standard,50-75 cm,50-75 cm
NCState,max,SHM,CeH1-2,CeH1-2-5,5,esm1,-104.8,-139.2,11.122137885921,standard,75-100 cm,104.8-139.2 cm
NCState,max,SHM,CeH1-2,CeH1-2-5,5,esm2,-105.877061260623,-156.987988319892,78.1505627178779,standard,75-100 cm,105.9-157 cm
NCState,fd,SHM,CeH1-2,CeH1-2-5,5,fd,-75,-100,8.082949045,standard,75-100 cm,75-100 cm
NCState,max,SHM,CeH1-3,CeH1-3-1,1,esm1,0,-11,54.3320593153,standard,0-10 cm,0-11 cm
NCState,max,SHM,CeH1-3,CeH1-3-1,1,esm2,0,-11.143318950298,54.9911556497754,standard,0-10 cm,0-11.1 cm
NCState,fd,SHM,CeH1-3,CeH1-3-1,1,fd,0,-10,51.34116253135,standard,0-10 cm,0-10 cm
NCState,max,SHM,CeH1-3,CeH1-3-2,2,esm1,-11,-37.6,35.72500810263,standard,10-30 cm,11-37.6 cm
NCState,max,SHM,CeH1-3,CeH1-3-2,2,esm2,-11.143318950298,-36.3608120935412,46.2717180626445,standard,10-30 cm,11.1-36.4 cm
NCState,fd,SHM,CeH1-3,CeH1-3-2,2,fd,-10,-30,31.4077574889,standard,10-30 cm,10-30 cm
NCState,max,SHM,CeH1-3,CeH1-3-3,3,esm1,-37.6,-63.3,23.329972927152,standard,30-50 cm,37.6-63.3 cm
NCState,max,SHM,CeH1-3,CeH1-3-3,3,esm2,-36.3608120935412,-63.791144650859,11.7780166115477,standard,30-50 cm,36.4-63.8 cm
NCState,fd,SHM,CeH1-3,CeH1-3-3,3,fd,-30,-50,19.231966836,standard,30-50 cm,30-50 cm
NCState,max,SHM,CeH1-3,CeH1-3-4,4,esm1,-63.3,-89.4,9.40248788162391,standard,50-75 cm,63.3-89.4 cm
NCState,max,SHM,CeH1-3,CeH1-3-4,4,esm2,-63.791144650859,-91.3972905633904,5.95313077905928,standard,50-75 cm,63.8-91.4 cm
NCState,fd,SHM,CeH1-3,CeH1-3-4,4,fd,-50,-75,15.62106184956,standard,50-75 cm,50-75 cm
NCState,max,SHM,CeH1-3,CeH1-3-5,5,esm1,-89.4,-117.2,10.0149104639538,standard,75-100 cm,89.4-117.2 cm
NCState,max,SHM,CeH1-3,CeH1-3-5,5,esm2,-91.3972905633904,-109.069478322953,34.7458042715358,standard,75-100 cm,91.4-109.1 cm
NCState,fd,SHM,CeH1-3,CeH1-3-5,5,fd,-75,-100,9.006214446000001,standard,75-100 cm,75-100 cm
NCState,max,SHM,CeH2-1,CeH2-1-1,1,esm1,0,-11.6,28.742798704876,standard,0-10 cm,0-11.6 cm
NCState,max,SHM,CeH2-1,CeH2-1-1,1,esm2,0,-11.5528314621404,31.0860456375915,standard,0-10 cm,0-11.6 cm
NCState,fd,SHM,CeH2-1,CeH2-1-1,1,fd,0,-10,26.9325329319,standard,0-10 cm,0-10 cm
NCState,max,SHM,CeH2-1,CeH2-1-2,2,esm1,-11.6,-38.5,26.903027327374,standard,10-30 cm,11.6-38.5 cm
NCState,max,SHM,CeH2-1,CeH2-1-2,2,esm2,-11.5528314621404,-38.6509267415415,23.6650599217109,standard,10-30 cm,11.6-38.7 cm
NCState,fd,SHM,CeH2-1,CeH2-1-2,2,fd,-10,-30,22.6283221622,standard,10-30 cm,10-30 cm
NCState,max,SHM,CeH2-1,CeH2-1-3,3,esm1,-38.5,-63.7,17.2884954427283,standard,30-50 cm,38.5-63.7 cm
NCState,max,SHM,CeH2-1,CeH2-1-3,3,esm2,-38.6509267415415,-63.7352116265323,18.8223379064465,standard,30-50 cm,38.7-63.7 cm
NCState,fd,SHM,CeH2-1,CeH2-1-3,3,fd,-30,-50,14.317578678,standard,30-50 cm,30-50 cm
NCState,max,SHM,CeH2-1,CeH2-1-4,4,esm1,-63.7,-92.3,7.82866952224623,standard,50-75 cm,63.7-92.3 cm
NCState,max,SHM,CeH2-1,CeH2-1-4,4,esm2,-63.7352116265323,-92.2297809421417,8.99997449310777,standard,50-75 cm,63.7-92.2 cm
NCState,fd,SHM,CeH2-1,CeH2-1-4,4,fd,-50,-75,12.149033353275,standard,50-75 cm,50-75 cm
NCState,max,SHM,CeH2-1,CeH2-1-5,5,esm1,-92.3,-122.8,8.34875595903881,standard,75-100 cm,92.3-122.8 cm
NCState,max,SHM,CeH2-1,CeH2-1-5,5,esm2,-92.2297809421417,-123.532762328514,-1.21336835061373,standard,75-100 cm,92.2-123.5 cm
NCState,fd,SHM,CeH2-1,CeH2-1-5,5,fd,-75,-100,6.8432425893749995,standard,75-100 cm,75-100 cm
NCState,max,SHM,CeH2-2,CeH2-2-1,1,esm1,0,-11.4,27.353563886023,standard,0-10 cm,0-11.4 cm
NCState,max,SHM,CeH2-2,CeH2-2-1,1,esm2,0,-11.4784120400374,27.7949994811817,standard,0-10 cm,0-11.5 cm
NCState,fd,SHM,CeH2-2,CeH2-2-1,1,fd,0,-10,25.590744595,standard,0-10 cm,0-10 cm
NCState,max,SHM,CeH2-2,CeH2-2-2,2,esm1,-11.4,-37.9,23.6911092074377,standard,10-30 cm,11.4-37.9 cm
NCState,max,SHM,CeH2-2,CeH2-2-2,2,esm2,-11.4784120400374,-37.9141503671269,25.8062247366882,standard,10-30 cm,11.5-37.9 cm
NCState,fd,SHM,CeH2-2,CeH2-2-2,2,fd,-10,-30,18.844786664475,standard,10-30 cm,10-30 cm
NCState,max,SHM,CeH2-2,CeH2-2-3,3,esm1,-37.9,-63.3,19.1498500993793,standard,30-50 cm,37.9-63.3 cm
NCState,max,SHM,CeH2-2,CeH2-2-3,3,esm2,-37.9141503671269,-63.0072985791084,17.0806841026814,standard,30-50 cm,37.9-63 cm
NCState,fd,SHM,CeH2-2,CeH2-2-3,3,fd,-30,-50,16.732004643,standard,30-50 cm,30-50 cm
NCState,max,SHM,CeH2-2,CeH2-2-4,4,esm1,-63.3,-94.1,13.564700253102,standard,50-75 cm,63.3-94.1 cm
NCState,max,SHM,CeH2-2,CeH2-2-4,4,esm2,-63.0072985791084,-93.6706682689788,13.3104162779657,standard,50-75 cm,63-93.7 cm
NCState,fd,SHM,CeH2-2,CeH2-2-4,4,fd,-50,-75,14.17981173716,standard,50-75 cm,50-75 cm
NCState,max,SHM,CeH2-2,CeH2-2-5,5,esm1,-94.1,-126.9,14.4455249448619,standard,75-100 cm,94.1-126.9 cm
NCState,max,SHM,CeH2-2,CeH2-2-5,5,esm2,-93.6706682689788,-131.882975034891,14.990417717149,standard,75-100 cm,93.7-131.9 cm
NCState,fd,SHM,CeH2-2,CeH2-2-5,5,fd,-75,-100,11.010308647,standard,75-100 cm,75-100 cm
NCState,max,SHM,CeH2-3,CeH2-3-1,1,esm1,0,-12.2,33.227043640132,standard,0-10 cm,0-12.2 cm
NCState,max,SHM,CeH2-3,CeH2-3-1,1,esm2,0,-12.444252540683,33.4502310699621,standard,0-10 cm,0-12.4 cm
NCState,fd,SHM,CeH2-3,CeH2-3-1,1,fd,0,-10,27.853921831,standard,0-10 cm,0-10 cm
NCState,max,SHM,CeH2-3,CeH2-3-2,2,esm1,-12.2,-41.3,45.9677755904451,standard,10-30 cm,12.2-41.3 cm
NCState,max,SHM,CeH2-3,CeH2-3-2,2,esm2,-12.444252540683,-40.5554227584561,49.7203555574528,standard,10-30 cm,12.4-40.6 cm
NCState,fd,SHM,CeH2-3,CeH2-3-2,2,fd,-10,-30,38.44077040864,standard,10-30 cm,10-30 cm
NCState,max,SHM,CeH2-3,CeH2-3-3,3,esm1,-41.3,-69.1,16.0703197503124,standard,30-50 cm,41.3-69.1 cm
NCState,max,SHM,CeH2-3,CeH2-3-3,3,esm2,-40.5554227584561,-71.9883177045355,16.1745142732287,standard,30-50 cm,40.6-72 cm
NCState,fd,SHM,CeH2-3,CeH2-3-3,3,fd,-30,-50,22.832083169799997,standard,30-50 cm,30-50 cm
NCState,max,SHM,CeH2-3,CeH2-3-4,4,esm1,-69.1,-99.1,6.76343027099904,standard,50-75 cm,69.1-99.1 cm
NCState,max,SHM,CeH2-3,CeH2-3-4,4,esm2,-71.9883177045355,-99.4728673101341,2.88631507244662,standard,50-75 cm,72-99.5 cm
NCState,fd,SHM,CeH2-3,CeH2-3-4,4,fd,-50,-75,7.46850485808,standard,50-75 cm,50-75 cm
NCState,max,SHM,CeH2-3,CeH2-3-5,5,esm1,-99.1,-131.2,7.23687038996897,standard,75-100 cm,99.1-131.2 cm
NCState,max,SHM,CeH2-3,CeH2-3-5,5,esm2,-99.4728673101341,-105.982862206725,2.98826565438181,standard,75-100 cm,99.5-106 cm
NCState,fd,SHM,CeH2-3,CeH2-3-5,5,fd,-75,-100,5.6361918925,standard,75-100 cm,75-100 cm
NCState,max,SHM,CeH3-3,CeH3-3-1,1,esm1,0,-10.9,26.585561821156,standard,0-10 cm,0-10.9 cm
NCState,max,SHM,CeH3-3,CeH3-3-1,1,esm2,0,-10.9797520346945,26.80558411587,standard,0-10 cm,0-11 cm
NCState,fd,SHM,CeH3-3,CeH3-3-1,1,fd,0,-10,25.58494832785,standard,0-10 cm,0-10 cm
NCState,max,SHM,CeH3-3,CeH3-3-2,2,esm1,-10.9,-41.2,27.5213237722543,standard,10-30 cm,10.9-41.2 cm
NCState,max,SHM,CeH3-3,CeH3-3-2,2,esm2,-10.9797520346945,-44.0650434794334,29.9508747140363,standard,10-30 cm,11-44.1 cm
NCState,fd,SHM,CeH3-3,CeH3-3-2,2,fd,-10,-30,21.0617466586,standard,10-30 cm,10-30 cm
NCState,max,SHM,CeH3-3,CeH3-3-3,3,esm1,-41.2,-65.4,6.95237720363926,standard,30-50 cm,41.2-65.4 cm
NCState,max,SHM,CeH3-3,CeH3-3-3,3,esm2,-44.0650434794334,-77.4922348289998,11.3394123034064,standard,30-50 cm,44.1-77.5 cm
NCState,fd,SHM,CeH3-3,CeH3-3-3,3,fd,-30,-50,9.98832777192,standard,30-50 cm,30-50 cm
NCState,max,SHM,CeH3-3,CeH3-3-4,4,esm1,-65.4,-92.6,7.81424214623917,standard,50-75 cm,65.4-92.6 cm
NCState,max,SHM,CeH3-3,CeH3-3-4,4,esm2,-77.4922348289998,-98.8187697617429,2.87550595576683,standard,50-75 cm,77.5-98.8 cm
NCState,fd,SHM,CeH3-3,CeH3-3-4,4,fd,-50,-75,7.182207855,standard,50-75 cm,50-75 cm
NCState,max,SHM,CeH3-3,CeH3-3-5,5,esm1,-92.6,-121.6,8.33136111179911,standard,75-100 cm,92.6-121.6 cm
NCState,max,SHM,CeH3-3,CeH3-3-5,5,esm2,-98.8187697617429,-88.2890772538245,0.743427882575403,standard,75-100 cm,98.8-88.3 cm
NCState,fd,SHM,CeH3-3,CeH3-3-5,5,fd,-75,-100,7.182207855,standard,75-100 cm,75-100 cm
NCState,mean,BAU,CeC1-1,CeC1-1-1,1,esm1,0,-11.2,30.593517640282,standard,0-10 cm,0-11.2 cm
NCState,mean,BAU,CeC1-1,CeC1-1-1,1,esm2,0,-11.3221903153771,32.9876274645487,standard,0-10 cm,0-11.3 cm
NCState,mean,BAU,CeC1-1,CeC1-1-2,2,esm1,-11.2,-31.5,35.1101606560077,standard,10-30 cm,11.2-31.5 cm
NCState,mean,BAU,CeC1-1,CeC1-1-2,2,esm2,-11.3221903153771,-30.9666489625517,34.6702916010838,standard,10-30 cm,11.3-31 cm
NCState,mean,BAU,CeC1-1,CeC1-1-3,3,esm1,-31.5,-53.9,13.8000057755568,standard,30-50 cm,31.5-53.9 cm
NCState,mean,BAU,CeC1-1,CeC1-1-3,3,esm2,-30.9666489625517,-54.5020451839382,12.5554287240926,standard,30-50 cm,31-54.5 cm
NCState,mean,BAU,CeC1-1,CeC1-1-4,4,esm1,-53.9,-80,13.2810527585641,standard,50-75 cm,53.9-80 cm
NCState,mean,BAU,CeC1-1,CeC1-1-4,4,esm2,-54.5020451839382,-80.5667182732809,10.7723995147054,standard,50-75 cm,54.5-80.6 cm
NCState,mean,BAU,CeC1-1,CeC1-1-5,5,esm1,-80,-104.3,14.8722818618877,standard,75-100 cm,80-104.3 cm
NCState,mean,BAU,CeC1-1,CeC1-1-5,5,esm2,-80.5667182732809,-103.959233450484,18.7488602640945,standard,75-100 cm,80.6-104 cm
NCState,mean,BAU,CeC1-2,CeC1-2-1,1,esm1,0,-8.8,24.03741029914,standard,0-10 cm,0-8.8 cm
NCState,mean,BAU,CeC1-2,CeC1-2-1,1,esm2,0,-8.49728534857201,24.5244889253094,standard,0-10 cm,0-8.5 cm
NCState,mean,BAU,CeC1-2,CeC1-2-2,2,esm1,-8.8,-37.3,20.891686180344,standard,10-30 cm,8.8-37.3 cm
NCState,mean,BAU,CeC1-2,CeC1-2-2,2,esm2,-8.49728534857201,-45.1545039717873,26.1365793291555,standard,10-30 cm,8.5-45.2 cm
NCState,mean,BAU,CeC1-2,CeC1-2-3,3,esm1,-37.3,-58.6,8.72287754306439,standard,30-50 cm,37.3-58.6 cm
NCState,mean,BAU,CeC1-2,CeC1-2-3,3,esm2,-45.1545039717873,-59.965045932719,3.9699642964976,standard,30-50 cm,45.2-60 cm
NCState,mean,BAU,CeC1-2,CeC1-2-4,4,esm1,-58.6,-83.3,6.88960018709883,standard,50-75 cm,58.6-83.3 cm
NCState,mean,BAU,CeC1-2,CeC1-2-4,4,esm2,-59.965045932719,-75.7114585398062,1.9426112573903,standard,50-75 cm,60-75.7 cm
NCState,mean,BAU,CeC1-2,CeC1-2-5,5,esm1,-83.3,-107.9,6.51595615885287,standard,75-100 cm,83.3-107.9 cm
NCState,mean,BAU,CeC1-2,CeC1-2-5,5,esm2,-75.7114585398062,-118.655176614433,16.0965968742812,standard,75-100 cm,75.7-118.7 cm
NCState,mean,BAU,CeC1-3,CeC1-3-1,1,esm1,0,-9.2,19.400653365294,standard,0-10 cm,0-9.2 cm
NCState,mean,BAU,CeC1-3,CeC1-3-1,1,esm2,0,-9.27694304800259,19.5773336982447,standard,0-10 cm,0-9.3 cm
NCState,mean,BAU,CeC1-3,CeC1-3-2,2,esm1,-9.2,-27.7,25.8590893521608,standard,10-30 cm,9.2-27.7 cm
NCState,mean,BAU,CeC1-3,CeC1-3-2,2,esm2,-9.27694304800259,-26.571767237624,27.84435968412,standard,10-30 cm,9.3-26.6 cm
NCState,mean,BAU,CeC1-3,CeC1-3-3,3,esm1,-27.7,-49.7,14.2095170216997,standard,30-50 cm,27.7-49.7 cm
NCState,mean,BAU,CeC1-3,CeC1-3-3,3,esm2,-26.571767237624,-49.1709274648779,13.5626633338345,standard,30-50 cm,26.6-49.2 cm
NCState,mean,BAU,CeC1-3,CeC1-3-4,4,esm1,-49.7,-76.2,8.66014132937057,standard,50-75 cm,49.7-76.2 cm
NCState,mean,BAU,CeC1-3,CeC1-3-4,4,esm2,-49.1709274648779,-79.1427370318038,7.01045206397967,standard,50-75 cm,49.2-79.1 cm
NCState,mean,BAU,CeC1-3,CeC1-3-5,5,esm1,-76.2,-102.6,6.52147183195154,standard,75-100 cm,76.2-102.6 cm
NCState,mean,BAU,CeC1-3,CeC1-3-5,5,esm2,-79.1427370318038,-101.712080764563,7.12374886463634,standard,75-100 cm,79.1-101.7 cm
NCState,mean,BAU,CeC2-1,CeC2-1-1,1,esm1,0,-11.3,20.296136807782,standard,0-10 cm,0-11.3 cm
NCState,mean,BAU,CeC2-1,CeC2-1-1,1,esm2,0,-11.6099640443018,21.801826267792,standard,0-10 cm,0-11.6 cm
NCState,mean,BAU,CeC2-1,CeC2-1-2,2,esm1,-11.3,-31.1,26.7507431924162,standard,10-30 cm,11.3-31.1 cm
NCState,mean,BAU,CeC2-1,CeC2-1-2,2,esm2,-11.6099640443018,-31.6414912882741,22.8049143430667,standard,10-30 cm,11.6-31.6 cm
NCState,mean,BAU,CeC2-1,CeC2-1-3,3,esm1,-31.1,-48.2,25.5158235448121,standard,30-50 cm,31.1-48.2 cm
NCState,mean,BAU,CeC2-1,CeC2-1-3,3,esm2,-31.6414912882741,-46.9740168719462,33.4875056975683,standard,30-50 cm,31.6-47 cm
NCState,mean,BAU,CeC2-1,CeC2-1-4,4,esm1,-48.2,-73,14.8049131788812,standard,50-75 cm,48.2-73 cm
NCState,mean,BAU,CeC2-1,CeC2-1-4,4,esm2,-46.9740168719462,-67.0089912367383,21.8068887743645,standard,50-75 cm,47-67 cm
NCState,mean,BAU,CeC2-1,CeC2-1-5,5,esm1,-73,-98,14.9243076400012,standard,75-100 cm,73-98 cm
NCState,mean,BAU,CeC2-1,CeC2-1-5,5,esm2,-67.0089912367383,-96.9732723258849,3.58339283299681,standard,75-100 cm,67-97 cm
NCState,mean,BAU,CeC2-2,CeC2-2-1,1,esm1,0,-8.8,22.43562693686,standard,0-10 cm,0-8.8 cm
NCState,mean,BAU,CeC2-2,CeC2-2-1,1,esm2,0,-8.849001869439,22.7773483340335,standard,0-10 cm,0-8.8 cm
NCState,mean,BAU,CeC2-2,CeC2-2-2,2,esm1,-8.8,-25.7,25.3626735702603,standard,10-30 cm,8.8-25.7 cm
NCState,mean,BAU,CeC2-2,CeC2-2-2,2,esm2,-8.849001869439,-26.2512704703772,28.0251715791198,standard,10-30 cm,8.8-26.3 cm
NCState,mean,BAU,CeC2-2,CeC2-2-3,3,esm1,-25.7,-43.9,16.2884195050565,standard,30-50 cm,25.7-43.9 cm
NCState,mean,BAU,CeC2-2,CeC2-2-3,3,esm2,-26.2512704703772,-43.0758014144917,15.3092225959895,standard,30-50 cm,26.3-43.1 cm
NCState,mean,BAU,CeC2-2,CeC2-2-4,4,esm1,-43.9,-69.1,10.2549026609418,standard,50-75 cm,43.9-69.1 cm
NCState,mean,BAU,CeC2-2,CeC2-2-4,4,esm2,-43.0758014144917,-69.4321894048666,7.27673024142084,standard,50-75 cm,43.1-69.4 cm
NCState,mean,BAU,CeC2-2,CeC2-2-5,5,esm1,-69.1,-94.8,10.7100256532316,standard,75-100 cm,69.1-94.8 cm
NCState,mean,BAU,CeC2-2,CeC2-2-5,5,esm2,-69.4321894048666,-95.2590124693758,10.134942823837,standard,75-100 cm,69.4-95.3 cm
NCState,mean,BAU,CeC2-3,CeC2-3-1,1,esm1,0,-9.9,21.42524745071,standard,0-10 cm,0-9.9 cm
NCState,mean,BAU,CeC2-3,CeC2-3-1,1,esm2,0,-9.94220561783862,21.4993681138133,standard,0-10 cm,0-9.9 cm
NCState,mean,BAU,CeC2-3,CeC2-3-2,2,esm1,-9.9,-28.8,40.7550378880363,standard,10-30 cm,9.9-28.8 cm
NCState,mean,BAU,CeC2-3,CeC2-3-2,2,esm2,-9.94220561783862,-28.5190643481099,42.5829062927494,standard,10-30 cm,9.9-28.5 cm
NCState,mean,BAU,CeC2-3,CeC2-3-3,3,esm1,-28.8,-50.7,13.6948982722404,standard,30-50 cm,28.8-50.7 cm
NCState,mean,BAU,CeC2-3,CeC2-3-3,3,esm2,-28.5190643481099,-51.556431038687,11.9491364022702,standard,30-50 cm,28.5-51.6 cm
NCState,mean,BAU,CeC2-3,CeC2-3-4,4,esm1,-50.7,-76.9,4.16733376660031,standard,50-75 cm,50.7-76.9 cm
NCState,mean,BAU,CeC2-3,CeC2-3-4,4,esm2,-51.556431038687,-80.7126239345837,1.99157075125991,standard,50-75 cm,51.6-80.7 cm
NCState,mean,BAU,CeC2-3,CeC2-3-5,5,esm1,-76.9,-103.2,4.1832396206713,standard,75-100 cm,76.9-103.2 cm
NCState,mean,BAU,CeC2-3,CeC2-3-5,5,esm2,-80.7126239345837,-101.918967620405,7.40050012202977,standard,75-100 cm,80.7-101.9 cm
NCState,mean,BAU,CeC3-1,CeC3-1-1,1,esm1,0,-9.4,28.733437868352,standard,0-10 cm,0-9.4 cm
NCState,mean,BAU,CeC3-1,CeC3-1-1,1,esm2,0,-9.46967403083394,28.9869494364873,standard,0-10 cm,0-9.5 cm
NCState,mean,BAU,CeC3-1,CeC3-1-2,2,esm1,-9.4,-30.4,49.7826054057362,standard,10-30 cm,9.4-30.4 cm
NCState,mean,BAU,CeC3-1,CeC3-1-2,2,esm2,-9.46967403083394,-30.7537816481714,55.8867075666966,standard,10-30 cm,9.5-30.8 cm
NCState,mean,BAU,CeC3-1,CeC3-1-3,3,esm1,-30.4,-50.8,45.462558198469,standard,30-50 cm,30.4-50.8 cm
NCState,mean,BAU,CeC3-1,CeC3-1-3,3,esm2,-30.7537816481714,-50.9883113824082,40.4756869067997,standard,30-50 cm,30.8-51 cm
NCState,mean,BAU,CeC3-1,CeC3-1-4,4,esm1,-50.8,-73.2,20.3037636327693,standard,50-75 cm,50.8-73.2 cm
NCState,mean,BAU,CeC3-1,CeC3-1-4,4,esm2,-50.9883113824082,-73.6014188129987,20.5213185664069,standard,50-75 cm,51-73.6 cm
NCState,mean,BAU,CeC3-1,CeC3-1-5,5,esm1,-73.2,-94.4,25.7689998325534,standard,75-100 cm,73.2-94.4 cm
NCState,mean,BAU,CeC3-1,CeC3-1-5,5,esm2,-73.6014188129987,-94.4809818226265,21.1361080961355,standard,75-100 cm,73.6-94.5 cm
NCState,mean,BAU,CeC3-3,CeC3-3-1,1,esm1,0,-8.3,28.276483599408,standard,0-10 cm,0-8.3 cm
NCState,mean,BAU,CeC3-3,CeC3-3-1,1,esm2,0,-8.43381384782855,28.6507194933968,standard,0-10 cm,0-8.4 cm
NCState,mean,BAU,CeC3-3,CeC3-3-2,2,esm1,-8.3,-26.1,54.0610439984579,standard,10-30 cm,8.3-26.1 cm
NCState,mean,BAU,CeC3-3,CeC3-3-2,2,esm2,-8.43381384782855,-26.6085356655576,65.0264394813307,standard,10-30 cm,8.4-26.6 cm
NCState,mean,BAU,CeC3-3,CeC3-3-3,3,esm1,-26.1,-43.5,51.7893378856443,standard,30-50 cm,26.1-43.5 cm
NCState,mean,BAU,CeC3-3,CeC3-3-3,3,esm2,-26.6085356655576,-43.5415165867902,42.6529548455754,standard,30-50 cm,26.6-43.5 cm
NCState,mean,BAU,CeC3-3,CeC3-3-4,4,esm1,-43.5,-66.2,25.2079824771813,standard,50-75 cm,43.5-66.2 cm
NCState,mean,BAU,CeC3-3,CeC3-3-4,4,esm2,-43.5415165867902,-66.271588131991,23.0351229503157,standard,50-75 cm,43.5-66.3 cm
NCState,mean,BAU,CeC3-3,CeC3-3-5,5,esm1,-66.2,-88.7,32.1280353983269,standard,75-100 cm,66.2-88.7 cm
NCState,mean,BAU,CeC3-3,CeC3-3-5,5,esm2,-66.271588131991,-88.7746783285489,32.2912750680539,standard,75-100 cm,66.3-88.8 cm
NCState,mean,Ref,CeF3-1,CeF3-1-1,1,esm1,0,-14.7,33.061840493083,standard,0-10 cm,0-14.7 cm
NCState,mean,Ref,CeF3-1,CeF3-1-1,1,esm2,0,-11.2197735752642,32.6759175989073,standard,0-10 cm,0-11.2 cm
NCState,mean,Ref,CeF3-1,CeF3-1-2,2,esm1,-14.7,-40.1,17.9873278305236,standard,10-30 cm,14.7-40.1 cm
NCState,mean,Ref,CeF3-1,CeF3-1-2,2,esm2,-11.2197735752642,-40.1851387055752,18.4309114957572,standard,10-30 cm,11.2-40.2 cm
NCState,mean,Ref,CeF3-1,CeF3-1-3,3,esm1,-40.1,-61.7,5.83020898329568,standard,30-50 cm,40.1-61.7 cm
NCState,mean,Ref,CeF3-1,CeF3-1-3,3,esm2,-40.1851387055752,-63.1743741264464,7.26693974437325,standard,30-50 cm,40.2-63.2 cm
NCState,mean,Ref,CeF3-1,CeF3-1-4,4,esm1,-61.7,-88.6,5.46504558066827,standard,50-75 cm,61.7-88.6 cm
NCState,mean,Ref,CeF3-1,CeF3-1-4,4,esm2,-63.1743741264464,-87.4758309500458,2.88569819223348,standard,50-75 cm,63.2-87.5 cm
NCState,mean,Ref,CeF3-1,CeF3-1-5,5,esm1,-88.6,-115.4,4.64639062995934,standard,75-100 cm,88.6-115.4 cm
NCState,mean,Ref,CeF3-1,CeF3-1-5,5,esm2,-87.4758309500458,-119.859085980185,11.33569639839,standard,75-100 cm,87.5-119.9 cm
NCState,mean,Ref,CeF3-2,CeF3-2-1,1,esm1,0,-8.2,23.757283776308,standard,0-10 cm,0-8.2 cm
NCState,mean,Ref,CeF3-2,CeF3-2-1,1,esm2,0,-8.32665091212094,24.4926652735112,standard,0-10 cm,0-8.3 cm
NCState,mean,Ref,CeF3-2,CeF3-2-2,2,esm1,-8.2,-23.5,16.4861309873967,standard,10-30 cm,8.2-23.5 cm
NCState,mean,Ref,CeF3-2,CeF3-2-2,2,esm2,-8.32665091212094,-24.11082881934,23.2819753698979,standard,10-30 cm,8.3-24.1 cm
NCState,mean,Ref,CeF3-2,CeF3-2-3,3,esm1,-23.5,-38.4,13.5383584433865,standard,30-50 cm,23.5-38.4 cm
NCState,mean,Ref,CeF3-2,CeF3-2-3,3,esm2,-24.11082881934,-38.3820371353077,6.87441737784865,standard,30-50 cm,24.1-38.4 cm
NCState,mean,Ref,CeF3-2,CeF3-2-4,4,esm1,-38.4,-59.4,9.89770924892849,standard,50-75 cm,38.4-59.4 cm
NCState,mean,Ref,CeF3-2,CeF3-2-4,4,esm2,-38.3820371353077,-59.4273821765815,9.05448554804024,standard,50-75 cm,38.4-59.4 cm
NCState,mean,Ref,CeF3-2,CeF3-2-5,5,esm1,-59.4,-82.4,7.06615934279984,standard,75-100 cm,59.4-82.4 cm
NCState,mean,Ref,CeF3-2,CeF3-2-5,5,esm2,-59.4273821765815,-82.278504813643,7.63472950809434,standard,75-100 cm,59.4-82.3 cm
NCState,mean,SHM,CeH1-1,CeH1-1-1,1,esm1,0,-10.5,18.65611756918,standard,0-10 cm,0-10.5 cm
NCState,mean,SHM,CeH1-1,CeH1-1-1,1,esm2,0,-10.5724047789544,18.2321483081862,standard,0-10 cm,0-10.6 cm
NCState,mean,SHM,CeH1-1,CeH1-1-2,2,esm1,-10.5,-28.1,15.4304002258561,standard,10-30 cm,10.5-28.1 cm
NCState,mean,SHM,CeH1-1,CeH1-1-2,2,esm2,-10.5724047789544,-28.4809022606091,12.0947471891861,standard,10-30 cm,10.6-28.5 cm
NCState,mean,SHM,CeH1-1,CeH1-1-3,3,esm1,-28.1,-45.6,14.7039939050762,standard,30-50 cm,28.1-45.6 cm
NCState,mean,SHM,CeH1-1,CeH1-1-3,3,esm2,-28.4809022606091,-45.618950283738,19.2177426804075,standard,30-50 cm,28.5-45.6 cm
NCState,mean,SHM,CeH1-1,CeH1-1-4,4,esm1,-45.6,-67.9,10.6486690263668,standard,50-75 cm,45.6-67.9 cm
NCState,mean,SHM,CeH1-1,CeH1-1-4,4,esm2,-45.618950283738,-67.7798943943015,11.2724371501658,standard,50-75 cm,45.6-67.8 cm
NCState,mean,SHM,CeH1-1,CeH1-1-5,5,esm1,-67.9,-91.2,9.75767975926244,standard,75-100 cm,67.9-91.2 cm
NCState,mean,SHM,CeH1-1,CeH1-1-5,5,esm2,-67.7798943943015,-91.0529916423529,7.63870521539909,standard,75-100 cm,67.8-91.1 cm
NCState,mean,SHM,CeH1-2,CeH1-2-1,1,esm1,0,-11.9,42.71679504477,standard,0-10 cm,0-11.9 cm
NCState,mean,SHM,CeH1-2,CeH1-2-1,1,esm2,0,-11.8501054398303,43.082088830722,standard,0-10 cm,0-11.9 cm
NCState,mean,SHM,CeH1-2,CeH1-2-2,2,esm1,-11.9,-34.8,35.0082400294618,standard,10-30 cm,11.9-34.8 cm
NCState,mean,SHM,CeH1-2,CeH1-2-2,2,esm2,-11.8501054398303,-35.3850914612723,40.7838900875926,standard,10-30 cm,11.9-35.4 cm
NCState,mean,SHM,CeH1-2,CeH1-2-3,3,esm1,-34.8,-56.7,15.4457807178681,standard,30-50 cm,34.8-56.7 cm
NCState,mean,SHM,CeH1-2,CeH1-2-3,3,esm2,-35.3850914612723,-56.0095061598148,7.75027190890457,standard,30-50 cm,35.4-56 cm
NCState,mean,SHM,CeH1-2,CeH1-2-4,4,esm1,-56.7,-85.3,9.24689370748084,standard,50-75 cm,56.7-85.3 cm
NCState,mean,SHM,CeH1-2,CeH1-2-4,4,esm2,-56.0095061598148,-83.6520629062447,5.49595380604862,standard,50-75 cm,56-83.7 cm
NCState,mean,SHM,CeH1-2,CeH1-2-5,5,esm1,-85.3,-114.1,9.31155729984084,standard,75-100 cm,85.3-114.1 cm
NCState,mean,SHM,CeH1-2,CeH1-2-5,5,esm2,-83.6520629062447,-117.954354593557,28.7326200812147,standard,75-100 cm,83.7-118 cm
NCState,mean,SHM,CeH1-3,CeH1-3-1,1,esm1,0,-9.3,48.579071783689,standard,0-10 cm,0-9.3 cm
NCState,mean,SHM,CeH1-3,CeH1-3-1,1,esm2,0,-9.43537536461252,49.5182692168884,standard,0-10 cm,0-9.4 cm
NCState,mean,SHM,CeH1-3,CeH1-3-2,2,esm1,-9.3,-28.8,33.0159302264011,standard,10-30 cm,9.3-28.8 cm
NCState,mean,SHM,CeH1-3,CeH1-3-2,2,esm2,-9.43537536461252,-27.5260023245236,41.9723130668877,standard,10-30 cm,9.4-27.5 cm
NCState,mean,SHM,CeH1-3,CeH1-3-3,3,esm1,-28.8,-49.2,19.61660617272,standard,30-50 cm,28.8-49.2 cm
NCState,mean,SHM,CeH1-3,CeH1-3-3,3,esm2,-27.5260023245236,-48.5391561224102,17.4042938050305,standard,30-50 cm,27.5-48.5 cm
NCState,mean,SHM,CeH1-3,CeH1-3-4,4,esm1,-49.2,-73.6,15.8859925140239,standard,50-75 cm,49.2-73.6 cm
NCState,mean,SHM,CeH1-3,CeH1-3-4,4,esm2,-48.5391561224102,-75.4880743708485,5.69199051029264,standard,50-75 cm,48.5-75.5 cm
NCState,mean,SHM,CeH1-3,CeH1-3-5,5,esm1,-73.6,-96.9,8.39379186367192,standard,75-100 cm,73.6-96.9 cm
NCState,mean,SHM,CeH1-3,CeH1-3-5,5,esm2,-75.4880743708485,-97.7164912452147,9.2609947850314,standard,75-100 cm,75.5-97.7 cm
NCState,mean,SHM,CeH2-1,CeH2-1-1,1,esm1,0,-9.7,26.005736774556,standard,0-10 cm,0-9.7 cm
NCState,mean,SHM,CeH2-1,CeH2-1-1,1,esm2,0,-9.75740292897092,26.2148888618152,standard,0-10 cm,0-9.8 cm
NCState,mean,SHM,CeH2-1,CeH2-1-2,2,esm1,-9.7,-29.9,23.4419767087328,standard,10-30 cm,9.7-29.9 cm
NCState,mean,SHM,CeH2-1,CeH2-1-2,2,esm2,-9.75740292897092,-29.9263775599886,23.310489430545,standard,10-30 cm,9.8-29.9 cm
NCState,mean,SHM,CeH2-1,CeH2-1-3,3,esm1,-29.9,-49.7,14.2159566086416,standard,30-50 cm,29.9-49.7 cm
NCState,mean,SHM,CeH2-1,CeH2-1-3,3,esm2,-29.9263775599886,-49.8914741843603,13.8483302476546,standard,30-50 cm,29.9-49.9 cm
NCState,mean,SHM,CeH2-1,CeH2-1-4,4,esm1,-49.7,-75,12.3637970334459,standard,50-75 cm,49.7-75 cm
NCState,mean,SHM,CeH2-1,CeH2-1-4,4,esm2,-49.8914741843603,-74.90368639926,15.5825072918345,standard,50-75 cm,49.9-74.9 cm
NCState,mean,SHM,CeH2-1,CeH2-1-5,5,esm1,-75,-100.5,6.9801074411636,standard,75-100 cm,75-100.5 cm
NCState,mean,SHM,CeH2-1,CeH2-1-5,5,esm2,-74.90368639926,-100.583219504527,3.91302472981926,standard,75-100 cm,74.9-100.6 cm
NCState,mean,SHM,CeH2-2,CeH2-2-1,1,esm1,0,-9.5,24.50174281246,standard,0-10 cm,0-9.5 cm
NCState,mean,SHM,CeH2-2,CeH2-2-1,1,esm2,0,-9.56250492719249,24.8510339744222,standard,0-10 cm,0-9.6 cm
NCState,mean,SHM,CeH2-2,CeH2-2-2,2,esm1,-9.5,-29.4,19.4318283077254,standard,10-30 cm,9.5-29.4 cm
NCState,mean,SHM,CeH2-2,CeH2-2-2,2,esm2,-9.56250492719249,-29.5077791686072,21.4062705868379,standard,10-30 cm,9.6-29.5 cm
NCState,mean,SHM,CeH2-2,CeH2-2-3,3,esm1,-29.4,-49,16.3973645501407,standard,30-50 cm,29.4-49 cm
NCState,mean,SHM,CeH2-2,CeH2-2-3,3,esm2,-29.5077791686072,-48.9821853839943,15.7891786680874,standard,30-50 cm,29.5-49 cm
NCState,mean,SHM,CeH2-2,CeH2-2-4,4,esm1,-49,-75.4,15.1925769076612,standard,50-75 cm,49-75.4 cm
NCState,mean,SHM,CeH2-2,CeH2-2-4,4,esm2,-48.9821853839943,-74.6768096489836,14.3112827254279,standard,50-75 cm,49-74.7 cm
NCState,mean,SHM,CeH2-2,CeH2-2-5,5,esm1,-75.4,-103,12.1553807462862,standard,75-100 cm,75.4-103 cm
NCState,mean,SHM,CeH2-2,CeH2-2-5,5,esm2,-74.6768096489836,-103.320075064739,11.2374569381844,standard,75-100 cm,74.7-103.3 cm
NCState,mean,SHM,CeH2-3,CeH2-3-1,1,esm1,0,-10.4,28.830853069024,standard,0-10 cm,0-10.4 cm
NCState,mean,SHM,CeH2-3,CeH2-3-1,1,esm2,0,-10.5226158845187,28.9979913518594,standard,0-10 cm,0-10.5 cm
NCState,mean,SHM,CeH2-3,CeH2-3-2,2,esm1,-10.4,-31.2,38.8337641608042,standard,10-30 cm,10.4-31.2 cm
NCState,mean,SHM,CeH2-3,CeH2-3-2,2,esm2,-10.5226158845187,-30.3284510201432,42.6390939635552,standard,10-30 cm,10.5-30.3 cm
NCState,mean,SHM,CeH2-3,CeH2-3-3,3,esm1,-31.2,-54.3,24.2638961507019,standard,30-50 cm,31.2-54.3 cm
NCState,mean,SHM,CeH2-3,CeH2-3-3,3,esm2,-30.3284510201432,-54.768568391166,21.2618524413605,standard,30-50 cm,30.3-54.8 cm
NCState,mean,SHM,CeH2-3,CeH2-3-4,4,esm1,-54.3,-80.9,5.99690817361915,standard,50-75 cm,54.3-80.9 cm
NCState,mean,SHM,CeH2-3,CeH2-3-4,4,esm2,-54.768568391166,-84.4777174270024,8.6579229039547,standard,50-75 cm,54.8-84.5 cm
NCState,mean,SHM,CeH2-3,CeH2-3-5,5,esm1,-80.9,-107.8,6.06454247632914,standard,75-100 cm,80.9-107.8 cm
NCState,mean,SHM,CeH2-3,CeH2-3-5,5,esm2,-84.4777174270024,-104.155447956083,0.721764118854409,standard,75-100 cm,84.5-104.2 cm
NCState,mean,SHM,CeH3-3,CeH3-3-1,1,esm1,0,-9,23.89688733911,standard,0-10 cm,0-9 cm
NCState,mean,SHM,CeH3-3,CeH3-3-1,1,esm2,0,-9.08393638908205,24.4005630669226,standard,0-10 cm,0-9.1 cm
NCState,mean,SHM,CeH3-3,CeH3-3-2,2,esm1,-9,-31.8,24.5396950592764,standard,10-30 cm,9-31.8 cm
NCState,mean,SHM,CeH3-3,CeH3-3-2,2,esm2,-9.08393638908205,-31.4078715930756,24.7938513923687,standard,10-30 cm,9.1-31.4 cm
NCState,mean,SHM,CeH3-3,CeH3-3-3,3,esm1,-31.8,-52,8.77301698838366,standard,30-50 cm,31.8-52 cm
NCState,mean,SHM,CeH3-3,CeH3-3-3,3,esm2,-31.4078715930756,-60.0289979823729,14.0549316098188,standard,30-50 cm,31.4-60 cm
NCState,mean,SHM,CeH3-3,CeH3-3-4,4,esm1,-52,-76.1,6.92364837221926,standard,50-75 cm,52-76.1 cm
NCState,mean,SHM,CeH3-3,CeH3-3-4,4,esm2,-60.0289979823729,-88.6403909626477,6.79862845024412,standard,50-75 cm,60-88.6 cm
NCState,mean,SHM,CeH3-3,CeH3-3-5,5,esm1,-76.1,-100.4,6.98110603505926,standard,75-100 cm,76.1-100.4 cm
NCState,mean,SHM,CeH3-3,CeH3-3-5,5,esm2,-88.6403909626477,-99.9947284556734,0.951471847582425,standard,75-100 cm,88.6-100 cm
NCState,min,BAU,CeC1-1,CeC1-1-1,1,esm1,0,-7.3,16.860403932346,standard,0-10 cm,0-7.3 cm
NCState,min,BAU,CeC1-1,CeC1-1-1,1,esm2,0,-7.73572836361626,16.8633353622071,standard,0-10 cm,0-7.7 cm
NCState,min,BAU,CeC1-1,CeC1-1-2,2,esm1,-7.3,-18.5,35.0095581696388,standard,10-30 cm,7.3-18.5 cm
NCState,min,BAU,CeC1-1,CeC1-1-2,2,esm2,-7.73572836361626,-18.4335200040947,36.8056434736018,standard,10-30 cm,7.7-18.4 cm
NCState,min,BAU,CeC1-1,CeC1-1-3,3,esm1,-18.5,-37.7,18.9348842879373,standard,30-50 cm,18.5-37.7 cm
NCState,min,BAU,CeC1-1,CeC1-1-3,3,esm2,-18.4335200040947,-37.5583872207962,18.264596721837,standard,30-50 cm,18.4-37.6 cm
NCState,min,BAU,CeC1-1,CeC1-1-4,4,esm1,-37.7,-62.2,12.2984784768566,standard,50-75 cm,37.7-62.2 cm
NCState,min,BAU,CeC1-1,CeC1-1-4,4,esm2,-37.5583872207962,-62.619033438556,11.6067988088196,standard,50-75 cm,37.6-62.6 cm
NCState,min,BAU,CeC1-1,CeC1-1-5,5,esm1,-62.2,-84.2,12.2519298163039,standard,75-100 cm,62.2-84.2 cm
NCState,min,BAU,CeC1-1,CeC1-1-5,5,esm2,-62.619033438556,-84.8321203521399,9.65769230730167,standard,75-100 cm,62.6-84.8 cm
NCState,min,BAU,CeC1-2,CeC1-2-1,1,esm1,0,-5.1,14.24351202778,standard,0-10 cm,0-5.1 cm
NCState,min,BAU,CeC1-2,CeC1-2-1,1,esm2,0,-5.12269586069719,14.4073697440767,standard,0-10 cm,0-5.1 cm
NCState,min,BAU,CeC1-2,CeC1-2-2,2,esm1,-5.1,-24.7,25.5255723839758,standard,10-30 cm,5.1-24.7 cm
NCState,min,BAU,CeC1-2,CeC1-2-2,2,esm2,-5.12269586069719,-25.6017472572904,25.9981714471054,standard,10-30 cm,5.1-25.6 cm
NCState,min,BAU,CeC1-2,CeC1-2-3,3,esm1,-24.7,-43,7.49430324122434,standard,30-50 cm,24.7-43 cm
NCState,min,BAU,CeC1-2,CeC1-2-3,3,esm2,-25.6017472572904,-50.7789287379541,12.5126959679219,standard,30-50 cm,25.6-50.8 cm
NCState,min,BAU,CeC1-2,CeC1-2-4,4,esm1,-43,-66.2,8.74880239746451,standard,50-75 cm,43-66.2 cm
NCState,min,BAU,CeC1-2,CeC1-2-4,4,esm2,-50.7789287379541,-63.6056574459887,1.74128715558506,standard,50-75 cm,50.8-63.6 cm
NCState,min,BAU,CeC1-2,CeC1-2-5,5,esm1,-66.2,-87.5,5.64186447900676,standard,75-100 cm,66.2-87.5 cm
NCState,min,BAU,CeC1-2,CeC1-2-5,5,esm2,-63.6056574459887,-80.3551634239086,3.24391770955138,standard,75-100 cm,63.6-80.4 cm
NCState,min,BAU,CeC1-3,CeC1-3-1,1,esm1,0,-5.1,11.346593280132,standard,0-10 cm,0-5.1 cm
NCState,min,BAU,CeC1-3,CeC1-3-1,1,esm2,0,-5.15957011883688,11.478410268273,standard,0-10 cm,0-5.2 cm
NCState,min,BAU,CeC1-3,CeC1-3-2,2,esm1,-5.1,-16.3,21.057290018856,standard,10-30 cm,5.1-16.3 cm
NCState,min,BAU,CeC1-3,CeC1-3-2,2,esm2,-5.15957011883688,-16.6029965569556,22.2861863841649,standard,10-30 cm,5.2-16.6 cm
NCState,min,BAU,CeC1-3,CeC1-3-3,3,esm1,-16.3,-33.7,16.7311822425668,standard,30-50 cm,16.3-33.7 cm
NCState,min,BAU,CeC1-3,CeC1-3-3,3,esm2,-16.6029965569556,-32.1564715678377,18.3742072668346,standard,30-50 cm,16.6-32.2 cm
NCState,min,BAU,CeC1-3,CeC1-3-4,4,esm1,-33.7,-57.9,14.4737698252767,standard,50-75 cm,33.7-57.9 cm
NCState,min,BAU,CeC1-3,CeC1-3-4,4,esm2,-32.1564715678377,-58.4591833769721,11.7100051235441,standard,50-75 cm,32.2-58.5 cm
NCState,min,BAU,CeC1-3,CeC1-3-5,5,esm1,-57.9,-80.8,5.65688276332161,standard,75-100 cm,57.9-80.8 cm
NCState,min,BAU,CeC1-3,CeC1-3-5,5,esm2,-58.4591833769721,-83.8083091736016,5.0036756040764,standard,75-100 cm,58.5-83.8 cm
NCState,min,BAU,CeC2-1,CeC2-1-1,1,esm1,0,-6.5,11.57417066465,standard,0-10 cm,0-6.5 cm
NCState,min,BAU,CeC2-1,CeC2-1-1,1,esm2,0,-6.60340832443876,11.7553150593748,standard,0-10 cm,0-6.6 cm
NCState,min,BAU,CeC2-1,CeC2-1-2,2,esm1,-6.5,-20.4,18.8598049782561,standard,10-30 cm,6.5-20.4 cm
NCState,min,BAU,CeC2-1,CeC2-1-2,2,esm2,-6.60340832443876,-21.020138951432,20.6615013136277,standard,10-30 cm,6.6-21 cm
NCState,min,BAU,CeC2-1,CeC2-1-3,3,esm1,-20.4,-35.5,24.8995343778841,standard,30-50 cm,20.4-35.5 cm
NCState,min,BAU,CeC2-1,CeC2-1-3,3,esm2,-21.020138951432,-36.0321928756918,20.863775181104,standard,30-50 cm,21-36 cm
NCState,min,BAU,CeC2-1,CeC2-1-4,4,esm1,-35.5,-55.7,21.7064858162204,standard,50-75 cm,35.5-55.7 cm
NCState,min,BAU,CeC2-1,CeC2-1-4,4,esm2,-36.0321928756918,-52.5483981719697,34.2551218525385,standard,50-75 cm,36-52.5 cm
NCState,min,BAU,CeC2-1,CeC2-1-5,5,esm1,-55.7,-77.3,12.894601800961,standard,75-100 cm,55.7-77.3 cm
NCState,min,BAU,CeC2-1,CeC2-1-5,5,esm2,-52.5483981719697,-71.1971934861299,13.8252562683792,standard,75-100 cm,52.5-71.2 cm
NCState,min,BAU,CeC2-2,CeC2-2-1,1,esm1,0,-4.7,14.76080549251,standard,0-10 cm,0-4.7 cm
NCState,min,BAU,CeC2-2,CeC2-2-1,1,esm2,0,-4.72462942039211,15.0678134284936,standard,0-10 cm,0-4.7 cm
NCState,min,BAU,CeC2-2,CeC2-2-2,2,esm1,-4.7,-16,18.6811391545901,standard,10-30 cm,4.7-16 cm
NCState,min,BAU,CeC2-2,CeC2-2-2,2,esm2,-4.72462942039211,-16.995190535593,20.7950010215868,standard,10-30 cm,4.7-17 cm
NCState,min,BAU,CeC2-2,CeC2-2-3,3,esm1,-16,-30.2,21.0165209497204,standard,30-50 cm,16-30.2 cm
NCState,min,BAU,CeC2-2,CeC2-2-3,3,esm2,-16.995190535593,-30.3585181435224,20.3982014229716,standard,30-50 cm,17-30.4 cm
NCState,min,BAU,CeC2-2,CeC2-2-4,4,esm1,-30.2,-51.4,12.661674874656,standard,50-75 cm,30.2-51.4 cm
NCState,min,BAU,CeC2-2,CeC2-2-4,4,esm2,-30.3585181435224,-50.6865630132429,12.7557104168609,standard,50-75 cm,30.4-50.7 cm
NCState,min,BAU,CeC2-2,CeC2-2-5,5,esm1,-51.4,-73.5,9.0551052706779,standard,75-100 cm,51.4-73.5 cm
NCState,min,BAU,CeC2-2,CeC2-2-5,5,esm2,-50.6865630132429,-74.0546315434794,5.47652731105545,standard,75-100 cm,50.7-74.1 cm
NCState,min,BAU,CeC2-3,CeC2-3-1,1,esm1,0,-5.5,13.47631596615,standard,0-10 cm,0-5.5 cm
NCState,min,BAU,CeC2-3,CeC2-3-1,1,esm2,0,-5.61836563667681,13.80056029776,standard,0-10 cm,0-5.6 cm
NCState,min,BAU,CeC2-3,CeC2-3-2,2,esm1,-5.5,-17.6,26.4012603979801,standard,10-30 cm,5.5-17.6 cm
NCState,min,BAU,CeC2-3,CeC2-3-2,2,esm2,-5.61836563667681,-17.9599595627368,26.7344632234744,standard,10-30 cm,5.6-18 cm
NCState,min,BAU,CeC2-3,CeC2-3-3,3,esm1,-17.6,-34.8,26.8192170435361,standard,30-50 cm,17.6-34.8 cm
NCState,min,BAU,CeC2-3,CeC2-3-3,3,esm2,-17.9599595627368,-34.2986717673619,29.5899052825171,standard,30-50 cm,18-34.3 cm
NCState,min,BAU,CeC2-3,CeC2-3-4,4,esm1,-34.8,-58.5,10.419046820858,standard,50-75 cm,34.8-58.5 cm
NCState,min,BAU,CeC2-3,CeC2-3-4,4,esm2,-34.2986717673619,-60.6783689513162,6.79430383361282,standard,50-75 cm,34.3-60.7 cm
NCState,min,BAU,CeC2-3,CeC2-3-5,5,esm1,-58.5,-81.4,3.64244058225752,standard,75-100 cm,58.5-81.4 cm
NCState,min,BAU,CeC2-3,CeC2-3-5,5,esm2,-60.6783689513162,-85.1732136709408,1.58965003344257,standard,75-100 cm,60.7-85.2 cm
NCState,min,BAU,CeC3-1,CeC3-1-1,1,esm1,0,-5.4,17.334175156032,standard,0-10 cm,0-5.4 cm
NCState,min,BAU,CeC3-1,CeC3-1-1,1,esm2,0,-5.44672457999785,17.5396681174968,standard,0-10 cm,0-5.4 cm
NCState,min,BAU,CeC3-1,CeC3-1-2,2,esm1,-5.4,-18.2,32.4324987461719,standard,10-30 cm,5.4-18.2 cm
NCState,min,BAU,CeC3-1,CeC3-1-2,2,esm2,-5.44672457999785,-18.3452520758392,35.5664487892623,standard,10-30 cm,5.4-18.3 cm
NCState,min,BAU,CeC3-1,CeC3-1-3,3,esm1,-18.2,-36,41.9458012147166,standard,30-50 cm,18.2-36 cm
NCState,min,BAU,CeC3-1,CeC3-1-3,3,esm2,-18.3452520758392,-36.3998613808664,44.8901248566899,standard,30-50 cm,18.3-36.4 cm
NCState,min,BAU,CeC3-1,CeC3-1-4,4,esm1,-36,-57.5,38.3391270850806,standard,50-75 cm,36-57.5 cm
NCState,min,BAU,CeC3-1,CeC3-1-4,4,esm2,-36.3998613808664,-58.090001566548104,36.0724360353787,standard,50-75 cm,36.4-58.1 cm
NCState,min,BAU,CeC3-1,CeC3-1-5,5,esm1,-57.5,-77.1,17.7657931786737,standard,75-100 cm,57.5-77.1 cm
NCState,min,BAU,CeC3-1,CeC3-1-5,5,esm2,-58.090001566548104,-77.2823466801811,14.2381145661168,standard,75-100 cm,58.1-77.3 cm
NCState,min,BAU,CeC3-3,CeC3-3-1,1,esm1,0,-4.6,15.047217698304,standard,0-10 cm,0-4.6 cm
NCState,min,BAU,CeC3-3,CeC3-3-1,1,esm2,0,-4.67478715897949,15.231145529951,standard,0-10 cm,0-4.7 cm
NCState,min,BAU,CeC3-3,CeC3-3-2,2,esm1,-4.6,-15.9,36.9310428631498,standard,10-30 cm,4.6-15.9 cm
NCState,min,BAU,CeC3-3,CeC3-3-2,2,esm2,-4.67478715897949,-16.3631282474611,42.6448207968703,standard,10-30 cm,4.7-16.4 cm
NCState,min,BAU,CeC3-3,CeC3-3-3,3,esm1,-15.9,-30.8,44.3483410629943,standard,30-50 cm,15.9-30.8 cm
NCState,min,BAU,CeC3-3,CeC3-3-3,3,esm2,-16.3631282474611,-31.1733504318995,49.9106846666557,standard,30-50 cm,16.4-31.2 cm
NCState,min,BAU,CeC3-3,CeC3-3-4,4,esm1,-30.8,-50.3,47.4280214663474,standard,50-75 cm,30.8-50.3 cm
NCState,min,BAU,CeC3-3,CeC3-3-4,4,esm2,-31.1733504318995,-50.28049093981,37.1993101345692,standard,50-75 cm,31.2-50.3 cm
NCState,min,BAU,CeC3-3,CeC3-3-5,5,esm1,-50.3,-70.1,21.1490843389394,standard,75-100 cm,50.3-70.1 cm
NCState,min,BAU,CeC3-3,CeC3-3-5,5,esm2,-50.28049093981,-70.0900239343641,19.4013842764761,standard,75-100 cm,50.3-70.1 cm
NCState,min,Ref,CeF3-1,CeF3-1-1,1,esm1,0,-10,29.72533536365,standard,0-10 cm,0-10 cm
NCState,min,Ref,CeF3-1,CeF3-1-1,1,esm2,0,-10,29.72533536365,standard,0-10 cm,0-10 cm
NCState,min,Ref,CeF3-1,CeF3-1-2,2,esm1,-10,-25.3,10.8613890383673,standard,10-30 cm,10-25.3 cm
NCState,min,Ref,CeF3-1,CeF3-1-2,2,esm2,-10,-20.8010013505145,10.9255217176272,standard,10-30 cm,10-20.8 cm
NCState,min,Ref,CeF3-1,CeF3-1-3,3,esm1,-25.3,-45.9,12.0279630004373,standard,30-50 cm,25.3-45.9 cm
NCState,min,Ref,CeF3-1,CeF3-1-3,3,esm2,-20.8010013505145,-47.8241095945897,13.664284419964,standard,30-50 cm,20.8-47.8 cm
NCState,min,Ref,CeF3-1,CeF3-1-4,4,esm1,-45.9,-69.9,6.47800998143964,standard,50-75 cm,45.9-69.9 cm
NCState,min,Ref,CeF3-1,CeF3-1-4,4,esm2,-47.8241095945897,-69.9433473197251,4.79940449486871,standard,50-75 cm,47.8-69.9 cm
NCState,min,Ref,CeF3-1,CeF3-1-5,5,esm1,-69.9,-93.2,4.04924031329649,standard,75-100 cm,69.9-93.2 cm
NCState,min,Ref,CeF3-1,CeF3-1-5,5,esm2,-69.9433473197251,-92.3811014067959,3.15413588530507,standard,75-100 cm,69.9-92.4 cm
NCState,min,Ref,CeF3-2,CeF3-2-1,1,esm1,0,-4.7,15.28003682127,standard,0-10 cm,0-4.7 cm
NCState,min,Ref,CeF3-2,CeF3-2-1,1,esm2,0,-4.78337976612219,15.644710824262,standard,0-10 cm,0-4.8 cm
NCState,min,Ref,CeF3-2,CeF3-2-2,2,esm1,-4.7,-14.8,17.0584303949539,standard,10-30 cm,4.7-14.8 cm
NCState,min,Ref,CeF3-2,CeF3-2-2,2,esm2,-4.78337976612219,-15.3774174422942,21.8785794544696,standard,10-30 cm,4.8-15.4 cm
NCState,min,Ref,CeF3-2,CeF3-2-3,3,esm1,-14.8,-27.5,11.5394061900006,standard,30-50 cm,14.8-27.5 cm
NCState,min,Ref,CeF3-2,CeF3-2-3,3,esm2,-15.3774174422942,-27.9302105779315,12.8852981522388,standard,30-50 cm,15.4-27.9 cm
NCState,min,Ref,CeF3-2,CeF3-2-4,4,esm1,-27.5,-44.5,13.3163258384747,standard,50-75 cm,27.5-44.5 cm
NCState,min,Ref,CeF3-2,CeF3-2-4,4,esm2,-27.9302105779315,-44.304751443695,6.56939688993022,standard,50-75 cm,27.9-44.3 cm
NCState,min,Ref,CeF3-2,CeF3-2-5,5,esm1,-44.5,-63.3,7.74895890789041,standard,75-100 cm,44.5-63.3 cm
NCState,min,Ref,CeF3-2,CeF3-2-5,5,esm2,-44.304751443695,-63.3185498810632,8.27741424214987,standard,75-100 cm,44.3-63.3 cm
NCState,min,SHM,CeH1-1,CeH1-1-1,1,esm1,0,-6.5,15.6364220271,standard,0-10 cm,0-6.5 cm
NCState,min,SHM,CeH1-1,CeH1-1-1,1,esm2,0,-6.87256558973281,17.0558939070749,standard,0-10 cm,0-6.9 cm
NCState,min,SHM,CeH1-1,CeH1-1-2,2,esm1,-6.5,-17.9,9.50747745522408,standard,10-30 cm,6.5-17.9 cm
NCState,min,SHM,CeH1-1,CeH1-1-2,2,esm2,-6.87256558973281,-18.2090313567904,3.90642758357858,standard,10-30 cm,6.9-18.2 cm
NCState,min,SHM,CeH1-1,CeH1-1-3,3,esm1,-17.9,-32.9,13.1509092834001,standard,30-50 cm,17.9-32.9 cm
NCState,min,SHM,CeH1-1,CeH1-1-3,3,esm2,-18.2090313567904,-33.134021198398,14.7755596891199,standard,30-50 cm,18.2-33.1 cm
NCState,min,SHM,CeH1-1,CeH1-1-4,4,esm1,-32.9,-52.3,13.6950788302024,standard,50-75 cm,32.9-52.3 cm
NCState,min,SHM,CeH1-1,CeH1-1-4,4,esm2,-33.134021198398,-52.1810208888168,18.7036650909805,standard,50-75 cm,33.1-52.2 cm
NCState,min,SHM,CeH1-1,CeH1-1-5,5,esm1,-52.3,-71.7,9.26386453414868,standard,75-100 cm,52.3-71.7 cm
NCState,min,SHM,CeH1-1,CeH1-1-5,5,esm2,-52.1810208888168,-71.7143365907874,7.46853866577869,standard,75-100 cm,52.2-71.7 cm
NCState,min,SHM,CeH1-2,CeH1-2-1,1,esm1,0,-7.3,29.985982296726,standard,0-10 cm,0-7.3 cm
NCState,min,SHM,CeH1-2,CeH1-2-1,1,esm2,0,-7.63574265962948,32.1465366093564,standard,0-10 cm,0-7.6 cm
NCState,min,SHM,CeH1-2,CeH1-2-2,2,esm1,-7.3,-22,34.7886607759739,standard,10-30 cm,7.3-22 cm
NCState,min,SHM,CeH1-2,CeH1-2-2,2,esm2,-7.63574265962948,-22.0574879065344,33.0619204543198,standard,10-30 cm,7.6-22.1 cm
NCState,min,SHM,CeH1-2,CeH1-2-3,3,esm1,-22,-40.6,18.2423742543239,standard,30-50 cm,22-40.6 cm
NCState,min,SHM,CeH1-2,CeH1-2-3,3,esm2,-22.0574879065344,-41.0814055480022,22.7707196683684,standard,30-50 cm,22.1-41.1 cm
NCState,min,SHM,CeH1-2,CeH1-2-4,4,esm1,-40.6,-65.2,12.9020011403764,standard,50-75 cm,40.6-65.2 cm
NCState,min,SHM,CeH1-2,CeH1-2-4,4,esm2,-41.0814055480022,-63.9128536124308,4.43018869438575,standard,50-75 cm,41.1-63.9 cm
NCState,min,SHM,CeH1-2,CeH1-2-5,5,esm1,-65.2,-90.2,8.08294904500073,standard,75-100 cm,65.2-90.2 cm
NCState,min,SHM,CeH1-2,CeH1-2-5,5,esm2,-63.9128536124308,-88.966811595735,7.25886644296986,standard,75-100 cm,63.9-89 cm
NCState,min,SHM,CeH1-3,CeH1-3-1,1,esm1,0,-5.5,33.584864867815,standard,0-10 cm,0-5.5 cm
NCState,min,SHM,CeH1-3,CeH1-3-1,1,esm2,0,-5.6498241252185,34.8108897088704,standard,0-10 cm,0-5.6 cm
NCState,min,SHM,CeH1-3,CeH1-3-2,2,esm1,-5.5,-16.7,36.3747972064951,standard,10-30 cm,5.5-16.7 cm
NCState,min,SHM,CeH1-3,CeH1-3-2,2,esm2,-5.6498241252185,-16.6470103843368,36.1420605630478,standard,10-30 cm,5.6-16.6 cm
NCState,min,SHM,CeH1-3,CeH1-3-3,3,esm1,-16.7,-34.3,16.92413081568,standard,30-50 cm,16.7-34.3 cm
NCState,min,SHM,CeH1-3,CeH1-3-3,3,esm2,-16.6470103843368,-32.9919964966117,27.1129910521055,standard,30-50 cm,16.6-33 cm
NCState,min,SHM,CeH1-3,CeH1-3-4,4,esm1,-34.3,-57,21.82828235886,standard,50-75 cm,34.3-57 cm
NCState,min,SHM,CeH1-3,CeH1-3-4,4,esm2,-32.9919964966117,-56.8146026136442,13.5814692092333,standard,50-75 cm,33-56.8 cm
NCState,min,SHM,CeH1-3,CeH1-3-5,5,esm1,-57,-77.6,9.82651975934394,standard,75-100 cm,57-77.6 cm
NCState,min,SHM,CeH1-3,CeH1-3-5,5,esm2,-56.8146026136442,-79.8161884261028,3.61049915372439,standard,75-100 cm,56.8-79.8 cm
NCState,min,SHM,CeH2-1,CeH2-1-1,1,esm1,0,-5.9,14.266318781532,standard,0-10 cm,0-5.9 cm
NCState,min,SHM,CeH2-1,CeH2-1-1,1,esm2,0,-6.05939864602249,14.5404209708789,standard,0-10 cm,0-6.1 cm
NCState,min,SHM,CeH2-1,CeH2-1-2,2,esm1,-5.9,-18.1,21.8306846260589,standard,10-30 cm,5.9-18.1 cm
NCState,min,SHM,CeH2-1,CeH2-1-2,2,esm2,-6.05939864602249,-17.9562533443929,27.4596244937762,standard,10-30 cm,6.1-18 cm
NCState,min,SHM,CeH2-1,CeH2-1-3,3,esm1,-18.1,-35.3,17.258010036179,standard,30-50 cm,18.1-35.3 cm
NCState,min,SHM,CeH2-1,CeH2-1-3,3,esm2,-17.9562533443929,-35.4057713530722,10.5897295486707,standard,30-50 cm,18-35.4 cm
NCState,min,SHM,CeH2-1,CeH2-1-4,4,esm1,-35.3,-57.3,15.7493365458006,standard,50-75 cm,35.3-57.3 cm
NCState,min,SHM,CeH2-1,CeH2-1-4,4,esm2,-35.4057713530722,-57.3633928523598,16.612345105869,standard,50-75 cm,35.4-57.4 cm
NCState,min,SHM,CeH2-1,CeH2-1-5,5,esm1,-57.3,-79.4,8.12752783153589,standard,75-100 cm,57.3-79.4 cm
NCState,min,SHM,CeH2-1,CeH2-1-5,5,esm2,-57.3633928523598,-79.2893741768052,11.1447207599255,standard,75-100 cm,57.4-79.3 cm
NCState,min,SHM,CeH2-2,CeH2-2-1,1,esm1,0,-5.5,15.78972855214,standard,0-10 cm,0-5.5 cm
NCState,min,SHM,CeH2-2,CeH2-2-1,1,esm2,0,-5.63212165228899,16.3414562395544,standard,0-10 cm,0-5.6 cm
NCState,min,SHM,CeH2-2,CeH2-2-2,2,esm1,-5.5,-17.9,18.52293989832,standard,10-30 cm,5.5-17.9 cm
NCState,min,SHM,CeH2-2,CeH2-2-2,2,esm2,-5.63212165228899,-17.996219730616,18.6734954750835,standard,10-30 cm,5.6-18 cm
NCState,min,SHM,CeH2-2,CeH2-2-3,3,esm1,-17.9,-34.7,14.0548839001206,standard,30-50 cm,17.9-34.7 cm
NCState,min,SHM,CeH2-2,CeH2-2-3,3,esm2,-17.996219730616,-34.7693551312567,15.9298650949614,standard,30-50 cm,18-34.8 cm
NCState,min,SHM,CeH2-2,CeH2-2-4,4,esm1,-34.7,-56.5,18.2378850608707,standard,50-75 cm,34.7-56.5 cm
NCState,min,SHM,CeH2-2,CeH2-2-4,4,esm2,-34.7693551312567,-56.496901375055,16.0132428285445,standard,50-75 cm,34.8-56.5 cm
NCState,min,SHM,CeH2-2,CeH2-2-5,5,esm1,-56.5,-80.2,11.0320544267596,standard,75-100 cm,56.5-80.2 cm
NCState,min,SHM,CeH2-2,CeH2-2-5,5,esm2,-56.496901375055,-79.3700741354126,11.4175007906387,standard,75-100 cm,56.5-79.4 cm
NCState,min,SHM,CeH2-3,CeH2-3-1,1,esm1,0,-6.1,18.890772346828,standard,0-10 cm,0-6.1 cm
NCState,min,SHM,CeH2-3,CeH2-3-1,1,esm2,0,-6.29526262281492,19.6991850335585,standard,0-10 cm,0-6.3 cm
NCState,min,SHM,CeH2-3,CeH2-3-2,2,esm1,-6.1,-18.4,29.4787054826761,standard,10-30 cm,6.1-18.4 cm
NCState,min,SHM,CeH2-3,CeH2-3-2,2,esm2,-6.29526262281492,-18.4817656964998,29.1347395852005,standard,10-30 cm,6.3-18.5 cm
NCState,min,SHM,CeH2-3,CeH2-3-3,3,esm1,-18.4,-37.5,26.487245598811,standard,30-50 cm,18.4-37.5 cm
NCState,min,SHM,CeH2-3,CeH2-3-3,3,esm2,-18.4817656964998,-36.624069318346,30.488294262958,standard,30-50 cm,18.5-36.6 cm
NCState,min,SHM,CeH2-3,CeH2-3-4,4,esm1,-37.5,-62.2,18.8528265902446,standard,50-75 cm,37.5-62.2 cm
NCState,min,SHM,CeH2-3,CeH2-3-4,4,esm2,-36.624069318346,-64.2145829708269,17.6643834450981,standard,50-75 cm,36.6-64.2 cm
NCState,min,SHM,CeH2-3,CeH2-3-5,5,esm1,-62.2,-85.6,5.27547561137925,standard,75-100 cm,62.2-85.6 cm
NCState,min,SHM,CeH2-3,CeH2-3-5,5,esm2,-64.2145829708269,-88.851622641806,4.95269627931233,standard,75-100 cm,64.2-88.9 cm
NCState,min,SHM,CeH3-3,CeH3-3-1,1,esm1,0,-5,17.14464338415,standard,0-10 cm,0-5 cm
NCState,min,SHM,CeH3-3,CeH3-3-1,1,esm2,0,-5.0697112197323,17.3108588500181,standard,0-10 cm,0-5.1 cm
NCState,min,SHM,CeH3-3,CeH3-3-2,2,esm1,-5,-17.3,16.556392167182,standard,10-30 cm,5-17.3 cm
NCState,min,SHM,CeH3-3,CeH3-3-2,2,esm2,-5.0697112197323,-17.1431546053115,16.4388127813873,standard,10-30 cm,5.1-17.1 cm
NCState,min,SHM,CeH3-3,CeH3-3-3,3,esm1,-17.3,-38.1,19.5152562680584,standard,30-50 cm,17.3-38.1 cm
NCState,min,SHM,CeH3-3,CeH3-3-3,3,esm2,-17.1431546053115,-39.3255694497258,20.6485935761617,standard,30-50 cm,17.1-39.3 cm
NCState,min,SHM,CeH3-3,CeH3-3-4,4,esm1,-38.1,-59.2,6.06178342961935,standard,50-75 cm,38.1-59.2 cm
NCState,min,SHM,CeH3-3,CeH3-3-4,4,esm2,-39.3255694497258,-69.8663166832714,11.8528689697362,standard,50-75 cm,39.3-69.9 cm
NCState,min,SHM,CeH3-3,CeH3-3-5,5,esm1,-59.2,-80.3,6.06178342961935,standard,75-100 cm,59.2-80.3 cm
NCState,min,SHM,CeH3-3,CeH3-3-5,5,esm2,-69.8663166832714,-92.1095171978827,4.21575871902874,standard,75-100 cm,69.9-92.1 cm
OregonState,max,Ref,JoF1-1,JoF1-1-1,1,esm1,0,-17.5,52.9478499999999,standard,0-10 cm,0-17.5 cm
OregonState,max,Ref,JoF1-1,JoF1-1-1,1,esm2,0,-18.5959851319038,54.3622366020264,standard,0-10 cm,0-18.6 cm
OregonState,fd,Ref,JoF1-1,JoF1-1-1,1,fd,0,-10,22.140332500000003,standard,0-10 cm,0-10 cm
OregonState,max,Ref,JoF1-1,JoF1-1-2,2,esm1,-17.5,-41.6,75.9305440000007,standard,10-30 cm,17.5-41.6 cm
OregonState,max,Ref,JoF1-1,JoF1-1-2,2,esm2,-18.5959851319038,-41.7586298010225,76.6615757182499,standard,10-30 cm,18.6-41.8 cm
OregonState,fd,Ref,JoF1-1,JoF1-1-2,2,fd,-10,-30,60.12763999999999,standard,10-30 cm,10-30 cm
OregonState,max,Ref,JoF1-1,JoF1-1-3,3,esm1,-41.6,-63.5,25.8964960000004,standard,30-50 cm,41.6-63.5 cm
OregonState,max,Ref,JoF1-1,JoF1-1-3,3,esm2,-41.7586298010225,-63.5009864383443,36.9924836087475,standard,30-50 cm,41.8-63.5 cm
OregonState,fd,Ref,JoF1-1,JoF1-1-3,3,fd,-30,-50,36.383880000000005,standard,30-50 cm,30-50 cm
OregonState,max,Ref,JoF1-1,JoF1-1-4,4,esm1,-63.5,-90.7,24.314624000001,standard,50-75 cm,63.5-90.7 cm
OregonState,max,Ref,JoF1-1,JoF1-1-4,4,esm2,-63.5009864383443,-90.0413374327617,16.1991703218567,standard,50-75 cm,63.5-90 cm
OregonState,fd,Ref,JoF1-1,JoF1-1-4,4,fd,-50,-75,16.761,standard,50-75 cm,50-75 cm
OregonState,max,Ref,JoF1-1,JoF1-1-5,5,esm1,-90.7,-116.7,23.241920000001,standard,75-100 cm,90.7-116.7 cm
OregonState,max,Ref,JoF1-1,JoF1-1-5,5,esm2,-90.0413374327617,-120.80103583894,12.3919821012648,standard,75-100 cm,90-120.8 cm
OregonState,fd,Ref,JoF1-1,JoF1-1-5,5,fd,-75,-100,16.761,standard,75-100 cm,75-100 cm
OregonState,max,Ref,JoF1-2,JoF1-2-1,1,esm1,0,-17.5,54.7780499999999,standard,0-10 cm,0-17.5 cm
OregonState,max,Ref,JoF1-2,JoF1-2-1,1,esm2,0,-18.5959851319038,55.3966683872511,standard,0-10 cm,0-18.6 cm
OregonState,fd,Ref,JoF1-2,JoF1-2-1,1,fd,0,-10,23.00565,standard,0-10 cm,0-10 cm
OregonState,max,Ref,JoF1-2,JoF1-2-2,2,esm1,-17.5,-41.6,91.6947680000004,standard,10-30 cm,17.5-41.6 cm
OregonState,max,Ref,JoF1-2,JoF1-2-2,2,esm2,-18.5959851319038,-41.7586298010225,93.6001007652837,standard,10-30 cm,18.6-41.8 cm
OregonState,fd,Ref,JoF1-2,JoF1-2-2,2,fd,-10,-30,83.90096,standard,10-30 cm,10-30 cm
OregonState,max,Ref,JoF1-2,JoF1-2-3,3,esm1,-41.6,-63.5,31.1736919999994,standard,30-50 cm,41.6-63.5 cm
OregonState,max,Ref,JoF1-2,JoF1-2-3,3,esm2,-41.7586298010225,-63.5009864383443,47.6484745265948,standard,30-50 cm,41.8-63.5 cm
OregonState,fd,Ref,JoF1-2,JoF1-2-3,3,fd,-30,-50,56.4542,standard,30-50 cm,30-50 cm
OregonState,max,Ref,JoF1-2,JoF1-2-4,4,esm1,-63.5,-90.7,28.7830399999984,standard,50-75 cm,63.5-90.7 cm
OregonState,max,Ref,JoF1-2,JoF1-2-4,4,esm2,-63.5009864383443,-90.0413374327617,18.9197697911542,standard,50-75 cm,63.5-90 cm
OregonState,fd,Ref,JoF1-2,JoF1-2-4,4,fd,-50,-75,26.455000000000002,standard,50-75 cm,50-75 cm
OregonState,max,Ref,JoF1-2,JoF1-2-5,5,esm1,-90.7,-116.7,27.5131999999985,standard,75-100 cm,90.7-116.7 cm
OregonState,max,Ref,JoF1-2,JoF1-2-5,5,esm2,-90.0413374327617,-120.80103583894,0.113574357486442,standard,75-100 cm,90-120.8 cm
OregonState,fd,Ref,JoF1-2,JoF1-2-5,5,fd,-75,-100,26.455000000000002,standard,75-100 cm,75-100 cm
OregonState,max,Ref,JoF1-3,JoF1-3-1,1,esm1,0,-17.5,68.984850000000307,standard,0-10 cm,0-17.5 cm
OregonState,max,Ref,JoF1-3,JoF1-3-1,1,esm2,0,-18.5959851319038,69.0512785238519,standard,0-10 cm,0-18.6 cm
OregonState,fd,Ref,JoF1-3,JoF1-3-1,1,fd,0,-10,30.461249999999996,standard,0-10 cm,0-10 cm
OregonState,max,Ref,JoF1-3,JoF1-3-2,2,esm1,-17.5,-41.6,105.079680000001,standard,10-30 cm,17.5-41.6 cm
OregonState,max,Ref,JoF1-3,JoF1-3-2,2,esm2,-18.5959851319038,-41.7586298010225,108.631093474153,standard,10-30 cm,18.6-41.8 cm
OregonState,fd,Ref,JoF1-3,JoF1-3-2,2,fd,-10,-30,101.24472,standard,10-30 cm,10-30 cm
OregonState,max,Ref,JoF1-3,JoF1-3-3,3,esm1,-41.6,-63.5,42.2596399999981,standard,30-50 cm,41.6-63.5 cm
OregonState,max,Ref,JoF1-3,JoF1-3-3,3,esm2,-41.7586298010225,-63.5009864383443,44.3259702770875,standard,30-50 cm,41.8-63.5 cm
OregonState,fd,Ref,JoF1-3,JoF1-3-3,3,fd,-30,-50,62.84,standard,30-50 cm,30-50 cm
OregonState,max,Ref,JoF1-3,JoF1-3-4,4,esm1,-63.5,-90.7,43.8790399999971,standard,50-75 cm,63.5-90.7 cm
OregonState,max,Ref,JoF1-3,JoF1-3-4,4,esm2,-63.5009864383443,-90.0413374327617,34.5552401584119,standard,50-75 cm,63.5-90 cm
OregonState,fd,Ref,JoF1-3,JoF1-3-4,4,fd,-50,-75,40.330000000000005,standard,50-75 cm,50-75 cm
OregonState,max,Ref,JoF1-3,JoF1-3-5,5,esm1,-90.7,-116.7,41.9431999999972,standard,75-100 cm,90.7-116.7 cm
OregonState,max,Ref,JoF1-3,JoF1-3-5,5,esm2,-90.0413374327617,-120.80103583894,76.2949243021115,standard,75-100 cm,90-120.8 cm
OregonState,fd,Ref,JoF1-3,JoF1-3-5,5,fd,-75,-100,40.330000000000005,standard,75-100 cm,75-100 cm
OregonState,max,Ref,JoF2-1,JoF2-1-1,1,esm1,0,-14.8,49.4976859999999,standard,0-10 cm,0-14.8 cm
OregonState,max,Ref,JoF2-1,JoF2-1-1,1,esm2,0,-14.944773508377,52.1922717349863,standard,0-10 cm,0-14.9 cm
OregonState,fd,Ref,JoF2-1,JoF2-1-1,1,fd,0,-10,30.3417275,standard,0-10 cm,0-10 cm
OregonState,max,Ref,JoF2-1,JoF2-1-2,2,esm1,-14.8,-38.1,60.7968359999995,standard,10-30 cm,14.8-38.1 cm
OregonState,max,Ref,JoF2-1,JoF2-1-2,2,esm2,-14.944773508377,-38.4457989604742,60.5970241555429,standard,10-30 cm,14.9-38.4 cm
OregonState,fd,Ref,JoF2-1,JoF2-1-2,2,fd,-10,-30,48.88044,standard,10-30 cm,10-30 cm
OregonState,max,Ref,JoF2-1,JoF2-1-3,3,esm1,-38.1,-61.3,41.459356,standard,30-50 cm,38.1-61.3 cm
OregonState,max,Ref,JoF2-1,JoF2-1-3,3,esm2,-38.4457989604742,-60.416181300982,40.4148055455622,standard,30-50 cm,38.4-60.4 cm
OregonState,fd,Ref,JoF2-1,JoF2-1-3,3,fd,-30,-50,33.761919999999996,standard,30-50 cm,30-50 cm
OregonState,max,Ref,JoF2-1,JoF2-1-4,4,esm1,-61.3,-91.8,39.776879999999,standard,50-75 cm,61.3-91.8 cm
OregonState,max,Ref,JoF2-1,JoF2-1-4,4,esm2,-60.416181300982,-90.5889942865652,37.9446895582205,standard,50-75 cm,60.4-90.6 cm
OregonState,fd,Ref,JoF2-1,JoF2-1-4,4,fd,-50,-75,28.872519999999998,standard,50-75 cm,50-75 cm
OregonState,max,Ref,JoF2-1,JoF2-1-5,5,esm1,-91.8,-120.9,37.9510559999991,standard,75-100 cm,91.8-120.9 cm
OregonState,max,Ref,JoF2-1,JoF2-1-5,5,esm2,-90.5889942865652,-128.236983017547,47.4708476464708,standard,75-100 cm,90.6-128.2 cm
OregonState,fd,Ref,JoF2-1,JoF2-1-5,5,fd,-75,-100,27.7134,standard,75-100 cm,75-100 cm
OregonState,max,Ref,JoF2-2,JoF2-2-1,1,esm1,0,-14.8,63.495334,standard,0-10 cm,0-14.8 cm
OregonState,max,Ref,JoF2-2,JoF2-2-1,1,esm2,0,-14.944773508377,66.1430757705694,standard,0-10 cm,0-14.9 cm
OregonState,fd,Ref,JoF2-2,JoF2-2-1,1,fd,0,-10,41.67415,standard,0-10 cm,0-10 cm
OregonState,max,Ref,JoF2-2,JoF2-2-2,2,esm1,-14.8,-38.1,89.6659919999989,standard,10-30 cm,14.8-38.1 cm
OregonState,max,Ref,JoF2-2,JoF2-2-2,2,esm2,-14.944773508377,-38.4457989604742,93.7820567379366,standard,10-30 cm,14.9-38.4 cm
OregonState,fd,Ref,JoF2-2,JoF2-2-2,2,fd,-10,-30,90.9216,standard,10-30 cm,10-30 cm
OregonState,max,Ref,JoF2-2,JoF2-2-3,3,esm1,-38.1,-61.3,51.9623520000005,standard,30-50 cm,38.1-61.3 cm
OregonState,max,Ref,JoF2-2,JoF2-2-3,3,esm2,-38.4457989604742,-60.416181300982,40.8860352053533,standard,30-50 cm,38.4-60.4 cm
OregonState,fd,Ref,JoF2-2,JoF2-2-3,3,fd,-30,-50,50.779199999999996,standard,30-50 cm,30-50 cm
OregonState,max,Ref,JoF2-2,JoF2-2-4,4,esm1,-61.3,-91.8,54.6730800000028,standard,50-75 cm,61.3-91.8 cm
OregonState,max,Ref,JoF2-2,JoF2-2-4,4,esm2,-60.416181300982,-90.5889942865652,49.8085122345899,standard,50-75 cm,60.4-90.6 cm
OregonState,fd,Ref,JoF2-2,JoF2-2-4,4,fd,-50,-75,46.3068,standard,50-75 cm,50-75 cm
OregonState,max,Ref,JoF2-2,JoF2-2-5,5,esm1,-91.8,-120.9,52.1634960000027,standard,75-100 cm,91.8-120.9 cm
OregonState,max,Ref,JoF2-2,JoF2-2-5,5,esm2,-90.5889942865652,-128.236983017547,125.004941396685,standard,75-100 cm,90.6-128.2 cm
OregonState,fd,Ref,JoF2-2,JoF2-2-5,5,fd,-75,-100,44.81400000000001,standard,75-100 cm,75-100 cm
OregonState,max,Ref,JoF2-3,JoF2-3-1,1,esm1,0,-14.8,62.6337180000002,standard,0-10 cm,0-14.8 cm
OregonState,max,Ref,JoF2-3,JoF2-3-1,1,esm2,0,-14.944773508377,67.5124142617046,standard,0-10 cm,0-14.9 cm
OregonState,fd,Ref,JoF2-3,JoF2-3-1,1,fd,0,-10,43.183350000000004,standard,0-10 cm,0-10 cm
OregonState,max,Ref,JoF2-3,JoF2-3-2,2,esm1,-14.8,-38.1,82.9175400000001,standard,10-30 cm,14.8-38.1 cm
OregonState,max,Ref,JoF2-3,JoF2-3-2,2,esm2,-14.944773508377,-38.4457989604742,81.9460007257066,standard,10-30 cm,14.9-38.4 cm
OregonState,fd,Ref,JoF2-3,JoF2-3-2,2,fd,-10,-30,81.04320000000001,standard,10-30 cm,10-30 cm
OregonState,max,Ref,JoF2-3,JoF2-3-3,3,esm1,-38.1,-61.3,53.2036800000014,standard,30-50 cm,38.1-61.3 cm
OregonState,max,Ref,JoF2-3,JoF2-3-3,3,esm2,-38.4457989604742,-60.416181300982,48.6295245851587,standard,30-50 cm,38.4-60.4 cm
OregonState,fd,Ref,JoF2-3,JoF2-3-3,3,fd,-30,-50,52.653600000000004,standard,30-50 cm,30-50 cm
OregonState,max,Ref,JoF2-3,JoF2-3-4,4,esm1,-61.3,-91.8,54.4717799999997,standard,50-75 cm,61.3-91.8 cm
OregonState,max,Ref,JoF2-3,JoF2-3-4,4,esm2,-60.416181300982,-90.5889942865652,50.9397413860319,standard,50-75 cm,60.4-90.6 cm
OregonState,fd,Ref,JoF2-3,JoF2-3-4,4,fd,-50,-75,46.34244,standard,50-75 cm,50-75 cm
OregonState,max,Ref,JoF2-3,JoF2-3-5,5,esm1,-91.8,-120.9,51.9714360000075,standard,75-100 cm,91.8-120.9 cm
OregonState,max,Ref,JoF2-3,JoF2-3-5,5,esm2,-90.5889942865652,-128.236983017547,90.4969705672748,standard,75-100 cm,90.6-128.2 cm
OregonState,fd,Ref,JoF2-3,JoF2-3-5,5,fd,-75,-100,44.649,standard,75-100 cm,75-100 cm
OregonState,max,Ref,JoF3-1,JoF3-1-1,1,esm1,0,-16.5,54.2410850000001,standard,0-10 cm,0-16.5 cm
OregonState,max,Ref,JoF3-1,JoF3-1-1,1,esm2,0,-19.8217005694521,61.212392583839,standard,0-10 cm,0-19.8 cm
OregonState,fd,Ref,JoF3-1,JoF3-1-1,1,fd,0,-10,22.3767,standard,0-10 cm,0-10 cm
OregonState,max,Ref,JoF3-1,JoF3-1-2,2,esm1,-16.5,-39.5,82.9906699999992,standard,10-30 cm,16.5-39.5 cm
OregonState,max,Ref,JoF3-1,JoF3-1-2,2,esm2,-19.8217005694521,-40.1722535797116,80.0702143639726,standard,10-30 cm,19.8-40.2 cm
OregonState,fd,Ref,JoF3-1,JoF3-1-2,2,fd,-10,-30,55.567666,standard,10-30 cm,10-30 cm
OregonState,max,Ref,JoF3-1,JoF3-1-3,3,esm1,-39.5,-64.4,47.8003430000016,standard,30-50 cm,39.5-64.4 cm
OregonState,max,Ref,JoF3-1,JoF3-1-3,3,esm2,-40.1722535797116,-64.3913040511521,44.0853769281966,standard,30-50 cm,40.2-64.4 cm
OregonState,fd,Ref,JoF3-1,JoF3-1-3,3,fd,-30,-50,46.2430661,standard,30-50 cm,30-50 cm
OregonState,max,Ref,JoF3-1,JoF3-1-4,4,esm1,-64.4,-92.4,19.1753279999999,standard,50-75 cm,64.4-92.4 cm
OregonState,max,Ref,JoF3-1,JoF3-1-4,4,esm2,-64.3913040511521,-93.7298233872703,21.0549866553259,standard,50-75 cm,64.4-93.7 cm
OregonState,fd,Ref,JoF3-1,JoF3-1-4,4,fd,-50,-75,27.337104,standard,50-75 cm,50-75 cm
OregonState,max,Ref,JoF3-1,JoF3-1-5,5,esm1,-92.4,-119.1,17.7245279999998,standard,75-100 cm,92.4-119.1 cm
OregonState,max,Ref,JoF3-1,JoF3-1-5,5,esm2,-93.7298233872703,-111.680041068954,10.9285239449737,standard,75-100 cm,93.7-111.7 cm
OregonState,fd,Ref,JoF3-1,JoF3-1-5,5,fd,-75,-100,14.1066,standard,75-100 cm,75-100 cm
OregonState,max,Ref,JoF3-2,JoF3-2-1,1,esm1,0,-16.5,77.754485,standard,0-10 cm,0-16.5 cm
OregonState,max,Ref,JoF3-2,JoF3-2-1,1,esm2,0,-19.8217005694521,82.7966206997414,standard,0-10 cm,0-19.8 cm
OregonState,fd,Ref,JoF3-2,JoF3-2-1,1,fd,0,-10,37.1835,standard,0-10 cm,0-10 cm
OregonState,max,Ref,JoF3-2,JoF3-2-2,2,esm1,-16.5,-39.5,143.558869999999,standard,10-30 cm,16.5-39.5 cm
OregonState,max,Ref,JoF3-2,JoF3-2-2,2,esm2,-19.8217005694521,-40.1722535797116,145.089277407429,standard,10-30 cm,19.8-40.2 cm
OregonState,fd,Ref,JoF3-2,JoF3-2-2,2,fd,-10,-30,124.8338,standard,10-30 cm,10-30 cm
OregonState,max,Ref,JoF3-2,JoF3-2-3,3,esm1,-39.5,-64.4,67.8370830000038,standard,30-50 cm,39.5-64.4 cm
OregonState,max,Ref,JoF3-2,JoF3-2-3,3,esm2,-40.1722535797116,-64.3913040511521,61.9653162621042,standard,30-50 cm,40.2-64.4 cm
OregonState,fd,Ref,JoF3-2,JoF3-2-3,3,fd,-30,-50,96.18581,standard,30-50 cm,30-50 cm
OregonState,max,Ref,JoF3-2,JoF3-2-4,4,esm1,-64.4,-92.4,25.1208959999982,standard,50-75 cm,64.4-92.4 cm
OregonState,max,Ref,JoF3-2,JoF3-2-4,4,esm2,-64.3913040511521,-93.7298233872703,22.0815303347114,standard,50-75 cm,64.4-93.7 cm
OregonState,fd,Ref,JoF3-2,JoF3-2-4,4,fd,-50,-75,40.9344,standard,50-75 cm,50-75 cm
OregonState,max,Ref,JoF3-2,JoF3-2-5,5,esm1,-92.4,-119.1,23.2225919999981,standard,75-100 cm,92.4-119.1 cm
OregonState,max,Ref,JoF3-2,JoF3-2-5,5,esm2,-93.7298233872703,-111.680041068954,56.557281230799,standard,75-100 cm,93.7-111.7 cm
OregonState,fd,Ref,JoF3-2,JoF3-2-5,5,fd,-75,-100,21.744,standard,75-100 cm,75-100 cm
OregonState,max,Ref,JoF3-3,JoF3-3-1,1,esm1,0,-16.5,70.84771,standard,0-10 cm,0-16.5 cm
OregonState,max,Ref,JoF3-3,JoF3-3-1,1,esm2,0,-19.8217005694521,83.4819299896797,standard,0-10 cm,0-19.8 cm
OregonState,fd,Ref,JoF3-3,JoF3-3-1,1,fd,0,-10,39.9159,standard,0-10 cm,0-10 cm
OregonState,max,Ref,JoF3-3,JoF3-3-2,2,esm1,-16.5,-39.5,109.451020000001,standard,10-30 cm,16.5-39.5 cm
OregonState,max,Ref,JoF3-3,JoF3-3-2,2,esm2,-19.8217005694521,-40.1722535797116,102.949897174158,standard,10-30 cm,19.8-40.2 cm
OregonState,fd,Ref,JoF3-3,JoF3-3-2,2,fd,-10,-30,95.1748,standard,10-30 cm,10-30 cm
OregonState,max,Ref,JoF3-3,JoF3-3-3,3,esm1,-39.5,-64.4,61.9345659999975,standard,30-50 cm,39.5-64.4 cm
OregonState,max,Ref,JoF3-3,JoF3-3-3,3,esm2,-40.1722535797116,-64.3913040511521,56.2192468456729,standard,30-50 cm,40.2-64.4 cm
OregonState,fd,Ref,JoF3-3,JoF3-3-3,3,fd,-30,-50,76.67450000000001,standard,30-50 cm,30-50 cm
OregonState,max,Ref,JoF3-3,JoF3-3-4,4,esm1,-64.4,-92.4,21.7471679999973,standard,50-75 cm,64.4-92.4 cm
OregonState,max,Ref,JoF3-3,JoF3-3-4,4,esm2,-64.3913040511521,-93.7298233872703,24.9377172523353,standard,50-75 cm,64.4-93.7 cm
OregonState,fd,Ref,JoF3-3,JoF3-3-4,4,fd,-50,-75,39.2112,standard,50-75 cm,50-75 cm
OregonState,max,Ref,JoF3-3,JoF3-3-5,5,esm1,-92.4,-119.1,19.9545119999928,standard,75-100 cm,92.4-119.1 cm
OregonState,max,Ref,JoF3-3,JoF3-3-5,5,esm2,-93.7298233872703,-111.680041068954,6.79648202486317,standard,75-100 cm,93.7-111.7 cm
OregonState,fd,Ref,JoF3-3,JoF3-3-5,5,fd,-75,-100,18.684,standard,75-100 cm,75-100 cm
OregonState,max,SHM,JoV1-1,JoV1-1-1,1,esm1,0,-11.3,44.2296,standard,0-10 cm,0-11.3 cm
OregonState,max,SHM,JoV1-1,JoV1-1-1,1,esm2,0,-11.3543786275081,44.6814593709362,standard,0-10 cm,0-11.4 cm
OregonState,fd,SHM,JoV1-1,JoV1-1-1,1,fd,0,-10,32.2772,standard,0-10 cm,0-10 cm
OregonState,max,SHM,JoV1-1,JoV1-1-2,2,esm1,-11.3,-32.4,53.2895299999999,standard,10-30 cm,11.3-32.4 cm
OregonState,max,SHM,JoV1-1,JoV1-1-2,2,esm2,-11.3543786275081,-32.307367302407,54.5214233779692,standard,10-30 cm,11.4-32.3 cm
OregonState,fd,SHM,JoV1-1,JoV1-1-2,2,fd,-10,-30,44.2455175,standard,10-30 cm,10-30 cm
OregonState,max,SHM,JoV1-1,JoV1-1-3,3,esm1,-32.4,-55,44.3829300000004,standard,30-50 cm,32.4-55 cm
OregonState,max,SHM,JoV1-1,JoV1-1-3,3,esm2,-32.307367302407,-54.9467345823746,43.3659713041791,standard,30-50 cm,32.3-54.9 cm
OregonState,fd,SHM,JoV1-1,JoV1-1-3,3,fd,-30,-50,34.261086,standard,30-50 cm,30-50 cm
OregonState,max,SHM,JoV1-1,JoV1-1-4,4,esm1,-55,-83.7,41.9648550000007,standard,50-75 cm,55-83.7 cm
OregonState,max,SHM,JoV1-1,JoV1-1-4,4,esm2,-54.9467345823746,-83.9922750543164,45.9509645726021,standard,50-75 cm,54.9-84 cm
OregonState,fd,SHM,JoV1-1,JoV1-1-4,4,fd,-50,-75,34.67497649999999,standard,50-75 cm,50-75 cm
OregonState,max,SHM,JoV1-1,JoV1-1-5,5,esm1,-83.7,-111,32.5265850000009,standard,75-100 cm,83.7-111 cm
OregonState,max,SHM,JoV1-1,JoV1-1-5,5,esm2,-83.9922750543164,-110.412787708064,18.5036136017161,standard,75-100 cm,84-110.4 cm
OregonState,fd,SHM,JoV1-1,JoV1-1-5,5,fd,-75,-100,25.318312499999994,standard,75-100 cm,75-100 cm
OregonState,max,SHM,JoV1-2,JoV1-2-1,1,esm1,0,-11.3,51.1150949999999,standard,0-10 cm,0-11.3 cm
OregonState,max,SHM,JoV1-2,JoV1-2-1,1,esm2,0,-11.3543786275081,51.8589553638209,standard,0-10 cm,0-11.4 cm
OregonState,fd,SHM,JoV1-2,JoV1-2-1,1,fd,0,-10,47.16225000000001,standard,0-10 cm,0-10 cm
OregonState,max,SHM,JoV1-2,JoV1-2-2,2,esm1,-11.3,-32.4,58.8515849999997,standard,10-30 cm,11.3-32.4 cm
OregonState,max,SHM,JoV1-2,JoV1-2-2,2,esm2,-11.3543786275081,-32.307367302407,59.7716931162445,standard,10-30 cm,11.4-32.3 cm
OregonState,fd,SHM,JoV1-2,JoV1-2-2,2,fd,-10,-30,56.62395,standard,10-30 cm,10-30 cm
OregonState,max,SHM,JoV1-2,JoV1-2-3,3,esm1,-32.4,-55,44.1833099999984,standard,30-50 cm,32.4-55 cm
OregonState,max,SHM,JoV1-2,JoV1-2-3,3,esm2,-32.307367302407,-54.9467345823746,45.2783252144728,standard,30-50 cm,32.3-54.9 cm
OregonState,fd,SHM,JoV1-2,JoV1-2-3,3,fd,-30,-50,42.878640000000004,standard,30-50 cm,30-50 cm
OregonState,max,SHM,JoV1-2,JoV1-2-4,4,esm1,-55,-83.7,39.3921299999984,standard,50-75 cm,55-83.7 cm
OregonState,max,SHM,JoV1-2,JoV1-2-4,4,esm2,-54.9467345823746,-83.9922750543164,34.8998553347283,standard,50-75 cm,54.9-84 cm
OregonState,fd,SHM,JoV1-2,JoV1-2-4,4,fd,-50,-75,35.71431,standard,50-75 cm,50-75 cm
OregonState,max,SHM,JoV1-2,JoV1-2-5,5,esm1,-83.7,-111,35.0286299999997,standard,75-100 cm,83.7-111 cm
OregonState,max,SHM,JoV1-2,JoV1-2-5,5,esm2,-83.9922750543164,-110.412787708064,42.9173097336619,standard,75-100 cm,84-110.4 cm
OregonState,fd,SHM,JoV1-2,JoV1-2-5,5,fd,-75,-100,32.0775,standard,75-100 cm,75-100 cm
OregonState,max,SHM,JoV1-3,JoV1-3-1,1,esm1,0,-11.3,36.4162400000001,standard,0-10 cm,0-11.3 cm
OregonState,max,SHM,JoV1-3,JoV1-3-1,1,esm2,0,-11.3543786275081,37.1030088523192,standard,0-10 cm,0-11.4 cm
OregonState,fd,SHM,JoV1-3,JoV1-3-1,1,fd,0,-10,32.39365,standard,0-10 cm,0-10 cm
OregonState,max,SHM,JoV1-3,JoV1-3-2,2,esm1,-11.3,-32.4,58.6116099999999,standard,10-30 cm,11.3-32.4 cm
OregonState,max,SHM,JoV1-3,JoV1-3-2,2,esm2,-11.3543786275081,-32.307367302407,59.9719264268017,standard,10-30 cm,11.4-32.3 cm
OregonState,fd,SHM,JoV1-3,JoV1-3-2,2,fd,-10,-30,56.61379999999999,standard,10-30 cm,10-30 cm
OregonState,max,SHM,JoV1-3,JoV1-3-3,3,esm1,-32.4,-55,44.0128099999991,standard,30-50 cm,32.4-55 cm
OregonState,max,SHM,JoV1-3,JoV1-3-3,3,esm2,-32.307367302407,-54.9467345823746,43.4010512908792,standard,30-50 cm,32.3-54.9 cm
OregonState,fd,SHM,JoV1-3,JoV1-3-3,3,fd,-30,-50,42.36736,standard,30-50 cm,30-50 cm
OregonState,max,SHM,JoV1-3,JoV1-3-4,4,esm1,-55,-83.7,57.9334529999985,standard,50-75 cm,55-83.7 cm
OregonState,max,SHM,JoV1-3,JoV1-3-4,4,esm2,-54.9467345823746,-83.9922750543164,47.5505723087002,standard,50-75 cm,54.9-84 cm
OregonState,fd,SHM,JoV1-3,JoV1-3-4,4,fd,-50,-75,45.003009999999996,standard,50-75 cm,50-75 cm
OregonState,max,SHM,JoV1-3,JoV1-3-5,5,esm1,-83.7,-111,64.629747,standard,75-100 cm,83.7-111 cm
OregonState,max,SHM,JoV1-3,JoV1-3-5,5,esm2,-83.9922750543164,-110.412787708064,95.45361954719,standard,75-100 cm,84-110.4 cm
OregonState,fd,SHM,JoV1-3,JoV1-3-5,5,fd,-75,-100,59.184749999999994,standard,75-100 cm,75-100 cm
OregonState,max,SHM,JoV2-1,JoV2-1-1,1,esm1,0,-14,36.4148000000001,standard,0-10 cm,0-14 cm
OregonState,max,SHM,JoV2-1,JoV2-1-1,1,esm2,0,-13.5993415896016,38.2573754158265,standard,0-10 cm,0-13.6 cm
OregonState,fd,SHM,JoV2-1,JoV2-1-1,1,fd,0,-10,24.573330000000002,standard,0-10 cm,0-10 cm
OregonState,max,SHM,JoV2-1,JoV2-1-2,2,esm1,-14,-34.7,33.0034000000003,standard,10-30 cm,14-34.7 cm
OregonState,max,SHM,JoV2-1,JoV2-1-2,2,esm2,-13.5993415896016,-35.5953805971172,34.4221254753198,standard,10-30 cm,13.6-35.6 cm
OregonState,fd,SHM,JoV2-1,JoV2-1-2,2,fd,-10,-30,30.54285,standard,10-30 cm,10-30 cm
OregonState,max,SHM,JoV2-1,JoV2-1-3,3,esm1,-34.7,-54.6,19.1163200000011,standard,30-50 cm,34.7-54.6 cm
OregonState,max,SHM,JoV2-1,JoV2-1-3,3,esm2,-35.5953805971172,-54.2550530596562,15.9814436966128,standard,30-50 cm,35.6-54.3 cm
OregonState,fd,SHM,JoV2-1,JoV2-1-3,3,fd,-30,-50,17.072850000000003,standard,30-50 cm,30-50 cm
OregonState,max,SHM,JoV2-1,JoV2-1-4,4,esm1,-54.6,-79.6,16.9050000000013,standard,50-75 cm,54.6-79.6 cm
OregonState,max,SHM,JoV2-1,JoV2-1-4,4,esm2,-54.2550530596562,-79.1976895392431,16.7052924306501,standard,50-75 cm,54.3-79.2 cm
OregonState,fd,SHM,JoV2-1,JoV2-1-4,4,fd,-50,-75,14.369250000000001,standard,50-75 cm,50-75 cm
OregonState,max,SHM,JoV2-1,JoV2-1-5,5,esm1,-79.6,-107.9,18.3391560000004,standard,75-100 cm,79.6-107.9 cm
OregonState,max,SHM,JoV2-1,JoV2-1-5,5,esm2,-79.1976895392431,-108.873937784014,19.3527569879156,standard,75-100 cm,79.2-108.9 cm
OregonState,fd,SHM,JoV2-1,JoV2-1-5,5,fd,-75,-100,12.88701,standard,75-100 cm,75-100 cm
OregonState,max,SHM,JoV2-2,JoV2-2-1,1,esm1,0,-14,29.4124199999999,standard,0-10 cm,0-14 cm
OregonState,max,SHM,JoV2-2,JoV2-2-1,1,esm2,0,-13.5993415896016,31.9884033542239,standard,0-10 cm,0-13.6 cm
OregonState,fd,SHM,JoV2-2,JoV2-2-1,1,fd,0,-10,22.293900000000004,standard,0-10 cm,0-10 cm
OregonState,max,SHM,JoV2-2,JoV2-2-2,2,esm1,-14,-34.7,31.38665,standard,10-30 cm,14-34.7 cm
OregonState,max,SHM,JoV2-2,JoV2-2-2,2,esm2,-13.5993415896016,-35.5953805971172,29.893309815444,standard,10-30 cm,13.6-35.6 cm
OregonState,fd,SHM,JoV2-2,JoV2-2-2,2,fd,-10,-30,32.78245,standard,10-30 cm,10-30 cm
OregonState,max,SHM,JoV2-2,JoV2-2-3,3,esm1,-34.7,-54.6,23.1819199999991,standard,30-50 cm,34.7-54.6 cm
OregonState,max,SHM,JoV2-2,JoV2-2-3,3,esm2,-35.5953805971172,-54.2550530596562,22.4049176991761,standard,30-50 cm,35.6-54.3 cm
OregonState,fd,SHM,JoV2-2,JoV2-2-3,3,fd,-30,-50,24.1648,standard,30-50 cm,30-50 cm
OregonState,max,SHM,JoV2-2,JoV2-2-4,4,esm1,-54.6,-79.6,25.7599999999982,standard,50-75 cm,54.6-79.6 cm
OregonState,max,SHM,JoV2-2,JoV2-2-4,4,esm2,-54.2550530596562,-79.1976895392431,25.5803016532951,standard,50-75 cm,54.3-79.2 cm
OregonState,fd,SHM,JoV2-2,JoV2-2-4,4,fd,-50,-75,25.759999999999998,standard,50-75 cm,50-75 cm
OregonState,max,SHM,JoV2-2,JoV2-2-5,5,esm1,-79.6,-107.9,25.1976999999991,standard,75-100 cm,79.6-107.9 cm
OregonState,max,SHM,JoV2-2,JoV2-2-5,5,esm2,-79.1976895392431,-108.873937784014,25.4722921716765,standard,75-100 cm,79.2-108.9 cm
OregonState,fd,SHM,JoV2-2,JoV2-2-5,5,fd,-75,-100,23.1072,standard,75-100 cm,75-100 cm
OregonState,max,SHM,JoV3-1,JoV3-1-1,1,esm1,0,-12.7,49.362112,standard,0-10 cm,0-12.7 cm
OregonState,max,SHM,JoV3-1,JoV3-1-1,1,esm2,0,-12.7360690045536,51.9181393826521,standard,0-10 cm,0-12.7 cm
OregonState,fd,SHM,JoV3-1,JoV3-1-1,1,fd,0,-10,33.326826000000004,standard,0-10 cm,0-10 cm
OregonState,max,SHM,JoV3-1,JoV3-1-2,2,esm1,-12.7,-35.5,56.032368,standard,10-30 cm,12.7-35.5 cm
OregonState,max,SHM,JoV3-1,JoV3-1-2,2,esm2,-12.7360690045536,-35.2452784013615,62.3741733219979,standard,10-30 cm,12.7-35.2 cm
OregonState,fd,SHM,JoV3-1,JoV3-1-2,2,fd,-10,-30,38.337936000000006,standard,10-30 cm,10-30 cm
OregonState,max,SHM,JoV3-1,JoV3-1-3,3,esm1,-35.5,-59.6,56.26598,standard,30-50 cm,35.5-59.6 cm
OregonState,max,SHM,JoV3-1,JoV3-1-3,3,esm2,-35.2452784013615,-59.6706107661474,47.8750176165271,standard,30-50 cm,35.2-59.7 cm
OregonState,fd,SHM,JoV3-1,JoV3-1-3,3,fd,-30,-50,38.337936000000006,standard,30-50 cm,30-50 cm
OregonState,max,SHM,JoV3-1,JoV3-1-4,4,esm1,-59.6,-89.9,43.7560799999984,standard,50-75 cm,59.6-89.9 cm
OregonState,max,SHM,JoV3-1,JoV3-1-4,4,esm2,-59.6706107661474,-90.7494946496927,45.7397951984699,standard,50-75 cm,59.7-90.7 cm
OregonState,fd,SHM,JoV3-1,JoV3-1-4,4,fd,-50,-75,37.5974008,standard,50-75 cm,50-75 cm
OregonState,max,SHM,JoV3-1,JoV3-1-5,5,esm1,-89.9,-117.4,34.9579999999975,standard,75-100 cm,89.9-117.4 cm
OregonState,max,SHM,JoV3-1,JoV3-1-5,5,esm2,-90.7494946496927,-112.823769221702,20.9646264571761,standard,75-100 cm,90.7-112.8 cm
OregonState,fd,SHM,JoV3-1,JoV3-1-5,5,fd,-75,-100,27.012999999999998,standard,75-100 cm,75-100 cm
OregonState,max,SHM,JoV3-2,JoV3-2-1,1,esm1,0,-12.7,44.877738,standard,0-10 cm,0-12.7 cm
OregonState,max,SHM,JoV3-2,JoV3-2-1,1,esm2,0,-12.7360690045536,46.4444200096158,standard,0-10 cm,0-12.7 cm
OregonState,fd,SHM,JoV3-2,JoV3-2-1,1,fd,0,-10,38.036100000000005,standard,0-10 cm,0-10 cm
OregonState,max,SHM,JoV3-2,JoV3-2-2,2,esm1,-12.7,-35.5,57.773832,standard,10-30 cm,12.7-35.5 cm
OregonState,max,SHM,JoV3-2,JoV3-2-2,2,esm2,-12.7360690045536,-35.2452784013615,64.210211491011,standard,10-30 cm,12.7-35.2 cm
OregonState,fd,SHM,JoV3-2,JoV3-2-2,2,fd,-10,-30,50.67880000000001,standard,10-30 cm,10-30 cm
OregonState,max,SHM,JoV3-2,JoV3-2-3,3,esm1,-35.5,-59.6,56.9587699999987,standard,30-50 cm,35.5-59.6 cm
OregonState,max,SHM,JoV3-2,JoV3-2-3,3,esm2,-35.2452784013615,-59.6706107661474,49.7347403447615,standard,30-50 cm,35.2-59.7 cm
OregonState,fd,SHM,JoV3-2,JoV3-2-3,3,fd,-30,-50,50.67880000000001,standard,30-50 cm,30-50 cm
OregonState,max,SHM,JoV3-2,JoV3-2-4,4,esm1,-59.6,-89.9,42.9798000000025,standard,50-75 cm,59.6-89.9 cm
OregonState,max,SHM,JoV3-2,JoV3-2-4,4,esm2,-59.6706107661474,-90.7494946496927,41.6058312882582,standard,50-75 cm,59.7-90.7 cm
OregonState,fd,SHM,JoV3-2,JoV3-2-4,4,fd,-50,-75,41.710640000000005,standard,50-75 cm,50-75 cm
OregonState,max,SHM,JoV3-2,JoV3-2-5,5,esm1,-89.9,-117.4,39.6550000000033,standard,75-100 cm,89.9-117.4 cm
OregonState,max,SHM,JoV3-2,JoV3-2-5,5,esm2,-90.7494946496927,-112.823769221702,47.4391935252665,standard,75-100 cm,90.7-112.8 cm
OregonState,fd,SHM,JoV3-2,JoV3-2-5,5,fd,-75,-100,36.05,standard,75-100 cm,75-100 cm
OregonState,max,SHM,JoV3-3,JoV3-3-1,1,esm1,0,-12.7,49.2030180000001,standard,0-10 cm,0-12.7 cm
OregonState,max,SHM,JoV3-3,JoV3-3-1,1,esm2,0,-12.7360690045536,51.1572184415394,standard,0-10 cm,0-12.7 cm
OregonState,fd,SHM,JoV3-3,JoV3-3-1,1,fd,0,-10,42.1443,standard,0-10 cm,0-10 cm
OregonState,max,SHM,JoV3-3,JoV3-3-2,2,esm1,-12.7,-35.5,59.6069519999991,standard,10-30 cm,12.7-35.5 cm
OregonState,max,SHM,JoV3-3,JoV3-3-2,2,esm2,-12.7360690045536,-35.2452784013615,66.2761555793325,standard,10-30 cm,12.7-35.2 cm
OregonState,fd,SHM,JoV3-3,JoV3-3-2,2,fd,-10,-30,52.28680000000001,standard,10-30 cm,10-30 cm
OregonState,max,SHM,JoV3-3,JoV3-3-3,3,esm1,-35.5,-59.6,59.0389700000008,standard,30-50 cm,35.5-59.6 cm
OregonState,max,SHM,JoV3-3,JoV3-3-3,3,esm2,-35.2452784013615,-59.6706107661474,51.1988113867428,standard,30-50 cm,35.2-59.7 cm
OregonState,fd,SHM,JoV3-3,JoV3-3-3,3,fd,-30,-50,52.28680000000001,standard,30-50 cm,30-50 cm
OregonState,max,SHM,JoV3-3,JoV3-3-4,4,esm1,-59.6,-89.9,41.858520000002,standard,50-75 cm,59.6-89.9 cm
OregonState,max,SHM,JoV3-3,JoV3-3-4,4,esm2,-59.6706107661474,-90.7494946496927,42.3227182574297,standard,50-75 cm,59.7-90.7 cm
OregonState,fd,SHM,JoV3-3,JoV3-3-4,4,fd,-50,-75,44.17384,standard,50-75 cm,50-75 cm
OregonState,max,SHM,JoV3-3,JoV3-3-5,5,esm1,-89.9,-117.4,34.7270000000023,standard,75-100 cm,89.9-117.4 cm
OregonState,max,SHM,JoV3-3,JoV3-3-5,5,esm2,-90.7494946496927,-112.823769221702,29.8314557584284,standard,75-100 cm,90.7-112.8 cm
OregonState,fd,SHM,JoV3-3,JoV3-3-5,5,fd,-75,-100,31.569999999999997,standard,75-100 cm,75-100 cm
OregonState,max,BAU,JoXT1-1,JoXT1-1-1,1,esm1,0,-12,46.4859699999999,standard,0-10 cm,0-12 cm
OregonState,max,BAU,JoXT1-1,JoXT1-1-1,1,esm2,0,-12.0422601586515,47.3469674664156,standard,0-10 cm,0-12 cm
OregonState,fd,BAU,JoXT1-1,JoXT1-1-1,1,fd,0,-10,32.0118,standard,0-10 cm,0-10 cm
OregonState,max,BAU,JoXT1-1,JoXT1-1-2,2,esm1,-12,-37.7,72.8481109999992,standard,10-30 cm,12-37.7 cm
OregonState,max,BAU,JoXT1-1,JoXT1-1-2,2,esm2,-12.0422601586515,-37.7755318685852,72.2633140386485,standard,10-30 cm,12-37.8 cm
OregonState,fd,BAU,JoXT1-1,JoXT1-1-2,2,fd,-10,-30,51.556155,standard,10-30 cm,10-30 cm
OregonState,max,BAU,JoXT1-1,JoXT1-1-3,3,esm1,-37.7,-62.9,29.5357620000019,standard,30-50 cm,37.7-62.9 cm
OregonState,max,BAU,JoXT1-1,JoXT1-1-3,3,esm2,-37.7755318685852,-63.300946569146,32.633825945149,standard,30-50 cm,37.8-63.3 cm
OregonState,fd,BAU,JoXT1-1,JoXT1-1-3,3,fd,-30,-50,28.284497999999996,standard,30-50 cm,30-50 cm
OregonState,max,BAU,JoXT1-1,JoXT1-1-4,4,esm1,-62.9,-90.1,24.9292170000003,standard,50-75 cm,62.9-90.1 cm
OregonState,max,BAU,JoXT1-1,JoXT1-1-4,4,esm2,-63.300946569146,-91.1704461282693,17.8445820322142,standard,50-75 cm,63.3-91.2 cm
OregonState,fd,BAU,JoXT1-1,JoXT1-1-4,4,fd,-50,-75,23.0047655,standard,50-75 cm,50-75 cm
OregonState,max,BAU,JoXT1-1,JoXT1-1-5,5,esm1,-90.1,-115.1,21.1749999999995,standard,75-100 cm,90.1-115.1 cm
OregonState,max,BAU,JoXT1-1,JoXT1-1-5,5,esm2,-91.1704461282693,-111.462199525521,47.9246172896208,standard,75-100 cm,91.2-111.5 cm
OregonState,fd,BAU,JoXT1-1,JoXT1-1-5,5,fd,-75,-100,17.99875,standard,75-100 cm,75-100 cm
OregonState,max,BAU,JoXT1-2,JoXT1-2-1,1,esm1,0,-12,53.61468,standard,0-10 cm,0-12 cm
OregonState,max,BAU,JoXT1-2,JoXT1-2-1,1,esm2,0,-12.0422601586515,54.5918795284401,standard,0-10 cm,0-12 cm
OregonState,fd,BAU,JoXT1-2,JoXT1-2-1,1,fd,0,-10,46.091499999999996,standard,0-10 cm,0-10 cm
OregonState,max,BAU,JoXT1-2,JoXT1-2-2,2,esm1,-12,-37.7,85.9577459999998,standard,10-30 cm,12-37.7 cm
OregonState,max,BAU,JoXT1-2,JoXT1-2-2,2,esm2,-12.0422601586515,-37.7755318685852,85.2783997807323,standard,10-30 cm,12-37.8 cm
OregonState,fd,BAU,JoXT1-2,JoXT1-2-2,2,fd,-10,-30,71.01325,standard,10-30 cm,10-30 cm
OregonState,max,BAU,JoXT1-2,JoXT1-2-3,3,esm1,-37.7,-62.9,48.0568799999983,standard,30-50 cm,37.7-62.9 cm
OregonState,max,BAU,JoXT1-2,JoXT1-2-3,3,esm2,-37.7755318685852,-63.300946569146,51.2174461116014,standard,30-50 cm,37.8-63.3 cm
OregonState,fd,BAU,JoXT1-2,JoXT1-2-3,3,fd,-30,-50,46.08112,standard,30-50 cm,30-50 cm
OregonState,max,BAU,JoXT1-2,JoXT1-2-4,4,esm1,-62.9,-90.1,35.0516860000012,standard,50-75 cm,62.9-90.1 cm
OregonState,max,BAU,JoXT1-2,JoXT1-2-4,4,esm2,-63.300946569146,-91.1704461282693,33.0204126284355,standard,50-75 cm,63.3-91.2 cm
OregonState,fd,BAU,JoXT1-2,JoXT1-2-4,4,fd,-50,-75,42.682480000000005,standard,50-75 cm,50-75 cm
OregonState,max,BAU,JoXT1-2,JoXT1-2-5,5,esm1,-90.1,-115.1,27.8355000000019,standard,75-100 cm,90.1-115.1 cm
OregonState,max,BAU,JoXT1-2,JoXT1-2-5,5,esm2,-91.1704461282693,-111.462199525521,27.4106129231917,standard,75-100 cm,91.2-111.5 cm
OregonState,fd,BAU,JoXT1-2,JoXT1-2-5,5,fd,-75,-100,27.835500000000003,standard,75-100 cm,75-100 cm
OregonState,max,BAU,JoXT1-3,JoXT1-3-1,1,esm1,0,-12,55.81099,standard,0-10 cm,0-12 cm
OregonState,max,BAU,JoXT1-3,JoXT1-3-1,1,esm2,0,-12.0422601586515,56.249818643911,standard,0-10 cm,0-12 cm
OregonState,fd,BAU,JoXT1-3,JoXT1-3-1,1,fd,0,-10,47.12875,standard,0-10 cm,0-10 cm
OregonState,max,BAU,JoXT1-3,JoXT1-3-2,2,esm1,-12,-37.7,94.4286420000009,standard,10-30 cm,12-37.7 cm
OregonState,max,BAU,JoXT1-3,JoXT1-3-2,2,esm2,-12.0422601586515,-37.7755318685852,94.3500092487667,standard,10-30 cm,12-37.8 cm
OregonState,fd,BAU,JoXT1-3,JoXT1-3-2,2,fd,-10,-30,80.07509999999999,standard,10-30 cm,10-30 cm
OregonState,max,BAU,JoXT1-3,JoXT1-3-3,3,esm1,-37.7,-62.9,38.5288679999988,standard,30-50 cm,37.7-62.9 cm
OregonState,max,BAU,JoXT1-3,JoXT1-3-3,3,esm2,-37.7755318685852,-63.300946569146,42.0800538382229,standard,30-50 cm,37.8-63.3 cm
OregonState,fd,BAU,JoXT1-3,JoXT1-3-3,3,fd,-30,-50,42.06887999999999,standard,30-50 cm,30-50 cm
OregonState,max,BAU,JoXT1-3,JoXT1-3-4,4,esm1,-62.9,-90.1,28.0654499999968,standard,50-75 cm,62.9-90.1 cm
OregonState,max,BAU,JoXT1-3,JoXT1-3-4,4,esm2,-63.300946569146,-91.1704461282693,21.9519602370792,standard,50-75 cm,63.3-91.2 cm
OregonState,fd,BAU,JoXT1-3,JoXT1-3-4,4,fd,-50,-75,34.073899999999995,standard,50-75 cm,50-75 cm
OregonState,max,BAU,JoXT1-3,JoXT1-3-5,5,esm1,-90.1,-115.1,22.3299999999966,standard,75-100 cm,90.1-115.1 cm
OregonState,max,BAU,JoXT1-3,JoXT1-3-5,5,esm2,-91.1704461282693,-111.462199525521,42.9723686640995,standard,75-100 cm,91.2-111.5 cm
OregonState,fd,BAU,JoXT1-3,JoXT1-3-5,5,fd,-75,-100,22.33,standard,75-100 cm,75-100 cm
OregonState,max,BAU,JoXT2-1,JoXT2-1-1,1,esm1,0,-12.2,38.932112,standard,0-10 cm,0-12.2 cm
OregonState,max,BAU,JoXT2-1,JoXT2-1-1,1,esm2,0,-12.2804151467939,38.9482105856622,standard,0-10 cm,0-12.3 cm
OregonState,fd,BAU,JoXT2-1,JoXT2-1-1,1,fd,0,-10,25.46008,standard,0-10 cm,0-10 cm
OregonState,max,BAU,JoXT2-1,JoXT2-1-2,2,esm1,-12.2,-35.3,68.8537330000001,standard,10-30 cm,12.2-35.3 cm
OregonState,max,BAU,JoXT2-1,JoXT2-1-2,2,esm2,-12.2804151467939,-35.4760802199284,73.2972455878119,standard,10-30 cm,12.3-35.5 cm
OregonState,fd,BAU,JoXT2-1,JoXT2-1-2,2,fd,-10,-30,47.75375640000001,standard,10-30 cm,10-30 cm
OregonState,max,BAU,JoXT2-1,JoXT2-1-3,3,esm1,-35.3,-59.3,62.9491450000005,standard,30-50 cm,35.3-59.3 cm
OregonState,max,BAU,JoXT2-1,JoXT2-1-3,3,esm2,-35.4760802199284,-59.3854288944384,59.4609068130984,standard,30-50 cm,35.5-59.4 cm
OregonState,fd,BAU,JoXT2-1,JoXT2-1-3,3,fd,-30,-50,44.605540000000005,standard,30-50 cm,30-50 cm
OregonState,max,BAU,JoXT2-1,JoXT2-1-4,4,esm1,-59.3,-88,38.4636000000009,standard,50-75 cm,59.3-88 cm
OregonState,max,BAU,JoXT2-1,JoXT2-1-4,4,esm2,-59.3854288944384,-87.9973631620446,40.0839264650692,standard,50-75 cm,59.4-88 cm
OregonState,fd,BAU,JoXT2-1,JoXT2-1-4,4,fd,-50,-75,37.440179,standard,50-75 cm,50-75 cm
OregonState,max,BAU,JoXT2-1,JoXT2-1-5,5,esm1,-88,-115.5,24.6399999999973,standard,75-100 cm,88-115.5 cm
OregonState,max,BAU,JoXT2-1,JoXT2-1-5,5,esm2,-87.9973631620446,-116.230250669233,13.0051412882015,standard,75-100 cm,88-116.2 cm
OregonState,fd,BAU,JoXT2-1,JoXT2-1-5,5,fd,-75,-100,19.04,standard,75-100 cm,75-100 cm
OregonState,max,BAU,JoXT2-2,JoXT2-2-1,1,esm1,0,-12.2,35.6668080000001,standard,0-10 cm,0-12.2 cm
OregonState,max,BAU,JoXT2-2,JoXT2-2-1,1,esm2,0,-12.2804151467939,35.7074236877442,standard,0-10 cm,0-12.3 cm
OregonState,fd,BAU,JoXT2-2,JoXT2-2-1,1,fd,0,-10,29.1996,standard,0-10 cm,0-10 cm
OregonState,max,BAU,JoXT2-2,JoXT2-2-2,2,esm1,-12.2,-35.3,61.8150970000004,standard,10-30 cm,12.2-35.3 cm
OregonState,max,BAU,JoXT2-2,JoXT2-2-2,2,esm2,-12.2804151467939,-35.4760802199284,64.7240719390711,standard,10-30 cm,12.3-35.5 cm
OregonState,fd,BAU,JoXT2-2,JoXT2-2-2,2,fd,-10,-30,55.55886,standard,10-30 cm,10-30 cm
OregonState,max,BAU,JoXT2-2,JoXT2-2-3,3,esm1,-35.3,-59.3,57.0786649999992,standard,30-50 cm,35.3-59.3 cm
OregonState,max,BAU,JoXT2-2,JoXT2-2-3,3,esm2,-35.4760802199284,-59.3854288944384,54.574244064431,standard,30-50 cm,35.5-59.4 cm
OregonState,fd,BAU,JoXT2-2,JoXT2-2-3,3,fd,-30,-50,48.013000000000005,standard,30-50 cm,30-50 cm
OregonState,max,BAU,JoXT2-2,JoXT2-2-4,4,esm1,-59.3,-88,46.4374400000027,standard,50-75 cm,59.3-88 cm
OregonState,max,BAU,JoXT2-2,JoXT2-2-4,4,esm2,-59.3854288944384,-87.9973631620446,51.8218771812811,standard,50-75 cm,59.4-88 cm
OregonState,fd,BAU,JoXT2-2,JoXT2-2-4,4,fd,-50,-75,55.81415,standard,50-75 cm,50-75 cm
OregonState,max,BAU,JoXT2-2,JoXT2-2-5,5,esm1,-88,-115.5,26.2570000000025,standard,75-100 cm,88-115.5 cm
OregonState,max,BAU,JoXT2-2,JoXT2-2-5,5,esm2,-87.9973631620446,-116.230250669233,-4.79107204717462,standard,75-100 cm,88-116.2 cm
OregonState,fd,BAU,JoXT2-2,JoXT2-2-5,5,fd,-75,-100,23.87,standard,75-100 cm,75-100 cm
OregonState,max,BAU,JoXT2-3,JoXT2-3-1,1,esm1,0,-12.2,37.562444,standard,0-10 cm,0-12.2 cm
OregonState,max,BAU,JoXT2-3,JoXT2-3-1,1,esm2,0,-12.2804151467939,38.172830786636,standard,0-10 cm,0-12.3 cm
OregonState,fd,BAU,JoXT2-3,JoXT2-3-1,1,fd,0,-10,31.46125,standard,0-10 cm,0-10 cm
OregonState,max,BAU,JoXT2-3,JoXT2-3-2,2,esm1,-12.2,-35.3,54.7871580000002,standard,10-30 cm,12.2-35.3 cm
OregonState,max,BAU,JoXT2-3,JoXT2-3-2,2,esm2,-12.2804151467939,-35.4760802199284,58.5291611841712,standard,10-30 cm,12.3-35.5 cm
OregonState,fd,BAU,JoXT2-3,JoXT2-3-2,2,fd,-10,-30,50.540420000000005,standard,10-30 cm,10-30 cm
OregonState,max,BAU,JoXT2-3,JoXT2-3-3,3,esm1,-35.3,-59.3,45.2401880000003,standard,30-50 cm,35.3-59.3 cm
OregonState,max,BAU,JoXT2-3,JoXT2-3-3,3,esm2,-35.4760802199284,-59.3854288944384,41.4493378609453,standard,30-50 cm,35.5-59.4 cm
OregonState,fd,BAU,JoXT2-3,JoXT2-3-3,3,fd,-30,-50,39.0488,standard,30-50 cm,30-50 cm
OregonState,max,BAU,JoXT2-3,JoXT2-3-4,4,esm1,-59.3,-88,30.3259599999982,standard,50-75 cm,59.3-88 cm
OregonState,max,BAU,JoXT2-3,JoXT2-3-4,4,esm2,-59.3854288944384,-87.9973631620446,30.9368573388493,standard,50-75 cm,59.4-88 cm
OregonState,fd,BAU,JoXT2-3,JoXT2-3-4,4,fd,-50,-75,36.14548,standard,50-75 cm,50-75 cm
OregonState,max,BAU,JoXT2-3,JoXT2-3-5,5,esm1,-88,-115.5,22.6764999999993,standard,75-100 cm,88-115.5 cm
OregonState,max,BAU,JoXT2-3,JoXT2-3-5,5,esm2,-87.9973631620446,-116.230250669233,18.6472967475618,standard,75-100 cm,88-116.2 cm
OregonState,fd,BAU,JoXT2-3,JoXT2-3-5,5,fd,-75,-100,20.615,standard,75-100 cm,75-100 cm
OregonState,max,BAU,JoXT3-1,JoXT3-1-1,1,esm1,0,-11.7,39.6736799999999,standard,0-10 cm,0-11.7 cm
OregonState,max,BAU,JoXT3-1,JoXT3-1-1,1,esm2,0,-11.6594663135347,40.4764151040955,standard,0-10 cm,0-11.7 cm
OregonState,fd,BAU,JoXT3-1,JoXT3-1-1,1,fd,0,-10,29.218707499999997,standard,0-10 cm,0-10 cm
OregonState,max,BAU,JoXT3-1,JoXT3-1-2,2,esm1,-11.7,-33.9,59.7039680000001,standard,10-30 cm,11.7-33.9 cm
OregonState,max,BAU,JoXT3-1,JoXT3-1-2,2,esm2,-11.6594663135347,-33.6451791465021,62.3869953299551,standard,10-30 cm,11.7-33.6 cm
OregonState,fd,BAU,JoXT3-1,JoXT3-1-2,2,fd,-10,-30,47.29651200000001,standard,10-30 cm,10-30 cm
OregonState,max,BAU,JoXT3-1,JoXT3-1-3,3,esm1,-33.9,-59.3,38.3087880000013,standard,30-50 cm,33.9-59.3 cm
OregonState,max,BAU,JoXT3-1,JoXT3-1-3,3,esm2,-33.6451791465021,-59.321495524437,35.2334389070612,standard,30-50 cm,33.6-59.3 cm
OregonState,fd,BAU,JoXT3-1,JoXT3-1-3,3,fd,-30,-50,24.131520000000002,standard,30-50 cm,30-50 cm
OregonState,max,BAU,JoXT3-1,JoXT3-1-4,4,esm1,-59.3,-92.5,28.3079790000016,standard,50-75 cm,59.3-92.5 cm
OregonState,max,BAU,JoXT3-1,JoXT3-1-4,4,esm2,-59.321495524437,-92.7170066687075,27.4662461370193,standard,50-75 cm,59.3-92.7 cm
OregonState,fd,BAU,JoXT3-1,JoXT3-1-4,4,fd,-50,-75,21.4992225,standard,50-75 cm,50-75 cm
OregonState,max,BAU,JoXT3-1,JoXT3-1-5,5,esm1,-92.5,-124.4,26.7491070000015,standard,75-100 cm,92.5-124.4 cm
OregonState,max,BAU,JoXT3-1,JoXT3-1-5,5,esm2,-92.7170066687075,-122.791834713566,37.8047436688672,standard,75-100 cm,92.7-122.8 cm
OregonState,fd,BAU,JoXT3-1,JoXT3-1-5,5,fd,-75,-100,15.722437499999998,standard,75-100 cm,75-100 cm
OregonState,max,BAU,JoXT3-2,JoXT3-2-1,1,esm1,0,-11.7,41.25726,standard,0-10 cm,0-11.7 cm
OregonState,max,BAU,JoXT3-2,JoXT3-2-1,1,esm2,0,-11.6594663135347,42.3203416492905,standard,0-10 cm,0-11.7 cm
OregonState,fd,BAU,JoXT3-2,JoXT3-2-1,1,fd,0,-10,35.91025,standard,0-10 cm,0-10 cm
OregonState,max,BAU,JoXT3-2,JoXT3-2-2,2,esm1,-11.7,-33.9,61.9659160000003,standard,10-30 cm,11.7-33.9 cm
OregonState,max,BAU,JoXT3-2,JoXT3-2-2,2,esm2,-11.6594663135347,-33.6451791465021,63.7753526684128,standard,10-30 cm,11.7-33.6 cm
OregonState,fd,BAU,JoXT3-2,JoXT3-2-2,2,fd,-10,-30,60.241679999999995,standard,10-30 cm,10-30 cm
OregonState,max,BAU,JoXT3-2,JoXT3-2-3,3,esm1,-33.9,-59.3,46.0537559999984,standard,30-50 cm,33.9-59.3 cm
OregonState,max,BAU,JoXT3-2,JoXT3-2-3,3,esm2,-33.6451791465021,-59.321495524437,43.7347145513638,standard,30-50 cm,33.6-59.3 cm
OregonState,fd,BAU,JoXT3-2,JoXT3-2-3,3,fd,-30,-50,36.2628,standard,30-50 cm,30-50 cm
OregonState,max,BAU,JoXT3-2,JoXT3-2-4,4,esm1,-59.3,-92.5,12.5161479999988,standard,50-75 cm,59.3-92.5 cm
OregonState,max,BAU,JoXT3-2,JoXT3-2-4,4,esm2,-59.321495524437,-92.7170066687075,14.4700055641692,standard,50-75 cm,59.3-92.7 cm
OregonState,fd,BAU,JoXT3-2,JoXT3-2-4,4,fd,-50,-75,23.3223,standard,50-75 cm,50-75 cm
OregonState,max,BAU,JoXT3-2,JoXT3-2-5,5,esm1,-92.5,-124.4,11.0393139999989,standard,75-100 cm,92.5-124.4 cm
OregonState,max,BAU,JoXT3-2,JoXT3-2-5,5,esm2,-92.7170066687075,-122.791834713566,3.23199332128101,standard,75-100 cm,92.7-122.8 cm
OregonState,fd,BAU,JoXT3-2,JoXT3-2-5,5,fd,-75,-100,8.651499999999999,standard,75-100 cm,75-100 cm
OregonState,max,BAU,JoXT3-3,JoXT3-3-1,1,esm1,0,-11.7,41.5359639999999,standard,0-10 cm,0-11.7 cm
OregonState,max,BAU,JoXT3-3,JoXT3-3-1,1,esm2,0,-11.6594663135347,42.3324719722485,standard,0-10 cm,0-11.7 cm
OregonState,fd,BAU,JoXT3-3,JoXT3-3-1,1,fd,0,-10,35.73995,standard,0-10 cm,0-10 cm
OregonState,max,BAU,JoXT3-3,JoXT3-3-2,2,esm1,-11.7,-33.9,66.9029619999999,standard,10-30 cm,11.7-33.9 cm
OregonState,max,BAU,JoXT3-3,JoXT3-3-2,2,esm2,-11.6594663135347,-33.6451791465021,69.3532024100201,standard,10-30 cm,11.7-33.6 cm
OregonState,fd,BAU,JoXT3-3,JoXT3-3-2,2,fd,-10,-30,65.21003999999999,standard,10-30 cm,10-30 cm
OregonState,max,BAU,JoXT3-3,JoXT3-3-3,3,esm1,-33.9,-59.3,48.7740960000009,standard,30-50 cm,33.9-59.3 cm
OregonState,max,BAU,JoXT3-3,JoXT3-3-3,3,esm2,-33.6451791465021,-59.321495524437,45.9980237827433,standard,30-50 cm,33.6-59.3 cm
OregonState,fd,BAU,JoXT3-3,JoXT3-3-3,3,fd,-30,-50,38.4048,standard,30-50 cm,30-50 cm
OregonState,max,BAU,JoXT3-3,JoXT3-3-4,4,esm1,-59.3,-92.5,26.551493000001,standard,50-75 cm,59.3-92.5 cm
OregonState,max,BAU,JoXT3-3,JoXT3-3-4,4,esm2,-59.321495524437,-92.7170066687075,28.7780694583569,standard,50-75 cm,59.3-92.7 cm
OregonState,fd,BAU,JoXT3-3,JoXT3-3-4,4,fd,-50,-75,30.83655,standard,50-75 cm,50-75 cm
OregonState,max,BAU,JoXT3-3,JoXT3-3-5,5,esm1,-92.5,-124.4,24.7419590000009,standard,75-100 cm,92.5-124.4 cm
OregonState,max,BAU,JoXT3-3,JoXT3-3-5,5,esm2,-92.7170066687075,-122.791834713566,7.54123362004503,standard,75-100 cm,92.7-122.8 cm
OregonState,fd,BAU,JoXT3-3,JoXT3-3-5,5,fd,-75,-100,19.39025,standard,75-100 cm,75-100 cm
OregonState,max,BAU,WoCT1-1,WoCT1-1-1,1,esm1,0,-12.2,29.190622,standard,0-10 cm,0-12.2 cm
OregonState,max,BAU,WoCT1-1,WoCT1-1-1,1,esm2,0,-12.2460455904634,29.3794473326572,standard,0-10 cm,0-12.2 cm
OregonState,fd,BAU,WoCT1-1,WoCT1-1-1,1,fd,0,-10,17.989050000000002,standard,0-10 cm,0-10 cm
OregonState,max,BAU,WoCT1-1,WoCT1-1-2,2,esm1,-12.2,-36.1,36.9739009999997,standard,10-30 cm,12.2-36.1 cm
OregonState,max,BAU,WoCT1-1,WoCT1-1-2,2,esm2,-12.2460455904634,-36.1631759403395,37.9773929882536,standard,10-30 cm,12.2-36.2 cm
OregonState,fd,BAU,WoCT1-1,WoCT1-1-2,2,fd,-10,-30,26.801924999999997,standard,10-30 cm,10-30 cm
OregonState,max,BAU,WoCT1-1,WoCT1-1-3,3,esm1,-36.1,-60.9,14.6203440000006,standard,30-50 cm,36.1-60.9 cm
OregonState,max,BAU,WoCT1-1,WoCT1-1-3,3,esm2,-36.1631759403395,-60.9708616398301,14.2252999688095,standard,30-50 cm,36.2-61 cm
OregonState,fd,BAU,WoCT1-1,WoCT1-1-3,3,fd,-30,-50,11.2789278,standard,30-50 cm,30-50 cm
OregonState,max,BAU,WoCT1-1,WoCT1-1-4,4,esm1,-60.9,-91.9,13.0120550000009,standard,50-75 cm,60.9-91.9 cm
OregonState,max,BAU,WoCT1-1,WoCT1-1-4,4,esm2,-60.9708616398301,-91.9230017073349,12.2987659220032,standard,50-75 cm,61-91.9 cm
OregonState,fd,BAU,WoCT1-1,WoCT1-1-4,4,fd,-50,-75,10.030761,standard,50-75 cm,50-75 cm
OregonState,max,BAU,WoCT1-1,WoCT1-1-5,5,esm1,-91.9,-120.6,8.34538599999954,standard,75-100 cm,91.9-120.6 cm
OregonState,max,BAU,WoCT1-1,WoCT1-1-5,5,esm2,-91.9230017073349,-119.602921016651,4.86242656701471,standard,75-100 cm,91.9-119.6 cm
OregonState,fd,BAU,WoCT1-1,WoCT1-1-5,5,fd,-75,-100,6.5899600000000005,standard,75-100 cm,75-100 cm
OregonState,max,BAU,WoCT1-2,WoCT1-2-1,1,esm1,0,-12.2,28.162012,standard,0-10 cm,0-12.2 cm
OregonState,max,BAU,WoCT1-2,WoCT1-2-1,1,esm2,0,-12.2460455904634,28.3910923256398,standard,0-10 cm,0-12.2 cm
OregonState,fd,BAU,WoCT1-2,WoCT1-2-1,1,fd,0,-10,23.906750000000002,standard,0-10 cm,0-10 cm
OregonState,max,BAU,WoCT1-2,WoCT1-2-2,2,esm1,-12.2,-36.1,37.0756259999995,standard,10-30 cm,12.2-36.1 cm
OregonState,max,BAU,WoCT1-2,WoCT1-2-2,2,esm2,-12.2460455904634,-36.1631759403395,38.6493217214424,standard,10-30 cm,12.2-36.2 cm
OregonState,fd,BAU,WoCT1-2,WoCT1-2-2,2,fd,-10,-30,34.59662,standard,10-30 cm,10-30 cm
OregonState,max,BAU,WoCT1-2,WoCT1-2-3,3,esm1,-36.1,-60.9,14.4603839999992,standard,30-50 cm,36.1-60.9 cm
OregonState,max,BAU,WoCT1-2,WoCT1-2-3,3,esm2,-36.1631759403395,-60.9708616398301,13.7164669416185,standard,30-50 cm,36.2-61 cm
OregonState,fd,BAU,WoCT1-2,WoCT1-2-3,3,fd,-30,-50,14.839080000000001,standard,30-50 cm,30-50 cm
OregonState,max,BAU,WoCT1-2,WoCT1-2-4,4,esm1,-60.9,-91.9,13.07607,standard,50-75 cm,60.9-91.9 cm
OregonState,max,BAU,WoCT1-2,WoCT1-2-4,4,esm2,-60.9708616398301,-91.9230017073349,12.1154364782466,standard,50-75 cm,61-91.9 cm
OregonState,fd,BAU,WoCT1-2,WoCT1-2-4,4,fd,-50,-75,12.789200000000001,standard,50-75 cm,50-75 cm
OregonState,max,BAU,WoCT1-2,WoCT1-2-5,5,esm1,-91.9,-120.6,8.72996599999925,standard,75-100 cm,91.9-120.6 cm
OregonState,max,BAU,WoCT1-2,WoCT1-2-5,5,esm2,-91.9230017073349,-119.602921016651,4.69043921907632,standard,75-100 cm,91.9-119.6 cm
OregonState,fd,BAU,WoCT1-2,WoCT1-2-5,5,fd,-75,-100,9.1063,standard,75-100 cm,75-100 cm
OregonState,max,BAU,WoCT1-3,WoCT1-3-1,1,esm1,0,-12.2,26.800762,standard,0-10 cm,0-12.2 cm
OregonState,max,BAU,WoCT1-3,WoCT1-3-1,1,esm2,0,-12.2460455904634,27.1251924323528,standard,0-10 cm,0-12.2 cm
OregonState,fd,BAU,WoCT1-3,WoCT1-3-1,1,fd,0,-10,22.75505,standard,0-10 cm,0-10 cm
OregonState,max,BAU,WoCT1-3,WoCT1-3-2,2,esm1,-12.2,-36.1,33.1716219999998,standard,10-30 cm,12.2-36.1 cm
OregonState,max,BAU,WoCT1-3,WoCT1-3-2,2,esm2,-12.2460455904634,-36.1631759403395,34.3620165842716,standard,10-30 cm,12.2-36.2 cm
OregonState,fd,BAU,WoCT1-3,WoCT1-3-2,2,fd,-10,-30,31.193759999999997,standard,10-30 cm,10-30 cm
OregonState,max,BAU,WoCT1-3,WoCT1-3-3,3,esm1,-36.1,-60.9,13.6285919999993,standard,30-50 cm,36.1-60.9 cm
OregonState,max,BAU,WoCT1-3,WoCT1-3-3,3,esm2,-36.1631759403395,-60.9708616398301,13.27390878469,standard,30-50 cm,36.2-61 cm
OregonState,fd,BAU,WoCT1-3,WoCT1-3-3,3,fd,-30,-50,13.662180000000001,standard,30-50 cm,30-50 cm
OregonState,max,BAU,WoCT1-3,WoCT1-3-4,4,esm1,-60.9,-91.9,10.0917299999998,standard,50-75 cm,60.9-91.9 cm
OregonState,max,BAU,WoCT1-3,WoCT1-3-4,4,esm2,-60.9708616398301,-91.9230017073349,8.85200103407739,standard,50-75 cm,61-91.9 cm
OregonState,fd,BAU,WoCT1-3,WoCT1-3-4,4,fd,-50,-75,11.0771,standard,50-75 cm,50-75 cm
OregonState,max,BAU,WoCT1-3,WoCT1-3-5,5,esm1,-91.9,-120.6,11.3835680000006,standard,75-100 cm,91.9-120.6 cm
OregonState,max,BAU,WoCT1-3,WoCT1-3-5,5,esm2,-91.9230017073349,-119.602921016651,17.0552361578679,standard,75-100 cm,91.9-119.6 cm
OregonState,fd,BAU,WoCT1-3,WoCT1-3-5,5,fd,-75,-100,8.2174,standard,75-100 cm,75-100 cm
OregonState,max,BAU,WoCT2-1,WoCT2-1-1,1,esm1,0,-11.4,29.784872,standard,0-10 cm,0-11.4 cm
OregonState,max,BAU,WoCT2-1,WoCT2-1-1,1,esm2,0,-11.3975524336838,29.8617712634254,standard,0-10 cm,0-11.4 cm
OregonState,fd,BAU,WoCT2-1,WoCT2-1-1,1,fd,0,-10,24.3458875,standard,0-10 cm,0-10 cm
OregonState,max,BAU,WoCT2-1,WoCT2-1-2,2,esm1,-11.4,-31.7,49.9284580000004,standard,10-30 cm,11.4-31.7 cm
OregonState,max,BAU,WoCT2-1,WoCT2-1-2,2,esm2,-11.3975524336838,-31.5922195021584,55.2056012862643,standard,10-30 cm,11.4-31.6 cm
OregonState,fd,BAU,WoCT2-1,WoCT2-1-2,2,fd,-10,-30,49.0821775,standard,10-30 cm,10-30 cm
OregonState,max,BAU,WoCT2-1,WoCT2-1-3,3,esm1,-31.7,-53.8,31.4681900000013,standard,30-50 cm,31.7-53.8 cm
OregonState,max,BAU,WoCT2-1,WoCT2-1-3,3,esm2,-31.5922195021584,-53.7790105942233,28.9085935666466,standard,30-50 cm,31.6-53.8 cm
OregonState,fd,BAU,WoCT2-1,WoCT2-1-3,3,fd,-30,-50,27.0541,standard,30-50 cm,30-50 cm
OregonState,max,BAU,WoCT2-1,WoCT2-1-4,4,esm1,-53.8,-80.8,19.5919800000011,standard,50-75 cm,53.8-80.8 cm
OregonState,max,BAU,WoCT2-1,WoCT2-1-4,4,esm2,-53.7790105942233,-81.4788773404847,16.1754060133608,standard,50-75 cm,53.8-81.5 cm
OregonState,fd,BAU,WoCT2-1,WoCT2-1-4,4,fd,-50,-75,20.463189999999997,standard,50-75 cm,50-75 cm
OregonState,max,BAU,WoCT2-1,WoCT2-1-5,5,esm1,-80.8,-106.4,15.283199999998,standard,75-100 cm,80.8-106.4 cm
OregonState,max,BAU,WoCT2-1,WoCT2-1-5,5,esm2,-81.4788773404847,-105.845869470849,18.0793632094016,standard,75-100 cm,81.5-105.8 cm
OregonState,fd,BAU,WoCT2-1,WoCT2-1-5,5,fd,-75,-100,14.178749999999999,standard,75-100 cm,75-100 cm
OregonState,max,BAU,WoCT2-2,WoCT2-2-1,1,esm1,0,-11.4,33.503006,standard,0-10 cm,0-11.4 cm
OregonState,max,BAU,WoCT2-2,WoCT2-2-1,1,esm2,0,-11.3975524336838,33.4491391883179,standard,0-10 cm,0-11.4 cm
OregonState,fd,BAU,WoCT2-2,WoCT2-2-1,1,fd,0,-10,28.966250000000002,standard,0-10 cm,0-10 cm
OregonState,max,BAU,WoCT2-2,WoCT2-2-2,2,esm1,-11.4,-31.7,58.8575740000002,standard,10-30 cm,11.4-31.7 cm
OregonState,max,BAU,WoCT2-2,WoCT2-2-2,2,esm2,-11.3975524336838,-31.5922195021584,62.7962192399469,standard,10-30 cm,11.4-31.6 cm
OregonState,fd,BAU,WoCT2-2,WoCT2-2-2,2,fd,-10,-30,59.642599999999995,standard,10-30 cm,10-30 cm
OregonState,max,BAU,WoCT2-2,WoCT2-2-3,3,esm1,-31.7,-53.8,48.7724900000002,standard,30-50 cm,31.7-53.8 cm
OregonState,max,BAU,WoCT2-2,WoCT2-2-3,3,esm2,-31.5922195021584,-53.7790105942233,47.3357313003885,standard,30-50 cm,31.6-53.8 cm
OregonState,fd,BAU,WoCT2-2,WoCT2-2-3,3,fd,-30,-50,44.138000000000005,standard,30-50 cm,30-50 cm
OregonState,max,BAU,WoCT2-2,WoCT2-2-4,4,esm1,-53.8,-80.8,28.0105799999997,standard,50-75 cm,53.8-80.8 cm
OregonState,max,BAU,WoCT2-2,WoCT2-2-4,4,esm2,-53.7790105942233,-81.4788773404847,33.9574150052007,standard,50-75 cm,53.8-81.5 cm
OregonState,fd,BAU,WoCT2-2,WoCT2-2-4,4,fd,-50,-75,31.6292,standard,50-75 cm,50-75 cm
OregonState,max,BAU,WoCT2-2,WoCT2-2-5,5,esm1,-80.8,-106.4,21.0432000000001,standard,75-100 cm,80.8-106.4 cm
OregonState,max,BAU,WoCT2-2,WoCT2-2-5,5,esm2,-81.4788773404847,-105.845869470849,6.61996057202043,standard,75-100 cm,81.5-105.8 cm
OregonState,fd,BAU,WoCT2-2,WoCT2-2-5,5,fd,-75,-100,20.55,standard,75-100 cm,75-100 cm
OregonState,max,BAU,WoCT2-3,WoCT2-3-1,1,esm1,0,-11.4,36.553674,standard,0-10 cm,0-11.4 cm
OregonState,max,BAU,WoCT2-3,WoCT2-3-1,1,esm2,0,-11.3975524336838,36.6895476955067,standard,0-10 cm,0-11.4 cm
OregonState,fd,BAU,WoCT2-3,WoCT2-3-1,1,fd,0,-10,31.633499999999998,standard,0-10 cm,0-10 cm
OregonState,max,BAU,WoCT2-3,WoCT2-3-2,2,esm1,-11.4,-31.7,60.5323409999997,standard,10-30 cm,11.4-31.7 cm
OregonState,max,BAU,WoCT2-3,WoCT2-3-2,2,esm2,-11.3975524336838,-31.5922195021584,66.0145386533038,standard,10-30 cm,11.4-31.6 cm
OregonState,fd,BAU,WoCT2-3,WoCT2-3-2,2,fd,-10,-30,62.2209,standard,10-30 cm,10-30 cm
OregonState,max,BAU,WoCT2-3,WoCT2-3-3,3,esm1,-31.7,-53.8,42.0109950000007,standard,30-50 cm,31.7-53.8 cm
OregonState,max,BAU,WoCT2-3,WoCT2-3-3,3,esm2,-31.5922195021584,-53.7790105942233,39.5500255504026,standard,30-50 cm,31.6-53.8 cm
OregonState,fd,BAU,WoCT2-3,WoCT2-3-3,3,fd,-30,-50,38.019,standard,30-50 cm,30-50 cm
OregonState,max,BAU,WoCT2-3,WoCT2-3-4,4,esm1,-53.8,-80.8,22.31379,standard,50-75 cm,53.8-80.8 cm
OregonState,max,BAU,WoCT2-3,WoCT2-3-4,4,esm2,-53.7790105942233,-81.4788773404847,22.8238303173923,standard,50-75 cm,53.8-81.5 cm
OregonState,fd,BAU,WoCT2-3,WoCT2-3-4,4,fd,-50,-75,25.8921,standard,50-75 cm,50-75 cm
OregonState,max,BAU,WoCT2-3,WoCT2-3-5,5,esm1,-80.8,-106.4,16.0895999999993,standard,75-100 cm,80.8-106.4 cm
OregonState,max,BAU,WoCT2-3,WoCT2-3-5,5,esm2,-81.4788773404847,-105.845869470849,11.0372716205908,standard,75-100 cm,81.5-105.8 cm
OregonState,fd,BAU,WoCT2-3,WoCT2-3-5,5,fd,-75,-100,15.712499999999999,standard,75-100 cm,75-100 cm
OregonState,max,BAU,WoCT3-1,WoCT3-1-1,1,esm1,0,-10.9,24.95178,standard,0-10 cm,0-10.9 cm
OregonState,max,BAU,WoCT3-1,WoCT3-1-1,1,esm2,0,-10.906556246554,25.1306893207082,standard,0-10 cm,0-10.9 cm
OregonState,fd,BAU,WoCT3-1,WoCT3-1-1,1,fd,0,-10,21.789675,standard,0-10 cm,0-10 cm
OregonState,max,BAU,WoCT3-1,WoCT3-1-2,2,esm1,-10.9,-31.5,31.1752799999998,standard,10-30 cm,10.9-31.5 cm
OregonState,max,BAU,WoCT3-1,WoCT3-1-2,2,esm2,-10.906556246554,-31.8372387045951,38.9833922924131,standard,10-30 cm,10.9-31.8 cm
OregonState,fd,BAU,WoCT3-1,WoCT3-1-2,2,fd,-10,-30,30.583007999999992,standard,10-30 cm,10-30 cm
OregonState,max,BAU,WoCT3-1,WoCT3-1-3,3,esm1,-31.5,-52.3,13.8378240000003,standard,30-50 cm,31.5-52.3 cm
OregonState,max,BAU,WoCT3-1,WoCT3-1-3,3,esm2,-31.8372387045951,-52.3003184279034,8.92165321921927,standard,30-50 cm,31.8-52.3 cm
OregonState,fd,BAU,WoCT3-1,WoCT3-1-3,3,fd,-30,-50,12.640319999999999,standard,30-50 cm,30-50 cm
OregonState,max,BAU,WoCT3-1,WoCT3-1-4,4,esm1,-52.3,-82.2,10.4554800000009,standard,50-75 cm,52.3-82.2 cm
OregonState,max,BAU,WoCT3-1,WoCT3-1-4,4,esm2,-52.3003184279034,-80.4439212110528,2.57711811400553,standard,50-75 cm,52.3-80.4 cm
OregonState,fd,BAU,WoCT3-1,WoCT3-1-4,4,fd,-50,-75,9.397134,standard,50-75 cm,50-75 cm
OregonState,max,BAU,WoCT3-1,WoCT3-1-5,5,esm1,-82.2,-111.6,8.55010800000073,standard,75-100 cm,82.2-111.6 cm
OregonState,max,BAU,WoCT3-1,WoCT3-1-5,5,esm2,-80.4439212110528,-114.650884984984,23.0846351498702,standard,75-100 cm,80.4-114.7 cm
OregonState,fd,BAU,WoCT3-1,WoCT3-1-5,5,fd,-75,-100,6.906975,standard,75-100 cm,75-100 cm
OregonState,max,BAU,WoCT3-2,WoCT3-2-1,1,esm1,0,-10.9,25.566996,standard,0-10 cm,0-10.9 cm
OregonState,max,BAU,WoCT3-2,WoCT3-2-1,1,esm2,0,-10.906556246554,25.7330982561385,standard,0-10 cm,0-10.9 cm
OregonState,fd,BAU,WoCT3-2,WoCT3-2-1,1,fd,0,-10,23.686500000000002,standard,0-10 cm,0-10 cm
OregonState,max,BAU,WoCT3-2,WoCT3-2-2,2,esm1,-10.9,-31.5,30.5809340000003,standard,10-30 cm,10.9-31.5 cm
OregonState,max,BAU,WoCT3-2,WoCT3-2-2,2,esm2,-10.906556246554,-31.8372387045951,37.4788570867365,standard,10-30 cm,10.9-31.8 cm
OregonState,fd,BAU,WoCT3-2,WoCT3-2-2,2,fd,-10,-30,31.294880000000003,standard,10-30 cm,10-30 cm
OregonState,max,BAU,WoCT3-2,WoCT3-2-3,3,esm1,-31.5,-52.3,16.1761600000002,standard,30-50 cm,31.5-52.3 cm
OregonState,max,BAU,WoCT3-2,WoCT3-2-3,3,esm2,-31.8372387045951,-52.3003184279034,12.0701729544975,standard,30-50 cm,31.8-52.3 cm
OregonState,fd,BAU,WoCT3-2,WoCT3-2-3,3,fd,-30,-50,15.554000000000002,standard,30-50 cm,30-50 cm
OregonState,max,BAU,WoCT3-2,WoCT3-2-4,4,esm1,-52.3,-82.2,11.1159020000003,standard,50-75 cm,52.3-82.2 cm
OregonState,max,BAU,WoCT3-2,WoCT3-2-4,4,esm2,-52.3003184279034,-80.4439212110528,3.96506702548224,standard,50-75 cm,52.3-80.4 cm
OregonState,fd,BAU,WoCT3-2,WoCT3-2-4,4,fd,-50,-75,10.77298,standard,50-75 cm,50-75 cm
OregonState,max,BAU,WoCT3-2,WoCT3-2-5,5,esm1,-82.2,-111.6,8.70416400000033,standard,75-100 cm,82.2-111.6 cm
OregonState,max,BAU,WoCT3-2,WoCT3-2-5,5,esm2,-80.4439212110528,-114.650884984984,22.3590672512836,standard,75-100 cm,80.4-114.7 cm
OregonState,fd,BAU,WoCT3-2,WoCT3-2-5,5,fd,-75,-100,7.401500000000001,standard,75-100 cm,75-100 cm
OregonState,max,BAU,WoCT3-3,WoCT3-3-1,1,esm1,0,-10.9,24.678978,standard,0-10 cm,0-10.9 cm
OregonState,max,BAU,WoCT3-3,WoCT3-3-1,1,esm2,0,-10.906556246554,24.8775986493091,standard,0-10 cm,0-10.9 cm
OregonState,fd,BAU,WoCT3-3,WoCT3-3-1,1,fd,0,-10,22.841250000000002,standard,0-10 cm,0-10 cm
OregonState,max,BAU,WoCT3-3,WoCT3-3-2,2,esm1,-10.9,-31.5,34.135232,standard,10-30 cm,10.9-31.5 cm
OregonState,max,BAU,WoCT3-3,WoCT3-3-2,2,esm2,-10.906556246554,-31.8372387045951,38.7993823129598,standard,10-30 cm,10.9-31.8 cm
OregonState,fd,BAU,WoCT3-3,WoCT3-3-2,2,fd,-10,-30,34.161919999999995,standard,10-30 cm,10-30 cm
OregonState,max,BAU,WoCT3-3,WoCT3-3-3,3,esm1,-31.5,-52.3,25.113087999999,standard,30-50 cm,31.5-52.3 cm
OregonState,max,BAU,WoCT3-3,WoCT3-3-3,3,esm2,-31.8372387045951,-52.3003184279034,22.6104633589636,standard,30-50 cm,31.8-52.3 cm
OregonState,fd,BAU,WoCT3-3,WoCT3-3-3,3,fd,-30,-50,24.147199999999998,standard,30-50 cm,30-50 cm
OregonState,max,BAU,WoCT3-3,WoCT3-3-4,4,esm1,-52.3,-82.2,15.611203999998,standard,50-75 cm,52.3-82.2 cm
OregonState,max,BAU,WoCT3-3,WoCT3-3-4,4,esm2,-52.3003184279034,-80.4439212110528,14.0654462993619,standard,50-75 cm,52.3-80.4 cm
OregonState,fd,BAU,WoCT3-3,WoCT3-3-4,4,fd,-50,-75,15.5491,standard,50-75 cm,50-75 cm
OregonState,max,BAU,WoCT3-3,WoCT3-3-5,5,esm1,-82.2,-111.6,11.592713999998,standard,75-100 cm,82.2-111.6 cm
OregonState,max,BAU,WoCT3-3,WoCT3-3-5,5,esm2,-80.4439212110528,-114.650884984984,11.1222128823713,standard,75-100 cm,80.4-114.7 cm
OregonState,fd,BAU,WoCT3-3,WoCT3-3-5,5,fd,-75,-100,9.85775,standard,75-100 cm,75-100 cm
OregonState,max,Ref,WoH1-1,WoH1-1-1,1,esm1,0,-12,50.3604000000002,standard,0-10 cm,0-12 cm
OregonState,max,Ref,WoH1-1,WoH1-1-1,1,esm2,0,-12.0722872872979,50.9061224444337,standard,0-10 cm,0-12.1 cm
OregonState,fd,Ref,WoH1-1,WoH1-1-1,1,fd,0,-10,39.36486,standard,0-10 cm,0-10 cm
OregonState,max,Ref,WoH1-1,WoH1-1-2,2,esm1,-12,-33.7,42.6311520000001,standard,10-30 cm,12-33.7 cm
OregonState,max,Ref,WoH1-1,WoH1-1-2,2,esm2,-12.0722872872979,-33.7566818699388,43.0269720312999,standard,10-30 cm,12.1-33.8 cm
OregonState,fd,Ref,WoH1-1,WoH1-1-2,2,fd,-10,-30,34.1275512,standard,10-30 cm,10-30 cm
OregonState,max,Ref,WoH1-1,WoH1-1-3,3,esm1,-33.7,-56.2,34.6814200000014,standard,30-50 cm,33.7-56.2 cm
OregonState,max,Ref,WoH1-1,WoH1-1-3,3,esm2,-33.7566818699388,-56.1331388622937,35.6161933280886,standard,30-50 cm,33.8-56.1 cm
OregonState,fd,Ref,WoH1-1,WoH1-1-3,3,fd,-30,-50,28.669824,standard,30-50 cm,30-50 cm
OregonState,max,Ref,WoH1-1,WoH1-1-4,4,esm1,-56.2,-85.6,19.2668580000017,standard,50-75 cm,56.2-85.6 cm
OregonState,max,Ref,WoH1-1,WoH1-1-4,4,esm2,-56.1331388622937,-85.7110848465314,18.6652397609499,standard,50-75 cm,56.1-85.7 cm
OregonState,fd,Ref,WoH1-1,WoH1-1-4,4,fd,-50,-75,18.845095200000003,standard,50-75 cm,50-75 cm
OregonState,max,Ref,WoH1-1,WoH1-1-5,5,esm1,-85.6,-113.7,6.92946000000322,standard,75-100 cm,85.6-113.7 cm
OregonState,max,Ref,WoH1-1,WoH1-1-5,5,esm2,-85.7110848465314,-113.179693005938,1.80461339504436,standard,75-100 cm,85.7-113.2 cm
OregonState,fd,Ref,WoH1-1,WoH1-1-5,5,fd,-75,-100,5.1642835,standard,75-100 cm,75-100 cm
OregonState,max,Ref,WoH1-2,WoH1-2-1,1,esm1,0,-12,48.69135,standard,0-10 cm,0-12 cm
OregonState,max,Ref,WoH1-2,WoH1-2-1,1,esm2,0,-12.0722872872979,49.228153770556,standard,0-10 cm,0-12.1 cm
OregonState,fd,Ref,WoH1-2,WoH1-2-1,1,fd,0,-10,43.60935,standard,0-10 cm,0-10 cm
OregonState,max,Ref,WoH1-2,WoH1-2-2,2,esm1,-12,-33.7,46.6622159999995,standard,10-30 cm,12-33.7 cm
OregonState,max,Ref,WoH1-2,WoH1-2-2,2,esm2,-12.0722872872979,-33.7566818699388,49.6394697466715,standard,10-30 cm,12.1-33.8 cm
OregonState,fd,Ref,WoH1-2,WoH1-2-2,2,fd,-10,-30,49.01628,standard,10-30 cm,10-30 cm
OregonState,max,Ref,WoH1-2,WoH1-2-3,3,esm1,-33.7,-56.2,14.7995320000008,standard,30-50 cm,33.7-56.2 cm
OregonState,max,Ref,WoH1-2,WoH1-2-3,3,esm2,-33.7566818699388,-56.1331388622937,10.9568776888786,standard,30-50 cm,33.8-56.1 cm
OregonState,fd,Ref,WoH1-2,WoH1-2-3,3,fd,-30,-50,14.7456,standard,30-50 cm,30-50 cm
OregonState,max,Ref,WoH1-2,WoH1-2-4,4,esm1,-56.2,-85.6,11.0863140000008,standard,50-75 cm,56.2-85.6 cm
OregonState,max,Ref,WoH1-2,WoH1-2-4,4,esm2,-56.1331388622937,-85.7110848465314,11.6222746946876,standard,50-75 cm,56.1-85.7 cm
OregonState,fd,Ref,WoH1-2,WoH1-2-4,4,fd,-50,-75,10.17384,standard,50-75 cm,50-75 cm
OregonState,max,Ref,WoH1-2,WoH1-2-5,5,esm1,-85.6,-113.7,9.66274699999987,standard,75-100 cm,85.6-113.7 cm
OregonState,max,Ref,WoH1-2,WoH1-2-5,5,esm2,-85.7110848465314,-113.179693005938,9.80243379347269,standard,75-100 cm,85.7-113.2 cm
OregonState,fd,Ref,WoH1-2,WoH1-2-5,5,fd,-75,-100,8.64607,standard,75-100 cm,75-100 cm
OregonState,max,Ref,WoH1-3,WoH1-3-1,1,esm1,0,-12,39.54425,standard,0-10 cm,0-12 cm
OregonState,max,Ref,WoH1-3,WoH1-3-1,1,esm2,0,-12.0722872872979,41.4494086011352,standard,0-10 cm,0-12.1 cm
OregonState,fd,Ref,WoH1-3,WoH1-3-1,1,fd,0,-10,37.18665,standard,0-10 cm,0-10 cm
OregonState,max,Ref,WoH1-3,WoH1-3-2,2,esm1,-12,-33.7,22.462544,standard,10-30 cm,12-33.7 cm
OregonState,max,Ref,WoH1-3,WoH1-3-2,2,esm2,-12.0722872872979,-33.7566818699388,20.8922092017211,standard,10-30 cm,12.1-33.8 cm
OregonState,fd,Ref,WoH1-3,WoH1-3-2,2,fd,-10,-30,22.912719999999997,standard,10-30 cm,10-30 cm
OregonState,max,Ref,WoH1-3,WoH1-3-3,3,esm1,-33.7,-56.2,10.977332,standard,30-50 cm,33.7-56.2 cm
OregonState,max,Ref,WoH1-3,WoH1-3-3,3,esm2,-33.7566818699388,-56.1331388622937,10.8640410010309,standard,30-50 cm,33.8-56.1 cm
OregonState,fd,Ref,WoH1-3,WoH1-3-3,3,fd,-30,-50,10.3104,standard,30-50 cm,30-50 cm
OregonState,max,Ref,WoH1-3,WoH1-3-4,4,esm1,-56.2,-85.6,9.93058199999922,standard,50-75 cm,56.2-85.6 cm
OregonState,max,Ref,WoH1-3,WoH1-3-4,4,esm2,-56.1331388622937,-85.7110848465314,10.3624257525367,standard,50-75 cm,56.1-85.7 cm
OregonState,fd,Ref,WoH1-3,WoH1-3-4,4,fd,-50,-75,10.01784,standard,50-75 cm,50-75 cm
OregonState,max,Ref,WoH1-3,WoH1-3-5,5,esm1,-85.6,-113.7,6.12102299999978,standard,75-100 cm,85.6-113.7 cm
OregonState,max,Ref,WoH1-3,WoH1-3-5,5,esm2,-85.7110848465314,-113.179693005938,2.70741433380186,standard,75-100 cm,85.7-113.2 cm
OregonState,fd,Ref,WoH1-3,WoH1-3-5,5,fd,-75,-100,5.623850000000001,standard,75-100 cm,75-100 cm
OregonState,max,Ref,WoH2-1,WoH2-1-1,1,esm1,0,-10,55.5852000000001,standard,0-10 cm,0-10 cm
OregonState,max,Ref,WoH2-1,WoH2-1-1,1,esm2,0,-10,55.5852,standard,0-10 cm,0-10 cm
OregonState,fd,Ref,WoH2-1,WoH2-1-1,1,fd,0,-10,47.24741999999999,standard,0-10 cm,0-10 cm
OregonState,max,Ref,WoH2-1,WoH2-1-2,2,esm1,-10,-32.3,41.8854209999997,standard,10-30 cm,10-32.3 cm
OregonState,max,Ref,WoH2-1,WoH2-1-2,2,esm2,-10,-31.8826071205889,44.1574789566442,standard,10-30 cm,10-31.9 cm
OregonState,fd,Ref,WoH2-1,WoH2-1-2,2,fd,-10,-30,31.930590000000002,standard,10-30 cm,10-30 cm
OregonState,max,Ref,WoH2-1,WoH2-1-3,3,esm1,-32.3,-55.6,32.6742509999999,standard,30-50 cm,32.3-55.6 cm
OregonState,max,Ref,WoH2-1,WoH2-1-3,3,esm2,-31.8826071205889,-55.6720033779359,34.2509469826412,standard,30-50 cm,31.9-55.7 cm
OregonState,fd,Ref,WoH2-1,WoH2-1-3,3,fd,-30,-50,28.003080000000004,standard,30-50 cm,30-50 cm
OregonState,max,Ref,WoH2-1,WoH2-1-4,4,esm1,-55.6,-85.4,19.2188640000014,standard,50-75 cm,55.6-85.4 cm
OregonState,max,Ref,WoH2-1,WoH2-1-4,4,esm2,-55.6720033779359,-85.1464805236847,15.0477882744074,standard,50-75 cm,55.7-85.1 cm
OregonState,fd,Ref,WoH2-1,WoH2-1-4,4,fd,-50,-75,15.366299999999999,standard,50-75 cm,50-75 cm
OregonState,max,Ref,WoH2-1,WoH2-1-5,5,esm1,-85.4,-116,12.4921439999958,standard,75-100 cm,85.4-116 cm
OregonState,max,Ref,WoH2-1,WoH2-1-5,5,esm2,-85.1464805236847,-117.983625764536,16.6499059330228,standard,75-100 cm,85.1-118 cm
OregonState,fd,Ref,WoH2-1,WoH2-1-5,5,fd,-75,-100,9.927108,standard,75-100 cm,75-100 cm
OregonState,max,Ref,WoH2-2,WoH2-2-1,1,esm1,0,-10,32.6883000000001,standard,0-10 cm,0-10 cm
OregonState,max,Ref,WoH2-2,WoH2-2-1,1,esm2,0,-10,32.6883,standard,0-10 cm,0-10 cm
OregonState,fd,Ref,WoH2-2,WoH2-2-1,1,fd,0,-10,32.6883,standard,0-10 cm,0-10 cm
OregonState,max,Ref,WoH2-2,WoH2-2-2,2,esm1,-10,-32.3,39.1358310000003,standard,10-30 cm,10-32.3 cm
OregonState,max,Ref,WoH2-2,WoH2-2-2,2,esm2,-10,-31.8826071205889,40.9853548931618,standard,10-30 cm,10-31.9 cm
OregonState,fd,Ref,WoH2-2,WoH2-2-2,2,fd,-10,-30,35.099399999999996,standard,10-30 cm,10-30 cm
OregonState,max,Ref,WoH2-2,WoH2-2-3,3,esm1,-32.3,-55.6,32.6277930000004,standard,30-50 cm,32.3-55.6 cm
OregonState,max,Ref,WoH2-2,WoH2-2-3,3,esm2,-31.8826071205889,-55.6720033779359,33.9348541033887,standard,30-50 cm,31.9-55.7 cm
OregonState,fd,Ref,WoH2-2,WoH2-2-3,3,fd,-30,-50,31.65648,standard,30-50 cm,30-50 cm
OregonState,max,Ref,WoH2-2,WoH2-2-4,4,esm1,-55.6,-85.4,22.996007999999,standard,50-75 cm,55.6-85.4 cm
OregonState,max,Ref,WoH2-2,WoH2-2-4,4,esm2,-55.6720033779359,-85.1464805236847,20.2881288502316,standard,50-75 cm,55.7-85.1 cm
OregonState,fd,Ref,WoH2-2,WoH2-2-4,4,fd,-50,-75,22.355999999999998,standard,50-75 cm,50-75 cm
OregonState,max,Ref,WoH2-2,WoH2-2-5,5,esm1,-85.4,-116,12.2608079999974,standard,75-100 cm,85.4-116 cm
OregonState,max,Ref,WoH2-2,WoH2-2-5,5,esm2,-85.1464805236847,-117.983625764536,10.0629155621776,standard,75-100 cm,85.1-118 cm
OregonState,fd,Ref,WoH2-2,WoH2-2-5,5,fd,-75,-100,11.49768,standard,75-100 cm,75-100 cm
OregonState,max,Ref,WoH2-3,WoH2-3-1,1,esm1,0,-10,29.6418999999999,standard,0-10 cm,0-10 cm
OregonState,max,Ref,WoH2-3,WoH2-3-1,1,esm2,0,-10,29.6419,standard,0-10 cm,0-10 cm
OregonState,fd,Ref,WoH2-3,WoH2-3-1,1,fd,0,-10,29.6419,standard,0-10 cm,0-10 cm
OregonState,max,Ref,WoH2-3,WoH2-3-2,2,esm1,-10,-32.3,34.644833999999904,standard,10-30 cm,10-32.3 cm
OregonState,max,Ref,WoH2-3,WoH2-3-2,2,esm2,-10,-31.8826071205889,38.6379447707394,standard,10-30 cm,10-31.9 cm
OregonState,fd,Ref,WoH2-3,WoH2-3-2,2,fd,-10,-30,31.0716,standard,10-30 cm,10-30 cm
OregonState,max,Ref,WoH2-3,WoH2-3-3,3,esm1,-32.3,-55.6,27.4443660000013,standard,30-50 cm,32.3-55.6 cm
OregonState,max,Ref,WoH2-3,WoH2-3-3,3,esm2,-31.8826071205889,-55.6720033779359,25.8380678308569,standard,30-50 cm,31.9-55.7 cm
OregonState,fd,Ref,WoH2-3,WoH2-3-3,3,fd,-30,-50,27.42408,standard,30-50 cm,30-50 cm
OregonState,max,Ref,WoH2-3,WoH2-3-4,4,esm1,-55.6,-85.4,17.2551960000008,standard,50-75 cm,55.6-85.4 cm
OregonState,max,Ref,WoH2-3,WoH2-3-4,4,esm2,-55.6720033779359,-85.1464805236847,14.7642186806948,standard,50-75 cm,55.7-85.1 cm
OregonState,fd,Ref,WoH2-3,WoH2-3-4,4,fd,-50,-75,16.042499999999997,standard,50-75 cm,50-75 cm
OregonState,max,Ref,WoH2-3,WoH2-3-5,5,esm1,-85.4,-116,11.9138039999993,standard,75-100 cm,85.4-116 cm
OregonState,max,Ref,WoH2-3,WoH2-3-5,5,esm2,-85.1464805236847,-117.983625764536,14.2284489470816,standard,75-100 cm,85.1-118 cm
OregonState,fd,Ref,WoH2-3,WoH2-3-5,5,fd,-75,-100,10.49058,standard,75-100 cm,75-100 cm
OregonState,max,Ref,WoH3-1,WoH3-1-1,1,esm1,0,-11.1,23.462702,standard,0-10 cm,0-11.1 cm
OregonState,max,Ref,WoH3-1,WoH3-1-1,1,esm2,0,-11.0338870501428,24.3060216005834,standard,0-10 cm,0-11 cm
OregonState,fd,Ref,WoH3-1,WoH3-1-1,1,fd,0,-10,17.83576,standard,0-10 cm,0-10 cm
OregonState,max,Ref,WoH3-1,WoH3-1-2,2,esm1,-11.1,-31.1,21.2363999999997,standard,10-30 cm,11.1-31.1 cm
OregonState,max,Ref,WoH3-1,WoH3-1-2,2,esm2,-11.0338870501428,-30.5748228414925,25.3740834544744,standard,10-30 cm,11-30.6 cm
OregonState,fd,Ref,WoH3-1,WoH3-1-2,2,fd,-10,-30,15.927299999999999,standard,10-30 cm,10-30 cm
OregonState,max,Ref,WoH3-1,WoH3-1-3,3,esm1,-31.1,-52.6,17.7597779999994,standard,30-50 cm,31.1-52.6 cm
OregonState,max,Ref,WoH3-1,WoH3-1-3,3,esm2,-30.5748228414925,-52.5045090594297,13.7411511137093,standard,30-50 cm,30.6-52.5 cm
OregonState,fd,Ref,WoH3-1,WoH3-1-3,3,fd,-30,-50,13.228575,standard,30-50 cm,30-50 cm
OregonState,max,Ref,WoH3-1,WoH3-1-4,4,esm1,-52.6,-81.4,11.3702399999993,standard,50-75 cm,52.6-81.4 cm
OregonState,max,Ref,WoH3-1,WoH3-1-4,4,esm2,-52.5045090594297,-81.2884698578786,11.6300376146416,standard,50-75 cm,52.5-81.3 cm
OregonState,fd,Ref,WoH3-1,WoH3-1-4,4,fd,-50,-75,6.415499999999999,standard,50-75 cm,50-75 cm
OregonState,max,Ref,WoH3-1,WoH3-1-5,5,esm1,-81.4,-109,9.20289999999972,standard,75-100 cm,81.4-109 cm
OregonState,max,Ref,WoH3-1,WoH3-1-5,5,esm2,-81.2884698578786,-108.980468160578,7.90931360409358,standard,75-100 cm,81.3-109 cm
OregonState,fd,Ref,WoH3-1,WoH3-1-5,5,fd,-75,-100,6.063421999999999,standard,75-100 cm,75-100 cm
OregonState,max,Ref,WoH3-2,WoH3-2-1,1,esm1,0,-11.1,40.6953119999999,standard,0-10 cm,0-11.1 cm
OregonState,max,Ref,WoH3-2,WoH3-2-1,1,esm2,0,-11.0338870501428,42.6728845892989,standard,0-10 cm,0-11 cm
OregonState,fd,Ref,WoH3-2,WoH3-2-1,1,fd,0,-10,39.577799999999996,standard,0-10 cm,0-10 cm
OregonState,max,Ref,WoH3-2,WoH3-2-2,2,esm1,-11.1,-31.1,20.3183999999993,standard,10-30 cm,11.1-31.1 cm
OregonState,max,Ref,WoH3-2,WoH3-2-2,2,esm2,-11.0338870501428,-30.5748228414925,28.6541321918828,standard,10-30 cm,11-30.6 cm
OregonState,fd,Ref,WoH3-2,WoH3-2-2,2,fd,-10,-30,20.318400000000004,standard,10-30 cm,10-30 cm
OregonState,max,Ref,WoH3-2,WoH3-2-3,3,esm1,-31.1,-52.6,16.6110479999992,standard,30-50 cm,31.1-52.6 cm
OregonState,max,Ref,WoH3-2,WoH3-2-3,3,esm2,-30.5748228414925,-52.5045090594297,5.52786990536852,standard,30-50 cm,30.6-52.5 cm
OregonState,fd,Ref,WoH3-2,WoH3-2-3,3,fd,-30,-50,16.876800000000003,standard,30-50 cm,30-50 cm
OregonState,max,Ref,WoH3-2,WoH3-2-4,4,esm1,-52.6,-81.4,9.43487999999888,standard,50-75 cm,52.6-81.4 cm
OregonState,max,Ref,WoH3-2,WoH3-2-4,4,esm2,-52.5045090594297,-81.2884698578786,9.76592556262116,standard,50-75 cm,52.5-81.3 cm
OregonState,fd,Ref,WoH3-2,WoH3-2-4,4,fd,-50,-75,8.19,standard,50-75 cm,50-75 cm
OregonState,max,Ref,WoH3-2,WoH3-2-5,5,esm1,-81.4,-109,8.98953999999947,standard,75-100 cm,81.4-109 cm
OregonState,max,Ref,WoH3-2,WoH3-2-5,5,esm2,-81.2884698578786,-108.980468160578,9.30001981129178,standard,75-100 cm,81.3-109 cm
OregonState,fd,Ref,WoH3-2,WoH3-2-5,5,fd,-75,-100,8.17135,standard,75-100 cm,75-100 cm
OregonState,max,Ref,WoH3-3,WoH3-3-1,1,esm1,0,-11.1,50.644167,standard,0-10 cm,0-11.1 cm
OregonState,max,Ref,WoH3-3,WoH3-3-1,1,esm2,0,-11.0338870501428,51.8459290271423,standard,0-10 cm,0-11 cm
OregonState,fd,Ref,WoH3-3,WoH3-3-1,1,fd,0,-10,48.71039999999999,standard,0-10 cm,0-10 cm
OregonState,max,Ref,WoH3-3,WoH3-3-2,2,esm1,-11.1,-31.1,35.1594000000006,standard,10-30 cm,11.1-31.1 cm
OregonState,max,Ref,WoH3-3,WoH3-3-2,2,esm2,-11.0338870501428,-30.5748228414925,41.4772583249789,standard,10-30 cm,11-30.6 cm
OregonState,fd,Ref,WoH3-3,WoH3-3-2,2,fd,-10,-30,35.1594,standard,10-30 cm,10-30 cm
OregonState,max,Ref,WoH3-3,WoH3-3-3,3,esm1,-31.1,-52.6,28.5321830000003,standard,30-50 cm,31.1-52.6 cm
OregonState,max,Ref,WoH3-3,WoH3-3-3,3,esm2,-30.5748228414925,-52.5045090594297,23.4332785560252,standard,30-50 cm,30.6-52.5 cm
OregonState,fd,Ref,WoH3-3,WoH3-3-3,3,fd,-30,-50,29.06455,standard,30-50 cm,30-50 cm
OregonState,max,Ref,WoH3-3,WoH3-3-4,4,esm1,-52.6,-81.4,15.5231999999996,standard,50-75 cm,52.6-81.4 cm
OregonState,max,Ref,WoH3-3,WoH3-3-4,4,esm2,-52.5045090594297,-81.2884698578786,16.1861868272404,standard,50-75 cm,52.5-81.3 cm
OregonState,fd,Ref,WoH3-3,WoH3-3-4,4,fd,-50,-75,13.474999999999998,standard,50-75 cm,50-75 cm
OregonState,max,Ref,WoH3-3,WoH3-3-5,5,esm1,-81.4,-109,10.6385999999994,standard,75-100 cm,81.4-109 cm
OregonState,max,Ref,WoH3-3,WoH3-3-5,5,esm2,-81.2884698578786,-108.980468160578,7.26089485840731,standard,75-100 cm,81.3-109 cm
OregonState,fd,Ref,WoH3-3,WoH3-3-5,5,fd,-75,-100,11.9615,standard,75-100 cm,75-100 cm
OregonState,max,SHM,WoNT1-1,WoNT1-1-1,1,esm1,0,-12.2,42.066248,standard,0-10 cm,0-12.2 cm
OregonState,max,SHM,WoNT1-1,WoNT1-1-1,1,esm2,0,-12.2159145908587,44.8342554815954,standard,0-10 cm,0-12.2 cm
OregonState,fd,SHM,WoNT1-1,WoNT1-1-1,1,fd,0,-10,28.08495,standard,0-10 cm,0-10 cm
OregonState,max,SHM,WoNT1-1,WoNT1-1-2,2,esm1,-12.2,-34.7,45.6205370000005,standard,10-30 cm,12.2-34.7 cm
OregonState,max,SHM,WoNT1-1,WoNT1-1-2,2,esm2,-12.2159145908587,-34.7279527254444,43.2146009591983,standard,10-30 cm,12.2-34.7 cm
OregonState,fd,SHM,WoNT1-1,WoNT1-1-2,2,fd,-10,-30,33.597440000000006,standard,10-30 cm,10-30 cm
OregonState,max,SHM,WoNT1-1,WoNT1-1-3,3,esm1,-34.7,-58.4,27.099765,standard,30-50 cm,34.7-58.4 cm
OregonState,max,SHM,WoNT1-1,WoNT1-1-3,3,esm2,-34.7279527254444,-58.7240078881179,29.1280345210211,standard,30-50 cm,34.7-58.7 cm
OregonState,fd,SHM,WoNT1-1,WoNT1-1-3,3,fd,-30,-50,20.590536000000004,standard,30-50 cm,30-50 cm
OregonState,max,SHM,WoNT1-1,WoNT1-1-4,4,esm1,-58.4,-86.4,24.6784200000014,standard,50-75 cm,58.4-86.4 cm
OregonState,max,SHM,WoNT1-1,WoNT1-1-4,4,esm2,-58.7240078881179,-86.5410959286716,22.5899121253006,standard,50-75 cm,58.7-86.5 cm
OregonState,fd,SHM,WoNT1-1,WoNT1-1-4,4,fd,-50,-75,21.427200000000003,standard,50-75 cm,50-75 cm
OregonState,max,SHM,WoNT1-1,WoNT1-1-5,5,esm1,-86.4,-110.9,17.0352800000027,standard,75-100 cm,86.4-110.9 cm
OregonState,max,SHM,WoNT1-1,WoNT1-1-5,5,esm2,-86.5410959286716,-110.715017143836,18.6043886635769,standard,75-100 cm,86.5-110.7 cm
OregonState,fd,SHM,WoNT1-1,WoNT1-1-5,5,fd,-75,-100,15.305200000000001,standard,75-100 cm,75-100 cm
OregonState,max,SHM,WoNT1-2,WoNT1-2-1,1,esm1,0,-12.2,40.3630639999999,standard,0-10 cm,0-12.2 cm
OregonState,max,SHM,WoNT1-2,WoNT1-2-1,1,esm2,0,-12.2159145908587,43.8177907671637,standard,0-10 cm,0-12.2 cm
OregonState,fd,SHM,WoNT1-2,WoNT1-2-1,1,fd,0,-10,36.4974,standard,0-10 cm,0-10 cm
OregonState,max,SHM,WoNT1-2,WoNT1-2-2,2,esm1,-12.2,-34.7,37.8883759999999,standard,10-30 cm,12.2-34.7 cm
OregonState,max,SHM,WoNT1-2,WoNT1-2-2,2,esm2,-12.2159145908587,-34.7279527254444,34.5530456944877,standard,10-30 cm,12.2-34.7 cm
OregonState,fd,SHM,WoNT1-2,WoNT1-2-2,2,fd,-10,-30,35.1424,standard,10-30 cm,10-30 cm
OregonState,max,SHM,WoNT1-2,WoNT1-2-3,3,esm1,-34.7,-58.4,18.6850799999999,standard,30-50 cm,34.7-58.4 cm
OregonState,max,SHM,WoNT1-2,WoNT1-2-3,3,esm2,-34.7279527254444,-58.7240078881179,19.4901052028731,standard,30-50 cm,34.7-58.7 cm
OregonState,fd,SHM,WoNT1-2,WoNT1-2-3,3,fd,-30,-50,18.67416,standard,30-50 cm,30-50 cm
OregonState,max,SHM,WoNT1-2,WoNT1-2-4,4,esm1,-58.4,-86.4,20.2154399999992,standard,50-75 cm,58.4-86.4 cm
OregonState,max,SHM,WoNT1-2,WoNT1-2-4,4,esm2,-58.7240078881179,-86.5410959286716,19.2179504442071,standard,50-75 cm,58.7-86.5 cm
OregonState,fd,SHM,WoNT1-2,WoNT1-2-4,4,fd,-50,-75,19.143,standard,50-75 cm,50-75 cm
OregonState,max,SHM,WoNT1-2,WoNT1-2-5,5,esm1,-86.4,-110.9,20.261879999999,standard,75-100 cm,86.4-110.9 cm
OregonState,max,SHM,WoNT1-2,WoNT1-2-5,5,esm2,-86.5410959286716,-110.715017143836,23.2626443186389,standard,75-100 cm,86.5-110.7 cm
OregonState,fd,SHM,WoNT1-2,WoNT1-2-5,5,fd,-75,-100,18.657,standard,75-100 cm,75-100 cm
OregonState,max,SHM,WoNT1-3,WoNT1-3-1,1,esm1,0,-12.2,36.798752,standard,0-10 cm,0-12.2 cm
OregonState,max,SHM,WoNT1-3,WoNT1-3-1,1,esm2,0,-12.2159145908587,38.5488636421912,standard,0-10 cm,0-12.2 cm
OregonState,fd,SHM,WoNT1-3,WoNT1-3-1,1,fd,0,-10,32.3676,standard,0-10 cm,0-10 cm
OregonState,max,SHM,WoNT1-3,WoNT1-3-2,2,esm1,-12.2,-34.7,43.2325129999998,standard,10-30 cm,12.2-34.7 cm
OregonState,max,SHM,WoNT1-3,WoNT1-3-2,2,esm2,-12.2159145908587,-34.7279527254444,42.3253011791538,standard,10-30 cm,12.2-34.7 cm
OregonState,fd,SHM,WoNT1-3,WoNT1-3-2,2,fd,-10,-30,40.28320000000001,standard,10-30 cm,10-30 cm
OregonState,max,SHM,WoNT1-3,WoNT1-3-3,3,esm1,-34.7,-58.4,18.6530849999998,standard,30-50 cm,34.7-58.4 cm
OregonState,max,SHM,WoNT1-3,WoNT1-3-3,3,esm2,-34.7279527254444,-58.7240078881179,20.3976377204813,standard,30-50 cm,34.7-58.7 cm
OregonState,fd,SHM,WoNT1-3,WoNT1-3-3,3,fd,-30,-50,19.422330000000002,standard,30-50 cm,30-50 cm
OregonState,max,SHM,WoNT1-3,WoNT1-3-4,4,esm1,-58.4,-86.4,19.8307800000009,standard,50-75 cm,58.4-86.4 cm
OregonState,max,SHM,WoNT1-3,WoNT1-3-4,4,esm2,-58.7240078881179,-86.5410959286716,17.1426835211819,standard,50-75 cm,58.7-86.5 cm
OregonState,fd,SHM,WoNT1-3,WoNT1-3-4,4,fd,-50,-75,19.0035,standard,50-75 cm,50-75 cm
OregonState,max,SHM,WoNT1-3,WoNT1-3-5,5,esm1,-86.4,-110.9,18.2986259999995,standard,75-100 cm,86.4-110.9 cm
OregonState,max,SHM,WoNT1-3,WoNT1-3-5,5,esm2,-86.5410959286716,-110.715017143836,19.8258042362442,standard,75-100 cm,86.5-110.7 cm
OregonState,fd,SHM,WoNT1-3,WoNT1-3-5,5,fd,-75,-100,17.4189,standard,75-100 cm,75-100 cm
OregonState,max,SHM,WoNT2-1,WoNT2-1-1,1,esm1,0,-11.6,35.81605,standard,0-10 cm,0-11.6 cm
OregonState,max,SHM,WoNT2-1,WoNT2-1-1,1,esm2,0,-11.6660122011407,36.4588164148014,standard,0-10 cm,0-11.7 cm
OregonState,fd,SHM,WoNT2-1,WoNT2-1-1,1,fd,0,-10,27.667632499999996,standard,0-10 cm,0-10 cm
OregonState,max,SHM,WoNT2-1,WoNT2-1-2,2,esm1,-11.6,-32,52.8155999999994,standard,10-30 cm,11.6-32 cm
OregonState,max,SHM,WoNT2-1,WoNT2-1-2,2,esm2,-11.6660122011407,-32.047401524476,52.7651762010994,standard,10-30 cm,11.7-32 cm
OregonState,fd,SHM,WoNT2-1,WoNT2-1-2,2,fd,-10,-30,46.602,standard,10-30 cm,10-30 cm
OregonState,max,SHM,WoNT2-1,WoNT2-1-3,3,esm1,-32,-54.7,33.4613729999997,standard,30-50 cm,32-54.7 cm
OregonState,max,SHM,WoNT2-1,WoNT2-1-3,3,esm2,-32.047401524476,-54.5608174310918,35.0671750929754,standard,30-50 cm,32-54.6 cm
OregonState,fd,SHM,WoNT2-1,WoNT2-1-3,3,fd,-30,-50,28.757456999999995,standard,30-50 cm,30-50 cm
OregonState,max,SHM,WoNT2-1,WoNT2-1-4,4,esm1,-54.7,-84.5,25.7555469999975,standard,50-75 cm,54.7-84.5 cm
OregonState,max,SHM,WoNT2-1,WoNT2-1-4,4,esm2,-54.5608174310918,-84.3996220144781,24.2492645719256,standard,50-75 cm,54.6-84.4 cm
OregonState,fd,SHM,WoNT2-1,WoNT2-1-4,4,fd,-50,-75,24.188571,standard,50-75 cm,50-75 cm
OregonState,max,SHM,WoNT2-1,WoNT2-1-5,5,esm1,-84.5,-114.6,12.906879999999,standard,75-100 cm,84.5-114.6 cm
OregonState,max,SHM,WoNT2-1,WoNT2-1-5,5,esm2,-84.3996220144781,-115.517307033062,8.61731165562549,standard,75-100 cm,84.4-115.5 cm
OregonState,fd,SHM,WoNT2-1,WoNT2-1-5,5,fd,-75,-100,10.270776000000001,standard,75-100 cm,75-100 cm
OregonState,max,SHM,WoNT2-2,WoNT2-2-1,1,esm1,0,-11.6,33.3539,standard,0-10 cm,0-11.6 cm
OregonState,max,SHM,WoNT2-2,WoNT2-2-1,1,esm2,0,-11.6660122011407,34.3017410993358,standard,0-10 cm,0-11.7 cm
OregonState,fd,SHM,WoNT2-2,WoNT2-2-1,1,fd,0,-10,29.033899999999996,standard,0-10 cm,0-10 cm
OregonState,max,SHM,WoNT2-2,WoNT2-2-2,2,esm1,-11.6,-32,55.08,standard,10-30 cm,11.6-32 cm
OregonState,max,SHM,WoNT2-2,WoNT2-2-2,2,esm2,-11.6660122011407,-32.047401524476,54.900831606148,standard,10-30 cm,11.7-32 cm
OregonState,fd,SHM,WoNT2-2,WoNT2-2-2,2,fd,-10,-30,54,standard,10-30 cm,10-30 cm
OregonState,max,SHM,WoNT2-2,WoNT2-2-3,3,esm1,-32,-54.7,29.5029719999989,standard,30-50 cm,32-54.7 cm
OregonState,max,SHM,WoNT2-2,WoNT2-2-3,3,esm2,-32.047401524476,-54.5608174310918,31.1751896601952,standard,30-50 cm,32-54.6 cm
OregonState,fd,SHM,WoNT2-2,WoNT2-2-3,3,fd,-30,-50,29.097720000000002,standard,30-50 cm,30-50 cm
OregonState,max,SHM,WoNT2-2,WoNT2-2-4,4,esm1,-54.7,-84.5,20.7124679999974,standard,50-75 cm,54.7-84.5 cm
OregonState,max,SHM,WoNT2-2,WoNT2-2-4,4,esm2,-54.5608174310918,-84.3996220144781,18.803030910864,standard,50-75 cm,54.6-84.4 cm
OregonState,fd,SHM,WoNT2-2,WoNT2-2-4,4,fd,-50,-75,22.28076,standard,50-75 cm,50-75 cm
OregonState,max,SHM,WoNT2-2,WoNT2-2-5,5,esm1,-84.5,-114.6,9.59347199999783,standard,75-100 cm,84.5-114.6 cm
OregonState,max,SHM,WoNT2-2,WoNT2-2-5,5,esm2,-84.3996220144781,-115.517307033062,6.7628282791313,standard,75-100 cm,84.4-115.5 cm
OregonState,fd,SHM,WoNT2-2,WoNT2-2-5,5,fd,-75,-100,9.17712,standard,75-100 cm,75-100 cm
OregonState,max,SHM,WoNT2-3,WoNT2-3-1,1,esm1,0,-11.6,29.05775,standard,0-10 cm,0-11.6 cm
OregonState,max,SHM,WoNT2-3,WoNT2-3-1,1,esm2,0,-11.6660122011407,28.4378347699906,standard,0-10 cm,0-11.7 cm
OregonState,fd,SHM,WoNT2-3,WoNT2-3-1,1,fd,0,-10,24.78095,standard,0-10 cm,0-10 cm
OregonState,max,SHM,WoNT2-3,WoNT2-3-2,2,esm1,-11.6,-32,54.5292000000003,standard,10-30 cm,11.6-32 cm
OregonState,max,SHM,WoNT2-3,WoNT2-3-2,2,esm2,-11.6660122011407,-32.047401524476,55.5852504268461,standard,10-30 cm,11.7-32 cm
OregonState,fd,SHM,WoNT2-3,WoNT2-3-2,2,fd,-10,-30,53.46,standard,10-30 cm,10-30 cm
OregonState,max,SHM,WoNT2-3,WoNT2-3-3,3,esm1,-32,-54.7,31.1894039999995,standard,30-50 cm,32-54.7 cm
OregonState,max,SHM,WoNT2-3,WoNT2-3-3,3,esm2,-32.047401524476,-54.5608174310918,33.4888468986917,standard,30-50 cm,32-54.6 cm
OregonState,fd,SHM,WoNT2-3,WoNT2-3-3,3,fd,-30,-50,30.35904,standard,30-50 cm,30-50 cm
OregonState,max,SHM,WoNT2-3,WoNT2-3-4,4,esm1,-54.7,-84.5,23.5320360000001,standard,50-75 cm,54.7-84.5 cm
OregonState,max,SHM,WoNT2-3,WoNT2-3-4,4,esm2,-54.5608174310918,-84.3996220144781,21.6290309623471,standard,50-75 cm,54.6-84.4 cm
OregonState,fd,SHM,WoNT2-3,WoNT2-3-4,4,fd,-50,-75,24.774720000000002,standard,50-75 cm,50-75 cm
OregonState,max,SHM,WoNT2-3,WoNT2-3-5,5,esm1,-84.5,-114.6,10.8648959999959,standard,75-100 cm,84.5-114.6 cm
OregonState,max,SHM,WoNT2-3,WoNT2-3-5,5,esm2,-84.3996220144781,-115.517307033062,5.36560145775994,standard,75-100 cm,84.4-115.5 cm
OregonState,fd,SHM,WoNT2-3,WoNT2-3-5,5,fd,-75,-100,10.528559999999999,standard,75-100 cm,75-100 cm
OregonState,max,SHM,WoNT3-1,WoNT3-1-1,1,esm1,0,-12.2,38.082472,standard,0-10 cm,0-12.2 cm
OregonState,max,SHM,WoNT3-1,WoNT3-1-1,1,esm2,0,-12.2344868828377,38.9181817131646,standard,0-10 cm,0-12.2 cm
OregonState,fd,SHM,WoNT3-1,WoNT3-1-1,1,fd,0,-10,29.788019999999996,standard,0-10 cm,0-10 cm
OregonState,max,SHM,WoNT3-1,WoNT3-1-2,2,esm1,-12.2,-33.8,29.1892480000005,standard,10-30 cm,12.2-33.8 cm
OregonState,max,SHM,WoNT3-1,WoNT3-1-2,2,esm2,-12.2344868828377,-34.2772637809585,38.8972901234619,standard,10-30 cm,12.2-34.3 cm
OregonState,fd,SHM,WoNT3-1,WoNT3-1-2,2,fd,-10,-30,28.610109,standard,10-30 cm,10-30 cm
OregonState,max,SHM,WoNT3-1,WoNT3-1-3,3,esm1,-33.8,-55.7,15.8271300000007,standard,30-50 cm,33.8-55.7 cm
OregonState,max,SHM,WoNT3-1,WoNT3-1-3,3,esm2,-34.2772637809585,-55.9804329072972,13.6577953096024,standard,30-50 cm,34.3-56 cm
OregonState,fd,SHM,WoNT3-1,WoNT3-1-3,3,fd,-30,-50,13.7313,standard,30-50 cm,30-50 cm
OregonState,max,SHM,WoNT3-1,WoNT3-1-4,4,esm1,-55.7,-83.7,14.4877650000007,standard,50-75 cm,55.7-83.7 cm
OregonState,max,SHM,WoNT3-1,WoNT3-1-4,4,esm2,-55.9804329072972,-83.3945551462758,3.74307924084106,standard,50-75 cm,56-83.4 cm
OregonState,fd,SHM,WoNT3-1,WoNT3-1-4,4,fd,-50,-75,15.095475,standard,50-75 cm,50-75 cm
OregonState,max,SHM,WoNT3-1,WoNT3-1-5,5,esm1,-83.7,-111,8.27599500000045,standard,75-100 cm,83.7-111 cm
OregonState,max,SHM,WoNT3-1,WoNT3-1-5,5,esm2,-83.3945551462758,-112.04156185687,18.5244426271937,standard,75-100 cm,83.4-112 cm
OregonState,fd,SHM,WoNT3-1,WoNT3-1-5,5,fd,-75,-100,6.820875,standard,75-100 cm,75-100 cm
OregonState,max,SHM,WoNT3-2,WoNT3-2-1,1,esm1,0,-12.2,36.25523,standard,0-10 cm,0-12.2 cm
OregonState,max,SHM,WoNT3-2,WoNT3-2-1,1,esm2,0,-12.2344868828377,36.7540329849423,standard,0-10 cm,0-12.2 cm
OregonState,fd,SHM,WoNT3-2,WoNT3-2-1,1,fd,0,-10,31.12395,standard,0-10 cm,0-10 cm
OregonState,max,SHM,WoNT3-2,WoNT3-2-2,2,esm1,-12.2,-33.8,31.6444800000002,standard,10-30 cm,12.2-33.8 cm
OregonState,max,SHM,WoNT3-2,WoNT3-2-2,2,esm2,-12.2344868828377,-34.2772637809585,42.09299546735,standard,10-30 cm,12.2-34.3 cm
OregonState,fd,SHM,WoNT3-2,WoNT3-2-2,2,fd,-10,-30,33.4747,standard,10-30 cm,10-30 cm
OregonState,max,SHM,WoNT3-2,WoNT3-2-3,3,esm1,-33.8,-55.7,19.024530000001,standard,30-50 cm,33.8-55.7 cm
OregonState,max,SHM,WoNT3-2,WoNT3-2-3,3,esm2,-34.2772637809585,-55.9804329072972,16.9746476059382,standard,30-50 cm,34.3-56 cm
OregonState,fd,SHM,WoNT3-2,WoNT3-2-3,3,fd,-30,-50,17.374,standard,30-50 cm,30-50 cm
OregonState,max,SHM,WoNT3-2,WoNT3-2-4,4,esm1,-55.7,-83.7,16.7880519999998,standard,50-75 cm,55.7-83.7 cm
OregonState,max,SHM,WoNT3-2,WoNT3-2-4,4,esm2,-55.9804329072972,-83.3945551462758,6.13811499295808,standard,50-75 cm,56-83.4 cm
OregonState,fd,SHM,WoNT3-2,WoNT3-2-4,4,fd,-50,-75,18.967299999999998,standard,50-75 cm,50-75 cm
OregonState,max,SHM,WoNT3-2,WoNT3-2-5,5,esm1,-83.7,-111,8.69941799999829,standard,75-100 cm,83.7-111 cm
OregonState,max,SHM,WoNT3-2,WoNT3-2-5,5,esm2,-83.3945551462758,-112.04156185687,16.7057872371368,standard,75-100 cm,83.4-112 cm
OregonState,fd,SHM,WoNT3-2,WoNT3-2-5,5,fd,-75,-100,7.9665,standard,75-100 cm,75-100 cm
OregonState,max,SHM,WoNT3-3,WoNT3-3-1,1,esm1,0,-12.2,32.988852,standard,0-10 cm,0-12.2 cm
OregonState,max,SHM,WoNT3-3,WoNT3-3-1,1,esm2,0,-12.2344868828377,33.910116947586,standard,0-10 cm,0-12.2 cm
OregonState,fd,SHM,WoNT3-3,WoNT3-3-1,1,fd,0,-10,28.6325,standard,0-10 cm,0-10 cm
OregonState,max,SHM,WoNT3-3,WoNT3-3-2,2,esm1,-12.2,-33.8,29.9650560000002,standard,10-30 cm,12.2-33.8 cm
OregonState,max,SHM,WoNT3-3,WoNT3-3-2,2,esm2,-12.2344868828377,-34.2772637809585,35.8153641737772,standard,10-30 cm,12.2-34.3 cm
OregonState,fd,SHM,WoNT3-3,WoNT3-3-2,2,fd,-10,-30,30.5987,standard,10-30 cm,10-30 cm
OregonState,max,SHM,WoNT3-3,WoNT3-3-3,3,esm1,-33.8,-55.7,21.4545539999999,standard,30-50 cm,33.8-55.7 cm
OregonState,max,SHM,WoNT3-3,WoNT3-3-3,3,esm2,-34.2772637809585,-55.9804329072972,20.9484462104395,standard,30-50 cm,34.3-56 cm
OregonState,fd,SHM,WoNT3-3,WoNT3-3-3,3,fd,-30,-50,19.593200000000003,standard,30-50 cm,30-50 cm
OregonState,max,SHM,WoNT3-3,WoNT3-3-4,4,esm1,-55.7,-83.7,18.4713650000005,standard,50-75 cm,55.7-83.7 cm
OregonState,max,SHM,WoNT3-3,WoNT3-3-4,4,esm2,-55.9804329072972,-83.3945551462758,12.5262841668659,standard,50-75 cm,56-83.4 cm
OregonState,fd,SHM,WoNT3-3,WoNT3-3-4,4,fd,-50,-75,21.22175,standard,50-75 cm,50-75 cm
OregonState,max,SHM,WoNT3-3,WoNT3-3-5,5,esm1,-83.7,-111,8.89188300000119,standard,75-100 cm,83.7-111 cm
OregonState,max,SHM,WoNT3-3,WoNT3-3-5,5,esm2,-83.3945551462758,-112.04156185687,9.39425791103243,standard,75-100 cm,83.4-112 cm
OregonState,fd,SHM,WoNT3-3,WoNT3-3-5,5,fd,-75,-100,8.14275,standard,75-100 cm,75-100 cm
OregonState,mean,Ref,JoF1-1,JoF1-1-1,1,esm1,0,-14.5,42.18769,standard,0-10 cm,0-14.5 cm
OregonState,mean,Ref,JoF1-1,JoF1-1-1,1,esm2,0,-15.4964057407609,43.3419726164447,standard,0-10 cm,0-15.5 cm
OregonState,mean,Ref,JoF1-1,JoF1-1-2,2,esm1,-14.5,-36.8,73.4780320000003,standard,10-30 cm,14.5-36.8 cm
OregonState,mean,Ref,JoF1-1,JoF1-1-2,2,esm2,-15.4964057407609,-36.9462197331299,75.6035018345875,standard,10-30 cm,15.5-36.9 cm
OregonState,mean,Ref,JoF1-1,JoF1-1-3,3,esm1,-36.8,-56.3,32.6729440000005,standard,30-50 cm,36.8-56.3 cm
OregonState,mean,Ref,JoF1-1,JoF1-1-3,3,esm2,-36.9462197331299,-56.5075777543342,40.0678672429083,standard,30-50 cm,36.9-56.5 cm
OregonState,mean,Ref,JoF1-1,JoF1-1-4,4,esm1,-56.3,-79.6,20.8283360000009,standard,50-75 cm,56.3-79.6 cm
OregonState,mean,Ref,JoF1-1,JoF1-1-4,4,esm2,-56.5075777543342,-78.8745277554966,20.7948922348421,standard,50-75 cm,56.5-78.9 cm
OregonState,mean,Ref,JoF1-1,JoF1-1-5,5,esm1,-79.6,-103.1,21.0071200000009,standard,75-100 cm,79.6-103.1 cm
OregonState,mean,Ref,JoF1-1,JoF1-1-5,5,esm2,-78.8745277554966,-103.571715929205,8.82757290420068,standard,75-100 cm,78.9-103.6 cm
OregonState,mean,Ref,JoF1-2,JoF1-2-1,1,esm1,0,-14.5,42.06909,standard,0-10 cm,0-14.5 cm
OregonState,mean,Ref,JoF1-2,JoF1-2-1,1,esm2,0,-15.4964057407609,42.5455690681961,standard,0-10 cm,0-15.5 cm
OregonState,mean,Ref,JoF1-2,JoF1-2-2,2,esm1,-14.5,-36.8,88.0315039999997,standard,10-30 cm,14.5-36.8 cm
OregonState,mean,Ref,JoF1-2,JoF1-2-2,2,esm2,-15.4964057407609,-36.9462197331299,91.4216944778462,standard,10-30 cm,15.5-36.9 cm
OregonState,mean,Ref,JoF1-2,JoF1-2-3,3,esm1,-36.8,-56.3,39.9268760000004,standard,30-50 cm,36.8-56.3 cm
OregonState,mean,Ref,JoF1-2,JoF1-2-3,3,esm2,-36.9462197331299,-56.5075777543342,50.8197938008027,standard,30-50 cm,36.9-56.5 cm
OregonState,mean,Ref,JoF1-2,JoF1-2-4,4,esm1,-56.3,-79.6,24.6560599999987,standard,50-75 cm,56.3-79.6 cm
OregonState,mean,Ref,JoF1-2,JoF1-2-4,4,esm2,-56.5075777543342,-78.8745277554966,26.9386568605879,standard,50-75 cm,56.5-78.9 cm
OregonState,mean,Ref,JoF1-2,JoF1-2-5,5,esm1,-79.6,-103.1,24.8676999999986,standard,75-100 cm,79.6-103.1 cm
OregonState,mean,Ref,JoF1-2,JoF1-2-5,5,esm2,-78.8745277554966,-103.571715929205,4.49291823321408,standard,75-100 cm,78.9-103.6 cm
OregonState,mean,Ref,JoF1-3,JoF1-3-1,1,esm1,0,-14.5,53.5754100000002,standard,0-10 cm,0-14.5 cm
OregonState,mean,Ref,JoF1-3,JoF1-3-1,1,esm2,0,-15.4964057407609,53.417253292575,standard,0-10 cm,0-15.5 cm
OregonState,mean,Ref,JoF1-3,JoF1-3-2,2,esm1,-14.5,-36.8,102.961440000001,standard,10-30 cm,14.5-36.8 cm
OregonState,mean,Ref,JoF1-3,JoF1-3-2,2,esm2,-15.4964057407609,-36.9462197331299,108.91389462082,standard,10-30 cm,15.5-36.9 cm
OregonState,mean,Ref,JoF1-3,JoF1-3-3,3,esm1,-36.8,-56.3,48.172279999999,standard,30-50 cm,36.8-56.3 cm
OregonState,mean,Ref,JoF1-3,JoF1-3-3,3,esm2,-36.9462197331299,-56.5075777543342,48.7855494005253,standard,30-50 cm,36.9-56.5 cm
OregonState,mean,Ref,JoF1-3,JoF1-3-4,4,esm1,-56.3,-79.6,37.5875599999975,standard,50-75 cm,56.3-79.6 cm
OregonState,mean,Ref,JoF1-3,JoF1-3-4,4,esm2,-56.5075777543342,-78.8745277554966,29.8920310086934,standard,50-75 cm,56.5-78.9 cm
OregonState,mean,Ref,JoF1-3,JoF1-3-5,5,esm1,-79.6,-103.1,37.9101999999975,standard,75-100 cm,79.6-103.1 cm
OregonState,mean,Ref,JoF1-3,JoF1-3-5,5,esm2,-78.8745277554966,-103.571715929205,42.2584550079424,standard,75-100 cm,78.9-103.6 cm
OregonState,mean,Ref,JoF2-1,JoF2-1-1,1,esm1,0,-12.1,41.734322,standard,0-10 cm,0-12.1 cm
OregonState,mean,Ref,JoF2-1,JoF2-1-1,1,esm2,0,-12.2086514073595,43.3143966876539,standard,0-10 cm,0-12.2 cm
OregonState,mean,Ref,JoF2-1,JoF2-1-2,2,esm1,-12.1,-33.5,58.8536479999997,standard,10-30 cm,12.1-33.5 cm
OregonState,mean,Ref,JoF2-1,JoF2-1-2,2,esm2,-12.2086514073595,-33.7265321758709,58.7653897432675,standard,10-30 cm,12.2-33.7 cm
OregonState,mean,Ref,JoF2-1,JoF2-1-3,3,esm1,-33.5,-53.2,40.6022120000001,standard,30-50 cm,33.5-53.2 cm
OregonState,mean,Ref,JoF2-1,JoF2-1-3,3,esm2,-33.7265321758709,-53.0986593626479,39.4453933415949,standard,30-50 cm,33.7-53.1 cm
OregonState,mean,Ref,JoF2-1,JoF2-1-4,4,esm1,-53.2,-79.3,34.0385759999992,standard,50-75 cm,53.2-79.3 cm
OregonState,mean,Ref,JoF2-1,JoF2-1-4,4,esm2,-53.0986593626479,-77.4809251981358,34.2265972401926,standard,50-75 cm,53.1-77.5 cm
OregonState,mean,Ref,JoF2-1,JoF2-1-5,5,esm1,-79.3,-105.6,34.2994079999991,standard,75-100 cm,79.3-105.6 cm
OregonState,mean,Ref,JoF2-1,JoF2-1-5,5,esm2,-77.4809251981358,-106.98179477501,34.9487584545606,standard,75-100 cm,77.5-107 cm
OregonState,mean,Ref,JoF2-2,JoF2-2-1,1,esm1,0,-12.1,51.220918,standard,0-10 cm,0-12.1 cm
OregonState,mean,Ref,JoF2-2,JoF2-2-1,1,esm2,0,-12.2086514073595,52.6867777321421,standard,0-10 cm,0-12.2 cm
OregonState,mean,Ref,JoF2-2,JoF2-2-2,2,esm1,-12.1,-33.5,90.2611919999991,standard,10-30 cm,12.1-33.5 cm
OregonState,mean,Ref,JoF2-2,JoF2-2-2,2,esm2,-12.2086514073595,-33.7265321758709,93.0208949111734,standard,10-30 cm,12.2-33.7 cm
OregonState,mean,Ref,JoF2-2,JoF2-2-3,3,esm1,-33.5,-53.2,49.1218319999996,standard,30-50 cm,33.5-53.2 cm
OregonState,mean,Ref,JoF2-2,JoF2-2-3,3,esm2,-33.7265321758709,-53.0986593626479,44.4941516072036,standard,30-50 cm,33.7-53.1 cm
OregonState,mean,Ref,JoF2-2,JoF2-2-4,4,esm1,-53.2,-79.3,46.7858160000025,standard,50-75 cm,53.2-79.3 cm
OregonState,mean,Ref,JoF2-2,JoF2-2-4,4,esm2,-53.0986593626479,-77.4809251981358,35.0005940890846,standard,50-75 cm,53.1-77.5 cm
OregonState,mean,Ref,JoF2-2,JoF2-2-5,5,esm1,-79.3,-105.6,47.1443280000024,standard,75-100 cm,79.3-105.6 cm
OregonState,mean,Ref,JoF2-2,JoF2-2-5,5,esm2,-77.4809251981358,-106.98179477501,70.2614397313377,standard,75-100 cm,77.5-107 cm
OregonState,mean,Ref,JoF2-3,JoF2-3-1,1,esm1,0,-12.1,51.6928860000001,standard,0-10 cm,0-12.1 cm
OregonState,mean,Ref,JoF2-3,JoF2-3-1,1,esm2,0,-12.2086514073595,54.5171667124603,standard,0-10 cm,0-12.2 cm
OregonState,mean,Ref,JoF2-3,JoF2-3-2,2,esm1,-12.1,-33.5,81.7480439999997,standard,10-30 cm,12.1-33.5 cm
OregonState,mean,Ref,JoF2-3,JoF2-3-2,2,esm2,-12.2086514073595,-33.7265321758709,81.2857882797023,standard,10-30 cm,12.2-33.7 cm
OregonState,mean,Ref,JoF2-3,JoF2-3-3,3,esm1,-33.5,-53.2,50.847732000002,standard,30-50 cm,33.5-53.2 cm
OregonState,mean,Ref,JoF2-3,JoF2-3-3,3,esm2,-33.7265321758709,-53.0986593626479,48.5832436991858,standard,30-50 cm,33.7-53.1 cm
OregonState,mean,Ref,JoF2-3,JoF2-3-4,4,esm1,-53.2,-79.3,46.6135559999997,standard,50-75 cm,53.2-79.3 cm
OregonState,mean,Ref,JoF2-3,JoF2-3-4,4,esm2,-53.0986593626479,-77.4809251981358,41.7656192282232,standard,50-75 cm,53.1-77.5 cm
OregonState,mean,Ref,JoF2-3,JoF2-3-5,5,esm1,-79.3,-105.6,46.9707480000032,standard,75-100 cm,79.3-105.6 cm
OregonState,mean,Ref,JoF2-3,JoF2-3-5,5,esm2,-77.4809251981358,-106.98179477501,57.2956431084566,standard,75-100 cm,77.5-107 cm
OregonState,mean,Ref,JoF3-1,JoF3-1-1,1,esm1,0,-13.9,44.8595310000001,standard,0-10 cm,0-13.9 cm
OregonState,mean,Ref,JoF3-1,JoF3-1-1,1,esm2,0,-16.3444511124776,49.7516835113257,standard,0-10 cm,0-16.3 cm
OregonState,mean,Ref,JoF3-1,JoF3-1-2,2,esm1,-13.9,-34.6,74.6916029999994,standard,10-30 cm,13.9-34.6 cm
OregonState,mean,Ref,JoF3-1,JoF3-1-2,2,esm2,-16.3444511124776,-36.4521546844562,77.7870133611895,standard,10-30 cm,16.3-36.5 cm
OregonState,mean,Ref,JoF3-1,JoF3-1-3,3,esm1,-34.6,-56,51.6753960000007,standard,30-50 cm,34.6-56 cm
OregonState,mean,Ref,JoF3-1,JoF3-1-3,3,esm2,-36.4521546844562,-55.5312456669349,46.8142991132066,standard,30-50 cm,36.5-55.5 cm
OregonState,mean,Ref,JoF3-1,JoF3-1-4,4,esm1,-56,-80.9,25.3467360000006,standard,50-75 cm,56-80.9 cm
OregonState,mean,Ref,JoF3-1,JoF3-1-4,4,esm2,-55.5312456669349,-82.7532562327579,26.2822292699468,standard,50-75 cm,55.5-82.8 cm
OregonState,mean,Ref,JoF3-1,JoF3-1-5,5,esm1,-80.9,-105.1,16.0649279999998,standard,75-100 cm,80.9-105.1 cm
OregonState,mean,Ref,JoF3-1,JoF3-1-5,5,esm2,-82.7532562327579,-103.741130933425,10.4402224871257,standard,75-100 cm,82.8-103.7 cm
OregonState,mean,Ref,JoF3-2,JoF3-2-1,1,esm1,0,-13.9,61.5260910000001,standard,0-10 cm,0-13.9 cm
OregonState,mean,Ref,JoF3-2,JoF3-2-1,1,esm2,0,-16.3444511124776,64.8328322288221,standard,0-10 cm,0-16.3 cm
OregonState,mean,Ref,JoF3-2,JoF3-2-2,2,esm1,-13.9,-34.6,129.202982999999,standard,10-30 cm,13.9-34.6 cm
OregonState,mean,Ref,JoF3-2,JoF3-2-2,2,esm2,-16.3444511124776,-36.4521546844562,137.232691325055,standard,10-30 cm,16.3-36.5 cm
OregonState,mean,Ref,JoF3-2,JoF3-2-3,3,esm1,-34.6,-56,80.3687560000013,standard,30-50 cm,34.6-56 cm
OregonState,mean,Ref,JoF3-2,JoF3-2-3,3,esm2,-36.4521546844562,-55.5312456669349,76.5340173234211,standard,30-50 cm,36.5-55.5 cm
OregonState,mean,Ref,JoF3-2,JoF3-2-4,4,esm1,-56,-80.9,33.1712640000013,standard,50-75 cm,56-80.9 cm
OregonState,mean,Ref,JoF3-2,JoF3-2-4,4,esm2,-55.5312456669349,-82.7532562327579,24.6616348507264,standard,50-75 cm,55.5-82.8 cm
OregonState,mean,Ref,JoF3-2,JoF3-2-5,5,esm1,-80.9,-105.1,21.0481919999983,standard,75-100 cm,80.9-105.1 cm
OregonState,mean,Ref,JoF3-2,JoF3-2-5,5,esm2,-82.7532562327579,-103.741130933425,26.1995948616308,standard,75-100 cm,82.8-103.7 cm
OregonState,mean,Ref,JoF3-3,JoF3-3-1,1,esm1,0,-13.9,58.4749859999999,standard,0-10 cm,0-13.9 cm
OregonState,mean,Ref,JoF3-3,JoF3-3-1,1,esm2,0,-16.3444511124776,67.3819311460553,standard,0-10 cm,0-16.3 cm
OregonState,mean,Ref,JoF3-3,JoF3-3-2,2,esm1,-13.9,-34.6,98.5059180000009,standard,10-30 cm,13.9-34.6 cm
OregonState,mean,Ref,JoF3-3,JoF3-3-2,2,esm2,-16.3444511124776,-36.4521546844562,102.267501518945,standard,10-30 cm,16.3-36.5 cm
OregonState,mean,Ref,JoF3-3,JoF3-3-3,3,esm1,-34.6,-56,67.4793359999988,standard,30-50 cm,34.6-56 cm
OregonState,mean,Ref,JoF3-3,JoF3-3-3,3,esm2,-36.4521546844562,-55.5312456669349,58.509252476422,standard,30-50 cm,36.5-55.5 cm
OregonState,mean,Ref,JoF3-3,JoF3-3-4,4,esm1,-56,-80.9,30.9255839999991,standard,50-75 cm,56-80.9 cm
OregonState,mean,Ref,JoF3-3,JoF3-3-4,4,esm2,-55.5312456669349,-82.7532562327579,33.5804706393032,standard,50-75 cm,55.5-82.8 cm
OregonState,mean,Ref,JoF3-3,JoF3-3-5,5,esm1,-80.9,-105.1,18.0861119999937,standard,75-100 cm,80.9-105.1 cm
OregonState,mean,Ref,JoF3-3,JoF3-3-5,5,esm2,-82.7532562327579,-103.741130933425,8.98264905537758,standard,75-100 cm,82.8-103.7 cm
OregonState,mean,SHM,JoV1-1,JoV1-1-1,1,esm1,0,-8.9,36.5398180000001,standard,0-10 cm,0-8.9 cm
OregonState,mean,SHM,JoV1-1,JoV1-1-1,1,esm2,0,-8.919433038182,36.846422248381,standard,0-10 cm,0-8.9 cm
OregonState,mean,SHM,JoV1-1,JoV1-1-2,2,esm1,-8.9,-27.8,51.1677419999998,standard,10-30 cm,8.9-27.8 cm
OregonState,mean,SHM,JoV1-1,JoV1-1-2,2,esm2,-8.919433038182,-27.8080292255828,52.8248788278026,standard,10-30 cm,8.9-27.8 cm
OregonState,mean,SHM,JoV1-1,JoV1-1-3,3,esm1,-27.8,-47.3,40.0344310000004,standard,30-50 cm,27.8-47.3 cm
OregonState,mean,SHM,JoV1-1,JoV1-1-3,3,esm2,-27.8080292255828,-47.2583911704366,38.3594175596848,standard,30-50 cm,27.8-47.3 cm
OregonState,mean,SHM,JoV1-1,JoV1-1-4,4,esm1,-47.3,-72,42.1849590000005,standard,50-75 cm,47.3-72 cm
OregonState,mean,SHM,JoV1-1,JoV1-1-4,4,esm2,-47.2583911704366,-72.1563774702856,44.1946912424821,standard,50-75 cm,47.3-72.2 cm
OregonState,mean,SHM,JoV1-1,JoV1-1-5,5,esm1,-72,-96.6,29.3096700000008,standard,75-100 cm,72-96.6 cm
OregonState,mean,SHM,JoV1-1,JoV1-1-5,5,esm2,-72.1563774702856,-96.7998779873413,28.8958172810565,standard,75-100 cm,72.2-96.8 cm
OregonState,mean,SHM,JoV1-2,JoV1-2-1,1,esm1,0,-8.9,42.7512609999999,standard,0-10 cm,0-8.9 cm
OregonState,mean,SHM,JoV1-2,JoV1-2-1,1,esm2,0,-8.919433038182,43.2373628349132,standard,0-10 cm,0-8.9 cm
OregonState,mean,SHM,JoV1-2,JoV1-2-2,2,esm1,-8.9,-27.8,55.3694989999997,standard,10-30 cm,8.9-27.8 cm
OregonState,mean,SHM,JoV1-2,JoV1-2-2,2,esm2,-8.919433038182,-27.8080292255828,56.3089047866626,standard,10-30 cm,8.9-27.8 cm
OregonState,mean,SHM,JoV1-2,JoV1-2-3,3,esm1,-27.8,-47.3,44.5020989999993,standard,30-50 cm,27.8-47.3 cm
OregonState,mean,SHM,JoV1-2,JoV1-2-3,3,esm2,-27.8080292255828,-47.2583911704366,45.235421320618,standard,30-50 cm,27.8-47.3 cm
OregonState,mean,SHM,JoV1-2,JoV1-2-4,4,esm1,-47.3,-72,35.9069909999976,standard,50-75 cm,47.3-72 cm
OregonState,mean,SHM,JoV1-2,JoV1-2-4,4,esm2,-47.2583911704366,-72.1563774702856,33.245055443455,standard,50-75 cm,47.3-72.2 cm
OregonState,mean,SHM,JoV1-2,JoV1-2-5,5,esm1,-72,-96.6,31.5642599999998,standard,75-100 cm,72-96.6 cm
OregonState,mean,SHM,JoV1-2,JoV1-2-5,5,esm2,-72.1563774702856,-96.7998779873413,31.262687855347,standard,75-100 cm,72.2-96.8 cm
OregonState,mean,SHM,JoV1-3,JoV1-3-1,1,esm1,0,-8.9,28.4422960000001,standard,0-10 cm,0-8.9 cm
OregonState,mean,SHM,JoV1-3,JoV1-3-1,1,esm2,0,-8.919433038182,28.5054049626716,standard,0-10 cm,0-8.9 cm
OregonState,mean,SHM,JoV1-3,JoV1-3-2,2,esm1,-8.9,-27.8,55.0464539999999,standard,10-30 cm,8.9-27.8 cm
OregonState,mean,SHM,JoV1-3,JoV1-3-2,2,esm2,-8.919433038182,-27.8080292255828,56.803322315729,standard,10-30 cm,8.9-27.8 cm
OregonState,mean,SHM,JoV1-3,JoV1-3-3,3,esm1,-27.8,-47.3,43.746501,standard,30-50 cm,27.8-47.3 cm
OregonState,mean,SHM,JoV1-3,JoV1-3-3,3,esm2,-27.8080292255828,-47.2583911704366,43.3639664534141,standard,30-50 cm,27.8-47.3 cm
OregonState,mean,SHM,JoV1-3,JoV1-3-4,4,esm1,-47.3,-72,42.0403989999975,standard,50-75 cm,47.3-72 cm
OregonState,mean,SHM,JoV1-3,JoV1-3-4,4,esm2,-47.2583911704366,-72.1563774702856,36.7217667493476,standard,50-75 cm,47.3-72.2 cm
OregonState,mean,SHM,JoV1-3,JoV1-3-5,5,esm1,-72,-96.6,58.237794,standard,75-100 cm,72-96.6 cm
OregonState,mean,SHM,JoV1-3,JoV1-3-5,5,esm2,-72.1563774702856,-96.7998779873413,58.5367715976749,standard,75-100 cm,72.2-96.8 cm
OregonState,mean,SHM,JoV2-1,JoV2-1-1,1,esm1,0,-11.5,31.2773000000001,standard,0-10 cm,0-11.5 cm
OregonState,mean,SHM,JoV2-1,JoV2-1-1,1,esm2,0,-11.3035621072668,32.2194079023384,standard,0-10 cm,0-11.3 cm
OregonState,mean,SHM,JoV2-1,JoV2-1-2,2,esm1,-11.5,-30.6,33.7457000000001,standard,10-30 cm,11.5-30.6 cm
OregonState,mean,SHM,JoV2-1,JoV2-1-2,2,esm2,-11.3035621072668,-31.3568021727218,35.4735103592688,standard,10-30 cm,11.3-31.4 cm
OregonState,mean,SHM,JoV2-1,JoV2-1-3,3,esm1,-30.6,-48,18.652800000001,standard,30-50 cm,30.6-48 cm
OregonState,mean,SHM,JoV2-1,JoV2-1-3,3,esm2,-31.3568021727218,-48.1211590299908,16.3799433081142,standard,30-50 cm,31.4-48.1 cm
OregonState,mean,SHM,JoV2-1,JoV2-1-4,4,esm1,-48,-69.4,14.8664800000011,standard,50-75 cm,48-69.4 cm
OregonState,mean,SHM,JoV2-1,JoV2-1-4,4,esm2,-48.1211590299908,-68.4788157768279,14.373330294534,standard,50-75 cm,48.1-68.5 cm
OregonState,mean,SHM,JoV2-1,JoV2-1-5,5,esm1,-69.4,-92.5,15.3366600000008,standard,75-100 cm,69.4-92.5 cm
OregonState,mean,SHM,JoV2-1,JoV2-1-5,5,esm2,-68.4788157768279,-92.2825295131772,15.23259198799,standard,75-100 cm,68.5-92.3 cm
OregonState,mean,SHM,JoV2-2,JoV2-2-1,1,esm1,0,-11.5,24.963345,standard,0-10 cm,0-11.5 cm
OregonState,mean,SHM,JoV2-2,JoV2-2-1,1,esm2,0,-11.3035621072668,26.3174755053909,standard,0-10 cm,0-11.3 cm
OregonState,mean,SHM,JoV2-2,JoV2-2-2,2,esm1,-11.5,-30.6,30.8435649999999,standard,10-30 cm,11.5-30.6 cm
OregonState,mean,SHM,JoV2-2,JoV2-2-2,2,esm2,-11.3035621072668,-31.3568021727218,30.3619368797759,standard,10-30 cm,11.3-31.4 cm
OregonState,mean,SHM,JoV2-2,JoV2-2-3,3,esm1,-30.6,-48,21.1862399999996,standard,30-50 cm,30.6-48 cm
OregonState,mean,SHM,JoV2-2,JoV2-2-3,3,esm2,-31.3568021727218,-48.1211590299908,20.4903498717172,standard,30-50 cm,31.4-48.1 cm
OregonState,mean,SHM,JoV2-2,JoV2-2-4,4,esm1,-48,-69.4,22.2377599999985,standard,50-75 cm,48-69.4 cm
OregonState,mean,SHM,JoV2-2,JoV2-2-4,4,esm2,-48.1211590299908,-68.4788157768279,22.3128473794968,standard,50-75 cm,48.1-68.5 cm
OregonState,mean,SHM,JoV2-2,JoV2-2-5,5,esm1,-69.4,-92.5,22.3929399999992,standard,75-100 cm,69.4-92.5 cm
OregonState,mean,SHM,JoV2-2,JoV2-2-5,5,esm2,-68.4788157768279,-92.2825295131772,22.1001855795807,standard,75-100 cm,68.5-92.3 cm
OregonState,mean,SHM,JoV3-1,JoV3-1-1,1,esm1,0,-10.1,42.972456,standard,0-10 cm,0-10.1 cm
OregonState,mean,SHM,JoV3-1,JoV3-1-1,1,esm2,0,-10.1902497149246,43.3777678026391,standard,0-10 cm,0-10.2 cm
OregonState,mean,SHM,JoV3-1,JoV3-1-2,2,esm1,-10.1,-30.6,50.37998,standard,10-30 cm,10.1-30.6 cm
OregonState,mean,SHM,JoV3-1,JoV3-1-2,2,esm2,-10.1902497149246,-30.436127837874,59.4192504015056,standard,10-30 cm,10.2-30.4 cm
OregonState,mean,SHM,JoV3-1,JoV3-1-3,3,esm1,-30.6,-51.4,51.117248,standard,30-50 cm,30.6-51.4 cm
OregonState,mean,SHM,JoV3-1,JoV3-1-3,3,esm2,-30.436127837874,-51.2548859884903,44.392776026563,standard,30-50 cm,30.4-51.3 cm
OregonState,mean,SHM,JoV3-1,JoV3-1-4,4,esm1,-51.4,-78.2,46.0738159999995,standard,50-75 cm,51.4-78.2 cm
OregonState,mean,SHM,JoV3-1,JoV3-1-4,4,esm2,-51.2548859884903,-78.5920219959833,44.7111608510453,standard,50-75 cm,51.3-78.6 cm
OregonState,mean,SHM,JoV3-1,JoV3-1-5,5,esm1,-78.2,-103,31.5257599999977,standard,75-100 cm,78.2-103 cm
OregonState,mean,SHM,JoV3-1,JoV3-1-5,5,esm2,-78.5920219959833,-102.54221084975,28.8699052285676,standard,75-100 cm,78.6-102.5 cm
OregonState,mean,SHM,JoV3-2,JoV3-2-1,1,esm1,0,-10.1,38.289494,standard,0-10 cm,0-10.1 cm
OregonState,mean,SHM,JoV3-2,JoV3-2-1,1,esm2,0,-10.1902497149246,38.6224833399409,standard,0-10 cm,0-10.2 cm
OregonState,mean,SHM,JoV3-2,JoV3-2-2,2,esm1,-10.1,-30.6,51.94577,standard,10-30 cm,10.1-30.6 cm
OregonState,mean,SHM,JoV3-2,JoV3-2-2,2,esm2,-10.1902497149246,-30.436127837874,59.4122462757654,standard,10-30 cm,10.2-30.4 cm
OregonState,mean,SHM,JoV3-2,JoV3-2-3,3,esm1,-30.6,-51.4,52.7059519999992,standard,30-50 cm,30.6-51.4 cm
OregonState,mean,SHM,JoV3-2,JoV3-2-3,3,esm2,-30.436127837874,-51.2548859884903,48.1835836802188,standard,30-50 cm,30.4-51.3 cm
OregonState,mean,SHM,JoV3-2,JoV3-2-4,4,esm1,-51.4,-78.2,42.7775240000006,standard,50-75 cm,51.4-78.2 cm
OregonState,mean,SHM,JoV3-2,JoV3-2-4,4,esm2,-51.2548859884903,-78.5920219959833,39.2905192812407,standard,50-75 cm,51.3-78.6 cm
OregonState,mean,SHM,JoV3-2,JoV3-2-5,5,esm1,-78.2,-103,35.761600000003,standard,75-100 cm,78.2-103 cm
OregonState,mean,SHM,JoV3-2,JoV3-2-5,5,esm2,-78.5920219959833,-102.54221084975,36.588343386306,standard,75-100 cm,78.6-102.5 cm
OregonState,mean,SHM,JoV3-3,JoV3-3-1,1,esm1,0,-10.1,42.4057340000001,standard,0-10 cm,0-10.1 cm
OregonState,mean,SHM,JoV3-3,JoV3-3-1,1,esm2,0,-10.1902497149246,42.7761361148243,standard,0-10 cm,0-10.2 cm
OregonState,mean,SHM,JoV3-3,JoV3-3-2,2,esm1,-10.1,-30.6,53.5939699999994,standard,10-30 cm,10.1-30.6 cm
OregonState,mean,SHM,JoV3-3,JoV3-3-2,2,esm2,-10.1902497149246,-30.436127837874,61.880254401579,standard,10-30 cm,10.2-30.4 cm
OregonState,mean,SHM,JoV3-3,JoV3-3-3,3,esm1,-30.6,-51.4,54.378272,standard,30-50 cm,30.6-51.4 cm
OregonState,mean,SHM,JoV3-3,JoV3-3-3,3,esm2,-30.436127837874,-51.2548859884903,48.9510134719011,standard,30-50 cm,30.4-51.3 cm
OregonState,mean,SHM,JoV3-3,JoV3-3-4,4,esm1,-51.4,-78.2,44.5547240000016,standard,50-75 cm,51.4-78.2 cm
OregonState,mean,SHM,JoV3-3,JoV3-3-4,4,esm2,-51.2548859884903,-78.5920219959833,42.0730624515222,standard,50-75 cm,51.3-78.6 cm
OregonState,mean,SHM,JoV3-3,JoV3-3-5,5,esm1,-78.2,-103,31.3174400000021,standard,75-100 cm,78.2-103 cm
OregonState,mean,SHM,JoV3-3,JoV3-3-5,5,esm2,-78.5920219959833,-102.54221084975,30.0577776563195,standard,75-100 cm,78.6-102.5 cm
OregonState,mean,BAU,JoXT1-1,JoXT1-1-1,1,esm1,0,-9.2,36.97911,standard,0-10 cm,0-9.2 cm
OregonState,mean,BAU,JoXT1-1,JoXT1-1-1,1,esm2,0,-9.21294742687725,37.1285213841946,standard,0-10 cm,0-9.2 cm
OregonState,mean,BAU,JoXT1-1,JoXT1-1-2,2,esm1,-9.2,-32.2,69.0228059999994,standard,10-30 cm,9.2-32.2 cm
OregonState,mean,BAU,JoXT1-1,JoXT1-1-2,2,esm2,-9.21294742687725,-32.2966130778707,70.4166454047314,standard,10-30 cm,9.2-32.3 cm
OregonState,mean,BAU,JoXT1-1,JoXT1-1-3,3,esm1,-32.2,-54.5,33.1493790000007,standard,30-50 cm,32.2-54.5 cm
OregonState,mean,BAU,JoXT1-1,JoXT1-1-3,3,esm2,-32.2966130778707,-55.0350807136763,37.6153536664827,standard,30-50 cm,32.3-55 cm
OregonState,mean,BAU,JoXT1-1,JoXT1-1-4,4,esm1,-54.5,-79.4,25.5848650000015,standard,50-75 cm,54.5-79.4 cm
OregonState,mean,BAU,JoXT1-1,JoXT1-1-4,4,esm2,-55.0350807136763,-80.4475751655314,17.0755925787715,standard,50-75 cm,55-80.4 cm
OregonState,mean,BAU,JoXT1-1,JoXT1-1-5,5,esm1,-79.4,-102,19.1421999999995,standard,75-100 cm,79.4-102 cm
OregonState,mean,BAU,JoXT1-1,JoXT1-1-5,5,esm2,-80.4475751655314,-101.698785295382,23.3606560379577,standard,75-100 cm,80.4-101.7 cm
OregonState,mean,BAU,JoXT1-2,JoXT1-2-1,1,esm1,0,-9.2,42.57862,standard,0-10 cm,0-9.2 cm
OregonState,mean,BAU,JoXT1-2,JoXT1-2-1,1,esm2,0,-9.21294742687725,42.7463054321505,standard,0-10 cm,0-9.2 cm
OregonState,mean,BAU,JoXT1-2,JoXT1-2-2,2,esm1,-9.2,-32.2,80.945466,standard,10-30 cm,9.2-32.2 cm
OregonState,mean,BAU,JoXT1-2,JoXT1-2-2,2,esm2,-9.21294742687725,-32.2966130778707,82.2179456110838,standard,10-30 cm,9.2-32.3 cm
OregonState,mean,BAU,JoXT1-2,JoXT1-2-3,3,esm1,-32.2,-54.5,48.1885639999987,standard,30-50 cm,32.2-54.5 cm
OregonState,mean,BAU,JoXT1-2,JoXT1-2-3,3,esm2,-32.2966130778707,-55.0350807136763,52.4565638381023,standard,30-50 cm,32.3-55 cm
OregonState,mean,BAU,JoXT1-2,JoXT1-2-4,4,esm1,-54.5,-79.4,39.0547479999998,standard,50-75 cm,54.5-79.4 cm
OregonState,mean,BAU,JoXT1-2,JoXT1-2-4,4,esm2,-55.0350807136763,-80.4475751655314,35.5239301124019,standard,50-75 cm,55-80.4 cm
OregonState,mean,BAU,JoXT1-2,JoXT1-2-5,5,esm1,-79.4,-102,25.1632920000017,standard,75-100 cm,79.4-102 cm
OregonState,mean,BAU,JoXT1-2,JoXT1-2-5,5,esm2,-80.4475751655314,-101.698785295382,22.8404070613745,standard,75-100 cm,80.4-101.7 cm
OregonState,mean,BAU,JoXT1-3,JoXT1-3-1,1,esm1,0,-9.2,43.60111,standard,0-10 cm,0-9.2 cm
OregonState,mean,BAU,JoXT1-3,JoXT1-3-1,1,esm2,0,-9.21294742687725,43.6690351540507,standard,0-10 cm,0-9.2 cm
OregonState,mean,BAU,JoXT1-3,JoXT1-3-2,2,esm1,-9.2,-32.2,90.1843920000001,standard,10-30 cm,9.2-32.2 cm
OregonState,mean,BAU,JoXT1-3,JoXT1-3-2,2,esm2,-9.21294742687725,-32.2966130778707,92.5708807077157,standard,10-30 cm,9.2-32.3 cm
OregonState,mean,BAU,JoXT1-3,JoXT1-3-3,3,esm1,-32.2,-54.5,42.288078,standard,30-50 cm,32.2-54.5 cm
OregonState,mean,BAU,JoXT1-3,JoXT1-3-3,3,esm2,-32.2966130778707,-55.0350807136763,46.5325087758133,standard,30-50 cm,32.3-55 cm
OregonState,mean,BAU,JoXT1-3,JoXT1-3-4,4,esm1,-54.5,-79.4,31.2031299999979,standard,50-75 cm,54.5-79.4 cm
OregonState,mean,BAU,JoXT1-3,JoXT1-3-4,4,esm2,-55.0350807136763,-80.4475751655314,23.6248402374699,standard,50-75 cm,55-80.4 cm
OregonState,mean,BAU,JoXT1-3,JoXT1-3-5,5,esm1,-79.4,-102,20.186319999997,standard,75-100 cm,79.4-102 cm
OregonState,mean,BAU,JoXT1-3,JoXT1-3-5,5,esm2,-80.4475751655314,-101.698785295382,22.3205745104103,standard,75-100 cm,80.4-101.7 cm
OregonState,mean,BAU,JoXT2-1,JoXT2-1-1,1,esm1,0,-9.6,30.6016,standard,0-10 cm,0-9.6 cm
OregonState,mean,BAU,JoXT2-1,JoXT2-1-1,1,esm2,0,-9.60473493533257,30.6109001371105,standard,0-10 cm,0-9.6 cm
OregonState,mean,BAU,JoXT2-1,JoXT2-1-2,2,esm1,-9.6,-30.4,63.8569800000001,standard,10-30 cm,9.6-30.4 cm
OregonState,mean,BAU,JoXT2-1,JoXT2-1-2,2,esm2,-9.60473493533257,-30.506658972067,66.8432944980676,standard,10-30 cm,9.6-30.5 cm
OregonState,mean,BAU,JoXT2-1,JoXT2-1-3,3,esm1,-30.4,-51.4,57.1168500000002,standard,30-50 cm,30.4-51.4 cm
OregonState,mean,BAU,JoXT2-1,JoXT2-1-3,3,esm2,-30.506658972067,-51.5300656538264,57.1545152125642,standard,30-50 cm,30.5-51.5 cm
OregonState,mean,BAU,JoXT2-1,JoXT2-1-4,4,esm1,-51.4,-76.3,47.1399600000024,standard,50-75 cm,51.4-76.3 cm
OregonState,mean,BAU,JoXT2-1,JoXT2-1-4,4,esm2,-51.5300656538264,-76.3028777416069,44.6457514554298,standard,50-75 cm,51.5-76.3 cm
OregonState,mean,BAU,JoXT2-1,JoXT2-1-5,5,esm1,-76.3,-101.1,22.2207999999976,standard,75-100 cm,76.3-101.1 cm
OregonState,mean,BAU,JoXT2-1,JoXT2-1-5,5,esm2,-76.3028777416069,-101.156280818317,21.2581653423632,standard,75-100 cm,76.3-101.2 cm
OregonState,mean,BAU,JoXT2-2,JoXT2-2-1,1,esm1,0,-9.6,28.0881000000001,standard,0-10 cm,0-9.6 cm
OregonState,mean,BAU,JoXT2-2,JoXT2-2-1,1,esm2,0,-9.60473493533257,28.0950133985628,standard,0-10 cm,0-9.6 cm
OregonState,mean,BAU,JoXT2-2,JoXT2-2-2,2,esm1,-9.6,-30.4,57.6306200000004,standard,10-30 cm,9.6-30.4 cm
OregonState,mean,BAU,JoXT2-2,JoXT2-2-2,2,esm2,-9.60473493533257,-30.506658972067,59.8886008349075,standard,10-30 cm,9.6-30.5 cm
OregonState,mean,BAU,JoXT2-2,JoXT2-2-3,3,esm1,-30.4,-51.4,50.4136499999998,standard,30-50 cm,30.4-51.4 cm
OregonState,mean,BAU,JoXT2-2,JoXT2-2-3,3,esm2,-30.506658972067,-51.5300656538264,49.3170809553475,standard,30-50 cm,30.5-51.5 cm
OregonState,mean,BAU,JoXT2-2,JoXT2-2-4,4,esm1,-51.4,-76.3,53.6944800000011,standard,50-75 cm,51.4-76.3 cm
OregonState,mean,BAU,JoXT2-2,JoXT2-2-4,4,esm2,-51.5300656538264,-76.3028777416069,53.6482980091239,standard,50-75 cm,51.5-76.3 cm
OregonState,mean,BAU,JoXT2-2,JoXT2-2-5,5,esm1,-76.3,-101.1,23.6790400000023,standard,75-100 cm,76.3-101.1 cm
OregonState,mean,BAU,JoXT2-2,JoXT2-2-5,5,esm2,-76.3028777416069,-101.156280818317,21.453774565069,standard,75-100 cm,76.3-101.2 cm
OregonState,mean,BAU,JoXT2-3,JoXT2-3-1,1,esm1,0,-9.6,30.24725,standard,0-10 cm,0-9.6 cm
OregonState,mean,BAU,JoXT2-3,JoXT2-3-1,1,esm2,0,-9.60473493533257,30.2871329703323,standard,0-10 cm,0-9.6 cm
OregonState,mean,BAU,JoXT2-3,JoXT2-3-2,2,esm1,-9.6,-30.4,52.5353960000001,standard,10-30 cm,9.6-30.4 cm
OregonState,mean,BAU,JoXT2-3,JoXT2-3-2,2,esm2,-9.60473493533257,-30.506658972067,55.5805252058852,standard,10-30 cm,9.6-30.5 cm
OregonState,mean,BAU,JoXT2-3,JoXT2-3-3,3,esm1,-30.4,-51.4,41.0012400000005,standard,30-50 cm,30.4-51.4 cm
OregonState,mean,BAU,JoXT2-3,JoXT2-3-3,3,esm2,-30.506658972067,-51.5300656538264,40.4270111348924,standard,30-50 cm,30.5-51.5 cm
OregonState,mean,BAU,JoXT2-3,JoXT2-3-4,4,esm1,-51.4,-76.3,34.4840439999983,standard,50-75 cm,51.4-76.3 cm
OregonState,mean,BAU,JoXT2-3,JoXT2-3-4,4,esm2,-51.5300656538264,-76.3028777416069,32.238227840128,standard,50-75 cm,51.5-76.3 cm
OregonState,mean,BAU,JoXT2-3,JoXT2-3-5,5,esm1,-76.3,-101.1,20.4500799999994,standard,75-100 cm,76.3-101.1 cm
OregonState,mean,BAU,JoXT2-3,JoXT2-3-5,5,esm2,-76.3028777416069,-101.156280818317,20.0375640099932,standard,75-100 cm,76.3-101.2 cm
OregonState,mean,BAU,JoXT3-1,JoXT3-1-1,1,esm1,0,-9.3,31.799377,standard,0-10 cm,0-9.3 cm
OregonState,mean,BAU,JoXT3-1,JoXT3-1-1,1,esm2,0,-9.36066781089696,31.9861640703236,standard,0-10 cm,0-9.4 cm
OregonState,mean,BAU,JoXT3-1,JoXT3-1-2,2,esm1,-9.3,-28.7,59.7355269999998,standard,10-30 cm,9.3-28.7 cm
OregonState,mean,BAU,JoXT3-1,JoXT3-1-2,2,esm2,-9.36066781089696,-28.6988040845899,60.1608331806395,standard,10-30 cm,9.4-28.7 cm
OregonState,mean,BAU,JoXT3-1,JoXT3-1-3,3,esm1,-28.7,-50.8,33.3316620000011,standard,30-50 cm,28.7-50.8 cm
OregonState,mean,BAU,JoXT3-1,JoXT3-1-3,3,esm2,-28.6988040845899,-50.5309004349507,36.6375319611381,standard,30-50 cm,28.7-50.5 cm
OregonState,mean,BAU,JoXT3-1,JoXT3-1-4,4,esm1,-50.8,-78.9,29.7238410000014,standard,50-75 cm,50.8-78.9 cm
OregonState,mean,BAU,JoXT3-1,JoXT3-1-4,4,esm2,-50.5309004349507,-79.09331224124,25.8227809519576,standard,50-75 cm,50.5-79.1 cm
OregonState,mean,BAU,JoXT3-1,JoXT3-1-5,5,esm1,-78.9,-107.6,24.0658110000014,standard,75-100 cm,78.9-107.6 cm
OregonState,mean,BAU,JoXT3-1,JoXT3-1-5,5,esm2,-79.09331224124,-107.392351092839,25.6846129261442,standard,75-100 cm,79.1-107.4 cm
OregonState,mean,BAU,JoXT3-2,JoXT3-2-1,1,esm1,0,-9.3,33.1524950000001,standard,0-10 cm,0-9.3 cm
OregonState,mean,BAU,JoXT3-2,JoXT3-2-1,1,esm2,0,-9.36066781089696,33.3634616553036,standard,0-10 cm,0-9.4 cm
OregonState,mean,BAU,JoXT3-2,JoXT3-2-2,2,esm1,-9.3,-28.7,60.6423530000002,standard,10-30 cm,9.3-28.7 cm
OregonState,mean,BAU,JoXT3-2,JoXT3-2-2,2,esm2,-9.36066781089696,-28.6988040845899,60.913978436251,standard,10-30 cm,9.4-28.7 cm
OregonState,mean,BAU,JoXT3-2,JoXT3-2-3,3,esm1,-28.7,-50.8,40.0703939999996,standard,30-50 cm,28.7-50.8 cm
OregonState,mean,BAU,JoXT3-2,JoXT3-2-3,3,esm2,-28.6988040845899,-50.5309004349507,44.1129666725111,standard,30-50 cm,28.7-50.5 cm
OregonState,mean,BAU,JoXT3-2,JoXT3-2-4,4,esm1,-50.8,-78.9,23.2214219999981,standard,50-75 cm,50.8-78.9 cm
OregonState,mean,BAU,JoXT3-2,JoXT3-2-4,4,esm2,-50.5309004349507,-79.09331224124,23.9840433208383,standard,50-75 cm,50.5-79.1 cm
OregonState,mean,BAU,JoXT3-2,JoXT3-2-5,5,esm1,-78.9,-107.6,9.93192199999902,standard,75-100 cm,78.9-107.6 cm
OregonState,mean,BAU,JoXT3-2,JoXT3-2-5,5,esm2,-79.09331224124,-107.392351092839,2.11182922404845,standard,75-100 cm,79.1-107.4 cm
OregonState,mean,BAU,JoXT3-3,JoXT3-3-1,1,esm1,0,-9.3,32.984197,standard,0-10 cm,0-9.3 cm
OregonState,mean,BAU,JoXT3-3,JoXT3-3-1,1,esm2,0,-9.36066781089696,33.1554674892586,standard,0-10 cm,0-9.4 cm
OregonState,mean,BAU,JoXT3-3,JoXT3-3-2,2,esm1,-9.3,-28.7,65.4694809999997,standard,10-30 cm,9.3-28.7 cm
OregonState,mean,BAU,JoXT3-3,JoXT3-3-2,2,esm2,-9.36066781089696,-28.6988040845899,65.8734585949587,standard,10-30 cm,9.4-28.7 cm
OregonState,mean,BAU,JoXT3-3,JoXT3-3-3,3,esm1,-28.7,-50.8,42.4373040000008,standard,30-50 cm,28.7-50.8 cm
OregonState,mean,BAU,JoXT3-3,JoXT3-3-3,3,esm2,-28.6988040845899,-50.5309004349507,45.9592268348668,standard,30-50 cm,28.7-50.5 cm
OregonState,mean,BAU,JoXT3-3,JoXT3-3-4,4,esm1,-50.8,-78.9,32.3252370000009,standard,50-75 cm,50.8-78.9 cm
OregonState,mean,BAU,JoXT3-3,JoXT3-3-4,4,esm2,-50.5309004349507,-79.09331224124,32.9017796743889,standard,50-75 cm,50.5-79.1 cm
OregonState,mean,BAU,JoXT3-3,JoXT3-3-5,5,esm1,-78.9,-107.6,22.2600070000008,standard,75-100 cm,78.9-107.6 cm
OregonState,mean,BAU,JoXT3-3,JoXT3-3-5,5,esm2,-79.09331224124,-107.392351092839,13.9482386928165,standard,75-100 cm,79.1-107.4 cm
OregonState,mean,BAU,WoCT1-1,WoCT1-1-1,1,esm1,0,-9.5,22.82462,standard,0-10 cm,0-9.5 cm
OregonState,mean,BAU,WoCT1-1,WoCT1-1-1,1,esm2,0,-9.56866933869826,22.9679572290538,standard,0-10 cm,0-9.6 cm
OregonState,mean,BAU,WoCT1-1,WoCT1-1-2,2,esm1,-9.5,-31,38.4352399999996,standard,10-30 cm,9.5-31 cm
OregonState,mean,BAU,WoCT1-1,WoCT1-1-2,2,esm2,-9.56866933869826,-31.0712894961957,39.3221269810838,standard,10-30 cm,9.6-31.1 cm
OregonState,mean,BAU,WoCT1-1,WoCT1-1-3,3,esm1,-31,-52.6,14.6319080000005,standard,30-50 cm,31-52.6 cm
OregonState,mean,BAU,WoCT1-1,WoCT1-1-3,3,esm2,-31.0712894961957,-52.6821514964551,15.7610178964049,standard,30-50 cm,31.1-52.7 cm
OregonState,mean,BAU,WoCT1-1,WoCT1-1-4,4,esm1,-52.6,-79.2,13.0143120000008,standard,50-75 cm,52.6-79.2 cm
OregonState,mean,BAU,WoCT1-1,WoCT1-1-4,4,esm2,-52.6821514964551,-79.3605609232901,11.1421516188025,standard,50-75 cm,52.7-79.4 cm
OregonState,mean,BAU,WoCT1-1,WoCT1-1-5,5,esm1,-79.2,-105.5,8.84545000000011,standard,75-100 cm,79.2-105.5 cm
OregonState,mean,BAU,WoCT1-1,WoCT1-1-5,5,esm2,-79.3605609232901,-105.401606943561,8.10319418367808,standard,75-100 cm,79.4-105.4 cm
OregonState,mean,BAU,WoCT1-2,WoCT1-2-1,1,esm1,0,-9.5,22.803755,standard,0-10 cm,0-9.5 cm
OregonState,mean,BAU,WoCT1-2,WoCT1-2-1,1,esm2,0,-9.56866933869826,23.0161586938771,standard,0-10 cm,0-9.6 cm
OregonState,mean,BAU,WoCT1-2,WoCT1-2-2,2,esm1,-9.5,-31,37.3418549999996,standard,10-30 cm,9.5-31 cm
OregonState,mean,BAU,WoCT1-2,WoCT1-2-2,2,esm2,-9.56866933869826,-31.0712894961957,37.8930720556281,standard,10-30 cm,9.6-31.1 cm
OregonState,mean,BAU,WoCT1-2,WoCT1-2-3,3,esm1,-31,-52.6,14.7128479999993,standard,30-50 cm,31-52.6 cm
OregonState,mean,BAU,WoCT1-2,WoCT1-2-3,3,esm2,-31.0712894961957,-52.6821514964551,17.0275092951701,standard,30-50 cm,31.1-52.7 cm
OregonState,mean,BAU,WoCT1-2,WoCT1-2-4,4,esm1,-52.6,-79.2,12.9712519999997,standard,50-75 cm,52.6-79.2 cm
OregonState,mean,BAU,WoCT1-2,WoCT1-2-4,4,esm2,-52.6821514964551,-79.3605609232901,9.95222068723724,standard,50-75 cm,52.7-79.4 cm
OregonState,mean,BAU,WoCT1-2,WoCT1-2-5,5,esm1,-79.2,-105.5,9.08122999999966,standard,75-100 cm,79.2-105.5 cm
OregonState,mean,BAU,WoCT1-2,WoCT1-2-5,5,esm2,-79.3605609232901,-105.401606943561,8.49072962601836,standard,75-100 cm,79.4-105.4 cm
OregonState,mean,BAU,WoCT1-3,WoCT1-3-1,1,esm1,0,-9.5,21.655865,standard,0-10 cm,0-9.5 cm
OregonState,mean,BAU,WoCT1-3,WoCT1-3-1,1,esm2,0,-9.56866933869826,21.8701774459671,standard,0-10 cm,0-9.6 cm
OregonState,mean,BAU,WoCT1-3,WoCT1-3-2,2,esm1,-9.5,-31,33.7329449999998,standard,10-30 cm,9.5-31 cm
OregonState,mean,BAU,WoCT1-3,WoCT1-3-2,2,esm2,-9.56866933869826,-31.0712894961957,34.1977988398309,standard,10-30 cm,9.6-31.1 cm
OregonState,mean,BAU,WoCT1-3,WoCT1-3-3,3,esm1,-31,-52.6,13.6509839999997,standard,30-50 cm,31-52.6 cm
OregonState,mean,BAU,WoCT1-3,WoCT1-3-3,3,esm2,-31.0712894961957,-52.6821514964551,15.9410902593412,standard,30-50 cm,31.1-52.7 cm
OregonState,mean,BAU,WoCT1-3,WoCT1-3-4,4,esm1,-52.6,-79.2,10.8385759999994,standard,50-75 cm,52.6-79.2 cm
OregonState,mean,BAU,WoCT1-3,WoCT1-3-4,4,esm2,-52.6821514964551,-79.3605609232901,7.66163661910396,standard,50-75 cm,52.7-79.4 cm
OregonState,mean,BAU,WoCT1-3,WoCT1-3-5,5,esm1,-79.2,-105.5,9.2086400000003,standard,75-100 cm,79.2-105.5 cm
OregonState,mean,BAU,WoCT1-3,WoCT1-3-5,5,esm2,-79.3605609232901,-105.401606943561,10.0224637551287,standard,75-100 cm,79.4-105.4 cm
OregonState,mean,BAU,WoCT2-1,WoCT2-1-1,1,esm1,0,-9.1,23.101643,standard,0-10 cm,0-9.1 cm
OregonState,mean,BAU,WoCT2-1,WoCT2-1-1,1,esm2,0,-9.18745333358561,23.2069941788779,standard,0-10 cm,0-9.2 cm
OregonState,mean,BAU,WoCT2-1,WoCT2-1-2,2,esm1,-9.1,-27.2,50.2041370000002,standard,10-30 cm,9.1-27.2 cm
OregonState,mean,BAU,WoCT2-1,WoCT2-1-2,2,esm2,-9.18745333358561,-27.170481129716,52.30446244451,standard,10-30 cm,9.2-27.2 cm
OregonState,mean,BAU,WoCT2-1,WoCT2-1-3,3,esm1,-27.2,-46.4,27.3388800000012,standard,30-50 cm,27.2-46.4 cm
OregonState,mean,BAU,WoCT2-1,WoCT2-1-3,3,esm2,-27.170481129716,-46.2993572815495,31.4392235485003,standard,30-50 cm,27.2-46.3 cm
OregonState,mean,BAU,WoCT2-1,WoCT2-1-4,4,esm1,-46.4,-69.8,23.5618400000015,standard,50-75 cm,46.4-69.8 cm
OregonState,mean,BAU,WoCT2-1,WoCT2-1-4,4,esm2,-46.2993572815495,-70.2924168605201,17.5733961251551,standard,50-75 cm,46.3-70.3 cm
OregonState,mean,BAU,WoCT2-1,WoCT2-1-5,5,esm1,-69.8,-92.9,13.7906999999991,standard,75-100 cm,69.8-92.9 cm
OregonState,mean,BAU,WoCT2-1,WoCT2-1-5,5,esm2,-70.2924168605201,-93.408372134417,12.5436615007691,standard,75-100 cm,70.3-93.4 cm
OregonState,mean,BAU,WoCT2-2,WoCT2-2-1,1,esm1,0,-9.1,26.231609,standard,0-10 cm,0-9.1 cm
OregonState,mean,BAU,WoCT2-2,WoCT2-2-1,1,esm2,0,-9.18745333358561,26.3997690504185,standard,0-10 cm,0-9.2 cm
OregonState,mean,BAU,WoCT2-2,WoCT2-2-2,2,esm1,-9.1,-27.2,56.1979209999999,standard,10-30 cm,9.1-27.2 cm
OregonState,mean,BAU,WoCT2-2,WoCT2-2-2,2,esm2,-9.18745333358561,-27.170481129716,57.6024763038331,standard,10-30 cm,9.2-27.2 cm
OregonState,mean,BAU,WoCT2-2,WoCT2-2-3,3,esm1,-27.2,-46.4,42.3724800000009,standard,30-50 cm,27.2-46.4 cm
OregonState,mean,BAU,WoCT2-2,WoCT2-2-3,3,esm2,-27.170481129716,-46.2993572815495,45.9272214357235,standard,30-50 cm,27.2-46.3 cm
OregonState,mean,BAU,WoCT2-2,WoCT2-2-4,4,esm1,-46.4,-69.8,35.2996399999991,standard,50-75 cm,46.4-69.8 cm
OregonState,mean,BAU,WoCT2-2,WoCT2-2-4,4,esm2,-46.2993572815495,-70.2924168605201,36.9838307677936,standard,50-75 cm,46.3-70.3 cm
OregonState,mean,BAU,WoCT2-2,WoCT2-2-5,5,esm1,-69.8,-92.9,18.9882000000001,standard,75-100 cm,69.8-92.9 cm
OregonState,mean,BAU,WoCT2-2,WoCT2-2-5,5,esm2,-70.2924168605201,-93.408372134417,16.9755203487674,standard,75-100 cm,70.3-93.4 cm
OregonState,mean,BAU,WoCT2-3,WoCT2-3-1,1,esm1,0,-9.1,28.561494,standard,0-10 cm,0-9.1 cm
OregonState,mean,BAU,WoCT2-3,WoCT2-3-1,1,esm2,0,-9.18745333358561,28.7265845567684,standard,0-10 cm,0-9.2 cm
OregonState,mean,BAU,WoCT2-3,WoCT2-3-2,2,esm1,-9.1,-27.2,59.9702459999998,standard,10-30 cm,9.1-27.2 cm
OregonState,mean,BAU,WoCT2-3,WoCT2-3-2,2,esm2,-9.18745333358561,-27.170481129716,62.100715403592,standard,10-30 cm,9.2-27.2 cm
OregonState,mean,BAU,WoCT2-3,WoCT2-3-3,3,esm1,-27.2,-46.4,36.4982399999999,standard,30-50 cm,27.2-46.4 cm
OregonState,mean,BAU,WoCT2-3,WoCT2-3-3,3,esm2,-27.170481129716,-46.2993572815495,41.1196089383843,standard,30-50 cm,27.2-46.3 cm
OregonState,mean,BAU,WoCT2-3,WoCT2-3-4,4,esm1,-46.4,-69.8,29.4673200000011,standard,50-75 cm,46.4-69.8 cm
OregonState,mean,BAU,WoCT2-3,WoCT2-3-4,4,esm2,-46.2993572815495,-70.2924168605201,26.1259582925405,standard,50-75 cm,46.3-70.3 cm
OregonState,mean,BAU,WoCT2-3,WoCT2-3-5,5,esm1,-69.8,-92.9,14.5183499999994,standard,75-100 cm,69.8-92.9 cm
OregonState,mean,BAU,WoCT2-3,WoCT2-3-5,5,esm2,-70.2924168605201,-93.408372134417,12.6033728121876,standard,75-100 cm,70.3-93.4 cm
OregonState,mean,BAU,WoCT3-1,WoCT3-1-1,1,esm1,0,-8.6,19.5912,standard,0-10 cm,0-8.6 cm
OregonState,mean,BAU,WoCT3-1,WoCT3-1-1,1,esm2,0,-8.64384402267081,19.6525925814551,standard,0-10 cm,0-8.6 cm
OregonState,mean,BAU,WoCT3-1,WoCT3-1-2,2,esm1,-8.6,-27.2,33.6751559999999,standard,10-30 cm,8.6-27.2 cm
OregonState,mean,BAU,WoCT3-1,WoCT3-1-2,2,esm2,-8.64384402267081,-27.517991810703,39.1727827843938,standard,10-30 cm,8.6-27.5 cm
OregonState,mean,BAU,WoCT3-1,WoCT3-1-3,3,esm1,-27.2,-45.3,12.0415679999998,standard,30-50 cm,27.2-45.3 cm
OregonState,mean,BAU,WoCT3-1,WoCT3-1-3,3,esm2,-27.517991810703,-45.4639267067021,13.4102216978913,standard,30-50 cm,27.5-45.5 cm
OregonState,mean,BAU,WoCT3-1,WoCT3-1-4,4,esm1,-45.3,-69.6,11.4481080000009,standard,50-75 cm,45.3-69.6 cm
OregonState,mean,BAU,WoCT3-1,WoCT3-1-4,4,esm2,-45.4639267067021,-68.25683036517,1.17287544682948,standard,50-75 cm,45.5-68.3 cm
OregonState,mean,BAU,WoCT3-1,WoCT3-1-5,5,esm1,-69.6,-96.1,7.70673000000066,standard,75-100 cm,69.6-96.1 cm
OregonState,mean,BAU,WoCT3-1,WoCT3-1-5,5,esm2,-68.25683036517,-95.4926581148848,9.12082231210655,standard,75-100 cm,68.3-95.5 cm
OregonState,mean,BAU,WoCT3-2,WoCT3-2-1,1,esm1,0,-8.6,20.4525,standard,0-10 cm,0-8.6 cm
OregonState,mean,BAU,WoCT3-2,WoCT3-2-1,1,esm2,0,-8.64384402267081,20.6039942125225,standard,0-10 cm,0-8.6 cm
OregonState,mean,BAU,WoCT3-2,WoCT3-2-2,2,esm1,-8.6,-27.2,32.3513200000002,standard,10-30 cm,8.6-27.2 cm
OregonState,mean,BAU,WoCT3-2,WoCT3-2-2,2,esm2,-8.64384402267081,-27.517991810703,37.0723375634993,standard,10-30 cm,8.6-27.5 cm
OregonState,mean,BAU,WoCT3-2,WoCT3-2-3,3,esm1,-27.2,-45.3,14.0763700000002,standard,30-50 cm,27.2-45.3 cm
OregonState,mean,BAU,WoCT3-2,WoCT3-2-3,3,esm2,-27.517991810703,-45.4639267067021,15.6462638283844,standard,30-50 cm,27.5-45.5 cm
OregonState,mean,BAU,WoCT3-2,WoCT3-2-4,4,esm1,-45.3,-69.6,12.8294460000003,standard,50-75 cm,45.3-69.6 cm
OregonState,mean,BAU,WoCT3-2,WoCT3-2-4,4,esm2,-45.4639267067021,-68.25683036517,3.72173670144691,standard,50-75 cm,45.5-68.3 cm
OregonState,mean,BAU,WoCT3-2,WoCT3-2-5,5,esm1,-69.6,-96.1,7.8455900000003,standard,75-100 cm,69.6-96.1 cm
OregonState,mean,BAU,WoCT3-2,WoCT3-2-5,5,esm2,-68.25683036517,-95.4926581148848,8.71621822849336,standard,75-100 cm,68.3-95.5 cm
OregonState,mean,BAU,WoCT3-3,WoCT3-3-1,1,esm1,0,-8.6,19.59255,standard,0-10 cm,0-8.6 cm
OregonState,mean,BAU,WoCT3-3,WoCT3-3-1,1,esm2,0,-8.64384402267081,19.7332000693354,standard,0-10 cm,0-8.6 cm
OregonState,mean,BAU,WoCT3-3,WoCT3-3-2,2,esm1,-8.6,-27.2,34.0300119999999,standard,10-30 cm,8.6-27.2 cm
OregonState,mean,BAU,WoCT3-3,WoCT3-3-2,2,esm2,-8.64384402267081,-27.517991810703,37.2078259667258,standard,10-30 cm,8.6-27.5 cm
OregonState,mean,BAU,WoCT3-3,WoCT3-3-3,3,esm1,-27.2,-45.3,21.8532159999995,standard,30-50 cm,27.2-45.3 cm
OregonState,mean,BAU,WoCT3-3,WoCT3-3-3,3,esm2,-27.517991810703,-45.4639267067021,23.4070588286862,standard,30-50 cm,27.5-45.5 cm
OregonState,mean,BAU,WoCT3-3,WoCT3-3-4,4,esm1,-45.3,-69.6,19.0944179999984,standard,50-75 cm,45.3-69.6 cm
OregonState,mean,BAU,WoCT3-3,WoCT3-3-4,4,esm2,-45.4639267067021,-68.25683036517,15.3103613241984,standard,50-75 cm,45.5-68.3 cm
OregonState,mean,BAU,WoCT3-3,WoCT3-3-5,5,esm1,-69.6,-96.1,10.4492149999982,standard,75-100 cm,69.6-96.1 cm
OregonState,mean,BAU,WoCT3-3,WoCT3-3-5,5,esm2,-68.25683036517,-95.4926581148848,9.48475621571478,standard,75-100 cm,68.3-95.5 cm
OregonState,mean,Ref,WoH1-1,WoH1-1-1,1,esm1,0,-9.5,44.7974000000001,standard,0-10 cm,0-9.5 cm
OregonState,mean,Ref,WoH1-1,WoH1-1-1,1,esm2,0,-9.60122018087874,45.4077866566243,standard,0-10 cm,0-9.6 cm
OregonState,mean,Ref,WoH1-1,WoH1-1-2,2,esm1,-9.5,-29.2,40.3274319999998,standard,10-30 cm,9.5-29.2 cm
OregonState,mean,Ref,WoH1-1,WoH1-1-2,2,esm2,-9.60122018087874,-29.20992968939,39.771728015555,standard,10-30 cm,9.6-29.2 cm
OregonState,mean,Ref,WoH1-1,WoH1-1-3,3,esm1,-29.2,-48.5,33.7394880000013,standard,30-50 cm,29.2-48.5 cm
OregonState,mean,Ref,WoH1-1,WoH1-1-3,3,esm2,-29.20992968939,-48.5162735274855,34.5267123359514,standard,30-50 cm,29.2-48.5 cm
OregonState,mean,Ref,WoH1-1,WoH1-1-4,4,esm1,-48.5,-73.5,23.5743750000008,standard,50-75 cm,48.5-73.5 cm
OregonState,mean,Ref,WoH1-1,WoH1-1-4,4,esm2,-48.5162735274855,-73.5555795327845,23.6375456570116,standard,50-75 cm,48.5-73.6 cm
OregonState,mean,Ref,WoH1-1,WoH1-1-5,5,esm1,-73.5,-98.9,7.78091500000269,standard,75-100 cm,73.5-98.9 cm
OregonState,mean,Ref,WoH1-1,WoH1-1-5,5,esm2,-73.5555795327845,-98.9661033521043,7.08930034949785,standard,75-100 cm,73.6-99 cm
OregonState,mean,Ref,WoH1-2,WoH1-2-1,1,esm1,0,-9.5,42.03686,standard,0-10 cm,0-9.5 cm
OregonState,mean,Ref,WoH1-2,WoH1-2-1,1,esm2,0,-9.60122018087874,42.5473103555578,standard,0-10 cm,0-9.6 cm
OregonState,mean,Ref,WoH1-2,WoH1-2-2,2,esm1,-9.5,-29.2,49.9989459999994,standard,10-30 cm,9.5-29.2 cm
OregonState,mean,Ref,WoH1-2,WoH1-2-2,2,esm2,-9.60122018087874,-29.20992968939,49.7148181179682,standard,10-30 cm,9.6-29.2 cm
OregonState,mean,Ref,WoH1-2,WoH1-2-3,3,esm1,-29.2,-48.5,14.2295040000005,standard,30-50 cm,29.2-48.5 cm
OregonState,mean,Ref,WoH1-2,WoH1-2-3,3,esm2,-29.20992968939,-48.5162735274855,15.1395834454192,standard,30-50 cm,29.2-48.5 cm
OregonState,mean,Ref,WoH1-2,WoH1-2-4,4,esm1,-48.5,-73.5,10.6899750000014,standard,50-75 cm,48.5-73.5 cm
OregonState,mean,Ref,WoH1-2,WoH1-2-4,4,esm2,-48.5162735274855,-73.5555795327845,9.56018465698207,standard,50-75 cm,48.5-73.6 cm
OregonState,mean,Ref,WoH1-2,WoH1-2-5,5,esm1,-73.5,-98.9,8.85759799999907,standard,75-100 cm,73.5-98.9 cm
OregonState,mean,Ref,WoH1-2,WoH1-2-5,5,esm2,-73.5555795327845,-98.9661033521043,8.87761727911868,standard,75-100 cm,73.6-99 cm
OregonState,mean,Ref,WoH1-3,WoH1-3-1,1,esm1,0,-9.5,35.76759,standard,0-10 cm,0-9.5 cm
OregonState,mean,Ref,WoH1-3,WoH1-3-1,1,esm2,0,-9.60122018087874,36.2915353252279,standard,0-10 cm,0-9.6 cm
OregonState,mean,Ref,WoH1-3,WoH1-3-2,2,esm1,-9.5,-29.2,23.9193639999999,standard,10-30 cm,9.5-29.2 cm
OregonState,mean,Ref,WoH1-3,WoH1-3-2,2,esm2,-9.60122018087874,-29.20992968939,23.418502571145,standard,10-30 cm,9.6-29.2 cm
OregonState,mean,Ref,WoH1-3,WoH1-3-3,3,esm1,-29.2,-48.5,9.94953600000017,standard,30-50 cm,29.2-48.5 cm
OregonState,mean,Ref,WoH1-3,WoH1-3-3,3,esm2,-29.20992968939,-48.5162735274855,10.0785963926634,standard,30-50 cm,29.2-48.5 cm
OregonState,mean,Ref,WoH1-3,WoH1-3-4,4,esm1,-48.5,-73.5,10.1972249999992,standard,50-75 cm,48.5-73.5 cm
OregonState,mean,Ref,WoH1-3,WoH1-3-4,4,esm2,-48.5162735274855,-73.5555795327845,10.2281549757486,standard,50-75 cm,48.5-73.6 cm
OregonState,mean,Ref,WoH1-3,WoH1-3-5,5,esm1,-73.5,-98.9,5.97813199999973,standard,75-100 cm,73.5-98.9 cm
OregonState,mean,Ref,WoH1-3,WoH1-3-5,5,esm2,-73.5555795327845,-98.9661033521043,5.9259624983451,standard,75-100 cm,73.6-99 cm
OregonState,mean,Ref,WoH2-1,WoH2-1-1,1,esm1,0,-7.8,49.0468440000001,standard,0-10 cm,0-7.8 cm
OregonState,mean,Ref,WoH2-1,WoH2-1-1,1,esm2,0,-7.83679247213744,50.9320045953905,standard,0-10 cm,0-7.8 cm
OregonState,mean,Ref,WoH2-1,WoH2-1-2,2,esm1,-7.8,-27.5,39.4080809999998,standard,10-30 cm,7.8-27.5 cm
OregonState,mean,Ref,WoH2-1,WoH2-1-2,2,esm2,-7.83679247213744,-26.9541315185758,39.2251868760979,standard,10-30 cm,7.8-27 cm
OregonState,mean,Ref,WoH2-1,WoH2-1-3,3,esm1,-27.5,-47.8,36.0496109999997,standard,30-50 cm,27.5-47.8 cm
OregonState,mean,Ref,WoH2-1,WoH2-1-3,3,esm2,-26.9541315185758,-47.909012360261,35.5486277862925,standard,30-50 cm,27-47.9 cm
OregonState,mean,Ref,WoH2-1,WoH2-1-4,4,esm1,-47.8,-72.8,18.078000000002,standard,50-75 cm,47.8-72.8 cm
OregonState,mean,Ref,WoH2-1,WoH2-1-4,4,esm2,-47.909012360261,-72.7500202166301,18.5865575131264,standard,50-75 cm,47.9-72.8 cm
OregonState,mean,Ref,WoH2-1,WoH2-1-5,5,esm1,-72.8,-99.9,12.7006799999976,standard,75-100 cm,72.8-99.9 cm
OregonState,mean,Ref,WoH2-1,WoH2-1-5,5,esm2,-72.7500202166301,-99.928669817519,10.9975201515948,standard,75-100 cm,72.8-99.9 cm
OregonState,mean,Ref,WoH2-2,WoH2-2-1,1,esm1,0,-7.8,27.571628,standard,0-10 cm,0-7.8 cm
OregonState,mean,Ref,WoH2-2,WoH2-2-1,1,esm2,0,-7.83679247213744,28.317685378833,standard,0-10 cm,0-7.8 cm
OregonState,mean,Ref,WoH2-2,WoH2-2-2,2,esm1,-7.8,-27.5,35.828647,standard,10-30 cm,7.8-27.5 cm
OregonState,mean,Ref,WoH2-2,WoH2-2-2,2,esm2,-7.83679247213744,-26.9541315185758,36.611967065897,standard,10-30 cm,7.8-27 cm
OregonState,mean,Ref,WoH2-2,WoH2-2-3,3,esm1,-27.5,-47.8,34.0765770000012,standard,30-50 cm,27.5-47.8 cm
OregonState,mean,Ref,WoH2-2,WoH2-2-3,3,esm2,-26.9541315185758,-47.909012360261,33.5028195108394,standard,30-50 cm,27-47.9 cm
OregonState,mean,Ref,WoH2-2,WoH2-2-4,4,esm1,-47.8,-72.8,22.3559999999985,standard,50-75 cm,47.8-72.8 cm
OregonState,mean,Ref,WoH2-2,WoH2-2-4,4,esm2,-47.909012360261,-72.7500202166301,23.0823273250708,standard,50-75 cm,47.9-72.8 cm
OregonState,mean,Ref,WoH2-2,WoH2-2-5,5,esm1,-72.8,-99.9,13.4249399999989,standard,75-100 cm,72.8-99.9 cm
OregonState,mean,Ref,WoH2-2,WoH2-2-5,5,esm2,-72.7500202166301,-99.928669817519,11.7613133290635,standard,75-100 cm,72.8-99.9 cm
OregonState,mean,Ref,WoH2-3,WoH2-3-1,1,esm1,0,-7.8,24.208912,standard,0-10 cm,0-7.8 cm
OregonState,mean,Ref,WoH2-3,WoH2-3-1,1,esm2,0,-7.83679247213744,24.7218240351774,standard,0-10 cm,0-7.8 cm
OregonState,mean,Ref,WoH2-3,WoH2-3-2,2,esm1,-7.8,-27.5,32.6206379999999,standard,10-30 cm,7.8-27.5 cm
OregonState,mean,Ref,WoH2-3,WoH2-3-2,2,esm2,-7.83679247213744,-26.9541315185758,36.214002729055,standard,10-30 cm,7.8-27 cm
OregonState,mean,Ref,WoH2-3,WoH2-3-3,3,esm1,-27.5,-47.8,29.896290000001,standard,30-50 cm,27.5-47.8 cm
OregonState,mean,Ref,WoH2-3,WoH2-3-3,3,esm2,-26.9541315185758,-47.909012360261,26.5345477776857,standard,30-50 cm,27-47.9 cm
OregonState,mean,Ref,WoH2-3,WoH2-3-4,4,esm1,-47.8,-72.8,16.0425000000011,standard,50-75 cm,47.8-72.8 cm
OregonState,mean,Ref,WoH2-3,WoH2-3-4,4,esm2,-47.909012360261,-72.7500202166301,16.4368364047875,standard,50-75 cm,47.9-72.8 cm
OregonState,mean,Ref,WoH2-3,WoH2-3-5,5,esm1,-72.8,-99.9,11.8633859999997,standard,75-100 cm,72.8-99.9 cm
OregonState,mean,Ref,WoH2-3,WoH2-3-5,5,esm2,-72.7500202166301,-99.928669817519,10.7339917994036,standard,75-100 cm,72.8-99.9 cm
OregonState,mean,Ref,WoH3-1,WoH3-1-1,1,esm1,0,-8.9,19.924904,standard,0-10 cm,0-8.9 cm
OregonState,mean,Ref,WoH3-1,WoH3-1-1,1,esm2,0,-8.9704180778016,20.2041600930895,standard,0-10 cm,0-9 cm
OregonState,mean,Ref,WoH3-1,WoH3-1-2,2,esm1,-8.9,-26.8,20.2083719999998,standard,10-30 cm,8.9-26.8 cm
OregonState,mean,Ref,WoH3-1,WoH3-1-2,2,esm2,-8.9704180778016,-26.2567196845303,25.4802864804323,standard,10-30 cm,9-26.3 cm
OregonState,mean,Ref,WoH3-1,WoH3-1-3,3,esm1,-26.8,-45,19.3251239999994,standard,30-50 cm,26.8-45 cm
OregonState,mean,Ref,WoH3-1,WoH3-1-3,3,esm2,-26.2567196845303,-45.0395582184109,13.7961229488426,standard,30-50 cm,26.3-45 cm
OregonState,mean,Ref,WoH3-1,WoH3-1-4,4,esm1,-45,-69.6,9.71207999999939,standard,50-75 cm,45-69.6 cm
OregonState,mean,Ref,WoH3-1,WoH3-1-4,4,esm2,-45.0395582184109,-69.4070390953382,11.3460201497346,standard,50-75 cm,45-69.4 cm
OregonState,mean,Ref,WoH3-1,WoH3-1-5,5,esm1,-69.6,-94.4,9.79103999999938,standard,75-100 cm,69.6-94.4 cm
OregonState,mean,Ref,WoH3-1,WoH3-1-5,5,esm2,-69.4070390953382,-94.4707915519949,8.22332665262481,standard,75-100 cm,69.4-94.5 cm
OregonState,mean,Ref,WoH3-2,WoH3-2-1,1,esm1,0,-8.9,35.60526,standard,0-10 cm,0-8.9 cm
OregonState,mean,Ref,WoH3-2,WoH3-2-1,1,esm2,0,-8.9704180778016,36.2717584311371,standard,0-10 cm,0-9 cm
OregonState,mean,Ref,WoH3-2,WoH3-2-2,2,esm1,-8.9,-26.8,21.0399959999994,standard,10-30 cm,8.9-26.8 cm
OregonState,mean,Ref,WoH3-2,WoH3-2-2,2,esm2,-8.9704180778016,-26.2567196845303,32.2671347608624,standard,10-30 cm,9-26.3 cm
OregonState,mean,Ref,WoH3-2,WoH3-2-3,3,esm1,-26.8,-45,18.4897439999994,standard,30-50 cm,26.8-45 cm
OregonState,mean,Ref,WoH3-2,WoH3-2-3,3,esm2,-26.2567196845303,-45.0395582184109,6.60364237269114,standard,30-50 cm,26.3-45 cm
OregonState,mean,Ref,WoH3-2,WoH3-2-4,4,esm1,-45,-69.6,8.05895999999905,standard,50-75 cm,45-69.6 cm
OregonState,mean,Ref,WoH3-2,WoH3-2-4,4,esm2,-45.0395582184109,-69.4070390953382,7.10661296005729,standard,50-75 cm,45-69.4 cm
OregonState,mean,Ref,WoH3-2,WoH3-2-5,5,esm1,-69.6,-94.4,8.12447999999904,standard,75-100 cm,69.6-94.4 cm
OregonState,mean,Ref,WoH3-2,WoH3-2-5,5,esm2,-69.4070390953382,-94.4707915519949,9.08850945740025,standard,75-100 cm,69.4-94.5 cm
OregonState,mean,Ref,WoH3-3,WoH3-3-1,1,esm1,0,-8.9,44.459868,standard,0-10 cm,0-8.9 cm
OregonState,mean,Ref,WoH3-3,WoH3-3-1,1,esm2,0,-8.9704180778016,45.4401054895338,standard,0-10 cm,0-9 cm
OregonState,mean,Ref,WoH3-3,WoH3-3-2,2,esm1,-8.9,-26.8,33.7844280000005,standard,10-30 cm,8.9-26.8 cm
OregonState,mean,Ref,WoH3-3,WoH3-3-2,2,esm2,-8.9704180778016,-26.2567196845303,41.0608580492499,standard,10-30 cm,9-26.3 cm
OregonState,mean,Ref,WoH3-3,WoH3-3-3,3,esm1,-26.8,-45,31.9950540000005,standard,30-50 cm,26.8-45 cm
OregonState,mean,Ref,WoH3-3,WoH3-3-3,3,esm2,-26.2567196845303,-45.0395582184109,23.7758896127275,standard,30-50 cm,26.3-45 cm
OregonState,mean,Ref,WoH3-3,WoH3-3-4,4,esm1,-45,-69.6,13.2593999999997,standard,50-75 cm,45-69.6 cm
OregonState,mean,Ref,WoH3-3,WoH3-3-4,4,esm2,-45.0395582184109,-69.4070390953382,17.4103805180489,standard,50-75 cm,45-69.4 cm
OregonState,mean,Ref,WoH3-3,WoH3-3-5,5,esm1,-69.6,-94.4,13.3671999999997,standard,75-100 cm,69.6-94.4 cm
OregonState,mean,Ref,WoH3-3,WoH3-3-5,5,esm2,-69.4070390953382,-94.4707915519949,9.36735003960256,standard,75-100 cm,69.4-94.5 cm
OregonState,mean,SHM,WoNT1-1,WoNT1-1-1,1,esm1,0,-9.6,35.935992,standard,0-10 cm,0-9.6 cm
OregonState,mean,SHM,WoNT1-1,WoNT1-1-1,1,esm2,0,-9.70589016038839,36.4022476243425,standard,0-10 cm,0-9.7 cm
OregonState,mean,SHM,WoNT1-1,WoNT1-1-2,2,esm1,-9.6,-29.8,43.0874400000002,standard,10-30 cm,9.6-29.8 cm
OregonState,mean,SHM,WoNT1-1,WoNT1-1-2,2,esm2,-9.70589016038839,-29.8672981349066,45.0698594909415,standard,10-30 cm,9.7-29.9 cm
OregonState,mean,SHM,WoNT1-1,WoNT1-1-3,3,esm1,-29.8,-50.5,26.7298630000002,standard,30-50 cm,29.8-50.5 cm
OregonState,mean,SHM,WoNT1-1,WoNT1-1-3,3,esm2,-29.8672981349066,-50.7466276031564,26.7437862645513,standard,30-50 cm,29.9-50.7 cm
OregonState,mean,SHM,WoNT1-1,WoNT1-1-4,4,esm1,-50.5,-75.4,26.0556750000005,standard,50-75 cm,50.5-75.4 cm
OregonState,mean,SHM,WoNT1-1,WoNT1-1-4,4,esm2,-50.7466276031564,-75.623207893452,24.2638563326992,standard,50-75 cm,50.7-75.6 cm
OregonState,mean,SHM,WoNT1-1,WoNT1-1-5,5,esm1,-75.4,-98.1,15.7927200000021,standard,75-100 cm,75.4-98.1 cm
OregonState,mean,SHM,WoNT1-1,WoNT1-1-5,5,esm2,-75.623207893452,-98.1735559052436,15.0751207249489,standard,75-100 cm,75.6-98.2 cm
OregonState,mean,SHM,WoNT1-2,WoNT1-2-1,1,esm1,0,-9.6,34.972008,standard,0-10 cm,0-9.6 cm
OregonState,mean,SHM,WoNT1-2,WoNT1-2-1,1,esm2,0,-9.70589016038839,35.4444387324061,standard,0-10 cm,0-9.7 cm
OregonState,mean,SHM,WoNT1-2,WoNT1-2-2,2,esm1,-9.6,-29.8,36.3163679999997,standard,10-30 cm,9.6-29.8 cm
OregonState,mean,SHM,WoNT1-2,WoNT1-2-2,2,esm2,-9.70589016038839,-29.8672981349066,38.7602439194164,standard,10-30 cm,9.7-29.9 cm
OregonState,mean,SHM,WoNT1-2,WoNT1-2-3,3,esm1,-29.8,-50.5,19.4197840000001,standard,30-50 cm,29.8-50.5 cm
OregonState,mean,SHM,WoNT1-2,WoNT1-2-3,3,esm2,-29.8672981349066,-50.7466276031564,17.3975966258819,standard,30-50 cm,29.9-50.7 cm
OregonState,mean,SHM,WoNT1-2,WoNT1-2-4,4,esm1,-50.5,-75.4,19.0187999999997,standard,50-75 cm,50.5-75.4 cm
OregonState,mean,SHM,WoNT1-2,WoNT1-2-4,4,esm2,-50.7466276031564,-75.623207893452,18.2336683356068,standard,50-75 cm,50.7-75.6 cm
OregonState,mean,SHM,WoNT1-2,WoNT1-2-5,5,esm1,-75.4,-98.1,16.765919999999,standard,75-100 cm,75.4-98.1 cm
OregonState,mean,SHM,WoNT1-2,WoNT1-2-5,5,esm2,-75.623207893452,-98.1735559052436,16.5455004070378,standard,75-100 cm,75.6-98.2 cm
OregonState,mean,SHM,WoNT1-3,WoNT1-3-1,1,esm1,0,-9.6,31.134192,standard,0-10 cm,0-9.6 cm
OregonState,mean,SHM,WoNT1-3,WoNT1-3-1,1,esm2,0,-9.70589016038839,31.5154371297571,standard,0-10 cm,0-9.7 cm
OregonState,mean,SHM,WoNT1-3,WoNT1-3-2,2,esm1,-9.6,-29.8,41.1137760000001,standard,10-30 cm,9.6-29.8 cm
OregonState,mean,SHM,WoNT1-3,WoNT1-3-2,2,esm2,-9.70589016038839,-29.8672981349066,42.8628607605344,standard,10-30 cm,9.7-29.9 cm
OregonState,mean,SHM,WoNT1-3,WoNT1-3-3,3,esm1,-29.8,-50.5,20.2186869999997,standard,30-50 cm,29.8-50.5 cm
OregonState,mean,SHM,WoNT1-3,WoNT1-3-3,3,esm2,-29.8672981349066,-50.7466276031564,21.6279845007742,standard,30-50 cm,29.9-50.7 cm
OregonState,mean,SHM,WoNT1-3,WoNT1-3-4,4,esm1,-50.5,-75.4,18.8709750000002,standard,50-75 cm,50.5-75.4 cm
OregonState,mean,SHM,WoNT1-3,WoNT1-3-4,4,esm2,-50.7466276031564,-75.623207893452,15.2015931702555,standard,50-75 cm,50.7-75.6 cm
OregonState,mean,SHM,WoNT1-3,WoNT1-3-5,5,esm1,-75.4,-98.1,15.7079340000006,standard,75-100 cm,75.4-98.1 cm
OregonState,mean,SHM,WoNT1-3,WoNT1-3-5,5,esm2,-75.623207893452,-98.1735559052436,15.8131535376981,standard,75-100 cm,75.6-98.2 cm
OregonState,mean,SHM,WoNT2-1,WoNT2-1-1,1,esm1,0,-9.3,29.587566,standard,0-10 cm,0-9.3 cm
OregonState,mean,SHM,WoNT2-1,WoNT2-1-1,1,esm2,0,-9.40031952453009,29.9475198136433,standard,0-10 cm,0-9.4 cm
OregonState,mean,SHM,WoNT2-1,WoNT2-1-2,2,esm1,-9.3,-27.7,47.9113839999995,standard,10-30 cm,9.3-27.7 cm
OregonState,mean,SHM,WoNT2-1,WoNT2-1-2,2,esm2,-9.40031952453009,-27.6311689949148,49.3207925078546,standard,10-30 cm,9.4-27.6 cm
OregonState,mean,SHM,WoNT2-1,WoNT2-1-3,3,esm1,-27.7,-47.1,33.7816289999997,standard,30-50 cm,27.7-47.1 cm
OregonState,mean,SHM,WoNT2-1,WoNT2-1-3,3,esm2,-27.6311689949148,-46.8849270912997,35.4565013586587,standard,30-50 cm,27.6-46.9 cm
OregonState,mean,SHM,WoNT2-1,WoNT2-1-4,4,esm1,-47.1,-72,28.5962909999985,standard,50-75 cm,47.1-72 cm
OregonState,mean,SHM,WoNT2-1,WoNT2-1-4,4,esm2,-46.8849270912997,-71.9499234256728,25.8925756874103,standard,50-75 cm,46.9-71.9 cm
OregonState,mean,SHM,WoNT2-1,WoNT2-1-5,5,esm1,-72,-98.7,14.0606599999985,standard,75-100 cm,72-98.7 cm
OregonState,mean,SHM,WoNT2-1,WoNT2-1-5,5,esm2,-71.9499234256728,-98.7544035865439,13.5381989773004,standard,75-100 cm,71.9-98.8 cm
OregonState,mean,SHM,WoNT2-2,WoNT2-2-1,1,esm1,0,-9.3,26.86173,standard,0-10 cm,0-9.3 cm
OregonState,mean,SHM,WoNT2-2,WoNT2-2-1,1,esm2,0,-9.40031952453009,27.1249800773072,standard,0-10 cm,0-9.4 cm
OregonState,mean,SHM,WoNT2-2,WoNT2-2-2,2,esm1,-9.3,-27.7,49.9621700000002,standard,10-30 cm,9.3-27.7 cm
OregonState,mean,SHM,WoNT2-2,WoNT2-2-2,2,esm2,-9.40031952453009,-27.6311689949148,52.2411507043766,standard,10-30 cm,9.4-27.6 cm
OregonState,mean,SHM,WoNT2-2,WoNT2-2-3,3,esm1,-27.7,-47.1,31.7257559999991,standard,30-50 cm,27.7-47.1 cm
OregonState,mean,SHM,WoNT2-2,WoNT2-2-3,3,esm2,-27.6311689949148,-46.8849270912997,33.1331757028408,standard,30-50 cm,27.6-46.9 cm
OregonState,mean,SHM,WoNT2-2,WoNT2-2-4,4,esm1,-47.1,-72,23.9997239999984,standard,50-75 cm,47.1-72 cm
OregonState,mean,SHM,WoNT2-2,WoNT2-2-4,4,esm2,-46.8849270912997,-71.9499234256728,20.6669659157861,standard,50-75 cm,46.9-71.9 cm
OregonState,mean,SHM,WoNT2-2,WoNT2-2-5,5,esm1,-72,-98.7,10.6257839999977,standard,75-100 cm,72-98.7 cm
OregonState,mean,SHM,WoNT2-2,WoNT2-2-5,5,esm2,-71.9499234256728,-98.7544035865439,10.1653346754994,standard,75-100 cm,71.9-98.8 cm
OregonState,mean,SHM,WoNT2-3,WoNT2-3-1,1,esm1,0,-9.3,23.312483,standard,0-10 cm,0-9.3 cm
OregonState,mean,SHM,WoNT2-3,WoNT2-3-1,1,esm2,0,-9.40031952453009,23.5495119817669,standard,0-10 cm,0-9.4 cm
OregonState,mean,SHM,WoNT2-3,WoNT2-3-2,2,esm1,-9.3,-27.7,48.780567,standard,10-30 cm,9.3-27.7 cm
OregonState,mean,SHM,WoNT2-3,WoNT2-3-2,2,esm2,-9.40031952453009,-27.6311689949148,49.0175700929005,standard,10-30 cm,9.4-27.6 cm
OregonState,mean,SHM,WoNT2-3,WoNT2-3-3,3,esm1,-27.7,-47.1,32.6959919999999,standard,30-50 cm,27.7-47.1 cm
OregonState,mean,SHM,WoNT2-3,WoNT2-3-3,3,esm2,-27.6311689949148,-46.8849270912997,36.9740293260241,standard,30-50 cm,27.6-46.9 cm
OregonState,mean,SHM,WoNT2-3,WoNT2-3-4,4,esm1,-47.1,-72,26.3743680000002,standard,50-75 cm,47.1-72 cm
OregonState,mean,SHM,WoNT2-3,WoNT2-3-4,4,esm2,-46.8849270912997,-71.9499234256728,22.1469398146553,standard,50-75 cm,46.9-71.9 cm
OregonState,mean,SHM,WoNT2-3,WoNT2-3-5,5,esm1,-72,-98.7,12.2706119999977,standard,75-100 cm,72-98.7 cm
OregonState,mean,SHM,WoNT2-3,WoNT2-3-5,5,esm2,-71.9499234256728,-98.7544035865439,12.0019048160901,standard,75-100 cm,71.9-98.8 cm
OregonState,mean,SHM,WoNT3-1,WoNT3-1-1,1,esm1,0,-9.7,32.1993299999999,standard,0-10 cm,0-9.7 cm
OregonState,mean,SHM,WoNT3-1,WoNT3-1-1,1,esm2,0,-9.74682801176395,32.4099245089134,standard,0-10 cm,0-9.7 cm
OregonState,mean,SHM,WoNT3-1,WoNT3-1-2,2,esm1,-9.7,-29.3,31.8202400000004,standard,10-30 cm,9.7-29.3 cm
OregonState,mean,SHM,WoNT3-1,WoNT3-1-2,2,esm2,-9.74682801176395,-29.6985876495274,39.7260049274075,standard,10-30 cm,9.7-29.7 cm
OregonState,mean,SHM,WoNT3-1,WoNT3-1-3,3,esm1,-29.3,-48.3,13.7313000000006,standard,30-50 cm,29.3-48.3 cm
OregonState,mean,SHM,WoNT3-1,WoNT3-1-3,3,esm2,-29.6985876495274,-48.8007614175175,16.8273539503338,standard,30-50 cm,29.7-48.8 cm
OregonState,mean,SHM,WoNT3-1,WoNT3-1-4,4,esm1,-48.3,-72,16.2888900000007,standard,50-75 cm,48.3-72 cm
OregonState,mean,SHM,WoNT3-1,WoNT3-1-4,4,esm2,-48.8007614175175,-71.9888258175037,4.64263845876168,standard,50-75 cm,48.8-72 cm
OregonState,mean,SHM,WoNT3-1,WoNT3-1-5,5,esm1,-72,-96.7,7.48780500000041,standard,75-100 cm,72-96.7 cm
OregonState,mean,SHM,WoNT3-1,WoNT3-1-5,5,esm2,-71.9888258175037,-96.5476336420648,6.7124846617216,standard,75-100 cm,72-96.5 cm
OregonState,mean,SHM,WoNT3-2,WoNT3-2-1,1,esm1,0,-9.7,30.293016,standard,0-10 cm,0-9.7 cm
OregonState,mean,SHM,WoNT3-2,WoNT3-2-1,1,esm2,0,-9.74682801176395,30.4751109178982,standard,0-10 cm,0-9.7 cm
OregonState,mean,SHM,WoNT3-2,WoNT3-2-2,2,esm1,-9.7,-29.3,33.697544,standard,10-30 cm,9.7-29.3 cm
OregonState,mean,SHM,WoNT3-2,WoNT3-2-2,2,esm2,-9.74682801176395,-29.6985876495274,41.9163215274829,standard,10-30 cm,9.7-29.7 cm
OregonState,mean,SHM,WoNT3-2,WoNT3-2-3,3,esm1,-29.3,-48.3,16.5053000000009,standard,30-50 cm,29.3-48.3 cm
OregonState,mean,SHM,WoNT3-2,WoNT3-2-3,3,esm2,-29.6985876495274,-48.8007614175175,19.9157008960992,standard,30-50 cm,29.7-48.8 cm
OregonState,mean,SHM,WoNT3-2,WoNT3-2-4,4,esm1,-48.3,-72,19.4881100000009,standard,50-75 cm,48.3-72 cm
OregonState,mean,SHM,WoNT3-2,WoNT3-2-4,4,esm2,-48.8007614175175,-71.9888258175037,7.38372261006431,standard,50-75 cm,48.8-72 cm
OregonState,mean,SHM,WoNT3-2,WoNT3-2-5,5,esm1,-72,-96.7,7.87090199999845,standard,75-100 cm,72-96.7 cm
OregonState,mean,SHM,WoNT3-2,WoNT3-2-5,5,esm2,-71.9888258175037,-96.5476336420648,7.23130019064835,standard,75-100 cm,72-96.5 cm
OregonState,mean,SHM,WoNT3-3,WoNT3-3-1,1,esm1,0,-9.7,27.806792,standard,0-10 cm,0-9.7 cm
OregonState,mean,SHM,WoNT3-3,WoNT3-3-1,1,esm2,0,-9.74682801176395,27.9955298613597,standard,0-10 cm,0-9.7 cm
OregonState,mean,SHM,WoNT3-3,WoNT3-3-2,2,esm1,-9.7,-29.3,30.7386460000002,standard,10-30 cm,9.7-29.3 cm
OregonState,mean,SHM,WoNT3-3,WoNT3-3-2,2,esm2,-9.74682801176395,-29.6985876495274,35.6479288742784,standard,10-30 cm,9.7-29.7 cm
OregonState,mean,SHM,WoNT3-3,WoNT3-3-3,3,esm1,-29.3,-48.3,18.6135399999999,standard,30-50 cm,29.3-48.3 cm
OregonState,mean,SHM,WoNT3-3,WoNT3-3-3,3,esm2,-29.6985876495274,-48.8007614175175,21.4597950983492,standard,30-50 cm,29.7-48.8 cm
OregonState,mean,SHM,WoNT3-3,WoNT3-3-4,4,esm1,-48.3,-72,21.910042,standard,50-75 cm,48.3-72 cm
OregonState,mean,SHM,WoNT3-3,WoNT3-3-4,4,esm2,-48.8007614175175,-71.9888258175037,14.1438626144984,standard,50-75 cm,48.8-72 cm
OregonState,mean,SHM,WoNT3-3,WoNT3-3-5,5,esm1,-72,-96.7,8.04503700000107,standard,75-100 cm,72-96.7 cm
OregonState,mean,SHM,WoNT3-3,WoNT3-3-5,5,esm2,-71.9888258175037,-96.5476336420648,7.85978238268331,standard,75-100 cm,72-96.5 cm
OregonState,min,Ref,JoF1-1,JoF1-1-1,1,esm1,0,-10,26.0474500000001,standard,0-10 cm,0-10 cm
OregonState,min,Ref,JoF1-1,JoF1-1-1,1,esm2,0,-10,26.04745,standard,0-10 cm,0-10 cm
OregonState,min,Ref,JoF1-1,JoF1-1-2,2,esm1,-10,-30,70.9003199999998,standard,10-30 cm,10-30 cm
OregonState,min,Ref,JoF1-1,JoF1-1-2,2,esm2,-10,-30.0058171742941,71.6824359561982,standard,10-30 cm,10-30 cm
OregonState,min,Ref,JoF1-1,JoF1-1-3,3,esm1,-30,-47.9,43.8819680000006,standard,30-50 cm,30-47.9 cm
OregonState,min,Ref,JoF1-1,JoF1-1-3,3,esm2,-30.0058171742941,-48.0701405690481,46.7827489157385,standard,30-50 cm,30-48.1 cm
OregonState,min,Ref,JoF1-1,JoF1-1-4,4,esm1,-47.9,-68.7,18.5935360000008,standard,50-75 cm,47.9-68.7 cm
OregonState,min,Ref,JoF1-1,JoF1-1-4,4,esm2,-48.0701405690481,-68.3992232974005,28.3137173664059,standard,50-75 cm,48.1-68.4 cm
OregonState,min,Ref,JoF1-1,JoF1-1-5,5,esm1,-68.7,-89.1,18.2359680000008,standard,75-100 cm,68.7-89.1 cm
OregonState,min,Ref,JoF1-1,JoF1-1-5,5,esm2,-68.3992232974005,-88.3665573610254,10.831277042997,standard,75-100 cm,68.4-88.4 cm
OregonState,min,Ref,JoF1-2,JoF1-2-1,1,esm1,0,-10,23.00565,standard,0-10 cm,0-10 cm
OregonState,min,Ref,JoF1-2,JoF1-2-1,1,esm2,0,-10,23.00565,standard,0-10 cm,0-10 cm
OregonState,min,Ref,JoF1-2,JoF1-2-2,2,esm1,-10,-30,83.9009599999997,standard,10-30 cm,10-30 cm
OregonState,min,Ref,JoF1-2,JoF1-2-2,2,esm2,-10,-30.0058171742941,84.8263670059645,standard,10-30 cm,10-30 cm
OregonState,min,Ref,JoF1-2,JoF1-2-3,3,esm1,-30,-47.9,54.231980000001,standard,30-50 cm,30-47.9 cm
OregonState,min,Ref,JoF1-2,JoF1-2-3,3,esm2,-30.0058171742941,-48.0701405690481,58.2113528630796,standard,30-50 cm,30-48.1 cm
OregonState,min,Ref,JoF1-2,JoF1-2-4,4,esm1,-47.9,-68.7,22.0105599999988,standard,50-75 cm,47.9-68.7 cm
OregonState,min,Ref,JoF1-2,JoF1-2-4,4,esm2,-48.0701405690481,-68.3992232974005,36.9463629615774,standard,50-75 cm,48.1-68.4 cm
OregonState,min,Ref,JoF1-2,JoF1-2-5,5,esm1,-68.7,-89.1,21.5872799999988,standard,75-100 cm,68.7-89.1 cm
OregonState,min,Ref,JoF1-2,JoF1-2-5,5,esm2,-68.3992232974005,-88.3665573610254,12.2595813407602,standard,75-100 cm,68.4-88.4 cm
OregonState,min,Ref,JoF1-3,JoF1-3-1,1,esm1,0,-10,30.46125,standard,0-10 cm,0-10 cm
OregonState,min,Ref,JoF1-3,JoF1-3-1,1,esm2,0,-10,30.46125,standard,0-10 cm,0-10 cm
OregonState,min,Ref,JoF1-3,JoF1-3-2,2,esm1,-10,-30,101.244720000001,standard,10-30 cm,10-30 cm
OregonState,min,Ref,JoF1-3,JoF1-3-2,2,esm2,-10,-30.0058171742941,102.710181891125,standard,10-30 cm,10-30 cm
OregonState,min,Ref,JoF1-3,JoF1-3-3,3,esm1,-30,-47.9,59.4522800000001,standard,30-50 cm,30-47.9 cm
OregonState,min,Ref,JoF1-3,JoF1-3-3,3,esm2,-30.0058171742941,-48.0701405690481,60.8279874572307,standard,30-50 cm,30-48.1 cm
OregonState,min,Ref,JoF1-3,JoF1-3-4,4,esm1,-47.9,-68.7,33.5545599999978,standard,50-75 cm,47.9-68.7 cm
OregonState,min,Ref,JoF1-3,JoF1-3-4,4,esm2,-48.0701405690481,-68.3992232974005,34.4258933167354,standard,50-75 cm,48.1-68.4 cm
OregonState,min,Ref,JoF1-3,JoF1-3-5,5,esm1,-68.7,-89.1,32.9092799999978,standard,75-100 cm,68.7-89.1 cm
OregonState,min,Ref,JoF1-3,JoF1-3-5,5,esm2,-68.3992232974005,-88.3665573610254,25.5043222500146,standard,75-100 cm,68.4-88.4 cm
OregonState,min,Ref,JoF2-1,JoF2-1-1,1,esm1,0,-7.7,27.34991,standard,0-10 cm,0-7.7 cm
OregonState,min,Ref,JoF2-1,JoF2-1-1,1,esm2,0,-7.91385884610443,28.1493262284838,standard,0-10 cm,0-7.9 cm
OregonState,min,Ref,JoF2-1,JoF2-1-2,2,esm1,-7.7,-26.5,55.7890199999998,standard,10-30 cm,7.7-26.5 cm
OregonState,min,Ref,JoF2-1,JoF2-1-2,2,esm2,-7.91385884610443,-26.6592430112376,56.7920698126085,standard,10-30 cm,7.9-26.7 cm
OregonState,min,Ref,JoF2-1,JoF2-1-3,3,esm1,-26.5,-44.3,40.2383359999995,standard,30-50 cm,26.5-44.3 cm
OregonState,min,Ref,JoF2-1,JoF2-1-3,3,esm2,-26.6592430112376,-44.6198324797721,40.8368579297823,standard,30-50 cm,26.7-44.6 cm
OregonState,min,Ref,JoF2-1,JoF2-1-4,4,esm1,-44.3,-67,35.810324,standard,50-75 cm,44.3-67 cm
OregonState,min,Ref,JoF2-1,JoF2-1-4,4,esm2,-44.6198324797721,-65.7108567582316,34.9785298669047,standard,50-75 cm,44.6-65.7 cm
OregonState,min,Ref,JoF2-1,JoF2-1-5,5,esm1,-67,-90,29.9956799999993,standard,75-100 cm,67-90 cm
OregonState,min,Ref,JoF2-1,JoF2-1-5,5,esm2,-65.7108567582316,-88.5932238781792,28.0687474308375,standard,75-100 cm,65.7-88.6 cm
OregonState,min,Ref,JoF2-2,JoF2-2-1,1,esm1,0,-7.7,30.960566,standard,0-10 cm,0-7.7 cm
OregonState,min,Ref,JoF2-2,JoF2-2-1,1,esm2,0,-7.91385884610443,31.3689312286432,standard,0-10 cm,0-7.9 cm
OregonState,min,Ref,JoF2-2,JoF2-2-2,2,esm1,-7.7,-26.5,85.7239039999993,standard,10-30 cm,7.7-26.5 cm
OregonState,min,Ref,JoF2-2,JoF2-2-2,2,esm2,-7.91385884610443,-26.6592430112376,88.0716887238783,standard,10-30 cm,7.9-26.7 cm
OregonState,min,Ref,JoF2-2,JoF2-2-3,3,esm1,-26.5,-44.3,52.2184079999996,standard,30-50 cm,26.5-44.3 cm
OregonState,min,Ref,JoF2-2,JoF2-2-3,3,esm2,-26.6592430112376,-44.6198324797721,55.4152625782111,standard,30-50 cm,26.7-44.6 cm
OregonState,min,Ref,JoF2-2,JoF2-2-4,4,esm1,-44.3,-67,46.4383920000012,standard,50-75 cm,44.3-67 cm
OregonState,min,Ref,JoF2-2,JoF2-2-4,4,esm2,-44.6198324797721,-65.7108567582316,33.1109023189617,standard,50-75 cm,44.6-65.7 cm
OregonState,min,Ref,JoF2-2,JoF2-2-5,5,esm1,-67,-90,41.2288800000021,standard,75-100 cm,67-90 cm
OregonState,min,Ref,JoF2-2,JoF2-2-5,5,esm2,-65.7108567582316,-88.5932238781792,38.2241486473387,standard,75-100 cm,65.7-88.6 cm
OregonState,min,Ref,JoF2-3,JoF2-3-1,1,esm1,0,-7.7,31.648022,standard,0-10 cm,0-7.7 cm
OregonState,min,Ref,JoF2-3,JoF2-3-1,1,esm2,0,-7.91385884610443,32.0365063660353,standard,0-10 cm,0-7.9 cm
OregonState,min,Ref,JoF2-3,JoF2-3-2,2,esm1,-7.7,-26.5,78.3959679999997,standard,10-30 cm,7.7-26.5 cm
OregonState,min,Ref,JoF2-3,JoF2-3-2,2,esm2,-7.91385884610443,-26.6592430112376,81.2119168124783,standard,10-30 cm,7.9-26.7 cm
OregonState,min,Ref,JoF2-3,JoF2-3-3,3,esm1,-26.5,-44.3,51.8298840000012,standard,30-50 cm,26.5-44.3 cm
OregonState,min,Ref,JoF2-3,JoF2-3-3,3,esm2,-26.6592430112376,-44.6198324797721,52.2968619462089,standard,30-50 cm,26.7-44.6 cm
OregonState,min,Ref,JoF2-3,JoF2-3-4,4,esm1,-44.3,-67,47.0610360000007,standard,50-75 cm,44.3-67 cm
OregonState,min,Ref,JoF2-3,JoF2-3-4,4,esm2,-44.6198324797721,-65.7108567582316,41.5181876290041,standard,50-75 cm,44.6-65.7 cm
OregonState,min,Ref,JoF2-3,JoF2-3-5,5,esm1,-67,-90,41.0770799999997,standard,75-100 cm,67-90 cm
OregonState,min,Ref,JoF2-3,JoF2-3-5,5,esm2,-65.7108567582316,-88.5932238781792,38.2594047410015,standard,75-100 cm,65.7-88.6 cm
OregonState,min,Ref,JoF3-1,JoF3-1-1,1,esm1,0,-10,30.7872,standard,0-10 cm,0-10 cm
OregonState,min,Ref,JoF3-1,JoF3-1-1,1,esm2,0,-10,30.7872,standard,0-10 cm,0-10 cm
OregonState,min,Ref,JoF3-1,JoF3-1-2,2,esm1,-10,-27.5,63.1450749999998,standard,10-30 cm,10-27.5 cm
OregonState,min,Ref,JoF3-1,JoF3-1-2,2,esm2,-10,-31.0593723408216,73.9829911228512,standard,10-30 cm,10-31.1 cm
OregonState,min,Ref,JoF3-1,JoF3-1-3,3,esm1,-27.5,-46.3,61.3521109999996,standard,30-50 cm,27.5-46.3 cm
OregonState,min,Ref,JoF3-1,JoF3-1-3,3,esm2,-31.0593723408216,-45.9044522374396,52.3115538565684,standard,30-50 cm,31.1-45.9 cm
OregonState,min,Ref,JoF3-1,JoF3-1-4,4,esm1,-46.3,-69.7,33.8538720000015,standard,50-75 cm,46.3-69.7 cm
OregonState,min,Ref,JoF3-1,JoF3-1-4,4,esm2,-45.9044522374396,-70.5405406098342,34.3648816624082,standard,50-75 cm,45.9-70.5 cm
OregonState,min,Ref,JoF3-1,JoF3-1-5,5,esm1,-69.7,-90.7,13.9406399999999,standard,75-100 cm,69.7-90.7 cm
OregonState,min,Ref,JoF3-1,JoF3-1-5,5,esm2,-70.5405406098342,-92.2375432521513,14.2807891575423,standard,75-100 cm,70.5-92.2 cm
OregonState,min,Ref,JoF3-2,JoF3-2-1,1,esm1,0,-10,37.1835,standard,0-10 cm,0-10 cm
OregonState,min,Ref,JoF3-2,JoF3-2-1,1,esm2,0,-10,37.1835,standard,0-10 cm,0-10 cm
OregonState,min,Ref,JoF3-2,JoF3-2-2,2,esm1,-10,-27.5,109.229574999999,standard,10-30 cm,10-27.5 cm
OregonState,min,Ref,JoF3-2,JoF3-2-2,2,esm2,-10,-31.0593723408216,121.712046199748,standard,10-30 cm,10-31.1 cm
OregonState,min,Ref,JoF3-2,JoF3-2-3,3,esm1,-27.5,-46.3,103.838290999999,standard,30-50 cm,27.5-46.3 cm
OregonState,min,Ref,JoF3-2,JoF3-2-3,3,esm2,-31.0593723408216,-45.9044522374396,96.1140622203546,standard,30-50 cm,31.1-45.9 cm
OregonState,min,Ref,JoF3-2,JoF3-2-4,4,esm1,-46.3,-69.7,44.2764160000039,standard,50-75 cm,46.3-69.7 cm
OregonState,min,Ref,JoF3-2,JoF3-2-4,4,esm2,-45.9044522374396,-70.5405406098342,40.1694334891984,standard,50-75 cm,45.9-70.5 cm
OregonState,min,Ref,JoF3-2,JoF3-2-5,5,esm1,-69.7,-90.7,18.2649599999985,standard,75-100 cm,69.7-90.7 cm
OregonState,min,Ref,JoF3-2,JoF3-2-5,5,esm2,-70.5405406098342,-92.2375432521513,15.2293980629404,standard,75-100 cm,70.5-92.2 cm
OregonState,min,Ref,JoF3-3,JoF3-3-1,1,esm1,0,-10,39.9159,standard,0-10 cm,0-10 cm
OregonState,min,Ref,JoF3-3,JoF3-3-1,1,esm2,0,-10,39.9159,standard,0-10 cm,0-10 cm
OregonState,min,Ref,JoF3-3,JoF3-3-2,2,esm1,-10,-27.5,83.2779500000004,standard,10-30 cm,10-27.5 cm
OregonState,min,Ref,JoF3-3,JoF3-3-2,2,esm2,-10,-31.0593723408216,101.380489129836,standard,10-30 cm,10-31.1 cm
OregonState,min,Ref,JoF3-3,JoF3-3-3,3,esm1,-27.5,-46.3,80.7427420000003,standard,30-50 cm,27.5-46.3 cm
OregonState,min,Ref,JoF3-3,JoF3-3-3,3,esm2,-31.0593723408216,-45.9044522374396,64.6630455482054,standard,30-50 cm,31.1-45.9 cm
OregonState,min,Ref,JoF3-3,JoF3-3-4,4,esm1,-46.3,-69.7,43.0787999999978,standard,50-75 cm,46.3-69.7 cm
OregonState,min,Ref,JoF3-3,JoF3-3-4,4,esm2,-45.9044522374396,-70.5405406098342,44.5673199732942,standard,50-75 cm,45.9-70.5 cm
OregonState,min,Ref,JoF3-3,JoF3-3-5,5,esm1,-69.7,-90.7,15.6945599999978,standard,75-100 cm,69.7-90.7 cm
OregonState,min,Ref,JoF3-3,JoF3-3-5,5,esm2,-70.5405406098342,-92.2375432521513,16.4588022946477,standard,75-100 cm,70.5-92.2 cm
OregonState,min,SHM,JoV1-1,JoV1-1-1,1,esm1,0,-5,23.0434,standard,0-10 cm,0-5 cm
OregonState,min,SHM,JoV1-1,JoV1-1-1,1,esm2,0,-5.03674413291415,23.1860299995072,standard,0-10 cm,0-5 cm
OregonState,min,SHM,JoV1-1,JoV1-1-2,2,esm1,-5,-21.4,51.0132799999997,standard,10-30 cm,5-21.4 cm
OregonState,min,SHM,JoV1-1,JoV1-1-2,2,esm2,-5.03674413291415,-21.4405951797305,51.1786818173953,standard,10-30 cm,5-21.4 cm
OregonState,min,SHM,JoV1-1,JoV1-1-3,3,esm1,-21.4,-38.5,36.4734450000004,standard,30-50 cm,21.4-38.5 cm
OregonState,min,SHM,JoV1-1,JoV1-1-3,3,esm2,-21.4405951797305,-38.4601730382571,36.8955751105384,standard,30-50 cm,21.4-38.5 cm
OregonState,min,SHM,JoV1-1,JoV1-1-4,4,esm1,-38.5,-60.4,41.3023730000004,standard,50-75 cm,38.5-60.4 cm
OregonState,min,SHM,JoV1-1,JoV1-1-4,4,esm2,-38.4601730382571,-60.445650560711,41.3671735411885,standard,50-75 cm,38.5-60.4 cm
OregonState,min,SHM,JoV1-1,JoV1-1-5,5,esm1,-60.4,-82,30.0089520000006,standard,75-100 cm,60.4-82 cm
OregonState,min,SHM,JoV1-1,JoV1-1-5,5,esm2,-60.445650560711,-82.2815543076177,33.7878191877248,standard,75-100 cm,60.4-82.3 cm
OregonState,min,SHM,JoV1-2,JoV1-2-1,1,esm1,0,-5,27.1123,standard,0-10 cm,0-5 cm
OregonState,min,SHM,JoV1-2,JoV1-2-1,1,esm2,0,-5.03674413291415,27.2808666658989,standard,0-10 cm,0-5 cm
OregonState,min,SHM,JoV1-2,JoV1-2-2,2,esm1,-5,-21.4,54.5271799999997,standard,10-30 cm,5-21.4 cm
OregonState,min,SHM,JoV1-2,JoV1-2-2,2,esm2,-5.03674413291415,-21.4405951797305,54.5574708028419,standard,10-30 cm,5-21.4 cm
OregonState,min,SHM,JoV1-2,JoV1-2-3,3,esm1,-21.4,-38.5,44.0359199999999,standard,30-50 cm,21.4-38.5 cm
OregonState,min,SHM,JoV1-2,JoV1-2-3,3,esm2,-21.4405951797305,-38.4601730382571,45.0363367029246,standard,30-50 cm,21.4-38.5 cm
OregonState,min,SHM,JoV1-2,JoV1-2-4,4,esm1,-38.5,-60.4,36.5585519999978,standard,50-75 cm,38.5-60.4 cm
OregonState,min,SHM,JoV1-2,JoV1-2-4,4,esm2,-38.4601730382571,-60.445650560711,37.3617371146178,standard,50-75 cm,38.5-60.4 cm
OregonState,min,SHM,JoV1-2,JoV1-2-5,5,esm1,-60.4,-82,29.1268979999991,standard,75-100 cm,60.4-82 cm
OregonState,min,SHM,JoV1-2,JoV1-2-5,5,esm2,-60.445650560711,-82.2815543076177,25.5019692543243,standard,75-100 cm,60.4-82.3 cm
OregonState,min,SHM,JoV1-3,JoV1-3-1,1,esm1,0,-5,14.43295,standard,0-10 cm,0-5 cm
OregonState,min,SHM,JoV1-3,JoV1-3-1,1,esm2,0,-5.03674413291415,14.5583555661508,standard,0-10 cm,0-5 cm
OregonState,min,SHM,JoV1-3,JoV1-3-2,2,esm1,-5,-21.4,53.0014,standard,10-30 cm,5-21.4 cm
OregonState,min,SHM,JoV1-3,JoV1-3-2,2,esm2,-5.03674413291415,-21.4405951797305,53.11765893984,standard,10-30 cm,5-21.4 cm
OregonState,min,SHM,JoV1-3,JoV1-3-3,3,esm1,-21.4,-38.5,42.89535,standard,30-50 cm,21.4-38.5 cm
OregonState,min,SHM,JoV1-3,JoV1-3-3,3,esm2,-21.4405951797305,-38.4601730382571,44.0147040562223,standard,30-50 cm,21.4-38.5 cm
OregonState,min,SHM,JoV1-3,JoV1-3-4,4,esm1,-38.5,-60.4,36.9900779999984,standard,50-75 cm,38.5-60.4 cm
OregonState,min,SHM,JoV1-3,JoV1-3-4,4,esm2,-38.4601730382571,-60.445650560711,36.4765233235126,standard,50-75 cm,38.5-60.4 cm
OregonState,min,SHM,JoV1-3,JoV1-3-5,5,esm1,-60.4,-82,45.6297719999992,standard,75-100 cm,60.4-82 cm
OregonState,min,SHM,JoV1-3,JoV1-3-5,5,esm2,-60.445650560711,-82.2815543076177,36.0910608899094,standard,75-100 cm,60.4-82.3 cm
OregonState,min,SHM,JoV2-1,JoV2-1-1,1,esm1,0,-7.6,20.495696,standard,0-10 cm,0-7.6 cm
OregonState,min,SHM,JoV2-1,JoV2-1-1,1,esm2,0,-8.05048800148171,21.4471105043225,standard,0-10 cm,0-8.1 cm
OregonState,min,SHM,JoV2-1,JoV2-1-2,2,esm1,-7.6,-24.7,37.9076040000001,standard,10-30 cm,7.6-24.7 cm
OregonState,min,SHM,JoV2-1,JoV2-1-2,2,esm2,-8.05048800148171,-24.7380377065524,37.1860021173754,standard,10-30 cm,8.1-24.7 cm
OregonState,min,SHM,JoV2-1,JoV2-1-3,3,esm1,-24.7,-40.2,16.9109000000006,standard,30-50 cm,24.7-40.2 cm
OregonState,min,SHM,JoV2-1,JoV2-1-3,3,esm2,-24.7380377065524,-40.9617678123042,19.4570607442243,standard,30-50 cm,24.7-41 cm
OregonState,min,SHM,JoV2-1,JoV2-1-4,4,esm1,-40.2,-59.4,16.4660800000011,standard,50-75 cm,40.2-59.4 cm
OregonState,min,SHM,JoV2-1,JoV2-1-4,4,esm2,-40.9617678123042,-58.6893764452341,13.7300663880122,standard,50-75 cm,41-58.7 cm
OregonState,min,SHM,JoV2-1,JoV2-1-5,5,esm1,-59.4,-78.1,12.644940000001,standard,75-100 cm,59.4-78.1 cm
OregonState,min,SHM,JoV2-1,JoV2-1-5,5,esm2,-58.6893764452341,-77.5803298696065,12.5146902235431,standard,75-100 cm,58.7-77.6 cm
OregonState,min,SHM,JoV2-2,JoV2-2-1,1,esm1,0,-7.6,15.189756,standard,0-10 cm,0-7.6 cm
OregonState,min,SHM,JoV2-2,JoV2-2-1,1,esm2,0,-8.05048800148171,15.4363354734737,standard,0-10 cm,0-8.1 cm
OregonState,min,SHM,JoV2-2,JoV2-2-2,2,esm1,-7.6,-24.7,33.2647049999997,standard,10-30 cm,7.6-24.7 cm
OregonState,min,SHM,JoV2-2,JoV2-2-2,2,esm2,-8.05048800148171,-24.7380377065524,33.2386840363049,standard,10-30 cm,8.1-24.7 cm
OregonState,min,SHM,JoV2-2,JoV2-2-3,3,esm1,-24.7,-40.2,19.0414090000001,standard,30-50 cm,24.7-40.2 cm
OregonState,min,SHM,JoV2-2,JoV2-2-3,3,esm2,-24.7380377065524,-40.9617678123042,19.8167686227541,standard,30-50 cm,24.7-41 cm
OregonState,min,SHM,JoV2-2,JoV2-2-4,4,esm1,-40.2,-59.4,21.4310399999988,standard,50-75 cm,40.2-59.4 cm
OregonState,min,SHM,JoV2-2,JoV2-2-4,4,esm2,-40.9617678123042,-58.6893764452341,20.7235266246345,standard,50-75 cm,41-58.7 cm
OregonState,min,SHM,JoV2-2,JoV2-2-5,5,esm1,-59.4,-78.1,19.2684799999987,standard,75-100 cm,59.4-78.1 cm
OregonState,min,SHM,JoV2-2,JoV2-2-5,5,esm2,-58.6893764452341,-77.5803298696065,19.1354427254461,standard,75-100 cm,58.7-77.6 cm
OregonState,min,SHM,JoV3-1,JoV3-1-1,1,esm1,0,-6,27.6995,standard,0-10 cm,0-6 cm
OregonState,min,SHM,JoV3-1,JoV3-1-1,1,esm2,0,-6.10426843405451,28.490764100859,standard,0-10 cm,0-6.1 cm
OregonState,min,SHM,JoV3-1,JoV3-1-2,2,esm1,-6,-23.6,48.4500160000001,standard,10-30 cm,6-23.6 cm
OregonState,min,SHM,JoV3-1,JoV3-1-2,2,esm2,-6.10426843405451,-23.5898950792011,56.3196961202038,standard,10-30 cm,6.1-23.6 cm
OregonState,min,SHM,JoV3-1,JoV3-1-3,3,esm1,-23.6,-42.1,45.46486,standard,30-50 cm,23.6-42.1 cm
OregonState,min,SHM,JoV3-1,JoV3-1-3,3,esm2,-23.5898950792011,-41.8130592399342,43.8604960809206,standard,30-50 cm,23.6-41.8 cm
OregonState,min,SHM,JoV3-1,JoV3-1-4,4,esm1,-42.1,-65.7,50.0195839999999,standard,50-75 cm,42.1-65.7 cm
OregonState,min,SHM,JoV3-1,JoV3-1-4,4,esm2,-41.8130592399342,-65.7785959898651,43.693113214084,standard,50-75 cm,41.8-65.8 cm
OregonState,min,SHM,JoV3-1,JoV3-1-5,5,esm1,-65.7,-88.2,31.6215399999986,standard,75-100 cm,65.7-88.2 cm
OregonState,min,SHM,JoV3-1,JoV3-1-5,5,esm2,-65.7785959898651,-89.0565478788,33.4689229447683,standard,75-100 cm,65.8-89.1 cm
OregonState,min,SHM,JoV3-2,JoV3-2-1,1,esm1,0,-6,24.71898,standard,0-10 cm,0-6 cm
OregonState,min,SHM,JoV3-2,JoV3-2-1,1,esm2,0,-6.10426843405451,25.4119174339851,standard,0-10 cm,0-6.1 cm
OregonState,min,SHM,JoV3-2,JoV3-2-2,2,esm1,-6,-23.6,47.778704,standard,10-30 cm,6-23.6 cm
OregonState,min,SHM,JoV3-2,JoV3-2-2,2,esm2,-6.10426843405451,-23.5898950792011,53.4551928352201,standard,10-30 cm,6.1-23.6 cm
OregonState,min,SHM,JoV3-2,JoV3-2-3,3,esm1,-23.6,-42.1,46.87789,standard,30-50 cm,23.6-42.1 cm
OregonState,min,SHM,JoV3-2,JoV3-2-3,3,esm2,-23.5898950792011,-41.8130592399342,47.6660704354523,standard,30-50 cm,23.6-41.8 cm
OregonState,min,SHM,JoV3-2,JoV3-2-4,4,esm1,-42.1,-65.7,48.7290159999989,standard,50-75 cm,42.1-65.7 cm
OregonState,min,SHM,JoV3-2,JoV3-2-4,4,esm2,-41.8130592399342,-65.7785959898651,42.5105961566452,standard,50-75 cm,41.8-65.8 cm
OregonState,min,SHM,JoV3-2,JoV3-2-5,5,esm1,-65.7,-88.2,32.0341500000021,standard,75-100 cm,65.7-88.2 cm
OregonState,min,SHM,JoV3-2,JoV3-2-5,5,esm2,-65.7785959898651,-89.0565478788,30.4982668559256,standard,75-100 cm,65.8-89.1 cm
OregonState,min,SHM,JoV3-3,JoV3-3-1,1,esm1,0,-6,27.58302,standard,0-10 cm,0-6 cm
OregonState,min,SHM,JoV3-3,JoV3-3-1,1,esm2,0,-6.10426843405451,28.3882080127018,standard,0-10 cm,0-6.1 cm
OregonState,min,SHM,JoV3-3,JoV3-3-2,2,esm1,-6,-23.6,50.1163039999999,standard,10-30 cm,6-23.6 cm
OregonState,min,SHM,JoV3-3,JoV3-3-2,2,esm2,-6.10426843405451,-23.5898950792011,56.6904463242136,standard,10-30 cm,6.1-23.6 cm
OregonState,min,SHM,JoV3-3,JoV3-3-3,3,esm1,-23.6,-42.1,48.3652899999989,standard,30-50 cm,23.6-42.1 cm
OregonState,min,SHM,JoV3-3,JoV3-3-3,3,esm2,-23.5898950792011,-41.8130592399342,48.4038835331375,standard,30-50 cm,23.6-41.8 cm
OregonState,min,SHM,JoV3-3,JoV3-3-4,4,esm1,-42.1,-65.7,51.0105760000015,standard,50-75 cm,42.1-65.7 cm
OregonState,min,SHM,JoV3-3,JoV3-3-4,4,esm2,-41.8130592399342,-65.7785959898651,44.6230206915438,standard,50-75 cm,41.8-65.8 cm
OregonState,min,SHM,JoV3-3,JoV3-3-5,5,esm1,-65.7,-88.2,30.4855100000016,standard,75-100 cm,65.7-88.2 cm
OregonState,min,SHM,JoV3-3,JoV3-3-5,5,esm2,-65.7785959898651,-89.0565478788,30.760071864487,standard,75-100 cm,65.8-89.1 cm
OregonState,min,BAU,JoXT1-1,JoXT1-1-1,1,esm1,0,-4.9,20.62116,standard,0-10 cm,0-4.9 cm
OregonState,min,BAU,JoXT1-1,JoXT1-1-1,1,esm2,0,-4.92214207864269,20.7331497472394,standard,0-10 cm,0-4.9 cm
OregonState,min,BAU,JoXT1-1,JoXT1-1-2,2,esm1,-4.9,-24.4,65.9863739999997,standard,10-30 cm,4.9-24.4 cm
OregonState,min,BAU,JoXT1-1,JoXT1-1-2,2,esm2,-4.92214207864269,-24.4086914483285,66.1392439128038,standard,10-30 cm,4.9-24.4 cm
OregonState,min,BAU,JoXT1-1,JoXT1-1-3,3,esm1,-24.4,-44.7,41.2054549999993,standard,30-50 cm,24.4-44.7 cm
OregonState,min,BAU,JoXT1-1,JoXT1-1-3,3,esm2,-24.4086914483285,-45.0691722049247,45.6651855526678,standard,30-50 cm,24.4-45.1 cm
OregonState,min,BAU,JoXT1-1,JoXT1-1-4,4,esm1,-44.7,-68.9,27.9986740000028,standard,50-75 cm,44.7-68.9 cm
OregonState,min,BAU,JoXT1-1,JoXT1-1-4,4,esm2,-45.0691722049247,-68.9779294840328,23.3767877954499,standard,50-75 cm,45.1-69 cm
OregonState,min,BAU,JoXT1-1,JoXT1-1-5,5,esm1,-68.9,-88.6,16.7168969999996,standard,75-100 cm,68.9-88.6 cm
OregonState,min,BAU,JoXT1-1,JoXT1-1-5,5,esm2,-68.9779294840328,-89.676971796126,12.7796096285593,standard,75-100 cm,69-89.7 cm
OregonState,min,BAU,JoXT1-2,JoXT1-2-1,1,esm1,0,-4.9,23.65328,standard,0-10 cm,0-4.9 cm
OregonState,min,BAU,JoXT1-2,JoXT1-2-1,1,esm2,0,-4.92214207864269,23.7796706910608,standard,0-10 cm,0-4.9 cm
OregonState,min,BAU,JoXT1-2,JoXT1-2-2,2,esm1,-4.9,-24.4,76.6051160000002,standard,10-30 cm,4.9-24.4 cm
OregonState,min,BAU,JoXT1-2,JoXT1-2-2,2,esm2,-4.92214207864269,-24.4086914483285,76.7758411119265,standard,10-30 cm,4.9-24.4 cm
OregonState,min,BAU,JoXT1-2,JoXT1-2-3,3,esm1,-24.4,-44.7,52.8848219999991,standard,30-50 cm,24.4-44.7 cm
OregonState,min,BAU,JoXT1-2,JoXT1-2-3,3,esm2,-24.4086914483285,-45.0691722049247,56.8215961671594,standard,30-50 cm,24.4-45.1 cm
OregonState,min,BAU,JoXT1-2,JoXT1-2-4,4,esm1,-44.7,-68.9,45.8551279999983,standard,50-75 cm,44.7-68.9 cm
OregonState,min,BAU,JoXT1-2,JoXT1-2-4,4,esm2,-45.0691722049247,-68.9779294840328,41.7811917968338,standard,50-75 cm,45.1-69 cm
OregonState,min,BAU,JoXT1-2,JoXT1-2-5,5,esm1,-68.9,-88.6,22.0125160000015,standard,75-100 cm,68.9-88.6 cm
OregonState,min,BAU,JoXT1-2,JoXT1-2-5,5,esm2,-68.9779294840328,-89.676971796126,23.420298865223,standard,75-100 cm,69-89.7 cm
OregonState,min,BAU,JoXT1-3,JoXT1-3-1,1,esm1,0,-4.9,24.57938,standard,0-10 cm,0-4.9 cm
OregonState,min,BAU,JoXT1-3,JoXT1-3-1,1,esm2,0,-4.92214207864269,24.7257214685429,standard,0-10 cm,0-4.9 cm
OregonState,min,BAU,JoXT1-3,JoXT1-3-2,2,esm1,-4.9,-24.4,85.0614979999999,standard,10-30 cm,4.9-24.4 cm
OregonState,min,BAU,JoXT1-3,JoXT1-3-2,2,esm2,-4.92214207864269,-24.4086914483285,85.2713952789449,standard,10-30 cm,4.9-24.4 cm
OregonState,min,BAU,JoXT1-3,JoXT1-3-3,3,esm1,-24.4,-44.7,51.6219620000007,standard,30-50 cm,24.4-44.7 cm
OregonState,min,BAU,JoXT1-3,JoXT1-3-3,3,esm2,-24.4086914483285,-45.0691722049247,56.3609868454577,standard,30-50 cm,24.4-45.1 cm
OregonState,min,BAU,JoXT1-3,JoXT1-3-4,4,esm1,-44.7,-68.9,36.5734599999988,standard,50-75 cm,44.7-68.9 cm
OregonState,min,BAU,JoXT1-3,JoXT1-3-4,4,esm2,-45.0691722049247,-68.9779294840328,31.6107189040045,standard,50-75 cm,45.1-69 cm
OregonState,min,BAU,JoXT1-3,JoXT1-3-5,5,esm1,-68.9,-88.6,17.6578499999974,standard,75-100 cm,68.9-88.6 cm
OregonState,min,BAU,JoXT1-3,JoXT1-3-5,5,esm2,-68.9779294840328,-89.676971796126,15.3161676053633,standard,75-100 cm,69-89.7 cm
OregonState,min,BAU,JoXT2-1,JoXT2-1-1,1,esm1,0,-5.3,17.448975,standard,0-10 cm,0-5.3 cm
OregonState,min,BAU,JoXT2-1,JoXT2-1-1,1,esm2,0,-5.3584504742272,17.6459198882794,standard,0-10 cm,0-5.4 cm
OregonState,min,BAU,JoXT2-1,JoXT2-1-2,2,esm1,-5.3,-23.4,57.664289,standard,10-30 cm,5.3-23.4 cm
OregonState,min,BAU,JoXT2-1,JoXT2-1-2,2,esm2,-5.3584504742272,-23.4434270455282,57.6088204329024,standard,10-30 cm,5.4-23.4 cm
OregonState,min,BAU,JoXT2-1,JoXT2-1-3,3,esm1,-23.4,-42,50.8955760000002,standard,30-50 cm,23.4-42 cm
OregonState,min,BAU,JoXT2-1,JoXT2-1-3,3,esm2,-23.4434270455282,-42.1913013762308,55.7872061998958,standard,30-50 cm,23.4-42.2 cm
OregonState,min,BAU,JoXT2-1,JoXT2-1-4,4,esm1,-42,-64.7,53.9493500000012,standard,50-75 cm,42-64.7 cm
OregonState,min,BAU,JoXT2-1,JoXT2-1-4,4,esm2,-42.1913013762308,-64.8479539976504,50.9066462455096,standard,50-75 cm,42.2-64.8 cm
OregonState,min,BAU,JoXT2-1,JoXT2-1-5,5,esm1,-64.7,-86.3,27.7172000000003,standard,75-100 cm,64.7-86.3 cm
OregonState,min,BAU,JoXT2-1,JoXT2-1-5,5,esm2,-64.8479539976504,-86.2874437723525,28.3072714692101,standard,75-100 cm,64.8-86.3 cm
OregonState,min,BAU,JoXT2-2,JoXT2-2-1,1,esm1,0,-5.3,16.139475,standard,0-10 cm,0-5.3 cm
OregonState,min,BAU,JoXT2-2,JoXT2-2-1,1,esm2,0,-5.3584504742272,16.3226698297544,standard,0-10 cm,0-5.4 cm
OregonState,min,BAU,JoXT2-2,JoXT2-2-2,2,esm1,-5.3,-23.4,52.4513010000004,standard,10-30 cm,5.3-23.4 cm
OregonState,min,BAU,JoXT2-2,JoXT2-2-2,2,esm2,-5.3584504742272,-23.4434270455282,52.4393585039225,standard,10-30 cm,5.4-23.4 cm
OregonState,min,BAU,JoXT2-2,JoXT2-2-3,3,esm1,-23.4,-42,44.9754840000003,standard,30-50 cm,23.4-42 cm
OregonState,min,BAU,JoXT2-2,JoXT2-2-3,3,esm2,-23.4434270455282,-42.1913013762308,47.5087188011352,standard,30-50 cm,23.4-42.2 cm
OregonState,min,BAU,JoXT2-2,JoXT2-2-4,4,esm1,-42,-64.7,52.6971899999996,standard,50-75 cm,42-64.7 cm
OregonState,min,BAU,JoXT2-2,JoXT2-2-4,4,esm2,-42.1913013762308,-64.8479539976504,51.1505222862419,standard,50-75 cm,42.2-64.8 cm
OregonState,min,BAU,JoXT2-2,JoXT2-2-5,5,esm1,-64.7,-86.3,33.111400000002,standard,75-100 cm,64.7-86.3 cm
OregonState,min,BAU,JoXT2-2,JoXT2-2-5,5,esm2,-64.8479539976504,-86.2874437723525,37.7056734329189,standard,75-100 cm,64.8-86.3 cm
OregonState,min,BAU,JoXT2-3,JoXT2-3-1,1,esm1,0,-5.3,17.19675,standard,0-10 cm,0-5.3 cm
OregonState,min,BAU,JoXT2-3,JoXT2-3-1,1,esm2,0,-5.3584504742272,17.4037411119521,standard,0-10 cm,0-5.4 cm
OregonState,min,BAU,JoXT2-3,JoXT2-3-2,2,esm1,-5.3,-23.4,51.4263179999999,standard,10-30 cm,5.3-23.4 cm
OregonState,min,BAU,JoXT2-3,JoXT2-3-2,2,esm2,-5.3584504742272,-23.4434270455282,51.471341746856,standard,10-30 cm,5.4-23.4 cm
OregonState,min,BAU,JoXT2-3,JoXT2-3-3,3,esm1,-23.4,-42,36.8078820000004,standard,30-50 cm,23.4-42 cm
OregonState,min,BAU,JoXT2-3,JoXT2-3-3,3,esm2,-23.4434270455282,-42.1913013762308,41.1501299054884,standard,30-50 cm,23.4-42.2 cm
OregonState,min,BAU,JoXT2-3,JoXT2-3-4,4,esm1,-42,-64.7,38.9023599999996,standard,50-75 cm,42-64.7 cm
OregonState,min,BAU,JoXT2-3,JoXT2-3-4,4,esm2,-42.1913013762308,-64.8479539976504,35.4532711270303,standard,50-75 cm,42.2-64.8 cm
OregonState,min,BAU,JoXT2-3,JoXT2-3-5,5,esm1,-64.7,-86.3,22.1806199999987,standard,75-100 cm,64.7-86.3 cm
OregonState,min,BAU,JoXT2-3,JoXT2-3-5,5,esm2,-64.8479539976504,-86.2874437723525,22.2128743380298,standard,75-100 cm,64.8-86.3 cm
OregonState,min,BAU,JoXT3-1,JoXT3-1-1,1,esm1,0,-5.6,18.185634,standard,0-10 cm,0-5.6 cm
OregonState,min,BAU,JoXT3-1,JoXT3-1-1,1,esm2,0,-5.66888016868857,18.3366468181476,standard,0-10 cm,0-5.7 cm
OregonState,min,BAU,JoXT3-1,JoXT3-1-2,2,esm1,-5.6,-22,53.5921159999998,standard,10-30 cm,5.6-22 cm
OregonState,min,BAU,JoXT3-1,JoXT3-1-2,2,esm2,-5.66888016868857,-21.8837821016131,55.804217778542,standard,10-30 cm,5.7-21.9 cm
OregonState,min,BAU,JoXT3-1,JoXT3-1-3,3,esm1,-22,-40.9,38.1574380000006,standard,30-50 cm,22-40.9 cm
OregonState,min,BAU,JoXT3-1,JoXT3-1-3,3,esm2,-21.8837821016131,-40.5384363634371,40.9757953916241,standard,30-50 cm,21.9-40.5 cm
OregonState,min,BAU,JoXT3-1,JoXT3-1-4,4,esm1,-40.9,-65.6,33.5027700000012,standard,50-75 cm,40.9-65.6 cm
OregonState,min,BAU,JoXT3-1,JoXT3-1-4,4,esm2,-40.5384363634371,-65.6275750110173,28.6852047048969,standard,50-75 cm,40.5-65.6 cm
OregonState,min,BAU,JoXT3-1,JoXT3-1-5,5,esm1,-65.6,-90.6,20.9632500000012,standard,75-100 cm,65.6-90.6 cm
OregonState,min,BAU,JoXT3-1,JoXT3-1-5,5,esm2,-65.6275750110173,-90.7495983214399,20.0857668951544,standard,75-100 cm,65.6-90.7 cm
OregonState,min,BAU,JoXT3-2,JoXT3-2-1,1,esm1,0,-5.6,18.57579,standard,0-10 cm,0-5.6 cm
OregonState,min,BAU,JoXT3-2,JoXT3-2-1,1,esm2,0,-5.66888016868857,18.7097599440161,standard,0-10 cm,0-5.7 cm
OregonState,min,BAU,JoXT3-2,JoXT3-2-2,2,esm1,-5.6,-22,55.07806,standard,10-30 cm,5.6-22 cm
OregonState,min,BAU,JoXT3-2,JoXT3-2-2,2,esm2,-5.66888016868857,-21.8837821016131,57.3423535993037,standard,10-30 cm,5.7-21.9 cm
OregonState,min,BAU,JoXT3-2,JoXT3-2-3,3,esm1,-22,-40.9,42.2613060000003,standard,30-50 cm,22-40.9 cm
OregonState,min,BAU,JoXT3-2,JoXT3-2-3,3,esm2,-21.8837821016131,-40.5384363634371,44.7741473148436,standard,30-50 cm,21.9-40.5 cm
OregonState,min,BAU,JoXT3-2,JoXT3-2-4,4,esm1,-40.9,-65.6,36.5689099999981,standard,50-75 cm,40.9-65.6 cm
OregonState,min,BAU,JoXT3-2,JoXT3-2-4,4,esm2,-40.5384363634371,-65.6275750110173,34.7602656307171,standard,50-75 cm,40.5-65.6 cm
OregonState,min,BAU,JoXT3-2,JoXT3-2-5,5,esm1,-65.6,-90.6,8.65149999999915,standard,75-100 cm,65.6-90.6 cm
OregonState,min,BAU,JoXT3-2,JoXT3-2-5,5,esm2,-65.6275750110173,-90.7495983214399,8.62254803977274,standard,75-100 cm,65.6-90.7 cm
OregonState,min,BAU,JoXT3-3,JoXT3-3-1,1,esm1,0,-5.6,18.418074,standard,0-10 cm,0-5.6 cm
OregonState,min,BAU,JoXT3-3,JoXT3-3-1,1,esm2,0,-5.66888016868857,18.5286661642146,standard,0-10 cm,0-5.7 cm
OregonState,min,BAU,JoXT3-3,JoXT3-3-2,2,esm1,-5.6,-22,58.2349159999997,standard,10-30 cm,5.6-22 cm
OregonState,min,BAU,JoXT3-3,JoXT3-3-2,2,esm2,-5.66888016868857,-21.8837821016131,60.2918341453273,standard,10-30 cm,5.7-21.9 cm
OregonState,min,BAU,JoXT3-3,JoXT3-3-3,3,esm1,-22,-40.9,45.2276160000004,standard,30-50 cm,22-40.9 cm
OregonState,min,BAU,JoXT3-3,JoXT3-3-3,3,esm2,-21.8837821016131,-40.5384363634371,48.1102871104789,standard,30-50 cm,21.9-40.5 cm
OregonState,min,BAU,JoXT3-3,JoXT3-3-4,4,esm1,-40.9,-65.6,41.0200000000008,standard,50-75 cm,40.9-65.6 cm
OregonState,min,BAU,JoXT3-3,JoXT3-3-4,4,esm2,-40.5384363634371,-65.6275750110173,38.3414821057338,standard,50-75 cm,40.5-65.6 cm
OregonState,min,BAU,JoXT3-3,JoXT3-3-5,5,esm1,-65.6,-90.6,19.3902500000007,standard,75-100 cm,65.6-90.6 cm
OregonState,min,BAU,JoXT3-3,JoXT3-3-5,5,esm2,-65.6275750110173,-90.7495983214399,20.1815591531977,standard,75-100 cm,65.6-90.7 cm
OregonState,min,BAU,WoCT1-1,WoCT1-1-1,1,esm1,0,-5.3,13.074068,standard,0-10 cm,0-5.3 cm
OregonState,min,BAU,WoCT1-1,WoCT1-1-1,1,esm2,0,-5.39281515864565,13.2964945555471,standard,0-10 cm,0-5.4 cm
OregonState,min,BAU,WoCT1-1,WoCT1-1-2,2,esm1,-5.3,-23.7,36.9543039999998,standard,10-30 cm,5.3-23.7 cm
OregonState,min,BAU,WoCT1-1,WoCT1-1-2,2,esm2,-5.39281515864565,-23.7804923757736,39.4188266380581,standard,10-30 cm,5.4-23.8 cm
OregonState,min,BAU,WoCT1-1,WoCT1-1-3,3,esm1,-23.7,-43,20.203908,standard,30-50 cm,23.7-43 cm
OregonState,min,BAU,WoCT1-1,WoCT1-1-3,3,esm2,-23.7804923757736,-43.0385109230911,19.9701880631485,standard,30-50 cm,23.8-43 cm
OregonState,min,BAU,WoCT1-1,WoCT1-1-4,4,esm1,-43,-66.8,13.6927200000006,standard,50-75 cm,43-66.8 cm
OregonState,min,BAU,WoCT1-1,WoCT1-1-4,4,esm2,-43.0385109230911,-66.8603917215923,11.278557843077,standard,50-75 cm,43-66.9 cm
OregonState,min,BAU,WoCT1-1,WoCT1-1-5,5,esm1,-66.8,-90.1,9.34851800000078,standard,75-100 cm,66.8-90.1 cm
OregonState,min,BAU,WoCT1-1,WoCT1-1-5,5,esm2,-66.8603917215923,-90.113355247517,9.31889365656394,standard,75-100 cm,66.9-90.1 cm
OregonState,min,BAU,WoCT1-2,WoCT1-2-1,1,esm1,0,-5.3,13.538597,standard,0-10 cm,0-5.3 cm
OregonState,min,BAU,WoCT1-2,WoCT1-2-1,1,esm2,0,-5.39281515864565,13.8034227863393,standard,0-10 cm,0-5.4 cm
OregonState,min,BAU,WoCT1-2,WoCT1-2-2,2,esm1,-5.3,-23.7,34.6186609999998,standard,10-30 cm,5.3-23.7 cm
OregonState,min,BAU,WoCT1-2,WoCT1-2-2,2,esm2,-5.39281515864565,-23.7804923757736,35.7645310303146,standard,10-30 cm,5.4-23.8 cm
OregonState,min,BAU,WoCT1-2,WoCT1-2-3,3,esm1,-23.7,-43,21.1036319999994,standard,30-50 cm,23.7-43 cm
OregonState,min,BAU,WoCT1-2,WoCT1-2-3,3,esm2,-23.7804923757736,-43.0385109230911,23.3569505722487,standard,30-50 cm,23.8-43 cm
OregonState,min,BAU,WoCT1-2,WoCT1-2-4,4,esm1,-43,-66.8,13.5554999999993,standard,50-75 cm,43-66.8 cm
OregonState,min,BAU,WoCT1-2,WoCT1-2-4,4,esm2,-43.0385109230911,-66.8603917215923,9.83152741053061,standard,50-75 cm,43-66.9 cm
OregonState,min,BAU,WoCT1-2,WoCT1-2-5,5,esm1,-66.8,-90.1,9.41017800000014,standard,75-100 cm,66.8-90.1 cm
OregonState,min,BAU,WoCT1-2,WoCT1-2-5,5,esm2,-66.8603917215923,-90.113355247517,9.48076345192553,standard,75-100 cm,66.9-90.1 cm
OregonState,min,BAU,WoCT1-3,WoCT1-3-1,1,esm1,0,-5.3,12.422711,standard,0-10 cm,0-5.3 cm
OregonState,min,BAU,WoCT1-3,WoCT1-3-1,1,esm2,0,-5.39281515864565,12.6699391374941,standard,0-10 cm,0-5.4 cm
OregonState,min,BAU,WoCT1-3,WoCT1-3-2,2,esm1,-5.3,-23.7,32.4540989999998,standard,10-30 cm,5.3-23.7 cm
OregonState,min,BAU,WoCT1-3,WoCT1-3-2,2,esm2,-5.39281515864565,-23.7804923757736,33.6040689948502,standard,10-30 cm,5.4-23.8 cm
OregonState,min,BAU,WoCT1-3,WoCT1-3-3,3,esm1,-23.7,-43,18.8874000000001,standard,30-50 cm,23.7-43 cm
OregonState,min,BAU,WoCT1-3,WoCT1-3-3,3,esm2,-23.7804923757736,-43.0385109230911,20.7086328398621,standard,30-50 cm,23.8-43 cm
OregonState,min,BAU,WoCT1-3,WoCT1-3-4,4,esm1,-43,-66.8,12.5999999999989,standard,50-75 cm,43-66.8 cm
OregonState,min,BAU,WoCT1-3,WoCT1-3-4,4,esm2,-43.0385109230911,-66.8603917215923,9.36061333333362,standard,50-75 cm,43-66.9 cm
OregonState,min,BAU,WoCT1-3,WoCT1-3-5,5,esm1,-66.8,-90.1,6.61454400000001,standard,75-100 cm,66.8-90.1 cm
OregonState,min,BAU,WoCT1-3,WoCT1-3-5,5,esm2,-66.8603917215923,-90.113355247517,6.63468071190826,standard,75-100 cm,66.9-90.1 cm
OregonState,min,BAU,WoCT2-1,WoCT2-1-1,1,esm1,0,-5.5,12.999215,standard,0-10 cm,0-5.5 cm
OregonState,min,BAU,WoCT2-1,WoCT2-1-1,1,esm2,0,-5.58343142707084,13.1095608463777,standard,0-10 cm,0-5.6 cm
OregonState,min,BAU,WoCT2-1,WoCT2-1-2,2,esm1,-5.5,-21,45.2950650000001,standard,10-30 cm,5.5-21 cm
OregonState,min,BAU,WoCT2-1,WoCT2-1-2,2,esm2,-5.58343142707084,-20.9718519489904,46.0083054064083,standard,10-30 cm,5.6-21 cm
OregonState,min,BAU,WoCT2-1,WoCT2-1-3,3,esm1,-21,-37.8,30.1048400000007,standard,30-50 cm,21-37.8 cm
OregonState,min,BAU,WoCT2-1,WoCT2-1-3,3,esm2,-20.9718519489904,-37.6600614621338,36.5862917649898,standard,30-50 cm,21-37.7 cm
OregonState,min,BAU,WoCT2-1,WoCT2-1-4,4,esm1,-37.8,-59,29.3597800000013,standard,50-75 cm,37.8-59 cm
OregonState,min,BAU,WoCT2-1,WoCT2-1-4,4,esm2,-37.6600614621338,-59.0886535454674,22.2112746772147,standard,50-75 cm,37.7-59.1 cm
OregonState,min,BAU,WoCT2-1,WoCT2-1-5,5,esm1,-59,-79.2,12.0594000000009,standard,75-100 cm,59-79.2 cm
OregonState,min,BAU,WoCT2-1,WoCT2-1-5,5,esm2,-59.0886535454674,-79.8710692461883,11.423430087432,standard,75-100 cm,59.1-79.9 cm
OregonState,min,BAU,WoCT2-2,WoCT2-2-1,1,esm1,0,-5.5,15.293045,standard,0-10 cm,0-5.5 cm
OregonState,min,BAU,WoCT2-2,WoCT2-2-1,1,esm2,0,-5.58343142707084,15.4691053197255,standard,0-10 cm,0-5.6 cm
OregonState,min,BAU,WoCT2-2,WoCT2-2-2,2,esm1,-5.5,-21,49.3191449999997,standard,10-30 cm,5.5-21 cm
OregonState,min,BAU,WoCT2-2,WoCT2-2-2,2,esm2,-5.58343142707084,-20.9718519489904,49.4673950116584,standard,10-30 cm,5.6-21 cm
OregonState,min,BAU,WoCT2-2,WoCT2-2-3,3,esm1,-21,-37.8,41.2104800000008,standard,30-50 cm,21-37.8 cm
OregonState,min,BAU,WoCT2-2,WoCT2-2-3,3,esm2,-20.9718519489904,-37.6600614621338,46.4216444519762,standard,30-50 cm,21-37.7 cm
OregonState,min,BAU,WoCT2-2,WoCT2-2-4,4,esm1,-37.8,-59,45.4013799999995,standard,50-75 cm,37.8-59 cm
OregonState,min,BAU,WoCT2-2,WoCT2-2-4,4,esm2,-37.6600614621338,-59.0886535454674,40.7065793253417,standard,50-75 cm,37.7-59.1 cm
OregonState,min,BAU,WoCT2-2,WoCT2-2-5,5,esm1,-59,-79.2,16.6044000000001,standard,75-100 cm,59-79.2 cm
OregonState,min,BAU,WoCT2-2,WoCT2-2-5,5,esm2,-59.0886535454674,-79.8710692461883,24.2137594526422,standard,75-100 cm,59.1-79.9 cm
OregonState,min,BAU,WoCT2-3,WoCT2-3-1,1,esm1,0,-5.5,16.27347,standard,0-10 cm,0-5.5 cm
OregonState,min,BAU,WoCT2-3,WoCT2-3-1,1,esm2,0,-5.58343142707084,16.4346227646744,standard,0-10 cm,0-5.6 cm
OregonState,min,BAU,WoCT2-3,WoCT2-3-2,2,esm1,-5.5,-21,54.01854,standard,10-30 cm,5.5-21 cm
OregonState,min,BAU,WoCT2-3,WoCT2-3-2,2,esm2,-5.58343142707084,-20.9718519489904,54.749719271602,standard,10-30 cm,5.6-21 cm
OregonState,min,BAU,WoCT2-3,WoCT2-3-3,3,esm1,-21,-37.8,38.3897999999997,standard,30-50 cm,21-37.8 cm
OregonState,min,BAU,WoCT2-3,WoCT2-3-3,3,esm2,-20.9718519489904,-37.6600614621338,45.2914708532982,standard,30-50 cm,21-37.7 cm
OregonState,min,BAU,WoCT2-3,WoCT2-3-4,4,esm1,-37.8,-59,39.0276900000013,standard,50-75 cm,37.8-59 cm
OregonState,min,BAU,WoCT2-3,WoCT2-3-4,4,esm2,-37.6600614621338,-59.0886535454674,31.7528045567093,standard,50-75 cm,37.7-59.1 cm
OregonState,min,BAU,WoCT2-3,WoCT2-3-5,5,esm1,-59,-79.2,12.6956999999995,standard,75-100 cm,59-79.2 cm
OregonState,min,BAU,WoCT2-3,WoCT2-3-5,5,esm2,-59.0886535454674,-79.8710692461883,15.9753176953776,standard,75-100 cm,59.1-79.9 cm
OregonState,min,BAU,WoCT3-1,WoCT3-1-1,1,esm1,0,-5.1,11.22795,standard,0-10 cm,0-5.1 cm
OregonState,min,BAU,WoCT3-1,WoCT3-1-1,1,esm2,0,-5.10330885453913,11.2285593228966,standard,0-10 cm,0-5.1 cm
OregonState,min,BAU,WoCT3-1,WoCT3-1-2,2,esm1,-5.1,-21.1,36.5636699999999,standard,10-30 cm,5.1-21.1 cm
OregonState,min,BAU,WoCT3-1,WoCT3-1-2,2,esm2,-5.10330885453913,-21.1454829518196,36.9454671213361,standard,10-30 cm,5.1-21.1 cm
OregonState,min,BAU,WoCT3-1,WoCT3-1-3,3,esm1,-21.1,-37.2,12.1275359999997,standard,30-50 cm,21.1-37.2 cm
OregonState,min,BAU,WoCT3-1,WoCT3-1-3,3,esm2,-21.1454829518196,-37.5520684295678,20.7524281676212,standard,30-50 cm,21.1-37.6 cm
OregonState,min,BAU,WoCT3-1,WoCT3-1-4,4,esm1,-37.2,-57.2,13.2307080000006,standard,50-75 cm,37.2-57.2 cm
OregonState,min,BAU,WoCT3-1,WoCT3-1-4,4,esm2,-37.5520684295678,-57.2502627338864,4.16524922720048,standard,50-75 cm,37.6-57.3 cm
OregonState,min,BAU,WoCT3-1,WoCT3-1-5,5,esm1,-57.2,-80.3,6.71794200000058,standard,75-100 cm,57.2-80.3 cm
OregonState,min,BAU,WoCT3-1,WoCT3-1-5,5,esm2,-57.2502627338864,-78.5961153861512,2.01054423711065,standard,75-100 cm,57.3-78.6 cm
OregonState,min,BAU,WoCT3-2,WoCT3-2-1,1,esm1,0,-5.1,12.3675,standard,0-10 cm,0-5.1 cm
OregonState,min,BAU,WoCT3-2,WoCT3-2-1,1,esm2,0,-5.10330885453913,12.3811465396536,standard,0-10 cm,0-5.1 cm
OregonState,min,BAU,WoCT3-2,WoCT3-2-2,2,esm1,-5.1,-21.1,34.5117840000002,standard,10-30 cm,5.1-21.1 cm
OregonState,min,BAU,WoCT3-2,WoCT3-2-2,2,esm2,-5.10330885453913,-21.1454829518196,34.8110719487315,standard,10-30 cm,5.1-21.1 cm
OregonState,min,BAU,WoCT3-2,WoCT3-2-3,3,esm1,-21.1,-37.2,13.7015360000002,standard,30-50 cm,21.1-37.2 cm
OregonState,min,BAU,WoCT3-2,WoCT3-2-3,3,esm2,-21.1454829518196,-37.5520684295678,21.5063411899075,standard,30-50 cm,21.1-37.6 cm
OregonState,min,BAU,WoCT3-2,WoCT3-2-4,4,esm1,-37.2,-57.2,15.4576720000002,standard,50-75 cm,37.2-57.2 cm
OregonState,min,BAU,WoCT3-2,WoCT3-2-4,4,esm2,-37.5520684295678,-57.2502627338864,7.30923099877759,standard,50-75 cm,37.6-57.3 cm
OregonState,min,BAU,WoCT3-2,WoCT3-2-5,5,esm1,-57.2,-80.3,6.83898600000026,standard,75-100 cm,57.2-80.3 cm
OregonState,min,BAU,WoCT3-2,WoCT3-2-5,5,esm2,-57.2502627338864,-78.5961153861512,2.76048387132425,standard,75-100 cm,57.3-78.6 cm
OregonState,min,BAU,WoCT3-3,WoCT3-3-1,1,esm1,0,-5.1,11.4708,standard,0-10 cm,0-5.1 cm
OregonState,min,BAU,WoCT3-3,WoCT3-3-1,1,esm2,0,-5.10330885453913,11.4783660935986,standard,0-10 cm,0-5.1 cm
OregonState,min,BAU,WoCT3-3,WoCT3-3-2,2,esm1,-5.1,-21.1,34.0357619999999,standard,10-30 cm,5.1-21.1 cm
OregonState,min,BAU,WoCT3-3,WoCT3-3-2,2,esm2,-5.10330885453913,-21.1454829518196,34.2844345874285,standard,10-30 cm,5.1-21.1 cm
OregonState,min,BAU,WoCT3-3,WoCT3-3-3,3,esm1,-21.1,-37.2,20.1896,standard,30-50 cm,21.1-37.2 cm
OregonState,min,BAU,WoCT3-3,WoCT3-3-3,3,esm2,-21.1454829518196,-37.5520684295678,25.744521526124,standard,30-50 cm,21.1-37.6 cm
OregonState,min,BAU,WoCT3-3,WoCT3-3-4,4,esm1,-37.2,-57.2,23.9845899999987,standard,50-75 cm,37.2-57.2 cm
OregonState,min,BAU,WoCT3-3,WoCT3-3-4,4,esm2,-37.5520684295678,-57.2502627338864,18.2559321881407,standard,50-75 cm,37.6-57.3 cm
OregonState,min,BAU,WoCT3-3,WoCT3-3-5,5,esm1,-57.2,-80.3,9.10856099999846,standard,75-100 cm,57.2-80.3 cm
OregonState,min,BAU,WoCT3-3,WoCT3-3-5,5,esm2,-57.2502627338864,-78.5961153861512,9.95277679100884,standard,75-100 cm,57.3-78.6 cm
OregonState,min,Ref,WoH1-1,WoH1-1-1,1,esm1,0,-5.6,32.98664,standard,0-10 cm,0-5.6 cm
OregonState,min,Ref,WoH1-1,WoH1-1-1,1,esm2,0,-5.65709230334732,33.902009671272,standard,0-10 cm,0-5.7 cm
OregonState,min,Ref,WoH1-1,WoH1-1-2,2,esm1,-5.6,-22.5,38.6299600000002,standard,10-30 cm,5.6-22.5 cm
OregonState,min,Ref,WoH1-1,WoH1-1-2,2,esm2,-5.65709230334732,-22.6278216355891,38.5855905339241,standard,10-30 cm,5.7-22.6 cm
OregonState,min,Ref,WoH1-1,WoH1-1-3,3,esm1,-22.5,-39.9,32.2135440000005,standard,30-50 cm,22.5-39.9 cm
OregonState,min,Ref,WoH1-1,WoH1-1-3,3,esm2,-22.6278216355891,-39.8702485833356,32.8720265457171,standard,30-50 cm,22.6-39.9 cm
OregonState,min,Ref,WoH1-1,WoH1-1-4,4,esm1,-39.9,-61.7,28.5371330000011,standard,50-75 cm,39.9-61.7 cm
OregonState,min,Ref,WoH1-1,WoH1-1-4,4,esm2,-39.8702485833356,-61.6520832111368,29.6852058009352,standard,50-75 cm,39.9-61.7 cm
OregonState,min,Ref,WoH1-1,WoH1-1-5,5,esm1,-61.7,-83.8,14.1286730000013,standard,75-100 cm,61.7-83.8 cm
OregonState,min,Ref,WoH1-1,WoH1-1-5,5,esm2,-61.6520832111368,-83.9486718788867,12.6466955925271,standard,75-100 cm,61.7-83.9 cm
OregonState,min,Ref,WoH1-2,WoH1-2-1,1,esm1,0,-5.6,29.771438,standard,0-10 cm,0-5.6 cm
OregonState,min,Ref,WoH1-2,WoH1-2-1,1,esm2,0,-5.65709230334732,30.4890886504101,standard,0-10 cm,0-5.7 cm
OregonState,min,Ref,WoH1-2,WoH1-2-2,2,esm1,-5.6,-22.5,45.6004119999998,standard,10-30 cm,5.6-22.5 cm
OregonState,min,Ref,WoH1-2,WoH1-2-2,2,esm2,-5.65709230334732,-22.6278216355891,47.4456741271169,standard,10-30 cm,5.7-22.6 cm
OregonState,min,Ref,WoH1-2,WoH1-2-3,3,esm1,-22.5,-39.9,24.5528519999999,standard,30-50 cm,22.5-39.9 cm
OregonState,min,Ref,WoH1-2,WoH1-2-3,3,esm2,-22.6278216355891,-39.8702485833356,26.142654635613,standard,30-50 cm,22.6-39.9 cm
OregonState,min,Ref,WoH1-2,WoH1-2-4,4,esm1,-39.9,-61.7,12.390941000001,standard,50-75 cm,39.9-61.7 cm
OregonState,min,Ref,WoH1-2,WoH1-2-4,4,esm2,-39.8702485833356,-61.6520832111368,7.90123595711211,standard,50-75 cm,39.9-61.7 cm
OregonState,min,Ref,WoH1-2,WoH1-2-5,5,esm1,-61.7,-83.8,8.3048030000005,standard,75-100 cm,61.7-83.8 cm
OregonState,min,Ref,WoH1-2,WoH1-2-5,5,esm2,-61.6520832111368,-83.9486718788867,8.86584940457757,standard,75-100 cm,61.7-83.9 cm
OregonState,min,Ref,WoH1-3,WoH1-3-1,1,esm1,0,-5.6,24.698922,standard,0-10 cm,0-5.6 cm
OregonState,min,Ref,WoH1-3,WoH1-3-1,1,esm2,0,-5.65709230334732,25.3182348053095,standard,0-10 cm,0-5.7 cm
OregonState,min,Ref,WoH1-3,WoH1-3-2,2,esm1,-5.6,-22.5,27.2227279999999,standard,10-30 cm,5.6-22.5 cm
OregonState,min,Ref,WoH1-3,WoH1-3-2,2,esm2,-5.65709230334732,-22.6278216355891,29.8694386634821,standard,10-30 cm,5.7-22.6 cm
OregonState,min,Ref,WoH1-3,WoH1-3-3,3,esm1,-22.5,-39.9,13.2813680000001,standard,30-50 cm,22.5-39.9 cm
OregonState,min,Ref,WoH1-3,WoH1-3-3,3,esm2,-22.6278216355891,-39.8702485833356,10.4145397096584,standard,30-50 cm,22.6-39.9 cm
OregonState,min,Ref,WoH1-3,WoH1-3-4,4,esm1,-39.9,-61.7,9.95872299999972,standard,50-75 cm,39.9-61.7 cm
OregonState,min,Ref,WoH1-3,WoH1-3-4,4,esm2,-39.8702485833356,-61.6520832111368,9.93518944921178,standard,50-75 cm,39.9-61.7 cm
OregonState,min,Ref,WoH1-3,WoH1-3-5,5,esm1,-61.7,-83.8,7.36087299999943,standard,75-100 cm,61.7-83.8 cm
OregonState,min,Ref,WoH1-3,WoH1-3-5,5,esm2,-61.6520832111368,-83.9486718788867,7.59042771768112,standard,75-100 cm,61.7-83.9 cm
OregonState,min,Ref,WoH2-1,WoH2-1-1,1,esm1,0,-4.4,35.838264,standard,0-10 cm,0-4.4 cm
OregonState,min,Ref,WoH2-1,WoH2-1-1,1,esm2,0,-4.49203251859506,38.0272484262192,standard,0-10 cm,0-4.5 cm
OregonState,min,Ref,WoH2-1,WoH2-1-2,2,esm1,-4.4,-20.7,39.844425,standard,10-30 cm,4.4-20.7 cm
OregonState,min,Ref,WoH2-1,WoH2-1-2,2,esm2,-4.49203251859506,-20.0825924176968,38.1643785018703,standard,10-30 cm,4.5-20.1 cm
OregonState,min,Ref,WoH2-1,WoH2-1-3,3,esm1,-20.7,-38.8,33.9966869999998,standard,30-50 cm,20.7-38.8 cm
OregonState,min,Ref,WoH2-1,WoH2-1-3,3,esm2,-20.0825924176968,-38.5993906847966,35.6324523490217,standard,30-50 cm,20.1-38.6 cm
OregonState,min,Ref,WoH2-1,WoH2-1-4,4,esm1,-38.8,-61.1,24.4426560000006,standard,50-75 cm,38.8-61.1 cm
OregonState,min,Ref,WoH2-1,WoH2-1-4,4,esm2,-38.5993906847966,-61.1119844892216,26.3973188028113,standard,50-75 cm,38.6-61.1 cm
OregonState,min,Ref,WoH2-1,WoH2-1-5,5,esm1,-61.1,-83.5,14.4660480000011,standard,75-100 cm,61.1-83.5 cm
OregonState,min,Ref,WoH2-1,WoH2-1-5,5,esm2,-61.1119844892216,-83.2918558531469,10.1143725037471,standard,75-100 cm,61.1-83.3 cm
OregonState,min,Ref,WoH2-2,WoH2-2-1,1,esm1,0,-4.4,18.53236,standard,0-10 cm,0-4.4 cm
OregonState,min,Ref,WoH2-2,WoH2-2-1,1,esm2,0,-4.49203251859506,19.442022226428,standard,0-10 cm,0-4.5 cm
OregonState,min,Ref,WoH2-2,WoH2-2-2,2,esm1,-4.4,-20.7,32.9341190000001,standard,10-30 cm,4.4-20.7 cm
OregonState,min,Ref,WoH2-2,WoH2-2-2,2,esm2,-4.49203251859506,-20.0825924176968,32.7224569130593,standard,10-30 cm,4.5-20.1 cm
OregonState,min,Ref,WoH2-2,WoH2-2-3,3,esm1,-20.7,-38.8,31.7649570000008,standard,30-50 cm,20.7-38.8 cm
OregonState,min,Ref,WoH2-2,WoH2-2-3,3,esm2,-20.0825924176968,-38.5993906847966,32.6869370405421,standard,30-50 cm,20.1-38.6 cm
OregonState,min,Ref,WoH2-2,WoH2-2-4,4,esm1,-38.8,-61.1,26.1388079999996,standard,50-75 cm,38.8-61.1 cm
OregonState,min,Ref,WoH2-2,WoH2-2-4,4,esm2,-38.5993906847966,-61.1119844892216,28.0410559428446,standard,50-75 cm,38.6-61.1 cm
OregonState,min,Ref,WoH2-2,WoH2-2-5,5,esm1,-61.1,-83.5,17.3163959999993,standard,75-100 cm,61.1-83.5 cm
OregonState,min,Ref,WoH2-2,WoH2-2-5,5,esm2,-61.1119844892216,-83.2918558531469,14.1789257502246,standard,75-100 cm,61.1-83.3 cm
OregonState,min,Ref,WoH2-3,WoH2-3-1,1,esm1,0,-4.4,15.218896,standard,0-10 cm,0-4.4 cm
OregonState,min,Ref,WoH2-3,WoH2-3-1,1,esm2,0,-4.49203251859506,15.7961066927002,standard,0-10 cm,0-4.5 cm
OregonState,min,Ref,WoH2-3,WoH2-3-2,2,esm1,-4.4,-20.7,31.0463099999999,standard,10-30 cm,4.4-20.7 cm
OregonState,min,Ref,WoH2-3,WoH2-3-2,2,esm2,-4.49203251859506,-20.0825924176968,33.6942858081918,standard,10-30 cm,4.5-20.1 cm
OregonState,min,Ref,WoH2-3,WoH2-3-3,3,esm1,-20.7,-38.8,28.1197980000004,standard,30-50 cm,20.7-38.8 cm
OregonState,min,Ref,WoH2-3,WoH2-3-3,3,esm2,-20.0825924176968,-38.5993906847966,27.7096921458486,standard,30-50 cm,20.1-38.6 cm
OregonState,min,Ref,WoH2-3,WoH2-3-4,4,esm1,-38.8,-61.1,20.8754460000011,standard,50-75 cm,38.8-61.1 cm
OregonState,min,Ref,WoH2-3,WoH2-3-4,4,esm2,-38.5993906847966,-61.1119844892216,20.6457522336452,standard,50-75 cm,38.6-61.1 cm
OregonState,min,Ref,WoH2-3,WoH2-3-5,5,esm1,-61.1,-83.5,12.9861000000006,standard,75-100 cm,61.1-83.5 cm
OregonState,min,Ref,WoH2-3,WoH2-3-5,5,esm2,-61.1119844892216,-83.2918558531469,10.3282393311587,standard,75-100 cm,61.1-83.3 cm
OregonState,min,Ref,WoH3-1,WoH3-1-1,1,esm1,0,-5.5,12.60008,standard,0-10 cm,0-5.5 cm
OregonState,min,Ref,WoH3-1,WoH3-1-1,1,esm2,0,-5.56525595585542,12.7991964858071,standard,0-10 cm,0-5.6 cm
OregonState,min,Ref,WoH3-1,WoH3-1-2,2,esm1,-5.5,-20.7,21.056094,standard,10-30 cm,5.5-20.7 cm
OregonState,min,Ref,WoH3-1,WoH3-1-2,2,esm2,-5.56525595585542,-20.2129171529379,25.9825126593864,standard,10-30 cm,5.6-20.2 cm
OregonState,min,Ref,WoH3-1,WoH3-1-3,3,esm1,-20.7,-36.9,17.2014839999995,standard,30-50 cm,20.7-36.9 cm
OregonState,min,Ref,WoH3-1,WoH3-1-3,3,esm2,-20.2129171529379,-36.5174952712492,15.4461884402877,standard,30-50 cm,20.2-36.5 cm
OregonState,min,Ref,WoH3-1,WoH3-1-4,4,esm1,-36.9,-58.1,13.7726219999994,standard,50-75 cm,36.9-58.1 cm
OregonState,min,Ref,WoH3-1,WoH3-1-4,4,esm2,-36.5174952712492,-57.868438456436,11.7516214879465,standard,50-75 cm,36.5-57.9 cm
OregonState,min,Ref,WoH3-1,WoH3-1-5,5,esm1,-58.1,-79.7,8.52767999999946,standard,75-100 cm,58.1-79.7 cm
OregonState,min,Ref,WoH3-1,WoH3-1-5,5,esm2,-57.868438456436,-79.5551776653959,8.4966240559239,standard,75-100 cm,57.9-79.6 cm
OregonState,min,Ref,WoH3-2,WoH3-2-1,1,esm1,0,-5.5,23.3265,standard,0-10 cm,0-5.5 cm
OregonState,min,Ref,WoH3-2,WoH3-2-1,1,esm2,0,-5.56525595585542,23.7866806701579,standard,0-10 cm,0-5.6 cm
OregonState,min,Ref,WoH3-2,WoH3-2-2,2,esm1,-5.5,-20.7,27.1216439999996,standard,10-30 cm,5.5-20.7 cm
OregonState,min,Ref,WoH3-2,WoH3-2-2,2,esm2,-5.56525595585542,-20.2129171529379,38.1356901274044,standard,10-30 cm,5.6-20.2 cm
OregonState,min,Ref,WoH3-2,WoH3-2-3,3,esm1,-20.7,-36.9,16.4579039999995,standard,30-50 cm,20.7-36.9 cm
OregonState,min,Ref,WoH3-2,WoH3-2-3,3,esm2,-20.2129171529379,-36.5174952712492,11.5623802884896,standard,30-50 cm,20.2-36.5 cm
OregonState,min,Ref,WoH3-2,WoH3-2-4,4,esm1,-36.9,-58.1,12.5205119999992,standard,50-75 cm,36.9-58.1 cm
OregonState,min,Ref,WoH3-2,WoH3-2-4,4,esm2,-36.5174952712492,-57.868438456436,4.90044823876572,standard,50-75 cm,36.5-57.9 cm
OregonState,min,Ref,WoH3-2,WoH3-2-5,5,esm1,-58.1,-79.7,7.07615999999916,standard,75-100 cm,58.1-79.7 cm
OregonState,min,Ref,WoH3-2,WoH3-2-5,5,esm2,-57.868438456436,-79.5551776653959,7.59217294102851,standard,75-100 cm,57.9-79.6 cm
OregonState,min,Ref,WoH3-3,WoH3-3-1,1,esm1,0,-5.5,31.32186,standard,0-10 cm,0-5.5 cm
OregonState,min,Ref,WoH3-3,WoH3-3-1,1,esm2,0,-5.56525595585542,32.1020380594086,standard,0-10 cm,0-5.6 cm
OregonState,min,Ref,WoH3-3,WoH3-3-2,2,esm1,-5.5,-20.7,36.1988190000003,standard,10-30 cm,5.5-20.7 cm
OregonState,min,Ref,WoH3-3,WoH3-3-2,2,esm2,-5.56525595585542,-20.2129171529379,42.8961684773147,standard,10-30 cm,5.6-20.2 cm
OregonState,min,Ref,WoH3-3,WoH3-3-3,3,esm1,-20.7,-36.9,28.4791140000005,standard,30-50 cm,20.7-36.9 cm
OregonState,min,Ref,WoH3-3,WoH3-3-3,3,esm2,-20.2129171529379,-36.5174952712492,26.2105875747904,standard,30-50 cm,20.2-36.5 cm
OregonState,min,Ref,WoH3-3,WoH3-3-4,4,esm1,-36.9,-58.1,21.3004570000001,standard,50-75 cm,36.9-58.1 cm
OregonState,min,Ref,WoH3-3,WoH3-3-4,4,esm2,-36.5174952712492,-57.868438456436,19.5304942183064,standard,50-75 cm,36.5-57.9 cm
OregonState,min,Ref,WoH3-3,WoH3-3-5,5,esm1,-58.1,-79.7,11.6423999999997,standard,75-100 cm,58.1-79.7 cm
OregonState,min,Ref,WoH3-3,WoH3-3-5,5,esm2,-57.868438456436,-79.5551776653959,11.5390752411527,standard,75-100 cm,57.9-79.6 cm
OregonState,min,SHM,WoNT1-1,WoNT1-1-1,1,esm1,0,-5.6,20.829912,standard,0-10 cm,0-5.6 cm
OregonState,min,SHM,WoNT1-1,WoNT1-1-1,1,esm2,0,-5.7043955394301,21.2786405804315,standard,0-10 cm,0-5.7 cm
OregonState,min,SHM,WoNT1-1,WoNT1-1-2,2,esm1,-5.6,-23,43.9146079999999,standard,10-30 cm,5.6-23 cm
OregonState,min,SHM,WoNT1-1,WoNT1-1-2,2,esm2,-5.7043955394301,-22.9962687595014,49.4332560228709,standard,10-30 cm,5.7-23 cm
OregonState,min,SHM,WoNT1-1,WoNT1-1-3,3,esm1,-23,-41.2,30.3746900000006,standard,30-50 cm,23-41.2 cm
OregonState,min,SHM,WoNT1-1,WoNT1-1-3,3,esm2,-22.9962687595014,-41.3741070354948,25.9947700003263,standard,30-50 cm,23-41.4 cm
OregonState,min,SHM,WoNT1-1,WoNT1-1-4,4,esm1,-41.2,-64,26.07066,standard,50-75 cm,41.2-64 cm
OregonState,min,SHM,WoNT1-1,WoNT1-1-4,4,esm2,-41.3741070354948,-64.2808812182836,26.1332754342889,standard,50-75 cm,41.4-64.3 cm
OregonState,min,SHM,WoNT1-1,WoNT1-1-5,5,esm1,-64,-84.8,17.1615000000012,standard,75-100 cm,64-84.8 cm
OregonState,min,SHM,WoNT1-1,WoNT1-1-5,5,esm2,-64.2808812182836,-84.9825677817797,15.9385261226083,standard,75-100 cm,64.3-85 cm
OregonState,min,SHM,WoNT1-2,WoNT1-2-1,1,esm1,0,-5.6,19.718088,standard,0-10 cm,0-5.6 cm
OregonState,min,SHM,WoNT1-2,WoNT1-2-1,1,esm2,0,-5.7043955394301,20.1266377539014,standard,0-10 cm,0-5.7 cm
OregonState,min,SHM,WoNT1-2,WoNT1-2-2,2,esm1,-5.6,-23,39.6218719999996,standard,10-30 cm,5.6-23 cm
OregonState,min,SHM,WoNT1-2,WoNT1-2-2,2,esm2,-5.7043955394301,-22.9962687595014,46.5745495026079,standard,10-30 cm,5.7-23 cm
OregonState,min,SHM,WoNT1-2,WoNT1-2-3,3,esm1,-23,-41.2,24.0360800000002,standard,30-50 cm,23-41.2 cm
OregonState,min,SHM,WoNT1-2,WoNT1-2-3,3,esm2,-22.9962687595014,-41.3741070354948,17.2379807957628,standard,30-50 cm,23-41.4 cm
OregonState,min,SHM,WoNT1-2,WoNT1-2-4,4,esm1,-41.2,-64,17.9755199999999,standard,50-75 cm,41.2-64 cm
OregonState,min,SHM,WoNT1-2,WoNT1-2-4,4,esm2,-41.3741070354948,-64.2808812182836,18.0826197115534,standard,50-75 cm,41.4-64.3 cm
OregonState,min,SHM,WoNT1-2,WoNT1-2-5,5,esm1,-64,-84.8,14.7203999999993,standard,75-100 cm,64-84.8 cm
OregonState,min,SHM,WoNT1-2,WoNT1-2-5,5,esm2,-64.2808812182836,-84.9825677817797,13.9797154268907,standard,75-100 cm,64.3-85 cm
OregonState,min,SHM,WoNT1-3,WoNT1-3-1,1,esm1,0,-5.6,18.800112,standard,0-10 cm,0-5.6 cm
OregonState,min,SHM,WoNT1-3,WoNT1-3-1,1,esm2,0,-5.7043955394301,19.2304132321967,standard,0-10 cm,0-5.7 cm
OregonState,min,SHM,WoNT1-3,WoNT1-3-2,2,esm1,-5.6,-23,39.7515680000002,standard,10-30 cm,5.6-23 cm
OregonState,min,SHM,WoNT1-3,WoNT1-3-2,2,esm2,-5.7043955394301,-22.9962687595014,43.7678358795214,standard,10-30 cm,5.7-23 cm
OregonState,min,SHM,WoNT1-3,WoNT1-3-3,3,esm1,-23,-41.2,26.5954099999996,standard,30-50 cm,23-41.2 cm
OregonState,min,SHM,WoNT1-3,WoNT1-3-3,3,esm2,-22.9962687595014,-41.3741070354948,25.1364753508654,standard,30-50 cm,23-41.4 cm
OregonState,min,SHM,WoNT1-3,WoNT1-3-4,4,esm1,-41.2,-64,17.9447399999999,standard,50-75 cm,41.2-64 cm
OregonState,min,SHM,WoNT1-3,WoNT1-3-4,4,esm2,-41.3741070354948,-64.2808812182836,16.3950275899457,standard,50-75 cm,41.4-64.3 cm
OregonState,min,SHM,WoNT1-3,WoNT1-3-5,5,esm1,-64,-84.8,14.3793000000009,standard,75-100 cm,64-84.8 cm
OregonState,min,SHM,WoNT1-3,WoNT1-3-5,5,esm2,-64.2808812182836,-84.9825677817797,12.8065678513143,standard,75-100 cm,64.3-85 cm
OregonState,min,SHM,WoNT2-1,WoNT2-1-1,1,esm1,0,-5.6,18.561122,standard,0-10 cm,0-5.6 cm
OregonState,min,SHM,WoNT2-1,WoNT2-1-1,1,esm2,0,-5.71072217082109,18.9950424083996,standard,0-10 cm,0-5.7 cm
OregonState,min,SHM,WoNT2-1,WoNT2-1-2,2,esm1,-5.6,-21.4,42.6271279999997,standard,10-30 cm,5.6-21.4 cm
OregonState,min,SHM,WoNT2-1,WoNT2-1-2,2,esm2,-5.71072217082109,-21.4059744045972,44.5692739690122,standard,10-30 cm,5.7-21.4 cm
OregonState,min,SHM,WoNT2-1,WoNT2-1-3,3,esm1,-21.4,-38.2,37.4303879999996,standard,30-50 cm,21.4-38.2 cm
OregonState,min,SHM,WoNT2-1,WoNT2-1-3,3,esm2,-21.4059744045972,-38.1328185366146,37.4799349418321,standard,30-50 cm,21.4-38.1 cm
OregonState,min,SHM,WoNT2-1,WoNT2-1-4,4,esm1,-38.2,-60,31.0146419999998,standard,50-75 cm,38.2-60 cm
OregonState,min,SHM,WoNT2-1,WoNT2-1-4,4,esm2,-38.1328185366146,-60.074594463133,29.095863947685,standard,50-75 cm,38.1-60.1 cm
OregonState,min,SHM,WoNT2-1,WoNT2-1-5,5,esm1,-60,-82.6,17.4005699999976,standard,75-100 cm,60-82.6 cm
OregonState,min,SHM,WoNT2-1,WoNT2-1-5,5,esm2,-60.074594463133,-82.5595128782649,17.4246679502289,standard,75-100 cm,60.1-82.6 cm
OregonState,min,SHM,WoNT2-2,WoNT2-2-1,1,esm1,0,-5.6,15.38026,standard,0-10 cm,0-5.6 cm
OregonState,min,SHM,WoNT2-2,WoNT2-2-1,1,esm2,0,-5.71072217082109,15.6233025931166,standard,0-10 cm,0-5.7 cm
OregonState,min,SHM,WoNT2-2,WoNT2-2-2,2,esm1,-5.6,-21.4,44.4336400000004,standard,10-30 cm,5.6-21.4 cm
OregonState,min,SHM,WoNT2-2,WoNT2-2-2,2,esm2,-5.71072217082109,-21.4059744045972,47.6704745437865,standard,10-30 cm,5.7-21.4 cm
OregonState,min,SHM,WoNT2-2,WoNT2-2-3,3,esm1,-21.4,-38.2,37.7428319999994,standard,30-50 cm,21.4-38.2 cm
OregonState,min,SHM,WoNT2-2,WoNT2-2-3,3,esm2,-21.4059744045972,-38.1328185366146,37.096212242099,standard,30-50 cm,21.4-38.1 cm
OregonState,min,SHM,WoNT2-2,WoNT2-2-4,4,esm1,-38.2,-60,26.9264879999989,standard,50-75 cm,38.2-60 cm
OregonState,min,SHM,WoNT2-2,WoNT2-2-4,4,esm2,-38.1328185366146,-60.074594463133,24.6111625571347,standard,50-75 cm,38.1-60.1 cm
OregonState,min,SHM,WoNT2-2,WoNT2-2-5,5,esm1,-60,-82.6,13.5605519999978,standard,75-100 cm,60-82.6 cm
OregonState,min,SHM,WoNT2-2,WoNT2-2-5,5,esm2,-60.074594463133,-82.5595128782649,13.4536478611128,standard,75-100 cm,60.1-82.6 cm
OregonState,min,SHM,WoNT2-3,WoNT2-3-1,1,esm1,0,-5.6,15.550586,standard,0-10 cm,0-5.6 cm
OregonState,min,SHM,WoNT2-3,WoNT2-3-1,1,esm2,0,-5.71072217082109,15.9447641031547,standard,0-10 cm,0-5.7 cm
OregonState,min,SHM,WoNT2-3,WoNT2-3-2,2,esm1,-5.6,-21.4,39.7025639999998,standard,10-30 cm,5.6-21.4 cm
OregonState,min,SHM,WoNT2-3,WoNT2-3-2,2,esm2,-5.71072217082109,-21.4059744045972,38.7397388999758,standard,10-30 cm,5.7-21.4 cm
OregonState,min,SHM,WoNT2-3,WoNT2-3-3,3,esm1,-21.4,-38.2,37.8402240000003,standard,30-50 cm,21.4-38.2 cm
OregonState,min,SHM,WoNT2-3,WoNT2-3-3,3,esm2,-21.4059744045972,-38.1328185366146,42.0106059127068,standard,30-50 cm,21.4-38.1 cm
OregonState,min,SHM,WoNT2-3,WoNT2-3-4,4,esm1,-38.2,-60,28.6478159999994,standard,50-75 cm,38.2-60 cm
OregonState,min,SHM,WoNT2-3,WoNT2-3-4,4,esm2,-38.1328185366146,-60.074594463133,25.5908658587474,standard,50-75 cm,38.1-60.1 cm
OregonState,min,SHM,WoNT2-3,WoNT2-3-5,5,esm1,-60,-82.6,15.8813760000005,standard,75-100 cm,60-82.6 cm
OregonState,min,SHM,WoNT2-3,WoNT2-3-5,5,esm2,-60.074594463133,-82.5595128782649,15.9680468082108,standard,75-100 cm,60.1-82.6 cm
OregonState,min,SHM,WoNT3-1,WoNT3-1-1,1,esm1,0,-5.7,20.21973,standard,0-10 cm,0-5.7 cm
OregonState,min,SHM,WoNT3-1,WoNT3-1-1,1,esm2,0,-5.81659029359347,20.7886589757347,standard,0-10 cm,0-5.8 cm
OregonState,min,SHM,WoNT3-1,WoNT3-1-2,2,esm1,-5.7,-22.9,39.1745600000002,standard,10-30 cm,5.7-22.9 cm
OregonState,min,SHM,WoNT3-1,WoNT3-1-2,2,esm2,-5.81659029359347,-23.0263343389492,40.924292969668,standard,10-30 cm,5.8-23 cm
OregonState,min,SHM,WoNT3-1,WoNT3-1-3,3,esm1,-22.9,-39.8,12.2136300000005,standard,30-50 cm,22.9-39.8 cm
OregonState,min,SHM,WoNT3-1,WoNT3-1-3,3,esm2,-23.0263343389492,-40.3729083055851,21.9531454136551,standard,30-50 cm,23-40.4 cm
OregonState,min,SHM,WoNT3-1,WoNT3-1-4,4,esm1,-39.8,-60.9,15.2489700000007,standard,50-75 cm,39.8-60.9 cm
OregonState,min,SHM,WoNT3-1,WoNT3-1-4,4,esm2,-40.3729083055851,-61.073194424006,8.81098863489997,standard,50-75 cm,40.4-61.1 cm
OregonState,min,SHM,WoNT3-1,WoNT3-1-5,5,esm1,-60.9,-82,10.2143700000005,standard,75-100 cm,60.9-82 cm
OregonState,min,SHM,WoNT3-1,WoNT3-1-5,5,esm2,-61.073194424006,-81.7106014712491,2.38798079692324,standard,75-100 cm,61.1-81.7 cm
OregonState,min,SHM,WoNT3-2,WoNT3-2-1,1,esm1,0,-5.7,19.213896,standard,0-10 cm,0-5.7 cm
OregonState,min,SHM,WoNT3-2,WoNT3-2-1,1,esm2,0,-5.81659029359347,19.7433448646067,standard,0-10 cm,0-5.8 cm
OregonState,min,SHM,WoNT3-2,WoNT3-2-2,2,esm1,-5.7,-22.9,39.2169840000002,standard,10-30 cm,5.7-22.9 cm
OregonState,min,SHM,WoNT3-2,WoNT3-2-2,2,esm2,-5.81659029359347,-23.0263343389492,41.0782134477877,standard,10-30 cm,5.8-23 cm
OregonState,min,SHM,WoNT3-2,WoNT3-2-3,3,esm1,-22.9,-39.8,14.6810300000003,standard,30-50 cm,22.9-39.8 cm
OregonState,min,SHM,WoNT3-2,WoNT3-2-3,3,esm2,-23.0263343389492,-40.3729083055851,24.8814917380174,standard,30-50 cm,23-40.4 cm
OregonState,min,SHM,WoNT3-2,WoNT3-2-4,4,esm1,-39.8,-60.9,18.329570000001,standard,50-75 cm,39.8-60.9 cm
OregonState,min,SHM,WoNT3-2,WoNT3-2-4,4,esm2,-40.3729083055851,-61.073194424006,11.7577622043672,standard,50-75 cm,40.4-61.1 cm
OregonState,min,SHM,WoNT3-2,WoNT3-2-5,5,esm1,-60.9,-82,11.7290899999997,standard,75-100 cm,60.9-82 cm
OregonState,min,SHM,WoNT3-2,WoNT3-2-5,5,esm2,-61.073194424006,-81.7106014712491,4.09071686737487,standard,75-100 cm,61.1-81.7 cm
OregonState,min,SHM,WoNT3-3,WoNT3-3-1,1,esm1,0,-5.7,16.797352,standard,0-10 cm,0-5.7 cm
OregonState,min,SHM,WoNT3-3,WoNT3-3-1,1,esm2,0,-5.81659029359347,17.2429479054195,standard,0-10 cm,0-5.8 cm
OregonState,min,SHM,WoNT3-3,WoNT3-3-2,2,esm1,-5.7,-22.9,35.4782620000002,standard,10-30 cm,5.7-22.9 cm
OregonState,min,SHM,WoNT3-3,WoNT3-3-2,2,esm2,-5.81659029359347,-23.0263343389492,36.4484525070638,standard,10-30 cm,5.8-23 cm
OregonState,min,SHM,WoNT3-3,WoNT3-3-3,3,esm1,-22.9,-39.8,16.5562539999999,standard,30-50 cm,22.9-39.8 cm
OregonState,min,SHM,WoNT3-3,WoNT3-3-3,3,esm2,-23.0263343389492,-40.3729083055851,23.1974305048412,standard,30-50 cm,23-40.4 cm
OregonState,min,SHM,WoNT3-3,WoNT3-3-4,4,esm1,-39.8,-60.9,20.6708259999999,standard,50-75 cm,39.8-60.9 cm
OregonState,min,SHM,WoNT3-3,WoNT3-3-4,4,esm2,-40.3729083055851,-61.073194424006,17.0295530649669,standard,50-75 cm,40.4-61.1 cm
OregonState,min,SHM,WoNT3-3,WoNT3-3-5,5,esm1,-60.9,-82,12.8234260000005,standard,75-100 cm,60.9-82 cm
OregonState,min,SHM,WoNT3-3,WoNT3-3-5,5,esm2,-61.073194424006,-81.7106014712491,8.75969664497843,standard,75-100 cm,61.1-81.7 cm
TexasA&MPt-1,max,BAU,CVT-1-1,CVT-1-1-1,1,esm1,0,-14.3,2.74033,standard,0-10 cm,0-14.3 cm
TexasA&MPt-1,max,BAU,CVT-1-1,CVT-1-1-1,1,esm2,0,-15.0177578450829,2.67303062106499,standard,0-10 cm,0-15 cm
TexasA&MPt-1,fd,BAU,CVT-1-1,CVT-1-1-1,1,fd,0,-10,1.695,standard,0-10 cm,0-10 cm
TexasA&MPt-1,max,BAU,CVT-1-1,CVT-1-1-2,2,esm1,-14.3,-37.4,5.61968999999997,standard,10-30 cm,14.3-37.4 cm
TexasA&MPt-1,max,BAU,CVT-1-1,CVT-1-1-2,2,esm2,-15.0177578450829,-37.2839793706725,5.73302400806624,standard,10-30 cm,15-37.3 cm
TexasA&MPt-1,fd,BAU,CVT-1-1,CVT-1-1-2,2,fd,-10,-30,4.862,standard,10-30 cm,10-30 cm
TexasA&MPt-1,max,BAU,CVT-1-1,CVT-1-1-3,3,esm1,-37.4,-61,5.77728000000012,standard,30-50 cm,37.4-61 cm
TexasA&MPt-1,max,BAU,CVT-1-1,CVT-1-1-3,3,esm2,-37.2839793706725,-60.6045582133568,6.0252107071445,standard,30-50 cm,37.3-60.6 cm
TexasA&MPt-1,fd,BAU,CVT-1-1,CVT-1-1-3,3,fd,-30,-50,4.8875,standard,30-50 cm,30-50 cm
TexasA&MPt-1,max,BAU,CVT-1-1,CVT-1-1-4,4,esm1,-61,-90.6,5.7781200000003,standard,50-75 cm,61-90.6 cm
TexasA&MPt-1,max,BAU,CVT-1-1,CVT-1-1-4,4,esm2,-60.6045582133568,-90.5304339539201,5.77773239252733,standard,50-75 cm,60.6-90.5 cm
TexasA&MPt-1,fd,BAU,CVT-1-1,CVT-1-1-4,4,fd,-50,-75,6.12,standard,50-75 cm,50-75 cm
TexasA&MPt-1,max,BAU,CVT-1-1,CVT-1-1-5,5,esm1,-90.6,-124.9,5.1690100000005,standard,75-100 cm,90.6-124.9 cm
TexasA&MPt-1,max,BAU,CVT-1-1,CVT-1-1-5,5,esm2,-90.5304339539201,-126.068667567168,1.84987574673009,standard,75-100 cm,90.5-126.1 cm
TexasA&MPt-1,fd,BAU,CVT-1-1,CVT-1-1-5,5,fd,-75,-100,3.7675,standard,75-100 cm,75-100 cm
TexasA&MPt-1,max,BAU,CVT-1-2,CVT-1-2-1,1,esm1,0,-13.4,2.89686,standard,0-10 cm,0-13.4 cm
TexasA&MPt-1,max,BAU,CVT-1-2,CVT-1-2-1,1,esm2,0,-13.1817617194427,2.95936901085616,standard,0-10 cm,0-13.2 cm
TexasA&MPt-1,fd,BAU,CVT-1-2,CVT-1-2-1,1,fd,0,-10,2.2495,standard,0-10 cm,0-10 cm
TexasA&MPt-1,max,BAU,CVT-1-2,CVT-1-2-2,2,esm1,-13.4,-37.3,4.85646000000005,standard,10-30 cm,13.4-37.3 cm
TexasA&MPt-1,max,BAU,CVT-1-2,CVT-1-2-2,2,esm2,-13.1817617194427,-37.6249003294177,4.65637674599166,standard,10-30 cm,13.2-37.6 cm
TexasA&MPt-1,fd,BAU,CVT-1-2,CVT-1-2-2,2,fd,-10,-30,3.8080000000000007,standard,10-30 cm,10-30 cm
TexasA&MPt-1,max,BAU,CVT-1-2,CVT-1-2-3,3,esm1,-37.3,-59.4,7.14713999999991,standard,30-50 cm,37.3-59.4 cm
TexasA&MPt-1,max,BAU,CVT-1-2,CVT-1-2-3,3,esm2,-37.6249003294177,-59.9343038287447,7.0886009037805104,standard,30-50 cm,37.6-59.9 cm
TexasA&MPt-1,fd,BAU,CVT-1-2,CVT-1-2-3,3,fd,-30,-50,5.803000000000001,standard,30-50 cm,30-50 cm
TexasA&MPt-1,max,BAU,CVT-1-2,CVT-1-2-4,4,esm1,-59.4,-87.2,7.66194000000034,standard,50-75 cm,59.4-87.2 cm
TexasA&MPt-1,max,BAU,CVT-1-2,CVT-1-2-4,4,esm2,-59.9343038287447,-86.7272992498773,8.3937342154385,standard,50-75 cm,59.9-86.7 cm
TexasA&MPt-1,fd,BAU,CVT-1-2,CVT-1-2-4,4,fd,-50,-75,8.085,standard,50-75 cm,50-75 cm
TexasA&MPt-1,max,BAU,CVT-1-2,CVT-1-2-5,5,esm1,-87.2,-120.1,7.0570500000005,standard,75-100 cm,87.2-120.1 cm
TexasA&MPt-1,max,BAU,CVT-1-2,CVT-1-2-5,5,esm2,-86.7272992498773,-124.253707330974,2.60586370914226,standard,75-100 cm,86.7-124.3 cm
TexasA&MPt-1,fd,BAU,CVT-1-2,CVT-1-2-5,5,fd,-75,-100,5.3625,standard,75-100 cm,75-100 cm
TexasA&MPt-1,max,BAU,CVT-1-3,CVT-1-3-1,1,esm1,0,-12.2,3.30165999999999,standard,0-10 cm,0-12.2 cm
TexasA&MPt-1,max,BAU,CVT-1-3,CVT-1-3-1,1,esm2,0,-13.2785233625832,3.3168512037856,standard,0-10 cm,0-13.3 cm
TexasA&MPt-1,fd,BAU,CVT-1-3,CVT-1-3-1,1,fd,0,-10,2.707,standard,0-10 cm,0-10 cm
TexasA&MPt-1,max,BAU,CVT-1-3,CVT-1-3-2,2,esm1,-12.2,-33,5.62223999999998,standard,10-30 cm,12.2-33 cm
TexasA&MPt-1,max,BAU,CVT-1-3,CVT-1-3-2,2,esm2,-13.2785233625832,-33.3812133430074,5.63455912727249,standard,10-30 cm,13.3-33.4 cm
TexasA&MPt-1,fd,BAU,CVT-1-3,CVT-1-3-2,2,fd,-10,-30,5.406000000000001,standard,10-30 cm,10-30 cm
TexasA&MPt-1,max,BAU,CVT-1-3,CVT-1-3-3,3,esm1,-33,-54.9,5.16735000000017,standard,30-50 cm,33-54.9 cm
TexasA&MPt-1,max,BAU,CVT-1-3,CVT-1-3-3,3,esm2,-33.3812133430074,-53.6971803038782,5.29688801491017,standard,30-50 cm,33.4-53.7 cm
TexasA&MPt-1,fd,BAU,CVT-1-3,CVT-1-3-3,3,fd,-30,-50,4.839,standard,30-50 cm,30-50 cm
TexasA&MPt-1,max,BAU,CVT-1-3,CVT-1-3-4,4,esm1,-54.9,-82,6.22725000000028,standard,50-75 cm,54.9-82 cm
TexasA&MPt-1,max,BAU,CVT-1-3,CVT-1-3-4,4,esm2,-53.6971803038782,-82.128768385481,6.03627639870849,standard,50-75 cm,53.7-82.1 cm
TexasA&MPt-1,fd,BAU,CVT-1-3,CVT-1-3-4,4,fd,-50,-75,5.8125,standard,50-75 cm,50-75 cm
TexasA&MPt-1,max,BAU,CVT-1-3,CVT-1-3-5,5,esm1,-82,-113.7,7.03740000000049,standard,75-100 cm,82-113.7 cm
TexasA&MPt-1,max,BAU,CVT-1-3,CVT-1-3-5,5,esm2,-82.128768385481,-113.412120508053,7.33688612377212,standard,75-100 cm,82.1-113.4 cm
TexasA&MPt-1,fd,BAU,CVT-1-3,CVT-1-3-5,5,fd,-75,-100,5.55,standard,75-100 cm,75-100 cm
TexasA&MPt-1,max,BAU,CVT-2-1,CVT-2-1-1,1,esm1,0,-13.4,3.74700000000001,standard,0-10 cm,0-13.4 cm
TexasA&MPt-1,max,BAU,CVT-2-1,CVT-2-1-1,1,esm2,0,-14.356888300473,3.83263390123235,standard,0-10 cm,0-14.4 cm
TexasA&MPt-1,fd,BAU,CVT-2-1,CVT-2-1-1,1,fd,0,-10,2.761,standard,0-10 cm,0-10 cm
TexasA&MPt-1,max,BAU,CVT-2-1,CVT-2-1-2,2,esm1,-13.4,-36.2,6.57287999999999,standard,10-30 cm,13.4-36.2 cm
TexasA&MPt-1,max,BAU,CVT-2-1,CVT-2-1-2,2,esm2,-14.356888300473,-36.0965362046053,6.51018076729992,standard,10-30 cm,14.4-36.1 cm
TexasA&MPt-1,fd,BAU,CVT-2-1,CVT-2-1-2,2,fd,-10,-30,5.8,standard,10-30 cm,10-30 cm
TexasA&MPt-1,max,BAU,CVT-2-1,CVT-2-1-3,3,esm1,-36.2,-60,6.12612000000015,standard,30-50 cm,36.2-60 cm
TexasA&MPt-1,max,BAU,CVT-2-1,CVT-2-1-3,3,esm2,-36.0965362046053,-59.6129665840483,6.27781861806202,standard,30-50 cm,36.1-59.6 cm
TexasA&MPt-1,fd,BAU,CVT-2-1,CVT-2-1-3,3,fd,-30,-50,5.310999999999999,standard,30-50 cm,30-50 cm
TexasA&MPt-1,max,BAU,CVT-2-1,CVT-2-1-4,4,esm1,-60,-87.7,6.85184999999987,standard,50-75 cm,60-87.7 cm
TexasA&MPt-1,max,BAU,CVT-2-1,CVT-2-1-4,4,esm2,-59.6129665840483,-88.4236030840803,6.84671456813176,standard,50-75 cm,59.6-88.4 cm
TexasA&MPt-1,fd,BAU,CVT-2-1,CVT-2-1-4,4,fd,-50,-75,6.434999999999999,standard,50-75 cm,50-75 cm
TexasA&MPt-1,max,BAU,CVT-2-1,CVT-2-1-5,5,esm1,-87.7,-117.7,7.06500000000005,standard,75-100 cm,87.7-117.7 cm
TexasA&MPt-1,max,BAU,CVT-2-1,CVT-2-1-5,5,esm2,-88.4236030840803,-114.050651567102,6.09300302734698,standard,75-100 cm,88.4-114.1 cm
TexasA&MPt-1,fd,BAU,CVT-2-1,CVT-2-1-5,5,fd,-75,-100,5.887499999999999,standard,75-100 cm,75-100 cm
TexasA&MPt-1,max,BAU,CVT-2-2,CVT-2-2-1,1,esm1,0,-13.9,3.19958,standard,0-10 cm,0-13.9 cm
TexasA&MPt-1,max,BAU,CVT-2-2,CVT-2-2-1,1,esm2,0,-13.2590983219423,3.15823611292805,standard,0-10 cm,0-13.3 cm
TexasA&MPt-1,fd,BAU,CVT-2-2,CVT-2-2-1,1,fd,0,-10,2.294,standard,0-10 cm,0-10 cm
TexasA&MPt-1,max,BAU,CVT-2-2,CVT-2-2-2,2,esm1,-13.9,-39.3,5.90089000000001,standard,10-30 cm,13.9-39.3 cm
TexasA&MPt-1,max,BAU,CVT-2-2,CVT-2-2-2,2,esm2,-13.2590983219423,-39.7779698350331,6.02657894324652,standard,10-30 cm,13.3-39.8 cm
TexasA&MPt-1,fd,BAU,CVT-2-2,CVT-2-2-2,2,fd,-10,-30,4.644,standard,10-30 cm,10-30 cm
TexasA&MPt-1,max,BAU,CVT-2-2,CVT-2-2-3,3,esm1,-39.3,-64.1,5.77591999999984,standard,30-50 cm,39.3-64.1 cm
TexasA&MPt-1,max,BAU,CVT-2-2,CVT-2-2-3,3,esm2,-39.7779698350331,-64.701482688595,5.9023131749833,standard,30-50 cm,39.8-64.7 cm
TexasA&MPt-1,fd,BAU,CVT-2-2,CVT-2-2-3,3,fd,-30,-50,4.6545000000000005,standard,30-50 cm,30-50 cm
TexasA&MPt-1,max,BAU,CVT-2-2,CVT-2-2-4,4,esm1,-64.1,-93.8,5.98464999999972,standard,50-75 cm,64.1-93.8 cm
TexasA&MPt-1,max,BAU,CVT-2-2,CVT-2-2-4,4,esm2,-64.701482688595,-93.7423763728113,5.93093653289276,standard,50-75 cm,64.7-93.7 cm
TexasA&MPt-1,fd,BAU,CVT-2-2,CVT-2-2-4,4,fd,-50,-75,5.822500000000001,standard,50-75 cm,50-75 cm
TexasA&MPt-1,max,BAU,CVT-2-2,CVT-2-2-5,5,esm1,-93.8,-127.1,6.10388999999962,standard,75-100 cm,93.8-127.1 cm
TexasA&MPt-1,max,BAU,CVT-2-2,CVT-2-2-5,5,esm2,-93.7423763728113,-129.020503991622,3.82817806414652,standard,75-100 cm,93.7-129 cm
TexasA&MPt-1,fd,BAU,CVT-2-2,CVT-2-2-5,5,fd,-75,-100,4.5825,standard,75-100 cm,75-100 cm
TexasA&MPt-1,max,BAU,CVT-2-3,CVT-2-3-1,1,esm1,0,-14.2,3.41032000000001,standard,0-10 cm,0-14.2 cm
TexasA&MPt-1,max,BAU,CVT-2-3,CVT-2-3-1,1,esm2,0,-14.8635070461071,3.33215074863806,standard,0-10 cm,0-14.9 cm
TexasA&MPt-1,fd,BAU,CVT-2-3,CVT-2-3-1,1,fd,0,-10,2.299,standard,0-10 cm,0-10 cm
TexasA&MPt-1,max,BAU,CVT-2-3,CVT-2-3-2,2,esm1,-14.2,-36.6,5.94720000000004,standard,10-30 cm,14.2-36.6 cm
TexasA&MPt-1,max,BAU,CVT-2-3,CVT-2-3-2,2,esm2,-14.8635070461071,-36.5700303205795,6.04091895146681,standard,10-30 cm,14.9-36.6 cm
TexasA&MPt-1,fd,BAU,CVT-2-3,CVT-2-3-2,2,fd,-10,-30,5.292,standard,10-30 cm,10-30 cm
TexasA&MPt-1,max,BAU,CVT-2-3,CVT-2-3-3,3,esm1,-36.6,-58.7,6.12612000000009,standard,30-50 cm,36.6-58.7 cm
TexasA&MPt-1,max,BAU,CVT-2-3,CVT-2-3-3,3,esm2,-36.5700303205795,-58.5049230686206,6.04301730195967,standard,30-50 cm,36.6-58.5 cm
TexasA&MPt-1,fd,BAU,CVT-2-3,CVT-2-3-3,3,fd,-30,-50,5.481,standard,30-50 cm,30-50 cm
TexasA&MPt-1,max,BAU,CVT-2-3,CVT-2-3-4,4,esm1,-58.7,-85.7,7.95626999999967,standard,50-75 cm,58.7-85.7 cm
TexasA&MPt-1,max,BAU,CVT-2-3,CVT-2-3-4,4,esm2,-58.5049230686206,-85.7250354357564,7.83644809701228,standard,50-75 cm,58.5-85.7 cm
TexasA&MPt-1,fd,BAU,CVT-2-3,CVT-2-3-4,4,fd,-50,-75,6.93,standard,50-75 cm,50-75 cm
TexasA&MPt-1,max,BAU,CVT-2-3,CVT-2-3-5,5,esm1,-85.7,-116.4,9.86390999999973,standard,75-100 cm,85.7-116.4 cm
TexasA&MPt-1,max,BAU,CVT-2-3,CVT-2-3-5,5,esm2,-85.7250354357564,-116.606656642238,11.0891624023871,standard,75-100 cm,85.7-116.6 cm
TexasA&MPt-1,fd,BAU,CVT-2-3,CVT-2-3-5,5,fd,-75,-100,8.032499999999999,standard,75-100 cm,75-100 cm
TexasA&MPt-1,max,BAU,CVT-3-1,CVT-3-1-1,1,esm1,0,-10,3.233,standard,0-10 cm,0-10 cm
TexasA&MPt-1,max,BAU,CVT-3-1,CVT-3-1-1,1,esm2,0,-10,3.233,standard,0-10 cm,0-10 cm
TexasA&MPt-1,fd,BAU,CVT-3-1,CVT-3-1-1,1,fd,0,-10,3.2329999999999997,standard,0-10 cm,0-10 cm
TexasA&MPt-1,max,BAU,CVT-3-1,CVT-3-1-2,2,esm1,-10,-33.4,7.25867999999996,standard,10-30 cm,10-33.4 cm
TexasA&MPt-1,max,BAU,CVT-3-1,CVT-3-1-2,2,esm2,-10,-33.2606435286158,7.29180023016132,standard,10-30 cm,10-33.3 cm
TexasA&MPt-1,fd,BAU,CVT-3-1,CVT-3-1-2,2,fd,-10,-30,6.204,standard,10-30 cm,10-30 cm
TexasA&MPt-1,max,BAU,CVT-3-1,CVT-3-1-3,3,esm1,-33.4,-56.8,4.6056200000001,standard,30-50 cm,33.4-56.8 cm
TexasA&MPt-1,max,BAU,CVT-3-1,CVT-3-1-3,3,esm2,-33.2606435286158,-57.6039786646213,5.34342245306087,standard,30-50 cm,33.3-57.6 cm
TexasA&MPt-1,fd,BAU,CVT-3-1,CVT-3-1-3,3,fd,-30,-50,4.3785,standard,30-50 cm,30-50 cm
TexasA&MPt-1,max,BAU,CVT-3-1,CVT-3-1-4,4,esm1,-56.8,-85.4,4.94910000000024,standard,50-75 cm,56.8-85.4 cm
TexasA&MPt-1,max,BAU,CVT-3-1,CVT-3-1-4,4,esm2,-57.6039786646213,-85.2610829820011,4.10455813491147,standard,50-75 cm,57.6-85.3 cm
TexasA&MPt-1,fd,BAU,CVT-3-1,CVT-3-1-4,4,fd,-50,-75,4.7125,standard,50-75 cm,50-75 cm
TexasA&MPt-1,max,BAU,CVT-3-1,CVT-3-1-5,5,esm1,-85.4,-117.6,4.70120000000048,standard,75-100 cm,85.4-117.6 cm
TexasA&MPt-1,max,BAU,CVT-3-1,CVT-3-1-5,5,esm2,-85.2610829820011,-118.640526542727,5.55308721419657,standard,75-100 cm,85.3-118.6 cm
TexasA&MPt-1,fd,BAU,CVT-3-1,CVT-3-1-5,5,fd,-75,-100,3.65,standard,75-100 cm,75-100 cm
TexasA&MPt-1,max,BAU,CVT-3-2,CVT-3-2-1,1,esm1,0,-14.2,4.92446,standard,0-10 cm,0-14.2 cm
TexasA&MPt-1,max,BAU,CVT-3-2,CVT-3-2-1,1,esm2,0,-15.5149752490639,5.42301048548291,standard,0-10 cm,0-15.5 cm
TexasA&MPt-1,fd,BAU,CVT-3-2,CVT-3-2-1,1,fd,0,-10,3.5015,standard,0-10 cm,0-10 cm
TexasA&MPt-1,max,BAU,CVT-3-2,CVT-3-2-2,2,esm1,-14.2,-35.7,7.27649999999999,standard,10-30 cm,14.2-35.7 cm
TexasA&MPt-1,max,BAU,CVT-3-2,CVT-3-2-2,2,esm2,-15.5149752490639,-35.6343222185107,6.7664098513337,standard,10-30 cm,15.5-35.6 cm
TexasA&MPt-1,fd,BAU,CVT-3-2,CVT-3-2-2,2,fd,-10,-30,6.776,standard,10-30 cm,10-30 cm
TexasA&MPt-1,max,BAU,CVT-3-2,CVT-3-2-3,3,esm1,-35.7,-58.5,7.47383999999996,standard,30-50 cm,35.7-58.5 cm
TexasA&MPt-1,max,BAU,CVT-3-2,CVT-3-2-3,3,esm2,-35.6343222185107,-57.6955168011367,7.65349394008116,standard,30-50 cm,35.6-57.7 cm
TexasA&MPt-1,fd,BAU,CVT-3-2,CVT-3-2-3,3,fd,-30,-50,6.611,standard,30-50 cm,30-50 cm
TexasA&MPt-1,max,BAU,CVT-3-2,CVT-3-2-4,4,esm1,-58.5,-86.6,7.44101999999995,standard,50-75 cm,58.5-86.6 cm
TexasA&MPt-1,max,BAU,CVT-3-2,CVT-3-2-4,4,esm2,-57.6955168011367,-86.8249600831168,7.92459497934248,standard,50-75 cm,57.7-86.8 cm
TexasA&MPt-1,fd,BAU,CVT-3-2,CVT-3-2-4,4,fd,-50,-75,8.195,standard,50-75 cm,50-75 cm
TexasA&MPt-1,max,BAU,CVT-3-2,CVT-3-2-5,5,esm1,-86.6,-118.8,5.6414400000002,standard,75-100 cm,86.6-118.8 cm
TexasA&MPt-1,max,BAU,CVT-3-2,CVT-3-2-5,5,esm2,-86.8249600831168,-117.825672868182,0.937314159967567,standard,75-100 cm,86.8-117.8 cm
TexasA&MPt-1,fd,BAU,CVT-3-2,CVT-3-2-5,5,fd,-75,-100,4.38,standard,75-100 cm,75-100 cm
TexasA&MPt-1,max,BAU,CVT-3-3,CVT-3-3-1,1,esm1,0,-12.5,4.4215,standard,0-10 cm,0-12.5 cm
TexasA&MPt-1,max,BAU,CVT-3-3,CVT-3-3-1,1,esm2,0,-13.0811002573155,5.04454243870485,standard,0-10 cm,0-13.1 cm
TexasA&MPt-1,fd,BAU,CVT-3-3,CVT-3-3-1,1,fd,0,-10,3.7585,standard,0-10 cm,0-10 cm
TexasA&MPt-1,max,BAU,CVT-3-3,CVT-3-3-2,2,esm1,-12.5,-33.6,5.59571999999993,standard,10-30 cm,12.5-33.6 cm
TexasA&MPt-1,max,BAU,CVT-3-3,CVT-3-3-2,2,esm2,-13.0811002573155,-33.7328309064515,5.07590900419584,standard,10-30 cm,13.1-33.7 cm
TexasA&MPt-1,fd,BAU,CVT-3-3,CVT-3-3-2,2,fd,-10,-30,5.304000000000001,standard,10-30 cm,10-30 cm
TexasA&MPt-1,max,BAU,CVT-3-3,CVT-3-3-3,3,esm1,-33.6,-57.6,7.38180000000004,standard,30-50 cm,33.6-57.6 cm
TexasA&MPt-1,max,BAU,CVT-3-3,CVT-3-3-3,3,esm2,-33.7328309064515,-56.7812464962277,6.7796693867846,standard,30-50 cm,33.7-56.8 cm
TexasA&MPt-1,fd,BAU,CVT-3-3,CVT-3-3-3,3,fd,-30,-50,5.979,standard,30-50 cm,30-50 cm
TexasA&MPt-1,max,BAU,CVT-3-3,CVT-3-3-4,4,esm1,-57.6,-87,7.93548000000012,standard,50-75 cm,57.6-87 cm
TexasA&MPt-1,max,BAU,CVT-3-3,CVT-3-3-4,4,esm2,-56.7812464962277,-87.3565274266419,9.09960310797974,standard,50-75 cm,56.8-87.4 cm
TexasA&MPt-1,fd,BAU,CVT-3-3,CVT-3-3-4,4,fd,-50,-75,7.754999999999999,standard,50-75 cm,50-75 cm
TexasA&MPt-1,max,BAU,CVT-3-3,CVT-3-3-5,5,esm1,-87,-120.3,7.04294999999956,standard,75-100 cm,87-120.3 cm
TexasA&MPt-1,max,BAU,CVT-3-3,CVT-3-3-5,5,esm2,-87.3565274266419,-118.138949829814,1.67022233213638,standard,75-100 cm,87.4-118.1 cm
TexasA&MPt-1,fd,BAU,CVT-3-3,CVT-3-3-5,5,fd,-75,-100,5.2875,standard,75-100 cm,75-100 cm
TexasA&MPt-1,max,Ref,NAT-1-1,NAT-1-1-1,1,esm1,0,-11.1,6.67668000000001,standard,0-10 cm,0-11.1 cm
TexasA&MPt-1,max,Ref,NAT-1-1,NAT-1-1-1,1,esm2,0,-11.2162422505971,6.78086112520012,standard,0-10 cm,0-11.2 cm
TexasA&MPt-1,fd,Ref,NAT-1-1,NAT-1-1-1,1,fd,0,-10,6.370000000000001,standard,0-10 cm,0-10 cm
TexasA&MPt-1,max,Ref,NAT-1-1,NAT-1-1-2,2,esm1,-11.1,-31.3,5.76851999999993,standard,10-30 cm,11.1-31.3 cm
TexasA&MPt-1,max,Ref,NAT-1-1,NAT-1-1-2,2,esm2,-11.2162422505971,-31.3089299845818,5.55205567145421,standard,10-30 cm,11.2-31.3 cm
TexasA&MPt-1,fd,Ref,NAT-1-1,NAT-1-1-2,2,fd,-10,-30,5.576,standard,10-30 cm,10-30 cm
TexasA&MPt-1,max,Ref,NAT-1-1,NAT-1-1-3,3,esm1,-31.3,-52.5,8.14079999999986,standard,30-50 cm,31.3-52.5 cm
TexasA&MPt-1,max,Ref,NAT-1-1,NAT-1-1-3,3,esm2,-31.3089299845818,-52.3868364737581,7.73607314525505,standard,30-50 cm,31.3-52.4 cm
TexasA&MPt-1,fd,Ref,NAT-1-1,NAT-1-1-3,3,fd,-30,-50,7.68,standard,30-50 cm,30-50 cm
TexasA&MPt-1,max,Ref,NAT-1-1,NAT-1-1-4,4,esm1,-52.5,-78.6,9.55541999999978,standard,50-75 cm,52.5-78.6 cm
TexasA&MPt-1,max,Ref,NAT-1-1,NAT-1-1-4,4,esm2,-52.3868364737581,-78.6795424625828,10.5639699201017,standard,50-75 cm,52.4-78.7 cm
TexasA&MPt-1,fd,Ref,NAT-1-1,NAT-1-1-4,4,fd,-50,-75,9.3285,standard,50-75 cm,50-75 cm
TexasA&MPt-1,max,Ref,NAT-1-1,NAT-1-1-5,5,esm1,-78.6,-108.6,9.89099999999965,standard,75-100 cm,78.6-108.6 cm
TexasA&MPt-1,max,Ref,NAT-1-1,NAT-1-1-5,5,esm2,-78.6795424625828,-108.643660107356,8.31419059731316,standard,75-100 cm,78.7-108.6 cm
TexasA&MPt-1,fd,Ref,NAT-1-1,NAT-1-1-5,5,fd,-75,-100,8.2425,standard,75-100 cm,75-100 cm
TexasA&MPt-1,max,Ref,NAT-2-2,NAT-2-2-1,1,esm1,0,-10.6,5.69765999999999,standard,0-10 cm,0-10.6 cm
TexasA&MPt-1,max,Ref,NAT-2-2,NAT-2-2-1,1,esm2,0,-10.5519067753115,5.73429283098889,standard,0-10 cm,0-10.6 cm
TexasA&MPt-1,fd,Ref,NAT-2-2,NAT-2-2-1,1,fd,0,-10,5.560499999999999,standard,0-10 cm,0-10 cm
TexasA&MPt-1,max,Ref,NAT-2-2,NAT-2-2-2,2,esm1,-10.6,-34.9,6.51733999999996,standard,10-30 cm,10.6-34.9 cm
TexasA&MPt-1,max,Ref,NAT-2-2,NAT-2-2-2,2,esm2,-10.5519067753115,-36.3347114544455,6.0421345663814,standard,10-30 cm,10.6-36.3 cm
TexasA&MPt-1,fd,Ref,NAT-2-2,NAT-2-2-2,2,fd,-10,-30,4.572,standard,10-30 cm,10-30 cm
TexasA&MPt-1,max,Ref,NAT-2-2,NAT-2-2-3,3,esm1,-34.9,-54.9,8.50000000000008,standard,30-50 cm,34.9-54.9 cm
TexasA&MPt-1,max,Ref,NAT-2-2,NAT-2-2-3,3,esm2,-36.3347114544455,-56.6171941811194,8.14971956491615,standard,30-50 cm,36.3-56.6 cm
TexasA&MPt-1,fd,Ref,NAT-2-2,NAT-2-2-3,3,fd,-30,-50,8.5,standard,30-50 cm,30-50 cm
TexasA&MPt-1,max,Ref,NAT-2-2,NAT-2-2-4,4,esm1,-54.9,-80.6,11.1875000000002,standard,50-75 cm,54.9-80.6 cm
TexasA&MPt-1,max,Ref,NAT-2-2,NAT-2-2-4,4,esm2,-56.6171941811194,-79.2394142265684,11.9288190836588,standard,50-75 cm,56.6-79.2 cm
TexasA&MPt-1,fd,Ref,NAT-2-2,NAT-2-2-4,4,fd,-50,-75,10.75,standard,50-75 cm,50-75 cm
TexasA&MPt-1,max,Ref,NAT-2-2,NAT-2-2-5,5,esm1,-80.6,-111.9,14.0850000000005,standard,75-100 cm,80.6-111.9 cm
TexasA&MPt-1,max,Ref,NAT-2-2,NAT-2-2-5,5,esm2,-79.2394142265684,-116.450575247645,14.1972347354238,standard,75-100 cm,79.2-116.5 cm
TexasA&MPt-1,fd,Ref,NAT-2-2,NAT-2-2-5,5,fd,-75,-100,11.249999999999998,standard,75-100 cm,75-100 cm
TexasA&MPt-1,max,Ref,NAT-3-3,NAT-3-3-1,1,esm1,0,-10.5,7.20390000000001,standard,0-10 cm,0-10.5 cm
TexasA&MPt-1,max,Ref,NAT-3-3,NAT-3-3-1,1,esm2,0,-10.5336498909447,7.24183455212721,standard,0-10 cm,0-10.5 cm
TexasA&MPt-1,fd,Ref,NAT-3-3,NAT-3-3-1,1,fd,0,-10,7.038,standard,0-10 cm,0-10 cm
TexasA&MPt-1,max,Ref,NAT-3-3,NAT-3-3-2,2,esm1,-10.5,-31.3,6.81121999999995,standard,10-30 cm,10.5-31.3 cm
TexasA&MPt-1,max,Ref,NAT-3-3,NAT-3-3-2,2,esm2,-10.5336498909447,-31.3440562365166,6.80672625944302,standard,10-30 cm,10.5-31.3 cm
TexasA&MPt-1,fd,Ref,NAT-3-3,NAT-3-3-2,2,fd,-10,-30,6.635999999999999,standard,10-30 cm,10-30 cm
TexasA&MPt-1,max,Ref,NAT-3-3,NAT-3-3-3,3,esm1,-31.3,-52,5.43168000000015,standard,30-50 cm,31.3-52 cm
TexasA&MPt-1,max,Ref,NAT-3-3,NAT-3-3-3,3,esm2,-31.3440562365166,-51.9754615955127,5.1803039269427,standard,30-50 cm,31.3-52 cm
TexasA&MPt-1,fd,Ref,NAT-3-3,NAT-3-3-3,3,fd,-30,-50,5.247999999999999,standard,30-50 cm,30-50 cm
TexasA&MPt-1,max,Ref,NAT-3-3,NAT-3-3-4,4,esm1,-52,-77.8,8.08656000000011,standard,50-75 cm,52-77.8 cm
TexasA&MPt-1,max,Ref,NAT-3-3,NAT-3-3-4,4,esm2,-51.9754615955127,-77.5926168451677,7.52750319066501,standard,50-75 cm,52-77.6 cm
TexasA&MPt-1,fd,Ref,NAT-3-3,NAT-3-3-4,4,fd,-50,-75,7.404,standard,50-75 cm,50-75 cm
TexasA&MPt-1,max,Ref,NAT-3-3,NAT-3-3-5,5,esm1,-77.8,-108.3,13.1516000000002,standard,75-100 cm,77.8-108.3 cm
TexasA&MPt-1,max,Ref,NAT-3-3,NAT-3-3-5,5,esm2,-77.5926168451677,-109.013416429017,15.839569546375,standard,75-100 cm,77.6-109 cm
TexasA&MPt-1,fd,Ref,NAT-3-3,NAT-3-3-5,5,fd,-75,-100,10.780000000000001,standard,75-100 cm,75-100 cm
TexasA&MPt-1,max,SHM,NTM-1-1,NTM-1-1-1,1,esm1,0,-14.9,7.41216,standard,0-10 cm,0-14.9 cm
TexasA&MPt-1,max,SHM,NTM-1-1,NTM-1-1-1,1,esm2,0,-17.7151904898004,8.82351300044498,standard,0-10 cm,0-17.7 cm
TexasA&MPt-1,fd,SHM,NTM-1-1,NTM-1-1-1,1,fd,0,-10,6.244,standard,0-10 cm,0-10 cm
TexasA&MPt-1,max,SHM,NTM-1-1,NTM-1-1-2,2,esm1,-14.9,-37.2,5.16143999999997,standard,10-30 cm,14.9-37.2 cm
TexasA&MPt-1,max,SHM,NTM-1-1,NTM-1-1-2,2,esm2,-17.7151904898004,-36.6926621460421,3.59105589479587,standard,10-30 cm,17.7-36.7 cm
TexasA&MPt-1,fd,SHM,NTM-1-1,NTM-1-1-2,2,fd,-10,-30,4.768,standard,10-30 cm,10-30 cm
TexasA&MPt-1,max,SHM,NTM-1-1,NTM-1-1-3,3,esm1,-37.2,-61.5,4.08239999999998,standard,30-50 cm,37.2-61.5 cm
TexasA&MPt-1,max,SHM,NTM-1-1,NTM-1-1-3,3,esm2,-36.6926621460421,-60.3753986240703,3.90662947829069,standard,30-50 cm,36.7-60.4 cm
TexasA&MPt-1,fd,SHM,NTM-1-1,NTM-1-1-3,3,fd,-30,-50,3.7119999999999997,standard,30-50 cm,30-50 cm
TexasA&MPt-1,max,SHM,NTM-1-1,NTM-1-1-4,4,esm1,-61.5,-90.1,4.75950000000008,standard,50-75 cm,61.5-90.1 cm
TexasA&MPt-1,max,SHM,NTM-1-1,NTM-1-1-4,4,esm2,-60.3753986240703,-90.9451369178241,5.26513465864048,standard,50-75 cm,60.4-90.9 cm
TexasA&MPt-1,fd,SHM,NTM-1-1,NTM-1-1-4,4,fd,-50,-75,4.199999999999999,standard,50-75 cm,50-75 cm
TexasA&MPt-1,max,SHM,NTM-1-1,NTM-1-1-5,5,esm1,-90.1,-121.4,5.1645000000002,standard,75-100 cm,90.1-121.4 cm
TexasA&MPt-1,max,SHM,NTM-1-1,NTM-1-1-5,5,esm2,-90.9451369178241,-115.024512089946,4.12104544304234,standard,75-100 cm,90.9-115 cm
TexasA&MPt-1,fd,SHM,NTM-1-1,NTM-1-1-5,5,fd,-75,-100,4.125,standard,75-100 cm,75-100 cm
TexasA&MPt-1,max,SHM,NTM-1-2,NTM-1-2-1,1,esm1,0,-12.1,6.98410000000002,standard,0-10 cm,0-12.1 cm
TexasA&MPt-1,max,SHM,NTM-1-2,NTM-1-2-1,1,esm2,0,-12.2183338796894,7.43296799580534,standard,0-10 cm,0-12.2 cm
TexasA&MPt-1,fd,SHM,NTM-1-2,NTM-1-2-1,1,fd,0,-10,6.4990000000000006,standard,0-10 cm,0-10 cm
TexasA&MPt-1,max,SHM,NTM-1-2,NTM-1-2-2,2,esm1,-12.1,-32.1,4.61999999999993,standard,10-30 cm,12.1-32.1 cm
TexasA&MPt-1,max,SHM,NTM-1-2,NTM-1-2-2,2,esm2,-12.2183338796894,-32.1317944417008,4.41488559730209,standard,10-30 cm,12.2-32.1 cm
TexasA&MPt-1,fd,SHM,NTM-1-2,NTM-1-2-2,2,fd,-10,-30,4.62,standard,10-30 cm,10-30 cm
TexasA&MPt-1,max,SHM,NTM-1-2,NTM-1-2-3,3,esm1,-32.1,-53.8,4.74949999999983,standard,30-50 cm,32.1-53.8 cm
TexasA&MPt-1,max,SHM,NTM-1-2,NTM-1-2-3,3,esm2,-32.1317944417008,-53.4126133932711,4.12286402937986,standard,30-50 cm,32.1-53.4 cm
TexasA&MPt-1,fd,SHM,NTM-1-2,NTM-1-2-3,3,fd,-30,-50,4.41,standard,30-50 cm,30-50 cm
TexasA&MPt-1,max,SHM,NTM-1-2,NTM-1-2-4,4,esm1,-53.8,-80.8,5.64439999999986,standard,50-75 cm,53.8-80.8 cm
TexasA&MPt-1,max,SHM,NTM-1-2,NTM-1-2-4,4,esm2,-53.4126133932711,-80.8309012725816,6.19870735571179,standard,50-75 cm,53.4-80.8 cm
TexasA&MPt-1,fd,SHM,NTM-1-2,NTM-1-2-4,4,fd,-50,-75,5.425000000000001,standard,50-75 cm,50-75 cm
TexasA&MPt-1,max,SHM,NTM-1-2,NTM-1-2-5,5,esm1,-80.8,-112.1,5.63400000000021,standard,75-100 cm,80.8-112.1 cm
TexasA&MPt-1,max,SHM,NTM-1-2,NTM-1-2-5,5,esm2,-80.8309012725816,-112.121272005227,4.73722722089271,standard,75-100 cm,80.8-112.1 cm
TexasA&MPt-1,fd,SHM,NTM-1-2,NTM-1-2-5,5,fd,-75,-100,4.5,standard,75-100 cm,75-100 cm
TexasA&MPt-1,max,SHM,NTM-1-3,NTM-1-3-1,1,esm1,0,-12.1,7.01444,standard,0-10 cm,0-12.1 cm
TexasA&MPt-1,max,SHM,NTM-1-3,NTM-1-3-1,1,esm2,0,-12.5434470022381,7.75399702864554,standard,0-10 cm,0-12.5 cm
TexasA&MPt-1,fd,SHM,NTM-1-3,NTM-1-3-1,1,fd,0,-10,6.5705,standard,0-10 cm,0-10 cm
TexasA&MPt-1,max,SHM,NTM-1-3,NTM-1-3-2,2,esm1,-12.1,-34,4.62966000000014,standard,10-30 cm,12.1-34 cm
TexasA&MPt-1,max,SHM,NTM-1-3,NTM-1-3-2,2,esm2,-12.5434470022381,-34.0939523036799,3.97966158215906,standard,10-30 cm,12.5-34.1 cm
TexasA&MPt-1,fd,SHM,NTM-1-3,NTM-1-3-2,2,fd,-10,-30,4.228000000000001,standard,10-30 cm,10-30 cm
TexasA&MPt-1,max,SHM,NTM-1-3,NTM-1-3-3,3,esm1,-34,-57.1,7.35854000000008,standard,30-50 cm,34-57.1 cm
TexasA&MPt-1,max,SHM,NTM-1-3,NTM-1-3-3,3,esm2,-34.0939523036799,-56.6409989441012,6.31283342385553,standard,30-50 cm,34.1-56.6 cm
TexasA&MPt-1,fd,SHM,NTM-1-3,NTM-1-3-3,3,fd,-30,-50,5.908,standard,30-50 cm,30-50 cm
TexasA&MPt-1,max,SHM,NTM-1-3,NTM-1-3-4,4,esm1,-57.1,-85.5,8.22486000000016,standard,50-75 cm,57.1-85.5 cm
TexasA&MPt-1,max,SHM,NTM-1-3,NTM-1-3-4,4,esm2,-56.6409989441012,-85.6083676166581,9.90619205405002,standard,50-75 cm,56.6-85.6 cm
TexasA&MPt-1,fd,SHM,NTM-1-3,NTM-1-3-4,4,fd,-50,-75,8.085,standard,50-75 cm,50-75 cm
TexasA&MPt-1,max,SHM,NTM-1-3,NTM-1-3-5,5,esm1,-85.5,-117.9,7.51680000000017,standard,75-100 cm,85.5-117.9 cm
TexasA&MPt-1,max,SHM,NTM-1-3,NTM-1-3-5,5,esm2,-85.6083676166581,-117.420129397211,2.31783893214849,standard,75-100 cm,85.6-117.4 cm
TexasA&MPt-1,fd,SHM,NTM-1-3,NTM-1-3-5,5,fd,-75,-100,5.8,standard,75-100 cm,75-100 cm
TexasA&MPt-1,max,SHM,NTM-2-1,NTM-2-1-1,1,esm1,0,-13.7,7.76867999999999,standard,0-10 cm,0-13.7 cm
TexasA&MPt-1,max,SHM,NTM-2-1,NTM-2-1-1,1,esm2,0,-13.386320975296,8.97308164962249,standard,0-10 cm,0-13.4 cm
TexasA&MPt-1,fd,SHM,NTM-2-1,NTM-2-1-1,1,fd,0,-10,6.9864999999999995,standard,0-10 cm,0-10 cm
TexasA&MPt-1,max,SHM,NTM-2-1,NTM-2-1-2,2,esm1,-13.7,-35.6,4.64664000000017,standard,10-30 cm,13.7-35.6 cm
TexasA&MPt-1,max,SHM,NTM-2-1,NTM-2-1-2,2,esm2,-13.386320975296,-35.599936692242,3.34163358039036,standard,10-30 cm,13.4-35.6 cm
TexasA&MPt-1,fd,SHM,NTM-2-1,NTM-2-1-2,2,fd,-10,-30,4.228000000000001,standard,10-30 cm,10-30 cm
TexasA&MPt-1,max,SHM,NTM-2-1,NTM-2-1-3,3,esm1,-35.6,-59.7,5.7767699999999,standard,30-50 cm,35.6-59.7 cm
TexasA&MPt-1,max,SHM,NTM-2-1,NTM-2-1-3,3,esm2,-35.599936692242,-59.8158150609258,4.95910681896574,standard,30-50 cm,35.6-59.8 cm
TexasA&MPt-1,fd,SHM,NTM-2-1,NTM-2-1-3,3,fd,-30,-50,4.6525,standard,30-50 cm,30-50 cm
TexasA&MPt-1,max,SHM,NTM-2-1,NTM-2-1-4,4,esm1,-59.7,-88.2,7.05584999999999,standard,50-75 cm,59.7-88.2 cm
TexasA&MPt-1,max,SHM,NTM-2-1,NTM-2-1-4,4,esm2,-59.8158150609258,-88.5718332902252,8.33733692522789,standard,50-75 cm,59.8-88.6 cm
TexasA&MPt-1,fd,SHM,NTM-2-1,NTM-2-1-4,4,fd,-50,-75,5.9925,standard,50-75 cm,50-75 cm
TexasA&MPt-1,max,SHM,NTM-2-1,NTM-2-1-5,5,esm1,-88.2,-119.3,7.98337000000034,standard,75-100 cm,88.2-119.3 cm
TexasA&MPt-1,max,SHM,NTM-2-1,NTM-2-1-5,5,esm2,-88.5718332902252,-116.661343856089,5.42513908188005,standard,75-100 cm,88.6-116.7 cm
TexasA&MPt-1,fd,SHM,NTM-2-1,NTM-2-1-5,5,fd,-75,-100,6.417500000000001,standard,75-100 cm,75-100 cm
TexasA&MPt-1,max,SHM,NTM-2-2,NTM-2-2-1,1,esm1,0,-10.8,9.25327999999998,standard,0-10 cm,0-10.8 cm
TexasA&MPt-1,max,SHM,NTM-2-2,NTM-2-2-1,1,esm2,0,-10.8378981798093,9.51635498826099,standard,0-10 cm,0-10.8 cm
TexasA&MPt-1,fd,SHM,NTM-2-2,NTM-2-2-1,1,fd,0,-10,9.06,standard,0-10 cm,0-10 cm
TexasA&MPt-1,max,SHM,NTM-2-2,NTM-2-2-2,2,esm1,-10.8,-32.7,5.29104000000004,standard,10-30 cm,10.8-32.7 cm
TexasA&MPt-1,max,SHM,NTM-2-2,NTM-2-2-2,2,esm2,-10.8378981798093,-32.634160171912,5.20939384105103,standard,10-30 cm,10.8-32.6 cm
TexasA&MPt-1,fd,SHM,NTM-2-2,NTM-2-2-2,2,fd,-10,-30,4.832,standard,10-30 cm,10-30 cm
TexasA&MPt-1,max,SHM,NTM-2-2,NTM-2-2-3,3,esm1,-32.7,-57,6.67167999999982,standard,30-50 cm,32.7-57 cm
TexasA&MPt-1,max,SHM,NTM-2-2,NTM-2-2-3,3,esm2,-32.634160171912,-56.8935477014798,5.94871792229848,standard,30-50 cm,32.6-56.9 cm
TexasA&MPt-1,fd,SHM,NTM-2-2,NTM-2-2-3,3,fd,-30,-50,5.377999999999999,standard,30-50 cm,30-50 cm
TexasA&MPt-1,max,SHM,NTM-2-2,NTM-2-2-4,4,esm1,-57,-86.4,7.46639999999978,standard,50-75 cm,57-86.4 cm
TexasA&MPt-1,max,SHM,NTM-2-2,NTM-2-2-4,4,esm2,-56.8935477014798,-86.7078937139657,8.55619540807639,standard,50-75 cm,56.9-86.7 cm
TexasA&MPt-1,fd,SHM,NTM-2-2,NTM-2-2-4,4,fd,-50,-75,6.949999999999999,standard,50-75 cm,50-75 cm
TexasA&MPt-1,max,SHM,NTM-2-2,NTM-2-2-5,5,esm1,-86.4,-119,7.0415999999998,standard,75-100 cm,86.4-119 cm
TexasA&MPt-1,max,SHM,NTM-2-2,NTM-2-2-5,5,esm2,-86.7078937139657,-117.181125987154,2.98887992198938,standard,75-100 cm,86.7-117.2 cm
TexasA&MPt-1,fd,SHM,NTM-2-2,NTM-2-2-5,5,fd,-75,-100,5.4,standard,75-100 cm,75-100 cm
TexasA&MPt-1,max,SHM,NTM-2-3,NTM-2-3-1,1,esm1,0,-11.6,10.60212,standard,0-10 cm,0-11.6 cm
TexasA&MPt-1,max,SHM,NTM-2-3,NTM-2-3-1,1,esm2,0,-11.7596308913082,11.0531957278757,standard,0-10 cm,0-11.8 cm
TexasA&MPt-1,fd,SHM,NTM-2-3,NTM-2-3-1,1,fd,0,-10,10.213,standard,0-10 cm,0-10 cm
TexasA&MPt-1,max,SHM,NTM-2-3,NTM-2-3-2,2,esm1,-11.6,-33.3,5.27743999999988,standard,10-30 cm,11.6-33.3 cm
TexasA&MPt-1,max,SHM,NTM-2-3,NTM-2-3-2,2,esm2,-11.7596308913082,-33.3196619231205,4.9698037097427,standard,10-30 cm,11.8-33.3 cm
TexasA&MPt-1,fd,SHM,NTM-2-3,NTM-2-3-2,2,fd,-10,-30,4.864,standard,10-30 cm,10-30 cm
TexasA&MPt-1,max,SHM,NTM-2-3,NTM-2-3-3,3,esm1,-33.3,-57.9,6.68804000000001,standard,30-50 cm,33.3-57.9 cm
TexasA&MPt-1,max,SHM,NTM-2-3,NTM-2-3-3,3,esm2,-33.3196619231205,-57.4747436737347,5.94795333095071,standard,30-50 cm,33.3-57.5 cm
TexasA&MPt-1,fd,SHM,NTM-2-3,NTM-2-3-3,3,fd,-30,-50,5.3260000000000005,standard,30-50 cm,30-50 cm
TexasA&MPt-1,max,SHM,NTM-2-3,NTM-2-3-4,4,esm1,-57.9,-87.8,7.75355999999982,standard,50-75 cm,57.9-87.8 cm
TexasA&MPt-1,max,SHM,NTM-2-3,NTM-2-3-4,4,esm2,-57.4747436737347,-88.2198267584596,8.79478261996692,standard,50-75 cm,57.5-88.2 cm
TexasA&MPt-1,fd,SHM,NTM-2-3,NTM-2-3-4,4,fd,-50,-75,6.8500000000000005,standard,50-75 cm,50-75 cm
TexasA&MPt-1,max,SHM,NTM-2-3,NTM-2-3-5,5,esm1,-87.8,-121.2,8.0059799999995,standard,75-100 cm,87.8-121.2 cm
TexasA&MPt-1,max,SHM,NTM-2-3,NTM-2-3-5,5,esm2,-88.2198267584596,-118.305297321493,4.33486255710318,standard,75-100 cm,88.2-118.3 cm
TexasA&MPt-1,fd,SHM,NTM-2-3,NTM-2-3-5,5,fd,-75,-100,5.9925,standard,75-100 cm,75-100 cm
TexasA&MPt-1,max,SHM,NTM-3-1,NTM-3-1-1,1,esm1,0,-14.3,8.04810000000001,standard,0-10 cm,0-14.3 cm
TexasA&MPt-1,max,SHM,NTM-3-1,NTM-3-1-1,1,esm2,0,-15.2197183531515,8.70393649596318,standard,0-10 cm,0-15.2 cm
TexasA&MPt-1,fd,SHM,NTM-3-1,NTM-3-1-1,1,fd,0,-10,6.7924999999999995,standard,0-10 cm,0-10 cm
TexasA&MPt-1,max,SHM,NTM-3-1,NTM-3-1-2,2,esm1,-14.3,-36.9,6.67367999999989,standard,10-30 cm,14.3-36.9 cm
TexasA&MPt-1,max,SHM,NTM-3-1,NTM-3-1-2,2,esm2,-15.2197183531515,-36.7958297233413,5.87091199174278,standard,10-30 cm,15.2-36.8 cm
TexasA&MPt-1,fd,SHM,NTM-3-1,NTM-3-1-2,2,fd,-10,-30,5.84,standard,10-30 cm,10-30 cm
TexasA&MPt-1,max,SHM,NTM-3-1,NTM-3-1-3,3,esm1,-36.9,-60.5,7.81632000000006,standard,30-50 cm,36.9-60.5 cm
TexasA&MPt-1,max,SHM,NTM-3-1,NTM-3-1-3,3,esm2,-36.7958297233413,-60.5479173418111,7.63079502969579,standard,30-50 cm,36.8-60.5 cm
TexasA&MPt-1,fd,SHM,NTM-3-1,NTM-3-1-3,3,fd,-30,-50,6.428,standard,30-50 cm,30-50 cm
TexasA&MPt-1,max,SHM,NTM-3-1,NTM-3-1-4,4,esm1,-60.5,-86,8.52480000000019,standard,50-75 cm,60.5-86 cm
TexasA&MPt-1,max,SHM,NTM-3-1,NTM-3-1-4,4,esm2,-60.5479173418111,-87.6408249181905,9.56656179410822,standard,50-75 cm,60.5-87.6 cm
TexasA&MPt-1,fd,SHM,NTM-3-1,NTM-3-1-4,4,fd,-50,-75,8.28,standard,50-75 cm,50-75 cm
TexasA&MPt-1,max,SHM,NTM-3-1,NTM-3-1-5,5,esm1,-86,-111,8.45999999999957,standard,75-100 cm,86-111 cm
TexasA&MPt-1,max,SHM,NTM-3-1,NTM-3-1-5,5,esm2,-87.6408249181905,-106.041790434205,5.5657519396349,standard,75-100 cm,87.6-106 cm
TexasA&MPt-1,fd,SHM,NTM-3-1,NTM-3-1-5,5,fd,-75,-100,8.459999999999999,standard,75-100 cm,75-100 cm
TexasA&MPt-1,max,SHM,NTM-3-2,NTM-3-2-1,1,esm1,0,-12.6,12.12528,standard,0-10 cm,0-12.6 cm
TexasA&MPt-1,max,SHM,NTM-3-2,NTM-3-2-1,1,esm2,0,-12.718244634246,12.8943557667192,standard,0-10 cm,0-12.7 cm
TexasA&MPt-1,fd,SHM,NTM-3-2,NTM-3-2-1,1,fd,0,-10,11.676,standard,0-10 cm,0-10 cm
TexasA&MPt-1,max,SHM,NTM-3-2,NTM-3-2-2,2,esm1,-12.6,-35.5,4.03131999999989,standard,10-30 cm,12.6-35.5 cm
TexasA&MPt-1,max,SHM,NTM-3-2,NTM-3-2-2,2,esm2,-12.718244634246,-35.5462502834011,3.12751629847181,standard,10-30 cm,12.7-35.5 cm
TexasA&MPt-1,fd,SHM,NTM-3-2,NTM-3-2-2,2,fd,-10,-30,3.4559999999999995,standard,10-30 cm,10-30 cm
TexasA&MPt-1,max,SHM,NTM-3-2,NTM-3-2-3,3,esm1,-35.5,-58.8,7.48395999999978,standard,30-50 cm,35.5-58.8 cm
TexasA&MPt-1,max,SHM,NTM-3-2,NTM-3-2-3,3,esm2,-35.5462502834011,-58.8064161921193,5.52519968981812,standard,30-50 cm,35.5-58.8 cm
TexasA&MPt-1,fd,SHM,NTM-3-2,NTM-3-2-3,3,fd,-30,-50,5.6819999999999995,standard,30-50 cm,30-50 cm
TexasA&MPt-1,max,SHM,NTM-3-2,NTM-3-2-4,4,esm1,-58.8,-87.3,11.98074,standard,50-75 cm,58.8-87.3 cm
TexasA&MPt-1,max,SHM,NTM-3-2,NTM-3-2-4,4,esm2,-58.8064161921193,-87.3136085227454,13.721723857909,standard,50-75 cm,58.8-87.3 cm
TexasA&MPt-1,fd,SHM,NTM-3-2,NTM-3-2-4,4,fd,-50,-75,8.03,standard,50-75 cm,50-75 cm
TexasA&MPt-1,max,SHM,NTM-3-2,NTM-3-2-5,5,esm1,-87.3,-119.7,17.852400000001,standard,75-100 cm,87.3-119.7 cm
TexasA&MPt-1,max,SHM,NTM-3-2,NTM-3-2-5,5,esm2,-87.3136085227454,-120.036135137783,20.7946452846225,standard,75-100 cm,87.3-120 cm
TexasA&MPt-1,fd,SHM,NTM-3-2,NTM-3-2-5,5,fd,-75,-100,13.774999999999999,standard,75-100 cm,75-100 cm
TexasA&MPt-1,max,SHM,NTM-3-3,NTM-3-3-1,1,esm1,0,-10.3,5.969,standard,0-10 cm,0-10.3 cm
TexasA&MPt-1,max,SHM,NTM-3-3,NTM-3-3-1,1,esm2,0,-10.2716087007969,5.99267121383515,standard,0-10 cm,0-10.3 cm
TexasA&MPt-1,fd,SHM,NTM-3-3,NTM-3-3-1,1,fd,0,-10,5.9105,standard,0-10 cm,0-10 cm
TexasA&MPt-1,max,SHM,NTM-3-3,NTM-3-3-2,2,esm1,-10.3,-32.3,4.29000000000007,standard,10-30 cm,10.3-32.3 cm
TexasA&MPt-1,max,SHM,NTM-3-3,NTM-3-3-2,2,esm2,-10.2716087007969,-32.19487571987,4.30761724010496,standard,10-30 cm,10.3-32.2 cm
TexasA&MPt-1,fd,SHM,NTM-3-3,NTM-3-3-2,2,fd,-10,-30,3.9000000000000004,standard,10-30 cm,10-30 cm
TexasA&MPt-1,max,SHM,NTM-3-3,NTM-3-3-3,3,esm1,-32.3,-54.1,4.42481000000003,standard,30-50 cm,32.3-54.1 cm
TexasA&MPt-1,max,SHM,NTM-3-3,NTM-3-3-3,3,esm2,-32.19487571987,-54.5754449871879,4.50333392008759,standard,30-50 cm,32.2-54.6 cm
TexasA&MPt-1,fd,SHM,NTM-3-3,NTM-3-3-3,3,fd,-30,-50,4.0365,standard,30-50 cm,30-50 cm
TexasA&MPt-1,max,SHM,NTM-3-3,NTM-3-3-4,4,esm1,-54.1,-80.9,4.87279999999982,standard,50-75 cm,54.1-80.9 cm
TexasA&MPt-1,max,SHM,NTM-3-3,NTM-3-3-4,4,esm2,-54.5754449871879,-80.6259703693755,5.00922753715003,standard,50-75 cm,54.6-80.6 cm
TexasA&MPt-1,fd,SHM,NTM-3-3,NTM-3-3-4,4,fd,-50,-75,5.1025,standard,50-75 cm,50-75 cm
TexasA&MPt-1,max,SHM,NTM-3-3,NTM-3-3-5,5,esm1,-80.9,-112.8,3.2825100000004,standard,75-100 cm,80.9-112.8 cm
TexasA&MPt-1,max,SHM,NTM-3-3,NTM-3-3-5,5,esm2,-80.6259703693755,-114.42067475961,1.71735132198314,standard,75-100 cm,80.6-114.4 cm
TexasA&MPt-1,fd,SHM,NTM-3-3,NTM-3-3-5,5,fd,-75,-100,2.5725000000000002,standard,75-100 cm,75-100 cm
TexasA&MPt-1,max,SHM,NTR-1-1,NTR-1-1-1,1,esm1,0,-12.9,7.47046000000001,standard,0-10 cm,0-12.9 cm
TexasA&MPt-1,max,SHM,NTR-1-1,NTR-1-1-1,1,esm2,0,-13.1953049855764,8.24471555428523,standard,0-10 cm,0-13.2 cm
TexasA&MPt-1,fd,SHM,NTR-1-1,NTR-1-1-1,1,fd,0,-10,6.9125000000000005,standard,0-10 cm,0-10 cm
TexasA&MPt-1,max,SHM,NTR-1-1,NTR-1-1-2,2,esm1,-12.9,-35.2,4.30751999999998,standard,10-30 cm,12.9-35.2 cm
TexasA&MPt-1,max,SHM,NTR-1-1,NTR-1-1-2,2,esm2,-13.1953049855764,-35.1957772821437,3.50251400678314,standard,10-30 cm,13.2-35.2 cm
TexasA&MPt-1,fd,SHM,NTR-1-1,NTR-1-1-2,2,fd,-10,-30,3.8480000000000003,standard,10-30 cm,10-30 cm
TexasA&MPt-1,max,SHM,NTR-1-1,NTR-1-1-3,3,esm1,-35.2,-58.4,6.43568000000006,standard,30-50 cm,35.2-58.4 cm
TexasA&MPt-1,max,SHM,NTR-1-1,NTR-1-1-3,3,esm2,-35.1957772821437,-58.2385839073869,5.71418812758475,standard,30-50 cm,35.2-58.2 cm
TexasA&MPt-1,fd,SHM,NTR-1-1,NTR-1-1-3,3,fd,-30,-50,5.122999999999999,standard,30-50 cm,30-50 cm
TexasA&MPt-1,max,SHM,NTR-1-1,NTR-1-1-4,4,esm1,-58.4,-86.8,7.20674000000025,standard,50-75 cm,58.4-86.8 cm
TexasA&MPt-1,max,SHM,NTR-1-1,NTR-1-1-4,4,esm2,-58.2385839073869,-86.9563525484137,8.53850522698221,standard,50-75 cm,58.2-87 cm
TexasA&MPt-1,fd,SHM,NTR-1-1,NTR-1-1-4,4,fd,-50,-75,6.935,standard,50-75 cm,50-75 cm
TexasA&MPt-1,max,SHM,NTR-1-1,NTR-1-1-5,5,esm1,-86.8,-118.8,7.05600000000004,standard,75-100 cm,86.8-118.8 cm
TexasA&MPt-1,max,SHM,NTR-1-1,NTR-1-1-5,5,esm2,-86.9563525484137,-118.084442057927,2.79194229068768,standard,75-100 cm,87-118.1 cm
TexasA&MPt-1,fd,SHM,NTR-1-1,NTR-1-1-5,5,fd,-75,-100,5.5125,standard,75-100 cm,75-100 cm
TexasA&MPt-1,max,SHM,NTR-1-2,NTR-1-2-1,1,esm1,0,-12.2,7.3781,standard,0-10 cm,0-12.2 cm
TexasA&MPt-1,max,SHM,NTR-1-2,NTR-1-2-1,1,esm2,0,-12.6429556221248,7.75641522987295,standard,0-10 cm,0-12.6 cm
TexasA&MPt-1,fd,SHM,NTR-1-2,NTR-1-2-1,1,fd,0,-10,6.86,standard,0-10 cm,0-10 cm
TexasA&MPt-1,max,SHM,NTR-1-2,NTR-1-2-2,2,esm1,-12.2,-33.2,4.94550000000004,standard,10-30 cm,12.2-33.2 cm
TexasA&MPt-1,max,SHM,NTR-1-2,NTR-1-2-2,2,esm2,-12.6429556221248,-33.3767115866036,4.68126334161839,standard,10-30 cm,12.6-33.4 cm
TexasA&MPt-1,fd,SHM,NTR-1-2,NTR-1-2-2,2,fd,-10,-30,4.71,standard,10-30 cm,10-30 cm
TexasA&MPt-1,max,SHM,NTR-1-2,NTR-1-2-3,3,esm1,-33.2,-55.7,5.73759000000012,standard,30-50 cm,33.2-55.7 cm
TexasA&MPt-1,max,SHM,NTR-1-2,NTR-1-2-3,3,esm2,-33.3767115866036,-55.1801799914184,5.13545094538073,standard,30-50 cm,33.4-55.2 cm
TexasA&MPt-1,fd,SHM,NTR-1-2,NTR-1-2-3,3,fd,-30,-50,5.0280000000000005,standard,30-50 cm,30-50 cm
TexasA&MPt-1,max,SHM,NTR-1-2,NTR-1-2-4,4,esm1,-55.7,-83.2,7.05925000000045,standard,50-75 cm,55.7-83.2 cm
TexasA&MPt-1,max,SHM,NTR-1-2,NTR-1-2-4,4,esm2,-55.1801799914184,-83.3610331387135,7.68342361178963,standard,50-75 cm,55.2-83.4 cm
TexasA&MPt-1,fd,SHM,NTR-1-2,NTR-1-2-4,4,fd,-50,-75,6.417500000000001,standard,50-75 cm,50-75 cm
TexasA&MPt-1,max,SHM,NTR-1-2,NTR-1-2-5,5,esm1,-83.2,-114.3,7.98337000000035,standard,75-100 cm,83.2-114.3 cm
TexasA&MPt-1,max,SHM,NTR-1-2,NTR-1-2-5,5,esm2,-83.3610331387135,-113.615981654706,7.22431813079694,standard,75-100 cm,83.4-113.6 cm
TexasA&MPt-1,fd,SHM,NTR-1-2,NTR-1-2-5,5,fd,-75,-100,6.417500000000001,standard,75-100 cm,75-100 cm
TexasA&MPt-1,max,SHM,NTR-1-3,NTR-1-3-1,1,esm1,0,-11.3,8.47466000000001,standard,0-10 cm,0-11.3 cm
TexasA&MPt-1,max,SHM,NTR-1-3,NTR-1-3-1,1,esm2,0,-11.4010774734523,8.64601218065829,standard,0-10 cm,0-11.4 cm
TexasA&MPt-1,fd,SHM,NTR-1-3,NTR-1-3-1,1,fd,0,-10,8.126,standard,0-10 cm,0-10 cm
TexasA&MPt-1,max,SHM,NTR-1-3,NTR-1-3-2,2,esm1,-11.3,-33.4,5.92722000000016,standard,10-30 cm,11.3-33.4 cm
TexasA&MPt-1,max,SHM,NTR-1-3,NTR-1-3-2,2,esm2,-11.4010774734523,-33.5085762219013,5.87513708054751,standard,10-30 cm,11.4-33.5 cm
TexasA&MPt-1,fd,SHM,NTR-1-3,NTR-1-3-2,2,fd,-10,-30,5.364,standard,10-30 cm,10-30 cm
TexasA&MPt-1,max,SHM,NTR-1-3,NTR-1-3-3,3,esm1,-33.4,-56.3,5.18966999999989,standard,30-50 cm,33.4-56.3 cm
TexasA&MPt-1,max,SHM,NTR-1-3,NTR-1-3-3,3,esm2,-33.5085762219013,-56.3679112331859,4.82172110470463,standard,30-50 cm,33.5-56.4 cm
TexasA&MPt-1,fd,SHM,NTR-1-3,NTR-1-3-3,3,fd,-30,-50,4.6935,standard,30-50 cm,30-50 cm
TexasA&MPt-1,max,SHM,NTR-1-3,NTR-1-3-4,4,esm1,-56.3,-83.5,6.88244999999993,standard,50-75 cm,56.3-83.5 cm
TexasA&MPt-1,max,SHM,NTR-1-3,NTR-1-3-4,4,esm2,-56.3679112331859,-83.8538230907676,6.86848115919985,standard,50-75 cm,56.4-83.9 cm
TexasA&MPt-1,fd,SHM,NTR-1-3,NTR-1-3-4,4,fd,-50,-75,5.5875,standard,50-75 cm,50-75 cm
TexasA&MPt-1,max,SHM,NTR-1-3,NTR-1-3-5,5,esm1,-83.5,-113.1,9.41279999999971,standard,75-100 cm,83.5-113.1 cm
TexasA&MPt-1,max,SHM,NTR-1-3,NTR-1-3-5,5,esm2,-83.8538230907676,-112.002551339876,11.0748059154751,standard,75-100 cm,83.9-112 cm
TexasA&MPt-1,fd,SHM,NTR-1-3,NTR-1-3-5,5,fd,-75,-100,7.950000000000001,standard,75-100 cm,75-100 cm
TexasA&MPt-1,max,SHM,NTR-2-1,NTR-2-1-1,1,esm1,0,-13.2,6.72279999999998,standard,0-10 cm,0-13.2 cm
TexasA&MPt-1,max,SHM,NTR-2-1,NTR-2-1-1,1,esm2,0,-13.6303006447946,6.81843499987914,standard,0-10 cm,0-13.6 cm
TexasA&MPt-1,fd,SHM,NTR-2-1,NTR-2-1-1,1,fd,0,-10,6.046,standard,0-10 cm,0-10 cm
TexasA&MPt-1,max,SHM,NTR-2-1,NTR-2-1-2,2,esm1,-13.2,-36.7,4.99218000000004,standard,10-30 cm,13.2-36.7 cm
TexasA&MPt-1,max,SHM,NTR-2-1,NTR-2-1-2,2,esm2,-13.6303006447946,-36.6595092814803,4.87374728922456,standard,10-30 cm,13.6-36.7 cm
TexasA&MPt-1,fd,SHM,NTR-2-1,NTR-2-1-2,2,fd,-10,-30,4.2299999999999995,standard,10-30 cm,10-30 cm
TexasA&MPt-1,max,SHM,NTR-2-1,NTR-2-1-3,3,esm1,-36.7,-62.5,5.78951999999989,standard,30-50 cm,36.7-62.5 cm
TexasA&MPt-1,max,SHM,NTR-2-1,NTR-2-1-3,3,esm2,-36.6595092814803,-62.4635866179775,5.75734012651087,standard,30-50 cm,36.7-62.5 cm
TexasA&MPt-1,fd,SHM,NTR-2-1,NTR-2-1-3,3,fd,-30,-50,4.423500000000001,standard,30-50 cm,30-50 cm
TexasA&MPt-1,max,SHM,NTR-2-1,NTR-2-1-4,4,esm1,-62.5,-91.4,6.54419999999997,standard,50-75 cm,62.5-91.4 cm
TexasA&MPt-1,max,SHM,NTR-2-1,NTR-2-1-4,4,esm2,-62.4635866179775,-92.2982993742087,6.81297502659218,standard,50-75 cm,62.5-92.3 cm
TexasA&MPt-1,fd,SHM,NTR-2-1,NTR-2-1-4,4,fd,-50,-75,5.61,standard,50-75 cm,50-75 cm
TexasA&MPt-1,max,SHM,NTR-2-1,NTR-2-1-5,5,esm1,-91.4,-122.4,7.06800000000005,standard,75-100 cm,91.4-122.4 cm
TexasA&MPt-1,max,SHM,NTR-2-1,NTR-2-1-5,5,esm2,-92.2982993742087,-114.708198017514,4.96675525123766,standard,75-100 cm,92.3-114.7 cm
TexasA&MPt-1,fd,SHM,NTR-2-1,NTR-2-1-5,5,fd,-75,-100,5.699999999999999,standard,75-100 cm,75-100 cm
TexasA&MPt-1,max,SHM,NTR-2-2,NTR-2-2-1,1,esm1,0,-13.4,7.441,standard,0-10 cm,0-13.4 cm
TexasA&MPt-1,max,SHM,NTR-2-2,NTR-2-2-1,1,esm2,0,-14.0040950456675,8.21434970308289,standard,0-10 cm,0-14 cm
TexasA&MPt-1,fd,SHM,NTR-2-2,NTR-2-2-1,1,fd,0,-10,6.4719999999999995,standard,0-10 cm,0-10 cm
TexasA&MPt-1,max,SHM,NTR-2-2,NTR-2-2-2,2,esm1,-13.4,-35.4,6.26039999999986,standard,10-30 cm,13.4-35.4 cm
TexasA&MPt-1,max,SHM,NTR-2-2,NTR-2-2-2,2,esm2,-14.0040950456675,-35.4078829360111,5.46621828724418,standard,10-30 cm,14-35.4 cm
TexasA&MPt-1,fd,SHM,NTR-2-2,NTR-2-2-2,2,fd,-10,-30,5.700000000000001,standard,10-30 cm,10-30 cm
TexasA&MPt-1,max,SHM,NTR-2-2,NTR-2-2-3,3,esm1,-35.4,-58.8,6.1073999999999,standard,30-50 cm,35.4-58.8 cm
TexasA&MPt-1,max,SHM,NTR-2-2,NTR-2-2-3,3,esm2,-35.4078829360111,-58.2879257904443,5.81094227189979,standard,30-50 cm,35.4-58.3 cm
TexasA&MPt-1,fd,SHM,NTR-2-2,NTR-2-2-3,3,fd,-30,-50,5.34,standard,30-50 cm,30-50 cm
TexasA&MPt-1,max,SHM,NTR-2-2,NTR-2-2-4,4,esm1,-58.8,-88,7.11939999999993,standard,50-75 cm,58.8-88 cm
TexasA&MPt-1,max,SHM,NTR-2-2,NTR-2-2-4,4,esm2,-58.2879257904443,-88.0599374978363,7.67688451758948,standard,50-75 cm,58.3-88.1 cm
TexasA&MPt-1,fd,SHM,NTR-2-2,NTR-2-2-4,4,fd,-50,-75,6.525,standard,50-75 cm,50-75 cm
TexasA&MPt-1,max,SHM,NTR-2-2,NTR-2-2-5,5,esm1,-88,-121.8,7.51711999999963,standard,75-100 cm,88-121.8 cm
TexasA&MPt-1,max,SHM,NTR-2-2,NTR-2-2-5,5,esm2,-88.0599374978363,-121.912184426489,5.71853019923596,standard,75-100 cm,88.1-121.9 cm
TexasA&MPt-1,fd,SHM,NTR-2-2,NTR-2-2-5,5,fd,-75,-100,5.56,standard,75-100 cm,75-100 cm
TexasA&MPt-1,max,SHM,NTR-2-3,NTR-2-3-1,1,esm1,0,-11.9,6.99534,standard,0-10 cm,0-11.9 cm
TexasA&MPt-1,max,SHM,NTR-2-3,NTR-2-3-1,1,esm2,0,-11.8988393070372,7.39288783843379,standard,0-10 cm,0-11.9 cm
TexasA&MPt-1,fd,SHM,NTR-2-3,NTR-2-3-1,1,fd,0,-10,6.599,standard,0-10 cm,0-10 cm
TexasA&MPt-1,max,SHM,NTR-2-3,NTR-2-3-2,2,esm1,-11.9,-34,4.61006000000013,standard,10-30 cm,11.9-34 cm
TexasA&MPt-1,max,SHM,NTR-2-3,NTR-2-3-2,2,esm2,-11.8988393070372,-34.0392516403367,4.24920838724341,standard,10-30 cm,11.9-34 cm
TexasA&MPt-1,fd,SHM,NTR-2-3,NTR-2-3-2,2,fd,-10,-30,4.172000000000001,standard,10-30 cm,10-30 cm
TexasA&MPt-1,max,SHM,NTR-2-3,NTR-2-3-3,3,esm1,-34,-58.6,8.3506000000001,standard,30-50 cm,34-58.6 cm
TexasA&MPt-1,max,SHM,NTR-2-3,NTR-2-3-3,3,esm2,-34.0392516403367,-58.1559202473729,7.32506859540477,standard,30-50 cm,34-58.2 cm
TexasA&MPt-1,fd,SHM,NTR-2-3,NTR-2-3-3,3,fd,-30,-50,6.218,standard,30-50 cm,30-50 cm
TexasA&MPt-1,max,SHM,NTR-2-3,NTR-2-3-4,4,esm1,-58.6,-89.6,10.55484,standard,50-75 cm,58.6-89.6 cm
TexasA&MPt-1,max,SHM,NTR-2-3,NTR-2-3-4,4,esm2,-58.1559202473729,-89.516810774555,11.8499166068293,standard,50-75 cm,58.2-89.5 cm
TexasA&MPt-1,fd,SHM,NTR-2-3,NTR-2-3-4,4,fd,-50,-75,8.625,standard,50-75 cm,50-75 cm
TexasA&MPt-1,max,SHM,NTR-2-3,NTR-2-3-5,5,esm1,-89.6,-126,12.2085600000006,standard,75-100 cm,89.6-126 cm
TexasA&MPt-1,max,SHM,NTR-2-3,NTR-2-3-5,5,esm2,-89.516810774555,-127.265605928249,8.49136613844015,standard,75-100 cm,89.5-127.3 cm
TexasA&MPt-1,fd,SHM,NTR-2-3,NTR-2-3-5,5,fd,-75,-100,8.385000000000002,standard,75-100 cm,75-100 cm
TexasA&MPt-1,max,SHM,NTR-3-1,NTR-3-1-1,1,esm1,0,-14.5,8.12070000000001,standard,0-10 cm,0-14.5 cm
TexasA&MPt-1,max,SHM,NTR-3-1,NTR-3-1-1,1,esm2,0,-15.3877728466217,9.34445728784304,standard,0-10 cm,0-15.4 cm
TexasA&MPt-1,fd,SHM,NTR-3-1,NTR-3-1-1,1,fd,0,-10,6.606,standard,0-10 cm,0-10 cm
TexasA&MPt-1,max,SHM,NTR-3-1,NTR-3-1-2,2,esm1,-14.5,-36.1,7.26714999999987,standard,10-30 cm,14.5-36.1 cm
TexasA&MPt-1,max,SHM,NTR-3-1,NTR-3-1-2,2,esm2,-15.3877728466217,-36.015107863209,5.9411058741627,standard,10-30 cm,15.4-36 cm
TexasA&MPt-1,fd,SHM,NTR-3-1,NTR-3-1-2,2,fd,-10,-30,6.732,standard,10-30 cm,10-30 cm
TexasA&MPt-1,max,SHM,NTR-3-1,NTR-3-1-3,3,esm1,-36.1,-59.6,7.83724999999972,standard,30-50 cm,36.1-59.6 cm
TexasA&MPt-1,max,SHM,NTR-3-1,NTR-3-1-3,3,esm2,-36.015107863209,-58.1724187710364,7.55797596919772,standard,30-50 cm,36-58.2 cm
TexasA&MPt-1,fd,SHM,NTR-3-1,NTR-3-1-3,3,fd,-30,-50,6.6855,standard,30-50 cm,30-50 cm
TexasA&MPt-1,max,SHM,NTR-3-1,NTR-3-1-4,4,esm1,-59.6,-91.8,8.58326,standard,50-75 cm,59.6-91.8 cm
TexasA&MPt-1,max,SHM,NTR-3-1,NTR-3-1-4,4,esm2,-58.1724187710364,-91.3207660951841,9.28422054028859,standard,50-75 cm,58.2-91.3 cm
TexasA&MPt-1,fd,SHM,NTR-3-1,NTR-3-1-4,4,fd,-50,-75,8.3375,standard,50-75 cm,50-75 cm
TexasA&MPt-1,max,SHM,NTR-3-1,NTR-3-1-5,5,esm1,-91.8,-133,8.45423999999907,standard,75-100 cm,91.8-133 cm
TexasA&MPt-1,max,SHM,NTR-3-1,NTR-3-1-5,5,esm2,-91.3207660951841,-142.043261906703,3.16453536686695,standard,75-100 cm,91.3-142 cm
TexasA&MPt-1,fd,SHM,NTR-3-1,NTR-3-1-5,5,fd,-75,-100,5.129999999999999,standard,75-100 cm,75-100 cm
TexasA&MPt-1,max,SHM,NTR-3-2,NTR-3-2-1,1,esm1,0,-13.3,10.69315,standard,0-10 cm,0-13.3 cm
TexasA&MPt-1,max,SHM,NTR-3-2,NTR-3-2-1,1,esm2,0,-13.6836651298708,11.7484174375891,standard,0-10 cm,0-13.7 cm
TexasA&MPt-1,fd,SHM,NTR-3-2,NTR-3-2-1,1,fd,0,-10,10.014999999999999,standard,0-10 cm,0-10 cm
TexasA&MPt-1,max,SHM,NTR-3-2,NTR-3-2-2,2,esm1,-13.3,-37.2,5.51931000000002,standard,10-30 cm,13.3-37.2 cm
TexasA&MPt-1,max,SHM,NTR-3-2,NTR-3-2-2,2,esm2,-13.6836651298708,-37.2460917854525,3.82102801563079,standard,10-30 cm,13.7-37.2 cm
TexasA&MPt-1,fd,SHM,NTR-3-2,NTR-3-2-2,2,fd,-10,-30,4.11,standard,10-30 cm,10-30 cm
TexasA&MPt-1,max,SHM,NTR-3-2,NTR-3-2-3,3,esm1,-37.2,-60.5,11.2259399999997,standard,30-50 cm,37.2-60.5 cm
TexasA&MPt-1,max,SHM,NTR-3-2,NTR-3-2-3,3,esm2,-37.2460917854525,-60.4504312893277,10.4952800873108,standard,30-50 cm,37.2-60.5 cm
TexasA&MPt-1,fd,SHM,NTR-3-2,NTR-3-2-3,3,fd,-30,-50,8.2545,standard,30-50 cm,30-50 cm
TexasA&MPt-1,max,SHM,NTR-3-2,NTR-3-2-4,4,esm1,-60.5,-89.4,11.8590599999997,standard,50-75 cm,60.5-89.4 cm
TexasA&MPt-1,max,SHM,NTR-3-2,NTR-3-2-4,4,esm2,-60.4504312893277,-89.2998350386698,14.4618460267151,standard,50-75 cm,60.5-89.3 cm
TexasA&MPt-1,fd,SHM,NTR-3-2,NTR-3-2-4,4,fd,-50,-75,12.045,standard,50-75 cm,50-75 cm
TexasA&MPt-1,max,SHM,NTR-3-2,NTR-3-2-5,5,esm1,-89.4,-122.8,11.3025599999993,standard,75-100 cm,89.4-122.8 cm
TexasA&MPt-1,max,SHM,NTR-3-2,NTR-3-2-5,5,esm2,-89.2998350386698,-124.598134159692,-0.865289484374642,standard,75-100 cm,89.3-124.6 cm
TexasA&MPt-1,fd,SHM,NTR-3-2,NTR-3-2-5,5,fd,-75,-100,8.459999999999999,standard,75-100 cm,75-100 cm
TexasA&MPt-1,max,SHM,NTR-3-3,NTR-3-3-1,1,esm1,0,-11.7,7.88321999999998,standard,0-10 cm,0-11.7 cm
TexasA&MPt-1,max,SHM,NTR-3-3,NTR-3-3-1,1,esm2,0,-11.6070198279593,8.10014962628899,standard,0-10 cm,0-11.6 cm
TexasA&MPt-1,fd,SHM,NTR-3-3,NTR-3-3-1,1,fd,0,-10,7.5405,standard,0-10 cm,0-10 cm
TexasA&MPt-1,max,SHM,NTR-3-3,NTR-3-3-2,2,esm1,-11.7,-34.6,4.61664000000014,standard,10-30 cm,11.7-34.6 cm
TexasA&MPt-1,max,SHM,NTR-3-3,NTR-3-3-2,2,esm2,-11.6070198279593,-34.6505337777851,4.42043284028827,standard,10-30 cm,11.6-34.7 cm
TexasA&MPt-1,fd,SHM,NTR-3-3,NTR-3-3-2,2,fd,-10,-30,4.032,standard,10-30 cm,10-30 cm
TexasA&MPt-1,max,SHM,NTR-3-3,NTR-3-3-3,3,esm1,-34.6,-56.8,5.75081999999988,standard,30-50 cm,34.6-56.8 cm
TexasA&MPt-1,max,SHM,NTR-3-3,NTR-3-3-3,3,esm2,-34.6505337777851,-57.2117888281394,5.39476885455528,standard,30-50 cm,34.7-57.2 cm
TexasA&MPt-1,fd,SHM,NTR-3-3,NTR-3-3-3,3,fd,-30,-50,4.9094999999999995,standard,30-50 cm,30-50 cm
TexasA&MPt-1,max,SHM,NTR-3-3,NTR-3-3-4,4,esm1,-56.8,-84.4,6.65517999999996,standard,50-75 cm,56.8-84.4 cm
TexasA&MPt-1,max,SHM,NTR-3-3,NTR-3-3-4,4,esm2,-57.2117888281394,-84.1487221057942,7.30042347533742,standard,50-75 cm,57.2-84.1 cm
TexasA&MPt-1,fd,SHM,NTR-3-3,NTR-3-3-4,4,fd,-50,-75,6.5024999999999995,standard,50-75 cm,50-75 cm
TexasA&MPt-1,max,SHM,NTR-3-3,NTR-3-3-5,5,esm1,-84.4,-116.6,6.58168000000022,standard,75-100 cm,84.4-116.6 cm
TexasA&MPt-1,max,SHM,NTR-3-3,NTR-3-3-5,5,esm2,-84.1487221057942,-118.459312209159,4.5494661582461,standard,75-100 cm,84.1-118.5 cm
TexasA&MPt-1,fd,SHM,NTR-3-3,NTR-3-3-5,5,fd,-75,-100,5.11,standard,75-100 cm,75-100 cm
TexasA&MPt-1,mean,BAU,CVT-1-1,CVT-1-1-1,1,esm1,0,-11.6,2.08396,standard,0-10 cm,0-11.6 cm
TexasA&MPt-1,mean,BAU,CVT-1-1,CVT-1-1-1,1,esm2,0,-11.9757247825183,2.06363494642946,standard,0-10 cm,0-12 cm
TexasA&MPt-1,mean,BAU,CVT-1-1,CVT-1-1-2,2,esm1,-11.6,-32.4,5.05647999999997,standard,10-30 cm,11.6-32.4 cm
TexasA&MPt-1,mean,BAU,CVT-1-1,CVT-1-1-2,2,esm2,-11.9757247825183,-32.6008490743075,5.03900556372243,standard,10-30 cm,12-32.6 cm
TexasA&MPt-1,mean,BAU,CVT-1-1,CVT-1-1-3,3,esm1,-32.4,-52.9,5.01398000000008,standard,30-50 cm,32.4-52.9 cm
TexasA&MPt-1,mean,BAU,CVT-1-1,CVT-1-1-3,3,esm2,-32.6008490743075,-52.4579083718149,5.33412085911254,standard,30-50 cm,32.6-52.5 cm
TexasA&MPt-1,mean,BAU,CVT-1-1,CVT-1-1-4,4,esm1,-52.9,-78.7,5.96767000000016,standard,50-75 cm,52.9-78.7 cm
TexasA&MPt-1,mean,BAU,CVT-1-1,CVT-1-1-4,4,esm2,-52.4579083718149,-78.7112100825577,5.8387468726028,standard,50-75 cm,52.5-78.7 cm
TexasA&MPt-1,mean,BAU,CVT-1-1,CVT-1-1-5,5,esm1,-78.7,-105.5,4.03876000000039,standard,75-100 cm,78.7-105.5 cm
TexasA&MPt-1,mean,BAU,CVT-1-1,CVT-1-1-5,5,esm2,-78.7112100825577,-105.716429982778,3.52607968168443,standard,75-100 cm,78.7-105.7 cm
TexasA&MPt-1,mean,BAU,CVT-1-2,CVT-1-2-1,1,esm1,0,-10.5,2.3447,standard,0-10 cm,0-10.5 cm
TexasA&MPt-1,mean,BAU,CVT-1-2,CVT-1-2-1,1,esm2,0,-10.5307485481986,2.37544637004844,standard,0-10 cm,0-10.5 cm
TexasA&MPt-1,mean,BAU,CVT-1-2,CVT-1-2-2,2,esm1,-10.5,-32.3,4.15072000000005,standard,10-30 cm,10.5-32.3 cm
TexasA&MPt-1,mean,BAU,CVT-1-2,CVT-1-2-2,2,esm2,-10.5307485481986,-32.37511759777,4.08467982709584,standard,10-30 cm,10.5-32.4 cm
TexasA&MPt-1,mean,BAU,CVT-1-2,CVT-1-2-3,3,esm1,-32.3,-51.9,5.97953999999994,standard,30-50 cm,32.3-51.9 cm
TexasA&MPt-1,mean,BAU,CVT-1-2,CVT-1-2-3,3,esm2,-32.37511759777,-52.6272866424053,5.63801797821481,standard,30-50 cm,32.4-52.6 cm
TexasA&MPt-1,mean,BAU,CVT-1-2,CVT-1-2-4,4,esm1,-51.9,-75.9,7.66359000000014,standard,50-75 cm,51.9-75.9 cm
TexasA&MPt-1,mean,BAU,CVT-1-2,CVT-1-2-4,4,esm2,-52.6272866424053,-75.8339594348407,8.10581628466759,standard,50-75 cm,52.6-75.8 cm
TexasA&MPt-1,mean,BAU,CVT-1-2,CVT-1-2-5,5,esm1,-75.9,-101.6,5.51265000000039,standard,75-100 cm,75.9-101.6 cm
TexasA&MPt-1,mean,BAU,CVT-1-2,CVT-1-2-5,5,esm2,-75.8339594348407,-101.782307343659,5.28862279666463,standard,75-100 cm,75.8-101.8 cm
TexasA&MPt-1,mean,BAU,CVT-1-3,CVT-1-3-1,1,esm1,0,-9.8,2.67096,standard,0-10 cm,0-9.8 cm
TexasA&MPt-1,mean,BAU,CVT-1-3,CVT-1-3-1,1,esm2,0,-9.80405686800252,2.67272825270424,standard,0-10 cm,0-9.8 cm
TexasA&MPt-1,mean,BAU,CVT-1-3,CVT-1-3-2,2,esm1,-9.8,-28.5,5.03658999999998,standard,10-30 cm,9.8-28.5 cm
TexasA&MPt-1,mean,BAU,CVT-1-3,CVT-1-3-2,2,esm2,-9.80405686800252,-29.6978689068894,5.06161907925084,standard,10-30 cm,9.8-29.7 cm
TexasA&MPt-1,mean,BAU,CVT-1-3,CVT-1-3-3,3,esm1,-28.5,-47.4,4.6399500000001,standard,30-50 cm,28.5-47.4 cm
TexasA&MPt-1,mean,BAU,CVT-1-3,CVT-1-3-3,3,esm2,-29.6978689068894,-46.2164795307393,4.77708754448093,standard,30-50 cm,29.7-46.2 cm
TexasA&MPt-1,mean,BAU,CVT-1-3,CVT-1-3-4,4,esm1,-47.4,-71.2,5.53350000000021,standard,50-75 cm,47.4-71.2 cm
TexasA&MPt-1,mean,BAU,CVT-1-3,CVT-1-3-4,4,esm2,-46.2164795307393,-70.9476987300975,5.40431119518744,standard,50-75 cm,46.2-70.9 cm
TexasA&MPt-1,mean,BAU,CVT-1-3,CVT-1-3-5,5,esm1,-71.2,-95.8,5.50110000000036,standard,75-100 cm,71.2-95.8 cm
TexasA&MPt-1,mean,BAU,CVT-1-3,CVT-1-3-5,5,esm2,-70.9476987300975,-95.9480048143039,5.45210355509759,standard,75-100 cm,70.9-95.9 cm
TexasA&MPt-1,mean,BAU,CVT-2-1,CVT-2-1-1,1,esm1,0,-10.7,2.96400000000001,standard,0-10 cm,0-10.7 cm
TexasA&MPt-1,mean,BAU,CVT-2-1,CVT-2-1-1,1,esm2,0,-11.0414668915406,3.0089390232871,standard,0-10 cm,0-11 cm
TexasA&MPt-1,mean,BAU,CVT-2-1,CVT-2-1-2,2,esm1,-10.7,-31.2,5.94499999999998,standard,10-30 cm,10.7-31.2 cm
TexasA&MPt-1,mean,BAU,CVT-2-1,CVT-2-1-2,2,esm2,-11.0414668915406,-31.6604983402702,5.96147811266021,standard,10-30 cm,11-31.7 cm
TexasA&MPt-1,mean,BAU,CVT-2-1,CVT-2-1-3,3,esm1,-31.2,-51.8,5.42632000000012,standard,30-50 cm,31.2-51.8 cm
TexasA&MPt-1,mean,BAU,CVT-2-1,CVT-2-1-3,3,esm2,-31.6604983402702,-51.2680130016114,5.55513129405724,standard,30-50 cm,31.7-51.3 cm
TexasA&MPt-1,mean,BAU,CVT-2-1,CVT-2-1-4,4,esm1,-51.8,-77.4,6.53687999999988,standard,50-75 cm,51.8-77.4 cm
TexasA&MPt-1,mean,BAU,CVT-2-1,CVT-2-1-4,4,esm2,-51.2680130016114,-77.6296010638939,6.40171455127814,standard,50-75 cm,51.3-77.6 cm
TexasA&MPt-1,mean,BAU,CVT-2-1,CVT-2-1-5,5,esm1,-77.4,-100.8,5.51070000000004,standard,75-100 cm,77.4-100.8 cm
TexasA&MPt-1,mean,BAU,CVT-2-1,CVT-2-1-5,5,esm2,-77.6296010638939,-100.736252472356,5.44140123891844,standard,75-100 cm,77.6-100.7 cm
TexasA&MPt-1,mean,BAU,CVT-2-2,CVT-2-2-1,1,esm1,0,-11,2.5262,standard,0-10 cm,0-11 cm
TexasA&MPt-1,mean,BAU,CVT-2-2,CVT-2-2-1,1,esm2,0,-10.7712678350105,2.50714735679647,standard,0-10 cm,0-10.8 cm
TexasA&MPt-1,mean,BAU,CVT-2-2,CVT-2-2-2,2,esm1,-11,-33.9,5.31738000000003,standard,10-30 cm,11-33.9 cm
TexasA&MPt-1,mean,BAU,CVT-2-2,CVT-2-2-2,2,esm2,-10.7712678350105,-33.9081663341927,5.34774047239566,standard,10-30 cm,10.8-33.9 cm
TexasA&MPt-1,mean,BAU,CVT-2-2,CVT-2-2-3,3,esm1,-33.9,-55.6,5.05315999999987,standard,30-50 cm,33.9-55.6 cm
TexasA&MPt-1,mean,BAU,CVT-2-2,CVT-2-2-3,3,esm2,-33.9081663341927,-56.5572342007976,5.29960347734555,standard,30-50 cm,33.9-56.6 cm
TexasA&MPt-1,mean,BAU,CVT-2-2,CVT-2-2-4,4,esm1,-55.6,-82.3,5.85634999999979,standard,50-75 cm,55.6-82.3 cm
TexasA&MPt-1,mean,BAU,CVT-2-2,CVT-2-2-4,4,esm2,-56.5572342007976,-82.2057198405541,5.75582101138743,standard,50-75 cm,56.6-82.2 cm
TexasA&MPt-1,mean,BAU,CVT-2-2,CVT-2-2-5,5,esm1,-82.3,-108.4,4.7841299999997,standard,75-100 cm,82.3-108.4 cm
TexasA&MPt-1,mean,BAU,CVT-2-2,CVT-2-2-5,5,esm2,-82.2057198405541,-108.734410877108,4.24557802270257,standard,75-100 cm,82.2-108.7 cm
TexasA&MPt-1,mean,BAU,CVT-2-3,CVT-2-3-1,1,esm1,0,-11.6,2.72236,standard,0-10 cm,0-11.6 cm
TexasA&MPt-1,mean,BAU,CVT-2-3,CVT-2-3-1,1,esm2,0,-11.9101647298157,2.68641407837631,standard,0-10 cm,0-11.9 cm
TexasA&MPt-1,mean,BAU,CVT-2-3,CVT-2-3-2,2,esm1,-11.6,-31.7,5.31846000000003,standard,10-30 cm,11.6-31.7 cm
TexasA&MPt-1,mean,BAU,CVT-2-3,CVT-2-3-2,2,esm2,-11.9101647298157,-32.0534508305771,5.35205234889583,standard,10-30 cm,11.9-32.1 cm
TexasA&MPt-1,mean,BAU,CVT-2-3,CVT-2-3-3,3,esm1,-31.7,-51.1,5.33610000000007,standard,30-50 cm,31.7-51.1 cm
TexasA&MPt-1,mean,BAU,CVT-2-3,CVT-2-3-3,3,esm2,-32.0534508305771,-50.9293795058874,5.33262954620913,standard,30-50 cm,32.1-50.9 cm
TexasA&MPt-1,mean,BAU,CVT-2-3,CVT-2-3-4,4,esm1,-51.1,-75,6.62507999999984,standard,50-75 cm,51.1-75 cm
TexasA&MPt-1,mean,BAU,CVT-2-3,CVT-2-3-4,4,esm2,-50.9293795058874,-75.091820481067,6.65761430061913,standard,50-75 cm,50.9-75.1 cm
TexasA&MPt-1,mean,BAU,CVT-2-3,CVT-2-3-5,5,esm1,-75,-99.1,7.74332999999968,standard,75-100 cm,75-99.1 cm
TexasA&MPt-1,mean,BAU,CVT-2-3,CVT-2-3-5,5,esm2,-75.091820481067,-99.1201893486053,7.69468680711312,standard,75-100 cm,75.1-99.1 cm
TexasA&MPt-1,mean,BAU,CVT-3-1,CVT-3-1-1,1,esm1,0,-8.1,2.53874,standard,0-10 cm,0-8.1 cm
TexasA&MPt-1,mean,BAU,CVT-3-1,CVT-3-1-1,1,esm2,0,-8.13154303687529,2.52287987951873,standard,0-10 cm,0-8.1 cm
TexasA&MPt-1,mean,BAU,CVT-3-1,CVT-3-1-2,2,esm1,-8.1,-28.2,6.33989999999997,standard,10-30 cm,8.1-28.2 cm
TexasA&MPt-1,mean,BAU,CVT-3-1,CVT-3-1-2,2,esm2,-8.13154303687529,-27.6155201422197,6.42003172094778,standard,10-30 cm,8.1-27.6 cm
TexasA&MPt-1,mean,BAU,CVT-3-1,CVT-3-1-3,3,esm1,-28.2,-48.8,4.71066000000005,standard,30-50 cm,28.2-48.8 cm
TexasA&MPt-1,mean,BAU,CVT-3-1,CVT-3-1-3,3,esm2,-27.6155201422197,-49.6883385092797,5.4475782878733,standard,30-50 cm,27.6-49.7 cm
TexasA&MPt-1,mean,BAU,CVT-3-1,CVT-3-1-4,4,esm1,-48.8,-74.3,4.80675000000012,standard,50-75 cm,48.8-74.3 cm
TexasA&MPt-1,mean,BAU,CVT-3-1,CVT-3-1-4,4,esm2,-49.6883385092797,-74.328970275606,4.04280749476178,standard,50-75 cm,49.7-74.3 cm
TexasA&MPt-1,mean,BAU,CVT-3-1,CVT-3-1-5,5,esm1,-74.3,-99.4,3.69435000000037,standard,75-100 cm,74.3-99.4 cm
TexasA&MPt-1,mean,BAU,CVT-3-1,CVT-3-1-5,5,esm2,-74.328970275606,-99.4750947485355,3.66106904493023,standard,75-100 cm,74.3-99.5 cm
TexasA&MPt-1,mean,BAU,CVT-3-2,CVT-3-2-1,1,esm1,0,-11.7,4.07746,standard,0-10 cm,0-11.7 cm
TexasA&MPt-1,mean,BAU,CVT-3-2,CVT-3-2-1,1,esm2,0,-12.4000467336592,4.34303364483868,standard,0-10 cm,0-12.4 cm
TexasA&MPt-1,mean,BAU,CVT-3-2,CVT-3-2-2,2,esm1,-11.7,-31,6.53883999999998,standard,10-30 cm,11.7-31 cm
TexasA&MPt-1,mean,BAU,CVT-3-2,CVT-3-2-2,2,esm2,-12.4000467336592,-31.5644866719617,6.46463199070252,standard,10-30 cm,12.4-31.6 cm
TexasA&MPt-1,mean,BAU,CVT-3-2,CVT-3-2-3,3,esm1,-31,-50.7,6.50166000000004,standard,30-50 cm,31-50.7 cm
TexasA&MPt-1,mean,BAU,CVT-3-2,CVT-3-2-3,3,esm2,-31.5644866719617,-49.7466345417383,6.32341565292877,standard,30-50 cm,31.6-49.7 cm
TexasA&MPt-1,mean,BAU,CVT-3-2,CVT-3-2-4,4,esm1,-50.7,-75.5,8.05313999999974,standard,50-75 cm,50.7-75.5 cm
TexasA&MPt-1,mean,BAU,CVT-3-2,CVT-3-2-4,4,esm2,-49.7466345417383,-75.5210564716667,8.08930109929963,standard,50-75 cm,49.7-75.5 cm
TexasA&MPt-1,mean,BAU,CVT-3-2,CVT-3-2-5,5,esm1,-75.5,-100.6,4.39752000000027,standard,75-100 cm,75.5-100.6 cm
TexasA&MPt-1,mean,BAU,CVT-3-2,CVT-3-2-5,5,esm2,-75.5210564716667,-100.668416008171,4.28458139005552,standard,75-100 cm,75.5-100.7 cm
TexasA&MPt-1,mean,BAU,CVT-3-3,CVT-3-3-1,1,esm1,0,-10,3.75850000000001,standard,0-10 cm,0-10 cm
TexasA&MPt-1,mean,BAU,CVT-3-3,CVT-3-3-1,1,esm2,0,-10.0355802829862,3.7742214740862,standard,0-10 cm,0-10 cm
TexasA&MPt-1,mean,BAU,CVT-3-3,CVT-3-3-2,2,esm1,-10,-29,5.03879999999994,standard,10-30 cm,10-29 cm
TexasA&MPt-1,mean,BAU,CVT-3-3,CVT-3-3-2,2,esm2,-10.0355802829862,-29.5047468580652,5.55373523110933,standard,10-30 cm,10-29.5 cm
TexasA&MPt-1,mean,BAU,CVT-3-3,CVT-3-3-3,3,esm1,-29,-49.3,6.02705999999995,standard,30-50 cm,29-49.3 cm
TexasA&MPt-1,mean,BAU,CVT-3-3,CVT-3-3-3,3,esm2,-29.5047468580652,-48.4243671636894,4.81728001237996,standard,30-50 cm,29.5-48.4 cm
TexasA&MPt-1,mean,BAU,CVT-3-3,CVT-3-3-4,4,esm1,-49.3,-75.5,8.07789000000034,standard,50-75 cm,49.3-75.5 cm
TexasA&MPt-1,mean,BAU,CVT-3-3,CVT-3-3-4,4,esm2,-48.4243671636894,-75.5472272064171,8.81193845018462,standard,50-75 cm,48.4-75.5 cm
TexasA&MPt-1,mean,BAU,CVT-3-3,CVT-3-3-5,5,esm1,-75.5,-101.6,5.52014999999965,standard,75-100 cm,75.5-101.6 cm
TexasA&MPt-1,mean,BAU,CVT-3-3,CVT-3-3-5,5,esm2,-75.5472272064171,-101.509189993112,5.27000770615305,standard,75-100 cm,75.5-101.5 cm
TexasA&MPt-1,mean,Ref,NAT-1-1,NAT-1-1-1,1,esm1,0,-8.7,5.79488000000001,standard,0-10 cm,0-8.7 cm
TexasA&MPt-1,mean,Ref,NAT-1-1,NAT-1-1-1,1,esm2,0,-8.8042047127695,5.94202078671068,standard,0-10 cm,0-8.8 cm
TexasA&MPt-1,mean,Ref,NAT-1-1,NAT-1-1-2,2,esm1,-8.7,-26.9,5.28683999999995,standard,10-30 cm,8.7-26.9 cm
TexasA&MPt-1,mean,Ref,NAT-1-1,NAT-1-1-2,2,esm2,-8.8042047127695,-26.9272489392843,5.1510037894548,standard,10-30 cm,8.8-26.9 cm
TexasA&MPt-1,mean,Ref,NAT-1-1,NAT-1-1-3,3,esm1,-26.9,-45.3,6.73947999999989,standard,30-50 cm,26.9-45.3 cm
TexasA&MPt-1,mean,Ref,NAT-1-1,NAT-1-1-3,3,esm2,-26.9272489392843,-45.1281688413972,6.07454605047529,standard,30-50 cm,26.9-45.1 cm
TexasA&MPt-1,mean,Ref,NAT-1-1,NAT-1-1-4,4,esm1,-45.3,-68.3,8.83199999999984,standard,50-75 cm,45.3-68.3 cm
TexasA&MPt-1,mean,Ref,NAT-1-1,NAT-1-1-4,4,esm2,-45.1281688413972,-68.3425198723624,9.47414518059183,standard,50-75 cm,45.1-68.3 cm
TexasA&MPt-1,mean,Ref,NAT-1-1,NAT-1-1-5,5,esm1,-68.3,-91.7,7.80728999999974,standard,75-100 cm,68.3-91.7 cm
TexasA&MPt-1,mean,Ref,NAT-1-1,NAT-1-1-5,5,esm2,-68.3425198723624,-91.7447300051339,8.34560169765687,standard,75-100 cm,68.3-91.7 cm
TexasA&MPt-1,mean,Ref,NAT-2-2,NAT-2-2-1,1,esm1,0,-8.2,4.79099999999999,standard,0-10 cm,0-8.2 cm
TexasA&MPt-1,mean,Ref,NAT-2-2,NAT-2-2-1,1,esm2,0,-8.16380281249905,4.91094304910513,standard,0-10 cm,0-8.2 cm
TexasA&MPt-1,mean,Ref,NAT-2-2,NAT-2-2-2,2,esm1,-8.2,-30.7,5.63899999999993,standard,10-30 cm,8.2-30.7 cm
TexasA&MPt-1,mean,Ref,NAT-2-2,NAT-2-2-2,2,esm2,-8.16380281249905,-30.9695685669022,5.45013111827009,standard,10-30 cm,8.2-31 cm
TexasA&MPt-1,mean,Ref,NAT-2-2,NAT-2-2-3,3,esm1,-30.7,-48.1,7.39500000000007,standard,30-50 cm,30.7-48.1 cm
TexasA&MPt-1,mean,Ref,NAT-2-2,NAT-2-2-3,3,esm2,-30.9695685669022,-50.3552471652334,6.55059295644182,standard,30-50 cm,31-50.4 cm
TexasA&MPt-1,mean,Ref,NAT-2-2,NAT-2-2-4,4,esm1,-48.1,-69.8,9.22250000000009,standard,50-75 cm,48.1-69.8 cm
TexasA&MPt-1,mean,Ref,NAT-2-2,NAT-2-2-4,4,esm2,-50.3552471652334,-69.8309244104442,10.1302352374291,standard,50-75 cm,50.4-69.8 cm
TexasA&MPt-1,mean,Ref,NAT-2-2,NAT-2-2-5,5,esm1,-69.8,-94.3,11.0200000000004,standard,75-100 cm,69.8-94.3 cm
TexasA&MPt-1,mean,Ref,NAT-2-2,NAT-2-2-5,5,esm2,-69.8309244104442,-93.2370145087257,10.999729579848,standard,75-100 cm,69.8-93.2 cm
TexasA&MPt-1,mean,Ref,NAT-3-3,NAT-3-3-1,1,esm1,0,-7.9,6.08040000000001,standard,0-10 cm,0-7.9 cm
TexasA&MPt-1,mean,Ref,NAT-3-3,NAT-3-3-1,1,esm2,0,-7.95365322496138,6.2236554963592,standard,0-10 cm,0-8 cm
TexasA&MPt-1,mean,Ref,NAT-3-3,NAT-3-3-2,2,esm1,-7.9,-26.8,6.53183999999997,standard,10-30 cm,7.9-26.8 cm
TexasA&MPt-1,mean,Ref,NAT-3-3,NAT-3-3-2,2,esm2,-7.95365322496138,-26.9248199039873,6.56182420053233,standard,10-30 cm,8-26.9 cm
TexasA&MPt-1,mean,Ref,NAT-3-3,NAT-3-3-3,3,esm1,-26.8,-45,4.99776000000004,standard,30-50 cm,26.8-45 cm
TexasA&MPt-1,mean,Ref,NAT-3-3,NAT-3-3-3,3,esm2,-26.9248199039873,-44.9474101176003,4.73261351459632,standard,30-50 cm,26.9-44.9 cm
TexasA&MPt-1,mean,Ref,NAT-3-3,NAT-3-3-4,4,esm1,-45,-67.4,5.87776000000031,standard,50-75 cm,45-67.4 cm
TexasA&MPt-1,mean,Ref,NAT-3-3,NAT-3-3-4,4,esm2,-44.9474101176003,-67.4190029329411,5.85639177342092,standard,50-75 cm,44.9-67.4 cm
TexasA&MPt-1,mean,Ref,NAT-3-3,NAT-3-3-5,5,esm1,-67.4,-91.1,9.78055999999977,standard,75-100 cm,67.4-91.1 cm
TexasA&MPt-1,mean,Ref,NAT-3-3,NAT-3-3-5,5,esm2,-67.4190029329411,-90.8514542457056,8.96361615254375,standard,75-100 cm,67.4-90.9 cm
TexasA&MPt-1,mean,SHM,NTM-1-1,NTM-1-1-1,1,esm1,0,-12.3,6.79232000000001,standard,0-10 cm,0-12.3 cm
TexasA&MPt-1,mean,SHM,NTM-1-1,NTM-1-1-1,1,esm2,0,-13.9929063215491,7.62195060825401,standard,0-10 cm,0-14 cm
TexasA&MPt-1,mean,SHM,NTM-1-1,NTM-1-1-2,2,esm1,-12.3,-32.2,4.74415999999997,standard,10-30 cm,12.3-32.2 cm
TexasA&MPt-1,mean,SHM,NTM-1-1,NTM-1-1-2,2,esm2,-13.9929063215491,-32.9785633216788,4.35735990112049,standard,10-30 cm,14-33 cm
TexasA&MPt-1,mean,SHM,NTM-1-1,NTM-1-1-3,3,esm1,-32.2,-53.2,3.72511999999998,standard,30-50 cm,32.2-53.2 cm
TexasA&MPt-1,mean,SHM,NTM-1-1,NTM-1-1-3,3,esm2,-32.9785633216788,-51.514560232223,2.77471607505799,standard,30-50 cm,33-51.5 cm
TexasA&MPt-1,mean,SHM,NTM-1-1,NTM-1-1-4,4,esm1,-53.2,-79.2,4.35540000000001,standard,50-75 cm,53.2-79.2 cm
TexasA&MPt-1,mean,SHM,NTM-1-1,NTM-1-1-4,4,esm2,-51.514560232223,-79.7354685524723,4.98180056734627,standard,50-75 cm,51.5-79.7 cm
TexasA&MPt-1,mean,SHM,NTM-1-1,NTM-1-1-5,5,esm1,-79.2,-103.7,4.04250000000015,standard,75-100 cm,79.2-103.7 cm
TexasA&MPt-1,mean,SHM,NTM-1-1,NTM-1-1-5,5,esm2,-79.7354685524723,-103.120500337123,3.82374527438419,standard,75-100 cm,79.7-103.1 cm
TexasA&MPt-1,mean,SHM,NTM-1-2,NTM-1-2-1,1,esm1,0,-9.7,6.33700000000001,standard,0-10 cm,0-9.7 cm
TexasA&MPt-1,mean,SHM,NTM-1-2,NTM-1-2-1,1,esm2,0,-9.77174995847929,6.39574443876702,standard,0-10 cm,0-9.8 cm
TexasA&MPt-1,mean,SHM,NTM-1-2,NTM-1-2-2,2,esm1,-9.7,-27.7,4.25069999999996,standard,10-30 cm,9.7-27.7 cm
TexasA&MPt-1,mean,SHM,NTM-1-2,NTM-1-2-2,2,esm2,-9.77174995847929,-27.8205172271671,4.83761913340715,standard,10-30 cm,9.8-27.8 cm
TexasA&MPt-1,mean,SHM,NTM-1-2,NTM-1-2-3,3,esm1,-27.7,-46.3,4.13839999999987,standard,30-50 cm,27.7-46.3 cm
TexasA&MPt-1,mean,SHM,NTM-1-2,NTM-1-2-3,3,esm2,-27.8205172271671,-45.974859256609,3.09009279437718,standard,30-50 cm,27.8-46 cm
TexasA&MPt-1,mean,SHM,NTM-1-2,NTM-1-2-4,4,esm1,-46.3,-70.1,5.1645999999998,standard,50-75 cm,46.3-70.1 cm
TexasA&MPt-1,mean,SHM,NTM-1-2,NTM-1-2-4,4,esm2,-45.974859256609,-70.0043171922348,5.51880909418188,standard,50-75 cm,46-70 cm
TexasA&MPt-1,mean,SHM,NTM-1-2,NTM-1-2-5,5,esm1,-70.1,-94.5,4.57330000000009,standard,75-100 cm,70.1-94.5 cm
TexasA&MPt-1,mean,SHM,NTM-1-2,NTM-1-2-5,5,esm2,-70.0043171922348,-94.5078249956367,4.78818999963227,standard,75-100 cm,70-94.5 cm
TexasA&MPt-1,mean,SHM,NTM-1-3,NTM-1-3-1,1,esm1,0,-9.5,6.28475,standard,0-10 cm,0-9.5 cm
TexasA&MPt-1,mean,SHM,NTM-1-3,NTM-1-3-1,1,esm2,0,-9.559087460774,6.34539725709636,standard,0-10 cm,0-9.6 cm
TexasA&MPt-1,mean,SHM,NTM-1-3,NTM-1-3-2,2,esm1,-9.5,-29.2,4.3446300000001,standard,10-30 cm,9.5-29.2 cm
TexasA&MPt-1,mean,SHM,NTM-1-3,NTM-1-3-2,2,esm2,-9.559087460774,-29.6369274799419,4.9502496775189,standard,10-30 cm,9.6-29.6 cm
TexasA&MPt-1,mean,SHM,NTM-1-3,NTM-1-3-3,3,esm1,-29.2,-49.2,5.81840000000001,standard,30-50 cm,29.2-49.2 cm
TexasA&MPt-1,mean,SHM,NTM-1-3,NTM-1-3-3,3,esm2,-29.6369274799419,-48.6975971685361,3.96427200205655,standard,30-50 cm,29.6-48.7 cm
TexasA&MPt-1,mean,SHM,NTM-1-3,NTM-1-3-4,4,esm1,-49.2,-74.3,8.11734000000034,standard,50-75 cm,49.2-74.3 cm
TexasA&MPt-1,mean,SHM,NTM-1-3,NTM-1-3-4,4,esm2,-48.6975971685361,-74.2931546341181,9.29198403014073,standard,50-75 cm,48.7-74.3 cm
TexasA&MPt-1,mean,SHM,NTM-1-3,NTM-1-3-5,5,esm1,-74.3,-99.6,5.93357999999982,standard,75-100 cm,74.3-99.6 cm
TexasA&MPt-1,mean,SHM,NTM-1-3,NTM-1-3-5,5,esm2,-74.2931546341181,-99.6650290198328,6.00436430746829,standard,75-100 cm,74.3-99.7 cm
TexasA&MPt-1,mean,SHM,NTM-2-1,NTM-2-1-1,1,esm1,0,-11.1,7.21903999999999,standard,0-10 cm,0-11.1 cm
TexasA&MPt-1,mean,SHM,NTM-2-1,NTM-2-1-1,1,esm2,0,-11.037302183353,7.68174193616264,standard,0-10 cm,0-11 cm
TexasA&MPt-1,mean,SHM,NTM-2-1,NTM-2-1-2,2,esm1,-11.1,-30.7,4.14344000000013,standard,10-30 cm,11.1-30.7 cm
TexasA&MPt-1,mean,SHM,NTM-2-1,NTM-2-1-2,2,esm2,-11.037302183353,-30.5293312226074,4.35440382993095,standard,10-30 cm,11-30.5 cm
TexasA&MPt-1,mean,SHM,NTM-2-1,NTM-2-1-3,3,esm1,-30.7,-51.4,4.84010000000007,standard,30-50 cm,30.7-51.4 cm
TexasA&MPt-1,mean,SHM,NTM-2-1,NTM-2-1-3,3,esm2,-30.5293312226074,-51.5428675106127,3.00087206648823,standard,30-50 cm,30.5-51.5 cm
TexasA&MPt-1,mean,SHM,NTM-2-1,NTM-2-1-4,4,esm1,-51.4,-77.4,6.27299999999968,standard,50-75 cm,51.4-77.4 cm
TexasA&MPt-1,mean,SHM,NTM-2-1,NTM-2-1-4,4,esm2,-51.5428675106127,-77.5556315625611,7.57231368825407,standard,50-75 cm,51.5-77.6 cm
TexasA&MPt-1,mean,SHM,NTM-2-1,NTM-2-1-5,5,esm1,-77.4,-101.7,6.2378100000004,standard,75-100 cm,77.4-101.7 cm
TexasA&MPt-1,mean,SHM,NTM-2-1,NTM-2-1-5,5,esm2,-77.5556315625611,-101.664524869819,6.01131748119259,standard,75-100 cm,77.6-101.7 cm
TexasA&MPt-1,mean,SHM,NTM-2-2,NTM-2-2-1,1,esm1,0,-8.4,7.91248,standard,0-10 cm,0-8.4 cm
TexasA&MPt-1,mean,SHM,NTM-2-2,NTM-2-2-1,1,esm2,0,-8.45579699958692,8.12242960956257,standard,0-10 cm,0-8.5 cm
TexasA&MPt-1,mean,SHM,NTM-2-2,NTM-2-2-2,2,esm1,-8.4,-27.9,5.47216000000002,standard,10-30 cm,8.4-27.9 cm
TexasA&MPt-1,mean,SHM,NTM-2-2,NTM-2-2-2,2,esm2,-8.45579699958692,-27.6770752770777,5.91416023394411,standard,10-30 cm,8.5-27.7 cm
TexasA&MPt-1,mean,SHM,NTM-2-2,NTM-2-2-3,3,esm1,-27.9,-48.6,5.4961599999999,standard,30-50 cm,27.9-48.6 cm
TexasA&MPt-1,mean,SHM,NTM-2-2,NTM-2-2-3,3,esm2,-27.6770752770777,-48.5041382902771,4.16976237425065,standard,30-50 cm,27.7-48.5 cm
TexasA&MPt-1,mean,SHM,NTM-2-2,NTM-2-2-4,4,esm1,-48.6,-75.1,7.36079999999978,standard,50-75 cm,48.6-75.1 cm
TexasA&MPt-1,mean,SHM,NTM-2-2,NTM-2-2-4,4,esm2,-48.5041382902771,-75.17236850855,8.0628849241168,standard,50-75 cm,48.5-75.2 cm
TexasA&MPt-1,mean,SHM,NTM-2-2,NTM-2-2-5,5,esm1,-75.1,-100.6,5.50799999999985,standard,75-100 cm,75.1-100.6 cm
TexasA&MPt-1,mean,SHM,NTM-2-2,NTM-2-2-5,5,esm2,-75.17236850855,-100.664951282483,5.4339874560629,standard,75-100 cm,75.2-100.7 cm
TexasA&MPt-1,mean,SHM,NTM-2-3,NTM-2-3-1,1,esm1,0,-8.9,9.49954,standard,0-10 cm,0-8.9 cm
TexasA&MPt-1,mean,SHM,NTM-2-3,NTM-2-3-1,1,esm2,0,-8.97115316876832,9.67731447949474,standard,0-10 cm,0-9 cm
TexasA&MPt-1,mean,SHM,NTM-2-3,NTM-2-3-2,2,esm1,-8.9,-28.5,5.21265999999989,standard,10-30 cm,8.9-28.5 cm
TexasA&MPt-1,mean,SHM,NTM-2-3,NTM-2-3-2,2,esm2,-8.97115316876832,-28.6704325577354,5.69221998529709,standard,10-30 cm,9-28.7 cm
TexasA&MPt-1,mean,SHM,NTM-2-3,NTM-2-3-3,3,esm1,-28.5,-49.4,5.52639999999998,standard,30-50 cm,28.5-49.4 cm
TexasA&MPt-1,mean,SHM,NTM-2-3,NTM-2-3-3,3,esm2,-28.6704325577354,-48.8970408358471,4.12116182280742,standard,30-50 cm,28.7-48.9 cm
TexasA&MPt-1,mean,SHM,NTM-2-3,NTM-2-3-4,4,esm1,-49.4,-76.3,7.32601,standard,50-75 cm,49.4-76.3 cm
TexasA&MPt-1,mean,SHM,NTM-2-3,NTM-2-3-4,4,esm2,-48.8970408358471,-76.4029615267116,8.16427800459958,standard,50-75 cm,48.9-76.4 cm
TexasA&MPt-1,mean,SHM,NTM-2-3,NTM-2-3-5,5,esm1,-76.3,-102.4,6.25616999999961,standard,75-100 cm,76.3-102.4 cm
TexasA&MPt-1,mean,SHM,NTM-2-3,NTM-2-3-5,5,esm2,-76.4029615267116,-102.247414789163,5.97226326064401,standard,75-100 cm,76.4-102.2 cm
TexasA&MPt-1,mean,SHM,NTM-3-1,NTM-3-1-1,1,esm1,0,-11.6,7.2597,standard,0-10 cm,0-11.6 cm
TexasA&MPt-1,mean,SHM,NTM-3-1,NTM-3-1-1,1,esm2,0,-12.1049026808887,7.59270745280083,standard,0-10 cm,0-12.1 cm
TexasA&MPt-1,mean,SHM,NTM-3-1,NTM-3-1-2,2,esm1,-11.6,-31.9,5.92759999999991,standard,10-30 cm,11.6-31.9 cm
TexasA&MPt-1,mean,SHM,NTM-3-1,NTM-3-1-2,2,esm2,-12.1049026808887,-32.2418719137736,5.7984679192186,standard,10-30 cm,12.1-32.2 cm
TexasA&MPt-1,mean,SHM,NTM-3-1,NTM-3-1-3,3,esm1,-31.9,-52.5,6.70120000000003,standard,30-50 cm,31.9-52.5 cm
TexasA&MPt-1,mean,SHM,NTM-3-1,NTM-3-1-3,3,esm2,-32.2418719137736,-52.2272119989002,5.95808575988457,standard,30-50 cm,32.2-52.2 cm
TexasA&MPt-1,mean,SHM,NTM-3-1,NTM-3-1-4,4,esm1,-52.5,-77.3,8.23032000000009,standard,50-75 cm,52.5-77.3 cm
TexasA&MPt-1,mean,SHM,NTM-3-1,NTM-3-1-4,4,esm2,-52.2272119989002,-77.8915075593294,9.01803979124832,standard,50-75 cm,52.2-77.9 cm
TexasA&MPt-1,mean,SHM,NTM-3-1,NTM-3-1-5,5,esm1,-77.3,-96.9,6.63263999999999,standard,75-100 cm,77.3-96.9 cm
TexasA&MPt-1,mean,SHM,NTM-3-1,NTM-3-1-5,5,esm2,-77.8915075593294,-97.6906939170082,6.72749661002155,standard,75-100 cm,77.9-97.7 cm
TexasA&MPt-1,mean,SHM,NTM-3-2,NTM-3-2-1,1,esm1,0,-9.9,11.59044,standard,0-10 cm,0-9.9 cm
TexasA&MPt-1,mean,SHM,NTM-3-2,NTM-3-2-1,1,esm2,0,-9.95924361507874,11.6554509848193,standard,0-10 cm,0-10 cm
TexasA&MPt-1,mean,SHM,NTM-3-2,NTM-3-2-2,2,esm1,-9.9,-30.5,3.6279599999999,standard,10-30 cm,9.9-30.5 cm
TexasA&MPt-1,mean,SHM,NTM-3-2,NTM-3-2-2,2,esm2,-9.95924361507874,-30.6177564843609,4.19138539643181,standard,10-30 cm,10-30.6 cm
TexasA&MPt-1,mean,SHM,NTM-3-2,NTM-3-2-3,3,esm1,-30.5,-50.8,5.85255999999983,standard,30-50 cm,30.5-50.8 cm
TexasA&MPt-1,mean,SHM,NTM-3-2,NTM-3-2-3,3,esm2,-30.6177564843609,-50.8633154168669,2.96716493397496,standard,30-50 cm,30.6-50.9 cm
TexasA&MPt-1,mean,SHM,NTM-3-2,NTM-3-2-4,4,esm1,-50.8,-76.1,8.37913999999976,standard,50-75 cm,50.8-76.1 cm
TexasA&MPt-1,mean,SHM,NTM-3-2,NTM-3-2-4,4,esm2,-50.8633154168669,-76.1267040849969,10.5924741409649,standard,50-75 cm,50.9-76.1 cm
TexasA&MPt-1,mean,SHM,NTM-3-2,NTM-3-2-5,5,esm1,-76.1,-101.4,13.9403000000006,standard,75-100 cm,76.1-101.4 cm
TexasA&MPt-1,mean,SHM,NTM-3-2,NTM-3-2-5,5,esm2,-76.1267040849969,-101.497187937294,14.1353841848496,standard,75-100 cm,76.1-101.5 cm
TexasA&MPt-1,mean,SHM,NTM-3-3,NTM-3-3-1,1,esm1,0,-8.2,5.13218,standard,0-10 cm,0-8.2 cm
TexasA&MPt-1,mean,SHM,NTM-3-3,NTM-3-3-1,1,esm2,0,-8.23353655434613,5.31598241148112,standard,0-10 cm,0-8.2 cm
TexasA&MPt-1,mean,SHM,NTM-3-3,NTM-3-3-2,2,esm1,-8.2,-27.5,4.19082000000003,standard,10-30 cm,8.2-27.5 cm
TexasA&MPt-1,mean,SHM,NTM-3-3,NTM-3-3-2,2,esm2,-8.23353655434613,-27.0691131687182,4.1309913591105,standard,10-30 cm,8.2-27.1 cm
TexasA&MPt-1,mean,SHM,NTM-3-3,NTM-3-3-3,3,esm1,-27.5,-46.7,3.85047000000006,standard,30-50 cm,27.5-46.7 cm
TexasA&MPt-1,mean,SHM,NTM-3-3,NTM-3-3-3,3,esm2,-27.0691131687182,-47.2515302124961,3.75744774891005,standard,30-50 cm,27.1-47.3 cm
TexasA&MPt-1,mean,SHM,NTM-3-3,NTM-3-3-4,4,esm1,-46.7,-70.1,4.77593999999984,standard,50-75 cm,46.7-70.1 cm
TexasA&MPt-1,mean,SHM,NTM-3-3,NTM-3-3-4,4,esm2,-47.2515302124961,-70.2252778589288,4.89205416258814,standard,50-75 cm,47.3-70.2 cm
TexasA&MPt-1,mean,SHM,NTM-3-3,NTM-3-3-5,5,esm1,-70.1,-94.8,3.03751000000016,standard,75-100 cm,70.1-94.8 cm
TexasA&MPt-1,mean,SHM,NTM-3-3,NTM-3-3-5,5,esm2,-70.2252778589288,-94.5803859683118,3.14698772850735,standard,75-100 cm,70.2-94.6 cm
TexasA&MPt-1,mean,SHM,NTR-1-1,NTR-1-1-1,1,esm1,0,-10.2,6.95098000000001,standard,0-10 cm,0-10.2 cm
TexasA&MPt-1,mean,SHM,NTR-1-1,NTR-1-1-1,1,esm2,0,-10.3356965976136,7.06725531822881,standard,0-10 cm,0-10.3 cm
TexasA&MPt-1,mean,SHM,NTR-1-1,NTR-1-1-2,2,esm1,-10.2,-30.3,3.86723999999998,standard,10-30 cm,10.2-30.3 cm
TexasA&MPt-1,mean,SHM,NTR-1-1,NTR-1-1-2,2,esm2,-10.3356965976136,-30.5209878414804,4.21356850203042,standard,10-30 cm,10.3-30.5 cm
TexasA&MPt-1,mean,SHM,NTR-1-1,NTR-1-1-3,3,esm1,-30.3,-50.5,5.20397999999994,standard,30-50 cm,30.3-50.5 cm
TexasA&MPt-1,mean,SHM,NTR-1-1,NTR-1-1-3,3,esm2,-30.5209878414804,-50.2319092640363,3.74088489486753,standard,30-50 cm,30.5-50.2 cm
TexasA&MPt-1,mean,SHM,NTR-1-1,NTR-1-1-4,4,esm1,-50.5,-75.7,6.95065000000035,standard,50-75 cm,50.5-75.7 cm
TexasA&MPt-1,mean,SHM,NTR-1-1,NTR-1-1-4,4,esm2,-50.2319092640363,-75.7892035602786,8.03144762336371,standard,50-75 cm,50.2-75.8 cm
TexasA&MPt-1,mean,SHM,NTR-1-1,NTR-1-1-5,5,esm1,-75.7,-100.7,5.51250000000003,standard,75-100 cm,75.7-100.7 cm
TexasA&MPt-1,mean,SHM,NTR-1-1,NTR-1-1-5,5,esm2,-75.7892035602786,-100.770277575988,5.36979087959142,standard,75-100 cm,75.8-100.8 cm
TexasA&MPt-1,mean,SHM,NTR-1-2,NTR-1-2-1,1,esm1,0,-9.7,6.7274,standard,0-10 cm,0-9.7 cm
TexasA&MPt-1,mean,SHM,NTR-1-2,NTR-1-2-1,1,esm2,0,-9.76526302152127,6.77644164130707,standard,0-10 cm,0-9.8 cm
TexasA&MPt-1,mean,SHM,NTR-1-2,NTR-1-2-2,2,esm1,-9.7,-28.6,4.51290000000003,standard,10-30 cm,9.7-28.6 cm
TexasA&MPt-1,mean,SHM,NTR-1-2,NTR-1-2-2,2,esm2,-9.76526302152127,-29.0974414240276,4.88542245507911,standard,10-30 cm,9.8-29.1 cm
TexasA&MPt-1,mean,SHM,NTR-1-2,NTR-1-2-3,3,esm1,-28.6,-48,4.8443,standard,30-50 cm,28.6-48 cm
TexasA&MPt-1,mean,SHM,NTR-1-2,NTR-1-2-3,3,esm2,-29.0974414240276,-47.4636667373399,3.906223597049,standard,30-50 cm,29.1-47.5 cm
TexasA&MPt-1,mean,SHM,NTR-1-2,NTR-1-2-4,4,esm1,-48,-72.4,6.2634800000004,standard,50-75 cm,48-72.4 cm
TexasA&MPt-1,mean,SHM,NTR-1-2,NTR-1-2-4,4,esm2,-47.4636667373399,-72.3728715073746,6.72753291930522,standard,50-75 cm,47.5-72.4 cm
TexasA&MPt-1,mean,SHM,NTR-1-2,NTR-1-2-5,5,esm1,-72.4,-96.7,6.2378100000004,standard,75-100 cm,72.4-96.7 cm
TexasA&MPt-1,mean,SHM,NTR-1-2,NTR-1-2-5,5,esm2,-72.3728715073746,-96.8741395167384,6.38624793889531,standard,75-100 cm,72.4-96.9 cm
TexasA&MPt-1,mean,SHM,NTR-1-3,NTR-1-3-1,1,esm1,0,-8.7,7.48952,standard,0-10 cm,0-8.7 cm
TexasA&MPt-1,mean,SHM,NTR-1-3,NTR-1-3-1,1,esm2,0,-8.69090685092662,7.61232205103395,standard,0-10 cm,0-8.7 cm
TexasA&MPt-1,mean,SHM,NTR-1-3,NTR-1-3-2,2,esm1,-8.7,-28.6,5.62500000000014,standard,10-30 cm,8.7-28.6 cm
TexasA&MPt-1,mean,SHM,NTR-1-3,NTR-1-3-2,2,esm2,-8.69090685092662,-28.7431509828844,5.89351655193346,standard,10-30 cm,8.7-28.7 cm
TexasA&MPt-1,mean,SHM,NTR-1-3,NTR-1-3-3,3,esm1,-28.6,-48.5,4.73372999999997,standard,30-50 cm,28.6-48.5 cm
TexasA&MPt-1,mean,SHM,NTR-1-3,NTR-1-3-3,3,esm2,-28.7431509828844,-48.5239299482507,4.14515270429438,standard,30-50 cm,28.7-48.5 cm
TexasA&MPt-1,mean,SHM,NTR-1-3,NTR-1-3-4,4,esm1,-48.5,-73.2,5.52044999999986,standard,50-75 cm,48.5-73.2 cm
TexasA&MPt-1,mean,SHM,NTR-1-3,NTR-1-3-4,4,esm2,-48.5239299482507,-73.2806796261354,5.67725826803417,standard,50-75 cm,48.5-73.3 cm
TexasA&MPt-1,mean,SHM,NTR-1-3,NTR-1-3-5,5,esm1,-73.2,-96.4,7.2075000000001,standard,75-100 cm,73.2-96.4 cm
TexasA&MPt-1,mean,SHM,NTR-1-3,NTR-1-3-5,5,esm2,-73.2806796261354,-96.6385745506869,7.09543944446963,standard,75-100 cm,73.3-96.6 cm
TexasA&MPt-1,mean,SHM,NTR-2-1,NTR-2-1-1,1,esm1,0,-10.5,6.15175,standard,0-10 cm,0-10.5 cm
TexasA&MPt-1,mean,SHM,NTR-2-1,NTR-2-1-1,1,esm2,0,-10.6017405597757,6.1744715034478,standard,0-10 cm,0-10.6 cm
TexasA&MPt-1,mean,SHM,NTR-2-1,NTR-2-1-2,2,esm1,-10.5,-31.5,4.44150000000002,standard,10-30 cm,10.5-31.5 cm
TexasA&MPt-1,mean,SHM,NTR-2-1,NTR-2-1-2,2,esm2,-10.6017405597757,-31.6404431211254,4.4393943374887,standard,10-30 cm,10.6-31.6 cm
TexasA&MPt-1,mean,SHM,NTR-2-1,NTR-2-1-3,3,esm1,-31.5,-53.7,4.93652999999994,standard,30-50 cm,31.5-53.7 cm
TexasA&MPt-1,mean,SHM,NTR-2-1,NTR-2-1-3,3,esm2,-31.6404431211254,-53.4544299159484,4.79761395686836,standard,30-50 cm,31.6-53.5 cm
TexasA&MPt-1,mean,SHM,NTR-2-1,NTR-2-1-4,4,esm1,-53.7,-80.7,6.07931999999992,standard,50-75 cm,53.7-80.7 cm
TexasA&MPt-1,mean,SHM,NTR-2-1,NTR-2-1-4,4,esm2,-53.4544299159484,-81.3758090291046,6.356435163995,standard,50-75 cm,53.5-81.4 cm
TexasA&MPt-1,mean,SHM,NTR-2-1,NTR-2-1-5,5,esm1,-80.7,-104.9,5.51760000000004,standard,75-100 cm,80.7-104.9 cm
TexasA&MPt-1,mean,SHM,NTR-2-1,NTR-2-1-5,5,esm2,-81.3758090291046,-104.011134675269,5.14256206219367,standard,75-100 cm,81.4-104 cm
TexasA&MPt-1,mean,SHM,NTR-2-2,NTR-2-2-1,1,esm1,0,-10.8,6.69999999999999,standard,0-10 cm,0-10.8 cm
TexasA&MPt-1,mean,SHM,NTR-2-2,NTR-2-2-1,1,esm2,0,-11.0357842642821,6.9487149595147,standard,0-10 cm,0-11 cm
TexasA&MPt-1,mean,SHM,NTR-2-2,NTR-2-2-2,2,esm1,-10.8,-30.6,5.6429999999999,standard,10-30 cm,10.8-30.6 cm
TexasA&MPt-1,mean,SHM,NTR-2-2,NTR-2-2-2,2,esm2,-11.0357842642821,-30.9371466903164,5.85967259114486,standard,10-30 cm,11-30.9 cm
TexasA&MPt-1,mean,SHM,NTR-2-2,NTR-2-2-3,3,esm1,-30.6,-50.8,5.3777999999999,standard,30-50 cm,30.6-50.8 cm
TexasA&MPt-1,mean,SHM,NTR-2-2,NTR-2-2-3,3,esm2,-30.9371466903164,-50.2017687512749,4.46705917386524,standard,30-50 cm,30.9-50.2 cm
TexasA&MPt-1,mean,SHM,NTR-2-2,NTR-2-2-4,4,esm1,-50.8,-76.3,6.6053199999999,standard,50-75 cm,50.8-76.3 cm
TexasA&MPt-1,mean,SHM,NTR-2-2,NTR-2-2-4,4,esm2,-50.2017687512749,-76.3608256989319,7.1099665547968796,standard,50-75 cm,50.2-76.4 cm
TexasA&MPt-1,mean,SHM,NTR-2-2,NTR-2-2-5,5,esm1,-76.3,-102.8,5.89360000000001,standard,75-100 cm,76.3-102.8 cm
TexasA&MPt-1,mean,SHM,NTR-2-2,NTR-2-2-5,5,esm2,-76.3608256989319,-102.811264785786,5.7200366204663204,standard,75-100 cm,76.4-102.8 cm
TexasA&MPt-1,mean,SHM,NTR-2-3,NTR-2-3-1,1,esm1,0,-9.3,6.21309,standard,0-10 cm,0-9.3 cm
TexasA&MPt-1,mean,SHM,NTR-2-3,NTR-2-3-1,1,esm2,0,-9.3285468414056,6.28697220397294,standard,0-10 cm,0-9.3 cm
TexasA&MPt-1,mean,SHM,NTR-2-3,NTR-2-3-2,2,esm1,-9.3,-29.2,4.39103000000009,standard,10-30 cm,9.3-29.2 cm
TexasA&MPt-1,mean,SHM,NTR-2-3,NTR-2-3-2,2,esm2,-9.3285468414056,-29.1281092601664,4.63056503574563,standard,10-30 cm,9.3-29.1 cm
TexasA&MPt-1,mean,SHM,NTR-2-3,NTR-2-3-3,3,esm1,-29.2,-50.2,6.45388000000003,standard,30-50 cm,29.2-50.2 cm
TexasA&MPt-1,mean,SHM,NTR-2-3,NTR-2-3-3,3,esm2,-29.1281092601664,-49.7534130471979,4.95523053532878,standard,30-50 cm,29.1-49.8 cm
TexasA&MPt-1,mean,SHM,NTR-2-3,NTR-2-3-4,4,esm1,-50.2,-77,9.2268000000003,standard,50-75 cm,50.2-77 cm
TexasA&MPt-1,mean,SHM,NTR-2-3,NTR-2-3-4,4,esm2,-49.7534130471979,-77.0048821441368,10.506231093186,standard,50-75 cm,49.8-77 cm
TexasA&MPt-1,mean,SHM,NTR-2-3,NTR-2-3-5,5,esm1,-77,-105.5,9.5589,standard,75-100 cm,77-105.5 cm
TexasA&MPt-1,mean,SHM,NTR-2-3,NTR-2-3-5,5,esm2,-77.0048821441368,-105.697947965369,9.10774076230236,standard,75-100 cm,77-105.7 cm
TexasA&MPt-1,mean,SHM,NTR-3-1,NTR-3-1-1,1,esm1,0,-12,7.27920000000001,standard,0-10 cm,0-12 cm
TexasA&MPt-1,mean,SHM,NTR-3-1,NTR-3-1-1,1,esm2,0,-12.475852861719,7.94148796172731,standard,0-10 cm,0-12.5 cm
TexasA&MPt-1,mean,SHM,NTR-3-1,NTR-3-1-2,2,esm1,-12,-31.3,6.49637999999989,standard,10-30 cm,12-31.3 cm
TexasA&MPt-1,mean,SHM,NTR-3-1,NTR-3-1-2,2,esm2,-12.475852861719,-31.7465117146359,6.31127714072645,standard,10-30 cm,12.5-31.7 cm
TexasA&MPt-1,mean,SHM,NTR-3-1,NTR-3-1-3,3,esm1,-31.3,-51.6,6.78151999999981,standard,30-50 cm,31.3-51.6 cm
TexasA&MPt-1,mean,SHM,NTR-3-1,NTR-3-1-3,3,esm2,-31.7465117146359,-50.1856123479463,5.68117955415917,standard,30-50 cm,31.7-50.2 cm
TexasA&MPt-1,mean,SHM,NTR-3-1,NTR-3-1-4,4,esm1,-51.6,-77.5,8.31689999999972,standard,50-75 cm,51.6-77.5 cm
TexasA&MPt-1,mean,SHM,NTR-3-1,NTR-3-1-4,4,esm2,-50.1856123479463,-77.3771092897925,9.08035828691894,standard,50-75 cm,50.2-77.4 cm
TexasA&MPt-1,mean,SHM,NTR-3-1,NTR-3-1-5,5,esm1,-77.5,-109.8,6.62795999999978,standard,75-100 cm,77.5-109.8 cm
TexasA&MPt-1,mean,SHM,NTR-3-1,NTR-3-1-5,5,esm2,-77.3771092897925,-111.260791694383,5.66958933162709,standard,75-100 cm,77.4-111.3 cm
TexasA&MPt-1,mean,SHM,NTR-3-2,NTR-3-2-1,1,esm1,0,-10.5,10.11775,standard,0-10 cm,0-10.5 cm
TexasA&MPt-1,mean,SHM,NTR-3-2,NTR-3-2-1,1,esm2,0,-10.5722496188896,10.3193067581784,standard,0-10 cm,0-10.6 cm
TexasA&MPt-1,mean,SHM,NTR-3-2,NTR-3-2-2,2,esm1,-10.5,-32.1,4.43880000000001,standard,10-30 cm,10.5-32.1 cm
TexasA&MPt-1,mean,SHM,NTR-3-2,NTR-3-2-2,2,esm2,-10.5722496188896,-32.331576333098,4.50828626280921,standard,10-30 cm,10.6-32.3 cm
TexasA&MPt-1,mean,SHM,NTR-3-2,NTR-3-2-3,3,esm1,-32.1,-52.6,9.07562999999978,standard,30-50 cm,32.1-52.6 cm
TexasA&MPt-1,mean,SHM,NTR-3-2,NTR-3-2-3,3,esm2,-32.331576333098,-52.5140529500788,6.76475097769847,standard,30-50 cm,32.3-52.5 cm
TexasA&MPt-1,mean,SHM,NTR-3-2,NTR-3-2-4,4,esm1,-52.6,-77.9,11.7736799999998,standard,50-75 cm,52.6-77.9 cm
TexasA&MPt-1,mean,SHM,NTR-3-2,NTR-3-2-4,4,esm2,-52.5140529500788,-77.8768369909946,14.2909724834275,standard,50-75 cm,52.5-77.9 cm
TexasA&MPt-1,mean,SHM,NTR-3-2,NTR-3-2-5,5,esm1,-77.9,-104,8.83223999999944,standard,75-100 cm,77.9-104 cm
TexasA&MPt-1,mean,SHM,NTR-3-2,NTR-3-2-5,5,esm2,-77.8768369909946,-104.167975115727,7.32981395895046,standard,75-100 cm,77.9-104.2 cm
TexasA&MPt-1,mean,SHM,NTR-3-3,NTR-3-3-1,1,esm1,0,-9.1,7.07123999999998,standard,0-10 cm,0-9.1 cm
TexasA&MPt-1,mean,SHM,NTR-3-3,NTR-3-3-1,1,esm2,0,-9.14334091921034,7.21010289758925,standard,0-10 cm,0-9.1 cm
TexasA&MPt-1,mean,SHM,NTR-3-3,NTR-3-3-2,2,esm1,-9.1,-29.6,4.4206200000001,standard,10-30 cm,9.1-29.6 cm
TexasA&MPt-1,mean,SHM,NTR-3-3,NTR-3-3-2,2,esm2,-9.14334091921034,-29.5460765813837,4.50640507374441,standard,10-30 cm,9.1-29.5 cm
TexasA&MPt-1,mean,SHM,NTR-3-3,NTR-3-3-3,3,esm1,-29.6,-49.3,4.80806999999995,standard,30-50 cm,29.6-49.3 cm
TexasA&MPt-1,mean,SHM,NTR-3-3,NTR-3-3-3,3,esm2,-29.5460765813837,-49.7250488248851,4.12866481300317,standard,30-50 cm,29.5-49.7 cm
TexasA&MPt-1,mean,SHM,NTR-3-3,NTR-3-3-4,4,esm1,-49.3,-73.3,6.24239999999986,standard,50-75 cm,49.3-73.3 cm
TexasA&MPt-1,mean,SHM,NTR-3-3,NTR-3-3-4,4,esm2,-49.7250488248851,-73.3991457222284,6.71065854893256,standard,50-75 cm,49.7-73.4 cm
TexasA&MPt-1,mean,SHM,NTR-3-3,NTR-3-3-5,5,esm1,-73.3,-98.4,5.22513000000015,standard,75-100 cm,73.3-98.4 cm
TexasA&MPt-1,mean,SHM,NTR-3-3,NTR-3-3-5,5,esm2,-73.3991457222284,-98.4163034612273,5.31059456939753,standard,75-100 cm,73.4-98.4 cm
TexasA&MPt-1,min,BAU,CVT-1-1,CVT-1-1-1,1,esm1,0,-9,1.5225,standard,0-10 cm,0-9 cm
TexasA&MPt-1,min,BAU,CVT-1-1,CVT-1-1-1,1,esm2,0,-9.02506222339619,1.52055306533011,standard,0-10 cm,0-9 cm
TexasA&MPt-1,min,BAU,CVT-1-1,CVT-1-1-2,2,esm1,-9,-26.9,4.28088999999997,standard,10-30 cm,9-26.9 cm
TexasA&MPt-1,min,BAU,CVT-1-1,CVT-1-1-2,2,esm2,-9.02506222339619,-27.5804356913759,4.19619565584005,standard,10-30 cm,9-27.6 cm
TexasA&MPt-1,min,BAU,CVT-1-1,CVT-1-1-3,3,esm1,-26.9,-45.6,4.56399000000003,standard,30-50 cm,26.9-45.6 cm
TexasA&MPt-1,min,BAU,CVT-1-1,CVT-1-1-3,3,esm2,-27.5804356913759,-45.2015817945294,4.83637502654116,standard,30-50 cm,27.6-45.2 cm
TexasA&MPt-1,min,BAU,CVT-1-1,CVT-1-1-4,4,esm1,-45.6,-68.5,5.60592000000011,standard,50-75 cm,45.6-68.5 cm
TexasA&MPt-1,min,BAU,CVT-1-1,CVT-1-1-4,4,esm2,-45.2015817945294,-68.3447457081965,5.63191860112386,standard,50-75 cm,45.2-68.3 cm
TexasA&MPt-1,min,BAU,CVT-1-1,CVT-1-1-5,5,esm1,-68.5,-89,3.70100000000024,standard,75-100 cm,68.5-89 cm
TexasA&MPt-1,min,BAU,CVT-1-1,CVT-1-1-5,5,esm2,-68.3447457081965,-88.9587198684027,3.79881315382375,standard,75-100 cm,68.3-89 cm
TexasA&MPt-1,min,BAU,CVT-1-2,CVT-1-2-1,1,esm1,0,-8.1,1.78115,standard,0-10 cm,0-8.1 cm
TexasA&MPt-1,min,BAU,CVT-1-2,CVT-1-2-1,1,esm2,0,-8.18026074474838,1.79691584523862,standard,0-10 cm,0-8.2 cm
TexasA&MPt-1,min,BAU,CVT-1-2,CVT-1-2-2,2,esm1,-8.1,-26.6,3.62899000000002,standard,10-30 cm,8.1-26.6 cm
TexasA&MPt-1,min,BAU,CVT-1-2,CVT-1-2-2,2,esm2,-8.18026074474838,-26.5155860416416,3.57432047861254,standard,10-30 cm,8.2-26.5 cm
TexasA&MPt-1,min,BAU,CVT-1-2,CVT-1-2-3,3,esm1,-26.6,-45,4.83335999999999,standard,30-50 cm,26.6-45 cm
TexasA&MPt-1,min,BAU,CVT-1-2,CVT-1-2-3,3,esm2,-26.5155860416416,-45.7599305386882,4.48212001164865,standard,30-50 cm,26.5-45.8 cm
TexasA&MPt-1,min,BAU,CVT-1-2,CVT-1-2-4,4,esm1,-45,-66.4,6.92075999999998,standard,50-75 cm,45-66.4 cm
TexasA&MPt-1,min,BAU,CVT-1-2,CVT-1-2-4,4,esm2,-45.7599305386882,-66.7012415534809,7.29803514033104,standard,50-75 cm,45.8-66.7 cm
TexasA&MPt-1,min,BAU,CVT-1-2,CVT-1-2-5,5,esm1,-66.4,-85.7,5.07639000000028,standard,75-100 cm,66.4-85.7 cm
TexasA&MPt-1,min,BAU,CVT-1-2,CVT-1-2-5,5,esm2,-66.7012415534809,-85.2413261773216,5.60746962250153,standard,75-100 cm,66.7-85.2 cm
TexasA&MPt-1,min,BAU,CVT-1-3,CVT-1-3-1,1,esm1,0,-6.4,2.05828,standard,0-10 cm,0-6.4 cm
TexasA&MPt-1,min,BAU,CVT-1-3,CVT-1-3-1,1,esm2,0,-6.40315254024551,2.07862097712188,standard,0-10 cm,0-6.4 cm
TexasA&MPt-1,min,BAU,CVT-1-3,CVT-1-3-2,2,esm1,-6.4,-23.6,4.32479999999998,standard,10-30 cm,6.4-23.6 cm
TexasA&MPt-1,min,BAU,CVT-1-3,CVT-1-3-2,2,esm2,-6.40315254024551,-25.5675972786189,4.3206535224274,standard,10-30 cm,6.4-25.6 cm
TexasA&MPt-1,min,BAU,CVT-1-3,CVT-1-3-3,3,esm1,-23.6,-40.6,4.38342000000004,standard,30-50 cm,23.6-40.6 cm
TexasA&MPt-1,min,BAU,CVT-1-3,CVT-1-3-3,3,esm2,-25.5675972786189,-39.8555233689534,4.47559002818157,standard,30-50 cm,25.6-39.9 cm
TexasA&MPt-1,min,BAU,CVT-1-3,CVT-1-3-4,4,esm1,-40.6,-61.9,4.95225000000019,standard,50-75 cm,40.6-61.9 cm
TexasA&MPt-1,min,BAU,CVT-1-3,CVT-1-3-4,4,esm2,-39.8555233689534,-61.0142806356397,4.96018210702575,standard,50-75 cm,39.9-61 cm
TexasA&MPt-1,min,BAU,CVT-1-3,CVT-1-3-5,5,esm1,-61.9,-80.5,4.2667500000002,standard,75-100 cm,61.9-80.5 cm
TexasA&MPt-1,min,BAU,CVT-1-3,CVT-1-3-5,5,esm2,-61.0142806356397,-80.6621025978674,4.13344440121209,standard,75-100 cm,61-80.7 cm
TexasA&MPt-1,min,BAU,CVT-2-1,CVT-2-1-1,1,esm1,0,-7.7,2.21452,standard,0-10 cm,0-7.7 cm
TexasA&MPt-1,min,BAU,CVT-2-1,CVT-2-1-1,1,esm2,0,-7.74747177559852,2.23533904615109,standard,0-10 cm,0-7.7 cm
TexasA&MPt-1,min,BAU,CVT-2-1,CVT-2-1-2,2,esm1,-7.7,-25.8,5.12847999999999,standard,10-30 cm,7.7-25.8 cm
TexasA&MPt-1,min,BAU,CVT-2-1,CVT-2-1-2,2,esm2,-7.74747177559852,-26.9414486633093,5.2345279861662,standard,10-30 cm,7.7-26.9 cm
TexasA&MPt-1,min,BAU,CVT-2-1,CVT-2-1-3,3,esm1,-25.8,-44.5,5.11330000000007,standard,30-50 cm,25.8-44.5 cm
TexasA&MPt-1,min,BAU,CVT-2-1,CVT-2-1-3,3,esm2,-26.9414486633093,-43.8996543250393,5.10313434585576,standard,30-50 cm,26.9-43.9 cm
TexasA&MPt-1,min,BAU,CVT-2-1,CVT-2-1-4,4,esm1,-44.5,-67.5,5.92020000000001,standard,50-75 cm,44.5-67.5 cm
TexasA&MPt-1,min,BAU,CVT-2-1,CVT-2-1-4,4,esm2,-43.8996543250393,-67.4652389417414,5.94707231759934,standard,50-75 cm,43.9-67.5 cm
TexasA&MPt-1,min,BAU,CVT-2-1,CVT-2-1-5,5,esm1,-67.5,-86.4,4.61519999999994,standard,75-100 cm,67.5-86.4 cm
TexasA&MPt-1,min,BAU,CVT-2-1,CVT-2-1-5,5,esm2,-67.4652389417414,-87.0447936315364,4.62306365385785,standard,75-100 cm,67.5-87 cm
TexasA&MPt-1,min,BAU,CVT-2-2,CVT-2-2-1,1,esm1,0,-8.5,1.89875,standard,0-10 cm,0-8.5 cm
TexasA&MPt-1,min,BAU,CVT-2-2,CVT-2-2-1,1,esm2,0,-8.71319866388661,1.9274784376092,standard,0-10 cm,0-8.7 cm
TexasA&MPt-1,min,BAU,CVT-2-2,CVT-2-2-2,2,esm1,-8.5,-27.9,4.55163000000001,standard,10-30 cm,8.5-27.9 cm
TexasA&MPt-1,min,BAU,CVT-2-2,CVT-2-2-2,2,esm2,-8.71319866388661,-27.3547053728715,4.47924066977594,standard,10-30 cm,8.7-27.4 cm
TexasA&MPt-1,min,BAU,CVT-2-2,CVT-2-2-3,3,esm1,-27.9,-47.9,4.65302999999994,standard,30-50 cm,27.9-47.9 cm
TexasA&MPt-1,min,BAU,CVT-2-2,CVT-2-2-3,3,esm2,-27.3547053728715,-48.8788321047454,4.91184423269218,standard,30-50 cm,27.4-48.9 cm
TexasA&MPt-1,min,BAU,CVT-2-2,CVT-2-2-4,4,esm1,-47.9,-72,5.61288999999985,standard,50-75 cm,47.9-72 cm
TexasA&MPt-1,min,BAU,CVT-2-2,CVT-2-2-4,4,esm2,-48.8788321047454,-72.1999489967156,5.48265863202131,standard,50-75 cm,48.9-72.2 cm
TexasA&MPt-1,min,BAU,CVT-2-2,CVT-2-2-5,5,esm1,-72,-92.3,3.86978999999978,standard,75-100 cm,72-92.3 cm
TexasA&MPt-1,min,BAU,CVT-2-2,CVT-2-2-5,5,esm2,-72.1999489967156,-92.2007596134977,3.95723110408386,standard,75-100 cm,72.2-92.2 cm
TexasA&MPt-1,min,BAU,CVT-2-3,CVT-2-3-1,1,esm1,0,-9,2.0984,standard,0-10 cm,0-9 cm
TexasA&MPt-1,min,BAU,CVT-2-3,CVT-2-3-1,1,esm2,0,-9.05932265789439,2.11610136778086,standard,0-10 cm,0-9.1 cm
TexasA&MPt-1,min,BAU,CVT-2-3,CVT-2-3-2,2,esm1,-9,-26.4,4.54004000000002,standard,10-30 cm,9-26.4 cm
TexasA&MPt-1,min,BAU,CVT-2-3,CVT-2-3-2,2,esm2,-9.05932265789439,-27.1573391788152,4.46664498383013,standard,10-30 cm,9.1-27.2 cm
TexasA&MPt-1,min,BAU,CVT-2-3,CVT-2-3-3,3,esm1,-26.4,-44.3,4.85352000000005,standard,30-50 cm,26.4-44.3 cm
TexasA&MPt-1,min,BAU,CVT-2-3,CVT-2-3-3,3,esm2,-27.1573391788152,-44.1080407426409,4.92385112440718,standard,30-50 cm,27.2-44.1 cm
TexasA&MPt-1,min,BAU,CVT-2-3,CVT-2-3-4,4,esm1,-44.3,-65.7,5.93208,standard,50-75 cm,44.3-65.7 cm
TexasA&MPt-1,min,BAU,CVT-2-3,CVT-2-3-4,4,esm2,-44.1080407426409,-65.6337135881655,5.85120612676197,standard,50-75 cm,44.1-65.6 cm
TexasA&MPt-1,min,BAU,CVT-2-3,CVT-2-3-5,5,esm1,-65.7,-84.3,5.56604999999975,standard,75-100 cm,65.7-84.3 cm
TexasA&MPt-1,min,BAU,CVT-2-3,CVT-2-3-5,5,esm2,-65.6337135881655,-84.3214505655941,5.45367061848961,standard,75-100 cm,65.6-84.3 cm
TexasA&MPt-1,min,BAU,CVT-3-1,CVT-3-1-1,1,esm1,0,-6.3,1.88102,standard,0-10 cm,0-6.3 cm
TexasA&MPt-1,min,BAU,CVT-3-1,CVT-3-1-1,1,esm2,0,-6.43718333918744,1.8954264617661,standard,0-10 cm,0-6.4 cm
TexasA&MPt-1,min,BAU,CVT-3-1,CVT-3-1-2,2,esm1,-6.3,-22.7,5.29151999999998,standard,10-30 cm,6.3-22.7 cm
TexasA&MPt-1,min,BAU,CVT-3-1,CVT-3-1-2,2,esm2,-6.43718333918744,-21.6407105919731,5.2535098894493,standard,10-30 cm,6.4-21.6 cm
TexasA&MPt-1,min,BAU,CVT-3-1,CVT-3-1-3,3,esm1,-22.7,-41.6,5.05956000000001,standard,30-50 cm,22.7-41.6 cm
TexasA&MPt-1,min,BAU,CVT-3-1,CVT-3-1-3,3,esm2,-21.6407105919731,-42.180386460993,5.61571510133476,standard,30-50 cm,21.6-42.2 cm
TexasA&MPt-1,min,BAU,CVT-3-1,CVT-3-1-4,4,esm1,-41.6,-64.3,4.27895000000011,standard,50-75 cm,41.6-64.3 cm
TexasA&MPt-1,min,BAU,CVT-3-1,CVT-3-1-4,4,esm2,-42.180386460993,-64.8218306467494,4.27846015477921,standard,50-75 cm,42.2-64.8 cm
TexasA&MPt-1,min,BAU,CVT-3-1,CVT-3-1-5,5,esm1,-64.3,-83.9,3.31635000000018,standard,75-100 cm,64.3-83.9 cm
TexasA&MPt-1,min,BAU,CVT-3-1,CVT-3-1-5,5,esm2,-64.8218306467494,-83.7992478123331,2.72229667725533,standard,75-100 cm,64.8-83.8 cm
TexasA&MPt-1,min,BAU,CVT-3-2,CVT-3-2-1,1,esm1,0,-9.2,3.21902,standard,0-10 cm,0-9.2 cm
TexasA&MPt-1,min,BAU,CVT-3-2,CVT-3-2-1,1,esm2,0,-9.26931813567862,3.24380712369955,standard,0-10 cm,0-9.3 cm
TexasA&MPt-1,min,BAU,CVT-3-2,CVT-3-2-2,2,esm1,-9.2,-25.9,5.66939999999999,standard,10-30 cm,9.2-25.9 cm
TexasA&MPt-1,min,BAU,CVT-3-2,CVT-3-2-2,2,esm2,-9.26931813567862,-27.2230935341177,6.11902141241031,standard,10-30 cm,9.3-27.2 cm
TexasA&MPt-1,min,BAU,CVT-3-2,CVT-3-2-3,3,esm1,-25.9,-43.6,5.90216000000005,standard,30-50 cm,25.9-43.6 cm
TexasA&MPt-1,min,BAU,CVT-3-2,CVT-3-2-3,3,esm2,-27.2230935341177,-42.8446821626787,5.34698321150975,standard,30-50 cm,27.2-42.8 cm
TexasA&MPt-1,min,BAU,CVT-3-2,CVT-3-2-4,4,esm1,-43.6,-65.8,7.27715999999982,standard,50-75 cm,43.6-65.8 cm
TexasA&MPt-1,min,BAU,CVT-3-2,CVT-3-2-4,4,esm2,-42.8446821626787,-65.3333079323652,7.58934057715208,standard,50-75 cm,42.8-65.3 cm
TexasA&MPt-1,min,BAU,CVT-3-2,CVT-3-2-5,5,esm1,-65.8,-85.1,4.78528000000001,standard,75-100 cm,65.8-85.1 cm
TexasA&MPt-1,min,BAU,CVT-3-2,CVT-3-2-5,5,esm2,-65.3333079323652,-85.3464911710888,5.18559081004176,standard,75-100 cm,65.3-85.3 cm
TexasA&MPt-1,min,BAU,CVT-3-3,CVT-3-3-1,1,esm1,0,-7.1,2.46017,standard,0-10 cm,0-7.1 cm
TexasA&MPt-1,min,BAU,CVT-3-3,CVT-3-3-1,1,esm2,0,-7.07550533726571,2.43300840972909,standard,0-10 cm,0-7.1 cm
TexasA&MPt-1,min,BAU,CVT-3-3,CVT-3-3-2,2,esm1,-7.1,-24,5.01112999999996,standard,10-30 cm,7.1-24 cm
TexasA&MPt-1,min,BAU,CVT-3-3,CVT-3-3-2,2,esm2,-7.07550533726571,-24.9692672712001,6.05772509218395,standard,10-30 cm,7.1-25 cm
TexasA&MPt-1,min,BAU,CVT-3-3,CVT-3-3-3,3,esm1,-24,-41.9,5.05757999999995,standard,30-50 cm,24-41.9 cm
TexasA&MPt-1,min,BAU,CVT-3-3,CVT-3-3-3,3,esm2,-24.9692672712001,-41.2053362798234,3.46932479414637,standard,30-50 cm,25-41.2 cm
TexasA&MPt-1,min,BAU,CVT-3-3,CVT-3-3-4,4,esm1,-41.9,-65.3,7.25868000000018,standard,50-75 cm,41.9-65.3 cm
TexasA&MPt-1,min,BAU,CVT-3-3,CVT-3-3-4,4,esm2,-41.2053362798234,-64.8274816706044,7.63053448676646,standard,50-75 cm,41.2-64.8 cm
TexasA&MPt-1,min,BAU,CVT-3-3,CVT-3-3-5,5,esm1,-65.3,-85.5,5.22969000000002,standard,75-100 cm,65.3-85.5 cm
TexasA&MPt-1,min,BAU,CVT-3-3,CVT-3-3-5,5,esm2,-64.8274816706044,-85.8210776239426,6.06481971898746,standard,75-100 cm,64.8-85.8 cm
TexasA&MPt-1,min,Ref,NAT-1-1,NAT-1-1-1,1,esm1,0,-6.5,4.8216,standard,0-10 cm,0-6.5 cm
TexasA&MPt-1,min,Ref,NAT-1-1,NAT-1-1-1,1,esm2,0,-6.5637069910705,4.99787580331687,standard,0-10 cm,0-6.6 cm
TexasA&MPt-1,min,Ref,NAT-1-1,NAT-1-1-2,2,esm1,-6.5,-22.1,4.92187999999997,standard,10-30 cm,6.5-22.1 cm
TexasA&MPt-1,min,Ref,NAT-1-1,NAT-1-1-2,2,esm2,-6.5637069910705,-22.2208922617037,4.87636111586567,standard,10-30 cm,6.6-22.2 cm
TexasA&MPt-1,min,Ref,NAT-1-1,NAT-1-1-3,3,esm1,-22.1,-38.7,5.54331999999992,standard,30-50 cm,22.1-38.7 cm
TexasA&MPt-1,min,Ref,NAT-1-1,NAT-1-1-3,3,esm2,-22.2208922617037,-38.580448204591,4.85507872696322,standard,30-50 cm,22.2-38.6 cm
TexasA&MPt-1,min,Ref,NAT-1-1,NAT-1-1-4,4,esm1,-38.7,-59.3,7.91039999999986,standard,50-75 cm,38.7-59.3 cm
TexasA&MPt-1,min,Ref,NAT-1-1,NAT-1-1-4,4,esm2,-38.580448204591,-59.2251513443935,8.16525727030365,standard,50-75 cm,38.6-59.2 cm
TexasA&MPt-1,min,Ref,NAT-1-1,NAT-1-1-5,5,esm1,-59.3,-77.3,6.51560999999984,standard,75-100 cm,59.3-77.3 cm
TexasA&MPt-1,min,Ref,NAT-1-1,NAT-1-1-5,5,esm2,-59.2251513443935,-77.3113319234878,7.23321969858232,standard,75-100 cm,59.2-77.3 cm
TexasA&MPt-1,min,Ref,NAT-2-2,NAT-2-2-1,1,esm1,0,-6.1,3.89325,standard,0-10 cm,0-6.1 cm
TexasA&MPt-1,min,Ref,NAT-2-2,NAT-2-2-1,1,esm2,0,-6.13542712222925,4.0189567641169,standard,0-10 cm,0-6.1 cm
TexasA&MPt-1,min,Ref,NAT-2-2,NAT-2-2-2,2,esm1,-6.1,-24.8,5.05052999999995,standard,10-30 cm,6.1-24.8 cm
TexasA&MPt-1,min,Ref,NAT-2-2,NAT-2-2-2,2,esm2,-6.13542712222925,-24.6382099584544,4.95417576774314,standard,10-30 cm,6.1-24.6 cm
TexasA&MPt-1,min,Ref,NAT-2-2,NAT-2-2-3,3,esm1,-24.8,-41.9,6.24622000000003,standard,30-50 cm,24.8-41.9 cm
TexasA&MPt-1,min,Ref,NAT-2-2,NAT-2-2-3,3,esm2,-24.6382099584544,-44.1636473547967,5.39215374635438,standard,30-50 cm,24.6-44.2 cm
TexasA&MPt-1,min,Ref,NAT-2-2,NAT-2-2-4,4,esm1,-41.9,-61.3,8.24500000000008,standard,50-75 cm,41.9-61.3 cm
TexasA&MPt-1,min,Ref,NAT-2-2,NAT-2-2-4,4,esm2,-44.1636473547967,-62.2442219401807,8.54473407141268,standard,50-75 cm,44.2-62.2 cm
TexasA&MPt-1,min,Ref,NAT-2-2,NAT-2-2-5,5,esm1,-61.3,-79.2,7.83750000000019,standard,75-100 cm,61.3-79.2 cm
TexasA&MPt-1,min,Ref,NAT-2-2,NAT-2-2-5,5,esm2,-62.2442219401807,-77.923622968953,8.30231742227783,standard,75-100 cm,62.2-77.9 cm
TexasA&MPt-1,min,Ref,NAT-3-3,NAT-3-3-1,1,esm1,0,-5.6,5.0316,standard,0-10 cm,0-5.6 cm
TexasA&MPt-1,min,Ref,NAT-3-3,NAT-3-3-1,1,esm2,0,-5.63206385579458,5.11921801168128,standard,0-10 cm,0-5.6 cm
TexasA&MPt-1,min,Ref,NAT-3-3,NAT-3-3-2,2,esm1,-5.6,-21.8,5.92163999999999,standard,10-30 cm,5.6-21.8 cm
TexasA&MPt-1,min,Ref,NAT-3-3,NAT-3-3-2,2,esm2,-5.63206385579458,-22.1051594390533,6.18025806792771,standard,10-30 cm,5.6-22.1 cm
TexasA&MPt-1,min,Ref,NAT-3-3,NAT-3-3-3,3,esm1,-21.8,-38.5,4.95115999999995,standard,30-50 cm,21.8-38.5 cm
TexasA&MPt-1,min,Ref,NAT-3-3,NAT-3-3-3,3,esm2,-22.1051594390533,-38.5526691906253,4.64259956675083,standard,30-50 cm,22.1-38.6 cm
TexasA&MPt-1,min,Ref,NAT-3-3,NAT-3-3-4,4,esm1,-38.5,-58.6,5.27424000000027,standard,50-75 cm,38.5-58.6 cm
TexasA&MPt-1,min,Ref,NAT-3-3,NAT-3-3-4,4,esm2,-38.5526691906253,-58.5781490532262,4.95835052055129,standard,50-75 cm,38.6-58.6 cm
TexasA&MPt-1,min,Ref,NAT-3-3,NAT-3-3-5,5,esm1,-58.6,-76.4,5.75104000000005,standard,75-100 cm,58.6-76.4 cm
TexasA&MPt-1,min,Ref,NAT-3-3,NAT-3-3-5,5,esm2,-58.5781490532262,-76.2330041451864,5.36340469907696,standard,75-100 cm,58.6-76.2 cm
TexasA&MPt-1,min,SHM,NTM-1-1,NTM-1-1-1,1,esm1,0,-10,6.24400000000001,standard,0-10 cm,0-10 cm
TexasA&MPt-1,min,SHM,NTM-1-1,NTM-1-1-1,1,esm2,0,-10,6.244,standard,0-10 cm,0-10 cm
TexasA&MPt-1,min,SHM,NTM-1-1,NTM-1-1-2,2,esm1,-10,-27,4.05279999999998,standard,10-30 cm,10-27 cm
TexasA&MPt-1,min,SHM,NTM-1-1,NTM-1-1-2,2,esm2,-10,-29.2799044561391,5.30133745144487,standard,10-30 cm,10-29.3 cm
TexasA&MPt-1,min,SHM,NTM-1-1,NTM-1-1-3,3,esm1,-27,-45.7,3.70479999999998,standard,30-50 cm,27-45.7 cm
TexasA&MPt-1,min,SHM,NTM-1-1,NTM-1-1-3,3,esm2,-29.2799044561391,-44.0178069698683,1.95139831090909,standard,30-50 cm,29.3-44 cm
TexasA&MPt-1,min,SHM,NTM-1-1,NTM-1-1-4,4,esm1,-45.7,-69.2,3.94799999999998,standard,50-75 cm,45.7-69.2 cm
TexasA&MPt-1,min,SHM,NTM-1-1,NTM-1-1-4,4,esm2,-44.0178069698683,-68.8566541439927,4.34399070526558,standard,50-75 cm,44-68.9 cm
TexasA&MPt-1,min,SHM,NTM-1-1,NTM-1-1-5,5,esm1,-69.2,-88.6,3.21840000000008,standard,75-100 cm,69.2-88.6 cm
TexasA&MPt-1,min,SHM,NTM-1-1,NTM-1-1-5,5,esm2,-68.8566541439927,-89.536756047152707,3.51712153074774,standard,75-100 cm,68.9-89.5 cm
TexasA&MPt-1,min,SHM,NTM-1-2,NTM-1-2-1,1,esm1,0,-7.4,5.095,standard,0-10 cm,0-7.4 cm
TexasA&MPt-1,min,SHM,NTM-1-2,NTM-1-2-1,1,esm2,0,-7.46574115816667,5.25775363705708,standard,0-10 cm,0-7.5 cm
TexasA&MPt-1,min,SHM,NTM-1-2,NTM-1-2-2,2,esm1,-7.4,-23,4.40699999999999,standard,10-30 cm,7.4-23 cm
TexasA&MPt-1,min,SHM,NTM-1-2,NTM-1-2-2,2,esm2,-7.46574115816667,-23.1863178630159,5.21889267606946,standard,10-30 cm,7.5-23.2 cm
TexasA&MPt-1,min,SHM,NTM-1-2,NTM-1-2-3,3,esm1,-23,-39.5,3.7484999999999,standard,30-50 cm,23-39.5 cm
TexasA&MPt-1,min,SHM,NTM-1-2,NTM-1-2-3,3,esm2,-23.1863178630159,-39.3562865363886,2.53750179571237,standard,30-50 cm,23.2-39.4 cm
TexasA&MPt-1,min,SHM,NTM-1-2,NTM-1-2-4,4,esm1,-39.5,-60.8,4.62209999999982,standard,50-75 cm,39.5-60.8 cm
TexasA&MPt-1,min,SHM,NTM-1-2,NTM-1-2-4,4,esm2,-39.3562865363886,-60.4925443918443,4.61002459988292,standard,50-75 cm,39.4-60.5 cm
TexasA&MPt-1,min,SHM,NTM-1-2,NTM-1-2-5,5,esm1,-60.8,-79.4,3.87339999999991,standard,75-100 cm,60.8-79.4 cm
TexasA&MPt-1,min,SHM,NTM-1-2,NTM-1-2-5,5,esm2,-60.4925443918443,-79.3975219158338,4.25531001059166,standard,75-100 cm,60.5-79.4 cm
TexasA&MPt-1,min,SHM,NTM-1-3,NTM-1-3-1,1,esm1,0,-6.7,4.68455,standard,0-10 cm,0-6.7 cm
TexasA&MPt-1,min,SHM,NTM-1-3,NTM-1-3-1,1,esm2,0,-6.73305382390409,4.77709885812281,standard,0-10 cm,0-6.7 cm
TexasA&MPt-1,min,SHM,NTM-1-3,NTM-1-3-2,2,esm1,-6.7,-24.1,4.86669000000006,standard,10-30 cm,6.7-24.1 cm
TexasA&MPt-1,min,SHM,NTM-1-3,NTM-1-3-2,2,esm2,-6.73305382390409,-24.8043842140258,6.08086455961161,standard,10-30 cm,6.7-24.8 cm
TexasA&MPt-1,min,SHM,NTM-1-3,NTM-1-3-3,3,esm1,-24.1,-42,4.56806000000006,standard,30-50 cm,24.1-42 cm
TexasA&MPt-1,min,SHM,NTM-1-3,NTM-1-3-3,3,esm2,-24.8043842140258,-41.6693489663258,2.34427053574869,standard,30-50 cm,24.8-41.7 cm
TexasA&MPt-1,min,SHM,NTM-1-3,NTM-1-3-4,4,esm1,-42,-64.5,7.2765000000002,standard,50-75 cm,42-64.5 cm
TexasA&MPt-1,min,SHM,NTM-1-3,NTM-1-3-4,4,esm2,-41.6693489663258,-64.2026794546158,7.68304050030154,standard,50-75 cm,41.7-64.2 cm
TexasA&MPt-1,min,SHM,NTM-1-3,NTM-1-3-5,5,esm1,-64.5,-84,5.48370000000007,standard,75-100 cm,64.5-84 cm
TexasA&MPt-1,min,SHM,NTM-1-3,NTM-1-3-5,5,esm2,-64.2026794546158,-84.1203442610215,6.67799294874129,standard,75-100 cm,64.2-84.1 cm
TexasA&MPt-1,min,SHM,NTM-2-1,NTM-2-1-1,1,esm1,0,-8.7,5.93544999999999,standard,0-10 cm,0-8.7 cm
TexasA&MPt-1,min,SHM,NTM-2-1,NTM-2-1-1,1,esm2,0,-8.93402545217474,6.15129710538685,standard,0-10 cm,0-8.9 cm
TexasA&MPt-1,min,SHM,NTM-2-1,NTM-2-1-2,2,esm1,-8.7,-25.6,4.34889000000009,standard,10-30 cm,8.7-25.6 cm
TexasA&MPt-1,min,SHM,NTM-2-1,NTM-2-1-2,2,esm2,-8.93402545217474,-25.1519312863694,5.57793878645742,standard,10-30 cm,8.9-25.2 cm
TexasA&MPt-1,min,SHM,NTM-2-1,NTM-2-1-3,3,esm1,-25.6,-44,4.1444600000001,standard,30-50 cm,25.6-44 cm
TexasA&MPt-1,min,SHM,NTM-2-1,NTM-2-1-3,3,esm2,-25.1519312863694,-44.0105122923763,1.68817985153301,standard,30-50 cm,25.2-44 cm
TexasA&MPt-1,min,SHM,NTM-2-1,NTM-2-1-4,4,esm1,-44,-67.4,5.60897999999976,standard,50-75 cm,44-67.4 cm
TexasA&MPt-1,min,SHM,NTM-2-1,NTM-2-1-4,4,esm2,-44.0105122923763,-67.5063934437673,6.1657702381066,standard,50-75 cm,44-67.5 cm
TexasA&MPt-1,min,SHM,NTM-2-1,NTM-2-1-5,5,esm1,-67.4,-86.7,4.82511000000008,standard,75-100 cm,67.4-86.7 cm
TexasA&MPt-1,min,SHM,NTM-2-1,NTM-2-1-5,5,esm2,-67.5063934437673,-87.1422169887439,5.66062858260002,standard,75-100 cm,67.5-87.1 cm
TexasA&MPt-1,min,SHM,NTM-2-2,NTM-2-2-1,1,esm1,0,-6.2,6.33463999999999,standard,0-10 cm,0-6.2 cm
TexasA&MPt-1,min,SHM,NTM-2-2,NTM-2-2-1,1,esm2,0,-6.28637047268268,6.55803125531301,standard,0-10 cm,0-6.3 cm
TexasA&MPt-1,min,SHM,NTM-2-2,NTM-2-2-2,2,esm1,-6.2,-22.8,5.81784000000001,standard,10-30 cm,6.2-22.8 cm
TexasA&MPt-1,min,SHM,NTM-2-2,NTM-2-2-2,2,esm2,-6.28637047268268,-22.4398038437726,6.6718133907042,standard,10-30 cm,6.3-22.4 cm
TexasA&MPt-1,min,SHM,NTM-2-2,NTM-2-2-3,3,esm1,-22.8,-41,4.61551999999997,standard,30-50 cm,22.8-41 cm
TexasA&MPt-1,min,SHM,NTM-2-2,NTM-2-2-3,3,esm2,-22.4398038437726,-40.9533181827581,3.05897338794034,standard,30-50 cm,22.4-41 cm
TexasA&MPt-1,min,SHM,NTM-2-2,NTM-2-2-4,4,esm1,-41,-64.8,6.6163999999998,standard,50-75 cm,41-64.8 cm
TexasA&MPt-1,min,SHM,NTM-2-2,NTM-2-2-4,4,esm2,-40.9533181827581,-64.7728423153714,6.83945352680966,standard,50-75 cm,41-64.8 cm
TexasA&MPt-1,min,SHM,NTM-2-2,NTM-2-2-5,5,esm1,-64.8,-84.9,4.97399999999985,standard,75-100 cm,64.8-84.9 cm
TexasA&MPt-1,min,SHM,NTM-2-2,NTM-2-2-5,5,esm2,-64.7728423153714,-85.2016790055722,5.75642518783334,standard,75-100 cm,64.8-85.2 cm
TexasA&MPt-1,min,SHM,NTM-2-3,NTM-2-3-1,1,esm1,0,-6.4,7.87804000000001,standard,0-10 cm,0-6.4 cm
TexasA&MPt-1,min,SHM,NTM-2-3,NTM-2-3-1,1,esm2,0,-6.38037194048813,8.0705917870621,standard,0-10 cm,0-6.4 cm
TexasA&MPt-1,min,SHM,NTM-2-3,NTM-2-3-2,2,esm1,-6.4,-23.4,5.59383999999991,standard,10-30 cm,6.4-23.4 cm
TexasA&MPt-1,min,SHM,NTM-2-3,NTM-2-3-2,2,esm2,-6.38037194048813,-23.7248973807012,6.55273477931082,standard,10-30 cm,6.4-23.7 cm
TexasA&MPt-1,min,SHM,NTM-2-3,NTM-2-3-3,3,esm1,-23.4,-41.7,4.65691999999994,standard,30-50 cm,23.4-41.7 cm
TexasA&MPt-1,min,SHM,NTM-2-3,NTM-2-3-3,3,esm2,-23.7248973807012,-41.3483095678292,2.95016882993152,standard,30-50 cm,23.7-41.3 cm
TexasA&MPt-1,min,SHM,NTM-2-3,NTM-2-3-4,4,esm1,-41.7,-65.8,6.60340000000002,standard,50-75 cm,41.7-65.8 cm
TexasA&MPt-1,min,SHM,NTM-2-3,NTM-2-3-4,4,esm2,-41.3483095678292,-65.6287685219597,6.87766064623285,standard,50-75 cm,41.3-65.6 cm
TexasA&MPt-1,min,SHM,NTM-2-3,NTM-2-3-5,5,esm1,-65.8,-86.3,5.22940999999984,standard,75-100 cm,65.8-86.3 cm
TexasA&MPt-1,min,SHM,NTM-2-3,NTM-2-3-5,5,esm2,-65.6287685219597,-86.6871529155532,5.94187187869892,standard,75-100 cm,65.6-86.7 cm
TexasA&MPt-1,min,SHM,NTM-3-1,NTM-3-1-1,1,esm1,0,-9,6.3195,standard,0-10 cm,0-9 cm
TexasA&MPt-1,min,SHM,NTM-3-1,NTM-3-1-1,1,esm2,0,-9.01719168621527,6.40350635455352,standard,0-10 cm,0-9 cm
TexasA&MPt-1,min,SHM,NTM-3-1,NTM-3-1-2,2,esm1,-9,-26.6,5.32019999999994,standard,10-30 cm,9-26.6 cm
TexasA&MPt-1,min,SHM,NTM-3-1,NTM-3-1-2,2,esm2,-9.01719168621527,-27.4593158157353,5.82125208537714,standard,10-30 cm,9-27.5 cm
TexasA&MPt-1,min,SHM,NTM-3-1,NTM-3-1-3,3,esm1,-26.6,-45.1,5.79791999999998,standard,30-50 cm,26.6-45.1 cm
TexasA&MPt-1,min,SHM,NTM-3-1,NTM-3-1-3,3,esm2,-27.4593158157353,-44.7743968327459,4.70486630590272,standard,30-50 cm,27.5-44.8 cm
TexasA&MPt-1,min,SHM,NTM-3-1,NTM-3-1-4,4,esm1,-45.1,-68,7.58448000000006,standard,50-75 cm,45.1-68 cm
TexasA&MPt-1,min,SHM,NTM-3-1,NTM-3-1-4,4,esm2,-44.7743968327459,-68.2305781381094,7.99509775300487,standard,50-75 cm,44.8-68.2 cm
TexasA&MPt-1,min,SHM,NTM-3-1,NTM-3-1-5,5,esm1,-68,-84.8,5.63472000000016,standard,75-100 cm,68-84.8 cm
TexasA&MPt-1,min,SHM,NTM-3-1,NTM-3-1-5,5,esm2,-68.2305781381094,-86.4340055382638,6.43247597677228,standard,75-100 cm,68.2-86.4 cm
TexasA&MPt-1,min,SHM,NTM-3-2,NTM-3-2-1,1,esm1,0,-7.3,9.36587999999999,standard,0-10 cm,0-7.3 cm
TexasA&MPt-1,min,SHM,NTM-3-2,NTM-3-2-1,1,esm2,0,-7.39912086358789,9.83712483503574,standard,0-10 cm,0-7.4 cm
TexasA&MPt-1,min,SHM,NTM-3-2,NTM-3-2-2,2,esm1,-7.3,-25.1,4.91939999999991,standard,10-30 cm,7.3-25.1 cm
TexasA&MPt-1,min,SHM,NTM-3-2,NTM-3-2-2,2,esm2,-7.39912086358789,-25.2834847952995,5.74390228720556,standard,10-30 cm,7.4-25.3 cm
TexasA&MPt-1,min,SHM,NTM-3-2,NTM-3-2-3,3,esm1,-25.1,-43.6,4.47303999999987,standard,30-50 cm,25.1-43.6 cm
TexasA&MPt-1,min,SHM,NTM-3-2,NTM-3-2-3,3,esm2,-25.2834847952995,-43.64334396138,1.45264131002264,standard,30-50 cm,25.3-43.6 cm
TexasA&MPt-1,min,SHM,NTM-3-2,NTM-3-2-4,4,esm1,-43.6,-66.2,7.25911999999978,standard,50-75 cm,43.6-66.2 cm
TexasA&MPt-1,min,SHM,NTM-3-2,NTM-3-2-4,4,esm2,-43.64334396138,-66.2466572161655,7.64266641433657,standard,50-75 cm,43.6-66.2 cm
TexasA&MPt-1,min,SHM,NTM-3-2,NTM-3-2-5,5,esm1,-66.2,-85.8,8.77736000000004,standard,75-100 cm,66.2-85.8 cm
TexasA&MPt-1,min,SHM,NTM-3-2,NTM-3-2-5,5,esm2,-66.2466572161655,-85.832181808184,9.78523354446133,standard,75-100 cm,66.2-85.8 cm
TexasA&MPt-1,min,SHM,NTM-3-3,NTM-3-3-1,1,esm1,0,-6.3,4.31062,standard,0-10 cm,0-6.3 cm
TexasA&MPt-1,min,SHM,NTM-3-3,NTM-3-3-1,1,esm2,0,-6.37912331146832,4.50824599681421,standard,0-10 cm,0-6.4 cm
TexasA&MPt-1,min,SHM,NTM-3-3,NTM-3-3-2,2,esm1,-6.3,-22.3,3.99837999999999,standard,10-30 cm,6.3-22.3 cm
TexasA&MPt-1,min,SHM,NTM-3-3,NTM-3-3-2,2,esm2,-6.37912331146832,-21.6021517329381,4.00532618872251,standard,10-30 cm,6.4-21.6 cm
TexasA&MPt-1,min,SHM,NTM-3-3,NTM-3-3-3,3,esm1,-22.3,-40,3.4970000000001,standard,30-50 cm,22.3-40 cm
TexasA&MPt-1,min,SHM,NTM-3-3,NTM-3-3-3,3,esm2,-21.6021517329381,-40.3477419112592,3.27201561169428,standard,30-50 cm,21.6-40.3 cm
TexasA&MPt-1,min,SHM,NTM-3-3,NTM-3-3-4,4,esm1,-40,-61,4.2861,standard,50-75 cm,40-61 cm
TexasA&MPt-1,min,SHM,NTM-3-3,NTM-3-3-4,4,esm2,-40.3477419112592,-61.2992502095272,4.49155937481884,standard,50-75 cm,40.3-61.3 cm
TexasA&MPt-1,min,SHM,NTM-3-3,NTM-3-3-5,5,esm1,-61,-79.4,3.31015999999981,standard,75-100 cm,61-79.4 cm
TexasA&MPt-1,min,SHM,NTM-3-3,NTM-3-3-5,5,esm2,-61.2992502095272,-79.2210413414444,3.33515356583449,standard,75-100 cm,61.3-79.2 cm
TexasA&MPt-1,min,SHM,NTR-1-1,NTR-1-1-1,1,esm1,0,-7.6,5.57090000000001,standard,0-10 cm,0-7.6 cm
TexasA&MPt-1,min,SHM,NTR-1-1,NTR-1-1-1,1,esm2,0,-7.62064473934533,5.7077056373821,standard,0-10 cm,0-7.6 cm
TexasA&MPt-1,min,SHM,NTR-1-1,NTR-1-1-2,2,esm1,-7.6,-25,4.2276,standard,10-30 cm,7.6-25 cm
TexasA&MPt-1,min,SHM,NTR-1-1,NTR-1-1-2,2,esm2,-7.62064473934533,-25.4854139673265,5.15113272840905,standard,10-30 cm,7.6-25.5 cm
TexasA&MPt-1,min,SHM,NTR-1-1,NTR-1-1-3,3,esm1,-25,-43.3,4.22641999999996,standard,30-50 cm,25-43.3 cm
TexasA&MPt-1,min,SHM,NTR-1-1,NTR-1-1-3,3,esm2,-25.4854139673265,-43.0578272223619,2.310029750304,standard,30-50 cm,25.5-43.1 cm
TexasA&MPt-1,min,SHM,NTR-1-1,NTR-1-1-4,4,esm1,-43.3,-65.9,6.2692400000002,standard,50-75 cm,43.3-65.9 cm
TexasA&MPt-1,min,SHM,NTR-1-1,NTR-1-1-4,4,esm2,-43.0578272223619,-65.7879007333622,6.74278570370705,standard,50-75 cm,43.1-65.8 cm
TexasA&MPt-1,min,SHM,NTR-1-1,NTR-1-1-5,5,esm1,-65.9,-85.3,4.79549000000014,standard,75-100 cm,65.9-85.3 cm
TexasA&MPt-1,min,SHM,NTR-1-1,NTR-1-1-5,5,esm2,-65.7879007333622,-85.489856997283,5.74521105654233,standard,75-100 cm,65.8-85.5 cm
TexasA&MPt-1,min,SHM,NTR-1-2,NTR-1-2-1,1,esm1,0,-7,5.534,standard,0-10 cm,0-7 cm
TexasA&MPt-1,min,SHM,NTR-1-2,NTR-1-2-1,1,esm2,0,-7.01792038931046,5.69176102658951,standard,0-10 cm,0-7 cm
TexasA&MPt-1,min,SHM,NTR-1-2,NTR-1-2-2,2,esm1,-7,-23.7,4.55235000000002,standard,10-30 cm,7-23.7 cm
TexasA&MPt-1,min,SHM,NTR-1-2,NTR-1-2-2,2,esm2,-7.01792038931046,-24.4518056149405,5.09925535165923,standard,10-30 cm,7-24.5 cm
TexasA&MPt-1,min,SHM,NTR-1-2,NTR-1-2-3,3,esm1,-23.7,-41,4.20135000000001,standard,30-50 cm,23.7-41 cm
TexasA&MPt-1,min,SHM,NTR-1-2,NTR-1-2-3,3,esm2,-24.4518056149405,-40.6631570026106,3.15320311068408,standard,30-50 cm,24.5-40.7 cm
TexasA&MPt-1,min,SHM,NTR-1-2,NTR-1-2-4,4,esm1,-41,-62.9,5.62173000000024,standard,50-75 cm,41-62.9 cm
TexasA&MPt-1,min,SHM,NTR-1-2,NTR-1-2-4,4,esm2,-40.6631570026106,-62.5425740579609,5.63377628252102,standard,50-75 cm,40.7-62.5 cm
TexasA&MPt-1,min,SHM,NTR-1-2,NTR-1-2-5,5,esm1,-62.9,-81.7,4.82596000000031,standard,75-100 cm,62.9-81.7 cm
TexasA&MPt-1,min,SHM,NTR-1-2,NTR-1-2-5,5,esm2,-62.5425740579609,-81.9206715195967,5.29843040508191,standard,75-100 cm,62.5-81.9 cm
TexasA&MPt-1,min,SHM,NTR-1-3,NTR-1-3-1,1,esm1,0,-6.2,6.26552,standard,0-10 cm,0-6.2 cm
TexasA&MPt-1,min,SHM,NTR-1-3,NTR-1-3-1,1,esm2,0,-6.21721810293722,6.43685094347272,standard,0-10 cm,0-6.2 cm
TexasA&MPt-1,min,SHM,NTR-1-3,NTR-1-3-2,2,esm1,-6.2,-23.4,5.4543600000001,standard,10-30 cm,6.2-23.4 cm
TexasA&MPt-1,min,SHM,NTR-1-3,NTR-1-3-2,2,esm2,-6.21721810293722,-23.5981523380811,5.87244523370523,standard,10-30 cm,6.2-23.6 cm
TexasA&MPt-1,min,SHM,NTR-1-3,NTR-1-3-3,3,esm1,-23.4,-41.4,4.54152000000005,standard,30-50 cm,23.4-41.4 cm
TexasA&MPt-1,min,SHM,NTR-1-3,NTR-1-3-3,3,esm2,-23.5981523380811,-41.4116422787934,3.85139500163919,standard,30-50 cm,23.6-41.4 cm
TexasA&MPt-1,min,SHM,NTR-1-3,NTR-1-3-4,4,esm1,-41.4,-63.5,4.93934999999987,standard,50-75 cm,41.4-63.5 cm
TexasA&MPt-1,min,SHM,NTR-1-3,NTR-1-3-4,4,esm2,-41.4116422787934,-63.6859632455533,4.83601503544571,standard,50-75 cm,41.4-63.7 cm
TexasA&MPt-1,min,SHM,NTR-1-3,NTR-1-3-5,5,esm1,-63.5,-82.2,4.85984999999997,standard,75-100 cm,63.5-82.2 cm
TexasA&MPt-1,min,SHM,NTR-1-3,NTR-1-3-5,5,esm2,-63.6859632455533,-82.4757554374304,4.81432310987118,standard,75-100 cm,63.7-82.5 cm
TexasA&MPt-1,min,SHM,NTR-2-1,NTR-2-1-1,1,esm1,0,-7.7,5.3445,standard,0-10 cm,0-7.7 cm
TexasA&MPt-1,min,SHM,NTR-2-1,NTR-2-1-1,1,esm2,0,-7.6940301750596,5.50845027701284,standard,0-10 cm,0-7.7 cm
TexasA&MPt-1,min,SHM,NTR-2-1,NTR-2-1-2,2,esm1,-7.7,-26,4.08549999999999,standard,10-30 cm,7.7-26 cm
TexasA&MPt-1,min,SHM,NTR-2-1,NTR-2-1-2,2,esm2,-7.6940301750596,-26.3777146604119,3.99200159284499,standard,10-30 cm,7.7-26.4 cm
TexasA&MPt-1,min,SHM,NTR-2-1,NTR-2-1-3,3,esm1,-26,-45.7,4.30457999999999,standard,30-50 cm,26-45.7 cm
TexasA&MPt-1,min,SHM,NTR-2-1,NTR-2-1-3,3,esm2,-26.3777146604119,-45.370021405294,4.10382914771599,standard,30-50 cm,26.4-45.4 cm
TexasA&MPt-1,min,SHM,NTR-2-1,NTR-2-1-4,4,esm1,-45.7,-70.7,5.60999999999989,standard,50-75 cm,45.7-70.7 cm
TexasA&MPt-1,min,SHM,NTR-2-1,NTR-2-1-4,4,esm2,-45.370021405294,-70.8001961565638,5.74524544342982,standard,50-75 cm,45.4-70.8 cm
TexasA&MPt-1,min,SHM,NTR-2-1,NTR-2-1-5,5,esm1,-70.7,-90,4.38492,standard,75-100 cm,70.7-90 cm
TexasA&MPt-1,min,SHM,NTR-2-1,NTR-2-1-5,5,esm2,-70.8001961565638,-90.9280573056162,4.6007242922542,standard,75-100 cm,70.8-90.9 cm
TexasA&MPt-1,min,SHM,NTR-2-2,NTR-2-2-1,1,esm1,0,-8.1,5.46043999999999,standard,0-10 cm,0-8.1 cm
TexasA&MPt-1,min,SHM,NTR-2-2,NTR-2-2-1,1,esm2,0,-8.15320220282062,5.57278667412732,standard,0-10 cm,0-8.2 cm
TexasA&MPt-1,min,SHM,NTR-2-2,NTR-2-2-2,2,esm1,-8.1,-25.4,5.40055999999993,standard,10-30 cm,8.1-25.4 cm
TexasA&MPt-1,min,SHM,NTR-2-2,NTR-2-2-2,2,esm2,-8.15320220282062,-26.1364532149983,6.28161691204399,standard,10-30 cm,8.2-26.1 cm
TexasA&MPt-1,min,SHM,NTR-2-2,NTR-2-2-3,3,esm1,-25.4,-43.6,4.9805999999999,standard,30-50 cm,25.4-43.6 cm
TexasA&MPt-1,min,SHM,NTR-2-2,NTR-2-2-3,3,esm2,-26.1364532149983,-43.0700846858985,3.57638431843785,standard,30-50 cm,26.1-43.1 cm
TexasA&MPt-1,min,SHM,NTR-2-2,NTR-2-2-4,4,esm1,-43.6,-66.3,5.9246999999999,standard,50-75 cm,43.6-66.3 cm
TexasA&MPt-1,min,SHM,NTR-2-2,NTR-2-2-4,4,esm2,-43.0700846858985,-66.0116052616202,6.20140042918642,standard,50-75 cm,43.1-66 cm
TexasA&MPt-1,min,SHM,NTR-2-2,NTR-2-2-5,5,esm1,-66.3,-86.5,4.82829999999997,standard,75-100 cm,66.3-86.5 cm
TexasA&MPt-1,min,SHM,NTR-2-2,NTR-2-2-5,5,esm2,-66.0116052616202,-86.5135620787028,5.19068355061157,standard,75-100 cm,66-86.5 cm
TexasA&MPt-1,min,SHM,NTR-2-3,NTR-2-3-1,1,esm1,0,-6.9,4.88997,standard,0-10 cm,0-6.9 cm
TexasA&MPt-1,min,SHM,NTR-2-3,NTR-2-3-1,1,esm2,0,-6.95722986209068,5.0438633856411,standard,0-10 cm,0-7 cm
TexasA&MPt-1,min,SHM,NTR-2-3,NTR-2-3-2,2,esm1,-6.9,-23.9,4.60857000000005,standard,10-30 cm,6.9-23.9 cm
TexasA&MPt-1,min,SHM,NTR-2-3,NTR-2-3-2,2,esm2,-6.95722986209068,-23.8926325776564,5.18971505682815,standard,10-30 cm,7-23.9 cm
TexasA&MPt-1,min,SHM,NTR-2-3,NTR-2-3-3,3,esm1,-23.9,-42.5,4.90296000000005,standard,30-50 cm,23.9-42.5 cm
TexasA&MPt-1,min,SHM,NTR-2-3,NTR-2-3-3,3,esm2,-23.8926325776564,-42.2623622292707,3.28626716662856,standard,30-50 cm,23.9-42.3 cm
TexasA&MPt-1,min,SHM,NTR-2-3,NTR-2-3-4,4,esm1,-42.5,-66.4,8.24550000000023,standard,50-75 cm,42.5-66.4 cm
TexasA&MPt-1,min,SHM,NTR-2-3,NTR-2-3-4,4,esm2,-42.2623622292707,-66.1689422456639,8.61239609907593,standard,50-75 cm,42.3-66.2 cm
TexasA&MPt-1,min,SHM,NTR-2-3,NTR-2-3-5,5,esm1,-66.4,-87.9,7.29365999999993,standard,75-100 cm,66.4-87.9 cm
TexasA&MPt-1,min,SHM,NTR-2-3,NTR-2-3-5,5,esm2,-66.1689422456639,-87.8462492752245,8.12940073700591,standard,75-100 cm,66.2-87.8 cm
TexasA&MPt-1,min,SHM,NTR-3-1,NTR-3-1-1,1,esm1,0,-9.6,6.35976,standard,0-10 cm,0-9.6 cm
TexasA&MPt-1,min,SHM,NTR-3-1,NTR-3-1-1,1,esm2,0,-9.62850665603456,6.39469026644532,standard,0-10 cm,0-9.6 cm
TexasA&MPt-1,min,SHM,NTR-3-1,NTR-3-1-2,2,esm1,-9.6,-26.3,5.73281999999993,standard,10-30 cm,9.6-26.3 cm
TexasA&MPt-1,min,SHM,NTR-3-1,NTR-3-1-2,2,esm2,-9.62850665603456,-27.1482387673306,6.82869092371886,standard,10-30 cm,9.6-27.1 cm
TexasA&MPt-1,min,SHM,NTR-3-1,NTR-3-1-3,3,esm1,-26.3,-44.3,6.02996999999987,standard,30-50 cm,26.3-44.3 cm
TexasA&MPt-1,min,SHM,NTR-3-1,NTR-3-1-3,3,esm2,-27.1482387673306,-43.3180454283341,4.29334049165946,standard,30-50 cm,27.1-43.3 cm
TexasA&MPt-1,min,SHM,NTR-3-1,NTR-3-1-4,4,esm1,-44.3,-67.1,7.60379999999969,standard,50-75 cm,44.3-67.1 cm
TexasA&MPt-1,min,SHM,NTR-3-1,NTR-3-1-4,4,esm2,-43.3180454283341,-66.1039572095224,8.0924026216717,standard,50-75 cm,43.3-66.1 cm
TexasA&MPt-1,min,SHM,NTR-3-1,NTR-3-1-5,5,esm1,-67.1,-89.9,5.69213000000007,standard,75-100 cm,67.1-89.9 cm
TexasA&MPt-1,min,SHM,NTR-3-1,NTR-3-1-5,5,esm2,-66.1039572095224,-89.3921859524424,6.15833981447539,standard,75-100 cm,66.1-89.4 cm
TexasA&MPt-1,min,SHM,NTR-3-2,NTR-3-2-1,1,esm1,0,-7.6,8.24356000000001,standard,0-10 cm,0-7.6 cm
TexasA&MPt-1,min,SHM,NTR-3-2,NTR-3-2-1,1,esm2,0,-7.62195702386922,8.49592138329548,standard,0-10 cm,0-7.6 cm
TexasA&MPt-1,min,SHM,NTR-3-2,NTR-3-2-2,2,esm1,-7.6,-26.4,5.14164000000001,standard,10-30 cm,7.6-26.4 cm
TexasA&MPt-1,min,SHM,NTR-3-2,NTR-3-2-2,2,esm2,-7.62195702386922,-26.9687752823209,5.92807273018868,standard,10-30 cm,7.6-27 cm
TexasA&MPt-1,min,SHM,NTR-3-2,NTR-3-2-3,3,esm1,-26.4,-45.3,6.72983999999989,standard,30-50 cm,26.4-45.3 cm
TexasA&MPt-1,min,SHM,NTR-3-2,NTR-3-2-3,3,esm2,-26.9687752823209,-45.3151226788392,3.74497959575331,standard,30-50 cm,27-45.3 cm
TexasA&MPt-1,min,SHM,NTR-3-2,NTR-3-2-4,4,esm1,-45.3,-67.9,10.8886799999997,standard,50-75 cm,45.3-67.9 cm
TexasA&MPt-1,min,SHM,NTR-3-2,NTR-3-2-4,4,esm2,-45.3151226788392,-67.9110724453674,12.2997260429834,standard,50-75 cm,45.3-67.9 cm
TexasA&MPt-1,min,SHM,NTR-3-2,NTR-3-2-5,5,esm1,-67.9,-87.9,7.7861399999998,standard,75-100 cm,67.9-87.9 cm
TexasA&MPt-1,min,SHM,NTR-3-2,NTR-3-2-5,5,esm2,-67.9110724453674,-87.7748378536054,9.55583024238601,standard,75-100 cm,67.9-87.8 cm
TexasA&MPt-1,min,SHM,NTR-3-3,NTR-3-3-1,1,esm1,0,-6.8,5.87201999999999,standard,0-10 cm,0-6.8 cm
TexasA&MPt-1,min,SHM,NTR-3-3,NTR-3-3-1,1,esm2,0,-6.92125484915529,6.16531155790806,standard,0-10 cm,0-6.9 cm
TexasA&MPt-1,min,SHM,NTR-3-3,NTR-3-3-2,2,esm1,-6.8,-24.2,4.53120000000006,standard,10-30 cm,6.8-24.2 cm
TexasA&MPt-1,min,SHM,NTR-3-3,NTR-3-3-2,2,esm2,-6.92125484915529,-23.9915742500803,4.70519087991306,standard,10-30 cm,6.9-24 cm
TexasA&MPt-1,min,SHM,NTR-3-3,NTR-3-3-3,3,esm1,-24.2,-42.4,4.10202000000002,standard,30-50 cm,24.2-42.4 cm
TexasA&MPt-1,min,SHM,NTR-3-3,NTR-3-3-3,3,esm2,-23.9915742500803,-42.7564626375045,3.26316764157575,standard,30-50 cm,24-42.8 cm
TexasA&MPt-1,min,SHM,NTR-3-3,NTR-3-3-4,4,esm1,-42.4,-63.9,5.59214999999988,standard,50-75 cm,42.4-63.9 cm
TexasA&MPt-1,min,SHM,NTR-3-3,NTR-3-3-4,4,esm2,-42.7564626375045,-64.1477190280462,5.797699850855,standard,50-75 cm,42.8-64.1 cm
TexasA&MPt-1,min,SHM,NTR-3-3,NTR-3-3-5,5,esm1,-63.9,-82.9,4.50186999999999,standard,75-100 cm,63.9-82.9 cm
TexasA&MPt-1,min,SHM,NTR-3-3,NTR-3-3-5,5,esm2,-64.1477190280462,-82.7025736934509,4.95784163192415,standard,75-100 cm,64.1-82.7 cm
UConn,max,SHM,PaL1-1,PaL1-1-1,1,esm1,0,-11.1,40.9105075026048,standard,0-10 cm,0-11.1 cm
UConn,max,SHM,PaL1-1,PaL1-1-1,1,esm2,0,-11.0519402944896,40.1983399104484,standard,0-10 cm,0-11.1 cm
UConn,fd,SHM,PaL1-1,PaL1-1-1,1,fd,0,-10,32.715596309085,standard,0-10 cm,0-10 cm
UConn,max,SHM,PaL1-1,PaL1-1-2,2,esm1,-11.1,-34.7,65.3503509347503,standard,10-30 cm,11.1-34.7 cm
UConn,max,SHM,PaL1-1,PaL1-1-2,2,esm2,-11.0519402944896,-35.3245078241296,72.5211107681653,standard,10-30 cm,11.1-35.3 cm
UConn,fd,SHM,PaL1-1,PaL1-1-2,2,fd,-10,-30,51.243654982415066,standard,10-30 cm,10-30 cm
UConn,max,SHM,PaL1-1,PaL1-1-3,3,esm1,-34.7,-56.6,17.363728832088,standard,30-50 cm,34.7-56.6 cm
UConn,max,SHM,PaL1-1,PaL1-1-3,3,esm2,-35.3245078241296,-56.8388500344471,8.98452994858368,standard,30-50 cm,35.3-56.8 cm
UConn,fd,SHM,PaL1-1,PaL1-1-3,3,fd,-30,-50,14.748664496118401,standard,30-50 cm,30-50 cm
UConn,max,SHM,PaL1-1,PaL1-1-4,4,esm1,-56.6,-83.6,15.3977320318316,standard,50-75 cm,56.6-83.6 cm
UConn,max,SHM,PaL1-1,PaL1-1-4,4,esm2,-56.8388500344471,-83.6471221747659,17.9479310481202,standard,50-75 cm,56.8-83.6 cm
UConn,fd,SHM,PaL1-1,PaL1-1-4,4,fd,-50,-75,11.0091830945112,standard,50-75 cm,50-75 cm
UConn,max,SHM,PaL1-1,PaL1-1-5,5,esm1,-83.6,-112.1,12.2174693950343,standard,75-100 cm,83.6-112.1 cm
UConn,max,SHM,PaL1-1,PaL1-1-5,5,esm2,-83.6471221747659,-112.108898503946,11.5805651451561,standard,75-100 cm,83.6-112.1 cm
UConn,fd,SHM,PaL1-1,PaL1-1-5,5,fd,-75,-100,9.597977573767201,standard,75-100 cm,75-100 cm
UConn,max,BAU,PaT2-1,PaT2-1-1,1,esm1,0,-10,35.7513420885001,standard,0-10 cm,0-10 cm
UConn,max,BAU,PaT2-1,PaT2-1-1,1,esm2,0,-10,35.7513420885,standard,0-10 cm,0-10 cm
UConn,fd,BAU,PaT2-1,PaT2-1-1,1,fd,0,-10,33.963774984075,standard,0-10 cm,0-10 cm
UConn,max,BAU,PaT2-1,PaT2-1-2,2,esm1,-10,-30,37.322269409149,standard,10-30 cm,10-30 cm
UConn,max,BAU,PaT2-1,PaT2-1-2,2,esm2,-10,-30,37.32226940915,standard,10-30 cm,10-30 cm
UConn,fd,BAU,PaT2-1,PaT2-1-2,2,fd,-10,-30,35.031844950696,standard,10-30 cm,10-30 cm
UConn,max,BAU,PaT2-1,PaT2-1-3,3,esm1,-30,-50,12.1830947580001,standard,30-50 cm,30-50 cm
UConn,max,BAU,PaT2-1,PaT2-1-3,3,esm2,-30,-50.0644600442874,12.889604479946,standard,30-50 cm,30-50.1 cm
UConn,fd,BAU,PaT2-1,PaT2-1-3,3,fd,-30,-50,10.25708293236,standard,30-50 cm,30-50 cm
UConn,max,BAU,PaT2-1,PaT2-1-4,4,esm1,-50,-75,11.8079635485608,standard,50-75 cm,50-75 cm
UConn,max,BAU,PaT2-1,PaT2-1-4,4,esm2,-50.0644600442874,-75.0285900264616,11.0134392368509,standard,50-75 cm,50.1-75 cm
UConn,fd,BAU,PaT2-1,PaT2-1-4,4,fd,-50,-75,10.658765315771998,standard,50-75 cm,50-75 cm
UConn,max,BAU,PaT2-1,PaT2-1-5,5,esm1,-75,-100,11.6778822071998,standard,75-100 cm,75-100 cm
UConn,max,BAU,PaT2-1,PaT2-1-5,5,esm2,-75.0285900264616,-100.153714017501,11.7231029964391,standard,75-100 cm,75-100.2 cm
UConn,fd,BAU,PaT2-1,PaT2-1-5,5,fd,-75,-100,10.77189252948,standard,75-100 cm,75-100 cm
UConn,max,Ref,PaU1-1,PaU1-1-1,1,esm1,0,-15.6,101.378067294224,standard,0-10 cm,0-15.6 cm
UConn,max,Ref,PaU1-1,PaU1-1-1,1,esm2,0,-15.8934558245591,106.858085491234,standard,0-10 cm,0-15.9 cm
UConn,fd,Ref,PaU1-1,PaU1-1-1,1,fd,0,-10,71.35765498960001,standard,0-10 cm,0-10 cm
UConn,max,Ref,PaU1-1,PaU1-1-2,2,esm1,-15.6,-40.8,67.1001339466554,standard,10-30 cm,15.6-40.8 cm
UConn,max,Ref,PaU1-1,PaU1-1-2,2,esm2,-15.8934558245591,-41.5188204742401,61.517505897343,standard,10-30 cm,15.9-41.5 cm
UConn,fd,Ref,PaU1-1,PaU1-1-2,2,fd,-10,-30,81.83371024056679,standard,10-30 cm,10-30 cm
UConn,max,Ref,PaU1-1,PaU1-1-3,3,esm1,-40.8,-64.7,18.2301883516922,standard,30-50 cm,40.8-64.7 cm
UConn,max,Ref,PaU1-1,PaU1-1-3,3,esm2,-41.5188204742401,-65.1525120853236,18.8613887990532,standard,30-50 cm,41.5-65.2 cm
UConn,fd,Ref,PaU1-1,PaU1-1-3,3,fd,-30,-50,17.894594371698002,standard,30-50 cm,30-50 cm
UConn,max,Ref,PaU1-1,PaU1-1-4,4,esm1,-64.7,-93.3,15.2235122909868,standard,50-75 cm,64.7-93.3 cm
UConn,max,Ref,PaU1-1,PaU1-1-4,4,esm2,-65.1525120853236,-93.5213241976753,14.9867278365338,standard,50-75 cm,65.2-93.5 cm
UConn,fd,Ref,PaU1-1,PaU1-1-4,4,fd,-50,-75,15.64930554108,standard,50-75 cm,50-75 cm
UConn,max,Ref,PaU1-1,PaU1-1-5,5,esm1,-93.3,-119.3,13.6825578975143,standard,75-100 cm,93.3-119.3 cm
UConn,max,Ref,PaU1-1,PaU1-1-5,5,esm2,-93.5213241976753,-118.330379656117,15.1037139453766,standard,75-100 cm,93.5-118.3 cm
UConn,fd,Ref,PaU1-1,PaU1-1-5,5,fd,-75,-100,9.887270964204001,standard,75-100 cm,75-100 cm
UConn,max,Ref,PaU2-1,PaU2-1-1,1,esm1,0,-15,135.59208316915,standard,0-10 cm,0-15 cm
UConn,max,Ref,PaU2-1,PaU2-1-1,1,esm2,0,-14.9901366402755,136.10408578273,standard,0-10 cm,0-15 cm
UConn,fd,Ref,PaU2-1,PaU2-1-1,1,fd,0,-10,111.653455948595,standard,0-10 cm,0-10 cm
UConn,max,Ref,PaU2-1,PaU2-1-2,2,esm1,-15,-40.6,55.5495346146243,standard,10-30 cm,15-40.6 cm
UConn,max,Ref,PaU2-1,PaU2-1-2,2,esm2,-14.9901366402755,-41.3023965978411,61.0527717410086,standard,10-30 cm,15-41.3 cm
UConn,fd,Ref,PaU2-1,PaU2-1-2,2,fd,-10,-30,54.5579761172835,standard,10-30 cm,10-30 cm
UConn,max,Ref,PaU2-1,PaU2-1-3,3,esm1,-40.6,-63.8,22.6009951908327,standard,30-50 cm,40.6-63.8 cm
UConn,max,Ref,PaU2-1,PaU2-1-3,3,esm2,-41.3023965978411,-63.968828706785,16.4321543790695,standard,30-50 cm,41.3-64 cm
UConn,fd,Ref,PaU2-1,PaU2-1-3,3,fd,-30,-50,22.1166688774827,standard,30-50 cm,30-50 cm
UConn,max,Ref,PaU2-1,PaU2-1-4,4,esm1,-63.8,-89.4,18.9982957655425,standard,50-75 cm,63.8-89.4 cm
UConn,max,Ref,PaU2-1,PaU2-1-4,4,esm2,-63.968828706785,-89.3222941722428,19.2618762664054,standard,50-75 cm,64-89.3 cm
UConn,fd,Ref,PaU2-1,PaU2-1-4,4,fd,-50,-75,18.587746681750197,standard,50-75 cm,50-75 cm
UConn,max,Ref,PaU2-1,PaU2-1-5,5,esm1,-89.4,-116.2,14.0673306637203,standard,75-100 cm,89.4-116.2 cm
UConn,max,Ref,PaU2-1,PaU2-1-5,5,esm2,-89.3222941722428,-115.813092636949,13.9699708938201,standard,75-100 cm,89.3-115.8 cm
UConn,fd,Ref,PaU2-1,PaU2-1-5,5,fd,-75,-100,12.826868741410799,standard,75-100 cm,75-100 cm
UConn,mean,SHM,PaL1-1,PaL1-1-1,1,esm1,0,-8.7,33.489626170538,standard,0-10 cm,0-8.7 cm
UConn,mean,SHM,PaL1-1,PaL1-1-1,1,esm2,0,-8.78245057150124,33.9227995571159,standard,0-10 cm,0-8.8 cm
UConn,mean,SHM,PaL1-1,PaL1-1-2,2,esm1,-8.7,-28.8,66.3965062138249,standard,10-30 cm,8.7-28.8 cm
UConn,mean,SHM,PaL1-1,PaL1-1-2,2,esm2,-8.78245057150124,-28.984781543835,67.6910339872059,standard,10-30 cm,8.8-29 cm
UConn,mean,SHM,PaL1-1,PaL1-1-3,3,esm1,-28.8,-48.5,19.0356772779562,standard,30-50 cm,28.8-48.5 cm
UConn,mean,SHM,PaL1-1,PaL1-1-3,3,esm2,-28.984781543835,-48.5898386888301,15.9531619128037,standard,30-50 cm,29-48.6 cm
UConn,mean,SHM,PaL1-1,PaL1-1-4,4,esm1,-48.5,-73.3,14.3986277353918,standard,50-75 cm,48.5-73.3 cm
UConn,mean,SHM,PaL1-1,PaL1-1-4,4,esm2,-48.5898386888301,-73.401285393908,15.7485643394489,standard,50-75 cm,48.6-73.4 cm
UConn,mean,SHM,PaL1-1,PaL1-1-5,5,esm1,-73.3,-99.1,13.2646967839562,standard,75-100 cm,73.3-99.1 cm
UConn,mean,SHM,PaL1-1,PaL1-1-5,5,esm2,-73.401285393908,-99.0066433452877,13.558942342568301,standard,75-100 cm,73.4-99 cm
UConn,mean,BAU,PaT2-1,PaT2-1-1,1,esm1,0,-7.6,27.943182321036,standard,0-10 cm,0-7.6 cm
UConn,mean,BAU,PaT2-1,PaT2-1-1,1,esm2,0,-7.6525642480809,28.1363457489693,standard,0-10 cm,0-7.7 cm
UConn,mean,BAU,PaT2-1,PaT2-1-2,2,esm1,-7.6,-24.5,40.8873192966484,standard,10-30 cm,7.6-24.5 cm
UConn,mean,BAU,PaT2-1,PaT2-1-2,2,esm2,-7.6525642480809,-24.7594264796504,43.6601192100596,standard,10-30 cm,7.7-24.8 cm
UConn,mean,BAU,PaT2-1,PaT2-1-3,3,esm1,-24.5,-42.2,12.2583156510846,standard,30-50 cm,24.5-42.2 cm
UConn,mean,BAU,PaT2-1,PaT2-1-3,3,esm2,-24.7594264796504,-42.2727614485854,9.05578913604478,standard,30-50 cm,24.8-42.3 cm
UConn,mean,BAU,PaT2-1,PaT2-1-4,4,esm1,-42.2,-65.5,11.4304949622008,standard,50-75 cm,42.2-65.5 cm
UConn,mean,BAU,PaT2-1,PaT2-1-4,4,esm2,-42.2727614485854,-65.5999456589346,11.5325349220678,standard,50-75 cm,42.3-65.6 cm
UConn,mean,BAU,PaT2-1,PaT2-1-5,5,esm1,-65.5,-88.9,11.0328661035603,standard,75-100 cm,65.5-88.9 cm
UConn,mean,BAU,PaT2-1,PaT2-1-5,5,esm2,-65.5999456589346,-88.9864763774903,11.2580533643382,standard,75-100 cm,65.6-89 cm
UConn,mean,Ref,PaU1-1,PaU1-1-1,1,esm1,0,-12.7,85.831782350758,standard,0-10 cm,0-12.7 cm
UConn,mean,Ref,PaU1-1,PaU1-1-1,1,esm2,0,-12.9324278960939,89.1241616610512,standard,0-10 cm,0-12.9 cm
UConn,mean,Ref,PaU1-1,PaU1-1-2,2,esm1,-12.7,-34.5,76.6840980280861,standard,10-30 cm,12.7-34.5 cm
UConn,mean,Ref,PaU1-1,PaU1-1-2,2,esm2,-12.9324278960939,-34.6229794434981,74.8702466271146,standard,10-30 cm,12.9-34.6 cm
UConn,mean,Ref,PaU1-1,PaU1-1-3,3,esm1,-34.5,-55.4,17.0987539136966,standard,30-50 cm,34.5-55.4 cm
UConn,mean,Ref,PaU1-1,PaU1-1-3,3,esm2,-34.6229794434981,-56.3858541661289,16.0750866830693,standard,30-50 cm,34.6-56.4 cm
UConn,mean,Ref,PaU1-1,PaU1-1-4,4,esm1,-55.4,-82.4,17.0867484288295,standard,50-75 cm,55.4-82.4 cm
UConn,mean,Ref,PaU1-1,PaU1-1-4,4,esm2,-56.3858541661289,-82.7332197445105,17.6146440431091,standard,50-75 cm,56.4-82.7 cm
UConn,mean,Ref,PaU1-1,PaU1-1-5,5,esm1,-82.4,-107.9,12.8260595499973,standard,75-100 cm,82.4-107.9 cm
UConn,mean,Ref,PaU1-1,PaU1-1-5,5,esm2,-82.7332197445105,-108.099925985123,11.749146523259,standard,75-100 cm,82.7-108.1 cm
UConn,mean,Ref,PaU2-1,PaU2-1-1,1,esm1,0,-11.8,124.032320264158,standard,0-10 cm,0-11.8 cm
UConn,mean,Ref,PaU2-1,PaU2-1-1,1,esm2,0,-11.8264563783817,124.185643388827,standard,0-10 cm,0-11.8 cm
UConn,mean,Ref,PaU2-1,PaU2-1-2,2,esm1,-11.8,-33.8,58.6418697216435,standard,10-30 cm,11.8-33.8 cm
UConn,mean,Ref,PaU2-1,PaU2-1-2,2,esm2,-11.8264563783817,-34.8163798308323,68.061201179739,standard,10-30 cm,11.8-34.8 cm
UConn,mean,Ref,PaU2-1,PaU2-1-3,3,esm1,-33.8,-55.1,23.4913178093713,standard,30-50 cm,33.8-55.1 cm
UConn,mean,Ref,PaU2-1,PaU2-1-3,3,esm2,-34.8163798308323,-55.4643636479839,12.7336193336307,standard,30-50 cm,34.8-55.5 cm
UConn,mean,Ref,PaU2-1,PaU2-1-4,4,esm1,-55.1,-79.6,19.7400975774051,standard,50-75 cm,55.1-79.6 cm
UConn,mean,Ref,PaU2-1,PaU2-1-4,4,esm2,-55.4643636479839,-79.8371157963608,22.0147527101283,standard,50-75 cm,55.5-79.8 cm
UConn,mean,Ref,PaU2-1,PaU2-1-5,5,esm1,-79.6,-104.3,14.6563192962817,standard,75-100 cm,79.6-104.3 cm
UConn,mean,Ref,PaU2-1,PaU2-1-5,5,esm2,-79.8371157963608,-103.54142863722,13.7031903444425,standard,75-100 cm,79.8-103.5 cm
UConn,min,SHM,PaL1-1,PaL1-1-1,1,esm1,0,-6.6,27.612062271884,standard,0-10 cm,0-6.6 cm
UConn,min,SHM,PaL1-1,PaL1-1-1,1,esm2,0,-6.69033675790421,28.478996732568,standard,0-10 cm,0-6.7 cm
UConn,min,SHM,PaL1-1,PaL1-1-2,2,esm1,-6.6,-23.9,57.3117036429938,standard,10-30 cm,6.6-23.9 cm
UConn,min,SHM,PaL1-1,PaL1-1-2,2,esm2,-6.69033675790421,-23.9108207959606,57.6947913433012,standard,10-30 cm,6.7-23.9 cm
UConn,min,SHM,PaL1-1,PaL1-1-3,3,esm1,-23.9,-42.7,29.9807888655174,standard,30-50 cm,23.9-42.7 cm
UConn,min,SHM,PaL1-1,PaL1-1-3,3,esm2,-23.9108207959606,-42.8797793578548,29.9606473184186,standard,30-50 cm,23.9-42.9 cm
UConn,min,SHM,PaL1-1,PaL1-1-4,4,esm1,-42.7,-65.2,13.7131050101918,standard,50-75 cm,42.7-65.2 cm
UConn,min,SHM,PaL1-1,PaL1-1-4,4,esm2,-42.8797793578548,-65.4240308596016,11.4313803253439,standard,50-75 cm,42.9-65.4 cm
UConn,min,SHM,PaL1-1,PaL1-1-5,5,esm1,-65.2,-89.5,13.6591665149815,standard,75-100 cm,65.2-89.5 cm
UConn,min,SHM,PaL1-1,PaL1-1-5,5,esm2,-65.4240308596016,-89.4519417539367,15.0839327345371,standard,75-100 cm,65.4-89.5 cm
UConn,min,BAU,PaT2-1,PaT2-1-1,1,esm1,0,-5.4,20.785702534194,standard,0-10 cm,0-5.4 cm
UConn,min,BAU,PaT2-1,PaT2-1-1,1,esm2,0,-5.43383455510071,20.9420822427433,standard,0-10 cm,0-5.4 cm
UConn,min,BAU,PaT2-1,PaT2-1-2,2,esm1,-5.4,-20.7,45.1131958936966,standard,10-30 cm,5.4-20.7 cm
UConn,min,BAU,PaT2-1,PaT2-1-2,2,esm2,-5.43383455510071,-20.8537625651108,47.025281400856,standard,10-30 cm,5.4-20.9 cm
UConn,min,BAU,PaT2-1,PaT2-1-3,3,esm1,-20.7,-36.8,11.6422048110383,standard,30-50 cm,20.7-36.8 cm
UConn,min,BAU,PaT2-1,PaT2-1-3,3,esm2,-20.8537625651108,-36.8967192934634,8.60986885575126,standard,30-50 cm,20.9-36.9 cm
UConn,min,BAU,PaT2-1,PaT2-1-4,4,esm1,-36.8,-58,11.4409367191205,standard,50-75 cm,36.8-58 cm
UConn,min,BAU,PaT2-1,PaT2-1-4,4,esm2,-36.8967192934634,-58.1690925992147,12.7952300177391,standard,50-75 cm,36.9-58.2 cm
UConn,min,BAU,PaT2-1,PaT2-1-5,5,esm1,-58,-80.3,10.6129642632006,standard,75-100 cm,58-80.3 cm
UConn,min,BAU,PaT2-1,PaT2-1-5,5,esm2,-58.1690925992147,-80.3430291404378,10.2513923953915,standard,75-100 cm,58.2-80.3 cm
UConn,min,Ref,PaU1-1,PaU1-1-1,1,esm1,0,-10,71.3576549896001,standard,0-10 cm,0-10 cm
UConn,min,Ref,PaU1-1,PaU1-1-1,1,esm2,0,-10,71.3576549896,standard,0-10 cm,0-10 cm
UConn,min,Ref,PaU1-1,PaU1-1-2,2,esm1,-10,-29.3,83.1813290022005,standard,10-30 cm,10-29.3 cm
UConn,min,Ref,PaU1-1,PaU1-1-2,2,esm2,-10,-29.4436001913945,87.8013284415007,standard,10-30 cm,10-29.4 cm
UConn,min,Ref,PaU1-1,PaU1-1-3,3,esm1,-29.3,-49,20.1939262232995,standard,30-50 cm,29.3-49 cm
UConn,min,Ref,PaU1-1,PaU1-1-3,3,esm2,-29.4436001913945,-50.0814797933387,15.6872626079021,standard,30-50 cm,29.4-50.1 cm
UConn,min,Ref,PaU1-1,PaU1-1-4,4,esm1,-49,-74.1,17.985600116714,standard,50-75 cm,49-74.1 cm
UConn,min,Ref,PaU1-1,PaU1-1-4,4,esm2,-50.0814797933387,-74.2186986980416,18.5278173503709,standard,50-75 cm,50.1-74.2 cm
UConn,min,Ref,PaU1-1,PaU1-1-5,5,esm1,-74.1,-99.2,12.1635764716206,standard,75-100 cm,74.1-99.2 cm
UConn,min,Ref,PaU1-1,PaU1-1-5,5,esm2,-74.2186986980416,-99.3292874424858,11.3870869028094,standard,75-100 cm,74.2-99.3 cm
UConn,min,Ref,PaU2-1,PaU2-1-1,1,esm1,0,-8.8,109.868928962716,standard,0-10 cm,0-8.8 cm
UConn,min,Ref,PaU2-1,PaU2-1-1,1,esm2,0,-8.89180731600727,113.447967261322,standard,0-10 cm,0-8.9 cm
UConn,min,Ref,PaU2-1,PaU2-1-2,2,esm1,-8.8,-29.1,66.9527741627222,standard,10-30 cm,8.8-29.1 cm
UConn,min,Ref,PaU2-1,PaU2-1-2,2,esm2,-8.89180731600727,-29.7553717529731,70.4472532677592,standard,10-30 cm,8.9-29.8 cm
UConn,min,Ref,PaU2-1,PaU2-1-3,3,esm1,-29.1,-49.2,24.2053080537966,standard,30-50 cm,29.1-49.2 cm
UConn,min,Ref,PaU2-1,PaU2-1-3,3,esm2,-29.7553717529731,-49.3591265382148,16.4060786181284,standard,30-50 cm,29.8-49.4 cm
UConn,min,Ref,PaU2-1,PaU2-1-4,4,esm1,-49.2,-72,19.1523614452557,standard,50-75 cm,49.2-72 cm
UConn,min,Ref,PaU2-1,PaU2-1-4,4,esm2,-49.3591265382148,-72.3529392845499,21.131557662879,standard,50-75 cm,49.4-72.4 cm
UConn,min,Ref,PaU2-1,PaU2-1-5,5,esm1,-72,-95.1,15.553468383689,standard,75-100 cm,72-95.1 cm
UConn,min,Ref,PaU2-1,PaU2-1-5,5,esm2,-72.3529392845499,-94.6902542198102,14.4875302756961,standard,75-100 cm,72.4-94.7 cm
UnivOfMinnesota,max,SHM,ALT-1,ALT-1-1,1,esm1,0,-10.8,41.201029931496,standard,0-10 cm,0-10.8 cm
UnivOfMinnesota,max,SHM,ALT-1,ALT-1-1,1,esm2,0,-10.8294869357088,41.1713345744524,standard,0-10 cm,0-10.8 cm
UnivOfMinnesota,fd,SHM,ALT-1,ALT-1-1,1,fd,0,-10,37.9922557274925,standard,0-10 cm,0-10 cm
UnivOfMinnesota,max,SHM,ALT-1,ALT-1-2,2,esm1,-10.8,-31.8,72.5734238509102,standard,10-30 cm,10.8-31.8 cm
UnivOfMinnesota,max,SHM,ALT-1,ALT-1-2,2,esm2,-10.8294869357088,-31.8843488630699,75.6974257469507,standard,10-30 cm,10.8-31.9 cm
UnivOfMinnesota,fd,SHM,ALT-1,ALT-1-2,2,fd,-10,-30,70.34062713044199,standard,10-30 cm,10-30 cm
UnivOfMinnesota,max,SHM,ALT-1,ALT-1-3,3,esm1,-31.8,-54,22.48310535619,standard,30-50 cm,31.8-54 cm
UnivOfMinnesota,max,SHM,ALT-1,ALT-1-3,3,esm2,-31.8843488630699,-54.7056449521076,23.7776755847246,standard,30-50 cm,31.9-54.7 cm
UnivOfMinnesota,fd,SHM,ALT-1,ALT-1-3,3,fd,-30,-50,25.228002282669,standard,30-50 cm,30-50 cm
UnivOfMinnesota,max,SHM,ALT-1,ALT-1-4,4,esm1,-54,-80,15.7980154864163,standard,50-75 cm,54-80 cm
UnivOfMinnesota,max,SHM,ALT-1,ALT-1-4,4,esm2,-54.7056449521076,-80.475363627987,2.97991445364801,standard,50-75 cm,54.7-80.5 cm
UnivOfMinnesota,fd,SHM,ALT-1,ALT-1-4,4,fd,-50,-75,15.579206329164002,standard,50-75 cm,50-75 cm
UnivOfMinnesota,max,SHM,ALT-1,ALT-1-5,5,esm1,-80,-105.1,14.6357254393282,standard,75-100 cm,80-105.1 cm
UnivOfMinnesota,max,SHM,ALT-1,ALT-1-5,5,esm2,-80.475363627987,-105.133809363156,30.2526257417937,standard,75-100 cm,80.5-105.1 cm
UnivOfMinnesota,fd,SHM,ALT-1,ALT-1-5,5,fd,-75,-100,14.577415776225003,standard,75-100 cm,75-100 cm
UnivOfMinnesota,max,SHM,ALT-2,ALT-2-1,1,esm1,0,-12.9,54.8011100705697,standard,0-10 cm,0-12.9 cm
UnivOfMinnesota,max,SHM,ALT-2,ALT-2-1,1,esm2,0,-13.4453384738293,55.5123803521317,standard,0-10 cm,0-13.4 cm
UnivOfMinnesota,fd,SHM,ALT-2,ALT-2-1,1,fd,0,-10,40.015407942787505,standard,0-10 cm,0-10 cm
UnivOfMinnesota,max,SHM,ALT-2,ALT-2-2,2,esm1,-12.9,-33.1,75.5124517813231,standard,10-30 cm,12.9-33.1 cm
UnivOfMinnesota,max,SHM,ALT-2,ALT-2-2,2,esm2,-13.4453384738293,-33.2907366221604,81.0595346795931,standard,10-30 cm,13.4-33.3 cm
UnivOfMinnesota,fd,SHM,ALT-2,ALT-2-2,2,fd,-10,-30,82.1666756708524,standard,10-30 cm,10-30 cm
UnivOfMinnesota,max,SHM,ALT-2,ALT-2-3,3,esm1,-33.1,-52.3,40.9061417831655,standard,30-50 cm,33.1-52.3 cm
UnivOfMinnesota,max,SHM,ALT-2,ALT-2-3,3,esm2,-33.2907366221604,-53.6513660905897,36.5801019291431,standard,30-50 cm,33.3-53.7 cm
UnivOfMinnesota,fd,SHM,ALT-2,ALT-2-3,3,fd,-30,-50,44.772888018458,standard,30-50 cm,30-50 cm
UnivOfMinnesota,max,SHM,ALT-2,ALT-2-4,4,esm1,-52.3,-77.7,43.8848698039736,standard,50-75 cm,52.3-77.7 cm
UnivOfMinnesota,max,SHM,ALT-2,ALT-2-4,4,esm2,-53.6513660905897,-76.3086220051427,40.955634092924,standard,50-75 cm,53.7-76.3 cm
UnivOfMinnesota,fd,SHM,ALT-2,ALT-2-4,4,fd,-50,-75,44.269675264802004,standard,50-75 cm,50-75 cm
UnivOfMinnesota,max,SHM,ALT-2,ALT-2-5,5,esm1,-77.7,-106.3,41.0984811499985,standard,75-100 cm,77.7-106.3 cm
UnivOfMinnesota,max,SHM,ALT-2,ALT-2-5,5,esm2,-76.3086220051427,-105.287885332501,40.5547133597389,standard,75-100 cm,76.3-105.3 cm
UnivOfMinnesota,fd,SHM,ALT-2,ALT-2-5,5,fd,-75,-100,35.92524576049001,standard,75-100 cm,75-100 cm
UnivOfMinnesota,max,SHM,ALT-3,ALT-3-1,1,esm1,0,-11.4,38.0331506989277,standard,0-10 cm,0-11.4 cm
UnivOfMinnesota,max,SHM,ALT-3,ALT-3-1,1,esm2,0,-11.2661526829912,38.7291035024186,standard,0-10 cm,0-11.3 cm
UnivOfMinnesota,fd,SHM,ALT-3,ALT-3-1,1,fd,0,-10,34.4675524126075,standard,0-10 cm,0-10 cm
UnivOfMinnesota,max,SHM,ALT-3,ALT-3-2,2,esm1,-11.4,-33.8,47.0116127612095,standard,10-30 cm,11.4-33.8 cm
UnivOfMinnesota,max,SHM,ALT-3,ALT-3-2,2,esm2,-11.2661526829912,-34.3551439004763,48.3376606169644,standard,10-30 cm,11.3-34.4 cm
UnivOfMinnesota,fd,SHM,ALT-3,ALT-3-2,2,fd,-10,-30,44.13172188792559,standard,10-30 cm,10-30 cm
UnivOfMinnesota,max,SHM,ALT-3,ALT-3-3,3,esm1,-33.8,-54.3,17.1299427033441,standard,30-50 cm,33.8-54.3 cm
UnivOfMinnesota,max,SHM,ALT-3,ALT-3-3,3,esm2,-34.3551439004763,-55.0761719228402,22.1892022947286,standard,30-50 cm,34.4-55.1 cm
UnivOfMinnesota,fd,SHM,ALT-3,ALT-3-3,3,fd,-30,-50,20.9358172431512,standard,30-50 cm,30-50 cm
UnivOfMinnesota,max,SHM,ALT-3,ALT-3-4,4,esm1,-54.3,-81.4,16.5000944820354,standard,50-75 cm,54.3-81.4 cm
UnivOfMinnesota,max,SHM,ALT-3,ALT-3-4,4,esm2,-55.0761719228402,-81.3757215878955,8.79669692747018,standard,50-75 cm,55.1-81.4 cm
UnivOfMinnesota,fd,SHM,ALT-3,ALT-3-4,4,fd,-50,-75,15.346596626725,standard,50-75 cm,50-75 cm
UnivOfMinnesota,max,SHM,ALT-3,ALT-3-5,5,esm1,-81.4,-108.8,14.1656659310756,standard,75-100 cm,81.4-108.8 cm
UnivOfMinnesota,max,SHM,ALT-3,ALT-3-5,5,esm2,-81.3757215878955,-106.917059314286,3.91059529880218,standard,75-100 cm,81.4-106.9 cm
UnivOfMinnesota,fd,SHM,ALT-3,ALT-3-5,5,fd,-75,-100,13.409221464817001,standard,75-100 cm,75-100 cm
UnivOfMinnesota,max,SHM,ALT-4,ALT-4-1,1,esm1,0,-10.6,48.2817631408262,standard,0-10 cm,0-10.6 cm
UnivOfMinnesota,max,SHM,ALT-4,ALT-4-1,1,esm2,0,-10.735843076704,48.7140681964609,standard,0-10 cm,0-10.7 cm
UnivOfMinnesota,fd,SHM,ALT-4,ALT-4-1,1,fd,0,-10,45.50597118166,standard,0-10 cm,0-10 cm
UnivOfMinnesota,max,SHM,ALT-4,ALT-4-2,2,esm1,-10.6,-31.2,80.4626015584435,standard,10-30 cm,10.6-31.2 cm
UnivOfMinnesota,max,SHM,ALT-4,ALT-4-2,2,esm2,-10.735843076704,-31.1838212526523,83.8799900291899,standard,10-30 cm,10.7-31.2 cm
UnivOfMinnesota,fd,SHM,ALT-4,ALT-4-2,2,fd,-10,-30,80.55898812306948,standard,10-30 cm,10-30 cm
UnivOfMinnesota,max,SHM,ALT-4,ALT-4-3,3,esm1,-31.2,-56.2,38.8266855542528,standard,30-50 cm,31.2-56.2 cm
UnivOfMinnesota,max,SHM,ALT-4,ALT-4-3,3,esm2,-31.1838212526523,-56.4913102489128,36.6219568768976,standard,30-50 cm,31.2-56.5 cm
UnivOfMinnesota,fd,SHM,ALT-4,ALT-4-3,3,fd,-30,-50,34.166472522994,standard,30-50 cm,30-50 cm
UnivOfMinnesota,max,SHM,ALT-4,ALT-4-4,4,esm1,-56.2,-84.2,16.5193667886158,standard,50-75 cm,56.2-84.2 cm
UnivOfMinnesota,max,SHM,ALT-4,ALT-4-4,4,esm2,-56.4913102489128,-86.211697835036,15.0240169659501,standard,50-75 cm,56.5-86.2 cm
UnivOfMinnesota,fd,SHM,ALT-4,ALT-4-4,4,fd,-50,-75,19.5615218388653,standard,50-75 cm,50-75 cm
UnivOfMinnesota,max,SHM,ALT-4,ALT-4-5,5,esm1,-84.2,-111.6,12.798967009794,standard,75-100 cm,84.2-111.6 cm
UnivOfMinnesota,max,SHM,ALT-4,ALT-4-5,5,esm2,-86.211697835036,-108.018590448703,20.794466381206,standard,75-100 cm,86.2-108 cm
UnivOfMinnesota,fd,SHM,ALT-4,ALT-4-5,5,fd,-75,-100,11.677889607475,standard,75-100 cm,75-100 cm
UnivOfMinnesota,max,SHM,ALT-5,ALT-5-1,1,esm1,0,-10,50.5373170411795,standard,0-10 cm,0-10 cm
UnivOfMinnesota,max,SHM,ALT-5,ALT-5-1,1,esm2,0,-10,50.5373170411795,standard,0-10 cm,0-10 cm
UnivOfMinnesota,fd,SHM,ALT-5,ALT-5-1,1,fd,0,-10,50.5373170411795,standard,0-10 cm,0-10 cm
UnivOfMinnesota,max,SHM,ALT-5,ALT-5-2,2,esm1,-10,-30.9,86.1314247459775,standard,10-30 cm,10-30.9 cm
UnivOfMinnesota,max,SHM,ALT-5,ALT-5-2,2,esm2,-10,-31.4044203558247,89.682441422449,standard,10-30 cm,10-31.4 cm
UnivOfMinnesota,fd,SHM,ALT-5,ALT-5-2,2,fd,-10,-30,82.512952845848,standard,10-30 cm,10-30 cm
UnivOfMinnesota,max,SHM,ALT-5,ALT-5-3,3,esm1,-30.9,-53.1,65.9690874878495,standard,30-50 cm,30.9-53.1 cm
UnivOfMinnesota,max,SHM,ALT-5,ALT-5-3,3,esm2,-31.4044203558247,-53.3547558261509,69.7598479444712,standard,30-50 cm,31.4-53.4 cm
UnivOfMinnesota,fd,SHM,ALT-5,ALT-5-3,3,fd,-30,-50,67.291302041188,standard,30-50 cm,30-50 cm
UnivOfMinnesota,max,SHM,ALT-5,ALT-5-4,4,esm1,-53.1,-81.2,20.003645530482,standard,50-75 cm,53.1-81.2 cm
UnivOfMinnesota,max,SHM,ALT-5,ALT-5-4,4,esm2,-53.3547558261509,-81.5931848539267,11.1137753679122,standard,50-75 cm,53.4-81.6 cm
UnivOfMinnesota,fd,SHM,ALT-5,ALT-5-4,4,fd,-50,-75,18.518204409625,standard,50-75 cm,50-75 cm
UnivOfMinnesota,max,SHM,ALT-5,ALT-5-5,5,esm1,-81.2,-105.7,11.9400285916163,standard,75-100 cm,81.2-105.7 cm
UnivOfMinnesota,max,SHM,ALT-5,ALT-5-5,5,esm2,-81.5931848539267,-106.663518609347,7.21409559919954,standard,75-100 cm,81.6-106.7 cm
UnivOfMinnesota,fd,SHM,ALT-5,ALT-5-5,5,fd,-75,-100,12.9438428563194,standard,75-100 cm,75-100 cm
UnivOfMinnesota,max,SHM,ALT-6,ALT-6-1,1,esm1,0,-11.7,46.4405997137508,standard,0-10 cm,0-11.7 cm
UnivOfMinnesota,max,SHM,ALT-6,ALT-6-1,1,esm2,0,-11.8090890368823,47.3857576998147,standard,0-10 cm,0-11.8 cm
UnivOfMinnesota,fd,SHM,ALT-6,ALT-6-1,1,fd,0,-10,39.817069398937,standard,0-10 cm,0-10 cm
UnivOfMinnesota,max,SHM,ALT-6,ALT-6-2,2,esm1,-11.7,-33.1,66.463315828955,standard,10-30 cm,11.7-33.1 cm
UnivOfMinnesota,max,SHM,ALT-6,ALT-6-2,2,esm2,-11.8090890368823,-33.081677510708,69.4344707873865,standard,10-30 cm,11.8-33.1 cm
UnivOfMinnesota,fd,SHM,ALT-6,ALT-6-2,2,fd,-10,-30,66.2004508327218,standard,10-30 cm,10-30 cm
UnivOfMinnesota,max,SHM,ALT-6,ALT-6-3,3,esm1,-33.1,-57.2,38.9019576156895,standard,30-50 cm,33.1-57.2 cm
UnivOfMinnesota,max,SHM,ALT-6,ALT-6-3,3,esm2,-33.081677510708,-57.9154658778123,38.5237101725169,standard,30-50 cm,33.1-57.9 cm
UnivOfMinnesota,fd,SHM,ALT-6,ALT-6-3,3,fd,-30,-50,37.2143084875996,standard,30-50 cm,30-50 cm
UnivOfMinnesota,max,SHM,ALT-6,ALT-6-4,4,esm1,-57.2,-85.2,28.1424139776234,standard,50-75 cm,57.2-85.2 cm
UnivOfMinnesota,max,SHM,ALT-6,ALT-6-4,4,esm2,-57.9154658778123,-86.3182604381205,22.9882461248749,standard,50-75 cm,57.9-86.3 cm
UnivOfMinnesota,fd,SHM,ALT-6,ALT-6-4,4,fd,-50,-75,28.060102052152,standard,50-75 cm,50-75 cm
UnivOfMinnesota,max,SHM,ALT-6,ALT-6-5,5,esm1,-85.2,-111.2,22.0652221058691,standard,75-100 cm,85.2-111.2 cm
UnivOfMinnesota,max,SHM,ALT-6,ALT-6-5,5,esm2,-86.3182604381205,-110.19901214841,29.3012478167922,standard,75-100 cm,86.3-110.2 cm
UnivOfMinnesota,fd,SHM,ALT-6,ALT-6-5,5,fd,-75,-100,21.21655971718,standard,75-100 cm,75-100 cm
UnivOfMinnesota,max,SHM,ALT-7,ALT-7-1,1,esm1,0,-12,45.9720616799856,standard,0-10 cm,0-12 cm
UnivOfMinnesota,max,SHM,ALT-7,ALT-7-1,1,esm2,0,-12.1560364416651,47.8737467088964,standard,0-10 cm,0-12.2 cm
UnivOfMinnesota,fd,SHM,ALT-7,ALT-7-1,1,fd,0,-10,38.625732789877,standard,0-10 cm,0-10 cm
UnivOfMinnesota,max,SHM,ALT-7,ALT-7-2,2,esm1,-12,-33.2,68.905051114184,standard,10-30 cm,12-33.2 cm
UnivOfMinnesota,max,SHM,ALT-7,ALT-7-2,2,esm2,-12.1560364416651,-33.6001740194788,70.9555143048777,standard,10-30 cm,12.2-33.6 cm
UnivOfMinnesota,fd,SHM,ALT-7,ALT-7-2,2,fd,-10,-30,69.1248848102951,standard,10-30 cm,10-30 cm
UnivOfMinnesota,max,SHM,ALT-7,ALT-7-3,3,esm1,-33.2,-57.2,53.106932485345,standard,30-50 cm,33.2-57.2 cm
UnivOfMinnesota,max,SHM,ALT-7,ALT-7-3,3,esm2,-33.6001740194788,-57.4055570308409,49.6586935209659,standard,30-50 cm,33.6-57.4 cm
UnivOfMinnesota,fd,SHM,ALT-7,ALT-7-3,3,fd,-30,-50,44.54059496248,standard,30-50 cm,30-50 cm
UnivOfMinnesota,max,SHM,ALT-7,ALT-7-4,4,esm1,-57.2,-83,41.9849795108889,standard,50-75 cm,57.2-83 cm
UnivOfMinnesota,max,SHM,ALT-7,ALT-7-4,4,esm2,-57.4055570308409,-82.2975234090153,44.2581052265726,standard,50-75 cm,57.4-82.3 cm
UnivOfMinnesota,fd,SHM,ALT-7,ALT-7-4,4,fd,-50,-75,50.2642037672904,standard,50-75 cm,50-75 cm
UnivOfMinnesota,max,SHM,ALT-7,ALT-7-5,5,esm1,-83,-112.3,17.234185514181,standard,75-100 cm,83-112.3 cm
UnivOfMinnesota,max,SHM,ALT-7,ALT-7-5,5,esm2,-82.2975234090153,-117.226919232387,3.64643190649633,standard,75-100 cm,82.3-117.2 cm
UnivOfMinnesota,fd,SHM,ALT-7,ALT-7-5,5,fd,-75,-100,17.412965243437203,standard,75-100 cm,75-100 cm
UnivOfMinnesota,max,SHM,ALT-8,ALT-8-1,1,esm1,0,-10.6,45.8974051029117,standard,0-10 cm,0-10.6 cm
UnivOfMinnesota,max,SHM,ALT-8,ALT-8-1,1,esm2,0,-10.6869958512952,46.8064347439755,standard,0-10 cm,0-10.7 cm
UnivOfMinnesota,fd,SHM,ALT-8,ALT-8-1,1,fd,0,-10,43.655142951502995,standard,0-10 cm,0-10 cm
UnivOfMinnesota,max,SHM,ALT-8,ALT-8-2,2,esm1,-10.6,-30.6,62.2190690633077,standard,10-30 cm,10.6-30.6 cm
UnivOfMinnesota,max,SHM,ALT-8,ALT-8-2,2,esm2,-10.6869958512952,-30.674355509817,64.5950144480193,standard,10-30 cm,10.7-30.7 cm
UnivOfMinnesota,fd,SHM,ALT-8,ALT-8-2,2,fd,-10,-30,63.20772716727979,standard,10-30 cm,10-30 cm
UnivOfMinnesota,max,SHM,ALT-8,ALT-8-3,3,esm1,-30.6,-51.9,28.053807430599502,standard,30-50 cm,30.6-51.9 cm
UnivOfMinnesota,max,SHM,ALT-8,ALT-8-3,3,esm2,-30.674355509817,-53.7594826228599,33.1506730289153,standard,30-50 cm,30.7-53.8 cm
UnivOfMinnesota,fd,SHM,ALT-8,ALT-8-3,3,fd,-30,-50,28.2049459591446,standard,30-50 cm,30-50 cm
UnivOfMinnesota,max,SHM,ALT-8,ALT-8-4,4,esm1,-51.9,-77.9,15.086370258494,standard,50-75 cm,51.9-77.9 cm
UnivOfMinnesota,max,SHM,ALT-8,ALT-8-4,4,esm2,-53.7594826228599,-78.694678640938207,10.7208585757235,standard,50-75 cm,53.8-78.7 cm
UnivOfMinnesota,fd,SHM,ALT-8,ALT-8-4,4,fd,-50,-75,14.506125248550003,standard,50-75 cm,50-75 cm
UnivOfMinnesota,max,SHM,ALT-8,ALT-8-5,5,esm1,-77.9,-104.8,12.5342684883006,standard,75-100 cm,77.9-104.8 cm
UnivOfMinnesota,max,SHM,ALT-8,ALT-8-5,5,esm2,-78.694678640938207,-103.682990451281,3.3392570097852,standard,75-100 cm,78.7-103.7 cm
UnivOfMinnesota,fd,SHM,ALT-8,ALT-8-5,5,fd,-75,-100,12.177093218898001,standard,75-100 cm,75-100 cm
UnivOfMinnesota,max,SHM,ALT-9,ALT-9-1,1,esm1,0,-10.6,45.8039479298521,standard,0-10 cm,0-10.6 cm
UnivOfMinnesota,max,SHM,ALT-9,ALT-9-1,1,esm2,0,-10.7046177943,46.7111466922743,standard,0-10 cm,0-10.7 cm
UnivOfMinnesota,fd,SHM,ALT-9,ALT-9-1,1,fd,0,-10,43.43467945924301,standard,0-10 cm,0-10 cm
UnivOfMinnesota,max,SHM,ALT-9,ALT-9-2,2,esm1,-10.6,-30.7,65.8976063961732,standard,10-30 cm,10.6-30.7 cm
UnivOfMinnesota,max,SHM,ALT-9,ALT-9-2,2,esm2,-10.7046177943,-30.8443268482505,68.0376006459772,standard,10-30 cm,10.7-30.8 cm
UnivOfMinnesota,fd,SHM,ALT-9,ALT-9-2,2,fd,-10,-30,66.4749985402594,standard,10-30 cm,10-30 cm
UnivOfMinnesota,max,SHM,ALT-9,ALT-9-3,3,esm1,-30.7,-53.7,60.6180131478798,standard,30-50 cm,30.7-53.7 cm
UnivOfMinnesota,max,SHM,ALT-9,ALT-9-3,3,esm2,-30.8443268482505,-54.090478074311,59.3027872299382,standard,30-50 cm,30.8-54.1 cm
UnivOfMinnesota,fd,SHM,ALT-9,ALT-9-3,3,fd,-30,-50,52.1014413837536,standard,30-50 cm,30-50 cm
UnivOfMinnesota,max,SHM,ALT-9,ALT-9-4,4,esm1,-53.7,-82.5,57.0033185632479,standard,50-75 cm,53.7-82.5 cm
UnivOfMinnesota,max,SHM,ALT-9,ALT-9-4,4,esm2,-54.090478074311,-82.8295958907559,62.6012465019431,standard,50-75 cm,54.1-82.8 cm
UnivOfMinnesota,fd,SHM,ALT-9,ALT-9-4,4,fd,-50,-75,63.012986996528,standard,50-75 cm,50-75 cm
UnivOfMinnesota,max,SHM,ALT-9,ALT-9-5,5,esm1,-82.5,-110,15.7621920770147,standard,75-100 cm,82.5-110 cm
UnivOfMinnesota,max,SHM,ALT-9,ALT-9-5,5,esm2,-82.8295958907559,-110.042369273338,7.29002816289352,standard,75-100 cm,82.8-110 cm
UnivOfMinnesota,fd,SHM,ALT-9,ALT-9-5,5,fd,-75,-100,14.32926552456,standard,75-100 cm,75-100 cm
UnivOfMinnesota,max,BAU,CON-1,CON-1-1,1,esm1,0,-12.1,41.6320782255815,standard,0-10 cm,0-12.1 cm
UnivOfMinnesota,max,BAU,CON-1,CON-1-1,1,esm2,0,-11.9952655463688,42.1662276968665,standard,0-10 cm,0-12 cm
UnivOfMinnesota,fd,BAU,CON-1,CON-1-1,1,fd,0,-10,34.766614114412,standard,0-10 cm,0-10 cm
UnivOfMinnesota,max,BAU,CON-1,CON-1-2,2,esm1,-12.1,-35.4,58.0390678294108,standard,10-30 cm,12.1-35.4 cm
UnivOfMinnesota,max,BAU,CON-1,CON-1-2,2,esm2,-11.9952655463688,-36.2318605570476,66.4668743557474,standard,10-30 cm,12-36.2 cm
UnivOfMinnesota,fd,BAU,CON-1,CON-1-2,2,fd,-10,-30,57.668397543359205,standard,10-30 cm,10-30 cm
UnivOfMinnesota,max,BAU,CON-1,CON-1-3,3,esm1,-35.4,-60.1,25.5850485599649,standard,30-50 cm,35.4-60.1 cm
UnivOfMinnesota,max,BAU,CON-1,CON-1-3,3,esm2,-36.2318605570476,-59.3694915238493,11.4841938006429,standard,30-50 cm,36.2-59.4 cm
UnivOfMinnesota,fd,BAU,CON-1,CON-1-3,3,fd,-30,-50,26.800497767484003,standard,30-50 cm,30-50 cm
UnivOfMinnesota,max,BAU,CON-1,CON-1-4,4,esm1,-60.1,-93.4,19.8503779026733,standard,50-75 cm,60.1-93.4 cm
UnivOfMinnesota,max,BAU,CON-1,CON-1-4,4,esm2,-59.3694915238493,-91.0562964625897,13.0157985574027,standard,50-75 cm,59.4-91.1 cm
UnivOfMinnesota,fd,BAU,CON-1,CON-1-4,4,fd,-50,-75,14.902686113120001,standard,50-75 cm,50-75 cm
UnivOfMinnesota,max,BAU,CON-1,CON-1-5,5,esm1,-93.4,-127.1,20.0888208804826,standard,75-100 cm,93.4-127.1 cm
UnivOfMinnesota,max,BAU,CON-1,CON-1-5,5,esm2,-91.0562964625897,-133.819794323303,62.7326788350171,standard,75-100 cm,91.1-133.8 cm
UnivOfMinnesota,fd,BAU,CON-1,CON-1-5,5,fd,-75,-100,14.902686113120001,standard,75-100 cm,75-100 cm
UnivOfMinnesota,max,BAU,CON-2,CON-2-1,1,esm1,0,-11.7,41.5919274803177,standard,0-10 cm,0-11.7 cm
UnivOfMinnesota,max,BAU,CON-2,CON-2-1,1,esm2,0,-11.8831882977035,42.5536831740987,standard,0-10 cm,0-11.9 cm
UnivOfMinnesota,fd,BAU,CON-2,CON-2-1,1,fd,0,-10,36.0602169829695,standard,0-10 cm,0-10 cm
UnivOfMinnesota,max,BAU,CON-2,CON-2-2,2,esm1,-11.7,-34.5,69.96962008019,standard,10-30 cm,11.7-34.5 cm
UnivOfMinnesota,max,BAU,CON-2,CON-2-2,2,esm2,-11.8831882977035,-34.8350418140985,71.9613674341271,standard,10-30 cm,11.9-34.8 cm
UnivOfMinnesota,fd,BAU,CON-2,CON-2-2,2,fd,-10,-30,65.078947027626,standard,10-30 cm,10-30 cm
UnivOfMinnesota,max,BAU,CON-2,CON-2-3,3,esm1,-34.5,-57.2,33.1823074447391,standard,30-50 cm,34.5-57.2 cm
UnivOfMinnesota,max,BAU,CON-2,CON-2-3,3,esm2,-34.8350418140985,-57.4688787984281,30.8511638592534,standard,30-50 cm,34.8-57.5 cm
UnivOfMinnesota,fd,BAU,CON-2,CON-2-3,3,fd,-30,-50,34.6922144022354,standard,30-50 cm,30-50 cm
UnivOfMinnesota,max,BAU,CON-2,CON-2-4,4,esm1,-57.2,-84.1,20.535993306128,standard,50-75 cm,57.2-84.1 cm
UnivOfMinnesota,max,BAU,CON-2,CON-2-4,4,esm2,-57.4688787984281,-83.407048595474,19.1884388659301,standard,50-75 cm,57.5-83.4 cm
UnivOfMinnesota,fd,BAU,CON-2,CON-2-4,4,fd,-50,-75,23.6491768980976,standard,50-75 cm,50-75 cm
UnivOfMinnesota,max,BAU,CON-2,CON-2-5,5,esm1,-84.1,-112.3,16.4572180508258,standard,75-100 cm,84.1-112.3 cm
UnivOfMinnesota,max,BAU,CON-2,CON-2-5,5,esm2,-83.407048595474,-109.339709027718,10.3626728456185,standard,75-100 cm,83.4-109.3 cm
UnivOfMinnesota,fd,BAU,CON-2,CON-2-5,5,fd,-75,-100,15.078362752510202,standard,75-100 cm,75-100 cm
UnivOfMinnesota,max,BAU,CON-3,CON-3-1,1,esm1,0,-12.3,39.5915609461711,standard,0-10 cm,0-12.3 cm
UnivOfMinnesota,max,BAU,CON-3,CON-3-1,1,esm2,0,-12.4432961869952,41.6394270917064,standard,0-10 cm,0-12.4 cm
UnivOfMinnesota,fd,BAU,CON-3,CON-3-1,1,fd,0,-10,33.429042654265,standard,0-10 cm,0-10 cm
UnivOfMinnesota,max,BAU,CON-3,CON-3-2,2,esm1,-12.3,-35.8,45.4379299287039,standard,10-30 cm,12.3-35.8 cm
UnivOfMinnesota,max,BAU,CON-3,CON-3-2,2,esm2,-12.4432961869952,-35.9654548855082,43.4768577562928,standard,10-30 cm,12.4-36 cm
UnivOfMinnesota,fd,BAU,CON-3,CON-3-2,2,fd,-10,-30,45.543997769133995,standard,10-30 cm,10-30 cm
UnivOfMinnesota,max,BAU,CON-3,CON-3-3,3,esm1,-35.8,-60.6,21.6310927951002,standard,30-50 cm,35.8-60.6 cm
UnivOfMinnesota,max,BAU,CON-3,CON-3-3,3,esm2,-35.9654548855082,-60.66106714355,21.7045252210619,standard,30-50 cm,36-60.7 cm
UnivOfMinnesota,fd,BAU,CON-3,CON-3-3,3,fd,-30,-50,18.530961745666,standard,30-50 cm,30-50 cm
UnivOfMinnesota,max,BAU,CON-3,CON-3-4,4,esm1,-60.6,-89.9,14.8624962605254,standard,50-75 cm,60.6-89.9 cm
UnivOfMinnesota,max,BAU,CON-3,CON-3-4,4,esm2,-60.66106714355,-89.4361799827125,15.5226068423477,standard,50-75 cm,60.7-89.4 cm
UnivOfMinnesota,fd,BAU,CON-3,CON-3-4,4,fd,-50,-75,18.0777269167775,standard,50-75 cm,50-75 cm
UnivOfMinnesota,max,BAU,CON-3,CON-3-5,5,esm1,-89.9,-120.1,8.67481549894752,standard,75-100 cm,89.9-120.1 cm
UnivOfMinnesota,max,BAU,CON-3,CON-3-5,5,esm2,-89.4361799827125,-122.032845498229,6.80881636775841,standard,75-100 cm,89.4-122 cm
UnivOfMinnesota,fd,BAU,CON-3,CON-3-5,5,fd,-75,-100,8.8425308625205,standard,75-100 cm,75-100 cm
UnivOfMinnesota,max,BAU,CON-4,CON-4-1,1,esm1,0,-13,42.8317423336308,standard,0-10 cm,0-13 cm
UnivOfMinnesota,max,BAU,CON-4,CON-4-1,1,esm2,0,-13.2836862211377,43.741556698226,standard,0-10 cm,0-13.3 cm
UnivOfMinnesota,fd,BAU,CON-4,CON-4-1,1,fd,0,-10,31.7094887468445,standard,0-10 cm,0-10 cm
UnivOfMinnesota,max,BAU,CON-4,CON-4-2,2,esm1,-13,-34.6,58.8017598299095,standard,10-30 cm,13-34.6 cm
UnivOfMinnesota,max,BAU,CON-4,CON-4-2,2,esm2,-13.2836862211377,-34.597463930503,65.3871597643814,standard,10-30 cm,13.3-34.6 cm
UnivOfMinnesota,fd,BAU,CON-4,CON-4-2,2,fd,-10,-30,63.0658228728715,standard,10-30 cm,10-30 cm
UnivOfMinnesota,max,BAU,CON-4,CON-4-3,3,esm1,-34.6,-58.3,24.3671164812004,standard,30-50 cm,34.6-58.3 cm
UnivOfMinnesota,max,BAU,CON-4,CON-4-3,3,esm2,-34.597463930503,-59.8913589615501,14.2703001312629,standard,30-50 cm,34.6-59.9 cm
UnivOfMinnesota,fd,BAU,CON-4,CON-4-3,3,fd,-30,-50,26.906501013448,standard,30-50 cm,30-50 cm
UnivOfMinnesota,max,BAU,CON-4,CON-4-4,4,esm1,-58.3,-88.6,15.7662436326224,standard,50-75 cm,58.3-88.6 cm
UnivOfMinnesota,max,BAU,CON-4,CON-4-4,4,esm2,-59.8913589615501,-91.3109425036187,8.12726885451576,standard,50-75 cm,59.9-91.3 cm
UnivOfMinnesota,fd,BAU,CON-4,CON-4-4,4,fd,-50,-75,13.0084518421,standard,50-75 cm,50-75 cm
UnivOfMinnesota,max,BAU,CON-4,CON-4-5,5,esm1,-88.6,-119.3,15.9743788620954,standard,75-100 cm,88.6-119.3 cm
UnivOfMinnesota,max,BAU,CON-4,CON-4-5,5,esm2,-91.3109425036187,-117.100530294103,38.9010379327853,standard,75-100 cm,91.3-117.1 cm
UnivOfMinnesota,fd,BAU,CON-4,CON-4-5,5,fd,-75,-100,13.0084518421,standard,75-100 cm,75-100 cm
UnivOfMinnesota,max,BAU,CON-5,CON-5-1,1,esm1,0,-13.1,43.2760157519821,standard,0-10 cm,0-13.1 cm
UnivOfMinnesota,max,BAU,CON-5,CON-5-1,1,esm2,0,-13.7663858201311,45.0569188438787,standard,0-10 cm,0-13.8 cm
UnivOfMinnesota,fd,BAU,CON-5,CON-5-1,1,fd,0,-10,31.028920710615495,standard,0-10 cm,0-10 cm
UnivOfMinnesota,max,BAU,CON-5,CON-5-2,2,esm1,-13.1,-35,52.0273141671469,standard,10-30 cm,13.1-35 cm
UnivOfMinnesota,max,BAU,CON-5,CON-5-2,2,esm2,-13.7663858201311,-34.4268903406165,58.9049191211006,standard,10-30 cm,13.8-34.4 cm
UnivOfMinnesota,fd,BAU,CON-5,CON-5-2,2,fd,-10,-30,57.787370988911604,standard,10-30 cm,10-30 cm
UnivOfMinnesota,max,BAU,CON-5,CON-5-3,3,esm1,-35,-60.9,29.5917667751824,standard,30-50 cm,35-60.9 cm
UnivOfMinnesota,max,BAU,CON-5,CON-5-3,3,esm2,-34.4268903406165,-61.8599562255398,21.2108715419201,standard,30-50 cm,34.4-61.9 cm
UnivOfMinnesota,fd,BAU,CON-5,CON-5-3,3,fd,-30,-50,25.948152878407996,standard,30-50 cm,30-50 cm
UnivOfMinnesota,max,BAU,CON-5,CON-5-4,4,esm1,-60.9,-92,18.9698206518655,standard,50-75 cm,60.9-92 cm
UnivOfMinnesota,max,BAU,CON-5,CON-5-4,4,esm2,-61.8599562255398,-91.4940656416086,20.7792156442224,standard,50-75 cm,61.9-91.5 cm
UnivOfMinnesota,fd,BAU,CON-5,CON-5-4,4,fd,-50,-75,21.2650636990432,standard,50-75 cm,50-75 cm
UnivOfMinnesota,max,BAU,CON-5,CON-5-5,5,esm1,-92,-123,10.0415100994846,standard,75-100 cm,92-123 cm
UnivOfMinnesota,max,BAU,CON-5,CON-5-5,5,esm2,-91.4940656416086,-125.41104465434,4.15148567418896,standard,75-100 cm,91.5-125.4 cm
UnivOfMinnesota,fd,BAU,CON-5,CON-5-5,5,fd,-75,-100,10.426766514223,standard,75-100 cm,75-100 cm
UnivOfMinnesota,max,BAU,CON-6,CON-6-1,1,esm1,0,-12.3,44.27866400869,standard,0-10 cm,0-12.3 cm
UnivOfMinnesota,max,BAU,CON-6,CON-6-1,1,esm2,0,-12.3139786890634,45.5275141198601,standard,0-10 cm,0-12.3 cm
UnivOfMinnesota,fd,BAU,CON-6,CON-6-1,1,fd,0,-10,37.5472510644665,standard,0-10 cm,0-10 cm
UnivOfMinnesota,max,BAU,CON-6,CON-6-2,2,esm1,-12.3,-35.4,54.172510907533,standard,10-30 cm,12.3-35.4 cm
UnivOfMinnesota,max,BAU,CON-6,CON-6-2,2,esm2,-12.3139786890634,-36.1287818108014,57.0725635155824,standard,10-30 cm,12.3-36.1 cm
UnivOfMinnesota,fd,BAU,CON-6,CON-6-2,2,fd,-10,-30,52.07523297563999,standard,10-30 cm,10-30 cm
UnivOfMinnesota,max,BAU,CON-6,CON-6-3,3,esm1,-35.4,-57,20.122828683631,standard,30-50 cm,35.4-57 cm
UnivOfMinnesota,max,BAU,CON-6,CON-6-3,3,esm2,-36.1287818108014,-57.2551566539231,18.693328031268,standard,30-50 cm,36.1-57.3 cm
UnivOfMinnesota,fd,BAU,CON-6,CON-6-3,3,fd,-30,-50,24.5964898589496,standard,30-50 cm,30-50 cm
UnivOfMinnesota,max,BAU,CON-6,CON-6-4,4,esm1,-57,-86,18.042265903307,standard,50-75 cm,57-86 cm
UnivOfMinnesota,max,BAU,CON-6,CON-6-4,4,esm2,-57.2551566539231,-86.1132026192755,15.4785864885035,standard,50-75 cm,57.3-86.1 cm
UnivOfMinnesota,fd,BAU,CON-6,CON-6-4,4,fd,-50,-75,15.5536775028525,standard,50-75 cm,50-75 cm
UnivOfMinnesota,max,BAU,CON-6,CON-6-5,5,esm1,-86,-109.7,21.2453001776131,standard,75-100 cm,86-109.7 cm
UnivOfMinnesota,max,BAU,CON-6,CON-6-5,5,esm2,-86.1132026192755,-109.748695223557,20.9313251174254,standard,75-100 cm,86.1-109.7 cm
UnivOfMinnesota,fd,BAU,CON-6,CON-6-5,5,fd,-75,-100,19.27638150125992,standard,75-100 cm,75-100 cm
UnivOfMinnesota,max,BAU,CON-7,CON-7-1,1,esm1,0,-12.3,39.614646564115,standard,0-10 cm,0-12.3 cm
UnivOfMinnesota,max,BAU,CON-7,CON-7-1,1,esm2,0,-12.3273084313547,40.7017195414103,standard,0-10 cm,0-12.3 cm
UnivOfMinnesota,fd,BAU,CON-7,CON-7-1,1,fd,0,-10,30.781867654349,standard,0-10 cm,0-10 cm
UnivOfMinnesota,max,BAU,CON-7,CON-7-2,2,esm1,-12.3,-34.7,48.317772152862,standard,10-30 cm,12.3-34.7 cm
UnivOfMinnesota,max,BAU,CON-7,CON-7-2,2,esm2,-12.3273084313547,-34.7939094601712,47.1272665136324,standard,10-30 cm,12.3-34.8 cm
UnivOfMinnesota,fd,BAU,CON-7,CON-7-2,2,fd,-10,-30,51.310301699284004,standard,10-30 cm,10-30 cm
UnivOfMinnesota,max,BAU,CON-7,CON-7-3,3,esm1,-34.7,-60.6,25.0668824445139,standard,30-50 cm,34.7-60.6 cm
UnivOfMinnesota,max,BAU,CON-7,CON-7-3,3,esm2,-34.7939094601712,-61.7958881297657,26.8209659736235,standard,30-50 cm,34.8-61.8 cm
UnivOfMinnesota,fd,BAU,CON-7,CON-7-3,3,fd,-30,-50,20.6480988382896,standard,30-50 cm,30-50 cm
UnivOfMinnesota,max,BAU,CON-7,CON-7-4,4,esm1,-60.6,-88.4,28.9872276907329,standard,50-75 cm,60.6-88.4 cm
UnivOfMinnesota,max,BAU,CON-7,CON-7-4,4,esm2,-61.7958881297657,-88.0045111598319,20.9999688999671,standard,50-75 cm,61.8-88 cm
UnivOfMinnesota,fd,BAU,CON-7,CON-7-4,4,fd,-50,-75,22.2636238225025,standard,50-75 cm,50-75 cm
UnivOfMinnesota,max,BAU,CON-7,CON-7-5,5,esm1,-88.4,-114.2,58.9171871648048,standard,75-100 cm,88.4-114.2 cm
UnivOfMinnesota,max,BAU,CON-7,CON-7-5,5,esm2,-88.0045111598319,-118.22522308853,105.435055428695,standard,75-100 cm,88-118.2 cm
UnivOfMinnesota,fd,BAU,CON-7,CON-7-5,5,fd,-75,-100,43.4725349429045,standard,75-100 cm,75-100 cm
UnivOfMinnesota,max,BAU,CON-8,CON-8-1,1,esm1,0,-12.5,37.6527704646724,standard,0-10 cm,0-12.5 cm
UnivOfMinnesota,max,BAU,CON-8,CON-8-1,1,esm2,0,-12.3853192671341,38.9366788183974,standard,0-10 cm,0-12.4 cm
UnivOfMinnesota,fd,BAU,CON-8,CON-8-1,1,fd,0,-10,31.4370059178785,standard,0-10 cm,0-10 cm
UnivOfMinnesota,max,BAU,CON-8,CON-8-2,2,esm1,-12.5,-34.6,44.9932385061635,standard,10-30 cm,12.5-34.6 cm
UnivOfMinnesota,max,BAU,CON-8,CON-8-2,2,esm2,-12.3853192671341,-35.1622996034201,45.7762749366277,standard,10-30 cm,12.4-35.2 cm
UnivOfMinnesota,fd,BAU,CON-8,CON-8-2,2,fd,-10,-30,43.4060401283232,standard,10-30 cm,10-30 cm
UnivOfMinnesota,max,BAU,CON-8,CON-8-3,3,esm1,-34.6,-56.5,23.7087956565612,standard,30-50 cm,34.6-56.5 cm
UnivOfMinnesota,max,BAU,CON-8,CON-8-3,3,esm2,-35.1622996034201,-56.4613497635992,23.4868985019415,standard,30-50 cm,35.2-56.5 cm
UnivOfMinnesota,fd,BAU,CON-8,CON-8-3,3,fd,-30,-50,25.4778672708027,standard,30-50 cm,30-50 cm
UnivOfMinnesota,max,BAU,CON-8,CON-8-4,4,esm1,-56.5,-86.4,22.6839783458312,standard,50-75 cm,56.5-86.4 cm
UnivOfMinnesota,max,BAU,CON-8,CON-8-4,4,esm2,-56.4613497635992,-86.4141813243187,19.0632035813288,standard,50-75 cm,56.5-86.4 cm
UnivOfMinnesota,fd,BAU,CON-8,CON-8-4,4,fd,-50,-75,20.8372174100055,standard,50-75 cm,50-75 cm
UnivOfMinnesota,max,BAU,CON-8,CON-8-5,5,esm1,-86.4,-116.4,62.1338905594233,standard,75-100 cm,86.4-116.4 cm
UnivOfMinnesota,max,BAU,CON-8,CON-8-5,5,esm2,-86.4141813243187,-116.680465797674,42.1480906553225,standard,75-100 cm,86.4-116.7 cm
UnivOfMinnesota,fd,BAU,CON-8,CON-8-5,5,fd,-75,-100,25.3988638868888,standard,75-100 cm,75-100 cm
UnivOfMinnesota,max,BAU,CON-9,CON-9-1,1,esm1,0,-11.2,46.4204194797696,standard,0-10 cm,0-11.2 cm
UnivOfMinnesota,max,BAU,CON-9,CON-9-1,1,esm2,0,-11.3824658425281,47.2537620661355,standard,0-10 cm,0-11.4 cm
UnivOfMinnesota,fd,BAU,CON-9,CON-9-1,1,fd,0,-10,41.8958312253,standard,0-10 cm,0-10 cm
UnivOfMinnesota,max,BAU,CON-9,CON-9-2,2,esm1,-11.2,-33.6,70.2509716780311,standard,10-30 cm,11.2-33.6 cm
UnivOfMinnesota,max,BAU,CON-9,CON-9-2,2,esm2,-11.3824658425281,-34.031060107829,73.5870279871484,standard,10-30 cm,11.4-34 cm
UnivOfMinnesota,fd,BAU,CON-9,CON-9-2,2,fd,-10,-30,69.063517245380993,standard,10-30 cm,10-30 cm
UnivOfMinnesota,max,BAU,CON-9,CON-9-3,3,esm1,-33.6,-56.2,31.6291284501836,standard,30-50 cm,33.6-56.2 cm
UnivOfMinnesota,max,BAU,CON-9,CON-9-3,3,esm2,-34.031060107829,-56.5358627875297,27.7647376375764,standard,30-50 cm,34-56.5 cm
UnivOfMinnesota,fd,BAU,CON-9,CON-9-3,3,fd,-30,-50,29.845264146172003,standard,30-50 cm,30-50 cm
UnivOfMinnesota,max,BAU,CON-9,CON-9-4,4,esm1,-56.2,-86.6,21.6656681727546,standard,50-75 cm,56.2-86.6 cm
UnivOfMinnesota,max,BAU,CON-9,CON-9-4,4,esm2,-56.5358627875297,-84.7749341229217,24.3024205249634,standard,50-75 cm,56.5-84.8 cm
UnivOfMinnesota,fd,BAU,CON-9,CON-9-4,4,fd,-50,-75,22.5533349265736,standard,50-75 cm,50-75 cm
UnivOfMinnesota,max,BAU,CON-9,CON-9-5,5,esm1,-86.6,-117.8,17.773887534848,standard,75-100 cm,86.6-117.8 cm
UnivOfMinnesota,max,BAU,CON-9,CON-9-5,5,esm2,-84.7749341229217,-124.816482726977,11.4360978547652,standard,75-100 cm,84.8-124.8 cm
UnivOfMinnesota,fd,BAU,CON-9,CON-9-5,5,fd,-75,-100,14.241897063180001,standard,75-100 cm,75-100 cm
UnivOfMinnesota,max,Ref,REF-1,REF-1-1,1,esm1,0,-16.3,75.4283607110891,standard,0-10 cm,0-16.3 cm
UnivOfMinnesota,max,Ref,REF-1,REF-1-1,1,esm2,0,-16.2066103331994,77.0978764239404,standard,0-10 cm,0-16.2 cm
UnivOfMinnesota,fd,Ref,REF-1,REF-1-1,1,fd,0,-10,48.5313636024115,standard,0-10 cm,0-10 cm
UnivOfMinnesota,max,Ref,REF-1,REF-1-2,2,esm1,-16.3,-48.7,128.621775460328,standard,10-30 cm,16.3-48.7 cm
UnivOfMinnesota,max,Ref,REF-1,REF-1-2,2,esm2,-16.2066103331994,-49.1595476218638,130.876777924201,standard,10-30 cm,16.2-49.2 cm
UnivOfMinnesota,fd,Ref,REF-1,REF-1-2,2,fd,-10,-30,83.7834135439084,standard,10-30 cm,10-30 cm
UnivOfMinnesota,max,Ref,REF-1,REF-1-3,3,esm1,-48.7,-82.7,104.226296283724,standard,30-50 cm,48.7-82.7 cm
UnivOfMinnesota,max,Ref,REF-1,REF-1-3,3,esm2,-49.1595476218638,-83.4051422701984,105.686989557877,standard,30-50 cm,49.2-83.4 cm
UnivOfMinnesota,fd,Ref,REF-1,REF-1-3,3,fd,-30,-50,76.33595062239999,standard,30-50 cm,30-50 cm
UnivOfMinnesota,max,Ref,REF-1,REF-1-4,4,esm1,-82.7,-118.8,42.7145216537148,standard,50-75 cm,82.7-118.8 cm
UnivOfMinnesota,max,Ref,REF-1,REF-1-4,4,esm2,-83.4051422701984,-118.28858521001,37.8705138753743,standard,50-75 cm,83.4-118.3 cm
UnivOfMinnesota,fd,Ref,REF-1,REF-1-4,4,fd,-50,-75,82.135565502513,standard,50-75 cm,50-75 cm
UnivOfMinnesota,max,Ref,REF-1,REF-1-5,5,esm1,-118.8,-153.8,28.1959841118123,standard,75-100 cm,118.8-153.8 cm
UnivOfMinnesota,max,Ref,REF-1,REF-1-5,5,esm2,-118.28858521001,-152.803302643549,21.0504534769892,standard,75-100 cm,118.3-152.8 cm
UnivOfMinnesota,fd,Ref,REF-1,REF-1-5,5,fd,-75,-100,45.05938937185301,standard,75-100 cm,75-100 cm
UnivOfMinnesota,max,Ref,REF-2,REF-2-1,1,esm1,0,-18,75.8488471591117,standard,0-10 cm,0-18 cm
UnivOfMinnesota,max,Ref,REF-2,REF-2-1,1,esm2,0,-17.6412502089755,76.1596373792268,standard,0-10 cm,0-17.6 cm
UnivOfMinnesota,fd,Ref,REF-2,REF-2-1,1,fd,0,-10,41.9180180406125,standard,0-10 cm,0-10 cm
UnivOfMinnesota,max,Ref,REF-2,REF-2-2,2,esm1,-18,-47.3,132.920354982262,standard,10-30 cm,18-47.3 cm
UnivOfMinnesota,max,Ref,REF-2,REF-2-2,2,esm2,-17.6412502089755,-49.604465691668,140.229137597627,standard,10-30 cm,17.6-49.6 cm
UnivOfMinnesota,fd,Ref,REF-2,REF-2-2,2,fd,-10,-30,86.451240558832,standard,10-30 cm,10-30 cm
UnivOfMinnesota,max,Ref,REF-2,REF-2-3,3,esm1,-47.3,-75.8,102.886030379758,standard,30-50 cm,47.3-75.8 cm
UnivOfMinnesota,max,Ref,REF-2,REF-2-3,3,esm2,-49.604465691668,-75.9860744732689,117.352772021809,standard,30-50 cm,49.6-76 cm
UnivOfMinnesota,fd,Ref,REF-2,REF-2-3,3,fd,-30,-50,92.94791160916802,standard,30-50 cm,30-50 cm
UnivOfMinnesota,max,Ref,REF-2,REF-2-4,4,esm1,-75.8,-110.3,86.4232883675496,standard,50-75 cm,75.8-110.3 cm
UnivOfMinnesota,max,Ref,REF-2,REF-2-4,4,esm2,-75.9860744732689,-111.588966061436,31.2694412166925,standard,50-75 cm,76-111.6 cm
UnivOfMinnesota,fd,Ref,REF-2,REF-2-4,4,fd,-50,-75,88.33404403153241,standard,50-75 cm,50-75 cm
UnivOfMinnesota,max,Ref,REF-2,REF-2-5,5,esm1,-110.3,-145.3,87.6757997931662,standard,75-100 cm,110.3-145.3 cm
UnivOfMinnesota,max,Ref,REF-2,REF-2-5,5,esm2,-111.588966061436,-164.534471587951,-133.226428737433,standard,75-100 cm,111.6-164.5 cm
UnivOfMinnesota,fd,Ref,REF-2,REF-2-5,5,fd,-75,-100,62.625571280829995,standard,75-100 cm,75-100 cm
UnivOfMinnesota,max,Ref,REF-3,REF-3-1,1,esm1,0,-18.3,71.3298562008246,standard,0-10 cm,0-18.3 cm
UnivOfMinnesota,max,Ref,REF-3,REF-3-1,1,esm2,0,-18.8566215419746,71.5888353257427,standard,0-10 cm,0-18.9 cm
UnivOfMinnesota,fd,Ref,REF-3,REF-3-1,1,fd,0,-10,44.2514163626645,standard,0-10 cm,0-10 cm
UnivOfMinnesota,max,Ref,REF-3,REF-3-2,2,esm1,-18.3,-52.5,124.962745177808,standard,10-30 cm,18.3-52.5 cm
UnivOfMinnesota,max,Ref,REF-3,REF-3-2,2,esm2,-18.8566215419746,-53.3593569093216,129.988234304581,standard,10-30 cm,18.9-53.4 cm
UnivOfMinnesota,fd,Ref,REF-3,REF-3-2,2,fd,-10,-30,65.24925262207199,standard,10-30 cm,10-30 cm
UnivOfMinnesota,max,Ref,REF-3,REF-3-3,3,esm1,-52.5,-84.7,85.4817316257347,standard,30-50 cm,52.5-84.7 cm
UnivOfMinnesota,max,Ref,REF-3,REF-3-3,3,esm2,-53.3593569093216,-84.7959713972782,80.5600695641953,standard,30-50 cm,53.4-84.8 cm
UnivOfMinnesota,fd,Ref,REF-3,REF-3-3,3,fd,-30,-50,76.6075147261266,standard,30-50 cm,30-50 cm
UnivOfMinnesota,max,Ref,REF-3,REF-3-4,4,esm1,-84.7,-120.7,20.5558115783794,standard,50-75 cm,84.7-120.7 cm
UnivOfMinnesota,max,Ref,REF-3,REF-3-4,4,esm2,-84.7959713972782,-119.983078356029,22.1284339226351,standard,50-75 cm,84.8-120 cm
UnivOfMinnesota,fd,Ref,REF-3,REF-3-4,4,fd,-50,-75,76.50382753764521,standard,50-75 cm,50-75 cm
UnivOfMinnesota,max,Ref,REF-3,REF-3-5,5,esm1,-120.7,-156.5,12.8976064641597,standard,75-100 cm,120.7-156.5 cm
UnivOfMinnesota,max,Ref,REF-3,REF-3-5,5,esm2,-119.983078356029,-157.709526875328,15.524389601581,standard,75-100 cm,120-157.7 cm
UnivOfMinnesota,fd,Ref,REF-3,REF-3-5,5,fd,-75,-100,32.2605787585877,standard,75-100 cm,75-100 cm
UnivOfMinnesota,max,Ref,REF-4,REF-4-1,1,esm1,0,-18.2,78.6919711143367,standard,0-10 cm,0-18.2 cm
UnivOfMinnesota,max,Ref,REF-4,REF-4-1,1,esm2,0,-17.9189962983823,80.3863587929029,standard,0-10 cm,0-17.9 cm
UnivOfMinnesota,fd,Ref,REF-4,REF-4-1,1,fd,0,-10,47.620819296711,standard,0-10 cm,0-10 cm
UnivOfMinnesota,max,Ref,REF-4,REF-4-2,2,esm1,-18.2,-52.5,114.963103660614,standard,10-30 cm,18.2-52.5 cm
UnivOfMinnesota,max,Ref,REF-4,REF-4-2,2,esm2,-17.9189962983823,-52.5994260027921,114.12862203207,standard,10-30 cm,17.9-52.6 cm
UnivOfMinnesota,fd,Ref,REF-4,REF-4-2,2,fd,-10,-30,75.1860420106032,standard,10-30 cm,10-30 cm
UnivOfMinnesota,max,Ref,REF-4,REF-4-3,3,esm1,-52.5,-86.2,52.5507314972417,standard,30-50 cm,52.5-86.2 cm
UnivOfMinnesota,max,Ref,REF-4,REF-4-3,3,esm2,-52.5994260027921,-86.343743776856,61.8516839235924,standard,30-50 cm,52.6-86.3 cm
UnivOfMinnesota,fd,Ref,REF-4,REF-4-3,3,fd,-30,-50,63.838195005024005,standard,30-50 cm,30-50 cm
UnivOfMinnesota,max,Ref,REF-4,REF-4-4,4,esm1,-86.2,-131.1,22.1898290371346,standard,50-75 cm,86.2-131.1 cm
UnivOfMinnesota,max,Ref,REF-4,REF-4-4,4,esm2,-86.343743776856,-131.253834781969,11.4855591270956,standard,50-75 cm,86.3-131.3 cm
UnivOfMinnesota,fd,Ref,REF-4,REF-4-4,4,fd,-50,-75,54.0256478392312,standard,50-75 cm,50-75 cm
UnivOfMinnesota,max,Ref,REF-4,REF-4-5,5,esm1,-131.1,-176.6,22.4863523650251,standard,75-100 cm,131.1-176.6 cm
UnivOfMinnesota,max,Ref,REF-4,REF-4-5,5,esm2,-131.253834781969,-190.356544010157,13.9341143123326,standard,75-100 cm,131.3-190.4 cm
UnivOfMinnesota,fd,Ref,REF-4,REF-4-5,5,fd,-75,-100,12.3551386621,standard,75-100 cm,75-100 cm
UnivOfMinnesota,max,Ref,REF-5,REF-5-1,1,esm1,0,-17,77.2384435377016,standard,0-10 cm,0-17 cm
UnivOfMinnesota,max,Ref,REF-5,REF-5-1,1,esm2,0,-16.5899202817176,78.7194096330385,standard,0-10 cm,0-16.6 cm
UnivOfMinnesota,fd,Ref,REF-5,REF-5-1,1,fd,0,-10,50.857487668145,standard,0-10 cm,0-10 cm
UnivOfMinnesota,max,Ref,REF-5,REF-5-2,2,esm1,-17,-50.3,116.448733376457,standard,10-30 cm,17-50.3 cm
UnivOfMinnesota,max,Ref,REF-5,REF-5-2,2,esm2,-16.5899202817176,-51.7961350508741,124.091782905009,standard,10-30 cm,16.6-51.8 cm
UnivOfMinnesota,fd,Ref,REF-5,REF-5-2,2,fd,-10,-30,75.37415962730398,standard,10-30 cm,10-30 cm
UnivOfMinnesota,max,Ref,REF-5,REF-5-3,3,esm1,-50.3,-83,77.1620369337192,standard,30-50 cm,50.3-83 cm
UnivOfMinnesota,max,Ref,REF-5,REF-5-3,3,esm2,-51.7961350508741,-82.6000652189378,72.7706974960734,standard,30-50 cm,51.8-82.6 cm
UnivOfMinnesota,fd,Ref,REF-5,REF-5-3,3,fd,-30,-50,66.65199827501279,standard,30-50 cm,30-50 cm
UnivOfMinnesota,max,Ref,REF-5,REF-5-4,4,esm1,-83,-125.1,25.001586261234,standard,50-75 cm,83-125.1 cm
UnivOfMinnesota,max,Ref,REF-5,REF-5-4,4,esm2,-82.6000652189378,-122.023321273689,28.6102619898071,standard,50-75 cm,82.6-122 cm
UnivOfMinnesota,fd,Ref,REF-5,REF-5-4,4,fd,-50,-75,66.96094530822,standard,50-75 cm,50-75 cm
UnivOfMinnesota,max,Ref,REF-5,REF-5-5,5,esm1,-125.1,-167.8,25.3579034050995,standard,75-100 cm,125.1-167.8 cm
UnivOfMinnesota,max,Ref,REF-5,REF-5-5,5,esm2,-122.023321273689,-175.936387811993,15.5212390266266,standard,75-100 cm,122-175.9 cm
UnivOfMinnesota,fd,Ref,REF-5,REF-5-5,5,fd,-75,-100,21.100275378723598,standard,75-100 cm,75-100 cm
UnivOfMinnesota,max,Ref,REF-6,REF-6-1,1,esm1,0,-16.7,82.5558822611553,standard,0-10 cm,0-16.7 cm
UnivOfMinnesota,max,Ref,REF-6,REF-6-1,1,esm2,0,-16.711581351248,83.1502624104101,standard,0-10 cm,0-16.7 cm
UnivOfMinnesota,fd,Ref,REF-6,REF-6-1,1,fd,0,-10,53.415291754424,standard,0-10 cm,0-10 cm
UnivOfMinnesota,max,Ref,REF-6,REF-6-2,2,esm1,-16.7,-49.5,141.534866614588,standard,10-30 cm,16.7-49.5 cm
UnivOfMinnesota,max,Ref,REF-6,REF-6-2,2,esm2,-16.711581351248,-49.5852043437539,141.718656696213,standard,10-30 cm,16.7-49.6 cm
UnivOfMinnesota,fd,Ref,REF-6,REF-6-2,2,fd,-10,-30,86.98683733352598,standard,10-30 cm,10-30 cm
UnivOfMinnesota,max,Ref,REF-6,REF-6-3,3,esm1,-49.5,-81.8,62.6882260707189,standard,30-50 cm,49.5-81.8 cm
UnivOfMinnesota,max,Ref,REF-6,REF-6-3,3,esm2,-49.5852043437539,-82.0436881420148,62.4596421195348,standard,30-50 cm,49.6-82 cm
UnivOfMinnesota,fd,Ref,REF-6,REF-6-3,3,fd,-30,-50,84.7397441087407,standard,30-50 cm,30-50 cm
UnivOfMinnesota,max,Ref,REF-6,REF-6-4,4,esm1,-81.8,-114.9,27.8734454349511,standard,50-75 cm,81.8-114.9 cm
UnivOfMinnesota,max,Ref,REF-6,REF-6-4,4,esm2,-82.0436881420148,-112.160721228332,26.3637992200793,standard,50-75 cm,82-112.2 cm
UnivOfMinnesota,fd,Ref,REF-6,REF-6-4,4,fd,-50,-75,50.9599695996144,standard,50-75 cm,50-75 cm
UnivOfMinnesota,max,Ref,REF-6,REF-6-5,5,esm1,-114.9,-148.2,26.3157066579554,standard,75-100 cm,114.9-148.2 cm
UnivOfMinnesota,max,Ref,REF-6,REF-6-5,5,esm2,-112.160721228332,-158.377663991674,44.9346992318943,standard,75-100 cm,112.2-158.4 cm
UnivOfMinnesota,fd,Ref,REF-6,REF-6-5,5,fd,-75,-100,26.7756818132372,standard,75-100 cm,75-100 cm
UnivOfMinnesota,max,Ref,REF-7,REF-7-1,1,esm1,0,-20.4,70.0831005215005,standard,0-10 cm,0-20.4 cm
UnivOfMinnesota,max,Ref,REF-7,REF-7-1,1,esm2,0,-20.3776305903115,71.8369056282996,standard,0-10 cm,0-20.4 cm
UnivOfMinnesota,fd,Ref,REF-7,REF-7-1,1,fd,0,-10,37.201153331219,standard,0-10 cm,0-10 cm
UnivOfMinnesota,max,Ref,REF-7,REF-7-2,2,esm1,-20.4,-52.7,116.436981060251,standard,10-30 cm,20.4-52.7 cm
UnivOfMinnesota,max,Ref,REF-7,REF-7-2,2,esm2,-20.3776305903115,-53.7480826352389,116.13996360101,standard,10-30 cm,20.4-53.7 cm
UnivOfMinnesota,fd,Ref,REF-7,REF-7-2,2,fd,-10,-30,63.23451382746399,standard,10-30 cm,10-30 cm
UnivOfMinnesota,max,Ref,REF-7,REF-7-3,3,esm1,-52.7,-81.5,109.575523404273,standard,30-50 cm,52.7-81.5 cm
UnivOfMinnesota,max,Ref,REF-7,REF-7-3,3,esm2,-53.7480826352389,-82.0189263999894,109.730057807611,standard,30-50 cm,53.7-82 cm
UnivOfMinnesota,fd,Ref,REF-7,REF-7-3,3,fd,-30,-50,75.36437927568099,standard,30-50 cm,30-50 cm
UnivOfMinnesota,max,Ref,REF-7,REF-7-4,4,esm1,-81.5,-109.9,15.2529465014577,standard,50-75 cm,81.5-109.9 cm
UnivOfMinnesota,max,Ref,REF-7,REF-7-4,4,esm2,-82.0189263999894,-113.422881727733,23.3935603637176,standard,50-75 cm,82-113.4 cm
UnivOfMinnesota,fd,Ref,REF-7,REF-7-4,4,fd,-50,-75,99.543417354882,standard,50-75 cm,50-75 cm
UnivOfMinnesota,max,Ref,REF-7,REF-7-5,5,esm1,-109.9,-138.8,15.5214842919763,standard,75-100 cm,109.9-138.8 cm
UnivOfMinnesota,max,Ref,REF-7,REF-7-5,5,esm2,-113.422881727733,-137.081993524367,2.18017576561772,standard,75-100 cm,113.4-137.1 cm
UnivOfMinnesota,fd,Ref,REF-7,REF-7-5,5,fd,-75,-100,30.688039445972,standard,75-100 cm,75-100 cm
UnivOfMinnesota,max,Ref,REF-8,REF-8-1,1,esm1,0,-17.3,78.5771866301559,standard,0-10 cm,0-17.3 cm
UnivOfMinnesota,max,Ref,REF-8,REF-8-1,1,esm2,0,-17.4410240007992,82.2736389540402,standard,0-10 cm,0-17.4 cm
UnivOfMinnesota,fd,Ref,REF-8,REF-8-1,1,fd,0,-10,46.6905572026695,standard,0-10 cm,0-10 cm
UnivOfMinnesota,max,Ref,REF-8,REF-8-2,2,esm1,-17.3,-48.1,118.606458943939,standard,10-30 cm,17.3-48.1 cm
UnivOfMinnesota,max,Ref,REF-8,REF-8-2,2,esm2,-17.4410240007992,-48.3487983326484,116.85486215584,standard,10-30 cm,17.4-48.3 cm
UnivOfMinnesota,fd,Ref,REF-8,REF-8-2,2,fd,-10,-30,87.360628568456,standard,10-30 cm,10-30 cm
UnivOfMinnesota,max,Ref,REF-8,REF-8-3,3,esm1,-48.1,-78.8,71.5859108752809,standard,30-50 cm,48.1-78.8 cm
UnivOfMinnesota,max,Ref,REF-8,REF-8-3,3,esm2,-48.3487983326484,-79.4629772697712,77.733884133427,standard,30-50 cm,48.3-79.5 cm
UnivOfMinnesota,fd,Ref,REF-8,REF-8-3,3,fd,-30,-50,69.4274197025456,standard,30-50 cm,30-50 cm
UnivOfMinnesota,max,Ref,REF-8,REF-8-4,4,esm1,-78.8,-115.6,35.3027107347807,standard,50-75 cm,78.8-115.6 cm
UnivOfMinnesota,max,Ref,REF-8,REF-8-4,4,esm2,-79.4629772697712,-115.629381836241,26.6297066801268,standard,50-75 cm,79.5-115.6 cm
UnivOfMinnesota,fd,Ref,REF-8,REF-8-4,4,fd,-50,-75,61.64556236722151,standard,50-75 cm,50-75 cm
UnivOfMinnesota,max,Ref,REF-8,REF-8-5,5,esm1,-115.6,-152.9,35.7823671306337,standard,75-100 cm,115.6-152.9 cm
UnivOfMinnesota,max,Ref,REF-8,REF-8-5,5,esm2,-115.629381836241,-150.882487180245,0.640577375679129,standard,75-100 cm,115.6-150.9 cm
UnivOfMinnesota,fd,Ref,REF-8,REF-8-5,5,fd,-75,-100,23.9828197926525,standard,75-100 cm,75-100 cm
UnivOfMinnesota,max,Ref,REF-9,REF-9-1,1,esm1,0,-18.1,73.8770038377989,standard,0-10 cm,0-18.1 cm
UnivOfMinnesota,max,Ref,REF-9,REF-9-1,1,esm2,0,-17.9267081275997,75.6289279578151,standard,0-10 cm,0-17.9 cm
UnivOfMinnesota,fd,Ref,REF-9,REF-9-1,1,fd,0,-10,44.740733745535,standard,0-10 cm,0-10 cm
UnivOfMinnesota,max,Ref,REF-9,REF-9-2,2,esm1,-18.1,-51.1,115.760809681669,standard,10-30 cm,18.1-51.1 cm
UnivOfMinnesota,max,Ref,REF-9,REF-9-2,2,esm2,-17.9267081275997,-51.2611342249959,114.95619548404,standard,10-30 cm,17.9-51.3 cm
UnivOfMinnesota,fd,Ref,REF-9,REF-9-2,2,fd,-10,-30,71.3777078427975,standard,10-30 cm,10-30 cm
UnivOfMinnesota,max,Ref,REF-9,REF-9-3,3,esm1,-51.1,-80.9,45.8209966187621,standard,30-50 cm,51.1-80.9 cm
UnivOfMinnesota,max,Ref,REF-9,REF-9-3,3,esm2,-51.2611342249959,-82.7662535701949,48.9827994440022,standard,30-50 cm,51.3-82.8 cm
UnivOfMinnesota,fd,Ref,REF-9,REF-9-3,3,fd,-30,-50,69.68660846553,standard,30-50 cm,30-50 cm
UnivOfMinnesota,max,Ref,REF-9,REF-9-4,4,esm1,-80.9,-114.9,19.0772050265826,standard,50-75 cm,80.9-114.9 cm
UnivOfMinnesota,max,Ref,REF-9,REF-9-4,4,esm2,-82.7662535701949,-116.374190856039,8.61176963528612,standard,50-75 cm,82.8-116.4 cm
UnivOfMinnesota,fd,Ref,REF-9,REF-9-4,4,fd,-50,-75,46.3433039179888,standard,50-75 cm,50-75 cm
UnivOfMinnesota,max,Ref,REF-9,REF-9-5,5,esm1,-114.9,-149.4,19.3577521593174,standard,75-100 cm,114.9-149.4 cm
UnivOfMinnesota,max,Ref,REF-9,REF-9-5,5,esm2,-116.374190856039,-146.294307495416,91.4861226581787,standard,75-100 cm,116.4-146.3 cm
UnivOfMinnesota,fd,Ref,REF-9,REF-9-5,5,fd,-75,-100,14.0273566371925,standard,75-100 cm,75-100 cm
UnivOfMinnesota,mean,SHM,ALT-1,ALT-1-1,1,esm1,0,-8.1,31.0276039359404,standard,0-10 cm,0-8.1 cm
UnivOfMinnesota,mean,SHM,ALT-1,ALT-1-1,1,esm2,0,-8.16324931598229,31.1967260557599,standard,0-10 cm,0-8.2 cm
UnivOfMinnesota,mean,SHM,ALT-1,ALT-1-2,2,esm1,-8.1,-24.8,61.585185140187,standard,10-30 cm,8.1-24.8 cm
UnivOfMinnesota,mean,SHM,ALT-1,ALT-1-2,2,esm2,-8.16324931598229,-24.7675209766462,64.3363360592876,standard,10-30 cm,8.2-24.8 cm
UnivOfMinnesota,mean,SHM,ALT-1,ALT-1-3,3,esm1,-24.8,-42.5,35.8918323182408,standard,30-50 cm,24.8-42.5 cm
UnivOfMinnesota,mean,SHM,ALT-1,ALT-1-3,3,esm2,-24.7675209766462,-43.2945013271501,39.1664943158388,standard,30-50 cm,24.8-43.3 cm
UnivOfMinnesota,mean,SHM,ALT-1,ALT-1-4,4,esm1,-42.5,-64.6,14.5712651124906,standard,50-75 cm,42.5-64.6 cm
UnivOfMinnesota,mean,SHM,ALT-1,ALT-1-4,4,esm2,-43.2945013271501,-64.8947084351384,6.29585776576789,standard,50-75 cm,43.3-64.9 cm
UnivOfMinnesota,mean,SHM,ALT-1,ALT-1-5,5,esm1,-64.6,-85.1,11.9534809365031,standard,75-100 cm,64.6-85.1 cm
UnivOfMinnesota,mean,SHM,ALT-1,ALT-1-5,5,esm2,-64.8947084351384,-85.4480888730157,5.37050317259599,standard,75-100 cm,64.9-85.4 cm
UnivOfMinnesota,mean,SHM,ALT-2,ALT-2-1,1,esm1,0,-10.2,41.0351115378069,standard,0-10 cm,0-10.2 cm
UnivOfMinnesota,mean,SHM,ALT-2,ALT-2-1,1,esm2,0,-10.3377274481538,41.3958850224445,standard,0-10 cm,0-10.3 cm
UnivOfMinnesota,mean,SHM,ALT-2,ALT-2-2,2,esm1,-10.2,-26.7,72.4908823383379,standard,10-30 cm,10.2-26.7 cm
UnivOfMinnesota,mean,SHM,ALT-2,ALT-2-2,2,esm2,-10.3377274481538,-26.8212605235983,78.7272851110972,standard,10-30 cm,10.3-26.8 cm
UnivOfMinnesota,mean,SHM,ALT-2,ALT-2-3,3,esm1,-26.7,-43,40.449358616506,standard,30-50 cm,26.7-43 cm
UnivOfMinnesota,mean,SHM,ALT-2,ALT-2-3,3,esm2,-26.8212605235983,-43.6722396517371,34.5655429693097,standard,30-50 cm,26.8-43.7 cm
UnivOfMinnesota,mean,SHM,ALT-2,ALT-2-4,4,esm1,-43,-61.5,34.3032791542514,standard,50-75 cm,43-61.5 cm
UnivOfMinnesota,mean,SHM,ALT-2,ALT-2-4,4,esm2,-43.6722396517371,-62.3221662855184,35.3243924233097,standard,50-75 cm,43.7-62.3 cm
UnivOfMinnesota,mean,SHM,ALT-2,ALT-2-5,5,esm1,-61.5,-83.5,35.1605988085629,standard,75-100 cm,61.5-83.5 cm
UnivOfMinnesota,mean,SHM,ALT-2,ALT-2-5,5,esm2,-62.3221662855184,-81.3123656739722,31.3796086013496,standard,75-100 cm,62.3-81.3 cm
UnivOfMinnesota,mean,SHM,ALT-3,ALT-3-1,1,esm1,0,-8.5,28.613051309533,standard,0-10 cm,0-8.5 cm
UnivOfMinnesota,mean,SHM,ALT-3,ALT-3-1,1,esm2,0,-8.50231249666889,28.8035800189396,standard,0-10 cm,0-8.5 cm
UnivOfMinnesota,mean,SHM,ALT-3,ALT-3-2,2,esm1,-8.5,-27.2,45.2369151891872,standard,10-30 cm,8.5-27.2 cm
UnivOfMinnesota,mean,SHM,ALT-3,ALT-3-2,2,esm2,-8.50231249666889,-27.9079160135706,47.6329473525361,standard,10-30 cm,8.5-27.9 cm
UnivOfMinnesota,mean,SHM,ALT-3,ALT-3-3,3,esm1,-27.2,-43.8,21.879169081537,standard,30-50 cm,27.2-43.8 cm
UnivOfMinnesota,mean,SHM,ALT-3,ALT-3-3,3,esm2,-27.9079160135706,-44.2951880777226,23.2804209150518,standard,30-50 cm,27.9-44.3 cm
UnivOfMinnesota,mean,SHM,ALT-3,ALT-3-4,4,esm1,-43.8,-64.5,12.7069820069276,standard,50-75 cm,43.8-64.5 cm
UnivOfMinnesota,mean,SHM,ALT-3,ALT-3-4,4,esm2,-44.2951880777226,-65.2819533020005,15.0316479037766,standard,50-75 cm,44.3-65.3 cm
UnivOfMinnesota,mean,SHM,ALT-3,ALT-3-5,5,esm1,-64.5,-87,13.1338556573842,standard,75-100 cm,64.5-87 cm
UnivOfMinnesota,mean,SHM,ALT-3,ALT-3-5,5,esm2,-65.2819533020005,-86.5380833403599,3.64841629788583,standard,75-100 cm,65.3-86.5 cm
UnivOfMinnesota,mean,SHM,ALT-4,ALT-4-1,1,esm1,0,-7.9,36.7758635697666,standard,0-10 cm,0-7.9 cm
UnivOfMinnesota,mean,SHM,ALT-4,ALT-4-1,1,esm2,0,-7.96779826990594,37.0618882207792,standard,0-10 cm,0-8 cm
UnivOfMinnesota,mean,SHM,ALT-4,ALT-4-2,2,esm1,-7.9,-24.2,74.4238506454928,standard,10-30 cm,7.9-24.2 cm
UnivOfMinnesota,mean,SHM,ALT-4,ALT-4-2,2,esm2,-7.96779826990594,-24.2409563309412,75.0155058995771,standard,10-30 cm,8-24.2 cm
UnivOfMinnesota,mean,SHM,ALT-4,ALT-4-3,3,esm1,-24.2,-43.2,40.9818135325523,standard,30-50 cm,24.2-43.2 cm
UnivOfMinnesota,mean,SHM,ALT-4,ALT-4-3,3,esm2,-24.2409563309412,-43.4511297783936,41.3526048035895,standard,30-50 cm,24.2-43.5 cm
UnivOfMinnesota,mean,SHM,ALT-4,ALT-4-4,4,esm1,-43.2,-67.4,24.0613474781024,standard,50-75 cm,43.2-67.4 cm
UnivOfMinnesota,mean,SHM,ALT-4,ALT-4-4,4,esm2,-43.4511297783936,-68.4625829714035,24.7294454016831,standard,50-75 cm,43.5-68.5 cm
UnivOfMinnesota,mean,SHM,ALT-4,ALT-4-5,5,esm1,-67.4,-89.8,10.4633890882988,standard,75-100 cm,67.4-89.8 cm
UnivOfMinnesota,mean,SHM,ALT-4,ALT-4-5,5,esm2,-68.4625829714035,-91.4222582131564,7.80415544348384,standard,75-100 cm,68.5-91.4 cm
UnivOfMinnesota,mean,SHM,ALT-5,ALT-5-1,1,esm1,0,-7.5,36.881981131682,standard,0-10 cm,0-7.5 cm
UnivOfMinnesota,mean,SHM,ALT-5,ALT-5-1,1,esm2,0,-7.61650770571113,37.5577981100432,standard,0-10 cm,0-7.6 cm
UnivOfMinnesota,mean,SHM,ALT-5,ALT-5-2,2,esm1,-7.5,-24.5,73.8582987171889,standard,10-30 cm,7.5-24.5 cm
UnivOfMinnesota,mean,SHM,ALT-5,ALT-5-2,2,esm2,-7.61650770571113,-24.545876210843,73.6810576662898,standard,10-30 cm,7.6-24.5 cm
UnivOfMinnesota,mean,SHM,ALT-5,ALT-5-3,3,esm1,-24.5,-41.7,69.3501247398475,standard,30-50 cm,24.5-41.7 cm
UnivOfMinnesota,mean,SHM,ALT-5,ALT-5-3,3,esm2,-24.545876210843,-41.9996646139965,74.6357349136975,standard,30-50 cm,24.5-42 cm
UnivOfMinnesota,mean,SHM,ALT-5,ALT-5-4,4,esm1,-41.7,-63.9,30.5472889912456,standard,50-75 cm,41.7-63.9 cm
UnivOfMinnesota,mean,SHM,ALT-5,ALT-5-4,4,esm2,-41.9996646139965,-64.3275109480515,33.213692685191,standard,50-75 cm,42-64.3 cm
UnivOfMinnesota,mean,SHM,ALT-5,ALT-5-5,5,esm1,-63.9,-86.2,14.4405217544259,standard,75-100 cm,63.9-86.2 cm
UnivOfMinnesota,mean,SHM,ALT-5,ALT-5-5,5,esm2,-64.3275109480515,-86.9918223858764,2.1806667017361,standard,75-100 cm,64.3-87 cm
UnivOfMinnesota,mean,SHM,ALT-6,ALT-6-1,1,esm1,0,-9,35.718010883329,standard,0-10 cm,0-9 cm
UnivOfMinnesota,mean,SHM,ALT-6,ALT-6-1,1,esm2,0,-9.05310520293189,35.8707671448538,standard,0-10 cm,0-9.1 cm
UnivOfMinnesota,mean,SHM,ALT-6,ALT-6-2,2,esm1,-9,-25.9,61.1916961950108,standard,10-30 cm,9-25.9 cm
UnivOfMinnesota,mean,SHM,ALT-6,ALT-6-2,2,esm2,-9.05310520293189,-25.9000281072466,63.3670250380109,standard,10-30 cm,9.1-25.9 cm
UnivOfMinnesota,mean,SHM,ALT-6,ALT-6-3,3,esm1,-25.9,-45,40.3679241137399,standard,30-50 cm,25.9-45 cm
UnivOfMinnesota,mean,SHM,ALT-6,ALT-6-3,3,esm2,-25.9000281072466,-45.2728527702713,39.2135892204739,standard,30-50 cm,25.9-45.3 cm
UnivOfMinnesota,mean,SHM,ALT-6,ALT-6-4,4,esm1,-45,-69.2,28.8183160315437,standard,50-75 cm,45-69.2 cm
UnivOfMinnesota,mean,SHM,ALT-6,ALT-6-4,4,esm2,-45.2728527702713,-69.2787331705585,28.0097016505291,standard,50-75 cm,45.3-69.3 cm
UnivOfMinnesota,mean,SHM,ALT-6,ALT-6-5,5,esm1,-69.2,-90.5,18.3502505724377,standard,75-100 cm,69.2-90.5 cm
UnivOfMinnesota,mean,SHM,ALT-6,ALT-6-5,5,esm2,-69.2787331705585,-91.5343928250863,15.6669462662676,standard,75-100 cm,69.3-91.5 cm
UnivOfMinnesota,mean,SHM,ALT-7,ALT-7-1,1,esm1,0,-9.2,35.2086966080195,standard,0-10 cm,0-9.2 cm
UnivOfMinnesota,mean,SHM,ALT-7,ALT-7-1,1,esm2,0,-9.26252106767638,35.3911977413238,standard,0-10 cm,0-9.3 cm
UnivOfMinnesota,mean,SHM,ALT-7,ALT-7-2,2,esm1,-9.2,-26.6,64.3915659697592,standard,10-30 cm,9.2-26.6 cm
UnivOfMinnesota,mean,SHM,ALT-7,ALT-7-2,2,esm2,-9.26252106767638,-26.6117986568034,64.5323924918923,standard,10-30 cm,9.3-26.6 cm
UnivOfMinnesota,mean,SHM,ALT-7,ALT-7-3,3,esm1,-26.6,-44.7,40.8876923198169,standard,30-50 cm,26.6-44.7 cm
UnivOfMinnesota,mean,SHM,ALT-7,ALT-7-3,3,esm2,-26.6117986568034,-45.4016517684546,44.9402206557153,standard,30-50 cm,26.6-45.4 cm
UnivOfMinnesota,mean,SHM,ALT-7,ALT-7-4,4,esm1,-44.7,-66.6,45.7528818355151,standard,50-75 cm,44.7-66.6 cm
UnivOfMinnesota,mean,SHM,ALT-7,ALT-7-4,4,esm2,-45.4016517684546,-67.1730631482265,43.9845786595328,standard,50-75 cm,45.4-67.2 cm
UnivOfMinnesota,mean,SHM,ALT-7,ALT-7-5,5,esm1,-66.6,-89,27.2573728042241,standard,75-100 cm,66.6-89 cm
UnivOfMinnesota,mean,SHM,ALT-7,ALT-7-5,5,esm2,-67.1730631482265,-87.9205071004852,28.1206362499754,standard,75-100 cm,67.2-87.9 cm
UnivOfMinnesota,mean,SHM,ALT-8,ALT-8-1,1,esm1,0,-8,34.3057302032444,standard,0-10 cm,0-8 cm
UnivOfMinnesota,mean,SHM,ALT-8,ALT-8-1,1,esm2,0,-8.05268733395385,34.494115145001,standard,0-10 cm,0-8.1 cm
UnivOfMinnesota,mean,SHM,ALT-8,ALT-8-2,2,esm1,-8,-23.9,59.8121654332686,standard,10-30 cm,8-23.9 cm
UnivOfMinnesota,mean,SHM,ALT-8,ALT-8-2,2,esm2,-8.05268733395385,-23.9136106955253,60.2987353872494,standard,10-30 cm,8.1-23.9 cm
UnivOfMinnesota,mean,SHM,ALT-8,ALT-8-3,3,esm1,-23.9,-41.9,36.2499358608852,standard,30-50 cm,23.9-41.9 cm
UnivOfMinnesota,mean,SHM,ALT-8,ALT-8-3,3,esm2,-23.9136106955253,-42.1945105497959,36.6758591065259,standard,30-50 cm,23.9-42.2 cm
UnivOfMinnesota,mean,SHM,ALT-8,ALT-8-4,4,esm1,-41.9,-61.7,11.4888511968531,standard,50-75 cm,41.9-61.7 cm
UnivOfMinnesota,mean,SHM,ALT-8,ALT-8-4,4,esm2,-42.1945105497959,-63.7820237127108,20.1548038889774,standard,50-75 cm,42.2-63.8 cm
UnivOfMinnesota,mean,SHM,ALT-8,ALT-8-5,5,esm1,-61.7,-83.3,12.5332922147488,standard,75-100 cm,61.7-83.3 cm
UnivOfMinnesota,mean,SHM,ALT-8,ALT-8-5,5,esm2,-63.7820237127108,-83.4992642684721,3.75150774496433,standard,75-100 cm,63.8-83.5 cm
UnivOfMinnesota,mean,SHM,ALT-9,ALT-9-1,1,esm1,0,-8,33.9599998038514,standard,0-10 cm,0-8 cm
UnivOfMinnesota,mean,SHM,ALT-9,ALT-9-1,1,esm2,0,-8.11720532877998,34.4181222081488,standard,0-10 cm,0-8.1 cm
UnivOfMinnesota,mean,SHM,ALT-9,ALT-9-2,2,esm1,-8,-24.1,60.8467205863938,standard,10-30 cm,8-24.1 cm
UnivOfMinnesota,mean,SHM,ALT-9,ALT-9-2,2,esm2,-8.11720532877998,-24.2346835613719,62.4756956126744,standard,10-30 cm,8.1-24.2 cm
UnivOfMinnesota,mean,SHM,ALT-9,ALT-9-3,3,esm1,-24.1,-41.9,45.5648551601341,standard,30-50 cm,24.1-41.9 cm
UnivOfMinnesota,mean,SHM,ALT-9,ALT-9-3,3,esm2,-24.2346835613719,-42.0262298277659,44.3217789041875,standard,30-50 cm,24.2-42 cm
UnivOfMinnesota,mean,SHM,ALT-9,ALT-9-4,4,esm1,-41.9,-65,63.4305496057741,standard,50-75 cm,41.9-65 cm
UnivOfMinnesota,mean,SHM,ALT-9,ALT-9-4,4,esm2,-42.0262298277659,-65.2973962428323,67.0446252772355,standard,50-75 cm,42-65.3 cm
UnivOfMinnesota,mean,SHM,ALT-9,ALT-9-5,5,esm1,-65,-88.1,28.7305163585007,standard,75-100 cm,65-88.1 cm
UnivOfMinnesota,mean,SHM,ALT-9,ALT-9-5,5,esm2,-65.2973962428323,-88.4491581496665,32.2164216517478,standard,75-100 cm,65.3-88.4 cm
UnivOfMinnesota,mean,BAU,CON-1,CON-1-1,1,esm1,0,-9,31.0349828383946,standard,0-10 cm,0-9 cm
UnivOfMinnesota,mean,BAU,CON-1,CON-1-1,1,esm2,0,-9.04801751578168,31.1593515804555,standard,0-10 cm,0-9 cm
UnivOfMinnesota,mean,BAU,CON-1,CON-1-2,2,esm1,-9,-28.4,59.255988997978,standard,10-30 cm,9-28.4 cm
UnivOfMinnesota,mean,BAU,CON-1,CON-1-2,2,esm2,-9.04801751578168,-28.8498233954473,63.0805598700568,standard,10-30 cm,9-28.8 cm
UnivOfMinnesota,mean,BAU,CON-1,CON-1-3,3,esm1,-28.4,-47.2,25.1924679014358,standard,30-50 cm,28.4-47.2 cm
UnivOfMinnesota,mean,BAU,CON-1,CON-1-3,3,esm2,-28.8498233954473,-47.5362929028424,24.4896589725219,standard,30-50 cm,28.8-47.5 cm
UnivOfMinnesota,mean,BAU,CON-1,CON-1-4,4,esm1,-47.2,-72.7,17.2837086781608,standard,50-75 cm,47.2-72.7 cm
UnivOfMinnesota,mean,BAU,CON-1,CON-1-4,4,esm2,-47.5362929028424,-70.845706907088,3.33449458853444,standard,50-75 cm,47.5-70.8 cm
UnivOfMinnesota,mean,BAU,CON-1,CON-1-5,5,esm1,-72.7,-100.2,16.3929547244294,standard,75-100 cm,72.7-100.2 cm
UnivOfMinnesota,mean,BAU,CON-1,CON-1-5,5,esm2,-70.845706907088,-98.4819167549927,18.3393553105619,standard,75-100 cm,70.8-98.5 cm
UnivOfMinnesota,mean,BAU,CON-2,CON-2-1,1,esm1,0,-8.7,31.5654967660351,standard,0-10 cm,0-8.7 cm
UnivOfMinnesota,mean,BAU,CON-2,CON-2-1,1,esm2,0,-8.73169831813572,31.7160626109625,standard,0-10 cm,0-8.7 cm
UnivOfMinnesota,mean,BAU,CON-2,CON-2-2,2,esm1,-8.7,-27.4,61.1134041309694,standard,10-30 cm,8.7-27.4 cm
UnivOfMinnesota,mean,BAU,CON-2,CON-2-2,2,esm2,-8.73169831813572,-27.741059145083,63.9746258630959,standard,10-30 cm,8.7-27.7 cm
UnivOfMinnesota,mean,BAU,CON-2,CON-2-3,3,esm1,-27.4,-45.5,36.1063975909589,standard,30-50 cm,27.4-45.5 cm
UnivOfMinnesota,mean,BAU,CON-2,CON-2-3,3,esm2,-27.741059145083,-46.0372761586845,37.9858023712809,standard,30-50 cm,27.7-46 cm
UnivOfMinnesota,mean,BAU,CON-2,CON-2-4,4,esm1,-45.5,-67.2,24.2376016328351,standard,50-75 cm,45.5-67.2 cm
UnivOfMinnesota,mean,BAU,CON-2,CON-2-4,4,esm2,-46.0372761586845,-67.7214915438765,20.7525625629304,standard,50-75 cm,46-67.7 cm
UnivOfMinnesota,mean,BAU,CON-2,CON-2-5,5,esm1,-67.2,-89.9,15.6417660875546,standard,75-100 cm,67.2-89.9 cm
UnivOfMinnesota,mean,BAU,CON-2,CON-2-5,5,esm2,-67.7214915438765,-88.4819863564148,12.2779916910523,standard,75-100 cm,67.7-88.5 cm
UnivOfMinnesota,mean,BAU,CON-3,CON-3-1,1,esm1,0,-9.3,30.9833969539694,standard,0-10 cm,0-9.3 cm
UnivOfMinnesota,mean,BAU,CON-3,CON-3-1,1,esm2,0,-9.31469467572644,31.0503594847369,standard,0-10 cm,0-9.3 cm
UnivOfMinnesota,mean,BAU,CON-3,CON-3-2,2,esm1,-9.3,-28.4,46.2764719229364,standard,10-30 cm,9.3-28.4 cm
UnivOfMinnesota,mean,BAU,CON-3,CON-3-2,2,esm2,-9.31469467572644,-28.4588429545738,47.3252637096594,standard,10-30 cm,9.3-28.5 cm
UnivOfMinnesota,mean,BAU,CON-3,CON-3-3,3,esm1,-28.4,-47.5,18.0479165150121,standard,30-50 cm,28.4-47.5 cm
UnivOfMinnesota,mean,BAU,CON-3,CON-3-3,3,esm2,-28.4588429545738,-48.1107649476302,17.4324365875352,standard,30-50 cm,28.5-48.1 cm
UnivOfMinnesota,mean,BAU,CON-3,CON-3-4,4,esm1,-47.5,-71.6,18.1675621373991,standard,50-75 cm,47.5-71.6 cm
UnivOfMinnesota,mean,BAU,CON-3,CON-3-4,4,esm2,-48.1107649476302,-71.8529604128606,18.7098184795552,standard,50-75 cm,48.1-71.9 cm
UnivOfMinnesota,mean,BAU,CON-3,CON-3-5,5,esm1,-71.6,-96,9.79993023375249,standard,75-100 cm,71.6-96 cm
UnivOfMinnesota,mean,BAU,CON-3,CON-3-5,5,esm2,-71.8529604128606,-95.4150281286885,9.6198081691856,standard,75-100 cm,71.9-95.4 cm
UnivOfMinnesota,mean,BAU,CON-4,CON-4-1,1,esm1,0,-10.2,32.4509723192969,standard,0-10 cm,0-10.2 cm
UnivOfMinnesota,mean,BAU,CON-4,CON-4-1,1,esm2,0,-10.3063755224148,32.7905343922225,standard,0-10 cm,0-10.3 cm
UnivOfMinnesota,mean,BAU,CON-4,CON-4-2,2,esm1,-10.2,-27.6,58.7461529297276,standard,10-30 cm,10.2-27.6 cm
UnivOfMinnesota,mean,BAU,CON-4,CON-4-2,2,esm2,-10.3063755224148,-27.6162359622404,61.9937914230663,standard,10-30 cm,10.3-27.6 cm
UnivOfMinnesota,mean,BAU,CON-4,CON-4-3,3,esm1,-27.6,-46.6,28.3273087679714,standard,30-50 cm,27.6-46.6 cm
UnivOfMinnesota,mean,BAU,CON-4,CON-4-3,3,esm2,-27.6162359622404,-46.6400523146598,25.2064625406051,standard,30-50 cm,27.6-46.6 cm
UnivOfMinnesota,mean,BAU,CON-4,CON-4-4,4,esm1,-46.6,-69.7,12.4080386677416,standard,50-75 cm,46.6-69.7 cm
UnivOfMinnesota,mean,BAU,CON-4,CON-4-4,4,esm2,-46.6400523146598,-72.3377099569059,5.4411666940024,standard,50-75 cm,46.6-72.3 cm
UnivOfMinnesota,mean,BAU,CON-4,CON-4-5,5,esm1,-69.7,-94.8,13.0604856494656,standard,75-100 cm,69.7-94.8 cm
UnivOfMinnesota,mean,BAU,CON-4,CON-4-5,5,esm2,-72.3377099569059,-97.0961359815099,10.191772867038,standard,75-100 cm,72.3-97.1 cm
UnivOfMinnesota,mean,BAU,CON-5,CON-5-1,1,esm1,0,-10.6,33.3993262024929,standard,0-10 cm,0-10.6 cm
UnivOfMinnesota,mean,BAU,CON-5,CON-5-1,1,esm2,0,-10.7811707604374,33.7502428210259,standard,0-10 cm,0-10.8 cm
UnivOfMinnesota,mean,BAU,CON-5,CON-5-2,2,esm1,-10.6,-27.5,52.1734463872331,standard,10-30 cm,10.6-27.5 cm
UnivOfMinnesota,mean,BAU,CON-5,CON-5-2,2,esm2,-10.7811707604374,-26.9211815680724,57.9134245067809,standard,10-30 cm,10.8-26.9 cm
UnivOfMinnesota,mean,BAU,CON-5,CON-5-3,3,esm1,-27.5,-48,26.5968567003681,standard,30-50 cm,27.5-48 cm
UnivOfMinnesota,mean,BAU,CON-5,CON-5-3,3,esm2,-26.9211815680724,-48.0242178993735,23.8556930838274,standard,30-50 cm,26.9-48 cm
UnivOfMinnesota,mean,BAU,CON-5,CON-5-4,4,esm1,-48,-72.8,22.1225949101568,standard,50-75 cm,48-72.8 cm
UnivOfMinnesota,mean,BAU,CON-5,CON-5-4,4,esm2,-48.0242178993735,-73.4246007095953,19.4113997436642,standard,50-75 cm,48-73.4 cm
UnivOfMinnesota,mean,BAU,CON-5,CON-5-5,5,esm1,-72.8,-98.3,11.6133871338858,standard,75-100 cm,72.8-98.3 cm
UnivOfMinnesota,mean,BAU,CON-5,CON-5-5,5,esm2,-73.4246007095953,-97.730805309044,12.9150847490477,standard,75-100 cm,73.4-97.7 cm
UnivOfMinnesota,mean,BAU,CON-6,CON-6-1,1,esm1,0,-9,33.760032822033,standard,0-10 cm,0-9 cm
UnivOfMinnesota,mean,BAU,CON-6,CON-6-1,1,esm2,0,-9.06877863811537,34.1558899357637,standard,0-10 cm,0-9.1 cm
UnivOfMinnesota,mean,BAU,CON-6,CON-6-2,2,esm1,-9,-28.9,54.0640141877532,standard,10-30 cm,9-28.9 cm
UnivOfMinnesota,mean,BAU,CON-6,CON-6-2,2,esm2,-9.06877863811537,-29.6956186676377,57.6322941519944,standard,10-30 cm,9.1-29.7 cm
UnivOfMinnesota,mean,BAU,CON-6,CON-6-3,3,esm1,-28.9,-45.9,23.844123778802,standard,30-50 cm,28.9-45.9 cm
UnivOfMinnesota,mean,BAU,CON-6,CON-6-3,3,esm2,-29.6956186676377,-45.9306646528408,21.0466687795748,standard,30-50 cm,29.7-45.9 cm
UnivOfMinnesota,mean,BAU,CON-6,CON-6-4,4,esm1,-45.9,-68,13.7494509125202,standard,50-75 cm,45.9-68 cm
UnivOfMinnesota,mean,BAU,CON-6,CON-6-4,4,esm2,-45.9306646528408,-68.465594179523407,14.9937812609152,standard,50-75 cm,45.9-68.5 cm
UnivOfMinnesota,mean,BAU,CON-6,CON-6-5,5,esm1,-68,-90.9,15.3639797921334,standard,75-100 cm,68-90.9 cm
UnivOfMinnesota,mean,BAU,CON-6,CON-6-5,5,esm2,-68.465594179523407,-91.4888646912952,11.9028577435988,standard,75-100 cm,68.5-91.5 cm
UnivOfMinnesota,mean,BAU,CON-7,CON-7-1,1,esm1,0,-9.5,28.9310733016136,standard,0-10 cm,0-9.5 cm
UnivOfMinnesota,mean,BAU,CON-7,CON-7-1,1,esm2,0,-9.63095754115641,29.2295556940957,standard,0-10 cm,0-9.6 cm
UnivOfMinnesota,mean,BAU,CON-7,CON-7-2,2,esm1,-9.5,-27.3,49.6762289655463,standard,10-30 cm,9.5-27.3 cm
UnivOfMinnesota,mean,BAU,CON-7,CON-7-2,2,esm2,-9.63095754115641,-27.2523409643605,52.8065083578035,standard,10-30 cm,9.6-27.3 cm
UnivOfMinnesota,mean,BAU,CON-7,CON-7-3,3,esm1,-27.3,-46.8,21.0358993679104,standard,30-50 cm,27.3-46.8 cm
UnivOfMinnesota,mean,BAU,CON-7,CON-7-3,3,esm2,-27.2523409643605,-47.8640963746942,17.73479995404,standard,30-50 cm,27.3-47.9 cm
UnivOfMinnesota,mean,BAU,CON-7,CON-7-4,4,esm1,-46.8,-72.8,24.081628928793,standard,50-75 cm,46.8-72.8 cm
UnivOfMinnesota,mean,BAU,CON-7,CON-7-4,4,esm2,-47.8640963746942,-73.214572883043,24.3578199511324,standard,50-75 cm,47.9-73.2 cm
UnivOfMinnesota,mean,BAU,CON-7,CON-7-5,5,esm1,-72.8,-93.7,30.3648413881071,standard,75-100 cm,72.8-93.7 cm
UnivOfMinnesota,mean,BAU,CON-7,CON-7-5,5,esm2,-73.214572883043,-93.0147997274865,21.207394797961,standard,75-100 cm,73.2-93 cm
UnivOfMinnesota,mean,BAU,CON-8,CON-8-1,1,esm1,0,-9.4,29.2457577215306,standard,0-10 cm,0-9.4 cm
UnivOfMinnesota,mean,BAU,CON-8,CON-8-1,1,esm2,0,-9.44211241283721,29.4531979198433,standard,0-10 cm,0-9.4 cm
UnivOfMinnesota,mean,BAU,CON-8,CON-8-2,2,esm1,-9.4,-28,42.2046957487429,standard,10-30 cm,9.4-28 cm
UnivOfMinnesota,mean,BAU,CON-8,CON-8-2,2,esm2,-9.44211241283721,-28.9032991140276,44.9795005355798,standard,10-30 cm,9.4-28.9 cm
UnivOfMinnesota,mean,BAU,CON-8,CON-8-3,3,esm1,-28,-45.1,24.3218340896652,standard,30-50 cm,28-45.1 cm
UnivOfMinnesota,mean,BAU,CON-8,CON-8-3,3,esm2,-28.9032991140276,-45.0980171666585,23.0710058415144,standard,30-50 cm,28.9-45.1 cm
UnivOfMinnesota,mean,BAU,CON-8,CON-8-4,4,esm1,-45.1,-67.7,20.3394605883521,standard,50-75 cm,45.1-67.7 cm
UnivOfMinnesota,mean,BAU,CON-8,CON-8-4,4,esm2,-45.0980171666585,-67.7425121562041,18.4198408365017,standard,50-75 cm,45.1-67.7 cm
UnivOfMinnesota,mean,BAU,CON-8,CON-8-5,5,esm1,-67.7,-92.5,17.1438750619493,standard,75-100 cm,67.7-92.5 cm
UnivOfMinnesota,mean,BAU,CON-8,CON-8-5,5,esm2,-67.7425121562041,-92.5829289151234,16.3854897482619,standard,75-100 cm,67.7-92.6 cm
UnivOfMinnesota,mean,BAU,CON-9,CON-9-1,1,esm1,0,-8.2,34.7449900243769,standard,0-10 cm,0-8.2 cm
UnivOfMinnesota,mean,BAU,CON-9,CON-9-1,1,esm2,0,-8.26338502668678,35.1101385343812,standard,0-10 cm,0-8.3 cm
UnivOfMinnesota,mean,BAU,CON-9,CON-9-2,2,esm1,-8.2,-26.5,66.3576975330483,standard,10-30 cm,8.2-26.5 cm
UnivOfMinnesota,mean,BAU,CON-9,CON-9-2,2,esm2,-8.26338502668678,-26.5923767606278,67.1757968177937,standard,10-30 cm,8.3-26.6 cm
UnivOfMinnesota,mean,BAU,CON-9,CON-9-3,3,esm1,-26.5,-45.2,33.8986422275819,standard,30-50 cm,26.5-45.2 cm
UnivOfMinnesota,mean,BAU,CON-9,CON-9-3,3,esm2,-26.5923767606278,-45.28480384628,32.771593100708,standard,30-50 cm,26.6-45.3 cm
UnivOfMinnesota,mean,BAU,CON-9,CON-9-4,4,esm1,-45.2,-67.4,24.0270810512101,standard,50-75 cm,45.2-67.4 cm
UnivOfMinnesota,mean,BAU,CON-9,CON-9-4,4,esm2,-45.28480384628,-66.912622601309,25.6029822307296,standard,50-75 cm,45.3-66.9 cm
UnivOfMinnesota,mean,BAU,CON-9,CON-9-5,5,esm1,-67.4,-92.9,14.5267350044431,standard,75-100 cm,67.4-92.9 cm
UnivOfMinnesota,mean,BAU,CON-9,CON-9-5,5,esm2,-66.912622601309,-91.4334381788217,14.8894828137423,standard,75-100 cm,66.9-91.4 cm
UnivOfMinnesota,mean,Ref,REF-1,REF-1-1,1,esm1,0,-12.3,58.3509022293889,standard,0-10 cm,0-12.3 cm
UnivOfMinnesota,mean,Ref,REF-1,REF-1-1,1,esm2,0,-12.2275842982849,59.4560010672704,standard,0-10 cm,0-12.2 cm
UnivOfMinnesota,mean,Ref,REF-1,REF-1-2,2,esm1,-12.3,-38.3,107.180902170441,standard,10-30 cm,12.3-38.3 cm
UnivOfMinnesota,mean,Ref,REF-1,REF-1-2,2,esm2,-12.2275842982849,-38.3870592382692,106.535059241912,standard,10-30 cm,12.2-38.4 cm
UnivOfMinnesota,mean,Ref,REF-1,REF-1-3,3,esm1,-38.3,-66.2,100.449372504518,standard,30-50 cm,38.3-66.2 cm
UnivOfMinnesota,mean,Ref,REF-1,REF-1-3,3,esm2,-38.3870592382692,-66.545327717759,102.839951048054,standard,30-50 cm,38.4-66.5 cm
UnivOfMinnesota,mean,Ref,REF-1,REF-1-4,4,esm1,-66.2,-97.3,67.6893869643951,standard,50-75 cm,66.2-97.3 cm
UnivOfMinnesota,mean,Ref,REF-1,REF-1-4,4,esm2,-66.545327717759,-97.5568848884079,68.2441613559255,standard,50-75 cm,66.5-97.6 cm
UnivOfMinnesota,mean,Ref,REF-1,REF-1-5,5,esm1,-97.3,-125.9,23.0401470170809,standard,75-100 cm,97.3-125.9 cm
UnivOfMinnesota,mean,Ref,REF-1,REF-1-5,5,esm2,-97.5568848884079,-124.903575459658,16.4564817844249,standard,75-100 cm,97.6-124.9 cm
UnivOfMinnesota,mean,Ref,REF-2,REF-2-1,1,esm1,0,-13.5,56.762755779956,standard,0-10 cm,0-13.5 cm
UnivOfMinnesota,mean,Ref,REF-2,REF-2-1,1,esm2,0,-13.1747355088911,57.0650284996658,standard,0-10 cm,0-13.2 cm
UnivOfMinnesota,mean,Ref,REF-2,REF-2-2,2,esm1,-13.5,-38.3,110.179886137292,standard,10-30 cm,13.5-38.3 cm
UnivOfMinnesota,mean,Ref,REF-2,REF-2-2,2,esm2,-13.1747355088911,-40.6652769098621,116.515644556639,standard,10-30 cm,13.2-40.7 cm
UnivOfMinnesota,mean,Ref,REF-2,REF-2-3,3,esm1,-38.3,-62.6,111.646288967603,standard,30-50 cm,38.3-62.6 cm
UnivOfMinnesota,mean,Ref,REF-2,REF-2-3,3,esm2,-40.6652769098621,-62.6939422796407,106.766576419135,standard,30-50 cm,40.7-62.7 cm
UnivOfMinnesota,mean,Ref,REF-2,REF-2-4,4,esm1,-62.6,-88.9,65.8821009874363,standard,50-75 cm,62.6-88.9 cm
UnivOfMinnesota,mean,Ref,REF-2,REF-2-4,4,esm2,-62.6939422796407,-88.7007425103153,83.7403725539143,standard,50-75 cm,62.7-88.7 cm
UnivOfMinnesota,mean,Ref,REF-2,REF-2-5,5,esm1,-88.9,-117.4,71.3931512601496,standard,75-100 cm,88.9-117.4 cm
UnivOfMinnesota,mean,Ref,REF-2,REF-2-5,5,esm2,-88.7007425103153,-120.327270488054,-12.4479787241817,standard,75-100 cm,88.7-120.3 cm
UnivOfMinnesota,mean,Ref,REF-3,REF-3-1,1,esm1,0,-13.3,55.0175430453064,standard,0-10 cm,0-13.3 cm
UnivOfMinnesota,mean,Ref,REF-3,REF-3-1,1,esm2,0,-13.5622918236363,55.2017660283637,standard,0-10 cm,0-13.6 cm
UnivOfMinnesota,mean,Ref,REF-3,REF-3-2,2,esm1,-13.3,-42.8,101.759517782383,standard,10-30 cm,13.3-42.8 cm
UnivOfMinnesota,mean,Ref,REF-3,REF-3-2,2,esm2,-13.5622918236363,-43.7758927726534,105.012647516997,standard,10-30 cm,13.6-43.8 cm
UnivOfMinnesota,mean,Ref,REF-3,REF-3-3,3,esm1,-42.8,-68.3,91.6007371664523,standard,30-50 cm,42.8-68.3 cm
UnivOfMinnesota,mean,Ref,REF-3,REF-3-3,3,esm2,-43.7758927726534,-68.4904435692022,93.1963851716337,standard,30-50 cm,43.8-68.5 cm
UnivOfMinnesota,mean,Ref,REF-3,REF-3-4,4,esm1,-68.3,-98.6,45.9904163411763,standard,50-75 cm,68.3-98.6 cm
UnivOfMinnesota,mean,Ref,REF-3,REF-3-4,4,esm2,-68.4904435692022,-98.7575373028259,44.0601824596352,standard,50-75 cm,68.5-98.8 cm
UnivOfMinnesota,mean,Ref,REF-3,REF-3-5,5,esm1,-98.6,-127.9,10.5558622737396,standard,75-100 cm,98.6-127.9 cm
UnivOfMinnesota,mean,Ref,REF-3,REF-3-5,5,esm2,-98.7575373028259,-127.003669880712,7.24216990878728,standard,75-100 cm,98.8-127 cm
UnivOfMinnesota,mean,Ref,REF-4,REF-4-1,1,esm1,0,-13.3,60.1250633208774,standard,0-10 cm,0-13.3 cm
UnivOfMinnesota,mean,Ref,REF-4,REF-4-1,1,esm2,0,-13.135364165925,61.3986864524001,standard,0-10 cm,0-13.1 cm
UnivOfMinnesota,mean,Ref,REF-4,REF-4-2,2,esm1,-13.3,-41.9,100.665524014427,standard,10-30 cm,13.3-41.9 cm
UnivOfMinnesota,mean,Ref,REF-4,REF-4-2,2,esm2,-13.135364165925,-42.514402295449,102.687733971937,standard,10-30 cm,13.1-42.5 cm
UnivOfMinnesota,mean,Ref,REF-4,REF-4-3,3,esm1,-41.9,-68.9,74.609142694782,standard,30-50 cm,41.9-68.9 cm
UnivOfMinnesota,mean,Ref,REF-4,REF-4-3,3,esm2,-42.514402295449,-68.9960481465811,72.5769911941966,standard,30-50 cm,42.5-69 cm
UnivOfMinnesota,mean,Ref,REF-4,REF-4-4,4,esm1,-68.9,-103.2,19.207570532335,standard,50-75 cm,68.9-103.2 cm
UnivOfMinnesota,mean,Ref,REF-4,REF-4-4,4,esm2,-68.9960481465811,-102.838902924944,28.5511546339712,standard,50-75 cm,69-102.8 cm
UnivOfMinnesota,mean,Ref,REF-4,REF-4-5,5,esm1,-103.2,-140.3,18.3350257745589,standard,75-100 cm,103.2-140.3 cm
UnivOfMinnesota,mean,Ref,REF-4,REF-4-5,5,esm2,-102.838902924944,-141.565902139827,2.79150205155167,standard,75-100 cm,102.8-141.6 cm
UnivOfMinnesota,mean,Ref,REF-5,REF-5-1,1,esm1,0,-12.6,60.6561284196946,standard,0-10 cm,0-12.6 cm
UnivOfMinnesota,mean,Ref,REF-5,REF-5-1,1,esm2,0,-12.3378927833616,61.0337872966735,standard,0-10 cm,0-12.3 cm
UnivOfMinnesota,mean,Ref,REF-5,REF-5-2,2,esm1,-12.6,-41,107.031306670771,standard,10-30 cm,12.6-41 cm
UnivOfMinnesota,mean,Ref,REF-5,REF-5-2,2,esm2,-12.3378927833616,-41.088521372369,107.377883733784,standard,10-30 cm,12.3-41.1 cm
UnivOfMinnesota,mean,Ref,REF-5,REF-5-3,3,esm1,-41,-65.8,67.515527914788,standard,30-50 cm,41-65.8 cm
UnivOfMinnesota,mean,Ref,REF-5,REF-5-3,3,esm2,-41.088521372369,-67.3523981583296,77.1331053157839,standard,30-50 cm,41.1-67.4 cm
UnivOfMinnesota,mean,Ref,REF-5,REF-5-4,4,esm1,-65.8,-98.9,45.088655155062,standard,50-75 cm,65.8-98.9 cm
UnivOfMinnesota,mean,Ref,REF-5,REF-5-4,4,esm2,-67.3523981583296,-96.985564160631,47.0155145199587,standard,50-75 cm,67.4-97 cm
UnivOfMinnesota,mean,Ref,REF-5,REF-5-5,5,esm1,-98.9,-133.8,20.7257805348472,standard,75-100 cm,98.9-133.8 cm
UnivOfMinnesota,mean,Ref,REF-5,REF-5-5,5,esm2,-96.985564160631,-131.249651403103,13.4702463510126,standard,75-100 cm,97-131.2 cm
UnivOfMinnesota,mean,Ref,REF-6,REF-6-1,1,esm1,0,-12.5,64.2886464211147,standard,0-10 cm,0-12.5 cm
UnivOfMinnesota,mean,Ref,REF-6,REF-6-1,1,esm2,0,-12.5755780014083,64.5268272869738,standard,0-10 cm,0-12.6 cm
UnivOfMinnesota,mean,Ref,REF-6,REF-6-2,2,esm1,-12.5,-38.8,114.387691093586,standard,10-30 cm,12.5-38.8 cm
UnivOfMinnesota,mean,Ref,REF-6,REF-6-2,2,esm2,-12.5755780014083,-38.9175483069655,120.867880490738,standard,10-30 cm,12.6-38.9 cm
UnivOfMinnesota,mean,Ref,REF-6,REF-6-3,3,esm1,-38.8,-66.2,80.5219636806204,standard,30-50 cm,38.8-66.2 cm
UnivOfMinnesota,mean,Ref,REF-6,REF-6-3,3,esm2,-38.9175483069655,-66.7569693101458,77.7245591335102,standard,30-50 cm,38.9-66.8 cm
UnivOfMinnesota,mean,Ref,REF-6,REF-6-4,4,esm1,-66.2,-94.4,39.2537592314949,standard,50-75 cm,66.2-94.4 cm
UnivOfMinnesota,mean,Ref,REF-6,REF-6-4,4,esm2,-66.7569693101458,-93.8174914418736,38.7169265082588,standard,50-75 cm,66.8-93.8 cm
UnivOfMinnesota,mean,Ref,REF-6,REF-6-5,5,esm1,-94.4,-121.6,21.4951117446362,standard,75-100 cm,94.4-121.6 cm
UnivOfMinnesota,mean,Ref,REF-6,REF-6-5,5,esm2,-93.8174914418736,-119.110502577268,16.0259598448724,standard,75-100 cm,93.8-119.1 cm
UnivOfMinnesota,mean,Ref,REF-7,REF-7-1,1,esm1,0,-15.3,53.9582994954971,standard,0-10 cm,0-15.3 cm
UnivOfMinnesota,mean,Ref,REF-7,REF-7-1,1,esm2,0,-15.2146884633543,55.4520602298126,standard,0-10 cm,0-15.2 cm
UnivOfMinnesota,mean,Ref,REF-7,REF-7-2,2,esm1,-15.3,-43.5,96.034254917381,standard,10-30 cm,15.3-43.5 cm
UnivOfMinnesota,mean,Ref,REF-7,REF-7-2,2,esm2,-15.2146884633543,-45.0895223434533,96.4690707264117,standard,10-30 cm,15.2-45.1 cm
UnivOfMinnesota,mean,Ref,REF-7,REF-7-3,3,esm1,-43.5,-67,93.4364648560093,standard,30-50 cm,43.5-67 cm
UnivOfMinnesota,mean,Ref,REF-7,REF-7-3,3,esm2,-45.0895223434533,-67.1789134435433,97.5900338823598,standard,30-50 cm,45.1-67.2 cm
UnivOfMinnesota,mean,Ref,REF-7,REF-7-4,4,esm1,-67,-92.2,58.4132944342352,standard,50-75 cm,67-92.2 cm
UnivOfMinnesota,mean,Ref,REF-7,REF-7-4,4,esm2,-67.1789134435433,-95.088499855874,61.2665342723329,standard,50-75 cm,67.2-95.1 cm
UnivOfMinnesota,mean,Ref,REF-7,REF-7-5,5,esm1,-92.2,-115.8,12.6749837124789,standard,75-100 cm,92.2-115.8 cm
UnivOfMinnesota,mean,Ref,REF-7,REF-7-5,5,esm2,-95.088499855874,-118.747130551033,11.6020059508679,standard,75-100 cm,95.1-118.7 cm
UnivOfMinnesota,mean,Ref,REF-8,REF-8-1,1,esm1,0,-13.3,61.1050609164647,standard,0-10 cm,0-13.3 cm
UnivOfMinnesota,mean,Ref,REF-8,REF-8-1,1,esm2,0,-13.3642975898485,63.1554651757894,standard,0-10 cm,0-13.4 cm
UnivOfMinnesota,mean,Ref,REF-8,REF-8-2,2,esm1,-13.3,-38.4,103.941157801888,standard,10-30 cm,13.3-38.4 cm
UnivOfMinnesota,mean,Ref,REF-8,REF-8-2,2,esm2,-13.3642975898485,-38.6776493312789,104.492890132487,standard,10-30 cm,13.4-38.7 cm
UnivOfMinnesota,mean,Ref,REF-8,REF-8-3,3,esm1,-38.4,-63.3,74.5185233175059,standard,30-50 cm,38.4-63.3 cm
UnivOfMinnesota,mean,Ref,REF-8,REF-8-3,3,esm2,-38.6776493312789,-63.6955613654698,74.8165540984513,standard,30-50 cm,38.7-63.7 cm
UnivOfMinnesota,mean,Ref,REF-8,REF-8-4,4,esm1,-63.3,-92.7,42.5392622182299,standard,50-75 cm,63.3-92.7 cm
UnivOfMinnesota,mean,Ref,REF-8,REF-8-4,4,esm2,-63.6955613654698,-93.7404631081868,52.8797608859971,standard,50-75 cm,63.7-93.7 cm
UnivOfMinnesota,mean,Ref,REF-8,REF-8-5,5,esm1,-92.7,-123.2,29.2590401470329,standard,75-100 cm,92.7-123.2 cm
UnivOfMinnesota,mean,Ref,REF-8,REF-8-5,5,esm2,-93.7404631081868,-122.656785393294,7.61384298135039,standard,75-100 cm,93.7-122.7 cm
UnivOfMinnesota,mean,Ref,REF-9,REF-9-1,1,esm1,0,-13.8,58.4096011962267,standard,0-10 cm,0-13.8 cm
UnivOfMinnesota,mean,Ref,REF-9,REF-9-1,1,esm2,0,-13.5665175038543,60.0064397260944,standard,0-10 cm,0-13.6 cm
UnivOfMinnesota,mean,Ref,REF-9,REF-9-2,2,esm1,-13.8,-40.4,93.9458767941819,standard,10-30 cm,13.8-40.4 cm
UnivOfMinnesota,mean,Ref,REF-9,REF-9-2,2,esm2,-13.5665175038543,-41.1055361617577,96.2010849781891,standard,10-30 cm,13.6-41.1 cm
UnivOfMinnesota,mean,Ref,REF-9,REF-9-3,3,esm1,-40.4,-66.7,69.1453334541883,standard,30-50 cm,40.4-66.7 cm
UnivOfMinnesota,mean,Ref,REF-9,REF-9-3,3,esm2,-41.1055361617577,-67.0398432113305,68.6306457422379,standard,30-50 cm,41.1-67 cm
UnivOfMinnesota,mean,Ref,REF-9,REF-9-4,4,esm1,-66.7,-93.7,21.1400052918758,standard,50-75 cm,66.7-93.7 cm
UnivOfMinnesota,mean,Ref,REF-9,REF-9-4,4,esm2,-67.0398432113305,-96.4628334351821,18.3765370072548,standard,50-75 cm,67-96.5 cm
UnivOfMinnesota,mean,Ref,REF-9,REF-9-5,5,esm1,-93.7,-121.9,15.8228582867526,standard,75-100 cm,93.7-121.9 cm
UnivOfMinnesota,mean,Ref,REF-9,REF-9-5,5,esm2,-96.4628334351821,-122.506316886558,11.622221890912,standard,75-100 cm,96.5-122.5 cm
UnivOfMinnesota,min,SHM,ALT-1,ALT-1-1,1,esm1,0,-5.1,20.0307853177005,standard,0-10 cm,0-5.1 cm
UnivOfMinnesota,min,SHM,ALT-1,ALT-1-1,1,esm2,0,-5.19087146835047,20.3712280187381,standard,0-10 cm,0-5.2 cm
UnivOfMinnesota,min,SHM,ALT-1,ALT-1-2,2,esm1,-5.1,-15.6,40.4228898378167,standard,10-30 cm,5.1-15.6 cm
UnivOfMinnesota,min,SHM,ALT-1,ALT-1-2,2,esm2,-5.19087146835047,-15.7030608596639,40.5167166742656,standard,10-30 cm,5.2-15.7 cm
UnivOfMinnesota,min,SHM,ALT-1,ALT-1-3,3,esm1,-15.6,-28.4,43.0422557695537,standard,30-50 cm,15.6-28.4 cm
UnivOfMinnesota,min,SHM,ALT-1,ALT-1-3,3,esm2,-15.7030608596639,-28.488150962096,46.6974415758613,standard,30-50 cm,15.7-28.5 cm
UnivOfMinnesota,min,SHM,ALT-1,ALT-1-4,4,esm1,-28.4,-44.8,26.559278018143,standard,50-75 cm,28.4-44.8 cm
UnivOfMinnesota,min,SHM,ALT-1,ALT-1-4,4,esm2,-28.488150962096,-45.6786142377829,29.1789757099214,standard,50-75 cm,28.5-45.7 cm
UnivOfMinnesota,min,SHM,ALT-1,ALT-1-5,5,esm1,-44.8,-61.4,11.1547683442885,standard,75-100 cm,44.8-61.4 cm
UnivOfMinnesota,min,SHM,ALT-1,ALT-1-5,5,esm2,-45.6786142377829,-61.5210759010419,4.21241991244116,standard,75-100 cm,45.7-61.5 cm
UnivOfMinnesota,min,SHM,ALT-2,ALT-2-1,1,esm1,0,-6.4,26.4212402530905,standard,0-10 cm,0-6.4 cm
UnivOfMinnesota,min,SHM,ALT-2,ALT-2-1,1,esm2,0,-6.5486390784087,26.9427029529837,standard,0-10 cm,0-6.5 cm
UnivOfMinnesota,min,SHM,ALT-2,ALT-2-2,2,esm1,-6.4,-18,54.3823114904753,standard,10-30 cm,6.4-18 cm
UnivOfMinnesota,min,SHM,ALT-2,ALT-2-2,2,esm2,-6.5486390784087,-18.4523194923305,55.5362293059291,standard,10-30 cm,6.5-18.5 cm
UnivOfMinnesota,min,SHM,ALT-2,ALT-2-3,3,esm1,-18,-30.1,41.6408376196951,standard,30-50 cm,18-30.1 cm
UnivOfMinnesota,min,SHM,ALT-2,ALT-2-3,3,esm2,-18.4523194923305,-30.2038644435482,47.1951704109321,standard,30-50 cm,18.5-30.2 cm
UnivOfMinnesota,min,SHM,ALT-2,ALT-2-4,4,esm1,-30.1,-44.9,35.0540026100967,standard,50-75 cm,30.1-44.9 cm
UnivOfMinnesota,min,SHM,ALT-2,ALT-2-4,4,esm2,-30.2038644435482,-45.7941978529663,28.7787777196671,standard,50-75 cm,30.2-45.8 cm
UnivOfMinnesota,min,SHM,ALT-2,ALT-2-5,5,esm1,-44.9,-58.4,25.0321226260753,standard,75-100 cm,44.9-58.4 cm
UnivOfMinnesota,min,SHM,ALT-2,ALT-2-5,5,esm2,-45.7941978529663,-59.4566627843312,26.0094090665382,standard,75-100 cm,45.8-59.5 cm
UnivOfMinnesota,min,SHM,ALT-3,ALT-3-1,1,esm1,0,-5.6,17.2943491769223,standard,0-10 cm,0-5.6 cm
UnivOfMinnesota,min,SHM,ALT-3,ALT-3-1,1,esm2,0,-5.70737302609621,17.6081773725077,standard,0-10 cm,0-5.7 cm
UnivOfMinnesota,min,SHM,ALT-3,ALT-3-2,2,esm1,-5.6,-17.4,36.0199370348066,standard,10-30 cm,5.6-17.4 cm
UnivOfMinnesota,min,SHM,ALT-3,ALT-3-2,2,esm2,-5.70737302609621,-17.3634074665859,37.4202365067008,standard,10-30 cm,5.7-17.4 cm
UnivOfMinnesota,min,SHM,ALT-3,ALT-3-3,3,esm1,-17.4,-30.6,26.3026969034789,standard,30-50 cm,17.4-30.6 cm
UnivOfMinnesota,min,SHM,ALT-3,ALT-3-3,3,esm2,-17.3634074665859,-31.3902602198878,27.4095513457143,standard,30-50 cm,17.4-31.4 cm
UnivOfMinnesota,min,SHM,ALT-3,ALT-3-4,4,esm1,-30.6,-45.9,17.4012665816943,standard,50-75 cm,30.6-45.9 cm
UnivOfMinnesota,min,SHM,ALT-3,ALT-3-4,4,esm2,-31.3902602198878,-46.4775481511833,19.5463874474198,standard,50-75 cm,31.4-46.5 cm
UnivOfMinnesota,min,SHM,ALT-3,ALT-3-5,5,esm1,-45.9,-61,9.26934436254136,standard,75-100 cm,45.9-61 cm
UnivOfMinnesota,min,SHM,ALT-3,ALT-3-5,5,esm2,-46.4775481511833,-61.8610172017734,11.2709897933867,standard,75-100 cm,46.5-61.9 cm
UnivOfMinnesota,min,SHM,ALT-4,ALT-4-1,1,esm1,0,-4.9,24.2256006636089,standard,0-10 cm,0-4.9 cm
UnivOfMinnesota,min,SHM,ALT-4,ALT-4-1,1,esm2,0,-4.92294916677311,24.3845135273329,standard,0-10 cm,0-4.9 cm
UnivOfMinnesota,min,SHM,ALT-4,ALT-4-2,2,esm1,-4.9,-15.4,46.2624981505464,standard,10-30 cm,4.9-15.4 cm
UnivOfMinnesota,min,SHM,ALT-4,ALT-4-2,2,esm2,-4.92294916677311,-15.6518371238414,47.7857811934801,standard,10-30 cm,4.9-15.7 cm
UnivOfMinnesota,min,SHM,ALT-4,ALT-4-3,3,esm1,-15.4,-27.9,50.88790105013,standard,30-50 cm,15.4-27.9 cm
UnivOfMinnesota,min,SHM,ALT-4,ALT-4-3,3,esm2,-15.6518371238414,-27.8030689215739,51.7824540948667,standard,30-50 cm,15.7-27.8 cm
UnivOfMinnesota,min,SHM,ALT-4,ALT-4-4,4,esm1,-27.9,-45.8,33.8834323846684,standard,50-75 cm,27.9-45.8 cm
UnivOfMinnesota,min,SHM,ALT-4,ALT-4-4,4,esm2,-27.8030689215739,-46.1274833873941,33.1576975571163,standard,50-75 cm,27.8-46.1 cm
UnivOfMinnesota,min,SHM,ALT-4,ALT-4-5,5,esm1,-45.8,-63.9,19.3485384319136,standard,75-100 cm,45.8-63.9 cm
UnivOfMinnesota,min,SHM,ALT-4,ALT-4-5,5,esm2,-46.1274833873941,-64.4908114509955,18.6971450201326,standard,75-100 cm,46.1-64.5 cm
UnivOfMinnesota,min,SHM,ALT-5,ALT-5-1,1,esm1,0,-5,23.2266452221845,standard,0-10 cm,0-5 cm
UnivOfMinnesota,min,SHM,ALT-5,ALT-5-1,1,esm2,0,-5.00858404824459,23.2716890047425,standard,0-10 cm,0-5 cm
UnivOfMinnesota,min,SHM,ALT-5,ALT-5-2,2,esm1,-5,-15.1,48.4855070134246,standard,10-30 cm,5-15.1 cm
UnivOfMinnesota,min,SHM,ALT-5,ALT-5-2,2,esm2,-5.00858404824459,-14.9236264983773,50.0994654282445,standard,10-30 cm,5-14.9 cm
UnivOfMinnesota,min,SHM,ALT-5,ALT-5-3,3,esm1,-15.1,-27.9,52.8950165511141,standard,30-50 cm,15.1-27.9 cm
UnivOfMinnesota,min,SHM,ALT-5,ALT-5-3,3,esm2,-14.9236264983773,-28.2070855529849,52.7209312996271,standard,30-50 cm,14.9-28.2 cm
UnivOfMinnesota,min,SHM,ALT-5,ALT-5-4,4,esm1,-27.9,-44.1,65.1324942023422,standard,50-75 cm,27.9-44.1 cm
UnivOfMinnesota,min,SHM,ALT-5,ALT-5-4,4,esm2,-28.2070855529849,-44.2776080868812,67.005286445354,standard,50-75 cm,28.2-44.3 cm
UnivOfMinnesota,min,SHM,ALT-5,ALT-5-5,5,esm1,-44.1,-60.3,18.2314091559128,standard,75-100 cm,44.1-60.3 cm
UnivOfMinnesota,min,SHM,ALT-5,ALT-5-5,5,esm2,-44.2776080868812,-60.6356277028089,23.9767479913111,standard,75-100 cm,44.3-60.6 cm
UnivOfMinnesota,min,SHM,ALT-6,ALT-6-1,1,esm1,0,-5.8,22.6010236333834,standard,0-10 cm,0-5.8 cm
UnivOfMinnesota,min,SHM,ALT-6,ALT-6-1,1,esm2,0,-5.92084809480207,23.0192554692093,standard,0-10 cm,0-5.9 cm
UnivOfMinnesota,min,SHM,ALT-6,ALT-6-2,2,esm1,-5.8,-16.7,43.3205475945255,standard,10-30 cm,5.8-16.7 cm
UnivOfMinnesota,min,SHM,ALT-6,ALT-6-2,2,esm2,-5.92084809480207,-16.8193847180331,44.9519814069561,standard,10-30 cm,5.9-16.8 cm
UnivOfMinnesota,min,SHM,ALT-6,ALT-6-3,3,esm1,-16.7,-29.6,39.2073818668413,standard,30-50 cm,16.7-29.6 cm
UnivOfMinnesota,min,SHM,ALT-6,ALT-6-3,3,esm2,-16.8193847180331,-29.6275388830999,41.0225895390724,standard,30-50 cm,16.8-29.6 cm
UnivOfMinnesota,min,SHM,ALT-6,ALT-6-4,4,esm1,-29.6,-47.4,35.0066929103753,standard,50-75 cm,29.6-47.4 cm
UnivOfMinnesota,min,SHM,ALT-6,ALT-6-4,4,esm2,-29.6275388830999,-47.8936050164983,33.362325424856,standard,50-75 cm,29.6-47.9 cm
UnivOfMinnesota,min,SHM,ALT-6,ALT-6-5,5,esm1,-47.4,-65.1,21.0778592462117,standard,75-100 cm,47.4-65.1 cm
UnivOfMinnesota,min,SHM,ALT-6,ALT-6-5,5,esm2,-47.8936050164983,-65.5242239204328,20.8305246320787,standard,75-100 cm,47.9-65.5 cm
UnivOfMinnesota,min,SHM,ALT-7,ALT-7-1,1,esm1,0,-5.9,21.1134223578568,standard,0-10 cm,0-5.9 cm
UnivOfMinnesota,min,SHM,ALT-7,ALT-7-1,1,esm2,0,-6.00881727357523,21.3499920301023,standard,0-10 cm,0-6 cm
UnivOfMinnesota,min,SHM,ALT-7,ALT-7-2,2,esm1,-5.9,-17.1,43.5917779919056,standard,10-30 cm,5.9-17.1 cm
UnivOfMinnesota,min,SHM,ALT-7,ALT-7-2,2,esm2,-6.00881727357523,-17.415263177094,47.5599892895286,standard,10-30 cm,6-17.4 cm
UnivOfMinnesota,min,SHM,ALT-7,ALT-7-3,3,esm1,-17.1,-30.1,43.2681202252226,standard,30-50 cm,17.1-30.1 cm
UnivOfMinnesota,min,SHM,ALT-7,ALT-7-3,3,esm2,-17.415263177094,-30.2505094650828,41.2860778349313,standard,30-50 cm,17.4-30.3 cm
UnivOfMinnesota,min,SHM,ALT-7,ALT-7-4,4,esm1,-30.1,-47.2,38.0822086929204,standard,50-75 cm,30.1-47.2 cm
UnivOfMinnesota,min,SHM,ALT-7,ALT-7-4,4,esm2,-30.2505094650828,-47.9480631369076,39.7192973156106,standard,50-75 cm,30.3-47.9 cm
UnivOfMinnesota,min,SHM,ALT-7,ALT-7-5,5,esm1,-47.2,-63.4,33.9702295235555,standard,75-100 cm,47.2-63.4 cm
UnivOfMinnesota,min,SHM,ALT-7,ALT-7-5,5,esm2,-47.9480631369076,-64.025503195662,32.3790431590932,standard,75-100 cm,47.9-64 cm
UnivOfMinnesota,min,SHM,ALT-8,ALT-8-1,1,esm1,0,-5.1,20.7490817182694,standard,0-10 cm,0-5.1 cm
UnivOfMinnesota,min,SHM,ALT-8,ALT-8-1,1,esm2,0,-5.10943070400348,20.7744281222946,standard,0-10 cm,0-5.1 cm
UnivOfMinnesota,min,SHM,ALT-8,ALT-8-2,2,esm1,-5.1,-15.3,42.7127102373438,standard,10-30 cm,5.1-15.3 cm
UnivOfMinnesota,min,SHM,ALT-8,ALT-8-2,2,esm2,-5.10943070400348,-15.4362065264287,46.1108203163972,standard,10-30 cm,5.1-15.4 cm
UnivOfMinnesota,min,SHM,ALT-8,ALT-8-3,3,esm1,-15.3,-27.4,37.968793957612,standard,30-50 cm,15.3-27.4 cm
UnivOfMinnesota,min,SHM,ALT-8,ALT-8-3,3,esm2,-15.4362065264287,-27.4110325610766,36.9787352202992,standard,30-50 cm,15.4-27.4 cm
UnivOfMinnesota,min,SHM,ALT-8,ALT-8-4,4,esm1,-27.4,-43.9,30.097735604057,standard,50-75 cm,27.4-43.9 cm
UnivOfMinnesota,min,SHM,ALT-8,ALT-8-4,4,esm2,-27.4110325610766,-44.6331433955696,30.769027723492002,standard,50-75 cm,27.4-44.6 cm
UnivOfMinnesota,min,SHM,ALT-8,ALT-8-5,5,esm1,-43.9,-58.4,8.41355264416009,standard,75-100 cm,43.9-58.4 cm
UnivOfMinnesota,min,SHM,ALT-8,ALT-8-5,5,esm2,-44.6331433955696,-60.5014814190898,15.1295983954918,standard,75-100 cm,44.6-60.5 cm
UnivOfMinnesota,min,SHM,ALT-9,ALT-9-1,1,esm1,0,-5.2,20.6954482863032,standard,0-10 cm,0-5.2 cm
UnivOfMinnesota,min,SHM,ALT-9,ALT-9-1,1,esm2,0,-5.2337223304984,20.8014060633041,standard,0-10 cm,0-5.2 cm
UnivOfMinnesota,min,SHM,ALT-9,ALT-9-2,2,esm1,-5.2,-15.4,44.0626474084214,standard,10-30 cm,5.2-15.4 cm
UnivOfMinnesota,min,SHM,ALT-9,ALT-9-2,2,esm2,-5.2337223304984,-15.5268914462815,46.4482660776771,standard,10-30 cm,5.2-15.5 cm
UnivOfMinnesota,min,SHM,ALT-9,ALT-9-3,3,esm1,-15.4,-27.6,39.0080063281313,standard,30-50 cm,15.4-27.6 cm
UnivOfMinnesota,min,SHM,ALT-9,ALT-9-3,3,esm2,-15.5268914462815,-27.6853874497303,39.329249262831,standard,30-50 cm,15.5-27.7 cm
UnivOfMinnesota,min,SHM,ALT-9,ALT-9-4,4,esm1,-27.6,-44.4,43.0050318365311,standard,50-75 cm,27.6-44.4 cm
UnivOfMinnesota,min,SHM,ALT-9,ALT-9-4,4,esm2,-27.6853874497303,-44.4899034722187,40.5471124266882,standard,50-75 cm,27.7-44.5 cm
UnivOfMinnesota,min,SHM,ALT-9,ALT-9-5,5,esm1,-44.4,-61.1,46.1653297958135,standard,75-100 cm,44.4-61.1 cm
UnivOfMinnesota,min,SHM,ALT-9,ALT-9-5,5,esm2,-44.4899034722187,-61.557323379358,50.3031077478892,standard,75-100 cm,44.5-61.6 cm
UnivOfMinnesota,min,BAU,CON-1,CON-1-1,1,esm1,0,-5.9,19.4669258827407,standard,0-10 cm,0-5.9 cm
UnivOfMinnesota,min,BAU,CON-1,CON-1-1,1,esm2,0,-5.95251097815656,19.5265226592766,standard,0-10 cm,0-6 cm
UnivOfMinnesota,min,BAU,CON-1,CON-1-2,2,esm1,-5.9,-18,41.4538372266028,standard,10-30 cm,5.9-18 cm
UnivOfMinnesota,min,BAU,CON-1,CON-1-2,2,esm2,-5.95251097815656,-17.9705094666835,43.4130741851526,standard,10-30 cm,6-18 cm
UnivOfMinnesota,min,BAU,CON-1,CON-1-3,3,esm1,-18,-32,34.1942983251764,standard,30-50 cm,18-32 cm
UnivOfMinnesota,min,BAU,CON-1,CON-1-3,3,esm2,-17.9705094666835,-32.7941632056688,39.7600273892339,standard,30-50 cm,18-32.8 cm
UnivOfMinnesota,min,BAU,CON-1,CON-1-4,4,esm1,-32,-49.9,23.986445501899,standard,50-75 cm,32-49.9 cm
UnivOfMinnesota,min,BAU,CON-1,CON-1-4,4,esm2,-32.7941632056688,-49.9381289142741,16.5290815312278,standard,50-75 cm,32.8-49.9 cm
UnivOfMinnesota,min,BAU,CON-1,CON-1-5,5,esm1,-49.9,-68.4,11.1023794680941,standard,75-100 cm,49.9-68.4 cm
UnivOfMinnesota,min,BAU,CON-1,CON-1-5,5,esm2,-49.9381289142741,-66.9319806844466,1.94230963399126,standard,75-100 cm,49.9-66.9 cm
UnivOfMinnesota,min,BAU,CON-2,CON-2-1,1,esm1,0,-5.3,19.8100746602068,standard,0-10 cm,0-5.3 cm
UnivOfMinnesota,min,BAU,CON-2,CON-2-1,1,esm2,0,-5.34509911448161,19.9957825246504,standard,0-10 cm,0-5.3 cm
UnivOfMinnesota,min,BAU,CON-2,CON-2-2,2,esm1,-5.3,-17.3,40.0039579878463,standard,10-30 cm,5.3-17.3 cm
UnivOfMinnesota,min,BAU,CON-2,CON-2-2,2,esm2,-5.34509911448161,-17.7046173757442,42.7611506894967,standard,10-30 cm,5.3-17.7 cm
UnivOfMinnesota,min,BAU,CON-2,CON-2-3,3,esm1,-17.3,-31.4,45.8806576544767,standard,30-50 cm,17.3-31.4 cm
UnivOfMinnesota,min,BAU,CON-2,CON-2-3,3,esm2,-17.7046173757442,-31.4975656528355,43.5762945959936,standard,30-50 cm,17.7-31.5 cm
UnivOfMinnesota,min,BAU,CON-2,CON-2-4,4,esm1,-31.4,-47.9,26.8485174786967,standard,50-75 cm,31.4-47.9 cm
UnivOfMinnesota,min,BAU,CON-2,CON-2-4,4,esm2,-31.4975656528355,-48.4110901331872,30.1270588283601,standard,50-75 cm,31.5-48.4 cm
UnivOfMinnesota,min,BAU,CON-2,CON-2-5,5,esm1,-47.9,-63.8,17.6648170002844,standard,75-100 cm,47.9-63.8 cm
UnivOfMinnesota,min,BAU,CON-2,CON-2-5,5,esm2,-48.4110901331872,-64.332118230957,15.1109769843348,standard,75-100 cm,48.4-64.3 cm
UnivOfMinnesota,min,BAU,CON-3,CON-3-1,1,esm1,0,-5.8,18.7551684524908,standard,0-10 cm,0-5.8 cm
UnivOfMinnesota,min,BAU,CON-3,CON-3-1,1,esm2,0,-5.88925121773293,19.0267417010986,standard,0-10 cm,0-5.9 cm
UnivOfMinnesota,min,BAU,CON-3,CON-3-2,2,esm1,-5.8,-18.1,36.3766560123998,standard,10-30 cm,5.8-18.1 cm
UnivOfMinnesota,min,BAU,CON-3,CON-3-2,2,esm2,-5.88925121773293,-18.2347573752953,39.8724604963867,standard,10-30 cm,5.9-18.2 cm
UnivOfMinnesota,min,BAU,CON-3,CON-3-3,3,esm1,-18.1,-32.3,26.3039000565912,standard,30-50 cm,18.1-32.3 cm
UnivOfMinnesota,min,BAU,CON-3,CON-3-3,3,esm2,-18.2347573752953,-32.4093714313705,23.3113450967328,standard,30-50 cm,18.2-32.4 cm
UnivOfMinnesota,min,BAU,CON-3,CON-3-4,4,esm1,-32.3,-50.1,16.1561263186678,standard,50-75 cm,32.3-50.1 cm
UnivOfMinnesota,min,BAU,CON-3,CON-3-4,4,esm2,-32.4093714313705,-50.7135036471891,15.969723089512,standard,50-75 cm,32.4-50.7 cm
UnivOfMinnesota,min,BAU,CON-3,CON-3-5,5,esm1,-50.1,-67.8,13.5293055377584,standard,75-100 cm,50.1-67.8 cm
UnivOfMinnesota,min,BAU,CON-3,CON-3-5,5,esm2,-50.7135036471891,-68.152641127714,14.0637470293375,standard,75-100 cm,50.7-68.2 cm
UnivOfMinnesota,min,BAU,CON-4,CON-4-1,1,esm1,0,-6.7,20.8110692939849,standard,0-10 cm,0-6.7 cm
UnivOfMinnesota,min,BAU,CON-4,CON-4-1,1,esm2,0,-6.8711868259003,21.1660866033713,standard,0-10 cm,0-6.9 cm
UnivOfMinnesota,min,BAU,CON-4,CON-4-2,2,esm1,-6.7,-18.2,41.299245923409,standard,10-30 cm,6.7-18.2 cm
UnivOfMinnesota,min,BAU,CON-4,CON-4-2,2,esm2,-6.8711868259003,-18.5407359082135,43.01512992115,standard,10-30 cm,6.9-18.5 cm
UnivOfMinnesota,min,BAU,CON-4,CON-4-3,3,esm1,-18.2,-31.3,34.6031806864462,standard,30-50 cm,18.2-31.3 cm
UnivOfMinnesota,min,BAU,CON-4,CON-4-3,3,esm2,-18.5407359082135,-31.2456080941186,38.9808667925076,standard,30-50 cm,18.5-31.2 cm
UnivOfMinnesota,min,BAU,CON-4,CON-4-4,4,esm1,-31.3,-49,24.4479786556392,standard,50-75 cm,31.3-49 cm
UnivOfMinnesota,min,BAU,CON-4,CON-4-4,4,esm2,-31.2456080941186,-49.3223551248366,17.7220611012128,standard,50-75 cm,31.2-49.3 cm
UnivOfMinnesota,min,BAU,CON-4,CON-4-5,5,esm1,-49,-65.8,8.7416796378912,standard,75-100 cm,49-65.8 cm
UnivOfMinnesota,min,BAU,CON-4,CON-4-5,5,esm2,-49.3223551248366,-68.1872457110071,3.87311259701188,standard,75-100 cm,49.3-68.2 cm
UnivOfMinnesota,min,BAU,CON-5,CON-5-1,1,esm1,0,-6.9,21.1649256187986,standard,0-10 cm,0-6.9 cm
UnivOfMinnesota,min,BAU,CON-5,CON-5-1,1,esm2,0,-6.99113296025788,21.2597052534272,standard,0-10 cm,0-7 cm
UnivOfMinnesota,min,BAU,CON-5,CON-5-2,2,esm1,-6.9,-18,41.4694016501823,standard,10-30 cm,6.9-18 cm
UnivOfMinnesota,min,BAU,CON-5,CON-5-2,2,esm2,-6.99113296025788,-18.4539406168622,43.5625874314296,standard,10-30 cm,7-18.5 cm
UnivOfMinnesota,min,BAU,CON-5,CON-5-3,3,esm1,-18,-31.4,27.9983351320347,standard,30-50 cm,18-31.4 cm
UnivOfMinnesota,min,BAU,CON-5,CON-5-3,3,esm2,-18.4539406168622,-30.7505814684796,33.9687626894364,standard,30-50 cm,18.5-30.8 cm
UnivOfMinnesota,min,BAU,CON-5,CON-5-4,4,esm1,-31.4,-50.9,25.2994490564477,standard,50-75 cm,31.4-50.9 cm
UnivOfMinnesota,min,BAU,CON-5,CON-5-4,4,esm2,-30.7505814684796,-50.9934157605233,18.5853124954056,standard,50-75 cm,30.8-51 cm
UnivOfMinnesota,min,BAU,CON-5,CON-5-5,5,esm1,-50.9,-68.8,15.2014144214634,standard,75-100 cm,50.9-68.8 cm
UnivOfMinnesota,min,BAU,CON-5,CON-5-5,5,esm2,-50.9934157605233,-69.6460301757418,14.3547830609611,standard,75-100 cm,51-69.6 cm
UnivOfMinnesota,min,BAU,CON-6,CON-6-1,1,esm1,0,-5.7,21.2622126220024,standard,0-10 cm,0-5.7 cm
UnivOfMinnesota,min,BAU,CON-6,CON-6-1,1,esm2,0,-5.7702154010174604,21.5820855626138,standard,0-10 cm,0-5.8 cm
UnivOfMinnesota,min,BAU,CON-6,CON-6-2,2,esm1,-5.7,-18.7,41.7473395793095,standard,10-30 cm,5.7-18.7 cm
UnivOfMinnesota,min,BAU,CON-6,CON-6-2,2,esm2,-5.7702154010174604,-18.862752957743,43.9019552995234,standard,10-30 cm,5.8-18.9 cm
UnivOfMinnesota,min,BAU,CON-6,CON-6-3,3,esm1,-18.7,-32.3,30.3733001749182,standard,30-50 cm,18.7-32.3 cm
UnivOfMinnesota,min,BAU,CON-6,CON-6-3,3,esm2,-18.862752957743,-33.1927532636524,32.6962702502911,standard,30-50 cm,18.9-33.2 cm
UnivOfMinnesota,min,BAU,CON-6,CON-6-4,4,esm1,-32.3,-48.1,19.654042032609,standard,50-75 cm,32.3-48.1 cm
UnivOfMinnesota,min,BAU,CON-6,CON-6-4,4,esm2,-33.1927532636524,-48.161975117478,16.523049549361,standard,50-75 cm,33.2-48.2 cm
UnivOfMinnesota,min,BAU,CON-6,CON-6-5,5,esm1,-48.1,-64.2,10.016568311836,standard,75-100 cm,48.1-64.2 cm
UnivOfMinnesota,min,BAU,CON-6,CON-6-5,5,esm2,-48.161975117478,-64.6778899518573,11.0589769047951,standard,75-100 cm,48.2-64.7 cm
UnivOfMinnesota,min,BAU,CON-7,CON-7-1,1,esm1,0,-6.4,17.4561483146548,standard,0-10 cm,0-6.4 cm
UnivOfMinnesota,min,BAU,CON-7,CON-7-1,1,esm2,0,-6.63025005865289,17.5740766484838,standard,0-10 cm,0-6.6 cm
UnivOfMinnesota,min,BAU,CON-7,CON-7-2,2,esm1,-6.4,-17.5,42.1282592628443,standard,10-30 cm,6.4-17.5 cm
UnivOfMinnesota,min,BAU,CON-7,CON-7-2,2,esm2,-6.63025005865289,-17.5310486317145,43.8224797671224,standard,10-30 cm,6.6-17.5 cm
UnivOfMinnesota,min,BAU,CON-7,CON-7-3,3,esm1,-17.5,-31.2,24.0565915923433,standard,30-50 cm,17.5-31.2 cm
UnivOfMinnesota,min,BAU,CON-7,CON-7-3,3,esm2,-17.5310486317145,-31.1689456154709,23.9071026420673,standard,30-50 cm,17.5-31.2 cm
UnivOfMinnesota,min,BAU,CON-7,CON-7-4,4,esm1,-31.2,-49.6,18.7121357024726,standard,50-75 cm,31.2-49.6 cm
UnivOfMinnesota,min,BAU,CON-7,CON-7-4,4,esm2,-31.1689456154709,-50.7550538955879,17.5206402654744,standard,50-75 cm,31.2-50.8 cm
UnivOfMinnesota,min,BAU,CON-7,CON-7-5,5,esm1,-49.6,-69.5,19.259882650418,standard,75-100 cm,49.6-69.5 cm
UnivOfMinnesota,min,BAU,CON-7,CON-7-5,5,esm2,-50.7550538955879,-69.6751844659344,19.0334192864503,standard,75-100 cm,50.8-69.7 cm
UnivOfMinnesota,min,BAU,CON-8,CON-8-1,1,esm1,0,-6.3,17.9243087070665,standard,0-10 cm,0-6.3 cm
UnivOfMinnesota,min,BAU,CON-8,CON-8-1,1,esm2,0,-6.51374278279879,18.4102142444305,standard,0-10 cm,0-6.5 cm
UnivOfMinnesota,min,BAU,CON-8,CON-8-2,2,esm1,-6.3,-18.6,34.8949272517832,standard,10-30 cm,6.3-18.6 cm
UnivOfMinnesota,min,BAU,CON-8,CON-8-2,2,esm2,-6.51374278279879,-18.6389872337757,35.8840293942659,standard,10-30 cm,6.5-18.6 cm
UnivOfMinnesota,min,BAU,CON-8,CON-8-3,3,esm1,-18.6,-31.5,24.5682545192978,standard,30-50 cm,18.6-31.5 cm
UnivOfMinnesota,min,BAU,CON-8,CON-8-3,3,esm2,-18.6389872337757,-32.2753162101846,25.9039765888494,standard,30-50 cm,18.6-32.3 cm
UnivOfMinnesota,min,BAU,CON-8,CON-8-4,4,esm1,-31.5,-47.4,20.5198663146994,standard,50-75 cm,31.5-47.4 cm
UnivOfMinnesota,min,BAU,CON-8,CON-8-4,4,esm2,-32.2753162101846,-47.349310580868,19.7167718495813,standard,50-75 cm,32.3-47.3 cm
UnivOfMinnesota,min,BAU,CON-8,CON-8-5,5,esm1,-47.4,-63.9,15.3168010186899,standard,75-100 cm,47.4-63.9 cm
UnivOfMinnesota,min,BAU,CON-8,CON-8-5,5,esm2,-47.349310580868,-63.9084071582179,13.6317631924239,standard,75-100 cm,47.3-63.9 cm
UnivOfMinnesota,min,BAU,CON-9,CON-9-1,1,esm1,0,-4.8,21.1510881071597,standard,0-10 cm,0-4.8 cm
UnivOfMinnesota,min,BAU,CON-9,CON-9-1,1,esm2,0,-4.8223963704193,21.3016326116899,standard,0-10 cm,0-4.8 cm
UnivOfMinnesota,min,BAU,CON-9,CON-9-2,2,esm1,-4.8,-16.6,45.6299785177231,standard,10-30 cm,4.8-16.6 cm
UnivOfMinnesota,min,BAU,CON-9,CON-9-2,2,esm2,-4.8223963704193,-16.691316773883,46.118721108555,standard,10-30 cm,4.8-16.7 cm
UnivOfMinnesota,min,BAU,CON-9,CON-9-3,3,esm1,-16.6,-30.4,44.812953255478,standard,30-50 cm,16.6-30.4 cm
UnivOfMinnesota,min,BAU,CON-9,CON-9-3,3,esm2,-16.691316773883,-30.5655829548149,46.0060587147223,standard,30-50 cm,16.7-30.6 cm
UnivOfMinnesota,min,BAU,CON-9,CON-9-4,4,esm1,-30.4,-47.4,26.0671478692417,standard,50-75 cm,30.4-47.4 cm
UnivOfMinnesota,min,BAU,CON-9,CON-9-4,4,esm2,-30.5655829548149,-47.6232588064226,24.1911610121428,standard,50-75 cm,30.6-47.6 cm
UnivOfMinnesota,min,BAU,CON-9,CON-9-5,5,esm1,-47.4,-63.4,19.0885395565059,standard,75-100 cm,47.4-63.4 cm
UnivOfMinnesota,min,BAU,CON-9,CON-9-5,5,esm2,-47.6232588064226,-63.4172830803818,19.3744538227473,standard,75-100 cm,47.6-63.4 cm
UnivOfMinnesota,min,Ref,REF-1,REF-1-1,1,esm1,0,-8,38.0913348464251,standard,0-10 cm,0-8 cm
UnivOfMinnesota,min,Ref,REF-1,REF-1-1,1,esm2,0,-8.09454577914598,38.5165609994818,standard,0-10 cm,0-8.1 cm
UnivOfMinnesota,min,Ref,REF-1,REF-1-2,2,esm1,-8,-23.9,69.7841969798943,standard,10-30 cm,8-23.9 cm
UnivOfMinnesota,min,Ref,REF-1,REF-1-2,2,esm2,-8.09454577914598,-23.9811808284996,69.7116834517439,standard,10-30 cm,8.1-24 cm
UnivOfMinnesota,min,Ref,REF-1,REF-1-3,3,esm1,-23.9,-43.9,79.1878046012079,standard,30-50 cm,23.9-43.9 cm
UnivOfMinnesota,min,Ref,REF-1,REF-1-3,3,esm2,-23.9811808284996,-44.0426837624197,80.1138192603606,standard,30-50 cm,24-44 cm
UnivOfMinnesota,min,Ref,REF-1,REF-1-4,4,esm1,-43.9,-70.1,92.5928682721258,standard,50-75 cm,43.9-70.1 cm
UnivOfMinnesota,min,Ref,REF-1,REF-1-4,4,esm2,-44.0426837624197,-70.1638229506112,91.5730646785165,standard,50-75 cm,44-70.2 cm
UnivOfMinnesota,min,Ref,REF-1,REF-1-5,5,esm1,-70.1,-92.8,50.3891612118567,standard,75-100 cm,70.1-92.8 cm
UnivOfMinnesota,min,Ref,REF-1,REF-1-5,5,esm2,-70.1638229506112,-92.9486931531123,50.9305433600819,standard,75-100 cm,70.2-92.9 cm
UnivOfMinnesota,min,Ref,REF-2,REF-2-1,1,esm1,0,-8.8,36.0582763417493,standard,0-10 cm,0-8.8 cm
UnivOfMinnesota,min,Ref,REF-2,REF-2-1,1,esm2,0,-8.99848185688017,36.6943896650584,standard,0-10 cm,0-9 cm
UnivOfMinnesota,min,Ref,REF-2,REF-2-2,2,esm1,-8.8,-26.4,75.5803581680447,standard,10-30 cm,8.8-26.4 cm
UnivOfMinnesota,min,Ref,REF-2,REF-2-2,2,esm2,-8.99848185688017,-26.5302701456629,75.2419530435368,standard,10-30 cm,9-26.5 cm
UnivOfMinnesota,min,Ref,REF-2,REF-2-3,3,esm1,-26.4,-43,77.1467666356086,standard,30-50 cm,26.4-43 cm
UnivOfMinnesota,min,Ref,REF-2,REF-2-3,3,esm2,-26.5302701456629,-45.4875840518234,84.4390498342062,standard,30-50 cm,26.5-45.5 cm
UnivOfMinnesota,min,Ref,REF-2,REF-2-4,4,esm1,-43,-65.2,96.3165891526553,standard,50-75 cm,43-65.2 cm
UnivOfMinnesota,min,Ref,REF-2,REF-2-4,4,esm2,-45.4875840518234,-65.4213714435209,96.397305065559,standard,50-75 cm,45.5-65.4 cm
UnivOfMinnesota,min,Ref,REF-2,REF-2-5,5,esm1,-65.2,-84.5,48.3469410288031,standard,75-100 cm,65.2-84.5 cm
UnivOfMinnesota,min,Ref,REF-2,REF-2-5,5,esm2,-65.4213714435209,-84.3638781709191,63.5121477228346,standard,75-100 cm,65.4-84.4 cm
UnivOfMinnesota,min,Ref,REF-3,REF-3-1,1,esm1,0,-7.9,37.2128585034816,standard,0-10 cm,0-7.9 cm
UnivOfMinnesota,min,Ref,REF-3,REF-3-1,1,esm2,0,-7.85935845654183,37.5666292196246,standard,0-10 cm,0-7.9 cm
UnivOfMinnesota,min,Ref,REF-3,REF-3-2,2,esm1,-7.9,-27.9,65.4366389559378,standard,10-30 cm,7.9-27.9 cm
UnivOfMinnesota,min,Ref,REF-3,REF-3-2,2,esm2,-7.85935845654183,-28.5257217488276,65.1388911831294,standard,10-30 cm,7.9-28.5 cm
UnivOfMinnesota,min,Ref,REF-3,REF-3-3,3,esm1,-27.9,-47.9,74.9037754105186,standard,30-50 cm,27.9-47.9 cm
UnivOfMinnesota,min,Ref,REF-3,REF-3-3,3,esm2,-28.5257217488276,-48.9243196270473,79.6920371221632,standard,30-50 cm,28.5-48.9 cm
UnivOfMinnesota,min,Ref,REF-3,REF-3-4,4,esm1,-47.9,-71.6,77.8354062793408,standard,50-75 cm,47.9-71.6 cm
UnivOfMinnesota,min,Ref,REF-3,REF-3-4,4,esm2,-48.9243196270473,-71.8685502704548,78.5568713651193,standard,50-75 cm,48.9-71.9 cm
UnivOfMinnesota,min,Ref,REF-3,REF-3-5,5,esm1,-71.6,-94.1,37.3583276695949,standard,75-100 cm,71.6-94.1 cm
UnivOfMinnesota,min,Ref,REF-3,REF-3-5,5,esm2,-71.8685502704548,-94.1813341099044,32.5948919948825,standard,75-100 cm,71.9-94.2 cm
UnivOfMinnesota,min,Ref,REF-4,REF-4-1,1,esm1,0,-8.4,39.8549403592387,standard,0-10 cm,0-8.4 cm
UnivOfMinnesota,min,Ref,REF-4,REF-4-1,1,esm2,0,-8.4915401277023,40.4626594951931,standard,0-10 cm,0-8.5 cm
UnivOfMinnesota,min,Ref,REF-4,REF-4-2,2,esm1,-8.4,-27.3,73.3184309429511,standard,10-30 cm,8.4-27.3 cm
UnivOfMinnesota,min,Ref,REF-4,REF-4-2,2,esm2,-8.4915401277023,-27.3398012992293,73.5031460637317,standard,10-30 cm,8.5-27.3 cm
UnivOfMinnesota,min,Ref,REF-4,REF-4-3,3,esm1,-27.3,-47.5,65.4919106345213,standard,30-50 cm,27.3-47.5 cm
UnivOfMinnesota,min,Ref,REF-4,REF-4-3,3,esm2,-27.3398012992293,-47.8536635845002,66.5784945798813,standard,30-50 cm,27.3-47.9 cm
UnivOfMinnesota,min,Ref,REF-4,REF-4-4,4,esm1,-47.5,-72.4,60.7204877940009,standard,50-75 cm,47.5-72.4 cm
UnivOfMinnesota,min,Ref,REF-4,REF-4-4,4,esm2,-47.8536635845002,-72.5435294760072,61.1624291670061,standard,50-75 cm,47.9-72.5 cm
UnivOfMinnesota,min,Ref,REF-4,REF-4-5,5,esm1,-72.4,-97.4,12.3551386621017,standard,75-100 cm,72.4-97.4 cm
UnivOfMinnesota,min,Ref,REF-4,REF-4-5,5,esm2,-72.5435294760072,-97.2487338317236,21.4176540619093,standard,75-100 cm,72.5-97.2 cm
UnivOfMinnesota,min,Ref,REF-5,REF-5-1,1,esm1,0,-8,41.36008140155,standard,0-10 cm,0-8 cm
UnivOfMinnesota,min,Ref,REF-5,REF-5-1,1,esm2,0,-8.11038903228614,42.2994413139218,standard,0-10 cm,0-8.1 cm
UnivOfMinnesota,min,Ref,REF-5,REF-5-2,2,esm1,-8,-25.5,67.912379977756,standard,10-30 cm,8-25.5 cm
UnivOfMinnesota,min,Ref,REF-5,REF-5-2,2,esm2,-8.11038903228614,-25.2006649946905,69.8954168548182,standard,10-30 cm,8.1-25.2 cm
UnivOfMinnesota,min,Ref,REF-5,REF-5-3,3,esm1,-25.5,-46,72.8974329418394,standard,30-50 cm,25.5-46 cm
UnivOfMinnesota,min,Ref,REF-5,REF-5-3,3,esm2,-25.2006649946905,-46.8583528122126,75.1462718714952,standard,30-50 cm,25.2-46.9 cm
UnivOfMinnesota,min,Ref,REF-5,REF-5-4,4,esm1,-46,-69.3,62.4076010272586,standard,50-75 cm,46-69.3 cm
UnivOfMinnesota,min,Ref,REF-5,REF-5-4,4,esm2,-46.8583528122126,-70.5163821913283,65.4940754643341,standard,50-75 cm,46.9-70.5 cm
UnivOfMinnesota,min,Ref,REF-5,REF-5-5,5,esm1,-69.3,-93.5,32.5072685171214,standard,75-100 cm,69.3-93.5 cm
UnivOfMinnesota,min,Ref,REF-5,REF-5-5,5,esm2,-70.5163821913283,-92.1062675434848,35.0933977254675,standard,75-100 cm,70.5-92.1 cm
UnivOfMinnesota,min,Ref,REF-6,REF-6-1,1,esm1,0,-8.1,44.7960390636034,standard,0-10 cm,0-8.1 cm
UnivOfMinnesota,min,Ref,REF-6,REF-6-1,1,esm2,0,-8.17463953397471,45.6921210421366,standard,0-10 cm,0-8.2 cm
UnivOfMinnesota,min,Ref,REF-6,REF-6-2,2,esm1,-8.1,-24.5,71.6847097576273,standard,10-30 cm,8.1-24.5 cm
UnivOfMinnesota,min,Ref,REF-6,REF-6-2,2,esm2,-8.17463953397471,-24.5941316543895,74.43906404193,standard,10-30 cm,8.2-24.6 cm
UnivOfMinnesota,min,Ref,REF-6,REF-6-3,3,esm1,-24.5,-44.4,86.5519031468564,standard,30-50 cm,24.5-44.4 cm
UnivOfMinnesota,min,Ref,REF-6,REF-6-3,3,esm2,-24.5941316543895,-44.5120305200388,87.4555026039322,standard,30-50 cm,24.6-44.5 cm
UnivOfMinnesota,min,Ref,REF-6,REF-6-4,4,esm1,-44.4,-69.9,63.9439692022311,standard,50-75 cm,44.4-69.9 cm
UnivOfMinnesota,min,Ref,REF-6,REF-6-4,4,esm2,-44.5120305200388,-70.2179087419723,61.0240617399845,standard,50-75 cm,44.5-70.2 cm
UnivOfMinnesota,min,Ref,REF-6,REF-6-5,5,esm1,-69.9,-90.2,28.1563411194582,standard,75-100 cm,69.9-90.2 cm
UnivOfMinnesota,min,Ref,REF-6,REF-6-5,5,esm2,-70.2179087419723,-90.0160101308513,29.3361661738197,standard,75-100 cm,70.2-90 cm
UnivOfMinnesota,min,Ref,REF-7,REF-7-1,1,esm1,0,-10,37.201153331219,standard,0-10 cm,0-10 cm
UnivOfMinnesota,min,Ref,REF-7,REF-7-1,1,esm2,0,-10,37.201153331219,standard,0-10 cm,0-10 cm
UnivOfMinnesota,min,Ref,REF-7,REF-7-2,2,esm1,-10,-30,63.2345138274644,standard,10-30 cm,10-30 cm
UnivOfMinnesota,min,Ref,REF-7,REF-7-2,2,esm2,-10,-30.2098452901016,64.2068328513325,standard,10-30 cm,10-30.2 cm
UnivOfMinnesota,min,Ref,REF-7,REF-7-3,3,esm1,-30,-48.3,68.6147275162155,standard,30-50 cm,30-48.3 cm
UnivOfMinnesota,min,Ref,REF-7,REF-7-3,3,esm2,-30.2098452901016,-49.7915045004937,69.5522840138618,standard,30-50 cm,30.2-49.8 cm
UnivOfMinnesota,min,Ref,REF-7,REF-7-4,4,esm1,-48.3,-70,86.3465412891225,standard,50-75 cm,48.3-70 cm
UnivOfMinnesota,min,Ref,REF-7,REF-7-4,4,esm2,-49.7915045004937,-70.2084187073774,92.8419391738835,standard,50-75 cm,49.8-70.2 cm
UnivOfMinnesota,min,Ref,REF-7,REF-7-5,5,esm1,-70,-88.6,44.5119056473671,standard,75-100 cm,70-88.6 cm
UnivOfMinnesota,min,Ref,REF-7,REF-7-5,5,esm2,-70.2084187073774,-90.8362204818382,43.2270866400145,standard,75-100 cm,70.2-90.8 cm
UnivOfMinnesota,min,Ref,REF-8,REF-8-1,1,esm1,0,-8.9,41.2905138990267,standard,0-10 cm,0-8.9 cm
UnivOfMinnesota,min,Ref,REF-8,REF-8-1,1,esm2,0,-9.01333173368229,41.7505676959979,standard,0-10 cm,0-9 cm
UnivOfMinnesota,min,Ref,REF-8,REF-8-2,2,esm1,-8.9,-25,70.9205147299847,standard,10-30 cm,8.9-25 cm
UnivOfMinnesota,min,Ref,REF-8,REF-8-2,2,esm2,-9.01333173368229,-25.1313064469478,74.1826662680262,standard,10-30 cm,9-25.1 cm
UnivOfMinnesota,min,Ref,REF-8,REF-8-3,3,esm1,-25,-43.5,69.7321877145252,standard,30-50 cm,25-43.5 cm
UnivOfMinnesota,min,Ref,REF-8,REF-8-3,3,esm2,-25.1313064469478,-43.7903641282548,68.8409512079826,standard,30-50 cm,25.1-43.8 cm
UnivOfMinnesota,min,Ref,REF-8,REF-8-4,4,esm1,-43.5,-66.7,66.4855552626339,standard,50-75 cm,43.5-66.7 cm
UnivOfMinnesota,min,Ref,REF-8,REF-8-4,4,esm2,-43.7903641282548,-66.9568075007047,65.8213825149199,standard,50-75 cm,43.8-67 cm
UnivOfMinnesota,min,Ref,REF-8,REF-8-5,5,esm1,-66.7,-88,29.1664625269001,standard,75-100 cm,66.7-88 cm
UnivOfMinnesota,min,Ref,REF-8,REF-8-5,5,esm2,-66.9568075007047,-89.0099246071766,39.9614006184862,standard,75-100 cm,67-89 cm
UnivOfMinnesota,min,Ref,REF-9,REF-9-1,1,esm1,0,-9.1,40.3401719801378,standard,0-10 cm,0-9.1 cm
UnivOfMinnesota,min,Ref,REF-9,REF-9-1,1,esm2,0,-9.27772285509785,41.2151659973355,standard,0-10 cm,0-9.3 cm
UnivOfMinnesota,min,Ref,REF-9,REF-9-2,2,esm1,-9.1,-26.3,62.8862470420714,standard,10-30 cm,9.1-26.3 cm
UnivOfMinnesota,min,Ref,REF-9,REF-9-2,2,esm2,-9.27772285509785,-26.4755277809023,62.4185219938106,standard,10-30 cm,9.3-26.5 cm
UnivOfMinnesota,min,Ref,REF-9,REF-9-3,3,esm1,-26.3,-46,68.6413093385482,standard,30-50 cm,26.3-46 cm
UnivOfMinnesota,min,Ref,REF-9,REF-9-3,3,esm2,-26.4755277809023,-46.4987332963869,71.6239435665522,standard,30-50 cm,26.5-46.5 cm
UnivOfMinnesota,min,Ref,REF-9,REF-9-4,4,esm1,-46,-70.2,56.472868927692,standard,50-75 cm,46-70.2 cm
UnivOfMinnesota,min,Ref,REF-9,REF-9-4,4,esm2,-46.4987332963869,-70.3387779622177,53.8769171654686,standard,50-75 cm,46.5-70.3 cm
UnivOfMinnesota,min,Ref,REF-9,REF-9-5,5,esm1,-70.2,-89.4,11.8875141064261,standard,75-100 cm,70.2-89.4 cm
UnivOfMinnesota,min,Ref,REF-9,REF-9-5,5,esm2,-70.3387779622177,-91.9860852851547,13.5164824915645,standard,75-100 cm,70.3-92 cm
UTRGV,max,Ref,AR2-1,AR2-1-1,1,esm1,0,-12.7,21.2458436508719,standard,0-10 cm,0-12.7 cm
UTRGV,max,Ref,AR2-1,AR2-1-1,1,esm2,0,-12.5334887107215,22.1486314670963,standard,0-10 cm,0-12.5 cm
UTRGV,fd,Ref,AR2-1,AR2-1-1,1,fd,0,-10,18.65188951275,standard,0-10 cm,0-10 cm
UTRGV,max,Ref,AR2-1,AR2-1-2,2,esm1,-12.7,-45.7,37.3209709590781,standard,10-30 cm,12.7-45.7 cm
UTRGV,max,Ref,AR2-1,AR2-1-2,2,esm2,-12.5334887107215,-45.6061457903496,36.352600952744,standard,10-30 cm,12.5-45.6 cm
UTRGV,fd,Ref,AR2-1,AR2-1-2,2,fd,-10,-30,19.214475097199998,standard,10-30 cm,10-30 cm
UTRGV,max,Ref,AR2-1,AR2-1-3,3,esm1,-45.7,-66.4,19.2159499999999,standard,30-50 cm,45.7-66.4 cm
UTRGV,max,Ref,AR2-1,AR2-1-3,3,esm2,-45.6061457903496,-66.3957057844687,21.6025348894409,standard,30-50 cm,45.6-66.4 cm
UTRGV,fd,Ref,AR2-1,AR2-1-3,3,fd,-30,-50,26.37,standard,30-50 cm,30-50 cm
UTRGV,max,Ref,AR2-1,AR2-1-4,4,esm1,-66.4,-91.3,17.4695049999993,standard,50-75 cm,66.4-91.3 cm
UTRGV,max,Ref,AR2-1,AR2-1-4,4,esm2,-66.3957057844687,-91.4113206335113,15.3247077919785,standard,50-75 cm,66.4-91.4 cm
UTRGV,fd,Ref,AR2-1,AR2-1-4,4,fd,-50,-75,20.65,standard,50-75 cm,50-75 cm
UTRGV,max,Ref,AR2-1,AR2-1-5,5,esm1,-91.3,-116.2,13.7410649999986,standard,75-100 cm,91.3-116.2 cm
UTRGV,max,Ref,AR2-1,AR2-1-5,5,esm2,-91.4113206335113,-115.559705883867,13.279011411261,standard,75-100 cm,91.4-115.6 cm
UTRGV,fd,Ref,AR2-1,AR2-1-5,5,fd,-75,-100,15.167000000000002,standard,75-100 cm,75-100 cm
UTRGV,max,Ref,AR2-2,AR2-2-1,1,esm1,0,-10,29.4489525325499,standard,0-10 cm,0-10 cm
UTRGV,max,Ref,AR2-2,AR2-2-1,1,esm2,0,-10,29.44895253255,standard,0-10 cm,0-10 cm
UTRGV,fd,Ref,AR2-2,AR2-2-1,1,fd,0,-10,29.44895253255,standard,0-10 cm,0-10 cm
UTRGV,max,Ref,AR2-2,AR2-2-2,2,esm1,-10,-44.8,60.614648732,standard,10-30 cm,10-44.8 cm
UTRGV,max,Ref,AR2-2,AR2-2-2,2,esm2,-10,-44.9356258745958,61.8716364524151,standard,10-30 cm,10-44.9 cm
UTRGV,fd,Ref,AR2-2,AR2-2-2,2,fd,-10,-30,41.751308732,standard,10-30 cm,10-30 cm
UTRGV,max,Ref,AR2-2,AR2-2-3,3,esm1,-44.8,-65.5,22.2516600000009,standard,30-50 cm,44.8-65.5 cm
UTRGV,max,Ref,AR2-2,AR2-2-3,3,esm2,-44.9356258745958,-65.372102465045,21.0825738253022,standard,30-50 cm,44.9-65.4 cm
UTRGV,fd,Ref,AR2-2,AR2-2-3,3,fd,-30,-50,25.490999999999996,standard,30-50 cm,30-50 cm
UTRGV,max,Ref,AR2-2,AR2-2-4,4,esm1,-65.5,-90.4,24.9172000000015,standard,50-75 cm,65.5-90.4 cm
UTRGV,max,Ref,AR2-2,AR2-2-4,4,esm2,-65.372102465045,-90.5850434459215,24.892739668188,standard,50-75 cm,65.4-90.6 cm
UTRGV,fd,Ref,AR2-2,AR2-2-4,4,fd,-50,-75,25.2,standard,50-75 cm,50-75 cm
UTRGV,max,Ref,AR2-2,AR2-2-5,5,esm1,-90.4,-115.4,24.7625000000014,standard,75-100 cm,90.4-115.4 cm
UTRGV,max,Ref,AR2-2,AR2-2-5,5,esm2,-90.5850434459215,-114.514645097946,25.3933870094295,standard,75-100 cm,90.6-114.5 cm
UTRGV,fd,Ref,AR2-2,AR2-2-5,5,fd,-75,-100,24.849999999999998,standard,75-100 cm,75-100 cm
UTRGV,max,Ref,AR2-3,AR2-3-1,1,esm1,0,-11.2,53.3268925786321,standard,0-10 cm,0-11.2 cm
UTRGV,max,Ref,AR2-3,AR2-3-1,1,esm2,0,-11.6294604490316,56.0564528520925,standard,0-10 cm,0-11.6 cm
UTRGV,fd,Ref,AR2-3,AR2-3-1,1,fd,0,-10,50.508201981,standard,0-10 cm,0-10 cm
UTRGV,max,Ref,AR2-3,AR2-3-2,2,esm1,-11.2,-32.2,45.5453760295687,standard,10-30 cm,11.2-32.2 cm
UTRGV,max,Ref,AR2-3,AR2-3-2,2,esm2,-11.6294604490316,-31.8058564581781,42.6349662070421,standard,10-30 cm,11.6-31.8 cm
UTRGV,fd,Ref,AR2-3,AR2-3-2,2,fd,-10,-30,46.9781766272,standard,10-30 cm,10-30 cm
UTRGV,max,Ref,AR2-3,AR2-3-3,3,esm1,-32.2,-52.3,14.1111100000003,standard,30-50 cm,32.2-52.3 cm
UTRGV,max,Ref,AR2-3,AR2-3-3,3,esm2,-31.8058564581781,-52.39463692579,13.5583918528188,standard,30-50 cm,31.8-52.4 cm
UTRGV,fd,Ref,AR2-3,AR2-3-3,3,fd,-30,-50,12.598999999999998,standard,30-50 cm,30-50 cm
UTRGV,max,Ref,AR2-3,AR2-3-4,4,esm1,-52.3,-77.3,31.5000000000012,standard,50-75 cm,52.3-77.3 cm
UTRGV,max,Ref,AR2-3,AR2-3-4,4,esm2,-52.39463692579,-77.3532274509626,32.0588319593054,standard,50-75 cm,52.4-77.4 cm
UTRGV,fd,Ref,AR2-3,AR2-3-4,4,fd,-50,-75,31.5,standard,50-75 cm,50-75 cm
UTRGV,max,Ref,AR2-3,AR2-3-5,5,esm1,-77.3,-102.2,26.3334900000008,standard,75-100 cm,77.3-102.2 cm
UTRGV,max,Ref,AR2-3,AR2-3-5,5,esm2,-77.3532274509626,-102.279557660386,25.566583253573,standard,75-100 cm,77.4-102.3 cm
UTRGV,fd,Ref,AR2-3,AR2-3-5,5,fd,-75,-100,26.959,standard,75-100 cm,75-100 cm
UTRGV,max,Ref,AR3-1,AR3-1-1,1,esm1,0,-19.6,72.201727398394,standard,0-10 cm,0-19.6 cm
UTRGV,max,Ref,AR3-1,AR3-1-1,1,esm2,0,-19.5512011897296,68.5729906088877,standard,0-10 cm,0-19.6 cm
UTRGV,fd,Ref,AR3-1,AR3-1-1,1,fd,0,-10,28.175261981050003,standard,0-10 cm,0-10 cm
UTRGV,max,Ref,AR3-1,AR3-1-2,2,esm1,-19.6,-56.2,127.498137535454,standard,10-30 cm,19.6-56.2 cm
UTRGV,max,Ref,AR3-1,AR3-1-2,2,esm2,-19.5512011897296,-55.9922957518197,133.864497080258,standard,10-30 cm,19.6-56 cm
UTRGV,fd,Ref,AR3-1,AR3-1-2,2,fd,-10,-30,91.7218029528,standard,10-30 cm,10-30 cm
UTRGV,max,Ref,AR3-1,AR3-1-3,3,esm1,-56.2,-77.1,33.9415999999981,standard,30-50 cm,56.2-77.1 cm
UTRGV,max,Ref,AR3-1,AR3-1-3,3,esm2,-55.9922957518197,-77.0919396134018,32.0887859942701,standard,30-50 cm,56-77.1 cm
UTRGV,fd,Ref,AR3-1,AR3-1-3,3,fd,-30,-50,69.734,standard,30-50 cm,30-50 cm
UTRGV,max,Ref,AR3-1,AR3-1-4,4,esm1,-77.1,-101.9,39.1068349999973,standard,50-75 cm,77.1-101.9 cm
UTRGV,max,Ref,AR3-1,AR3-1-4,4,esm2,-77.0919396134018,-101.836527602761,39.1049360205323,standard,50-75 cm,77.1-101.8 cm
UTRGV,fd,Ref,AR3-1,AR3-1-4,4,fd,-50,-75,40.599999999999994,standard,50-75 cm,50-75 cm
UTRGV,max,Ref,AR3-1,AR3-1-5,5,esm1,-101.9,-126.8,39.1091849999972,standard,75-100 cm,101.9-126.8 cm
UTRGV,max,Ref,AR3-1,AR3-1-5,5,esm2,-101.836527602761,-124.427877811783,79.6072305603951,standard,75-100 cm,101.8-124.4 cm
UTRGV,fd,Ref,AR3-1,AR3-1-5,5,fd,-75,-100,39.533,standard,75-100 cm,75-100 cm
UTRGV,max,Ref,AR3-2,AR3-2-1,1,esm1,0,-14.6,55.4075745711701,standard,0-10 cm,0-14.6 cm
UTRGV,max,Ref,AR3-2,AR3-2-1,1,esm2,0,-15.3258034684928,56.9521461454467,standard,0-10 cm,0-15.3 cm
UTRGV,fd,Ref,AR3-2,AR3-2-1,1,fd,0,-10,44.60637802265,standard,0-10 cm,0-10 cm
UTRGV,max,Ref,AR3-2,AR3-2-2,2,esm1,-14.6,-47.6,62.7180475754811,standard,10-30 cm,14.6-47.6 cm
UTRGV,max,Ref,AR3-2,AR3-2-2,2,esm2,-15.3258034684928,-47.5632940075901,62.1605978629235,standard,10-30 cm,15.3-47.6 cm
UTRGV,fd,Ref,AR3-2,AR3-2-2,2,fd,-10,-30,46.96172412399999,standard,10-30 cm,10-30 cm
UTRGV,max,Ref,AR3-2,AR3-2-3,3,esm1,-47.6,-68.5,14.7584800000003,standard,30-50 cm,47.6-68.5 cm
UTRGV,max,Ref,AR3-2,AR3-2-3,3,esm2,-47.5632940075901,-68.5600082308763,15.2150620863937,standard,30-50 cm,47.6-68.6 cm
UTRGV,fd,Ref,AR3-2,AR3-2-3,3,fd,-30,-50,30.178999999999995,standard,30-50 cm,30-50 cm
UTRGV,max,Ref,AR3-2,AR3-2-4,4,esm1,-68.5,-93.3,18.5910900000002,standard,50-75 cm,68.5-93.3 cm
UTRGV,max,Ref,AR3-2,AR3-2-4,4,esm2,-68.5600082308763,-93.4174959855451,15.3630856953934,standard,50-75 cm,68.6-93.4 cm
UTRGV,fd,Ref,AR3-2,AR3-2-4,4,fd,-50,-75,15.049999999999999,standard,50-75 cm,50-75 cm
UTRGV,max,Ref,AR3-2,AR3-2-5,5,esm1,-93.3,-118.3,21.9324999999984,standard,75-100 cm,93.3-118.3 cm
UTRGV,max,Ref,AR3-2,AR3-2-5,5,esm2,-93.4174959855451,-117.680980355447,43.9008221808205,standard,75-100 cm,93.4-117.7 cm
UTRGV,fd,Ref,AR3-2,AR3-2-5,5,fd,-75,-100,20.556,standard,75-100 cm,75-100 cm
UTRGV,max,Ref,AR3-3,AR3-3-1,1,esm1,0,-17.8,99.9051348420218,standard,0-10 cm,0-17.8 cm
UTRGV,max,Ref,AR3-3,AR3-3-1,1,esm2,0,-17.4190643981112,98.1261483164997,standard,0-10 cm,0-17.4 cm
UTRGV,fd,Ref,AR3-3,AR3-3-1,1,fd,0,-10,73.69544399125,standard,0-10 cm,0-10 cm
UTRGV,max,Ref,AR3-3,AR3-3-2,2,esm1,-17.8,-54.6,87.150444664027,standard,10-30 cm,17.8-54.6 cm
UTRGV,max,Ref,AR3-3,AR3-3-2,2,esm2,-17.4190643981112,-54.447837325409,90.6181183308502,standard,10-30 cm,17.4-54.4 cm
UTRGV,fd,Ref,AR3-3,AR3-3-2,2,fd,-10,-30,67.20433551480001,standard,10-30 cm,10-30 cm
UTRGV,max,Ref,AR3-3,AR3-3-3,3,esm1,-54.6,-75.5,16.6782000000012,standard,30-50 cm,54.6-75.5 cm
UTRGV,max,Ref,AR3-3,AR3-3-3,3,esm2,-54.447837325409,-75.5089880464768,16.4722456597893,standard,30-50 cm,54.4-75.5 cm
UTRGV,fd,Ref,AR3-3,AR3-3-3,3,fd,-30,-50,42.48499999999999,standard,30-50 cm,30-50 cm
UTRGV,max,Ref,AR3-3,AR3-3-4,4,esm1,-75.5,-100.3,9.9103899999983,standard,50-75 cm,75.5-100.3 cm
UTRGV,max,Ref,AR3-3,AR3-3-4,4,esm2,-75.5089880464768,-100.364344501706,8.43622688720453,standard,50-75 cm,75.5-100.4 cm
UTRGV,fd,Ref,AR3-3,AR3-3-4,4,fd,-50,-75,19.95,standard,50-75 cm,50-75 cm
UTRGV,max,Ref,AR3-3,AR3-3-5,5,esm1,-100.3,-125.3,7.78249999999758,standard,75-100 cm,100.3-125.3 cm
UTRGV,max,Ref,AR3-3,AR3-3-5,5,esm2,-100.364344501706,-122.953886620192,11.4698355314536,standard,75-100 cm,100.4-123 cm
UTRGV,fd,Ref,AR3-3,AR3-3-5,5,fd,-75,-100,10.216,standard,75-100 cm,75-100 cm
UTRGV,max,BAU,AX1-1,AX1-1-1,1,esm1,0,-16.1,31.1839903699301,standard,0-10 cm,0-16.1 cm
UTRGV,max,BAU,AX1-1,AX1-1-1,1,esm2,0,-15.6774838029628,31.3310505407404,standard,0-10 cm,0-15.7 cm
UTRGV,fd,BAU,AX1-1,AX1-1-1,1,fd,0,-10,21.42036459825,standard,0-10 cm,0-10 cm
UTRGV,max,BAU,AX1-1,AX1-1-2,2,esm1,-16.1,-52.8,64.1612620043203,standard,10-30 cm,16.1-52.8 cm
UTRGV,max,BAU,AX1-1,AX1-1-2,2,esm2,-15.6774838029628,-52.7171579135355,64.6745274607187,standard,10-30 cm,15.7-52.7 cm
UTRGV,fd,BAU,AX1-1,AX1-1-2,2,fd,-10,-30,32.011887776,standard,10-30 cm,10-30 cm
UTRGV,max,BAU,AX1-1,AX1-1-3,3,esm1,-52.8,-73.7,30.7230000000012,standard,30-50 cm,52.8-73.7 cm
UTRGV,max,BAU,AX1-1,AX1-1-3,3,esm2,-52.7171579135355,-73.6686153954631,30.8381754175954,standard,30-50 cm,52.7-73.7 cm
UTRGV,fd,BAU,AX1-1,AX1-1-3,3,fd,-30,-50,37.797,standard,30-50 cm,30-50 cm
UTRGV,max,BAU,AX1-1,AX1-1-4,4,esm1,-73.7,-98.5,35.7002749999974,standard,50-75 cm,73.7-98.5 cm
UTRGV,max,BAU,AX1-1,AX1-1-4,4,esm2,-73.6686153954631,-98.6310007988731,34.9494342840094,standard,50-75 cm,73.7-98.6 cm
UTRGV,fd,BAU,AX1-1,AX1-1-4,4,fd,-50,-75,36.75,standard,50-75 cm,50-75 cm
UTRGV,max,BAU,AX1-1,AX1-1-5,5,esm1,-98.5,-123.5,35.728749999997,standard,75-100 cm,98.5-123.5 cm
UTRGV,max,BAU,AX1-1,AX1-1-5,5,esm2,-98.6310007988731,-121.501262865562,41.8067000499045,standard,75-100 cm,98.6-121.5 cm
UTRGV,fd,BAU,AX1-1,AX1-1-5,5,fd,-75,-100,35.933,standard,75-100 cm,75-100 cm
UTRGV,max,BAU,AX1-2,AX1-2-1,1,esm1,0,-13.1,43.7314870389,standard,0-10 cm,0-13.1 cm
UTRGV,max,BAU,AX1-2,AX1-2-1,1,esm2,0,-12.941963145485,43.9089507830236,standard,0-10 cm,0-12.9 cm
UTRGV,fd,BAU,AX1-2,AX1-2-1,1,fd,0,-10,32.5465215671,standard,0-10 cm,0-10 cm
UTRGV,max,BAU,AX1-2,AX1-2-2,2,esm1,-13.1,-42.6,91.8026320881997,standard,10-30 cm,13.1-42.6 cm
UTRGV,max,BAU,AX1-2,AX1-2-2,2,esm2,-12.941963145485,-42.3143176374579,92.2745558456956,standard,10-30 cm,12.9-42.3 cm
UTRGV,fd,BAU,AX1-2,AX1-2-2,2,fd,-10,-30,72.16106756,standard,10-30 cm,10-30 cm
UTRGV,max,BAU,AX1-2,AX1-2-3,3,esm1,-42.6,-63.2,46.9332699999999,standard,30-50 cm,42.6-63.2 cm
UTRGV,max,BAU,AX1-2,AX1-2-3,3,esm2,-42.3143176374579,-63.2982384519739,46.9807461206927,standard,30-50 cm,42.3-63.3 cm
UTRGV,fd,BAU,AX1-2,AX1-2-3,3,fd,-30,-50,48.931,standard,30-50 cm,30-50 cm
UTRGV,max,BAU,AX1-2,AX1-2-4,4,esm1,-63.2,-88.1,53.3103750000002,standard,50-75 cm,63.2-88.1 cm
UTRGV,max,BAU,AX1-2,AX1-2-4,4,esm2,-63.2982384519739,-88.2141679622379,53.0883893137777,standard,50-75 cm,63.3-88.2 cm
UTRGV,fd,BAU,AX1-2,AX1-2-4,4,fd,-50,-75,54.599999999999994,standard,50-75 cm,50-75 cm
UTRGV,max,BAU,AX1-2,AX1-2-5,5,esm1,-88.1,-113.1,51.2937499999993,standard,75-100 cm,88.1-113.1 cm
UTRGV,max,BAU,AX1-2,AX1-2-5,5,esm2,-88.2141679622379,-112.742646119425,49.3466687123309,standard,75-100 cm,88.2-112.7 cm
UTRGV,fd,BAU,AX1-2,AX1-2-5,5,fd,-75,-100,51.955000000000005,standard,75-100 cm,75-100 cm
UTRGV,max,BAU,AX1-3,AX1-3-1,1,esm1,0,-14.5,39.2511319645499,standard,0-10 cm,0-14.5 cm
UTRGV,max,BAU,AX1-3,AX1-3-1,1,esm2,0,-14.2287135503553,40.5296384649795,standard,0-10 cm,0-14.2 cm
UTRGV,fd,BAU,AX1-3,AX1-3-1,1,fd,0,-10,28.83293027955,standard,0-10 cm,0-10 cm
UTRGV,max,BAU,AX1-3,AX1-3-2,2,esm1,-14.5,-48,67.7926169150006,standard,10-30 cm,14.5-48 cm
UTRGV,max,BAU,AX1-3,AX1-3-2,2,esm2,-14.2287135503553,-48.0426423562404,65.688273860502,standard,10-30 cm,14.2-48 cm
UTRGV,fd,BAU,AX1-3,AX1-3-2,2,fd,-10,-30,46.3031186,standard,10-30 cm,10-30 cm
UTRGV,max,BAU,AX1-3,AX1-3-3,3,esm1,-48,-68.9,59.9051000000009,standard,30-50 cm,48-68.9 cm
UTRGV,max,BAU,AX1-3,AX1-3-3,3,esm2,-48.0426423562404,-68.8709212649727,60.036959854546,standard,30-50 cm,48-68.9 cm
UTRGV,fd,BAU,AX1-3,AX1-3-3,3,fd,-30,-50,35.452999999999996,standard,30-50 cm,30-50 cm
UTRGV,max,BAU,AX1-3,AX1-3-4,4,esm1,-68.9,-93.7,56.5566549999995,standard,50-75 cm,68.9-93.7 cm
UTRGV,max,BAU,AX1-3,AX1-3-4,4,esm2,-68.8709212649727,-93.8620615272351,62.8670980802618,standard,50-75 cm,68.9-93.9 cm
UTRGV,fd,BAU,AX1-3,AX1-3-4,4,fd,-50,-75,74.55,standard,50-75 cm,50-75 cm
UTRGV,max,BAU,AX1-3,AX1-3-5,5,esm1,-93.7,-118.7,42.8037499999991,standard,75-100 cm,93.7-118.7 cm
UTRGV,max,BAU,AX1-3,AX1-3-5,5,esm2,-93.8620615272351,-117.781384834717,-22.4803388674648,standard,75-100 cm,93.9-117.8 cm
UTRGV,fd,BAU,AX1-3,AX1-3-5,5,fd,-75,-100,49.153,standard,75-100 cm,75-100 cm
UTRGV,max,BAU,AX2-1,AX2-1-1,1,esm1,0,-16.9,30.4390489753501,standard,0-10 cm,0-16.9 cm
UTRGV,max,BAU,AX2-1,AX2-1-1,1,esm2,0,-21.2843532199382,30.6311316640227,standard,0-10 cm,0-21.3 cm
UTRGV,fd,BAU,AX2-1,AX2-1-1,1,fd,0,-10,16.78607849475,standard,0-10 cm,0-10 cm
UTRGV,max,BAU,AX2-1,AX2-1-2,2,esm1,-16.9,-51,61.3788569993992,standard,10-30 cm,16.9-51 cm
UTRGV,max,BAU,AX2-1,AX2-1-2,2,esm2,-21.2843532199382,-51.1441570538974,61.4051315200602,standard,10-30 cm,21.3-51.1 cm
UTRGV,fd,BAU,AX2-1,AX2-1-2,2,fd,-10,-30,39.57382748,standard,10-30 cm,10-30 cm
UTRGV,max,BAU,AX2-1,AX2-1-3,3,esm1,-51,-71.9,30.7230000000012,standard,30-50 cm,51-71.9 cm
UTRGV,max,BAU,AX2-1,AX2-1-3,3,esm2,-51.1441570538974,-72.2255010086573,31.7751736764375,standard,30-50 cm,51.1-72.2 cm
UTRGV,fd,BAU,AX2-1,AX2-1-3,3,fd,-30,-50,33.988,standard,30-50 cm,30-50 cm
UTRGV,max,BAU,AX2-1,AX2-1-4,4,esm1,-71.9,-96.8,28.7851200000022,standard,50-75 cm,71.9-96.8 cm
UTRGV,max,BAU,AX2-1,AX2-1-4,4,esm2,-72.2255010086573,-96.7875045427864,28.3024318482217,standard,50-75 cm,72.2-96.8 cm
UTRGV,fd,BAU,AX2-1,AX2-1-4,4,fd,-50,-75,36.75,standard,50-75 cm,50-75 cm
UTRGV,max,BAU,AX2-1,AX2-1-5,5,esm1,-96.8,-121.7,25.0157850000035,standard,75-100 cm,96.8-121.7 cm
UTRGV,max,BAU,AX2-1,AX2-1-5,5,esm2,-96.7875045427864,-121.821230571234,9.01372486354873,standard,75-100 cm,96.8-121.8 cm
UTRGV,fd,BAU,AX2-1,AX2-1-5,5,fd,-75,-100,27.443,standard,75-100 cm,75-100 cm
UTRGV,max,BAU,AX2-2,AX2-2-1,1,esm1,0,-15.5,25.4462913889001,standard,0-10 cm,0-15.5 cm
UTRGV,max,BAU,AX2-2,AX2-2-1,1,esm2,0,-15.0539734108832,24.8717292411948,standard,0-10 cm,0-15.1 cm
UTRGV,fd,BAU,AX2-2,AX2-2-1,1,fd,0,-10,14.347522897649998,standard,0-10 cm,0-10 cm
UTRGV,max,BAU,AX2-2,AX2-2-2,2,esm1,-15.5,-49.3,56.9693996587492,standard,10-30 cm,15.5-49.3 cm
UTRGV,max,BAU,AX2-2,AX2-2-2,2,esm2,-15.0539734108832,-49.3050885848571,57.6431358080028,standard,10-30 cm,15.1-49.3 cm
UTRGV,fd,BAU,AX2-2,AX2-2-2,2,fd,-10,-30,40.35915815,standard,10-30 cm,10-30 cm
UTRGV,max,BAU,AX2-2,AX2-2-3,3,esm1,-49.3,-70.2,27.3053900000004,standard,30-50 cm,49.3-70.2 cm
UTRGV,max,BAU,AX2-2,AX2-2-3,3,esm2,-49.3050885848571,-70.1524237345019,27.4153212309775,standard,30-50 cm,49.3-70.2 cm
UTRGV,fd,BAU,AX2-2,AX2-2-3,3,fd,-30,-50,28.713999999999995,standard,30-50 cm,30-50 cm
UTRGV,max,BAU,AX2-2,AX2-2-4,4,esm1,-70.2,-95,30.1640999999995,standard,50-75 cm,70.2-95 cm
UTRGV,max,BAU,AX2-2,AX2-2-4,4,esm2,-70.1524237345019,-95.1300718945087,30.4235130113035,standard,50-75 cm,70.2-95.1 cm
UTRGV,fd,BAU,AX2-2,AX2-2-4,4,fd,-50,-75,32.550000000000004,standard,50-75 cm,50-75 cm
UTRGV,max,BAU,AX2-2,AX2-2-5,5,esm1,-95,-120,29.0074999999987,standard,75-100 cm,95-120 cm
UTRGV,max,BAU,AX2-2,AX2-2-5,5,esm2,-95.1300718945087,-118.897991916629,23.7194513922277,standard,75-100 cm,95.1-118.9 cm
UTRGV,fd,BAU,AX2-2,AX2-2-5,5,fd,-75,-100,29.715999999999998,standard,75-100 cm,75-100 cm
UTRGV,max,BAU,AX2-3,AX2-3-1,1,esm1,0,-14.7,42.1060764547049,standard,0-10 cm,0-14.7 cm
UTRGV,max,BAU,AX2-3,AX2-3-1,1,esm2,0,-14.3772762485783,42.6422256498281,standard,0-10 cm,0-14.4 cm
UTRGV,fd,BAU,AX2-3,AX2-3-1,1,fd,0,-10,29.302715534849998,standard,0-10 cm,0-10 cm
UTRGV,max,BAU,AX2-3,AX2-3-2,2,esm1,-14.7,-48,80.7066259731444,standard,10-30 cm,14.7-48 cm
UTRGV,max,BAU,AX2-3,AX2-3-2,2,esm2,-14.3772762485783,-47.9746818741502,80.5230570357153,standard,10-30 cm,14.4-48 cm
UTRGV,fd,BAU,AX2-3,AX2-3-2,2,fd,-10,-30,54.482386893,standard,10-30 cm,10-30 cm
UTRGV,max,BAU,AX2-3,AX2-3-3,3,esm1,-48,-68.8,36.4468000000025,standard,30-50 cm,48-68.8 cm
UTRGV,max,BAU,AX2-3,AX2-3-3,3,esm2,-47.9746818741502,-68.8153137656074,37.3850419141808,standard,30-50 cm,48-68.8 cm
UTRGV,fd,BAU,AX2-3,AX2-3-3,3,fd,-30,-50,43.36399999999999,standard,30-50 cm,30-50 cm
UTRGV,max,BAU,AX2-3,AX2-3-4,4,esm1,-68.8,-93.7,40.2597950000016,standard,50-75 cm,68.8-93.7 cm
UTRGV,max,BAU,AX2-3,AX2-3-4,4,esm2,-68.8153137656074,-93.7960343562101,39.0989187713098,standard,50-75 cm,68.8-93.8 cm
UTRGV,fd,BAU,AX2-3,AX2-3-4,4,fd,-50,-75,42.699999999999996,standard,50-75 cm,50-75 cm
UTRGV,max,BAU,AX2-3,AX2-3-5,5,esm1,-93.7,-118.6,38.404515,standard,75-100 cm,93.7-118.6 cm
UTRGV,max,BAU,AX2-3,AX2-3-5,5,esm2,-93.7960343562101,-117.74757676216,38.4689173820439,standard,75-100 cm,93.8-117.7 cm
UTRGV,fd,BAU,AX2-3,AX2-3-5,5,fd,-75,-100,39.387,standard,75-100 cm,75-100 cm
UTRGV,max,BAU,AX3-1,AX3-1-1,1,esm1,0,-13.3,31.9604694906019,standard,0-10 cm,0-13.3 cm
UTRGV,max,BAU,AX3-1,AX3-1-1,1,esm2,0,-13.2969249068889,31.3001542964086,standard,0-10 cm,0-13.3 cm
UTRGV,fd,BAU,AX3-1,AX3-1-1,1,fd,0,-10,23.056228936249997,standard,0-10 cm,0-10 cm
UTRGV,max,BAU,AX3-1,AX3-1-2,2,esm1,-13.3,-43.8,80.8449437144479,standard,10-30 cm,13.3-43.8 cm
UTRGV,max,BAU,AX3-1,AX3-1-2,2,esm2,-13.2969249068889,-43.5040688051089,81.3181759040257,standard,10-30 cm,13.3-43.5 cm
UTRGV,fd,BAU,AX3-1,AX3-1-2,2,fd,-10,-30,53.9650942688,standard,10-30 cm,10-30 cm
UTRGV,max,BAU,AX3-1,AX3-1-3,3,esm1,-43.8,-64.4,48.937709999998,standard,30-50 cm,43.8-64.4 cm
UTRGV,max,BAU,AX3-1,AX3-1-3,3,esm2,-43.5040688051089,-64.4891278085558,50.4857411651257,standard,30-50 cm,43.5-64.5 cm
UTRGV,fd,BAU,AX3-1,AX3-1-3,3,fd,-30,-50,51.861,standard,30-50 cm,30-50 cm
UTRGV,max,BAU,AX3-1,AX3-1-4,4,esm1,-64.4,-89.3,55.2068549999982,standard,50-75 cm,64.4-89.3 cm
UTRGV,max,BAU,AX3-1,AX3-1-4,4,esm2,-64.4891278085558,-89.4002943878601,54.2436989003036,standard,50-75 cm,64.5-89.4 cm
UTRGV,fd,BAU,AX3-1,AX3-1-4,4,fd,-50,-75,57.04999999999999,standard,50-75 cm,50-75 cm
UTRGV,max,BAU,AX3-1,AX3-1-5,5,esm1,-89.3,-114.2,52.4979149999989,standard,75-100 cm,89.3-114.2 cm
UTRGV,max,BAU,AX3-1,AX3-1-5,5,esm2,-89.4002943878601,-113.862555167699,50.8664519017349,standard,75-100 cm,89.4-113.9 cm
UTRGV,fd,BAU,AX3-1,AX3-1-5,5,fd,-75,-100,53.577,standard,75-100 cm,75-100 cm
UTRGV,max,BAU,AX3-2,AX3-2-1,1,esm1,0,-15.1,49.9075690331379,standard,0-10 cm,0-15.1 cm
UTRGV,max,BAU,AX3-2,AX3-2-1,1,esm2,0,-15.4491111186842,50.4018580890804,standard,0-10 cm,0-15.4 cm
UTRGV,fd,BAU,AX3-2,AX3-2-1,1,fd,0,-10,33.564105553000005,standard,0-10 cm,0-10 cm
UTRGV,max,BAU,AX3-2,AX3-2-2,2,esm1,-15.1,-48.7,94.5948551674622,standard,10-30 cm,15.1-48.7 cm
UTRGV,max,BAU,AX3-2,AX3-2-2,2,esm2,-15.4491111186842,-48.6803490987257,94.2664047592509,standard,10-30 cm,15.4-48.7 cm
UTRGV,fd,BAU,AX3-2,AX3-2-2,2,fd,-10,-30,64.0920136476,standard,10-30 cm,10-30 cm
UTRGV,max,BAU,AX3-2,AX3-2-3,3,esm1,-48.7,-69.6,48.2582950000011,standard,30-50 cm,48.7-69.6 cm
UTRGV,max,BAU,AX3-2,AX3-2-3,3,esm2,-48.6803490987257,-69.6046895391193,49.0088477691228,standard,30-50 cm,48.7-69.6 cm
UTRGV,fd,BAU,AX3-2,AX3-2-3,3,fd,-30,-50,50.102999999999994,standard,30-50 cm,30-50 cm
UTRGV,max,BAU,AX3-2,AX3-2-4,4,esm1,-69.6,-94.4,50.9784800000016,standard,50-75 cm,69.6-94.4 cm
UTRGV,max,BAU,AX3-2,AX3-2-4,4,esm2,-69.6046895391193,-94.5067522473604,51.2958253874251,standard,50-75 cm,69.6-94.5 cm
UTRGV,fd,BAU,AX3-2,AX3-2-4,4,fd,-50,-75,57.4,standard,50-75 cm,50-75 cm
UTRGV,max,BAU,AX3-2,AX3-2-5,5,esm1,-94.4,-119.3,46.8605550000019,standard,75-100 cm,94.4-119.3 cm
UTRGV,max,BAU,AX3-2,AX3-2-5,5,esm2,-94.5067522473604,-118.560362307308,33.0971922464067,standard,75-100 cm,94.5-118.6 cm
UTRGV,fd,BAU,AX3-2,AX3-2-5,5,fd,-75,-100,49.11900000000001,standard,75-100 cm,75-100 cm
UTRGV,max,BAU,AX3-3,AX3-3-1,1,esm1,0,-13,27.4870633174,standard,0-10 cm,0-13 cm
UTRGV,max,BAU,AX3-3,AX3-3-1,1,esm2,0,-13.3872081727866,28.4019710844081,standard,0-10 cm,0-13.4 cm
UTRGV,fd,BAU,AX3-3,AX3-3-1,1,fd,0,-10,21.8995221604,standard,0-10 cm,0-10 cm
UTRGV,max,BAU,AX3-3,AX3-3-2,2,esm1,-13,-43.7,49.9268882229996,standard,10-30 cm,13-43.7 cm
UTRGV,max,BAU,AX3-3,AX3-3-2,2,esm2,-13.3872081727866,-43.3711531486129,49.4480563284075,standard,10-30 cm,13.4-43.4 cm
UTRGV,fd,BAU,AX3-3,AX3-3-2,2,fd,-10,-30,37.25027438,standard,10-30 cm,10-30 cm
UTRGV,max,BAU,AX3-3,AX3-3-3,3,esm1,-43.7,-64.3,21.6120449999994,standard,30-50 cm,43.7-64.3 cm
UTRGV,max,BAU,AX3-3,AX3-3-3,3,esm2,-43.3711531486129,-64.4487553919623,22.9421458230849,standard,30-50 cm,43.4-64.4 cm
UTRGV,fd,BAU,AX3-3,AX3-3-3,3,fd,-30,-50,26.662999999999997,standard,30-50 cm,30-50 cm
UTRGV,max,BAU,AX3-3,AX3-3-4,4,esm1,-64.3,-89.2,19.9743600000002,standard,50-75 cm,64.3-89.2 cm
UTRGV,max,BAU,AX3-3,AX3-3-4,4,esm2,-64.4487553919623,-89.3132238095164,18.8713424769411,standard,50-75 cm,64.4-89.3 cm
UTRGV,fd,BAU,AX3-3,AX3-3-4,4,fd,-50,-75,23.099999999999998,standard,50-75 cm,50-75 cm
UTRGV,max,BAU,AX3-3,AX3-3-5,5,esm1,-89.2,-114.2,14.8575000000001,standard,75-100 cm,89.2-114.2 cm
UTRGV,max,BAU,AX3-3,AX3-3-5,5,esm2,-89.3132238095164,-113.842640778451,11.2118166192945,standard,75-100 cm,89.3-113.8 cm
UTRGV,fd,BAU,AX3-3,AX3-3-5,5,fd,-75,-100,16.506,standard,75-100 cm,75-100 cm
UTRGV,max,BAU,AY1-1,AY1-1-1,1,esm1,0,-12.4,20.161346115264,standard,0-10 cm,0-12.4 cm
UTRGV,max,BAU,AY1-1,AY1-1-1,1,esm2,0,-12.2598039387306,20.8468994987384,standard,0-10 cm,0-12.3 cm
UTRGV,fd,BAU,AY1-1,AY1-1-1,1,fd,0,-10,17.0415489072,standard,0-10 cm,0-10 cm
UTRGV,max,BAU,AY1-1,AY1-1-2,2,esm1,-12.4,-40.8,32.371712859136,standard,10-30 cm,12.4-40.8 cm
UTRGV,max,BAU,AY1-1,AY1-1-2,2,esm2,-12.2598039387306,-40.4005985538761,31.6544738325556,standard,10-30 cm,12.3-40.4 cm
UTRGV,fd,BAU,AY1-1,AY1-1-2,2,fd,-10,-30,25.998310067199995,standard,10-30 cm,10-30 cm
UTRGV,max,BAU,AY1-1,AY1-1-3,3,esm1,-40.8,-61.3,16.6295999999995,standard,30-50 cm,40.8-61.3 cm
UTRGV,max,BAU,AY1-1,AY1-1-3,3,esm2,-40.4005985538761,-61.4033318261798,17.426269616936,standard,30-50 cm,40.4-61.4 cm
UTRGV,fd,BAU,AY1-1,AY1-1-3,3,fd,-30,-50,17.58,standard,30-50 cm,30-50 cm
UTRGV,max,BAU,AY1-1,AY1-1-4,4,esm1,-61.3,-86.2,17.1200199999986,standard,50-75 cm,61.3-86.2 cm
UTRGV,max,BAU,AY1-1,AY1-1-4,4,esm2,-61.4033318261798,-86.3112171932587,17.0584293464118,standard,50-75 cm,61.4-86.3 cm
UTRGV,fd,BAU,AY1-1,AY1-1-4,4,fd,-50,-75,18.9,standard,50-75 cm,50-75 cm
UTRGV,max,BAU,AY1-1,AY1-1-5,5,esm1,-86.2,-111.2,12.0274999999985,standard,75-100 cm,86.2-111.2 cm
UTRGV,max,BAU,AY1-1,AY1-1-5,5,esm2,-86.3112171932587,-110.950791361288,8.12787697979925,standard,75-100 cm,86.3-111 cm
UTRGV,fd,BAU,AY1-1,AY1-1-5,5,fd,-75,-100,13.402000000000001,standard,75-100 cm,75-100 cm
UTRGV,max,BAU,AY1-2,AY1-2-1,1,esm1,0,-17.2,15.665830442898,standard,0-10 cm,0-17.2 cm
UTRGV,max,BAU,AY1-2,AY1-2-1,1,esm2,0,-16.4646055948537,17.3140000994825,standard,0-10 cm,0-16.5 cm
UTRGV,fd,BAU,AY1-2,AY1-2-1,1,fd,0,-10,12.74584559505,standard,0-10 cm,0-10 cm
UTRGV,max,BAU,AY1-2,AY1-2-2,2,esm1,-17.2,-54,20.3960841739521,standard,10-30 cm,17.2-54 cm
UTRGV,max,BAU,AY1-2,AY1-2-2,2,esm2,-16.4646055948537,-53.8132116904873,18.4547458271512,standard,10-30 cm,16.5-53.8 cm
UTRGV,fd,BAU,AY1-2,AY1-2-2,2,fd,-10,-30,8.111069021799999,standard,10-30 cm,10-30 cm
UTRGV,max,BAU,AY1-2,AY1-2-3,3,esm1,-54,-74.9,16.6781999999997,standard,30-50 cm,54-74.9 cm
UTRGV,max,BAU,AY1-2,AY1-2-3,3,esm2,-53.8132116904873,-74.8503939454524,16.5070293595917,standard,30-50 cm,53.8-74.9 cm
UTRGV,fd,BAU,AY1-2,AY1-2-3,3,fd,-30,-50,12.012999999999998,standard,30-50 cm,30-50 cm
UTRGV,max,BAU,AY1-2,AY1-2-4,4,esm1,-74.9,-99.7,24.9764250000006,standard,50-75 cm,74.9-99.7 cm
UTRGV,max,BAU,AY1-2,AY1-2-4,4,esm2,-74.8503939454524,-99.7616277718122,25.4661376465535,standard,50-75 cm,74.9-99.8 cm
UTRGV,fd,BAU,AY1-2,AY1-2-4,4,fd,-50,-75,19.95,standard,50-75 cm,50-75 cm
UTRGV,max,BAU,AY1-2,AY1-2-5,5,esm1,-99.7,-124.6,26.4251250000014,standard,75-100 cm,99.7-124.6 cm
UTRGV,max,BAU,AY1-2,AY1-2-5,5,esm2,-99.7616277718122,-122.30317487432,33.7257020768492,standard,75-100 cm,99.8-122.3 cm
UTRGV,fd,BAU,AY1-2,AY1-2-5,5,fd,-75,-100,25.215,standard,75-100 cm,75-100 cm
UTRGV,max,BAU,AY1-3,AY1-3-1,1,esm1,0,-12,23.18044443163,standard,0-10 cm,0-12 cm
UTRGV,max,BAU,AY1-3,AY1-3-1,1,esm2,0,-11.6729848809736,23.587969826793,standard,0-10 cm,0-11.7 cm
UTRGV,fd,BAU,AY1-3,AY1-3-1,1,fd,0,-10,20.377791051950002,standard,0-10 cm,0-10 cm
UTRGV,max,BAU,AY1-3,AY1-3-2,2,esm1,-12,-45.7,37.4141454171196,standard,10-30 cm,12-45.7 cm
UTRGV,max,BAU,AY1-3,AY1-3-2,2,esm2,-11.6729848809736,-45.6994566236301,37.5686141522246,standard,10-30 cm,11.7-45.7 cm
UTRGV,fd,BAU,AY1-3,AY1-3-2,2,fd,-10,-30,28.026533796800003,standard,10-30 cm,10-30 cm
UTRGV,max,BAU,AY1-3,AY1-3-3,3,esm1,-45.7,-66.4,12.7523350000001,standard,30-50 cm,45.7-66.4 cm
UTRGV,max,BAU,AY1-3,AY1-3-3,3,esm2,-45.6994566236301,-66.3422310598132,12.5207547212599,standard,30-50 cm,45.7-66.3 cm
UTRGV,fd,BAU,AY1-3,AY1-3-3,3,fd,-30,-50,15.529,standard,30-50 cm,30-50 cm
UTRGV,max,BAU,AY1-3,AY1-3-4,4,esm1,-66.4,-91.3,13.7225150000008,standard,50-75 cm,66.4-91.3 cm
UTRGV,max,BAU,AY1-3,AY1-3-4,4,esm2,-66.3422310598132,-91.448081404001,13.4591804190058,standard,50-75 cm,66.3-91.4 cm
UTRGV,fd,BAU,AY1-3,AY1-3-4,4,fd,-50,-75,14.35,standard,50-75 cm,50-75 cm
UTRGV,max,BAU,AY1-3,AY1-3-5,5,esm1,-91.3,-116.2,13.0363950000014,standard,75-100 cm,91.3-116.2 cm
UTRGV,max,BAU,AY1-3,AY1-3-5,5,esm2,-91.448081404001,-115.443201698426,13.2247715980032,standard,75-100 cm,91.4-115.4 cm
UTRGV,fd,BAU,AY1-3,AY1-3-5,5,fd,-75,-100,13.341,standard,75-100 cm,75-100 cm
UTRGV,max,BAU,AY2-1,AY2-1-1,1,esm1,0,-14.3,21.4625199352879,standard,0-10 cm,0-14.3 cm
UTRGV,max,BAU,AY2-1,AY2-1-1,1,esm2,0,-15.2160059687543,22.5989743526625,standard,0-10 cm,0-15.2 cm
UTRGV,fd,BAU,AY2-1,AY2-1-1,1,fd,0,-10,15.77066519175,standard,0-10 cm,0-10 cm
UTRGV,max,BAU,AY2-1,AY2-1-2,2,esm1,-14.3,-47.3,40.804043249662,standard,10-30 cm,14.3-47.3 cm
UTRGV,max,BAU,AY2-1,AY2-1-2,2,esm2,-15.2160059687543,-47.1755448833527,39.8662488897715,standard,10-30 cm,15.2-47.2 cm
UTRGV,fd,BAU,AY2-1,AY2-1-2,2,fd,-10,-30,26.4737429932,standard,10-30 cm,10-30 cm
UTRGV,max,BAU,AY2-1,AY2-1-3,3,esm1,-47.3,-68.1,18.3288450000006,standard,30-50 cm,47.3-68.1 cm
UTRGV,max,BAU,AY2-1,AY2-1-3,3,esm2,-47.1755448833527,-68.2145076721081,18.9833723476005,standard,30-50 cm,47.2-68.2 cm
UTRGV,fd,BAU,AY2-1,AY2-1-3,3,fd,-30,-50,23.147,standard,30-50 cm,30-50 cm
UTRGV,max,BAU,AY2-1,AY2-1-4,4,esm1,-68.1,-93,21.033000000001,standard,50-75 cm,68.1-93 cm
UTRGV,max,BAU,AY2-1,AY2-1-4,4,esm2,-68.2145076721081,-93.0470693350268,19.7924877358047,standard,50-75 cm,68.2-93 cm
UTRGV,fd,BAU,AY2-1,AY2-1-4,4,fd,-50,-75,21,standard,50-75 cm,50-75 cm
UTRGV,max,BAU,AY2-1,AY2-1-5,5,esm1,-93,-117.9,21.1401000000012,standard,75-100 cm,93-117.9 cm
UTRGV,max,BAU,AY2-1,AY2-1-5,5,esm2,-93.0470693350268,-117.391695768253,25.8125855486607,standard,75-100 cm,93-117.4 cm
UTRGV,fd,BAU,AY2-1,AY2-1-5,5,fd,-75,-100,21.18,standard,75-100 cm,75-100 cm
UTRGV,max,BAU,AY2-2,AY2-2-1,1,esm1,0,-12.6,24.95057933812,standard,0-10 cm,0-12.6 cm
UTRGV,max,BAU,AY2-2,AY2-2-1,1,esm2,0,-12.1578443385377,26.0719638364219,standard,0-10 cm,0-12.2 cm
UTRGV,fd,BAU,AY2-2,AY2-2-1,1,fd,0,-10,21.7245369739,standard,0-10 cm,0-10 cm
UTRGV,max,BAU,AY2-2,AY2-2-2,2,esm1,-12.6,-48.9,38.4796531297805,standard,10-30 cm,12.6-48.9 cm
UTRGV,max,BAU,AY2-2,AY2-2-2,2,esm2,-12.1578443385377,-48.9761628344331,37.7036437521919,standard,10-30 cm,12.2-49 cm
UTRGV,fd,BAU,AY2-2,AY2-2-2,2,fd,-10,-30,24.815710493999998,standard,10-30 cm,10-30 cm
UTRGV,max,BAU,AY2-2,AY2-2-3,3,esm1,-48.9,-69.8,6.52701500000116,standard,30-50 cm,48.9-69.8 cm
UTRGV,max,BAU,AY2-2,AY2-2-3,3,esm2,-48.9761628344331,-69.6327388910262,6.63443494133302,standard,30-50 cm,49-69.6 cm
UTRGV,fd,BAU,AY2-2,AY2-2-3,3,fd,-30,-50,17.872999999999998,standard,30-50 cm,30-50 cm
UTRGV,max,BAU,AY2-2,AY2-2-4,4,esm1,-69.8,-94.6,12.9789099999999,standard,50-75 cm,69.8-94.6 cm
UTRGV,max,BAU,AY2-2,AY2-2-4,4,esm2,-69.6327388910262,-94.7984700897184,10.8324016721828,standard,50-75 cm,69.6-94.8 cm
UTRGV,fd,BAU,AY2-2,AY2-2-4,4,fd,-50,-75,6.999999999999999,standard,50-75 cm,50-75 cm
UTRGV,max,BAU,AY2-2,AY2-2-5,5,esm1,-94.6,-119.6,17.3337499999988,standard,75-100 cm,94.6-119.6 cm
UTRGV,max,BAU,AY2-2,AY2-2-5,5,esm2,-94.7984700897184,-118.127056508153,41.9000127215563,standard,75-100 cm,94.8-118.1 cm
UTRGV,fd,BAU,AY2-2,AY2-2-5,5,fd,-75,-100,15.267,standard,75-100 cm,75-100 cm
UTRGV,max,BAU,AY2-3,AY2-3-1,1,esm1,0,-13.9,22.786283614932,standard,0-10 cm,0-13.9 cm
UTRGV,max,BAU,AY2-3,AY2-3-1,1,esm2,0,-13.5175867921044,22.4900253995398,standard,0-10 cm,0-13.5 cm
UTRGV,fd,BAU,AY2-3,AY2-3-1,1,fd,0,-10,17.08490428305,standard,0-10 cm,0-10 cm
UTRGV,max,BAU,AY2-3,AY2-3-2,2,esm1,-13.9,-51.7,49.7430633957184,standard,10-30 cm,13.9-51.7 cm
UTRGV,max,BAU,AY2-3,AY2-3-2,2,esm2,-13.5175867921044,-51.5908330742037,50.1396892622757,standard,10-30 cm,13.5-51.6 cm
UTRGV,fd,BAU,AY2-3,AY2-3-2,2,fd,-10,-30,29.237842727599997,standard,10-30 cm,10-30 cm
UTRGV,max,BAU,AY2-3,AY2-3-3,3,esm1,-51.7,-72.6,19.6042000000003,standard,30-50 cm,51.7-72.6 cm
UTRGV,max,BAU,AY2-3,AY2-3-3,3,esm2,-51.5908330742037,-72.4508658707918,19.9965465879607,standard,30-50 cm,51.6-72.5 cm
UTRGV,fd,BAU,AY2-3,AY2-3-3,3,fd,-30,-50,24.612,standard,30-50 cm,30-50 cm
UTRGV,max,BAU,AY2-3,AY2-3-4,4,esm1,-72.6,-97.4,20.4827500000009,standard,50-75 cm,72.6-97.4 cm
UTRGV,max,BAU,AY2-3,AY2-3-4,4,esm2,-72.4508658707918,-97.5269715452979,20.1844333183261,standard,50-75 cm,72.5-97.5 cm
UTRGV,fd,BAU,AY2-3,AY2-3-4,4,fd,-50,-75,23.45,standard,50-75 cm,50-75 cm
UTRGV,max,BAU,AY2-3,AY2-3-5,5,esm1,-97.4,-122.3,19.3784250000003,standard,75-100 cm,97.4-122.3 cm
UTRGV,max,BAU,AY2-3,AY2-3-5,5,esm2,-97.5269715452979,-120.31887054743,16.3507598843198,standard,75-100 cm,97.5-120.3 cm
UTRGV,fd,BAU,AY2-3,AY2-3-5,5,fd,-75,-100,20.255000000000003,standard,75-100 cm,75-100 cm
UTRGV,max,BAU,AY3-1,AY3-1-1,1,esm1,0,-14.6,25.1044433412461,standard,0-10 cm,0-14.6 cm
UTRGV,max,BAU,AY3-1,AY3-1-1,1,esm2,0,-14.5124476453829,26.3630976017892,standard,0-10 cm,0-14.5 cm
UTRGV,fd,BAU,AY3-1,AY3-1-1,1,fd,0,-10,17.13272729005,standard,0-10 cm,0-10 cm
UTRGV,max,BAU,AY3-1,AY3-1-2,2,esm1,-14.6,-48.5,46.4727439540039,standard,10-30 cm,14.6-48.5 cm
UTRGV,max,BAU,AY3-1,AY3-1-2,2,esm2,-14.5124476453829,-48.5578541177863,45.4239468025694,standard,10-30 cm,14.5-48.6 cm
UTRGV,fd,BAU,AY3-1,AY3-1-2,2,fd,-10,-30,34.6596350052,standard,10-30 cm,10-30 cm
UTRGV,max,BAU,AY3-1,AY3-1-3,3,esm1,-48.5,-69.4,19.8013750000003,standard,30-50 cm,48.5-69.4 cm
UTRGV,max,BAU,AY3-1,AY3-1-3,3,esm2,-48.5578541177863,-69.4071489031836,20.1642244444922,standard,30-50 cm,48.6-69.4 cm
UTRGV,fd,BAU,AY3-1,AY3-1-3,3,fd,-30,-50,21.388999999999996,standard,30-50 cm,30-50 cm
UTRGV,max,BAU,AY3-1,AY3-1-4,4,esm1,-69.4,-94.3,19.6553600000003,standard,50-75 cm,69.4-94.3 cm
UTRGV,max,BAU,AY3-1,AY3-1-4,4,esm2,-69.4071489031836,-94.3804017359991,19.796818033529,standard,50-75 cm,69.4-94.4 cm
UTRGV,fd,BAU,AY3-1,AY3-1-4,4,fd,-50,-75,23.45,standard,50-75 cm,50-75 cm
UTRGV,max,BAU,AY3-1,AY3-1-5,5,esm1,-94.3,-119.2,16.9120800000002,standard,75-100 cm,94.3-119.2 cm
UTRGV,max,BAU,AY3-1,AY3-1-5,5,esm2,-94.3804017359991,-118.272154211372,8.65098148718435,standard,75-100 cm,94.4-118.3 cm
UTRGV,fd,BAU,AY3-1,AY3-1-5,5,fd,-75,-100,18.274,standard,75-100 cm,75-100 cm
UTRGV,max,BAU,AY3-2,AY3-2-1,1,esm1,0,-12.2,21.61989938081,standard,0-10 cm,0-12.2 cm
UTRGV,max,BAU,AY3-2,AY3-2-1,1,esm2,0,-11.9777510502012,21.1971160965551,standard,0-10 cm,0-12 cm
UTRGV,fd,BAU,AY3-2,AY3-2-1,1,fd,0,-10,17.3377378278,standard,0-10 cm,0-10 cm
UTRGV,max,BAU,AY3-2,AY3-2-2,2,esm1,-12.2,-43.2,54.3713398379895,standard,10-30 cm,12.2-43.2 cm
UTRGV,max,BAU,AY3-2,AY3-2-2,2,esm2,-11.9777510502012,-42.9958755698177,55.5126741880266,standard,10-30 cm,12-43 cm
UTRGV,fd,BAU,AY3-2,AY3-2-2,2,fd,-10,-30,38.928741391,standard,10-30 cm,10-30 cm
UTRGV,max,BAU,AY3-2,AY3-2-3,3,esm1,-43.2,-63.8,24.6512400000002,standard,30-50 cm,43.2-63.8 cm
UTRGV,max,BAU,AY3-2,AY3-2-3,3,esm2,-42.9958755698177,-63.8157385541914,25.4957780053845,standard,30-50 cm,43-63.8 cm
UTRGV,fd,BAU,AY3-2,AY3-2-3,3,fd,-30,-50,29.886,standard,30-50 cm,30-50 cm
UTRGV,max,BAU,AY3-2,AY3-2-4,4,esm1,-63.8,-88.7,23.9038800000005,standard,50-75 cm,63.8-88.7 cm
UTRGV,max,BAU,AY3-2,AY3-2-4,4,esm2,-63.8157385541914,-88.8101360365457,22.7652287557171,standard,50-75 cm,63.8-88.8 cm
UTRGV,fd,BAU,AY3-2,AY3-2-4,4,fd,-50,-75,26.249999999999996,standard,50-75 cm,50-75 cm
UTRGV,max,BAU,AY3-2,AY3-2-5,5,esm1,-88.7,-113.6,19.7307599999997,standard,75-100 cm,88.7-113.6 cm
UTRGV,max,BAU,AY3-2,AY3-2-5,5,esm2,-88.8101360365457,-113.20504555188,17.9112293005137,standard,75-100 cm,88.8-113.2 cm
UTRGV,fd,BAU,AY3-2,AY3-2-5,5,fd,-75,-100,21.098000000000003,standard,75-100 cm,75-100 cm
UTRGV,max,BAU,AY3-3,AY3-3-1,1,esm1,0,-12.8,23.184120898728,standard,0-10 cm,0-12.8 cm
UTRGV,max,BAU,AY3-3,AY3-3-1,1,esm2,0,-12.9626629170039,22.7577946024427,standard,0-10 cm,0-13 cm
UTRGV,fd,BAU,AY3-3,AY3-3-1,1,fd,0,-10,17.1277254942,standard,0-10 cm,0-10 cm
UTRGV,max,BAU,AY3-3,AY3-3-2,2,esm1,-12.8,-41.9,50.2786967706724,standard,10-30 cm,12.8-41.9 cm
UTRGV,max,BAU,AY3-3,AY3-3-2,2,esm2,-12.9626629170039,-41.4789066054356,51.9516840970009,standard,10-30 cm,13-41.5 cm
UTRGV,fd,BAU,AY3-3,AY3-3-2,2,fd,-10,-30,43.2599671752,standard,10-30 cm,10-30 cm
UTRGV,max,BAU,AY3-3,AY3-3-3,3,esm1,-41.9,-62.4,18.6214750000004,standard,30-50 cm,41.9-62.4 cm
UTRGV,max,BAU,AY3-3,AY3-3-3,3,esm2,-41.4789066054356,-62.5861245448299,17.7063018181576,standard,30-50 cm,41.5-62.6 cm
UTRGV,fd,BAU,AY3-3,AY3-3-3,3,fd,-30,-50,21.974999999999998,standard,30-50 cm,30-50 cm
UTRGV,max,BAU,AY3-3,AY3-3-4,4,esm1,-62.4,-87.4,20.4998400000001,standard,50-75 cm,62.4-87.4 cm
UTRGV,max,BAU,AY3-3,AY3-3-4,4,esm2,-62.5861245448299,-87.4482469268019,19.6295765504285,standard,50-75 cm,62.6-87.4 cm
UTRGV,fd,BAU,AY3-3,AY3-3-4,4,fd,-50,-75,19.6,standard,50-75 cm,50-75 cm
UTRGV,max,BAU,AY3-3,AY3-3-5,5,esm1,-87.4,-112.3,22.5494400000002,standard,75-100 cm,87.4-112.3 cm
UTRGV,max,BAU,AY3-3,AY3-3-5,5,esm2,-87.4482469268019,-112.078884055856,26.6074418532441,standard,75-100 cm,87.4-112.1 cm
UTRGV,fd,BAU,AY3-3,AY3-3-5,5,fd,-75,-100,22.032,standard,75-100 cm,75-100 cm
UTRGV,max,BAU,AZ1-1,AZ1-1-1,1,esm1,0,-10.8,33.6892542020599,standard,0-10 cm,0-10.8 cm
UTRGV,max,BAU,AZ1-1,AZ1-1-1,1,esm2,0,-10.6158196996171,33.9884707241441,standard,0-10 cm,0-10.6 cm
UTRGV,fd,BAU,AZ1-1,AZ1-1-1,1,fd,0,-10,32.5167778753,standard,0-10 cm,0-10 cm
UTRGV,max,BAU,AZ1-1,AZ1-1-2,2,esm1,-10.8,-47.3,47.1478068422399,standard,10-30 cm,10.8-47.3 cm
UTRGV,max,BAU,AZ1-1,AZ1-1-2,2,esm2,-10.6158196996171,-47.4205486700697,48.5604709715766,standard,10-30 cm,10.6-47.4 cm
UTRGV,fd,BAU,AZ1-1,AZ1-1-2,2,fd,-10,-30,29.311908169,standard,10-30 cm,10-30 cm
UTRGV,max,BAU,AZ1-1,AZ1-1-3,3,esm1,-47.3,-68.1,4.74042499999979,standard,30-50 cm,47.3-68.1 cm
UTRGV,max,BAU,AZ1-1,AZ1-1-3,3,esm2,-47.4205486700697,-67.8884507327781,3.99777827075334,standard,30-50 cm,47.4-67.9 cm
UTRGV,fd,BAU,AZ1-1,AZ1-1-3,3,fd,-30,-50,21.974999999999998,standard,30-50 cm,30-50 cm
UTRGV,max,BAU,AZ1-1,AZ1-1-4,4,esm1,-68.1,-93,5.76495000000007,standard,50-75 cm,68.1-93 cm
UTRGV,max,BAU,AZ1-1,AZ1-1-4,4,esm2,-67.8884507327781,-93.149377006024,2.79787376988662,standard,50-75 cm,67.9-93.1 cm
UTRGV,fd,BAU,AZ1-1,AZ1-1-4,4,fd,-50,-75,2.45,standard,50-75 cm,50-75 cm
UTRGV,max,BAU,AZ1-1,AZ1-1-5,5,esm1,-93,-117.9,8.80837500000048,standard,75-100 cm,93-117.9 cm
UTRGV,max,BAU,AZ1-1,AZ1-1-5,5,esm2,-93.149377006024,-116.605211337411,31.6505195316461,standard,75-100 cm,93.1-116.6 cm
UTRGV,fd,BAU,AZ1-1,AZ1-1-5,5,fd,-75,-100,7.565,standard,75-100 cm,75-100 cm
UTRGV,max,BAU,AZ1-2,AZ1-2-1,1,esm1,0,-10.3,27.393440165898,standard,0-10 cm,0-10.3 cm
UTRGV,max,BAU,AZ1-2,AZ1-2-1,1,esm2,0,-10.2858920958216,27.7311596630408,standard,0-10 cm,0-10.3 cm
UTRGV,fd,BAU,AZ1-2,AZ1-2-1,1,fd,0,-10,27.005463125549998,standard,0-10 cm,0-10 cm
UTRGV,max,BAU,AZ1-2,AZ1-2-2,2,esm1,-10.3,-39.7,30.0245189828517,standard,10-30 cm,10.3-39.7 cm
UTRGV,max,BAU,AZ1-2,AZ1-2-2,2,esm2,-10.2858920958216,-39.4428237041444,30.0442593893327,standard,10-30 cm,10.3-39.4 cm
UTRGV,fd,BAU,AZ1-2,AZ1-2-2,2,fd,-10,-30,25.8651360232,standard,10-30 cm,10-30 cm
UTRGV,max,BAU,AZ1-2,AZ1-2-3,3,esm1,-39.7,-60.1,9.63624000000043,standard,30-50 cm,39.7-60.1 cm
UTRGV,max,BAU,AZ1-2,AZ1-2-3,3,esm2,-39.4428237041444,-60.175505733535,9.0956515228176,standard,30-50 cm,39.4-60.2 cm
UTRGV,fd,BAU,AZ1-2,AZ1-2-3,3,fd,-30,-50,9.376,standard,30-50 cm,30-50 cm
UTRGV,max,BAU,AZ1-2,AZ1-2-4,4,esm1,-60.1,-85.1,11.7816800000008,standard,50-75 cm,60.1-85.1 cm
UTRGV,max,BAU,AZ1-2,AZ1-2-4,4,esm2,-60.175505733535,-85.1833606703347,12.1151294969125,standard,50-75 cm,60.2-85.2 cm
UTRGV,fd,BAU,AZ1-2,AZ1-2-4,4,fd,-50,-75,11.899999999999999,standard,50-75 cm,50-75 cm
UTRGV,max,BAU,AZ1-2,AZ1-2-5,5,esm1,-85.1,-110,11.2747200000013,standard,75-100 cm,85.1-110 cm
UTRGV,max,BAU,AZ1-2,AZ1-2-5,5,esm2,-85.1833606703347,-109.788941759666,10.5137130223492,standard,75-100 cm,85.2-109.8 cm
UTRGV,fd,BAU,AZ1-2,AZ1-2-5,5,fd,-75,-100,11.436,standard,75-100 cm,75-100 cm
UTRGV,max,BAU,AZ1-3,AZ1-3-1,1,esm1,0,-10.3,17.623645968364,standard,0-10 cm,0-10.3 cm
UTRGV,max,BAU,AZ1-3,AZ1-3-1,1,esm2,0,-10.2593151927562,17.5646304095192,standard,0-10 cm,0-10.3 cm
UTRGV,fd,BAU,AZ1-3,AZ1-3-1,1,fd,0,-10,17.203208918199998,standard,0-10 cm,0-10 cm
UTRGV,max,BAU,AZ1-3,AZ1-3-2,2,esm1,-10.3,-43.6,37.1722196274361,standard,10-30 cm,10.3-43.6 cm
UTRGV,max,BAU,AZ1-3,AZ1-3-2,2,esm2,-10.2593151927562,-43.5614646706747,38.3103159677848,standard,10-30 cm,10.3-43.6 cm
UTRGV,fd,BAU,AZ1-3,AZ1-3-2,2,fd,-10,-30,28.0291366776,standard,10-30 cm,10-30 cm
UTRGV,max,BAU,AZ1-3,AZ1-3-3,3,esm1,-43.6,-64.2,11.06088,standard,30-50 cm,43.6-64.2 cm
UTRGV,max,BAU,AZ1-3,AZ1-3-3,3,esm2,-43.5614646706747,-64.1139065635312,10.5874216269552,standard,30-50 cm,43.6-64.1 cm
UTRGV,fd,BAU,AZ1-3,AZ1-3-3,3,fd,-30,-50,14.063999999999998,standard,30-50 cm,30-50 cm
UTRGV,max,BAU,AZ1-3,AZ1-3-4,4,esm1,-64.2,-89.1,9.10231000000044,standard,50-75 cm,64.2-89.1 cm
UTRGV,max,BAU,AZ1-3,AZ1-3-4,4,esm2,-64.1139065635312,-89.2438912732557,9.24553640462558,standard,50-75 cm,64.1-89.2 cm
UTRGV,fd,BAU,AZ1-3,AZ1-3-4,4,fd,-50,-75,11.549999999999999,standard,50-75 cm,50-75 cm
UTRGV,max,BAU,AZ1-3,AZ1-3-5,5,esm1,-89.1,-114,4.93269000000168,standard,75-100 cm,89.1-114 cm
UTRGV,max,BAU,AZ1-3,AZ1-3-5,5,esm2,-89.2438912732557,-113.431088351486,0.417743075567358,standard,75-100 cm,89.2-113.4 cm
UTRGV,fd,BAU,AZ1-3,AZ1-3-5,5,fd,-75,-100,6.272,standard,75-100 cm,75-100 cm
UTRGV,max,BAU,AZ2-1,AZ2-1-1,1,esm1,0,-19.3,18.49539669684,standard,0-10 cm,0-19.3 cm
UTRGV,max,BAU,AZ2-1,AZ2-1-1,1,esm2,0,-20.5439357734111,18.7610794118323,standard,0-10 cm,0-20.5 cm
UTRGV,fd,BAU,AZ2-1,AZ2-1-1,1,fd,0,-10,8.777279217,standard,0-10 cm,0-10 cm
UTRGV,max,BAU,AZ2-1,AZ2-1-2,2,esm1,-19.3,-55.5,24.2550598961602,standard,10-30 cm,19.3-55.5 cm
UTRGV,max,BAU,AZ2-1,AZ2-1-2,2,esm2,-20.5439357734111,-55.5555165667686,24.0465813671864,standard,10-30 cm,20.5-55.6 cm
UTRGV,fd,BAU,AZ2-1,AZ2-1-2,2,fd,-10,-30,20.899177376,standard,10-30 cm,10-30 cm
UTRGV,max,BAU,AZ2-1,AZ2-1-3,3,esm1,-55.5,-76.5,8.52599999999953,standard,30-50 cm,55.5-76.5 cm
UTRGV,max,BAU,AZ2-1,AZ2-1-3,3,esm2,-55.5555165667686,-76.5097573092842,8.72984912124167,standard,30-50 cm,55.6-76.5 cm
UTRGV,fd,BAU,AZ2-1,AZ2-1-3,3,fd,-30,-50,10.840999999999998,standard,30-50 cm,30-50 cm
UTRGV,max,BAU,AZ2-1,AZ2-1-4,4,esm1,-76.5,-101.2,4.7207800000004,standard,50-75 cm,76.5-101.2 cm
UTRGV,max,BAU,AZ2-1,AZ2-1-4,4,esm2,-76.5097573092842,-101.261259038705,4.26026973102964,standard,50-75 cm,76.5-101.3 cm
UTRGV,fd,BAU,AZ2-1,AZ2-1-4,4,fd,-50,-75,10.149999999999999,standard,50-75 cm,50-75 cm
UTRGV,max,BAU,AZ2-1,AZ2-1-5,5,esm1,-101.2,-126.2,3.89125000000057,standard,75-100 cm,101.2-126.2 cm
UTRGV,max,BAU,AZ2-1,AZ2-1-5,5,esm2,-101.261259038705,-124.677511963033,-5.17447178628134,standard,75-100 cm,101.3-124.7 cm
UTRGV,fd,BAU,AZ2-1,AZ2-1-5,5,fd,-75,-100,5.143,standard,75-100 cm,75-100 cm
UTRGV,max,BAU,AZ2-2,AZ2-2-1,1,esm1,0,-19.4,19.358004330734,standard,0-10 cm,0-19.4 cm
UTRGV,max,BAU,AZ2-2,AZ2-2-1,1,esm2,0,-19.7256692329053,19.8875346527827,standard,0-10 cm,0-19.7 cm
UTRGV,fd,BAU,AZ2-2,AZ2-2-1,1,fd,0,-10,10.76459504825,standard,0-10 cm,0-10 cm
UTRGV,max,BAU,AZ2-2,AZ2-2-2,2,esm1,-19.4,-56.5,27.0304402547167,standard,10-30 cm,19.4-56.5 cm
UTRGV,max,BAU,AZ2-2,AZ2-2-2,2,esm2,-19.7256692329053,-56.3682564231478,26.8940122398665,standard,10-30 cm,19.7-56.4 cm
UTRGV,fd,BAU,AZ2-2,AZ2-2-2,2,fd,-10,-30,18.283849537200002,standard,10-30 cm,10-30 cm
UTRGV,max,BAU,AZ2-2,AZ2-2-3,3,esm1,-56.5,-77.5,10.5840000000007,standard,30-50 cm,56.5-77.5 cm
UTRGV,max,BAU,AZ2-2,AZ2-2-3,3,esm2,-56.3682564231478,-77.4893723198454,10.4108490295975,standard,30-50 cm,56.4-77.5 cm
UTRGV,fd,BAU,AZ2-2,AZ2-2-3,3,fd,-30,-50,14.063999999999998,standard,30-50 cm,30-50 cm
UTRGV,max,BAU,AZ2-2,AZ2-2-4,4,esm1,-77.5,-102.2,8.48498999999985,standard,50-75 cm,77.5-102.2 cm
UTRGV,max,BAU,AZ2-2,AZ2-2-4,4,esm2,-77.4893723198454,-102.208690965343,8.06086080413053,standard,50-75 cm,77.5-102.2 cm
UTRGV,fd,BAU,AZ2-2,AZ2-2-4,4,fd,-50,-75,12.6,standard,50-75 cm,50-75 cm
UTRGV,max,BAU,AZ2-2,AZ2-2-5,5,esm1,-102.2,-127.2,8.13624999999973,standard,75-100 cm,102.2-127.2 cm
UTRGV,max,BAU,AZ2-2,AZ2-2-5,5,esm2,-102.208690965343,-124.712299498105,2.32271289412164,standard,75-100 cm,102.2-124.7 cm
UTRGV,fd,BAU,AZ2-2,AZ2-2-5,5,fd,-75,-100,9.029,standard,75-100 cm,75-100 cm
UTRGV,max,BAU,AZ2-3,AZ2-3-1,1,esm1,0,-16.2,24.9129561146499,standard,0-10 cm,0-16.2 cm
UTRGV,max,BAU,AZ2-3,AZ2-3-1,1,esm2,0,-16.1932086488461,26.0688201710593,standard,0-10 cm,0-16.2 cm
UTRGV,fd,BAU,AZ2-3,AZ2-3-1,1,fd,0,-10,16.42126298275,standard,0-10 cm,0-10 cm
UTRGV,max,BAU,AZ2-3,AZ2-3-2,2,esm1,-16.2,-51,48.3718653581001,standard,10-30 cm,16.2-51 cm
UTRGV,max,BAU,AZ2-3,AZ2-3-2,2,esm2,-16.1932086488461,-50.9819475444524,47.4534506994064,standard,10-30 cm,16.2-51 cm
UTRGV,fd,BAU,AZ2-3,AZ2-3-2,2,fd,-10,-30,27.39255849,standard,10-30 cm,10-30 cm
UTRGV,max,BAU,AZ2-3,AZ2-3-3,3,esm1,-51,-71.9,21.9450000000008,standard,30-50 cm,51-71.9 cm
UTRGV,max,BAU,AZ2-3,AZ2-3-3,3,esm2,-50.9819475444524,-71.8792418410102,22.7955494450889,standard,30-50 cm,51-71.9 cm
UTRGV,fd,BAU,AZ2-3,AZ2-3-3,3,fd,-30,-50,28.421,standard,30-50 cm,30-50 cm
UTRGV,max,BAU,AZ2-3,AZ2-3-4,4,esm1,-71.9,-96.7,23.1559099999992,standard,50-75 cm,71.9-96.7 cm
UTRGV,max,BAU,AZ2-3,AZ2-3-4,4,esm2,-71.8792418410102,-96.8055729985653,22.1567672964743,standard,50-75 cm,71.9-96.8 cm
UTRGV,fd,BAU,AZ2-3,AZ2-3-4,4,fd,-50,-75,26.249999999999996,standard,50-75 cm,50-75 cm
UTRGV,max,BAU,AZ2-3,AZ2-3-5,5,esm1,-96.7,-121.6,21.8447699999984,standard,75-100 cm,96.7-121.6 cm
UTRGV,max,BAU,AZ2-3,AZ2-3-5,5,esm2,-96.8055729985653,-120.43165068098,21.8982637029735,standard,75-100 cm,96.8-120.4 cm
UTRGV,fd,BAU,AZ2-3,AZ2-3-5,5,fd,-75,-100,22.796,standard,75-100 cm,75-100 cm
UTRGV,max,BAU,AZ3-1,AZ3-1-1,1,esm1,0,-22.6,27.8363126580198,standard,0-10 cm,0-22.6 cm
UTRGV,max,BAU,AZ3-1,AZ3-1-1,1,esm2,0,-23.4246791241183,28.1546454505769,standard,0-10 cm,0-23.4 cm
UTRGV,fd,BAU,AZ3-1,AZ3-1-1,1,fd,0,-10,15.813355283900002,standard,0-10 cm,0-10 cm
UTRGV,max,BAU,AZ3-1,AZ3-1-2,2,esm1,-22.6,-61.3,40.3151019498805,standard,10-30 cm,22.6-61.3 cm
UTRGV,max,BAU,AZ3-1,AZ3-1-2,2,esm2,-23.4246791241183,-60.6347205263712,39.6926989528793,standard,10-30 cm,23.4-60.6 cm
UTRGV,fd,BAU,AZ3-1,AZ3-1-2,2,fd,-10,-30,19.084059324000002,standard,10-30 cm,10-30 cm
UTRGV,max,BAU,AZ3-1,AZ3-1-3,3,esm1,-61.3,-82.2,21.5028000000008,standard,30-50 cm,61.3-82.2 cm
UTRGV,max,BAU,AZ3-1,AZ3-1-3,3,esm2,-60.6347205263712,-82.3320781595902,22.1683764676923,standard,30-50 cm,60.6-82.3 cm
UTRGV,fd,BAU,AZ3-1,AZ3-1-3,3,fd,-30,-50,21.388999999999996,standard,30-50 cm,30-50 cm
UTRGV,max,BAU,AZ3-1,AZ3-1-4,4,esm1,-82.2,-106.9,20.9703000000011,standard,50-75 cm,82.2-106.9 cm
UTRGV,max,BAU,AZ3-1,AZ3-1-4,4,esm2,-82.3320781595902,-106.4365751199,18.777378218824,standard,50-75 cm,82.3-106.4 cm
UTRGV,fd,BAU,AZ3-1,AZ3-1-4,4,fd,-50,-75,26.249999999999996,standard,50-75 cm,50-75 cm
UTRGV,max,BAU,AZ3-1,AZ3-1-5,5,esm1,-106.9,-131.9,21.2250000000012,standard,75-100 cm,106.9-131.9 cm
UTRGV,max,BAU,AZ3-1,AZ3-1-5,5,esm2,-106.4365751199,-126.566668974698,3.56508931026505,standard,75-100 cm,106.4-126.6 cm
UTRGV,fd,BAU,AZ3-1,AZ3-1-5,5,fd,-75,-100,22.229999999999997,standard,75-100 cm,75-100 cm
UTRGV,max,BAU,AZ3-2,AZ3-2-1,1,esm1,0,-18.9,22.6991595033461,standard,0-10 cm,0-18.9 cm
UTRGV,max,BAU,AZ3-2,AZ3-2-1,1,esm2,0,-18.3051546203615,22.8615058988601,standard,0-10 cm,0-18.3 cm
UTRGV,fd,BAU,AZ3-2,AZ3-2-1,1,fd,0,-10,15.755062497449998,standard,0-10 cm,0-10 cm
UTRGV,max,BAU,AZ3-2,AZ3-2-2,2,esm1,-18.9,-58.4,31.0602153669037,standard,10-30 cm,18.9-58.4 cm
UTRGV,max,BAU,AZ3-2,AZ3-2-2,2,esm2,-18.3051546203615,-57.6311894267626,31.8539688619494,standard,10-30 cm,18.3-57.6 cm
UTRGV,fd,BAU,AZ3-2,AZ3-2-2,2,fd,-10,-30,15.604712372799998,standard,10-30 cm,10-30 cm
UTRGV,max,BAU,AZ3-2,AZ3-2-3,3,esm1,-58.4,-79.3,10.5336000000007,standard,30-50 cm,58.4-79.3 cm
UTRGV,max,BAU,AZ3-2,AZ3-2-3,3,esm2,-57.6311894267626,-79.3635607319685,9.68416421122454,standard,30-50 cm,57.6-79.4 cm
UTRGV,fd,BAU,AZ3-2,AZ3-2-3,3,fd,-30,-50,18.165999999999997,standard,30-50 cm,30-50 cm
UTRGV,max,BAU,AZ3-2,AZ3-2-4,4,esm1,-79.3,-104.1,10.5832500000005,standard,50-75 cm,79.3-104.1 cm
UTRGV,max,BAU,AZ3-2,AZ3-2-4,4,esm2,-79.3635607319685,-103.803367742347,10.7573019974384,standard,50-75 cm,79.4-103.8 cm
UTRGV,fd,BAU,AZ3-2,AZ3-2-4,4,fd,-50,-75,12.6,standard,50-75 cm,50-75 cm
UTRGV,max,BAU,AZ3-2,AZ3-2-5,5,esm1,-104.1,-129,10.5700500000006,standard,75-100 cm,104.1-129 cm
UTRGV,max,BAU,AZ3-2,AZ3-2-5,5,esm2,-103.803367742347,-123.782143675882,16.9572887919882,standard,75-100 cm,103.8-123.8 cm
UTRGV,fd,BAU,AZ3-2,AZ3-2-5,5,fd,-75,-100,11.01,standard,75-100 cm,75-100 cm
UTRGV,max,BAU,AZ3-3,AZ3-3-1,1,esm1,0,-17.4,23.0973456519719,standard,0-10 cm,0-17.4 cm
UTRGV,max,BAU,AZ3-3,AZ3-3-1,1,esm2,0,-17.9078630395357,22.7641871446793,standard,0-10 cm,0-17.9 cm
UTRGV,fd,BAU,AZ3-3,AZ3-3-1,1,fd,0,-10,13.965123398699998,standard,0-10 cm,0-10 cm
UTRGV,max,BAU,AZ3-3,AZ3-3-2,2,esm1,-17.4,-53.1,55.8636595123282,standard,10-30 cm,17.4-53.1 cm
UTRGV,max,BAU,AZ3-3,AZ3-3-2,2,esm2,-17.9078630395357,-53.069334541831,58.1802307100785,standard,10-30 cm,17.9-53.1 cm
UTRGV,fd,BAU,AZ3-3,AZ3-3-2,2,fd,-10,-30,24.681681765599997,standard,10-30 cm,10-30 cm
UTRGV,max,BAU,AZ3-3,AZ3-3-3,3,esm1,-53.1,-74,16.9707999999991,standard,30-50 cm,53.1-74 cm
UTRGV,max,BAU,AZ3-3,AZ3-3-3,3,esm2,-53.069334541831,-74.0151794263252,17.2079553012735,standard,30-50 cm,53.1-74 cm
UTRGV,fd,BAU,AZ3-3,AZ3-3-3,3,fd,-30,-50,37.797,standard,30-50 cm,30-50 cm
UTRGV,max,BAU,AZ3-3,AZ3-3-4,4,esm1,-74,-98.8,13.9166799999986,standard,50-75 cm,74-98.8 cm
UTRGV,max,BAU,AZ3-3,AZ3-3-4,4,esm2,-74.0151794263252,-98.8684675453262,11.5859444164036,standard,50-75 cm,74-98.9 cm
UTRGV,fd,BAU,AZ3-3,AZ3-3-4,4,fd,-50,-75,20.299999999999997,standard,50-75 cm,50-75 cm
UTRGV,max,BAU,AZ3-3,AZ3-3-5,5,esm1,-98.8,-123.7,11.9793899999985,standard,75-100 cm,98.8-123.7 cm
UTRGV,max,BAU,AZ3-3,AZ3-3-5,5,esm2,-98.8684675453262,-122.319928775498,23.3185441668183,standard,75-100 cm,98.9-122.3 cm
UTRGV,fd,BAU,AZ3-3,AZ3-3-5,5,fd,-75,-100,13.682,standard,75-100 cm,75-100 cm
UTRGV,mean,Ref,AR2-1,AR2-1-1,1,esm1,0,-8.7,16.295666500711,standard,0-10 cm,0-8.7 cm
UTRGV,mean,Ref,AR2-1,AR2-1-1,1,esm2,0,-8.73545348531358,16.579147151573,standard,0-10 cm,0-8.7 cm
UTRGV,mean,Ref,AR2-1,AR2-1-2,2,esm1,-8.7,-27.6,19.264961097575,standard,10-30 cm,8.7-27.6 cm
UTRGV,mean,Ref,AR2-1,AR2-1-2,2,esm2,-8.73545348531358,-27.4854666070877,18.7987645746178,standard,10-30 cm,8.7-27.5 cm
UTRGV,mean,Ref,AR2-1,AR2-1-3,3,esm1,-27.6,-47.3,25.1157870116641,standard,30-50 cm,27.6-47.3 cm
UTRGV,mean,Ref,AR2-1,AR2-1-3,3,esm2,-27.4854666070877,-47.2705248047869,25.3614512250313,standard,30-50 cm,27.5-47.3 cm
UTRGV,mean,Ref,AR2-1,AR2-1-4,4,esm1,-47.3,-72.2,21.8971499999999,standard,50-75 cm,47.3-72.2 cm
UTRGV,mean,Ref,AR2-1,AR2-1-4,4,esm2,-47.2705248047869,-72.1938577011871,23.452778128787,standard,50-75 cm,47.3-72.2 cm
UTRGV,mean,Ref,AR2-1,AR2-1-5,5,esm1,-72.2,-97.2,15.934619999999,standard,75-100 cm,72.2-97.2 cm
UTRGV,mean,Ref,AR2-1,AR2-1-5,5,esm2,-72.1938577011871,-97.2970234754805,14.4105201738576,standard,75-100 cm,72.2-97.3 cm
UTRGV,mean,Ref,AR2-2,AR2-2-1,1,esm1,0,-7.1,21.44887823442,standard,0-10 cm,0-7.1 cm
UTRGV,mean,Ref,AR2-2,AR2-2-1,1,esm2,0,-7.00245558363958,21.4867193026857,standard,0-10 cm,0-7 cm
UTRGV,mean,Ref,AR2-2,AR2-2-2,2,esm1,-7.1,-26.5,42.4449040020302,standard,10-30 cm,7.1-26.5 cm
UTRGV,mean,Ref,AR2-2,AR2-2-2,2,esm2,-7.00245558363958,-26.2628745103382,43.0949951730063,standard,10-30 cm,7-26.3 cm
UTRGV,mean,Ref,AR2-2,AR2-2-3,3,esm1,-26.5,-46.5,28.3365540280997,standard,30-50 cm,26.5-46.5 cm
UTRGV,mean,Ref,AR2-2,AR2-2-3,3,esm2,-26.2628745103382,-46.5348488114181,28.4679258411096,standard,30-50 cm,26.3-46.5 cm
UTRGV,mean,Ref,AR2-2,AR2-2-4,4,esm1,-46.5,-71.3,25.9313250000013,standard,50-75 cm,46.5-71.3 cm
UTRGV,mean,Ref,AR2-2,AR2-2-4,4,esm2,-46.5348488114181,-71.219596235079,25.2057334416524,standard,50-75 cm,46.5-71.2 cm
UTRGV,mean,Ref,AR2-2,AR2-2-5,5,esm1,-71.3,-96.3,24.9147500000014,standard,75-100 cm,71.3-96.3 cm
UTRGV,mean,Ref,AR2-2,AR2-2-5,5,esm2,-71.219596235079,-96.4632380355591,24.8879519407376,standard,75-100 cm,71.2-96.5 cm
UTRGV,mean,Ref,AR2-3,AR2-3-1,1,esm1,0,-7.9,42.794647014792,standard,0-10 cm,0-7.9 cm
UTRGV,mean,Ref,AR2-3,AR2-3-1,1,esm2,0,-8.01433360380388,43.7296398014339,standard,0-10 cm,0-8 cm
UTRGV,mean,Ref,AR2-3,AR2-3-2,2,esm1,-7.9,-20.8,33.0817703448964,standard,10-30 cm,7.9-20.8 cm
UTRGV,mean,Ref,AR2-3,AR2-3-2,2,esm2,-8.01433360380388,-20.6569319710033,41.035663783382,standard,10-30 cm,8-20.7 cm
UTRGV,mean,Ref,AR2-3,AR2-3-3,3,esm1,-20.8,-33.8,24.0037712485124,standard,30-50 cm,20.8-33.8 cm
UTRGV,mean,Ref,AR2-3,AR2-3-3,3,esm2,-20.6569319710033,-33.2307393312408,14.7853150913556,standard,30-50 cm,20.7-33.2 cm
UTRGV,mean,Ref,AR2-3,AR2-3-4,4,esm1,-33.8,-58,20.2851900000005,standard,50-75 cm,33.8-58 cm
UTRGV,mean,Ref,AR2-3,AR2-3-4,4,esm2,-33.2307393312408,-58.2768685170678,19.0154480100306,standard,50-75 cm,33.2-58.3 cm
UTRGV,mean,Ref,AR2-3,AR2-3-5,5,esm1,-58,-83.2,31.0254400000011,standard,75-100 cm,58-83.2 cm
UTRGV,mean,Ref,AR2-3,AR2-3-5,5,esm2,-58.2768685170678,-83.263342258613,33.5364674428949,standard,75-100 cm,58.3-83.3 cm
UTRGV,mean,Ref,AR3-1,AR3-1-1,1,esm1,0,-14.5,48.8126676454301,standard,0-10 cm,0-14.5 cm
UTRGV,mean,Ref,AR3-1,AR3-1-1,1,esm2,0,-14.3179414126022,44.5640540517422,standard,0-10 cm,0-14.3 cm
UTRGV,mean,Ref,AR3-1,AR3-1-2,2,esm1,-14.5,-37.5,97.2346472884192,standard,10-30 cm,14.5-37.5 cm
UTRGV,mean,Ref,AR3-1,AR3-1-2,2,esm2,-14.3179414126022,-37.8052811218395,108.284744481031,standard,10-30 cm,14.3-37.8 cm
UTRGV,mean,Ref,AR3-1,AR3-1-3,3,esm1,-37.5,-57.9,56.4133499999991,standard,30-50 cm,37.5-57.9 cm
UTRGV,mean,Ref,AR3-1,AR3-1-3,3,esm2,-37.8052811218395,-57.6667748956905,52.7390442067945,standard,30-50 cm,37.8-57.7 cm
UTRGV,mean,Ref,AR3-1,AR3-1-4,4,esm1,-57.9,-82.8,40.2882199999977,standard,50-75 cm,57.9-82.8 cm
UTRGV,mean,Ref,AR3-1,AR3-1-4,4,esm2,-57.6667748956905,-82.937176913965,36.673772659572,standard,50-75 cm,57.7-82.9 cm
UTRGV,mean,Ref,AR3-1,AR3-1-5,5,esm1,-82.8,-107.8,39.2662499999972,standard,75-100 cm,82.8-107.8 cm
UTRGV,mean,Ref,AR3-1,AR3-1-5,5,esm2,-82.937176913965,-107.469760869723,45.0075943077968,standard,75-100 cm,82.9-107.5 cm
UTRGV,mean,Ref,AR3-2,AR3-2-1,1,esm1,0,-10.5,45.7804211257501,standard,0-10 cm,0-10.5 cm
UTRGV,mean,Ref,AR3-2,AR3-2-1,1,esm2,0,-10.7235396612759,46.2262773658991,standard,0-10 cm,0-10.7 cm
UTRGV,mean,Ref,AR3-2,AR3-2-2,2,esm1,-10.5,-29.4,44.3788292971802,standard,10-30 cm,10.5-29.4 cm
UTRGV,mean,Ref,AR3-2,AR3-2-2,2,esm2,-10.7235396612759,-29.4066546901426,44.1170116618549,standard,10-30 cm,10.7-29.4 cm
UTRGV,mean,Ref,AR3-2,AR3-2-3,3,esm1,-29.4,-49.3,30.5315867237211,standard,30-50 cm,29.4-49.3 cm
UTRGV,mean,Ref,AR3-2,AR3-2-3,3,esm2,-29.4066546901426,-49.2805133854799,30.6567508104389,standard,30-50 cm,29.4-49.3 cm
UTRGV,mean,Ref,AR3-2,AR3-2-4,4,esm1,-49.3,-74.2,15.6246650000007,standard,50-75 cm,49.3-74.2 cm
UTRGV,mean,Ref,AR3-2,AR3-2-4,4,esm2,-49.2805133854799,-74.3124716351086,15.9794585151924,standard,50-75 cm,49.3-74.3 cm
UTRGV,mean,Ref,AR3-2,AR3-2-5,5,esm1,-74.2,-99.2,20.3357599999993,standard,75-100 cm,74.2-99.2 cm
UTRGV,mean,Ref,AR3-2,AR3-2-5,5,esm2,-74.3124716351086,-99.3031679831071,19.4459560724052,standard,75-100 cm,74.3-99.3 cm
UTRGV,mean,Ref,AR3-3,AR3-3-1,1,esm1,0,-12.6,82.432007608174,standard,0-10 cm,0-12.6 cm
UTRGV,mean,Ref,AR3-3,AR3-3-1,1,esm2,0,-12.299250262675,80.8211867147697,standard,0-10 cm,0-12.3 cm
UTRGV,mean,Ref,AR3-3,AR3-3-2,2,esm1,-12.6,-36,71.213271897875,standard,10-30 cm,12.6-36 cm
UTRGV,mean,Ref,AR3-3,AR3-3-2,2,esm2,-12.299250262675,-36.459877817832,78.038547514318,standard,10-30 cm,12.3-36.5 cm
UTRGV,mean,Ref,AR3-3,AR3-3-3,3,esm1,-36,-56.3,34.7668999999998,standard,30-50 cm,36-56.3 cm
UTRGV,mean,Ref,AR3-3,AR3-3-3,3,esm2,-36.459877817832,-56.1022455143758,31.6714625664152,standard,30-50 cm,36.5-56.1 cm
UTRGV,mean,Ref,AR3-3,AR3-3-4,4,esm1,-56.3,-81.3,19.3172900000013,standard,50-75 cm,56.3-81.3 cm
UTRGV,mean,Ref,AR3-3,AR3-3-4,4,esm2,-56.1022455143758,-81.3880627921213,17.3662194919261,standard,50-75 cm,56.1-81.4 cm
UTRGV,mean,Ref,AR3-3,AR3-3-5,5,esm1,-81.3,-106.3,7.78249999999758,standard,75-100 cm,81.3-106.3 cm
UTRGV,mean,Ref,AR3-3,AR3-3-5,5,esm2,-81.3880627921213,-106.007697337219,7.48686883500528,standard,75-100 cm,81.4-106 cm
UTRGV,mean,BAU,AX1-1,AX1-1-1,1,esm1,0,-10.9,22.86089954817,standard,0-10 cm,0-10.9 cm
UTRGV,mean,BAU,AX1-1,AX1-1-1,1,esm2,0,-10.8308241000855,23.0168996113562,standard,0-10 cm,0-10.8 cm
UTRGV,mean,BAU,AX1-1,AX1-1-2,2,esm1,-10.9,-34.3,38.6977078260799,standard,10-30 cm,10.9-34.3 cm
UTRGV,mean,BAU,AX1-1,AX1-1-2,2,esm2,-10.8308241000855,-34.6550000636582,38.5969004710086,standard,10-30 cm,10.8-34.7 cm
UTRGV,mean,BAU,AX1-1,AX1-1-3,3,esm1,-34.3,-54.5,36.2856450000006,standard,30-50 cm,34.3-54.5 cm
UTRGV,mean,BAU,AX1-1,AX1-1-3,3,esm2,-34.6550000636582,-54.3571821839534,37.1470311285953,standard,30-50 cm,34.7-54.4 cm
UTRGV,mean,BAU,AX1-1,AX1-1-4,4,esm1,-54.5,-79.5,36.7500000000008,standard,50-75 cm,54.5-79.5 cm
UTRGV,mean,BAU,AX1-1,AX1-1-4,4,esm2,-54.3571821839534,-79.5538660259525,35.9686351805969,standard,50-75 cm,54.4-79.6 cm
UTRGV,mean,BAU,AX1-1,AX1-1-5,5,esm1,-79.5,-104.5,35.749174999997,standard,75-100 cm,79.5-104.5 cm
UTRGV,mean,BAU,AX1-1,AX1-1-5,5,esm2,-79.5538660259525,-104.325754495522,36.1173762526834,standard,75-100 cm,79.6-104.3 cm
UTRGV,mean,BAU,AX1-2,AX1-2-1,1,esm1,0,-9.6,31.122376582976,standard,0-10 cm,0-9.6 cm
UTRGV,mean,BAU,AX1-2,AX1-2-1,1,esm2,0,-9.66298259064191,31.2688076519745,standard,0-10 cm,0-9.7 cm
UTRGV,mean,BAU,AX1-2,AX1-2-2,2,esm1,-9.6,-25.7,58.0705830187243,standard,10-30 cm,9.6-25.7 cm
UTRGV,mean,BAU,AX1-2,AX1-2-2,2,esm2,-9.66298259064191,-25.2115114277105,58.459592502553,standard,10-30 cm,9.7-25.2 cm
UTRGV,mean,BAU,AX1-2,AX1-2-3,3,esm1,-25.7,-44.2,50.2556395253993,standard,30-50 cm,25.7-44.2 cm
UTRGV,mean,BAU,AX1-2,AX1-2-3,3,esm2,-25.2115114277105,-44.0031894198037,50.3578208301583,standard,30-50 cm,25.2-44 cm
UTRGV,mean,BAU,AX1-2,AX1-2-4,4,esm1,-44.2,-69,55.6859900000002,standard,50-75 cm,44.2-69 cm
UTRGV,mean,BAU,AX1-2,AX1-2-4,4,esm2,-44.0031894198037,-69.0638900882004,55.6707475547262,standard,50-75 cm,44-69.1 cm
UTRGV,mean,BAU,AX1-2,AX1-2-5,5,esm1,-69,-94,52.7484999999999,standard,75-100 cm,69-94 cm
UTRGV,mean,BAU,AX1-2,AX1-2-5,5,esm2,-69.0638900882004,-94.1388190142379,52.602645887963,standard,75-100 cm,69.1-94.1 cm
UTRGV,mean,BAU,AX1-3,AX1-3-1,1,esm1,0,-10.3,29.52747705855,standard,0-10 cm,0-10.3 cm
UTRGV,mean,BAU,AX1-3,AX1-3-1,1,esm2,0,-10.3489642356679,29.840522131322,standard,0-10 cm,0-10.3 cm
UTRGV,mean,BAU,AX1-3,AX1-3-2,2,esm1,-10.3,-29.7,44.9140250419996,standard,10-30 cm,10.3-29.7 cm
UTRGV,mean,BAU,AX1-3,AX1-3-2,2,esm2,-10.3489642356679,-29.7258830575152,44.8126854836907,standard,10-30 cm,10.3-29.7 cm
UTRGV,mean,BAU,AX1-3,AX1-3-3,3,esm1,-29.7,-49.7,35.6157517790011,standard,30-50 cm,29.7-49.7 cm
UTRGV,mean,BAU,AX1-3,AX1-3-3,3,esm2,-29.7258830575152,-49.7089382655795,35.2614451809055,standard,30-50 cm,29.7-49.7 cm
UTRGV,mean,BAU,AX1-3,AX1-3-4,4,esm1,-49.7,-74.7,74.1871950000013,standard,50-75 cm,49.7-74.7 cm
UTRGV,mean,BAU,AX1-3,AX1-3-4,4,esm2,-49.7089382655795,-74.6781487196711,74.6183792794304,standard,50-75 cm,49.7-74.7 cm
UTRGV,mean,BAU,AX1-3,AX1-3-5,5,esm1,-74.7,-99.7,49.5339549999984,standard,75-100 cm,74.7-99.7 cm
UTRGV,mean,BAU,AX1-3,AX1-3-5,5,esm2,-74.6781487196711,-99.7125340463236,49.6513709755497,standard,75-100 cm,74.7-99.7 cm
UTRGV,mean,BAU,AX2-1,AX2-1-1,1,esm1,0,-12.6,21.93067606715,standard,0-10 cm,0-12.6 cm
UTRGV,mean,BAU,AX2-1,AX2-1-1,1,esm2,0,-15.3475913534406,22.0595025554546,standard,0-10 cm,0-15.3 cm
UTRGV,mean,BAU,AX2-1,AX2-1-2,2,esm1,-12.6,-32.6,38.8476699075997,standard,10-30 cm,12.6-32.6 cm
UTRGV,mean,BAU,AX2-1,AX2-1-2,2,esm2,-15.3475913534406,-31.8857014742338,38.9303965361097,standard,10-30 cm,15.3-31.9 cm
UTRGV,mean,BAU,AX2-1,AX2-1-3,3,esm1,-32.6,-52.7,33.5385599999996,standard,30-50 cm,32.6-52.7 cm
UTRGV,mean,BAU,AX2-1,AX2-1-3,3,esm2,-31.8857014742338,-52.9535103156161,33.7416771679901,standard,30-50 cm,31.9-53 cm
UTRGV,mean,BAU,AX2-1,AX2-1-4,4,esm1,-52.7,-77.7,36.7500000000011,standard,50-75 cm,52.7-77.7 cm
UTRGV,mean,BAU,AX2-1,AX2-1-4,4,esm2,-52.9535103156161,-77.8247649359765,36.8712694214317,standard,50-75 cm,53-77.8 cm
UTRGV,mean,BAU,AX2-1,AX2-1-5,5,esm1,-77.7,-102.7,26.186555000003,standard,75-100 cm,77.7-102.7 cm
UTRGV,mean,BAU,AX2-1,AX2-1-5,5,esm2,-77.8247649359765,-102.758165773502,24.7516063339766,standard,75-100 cm,77.8-102.8 cm
UTRGV,mean,BAU,AX2-2,AX2-2-1,1,esm1,0,-11.3,16.9708681774,standard,0-10 cm,0-11.3 cm
UTRGV,mean,BAU,AX2-2,AX2-2-1,1,esm2,0,-11.1429034449153,16.6768573179979,standard,0-10 cm,0-11.1 cm
UTRGV,mean,BAU,AX2-2,AX2-2-2,2,esm1,-11.3,-30.9,39.0279428702498,standard,10-30 cm,11.3-30.9 cm
UTRGV,mean,BAU,AX2-2,AX2-2-2,2,esm2,-11.1429034449153,-30.9282668497559,39.6297656215863,standard,10-30 cm,11.1-30.9 cm
UTRGV,mean,BAU,AX2-2,AX2-2-3,3,esm1,-30.9,-50.9,28.5936699999994,standard,30-50 cm,30.9-50.9 cm
UTRGV,mean,BAU,AX2-2,AX2-2-3,3,esm2,-30.9282668497559,-50.970045804757,28.3813261813094,standard,30-50 cm,30.9-51 cm
UTRGV,mean,BAU,AX2-2,AX2-2-4,4,esm1,-50.9,-75.9,32.5500000000005,standard,50-75 cm,50.9-75.9 cm
UTRGV,mean,BAU,AX2-2,AX2-2-4,4,esm2,-50.970045804757,-75.9671550785515,32.7230275306943,standard,50-75 cm,51-76 cm
UTRGV,mean,BAU,AX2-2,AX2-2-5,5,esm1,-75.9,-100.9,29.588469999999,standard,75-100 cm,75.9-100.9 cm
UTRGV,mean,BAU,AX2-2,AX2-2-5,5,esm2,-75.9671550785515,-100.957335018788,29.2980389876502,standard,75-100 cm,76-101 cm
UTRGV,mean,BAU,AX2-3,AX2-3-1,1,esm1,0,-10.5,30.664775207175,standard,0-10 cm,0-10.5 cm
UTRGV,mean,BAU,AX2-3,AX2-3-1,1,esm2,0,-10.5236791464214,30.9563593901766,standard,0-10 cm,0-10.5 cm
UTRGV,mean,BAU,AX2-3,AX2-3-2,2,esm1,-10.5,-29.6,52.0306794828146,standard,10-30 cm,10.5-29.6 cm
UTRGV,mean,BAU,AX2-3,AX2-3-2,2,esm2,-10.5236791464214,-29.6693237144095,52.0344998264746,standard,10-30 cm,10.5-29.7 cm
UTRGV,mean,BAU,AX2-3,AX2-3-3,3,esm1,-29.6,-49.6,43.5863677378597,standard,30-50 cm,29.6-49.6 cm
UTRGV,mean,BAU,AX2-3,AX2-3-3,3,esm2,-29.6693237144095,-49.6451083739307,43.4667409122228,standard,30-50 cm,29.7-49.6 cm
UTRGV,mean,BAU,AX2-3,AX2-3-4,4,esm1,-49.6,-74.6,42.8840800000034,standard,50-75 cm,49.6-74.6 cm
UTRGV,mean,BAU,AX2-3,AX2-3-4,4,esm2,-49.6451083739307,-74.6178167344129,43.46360385316,standard,50-75 cm,49.6-74.6 cm
UTRGV,mean,BAU,AX2-3,AX2-3-5,5,esm1,-74.6,-99.6,39.4532600000007,standard,75-100 cm,74.6-99.6 cm
UTRGV,mean,BAU,AX2-3,AX2-3-5,5,esm2,-74.6178167344129,-99.6500425667059,38.7705353334305,standard,75-100 cm,74.6-99.7 cm
UTRGV,mean,BAU,AX3-1,AX3-1-1,1,esm1,0,-9.7,22.353627904882998,standard,0-10 cm,0-9.7 cm
UTRGV,mean,BAU,AX3-1,AX3-1-1,1,esm2,0,-9.73186264618094,22.407476862849,standard,0-10 cm,0-9.7 cm
UTRGV,mean,BAU,AX3-1,AX3-1-2,2,esm1,-9.7,-26.4,44.953978331783,standard,10-30 cm,9.7-26.4 cm
UTRGV,mean,BAU,AX3-1,AX3-1-2,2,esm2,-9.73186264618094,-26.1138179441203,43.8986590074823,standard,10-30 cm,9.7-26.1 cm
UTRGV,mean,BAU,AX3-1,AX3-1-3,3,esm1,-26.4,-45.4,49.6466869683839,standard,30-50 cm,26.4-45.4 cm
UTRGV,mean,BAU,AX3-1,AX3-1-3,3,esm2,-26.1138179441203,-45.2003732590598,50.6145227350779,standard,30-50 cm,26.1-45.2 cm
UTRGV,mean,BAU,AX3-1,AX3-1-4,4,esm1,-45.4,-70.2,58.0244299999973,standard,50-75 cm,45.4-70.2 cm
UTRGV,mean,BAU,AX3-1,AX3-1-4,4,esm2,-45.2003732590598,-70.253521838195,59.1386921866928,standard,50-75 cm,45.2-70.3 cm
UTRGV,mean,BAU,AX3-1,AX3-1-5,5,esm1,-70.2,-95.2,54.4105199999992,standard,75-100 cm,70.2-95.2 cm
UTRGV,mean,BAU,AX3-1,AX3-1-5,5,esm2,-70.253521838195,-95.3165931260034,53.6969662641121,standard,75-100 cm,70.3-95.3 cm
UTRGV,mean,BAU,AX3-2,AX3-2-1,1,esm1,0,-10.9,36.4482461671419,standard,0-10 cm,0-10.9 cm
UTRGV,mean,BAU,AX3-2,AX3-2-1,1,esm2,0,-11.0236059881609,36.5897635609009,standard,0-10 cm,0-11 cm
UTRGV,mean,BAU,AX3-2,AX3-2-2,2,esm1,-10.9,-30.3,61.9594180334585,standard,10-30 cm,10.9-30.3 cm
UTRGV,mean,BAU,AX3-2,AX3-2-2,2,esm2,-11.0236059881609,-30.3314693731069,62.0343455101492,standard,10-30 cm,11-30.3 cm
UTRGV,mean,BAU,AX3-2,AX3-2-3,3,esm1,-30.3,-50.3,50.0402549999997,standard,30-50 cm,30.3-50.3 cm
UTRGV,mean,BAU,AX3-2,AX3-2-3,3,esm2,-30.3314693731069,-50.3766310974587,50.0185427484329,standard,30-50 cm,30.3-50.4 cm
UTRGV,mean,BAU,AX3-2,AX3-2-4,4,esm1,-50.3,-75.3,57.4000000000012,standard,50-75 cm,50.3-75.3 cm
UTRGV,mean,BAU,AX3-2,AX3-2-4,4,esm2,-50.3766310974587,-75.3799409014134,58.0074414319949,standard,50-75 cm,50.4-75.4 cm
UTRGV,mean,BAU,AX3-2,AX3-2-5,5,esm1,-75.3,-100.3,48.9947850000017,standard,75-100 cm,75.3-100.3 cm
UTRGV,mean,BAU,AX3-2,AX3-2-5,5,esm2,-75.3799409014134,-100.367453017188,48.2184841057522,standard,75-100 cm,75.4-100.4 cm
UTRGV,mean,BAU,AX3-3,AX3-3-1,1,esm1,0,-9.3,20.550662958248,standard,0-10 cm,0-9.3 cm
UTRGV,mean,BAU,AX3-3,AX3-3-1,1,esm2,0,-9.31243695776225,20.602800268572,standard,0-10 cm,0-9.3 cm
UTRGV,mean,BAU,AX3-3,AX3-3-2,2,esm1,-9.3,-26.3,31.7078328218519,standard,10-30 cm,9.3-26.3 cm
UTRGV,mean,BAU,AX3-3,AX3-3-2,2,esm2,-9.31243695776225,-26.2001395987488,32.225233987144,standard,10-30 cm,9.3-26.2 cm
UTRGV,mean,BAU,AX3-3,AX3-3-3,3,esm1,-26.3,-45.3,27.2884957602996,standard,30-50 cm,26.3-45.3 cm
UTRGV,mean,BAU,AX3-3,AX3-3-3,3,esm2,-26.2001395987488,-45.0815875913201,27.1455129573302,standard,30-50 cm,26.2-45.1 cm
UTRGV,mean,BAU,AX3-3,AX3-3-4,4,esm1,-45.3,-70.1,24.8382049999994,standard,50-75 cm,45.3-70.1 cm
UTRGV,mean,BAU,AX3-3,AX3-3-4,4,esm2,-45.0815875913201,-70.202289236452,25.9200242956638,standard,50-75 cm,45.1-70.2 cm
UTRGV,mean,BAU,AX3-3,AX3-3-5,5,esm1,-70.1,-95.1,18.1215300000007,standard,75-100 cm,70.1-95.1 cm
UTRGV,mean,BAU,AX3-3,AX3-3-5,5,esm2,-70.202289236452,-95.2329288584066,17.1241607190623,standard,75-100 cm,70.2-95.2 cm
UTRGV,mean,BAU,AY1-1,AY1-1-1,1,esm1,0,-9,15.27709565712,standard,0-10 cm,0-9 cm
UTRGV,mean,BAU,AY1-1,AY1-1-1,1,esm2,0,-9.07115366148853,15.4161954315641,standard,0-10 cm,0-9.1 cm
UTRGV,mean,BAU,AY1-1,AY1-1-2,2,esm1,-9,-24.5,20.6132280488002,standard,10-30 cm,9-24.5 cm
UTRGV,mean,BAU,AY1-1,AY1-1-2,2,esm2,-9.07115366148853,-23.9052616543645,21.2855239641487,standard,10-30 cm,9.1-23.9 cm
UTRGV,mean,BAU,AY1-1,AY1-1-3,3,esm1,-24.5,-42.4,18.0491352684798,standard,30-50 cm,24.5-42.4 cm
UTRGV,mean,BAU,AY1-1,AY1-1-3,3,esm2,-23.9052616543645,-42.0762194975912,17.2426151614519,standard,30-50 cm,23.9-42.1 cm
UTRGV,mean,BAU,AY1-1,AY1-1-4,4,esm1,-42.4,-67.1,19.6079999999992,standard,50-75 cm,42.4-67.1 cm
UTRGV,mean,BAU,AY1-1,AY1-1-4,4,esm2,-42.0762194975912,-67.1703121410746,20.447152164771,standard,50-75 cm,42.1-67.2 cm
UTRGV,mean,BAU,AY1-1,AY1-1-5,5,esm1,-67.1,-92.2,15.6218199999986,standard,75-100 cm,67.1-92.2 cm
UTRGV,mean,BAU,AY1-1,AY1-1-5,5,esm2,-67.1703121410746,-92.2467493257035,15.5460202897894,standard,75-100 cm,67.2-92.2 cm
UTRGV,mean,BAU,AY1-2,AY1-2-1,1,esm1,0,-12,13.55695249723,standard,0-10 cm,0-12 cm
UTRGV,mean,BAU,AY1-2,AY1-2-1,1,esm2,0,-11.5982256758741,14.3910368611379,standard,0-10 cm,0-11.6 cm
UTRGV,mean,BAU,AY1-2,AY1-2-2,2,esm1,-12,-35.4,10.5434721196199,standard,10-30 cm,12-35.4 cm
UTRGV,mean,BAU,AY1-2,AY1-2-2,2,esm2,-11.5982256758741,-35.9323672332437,8.85656605049849,standard,10-30 cm,11.6-35.9 cm
UTRGV,mean,BAU,AY1-2,AY1-2-3,3,esm1,-35.4,-55.7,13.3180900000002,standard,30-50 cm,35.4-55.7 cm
UTRGV,mean,BAU,AY1-2,AY1-2-3,3,esm2,-35.9323672332437,-55.454755295272,13.7611134402303,standard,30-50 cm,35.9-55.5 cm
UTRGV,mean,BAU,AY1-2,AY1-2-4,4,esm1,-55.7,-80.7,20.1342749999997,standard,50-75 cm,55.7-80.7 cm
UTRGV,mean,BAU,AY1-2,AY1-2-4,4,esm2,-55.454755295272,-80.7499156138854,20.4886545844679,standard,50-75 cm,55.5-80.7 cm
UTRGV,mean,BAU,AY1-2,AY1-2-5,5,esm1,-80.7,-105.6,26.425125000001,standard,75-100 cm,80.7-105.6 cm
UTRGV,mean,BAU,AY1-2,AY1-2-5,5,esm2,-80.7499156138854,-105.40328807479,27.4893991076682,standard,75-100 cm,80.7-105.4 cm
UTRGV,mean,BAU,AY1-3,AY1-3-1,1,esm1,0,-8.3,16.686446684987,standard,0-10 cm,0-8.3 cm
UTRGV,mean,BAU,AY1-3,AY1-3-1,1,esm2,0,-8.3264417969526,16.8596878893199,standard,0-10 cm,0-8.3 cm
UTRGV,mean,BAU,AY1-3,AY1-3-2,2,esm1,-8.3,-27.5,28.2145614391631,standard,10-30 cm,8.3-27.5 cm
UTRGV,mean,BAU,AY1-3,AY1-3-2,2,esm2,-8.3264417969526,-27.3394468547793,28.7309981107791,standard,10-30 cm,8.3-27.3 cm
UTRGV,mean,BAU,AY1-3,AY1-3-3,3,esm1,-27.5,-47.3,16.9359017245995,standard,30-50 cm,27.5-47.3 cm
UTRGV,mean,BAU,AY1-3,AY1-3-3,3,esm2,-27.3394468547793,-47.3325102460275,16.6382813957686,standard,30-50 cm,27.3-47.3 cm
UTRGV,mean,BAU,AY1-3,AY1-3-4,4,esm1,-47.3,-72.2,14.8392150000002,standard,50-75 cm,47.3-72.2 cm
UTRGV,mean,BAU,AY1-3,AY1-3-4,4,esm2,-47.3325102460275,-72.1679234676753,14.6980078191563,standard,50-75 cm,47.3-72.2 cm
UTRGV,mean,BAU,AY1-3,AY1-3-5,5,esm1,-72.2,-97.2,13.4822600000011,standard,75-100 cm,72.2-97.2 cm
UTRGV,mean,BAU,AY1-3,AY1-3-5,5,esm2,-72.1679234676753,-97.3223435270929,13.2792929088892,standard,75-100 cm,72.2-97.3 cm
UTRGV,mean,BAU,AY2-1,AY2-1-1,1,esm1,0,-10.2,16.035402621682,standard,0-10 cm,0-10.2 cm
UTRGV,mean,BAU,AY2-1,AY2-1-1,1,esm2,0,-10.3465347219903,16.219184558613,standard,0-10 cm,0-10.3 cm
UTRGV,mean,BAU,AY2-1,AY2-1-2,2,esm1,-10.2,-29,24.8853184136078,standard,10-30 cm,10.2-29 cm
UTRGV,mean,BAU,AY2-1,AY2-1-2,2,esm2,-10.3465347219903,-29.1231940516797,24.8973542185212,standard,10-30 cm,10.3-29.1 cm
UTRGV,mean,BAU,AY2-1,AY2-1-3,3,esm1,-29,-48.9,23.1976021496601,standard,30-50 cm,29-48.9 cm
UTRGV,mean,BAU,AY2-1,AY2-1-3,3,esm2,-29.1231940516797,-48.9028521276281,23.1545746140852,standard,30-50 cm,29.1-48.9 cm
UTRGV,mean,BAU,AY2-1,AY2-1-4,4,esm1,-48.9,-73.9,21.3490850000008,standard,50-75 cm,48.9-73.9 cm
UTRGV,mean,BAU,AY2-1,AY2-1-4,4,esm2,-48.9028521276281,-73.9570204911479,21.6509807246961,standard,50-75 cm,48.9-74 cm
UTRGV,mean,BAU,AY2-1,AY2-1-5,5,esm1,-73.9,-98.9,21.1701000000011,standard,75-100 cm,73.9-98.9 cm
UTRGV,mean,BAU,AY2-1,AY2-1-5,5,esm2,-73.9570204911479,-98.9414213772609,20.6448021584251,standard,75-100 cm,74-98.9 cm
UTRGV,mean,BAU,AY2-2,AY2-2-1,1,esm1,0,-8.5,17.64396676828,standard,0-10 cm,0-8.5 cm
UTRGV,mean,BAU,AY2-2,AY2-2-1,1,esm2,0,-8.42707704794909,17.7339543034319,standard,0-10 cm,0-8.4 cm
UTRGV,mean,BAU,AY2-2,AY2-2-2,2,esm1,-8.5,-30.5,29.3431056996203,standard,10-30 cm,8.5-30.5 cm
UTRGV,mean,BAU,AY2-2,AY2-2-2,2,esm2,-8.42707704794909,-30.6403381120328,29.4225737868933,standard,10-30 cm,8.4-30.6 cm
UTRGV,mean,BAU,AY2-2,AY2-2-3,3,esm1,-30.5,-50.6,17.5941750000002,standard,30-50 cm,30.5-50.6 cm
UTRGV,mean,BAU,AY2-2,AY2-2-3,3,esm2,-30.6403381120328,-50.5732573758237,17.5909376273483,standard,30-50 cm,30.6-50.6 cm
UTRGV,mean,BAU,AY2-2,AY2-2-4,4,esm1,-50.6,-75.6,7.00000000000145,standard,50-75 cm,50.6-75.6 cm
UTRGV,mean,BAU,AY2-2,AY2-2-4,4,esm2,-50.5732573758237,-75.5268400076,6.84757554971267,standard,50-75 cm,50.6-75.5 cm
UTRGV,mean,BAU,AY2-2,AY2-2-5,5,esm1,-75.6,-100.6,15.5150099999993,standard,75-100 cm,75.6-100.6 cm
UTRGV,mean,BAU,AY2-2,AY2-2-5,5,esm2,-75.5268400076,-100.581550671723,15.8004943813629,standard,75-100 cm,75.5-100.6 cm
UTRGV,mean,BAU,AY2-3,AY2-3-1,1,esm1,0,-8.7,14.984768506532,standard,0-10 cm,0-8.7 cm
UTRGV,mean,BAU,AY2-3,AY2-3-1,1,esm2,0,-8.68014166463744,15.0091319576216,standard,0-10 cm,0-8.7 cm
UTRGV,mean,BAU,AY2-3,AY2-3-2,2,esm1,-8.7,-33.2,35.2758985041183,standard,10-30 cm,8.7-33.2 cm
UTRGV,mean,BAU,AY2-3,AY2-3-2,2,esm2,-8.68014166463744,-33.6276684930846,36.2273586272231,standard,10-30 cm,8.7-33.6 cm
UTRGV,mean,BAU,AY2-3,AY2-3-3,3,esm1,-33.2,-53.4,23.8632800000001,standard,30-50 cm,33.2-53.4 cm
UTRGV,mean,BAU,AY2-3,AY2-3-3,3,esm2,-33.6276684930846,-53.2006157658622,23.0780826800004,standard,30-50 cm,33.6-53.2 cm
UTRGV,mean,BAU,AY2-3,AY2-3-4,4,esm1,-53.4,-78.4,23.4500000000004,standard,50-75 cm,53.4-78.4 cm
UTRGV,mean,BAU,AY2-3,AY2-3-4,4,esm2,-53.2006157658622,-78.3725536048659,23.400308852918702,standard,50-75 cm,53.2-78.4 cm
UTRGV,mean,BAU,AY2-3,AY2-3-5,5,esm1,-78.4,-103.3,19.634025000001,standard,75-100 cm,78.4-103.3 cm
UTRGV,mean,BAU,AY2-3,AY2-3-5,5,esm2,-78.3725536048659,-103.221604342073,19.277750343616,standard,75-100 cm,78.4-103.2 cm
UTRGV,mean,BAU,AY3-1,AY3-1-1,1,esm1,0,-10.3,17.652621815128,standard,0-10 cm,0-10.3 cm
UTRGV,mean,BAU,AY3-1,AY3-1-1,1,esm2,0,-10.3423434679687,17.8605454668963,standard,0-10 cm,0-10.3 cm
UTRGV,mean,BAU,AY3-1,AY3-1-2,2,esm1,-10.3,-30.2,34.3536304801219,standard,10-30 cm,10.3-30.2 cm
UTRGV,mean,BAU,AY3-1,AY3-1-2,2,esm2,-10.3423434679687,-30.2139892524627,34.2133668461906,standard,10-30 cm,10.3-30.2 cm
UTRGV,mean,BAU,AY3-1,AY3-1-3,3,esm1,-30.2,-50.2,21.36271,standard,30-50 cm,30.2-50.2 cm
UTRGV,mean,BAU,AY3-1,AY3-1-3,3,esm2,-30.2139892524627,-50.228381420535,21.3287654546778,standard,30-50 cm,30.2-50.2 cm
UTRGV,mean,BAU,AY3-1,AY3-1-4,4,esm1,-50.2,-75.2,23.4500000000004,standard,50-75 cm,50.2-75.2 cm
UTRGV,mean,BAU,AY3-1,AY3-1-4,4,esm2,-50.228381420535,-75.2118453969408,23.8219643822544,standard,50-75 cm,50.2-75.2 cm
UTRGV,mean,BAU,AY3-1,AY3-1-5,5,esm1,-75.2,-100.2,18.2222400000003,standard,75-100 cm,75.2-100.2 cm
UTRGV,mean,BAU,AY3-1,AY3-1-5,5,esm2,-75.2118453969408,-100.225071906993,17.7947961423675,standard,75-100 cm,75.2-100.2 cm
UTRGV,mean,BAU,AY3-2,AY3-2-1,1,esm1,0,-8.7,14.972155239548,standard,0-10 cm,0-8.7 cm
UTRGV,mean,BAU,AY3-2,AY3-2-1,1,esm2,0,-8.73329966818237,14.9374627082607,standard,0-10 cm,0-8.7 cm
UTRGV,mean,BAU,AY3-2,AY3-2-2,2,esm1,-8.7,-25.8,33.1192882871418,standard,10-30 cm,8.7-25.8 cm
UTRGV,mean,BAU,AY3-2,AY3-2-2,2,esm2,-8.73329966818237,-25.3567130574437,32.8565454518345,standard,10-30 cm,8.7-25.4 cm
UTRGV,mean,BAU,AY3-2,AY3-2-3,3,esm1,-25.8,-44.8,30.2906756921096,standard,30-50 cm,25.8-44.8 cm
UTRGV,mean,BAU,AY3-2,AY3-2-3,3,esm2,-25.3567130574437,-44.6646553786239,31.2540953990307,standard,30-50 cm,25.4-44.7 cm
UTRGV,mean,BAU,AY3-2,AY3-2-4,4,esm1,-44.8,-69.6,28.3503600000005,standard,50-75 cm,44.8-69.6 cm
UTRGV,mean,BAU,AY3-2,AY3-2-4,4,esm2,-44.6646553786239,-69.5979950040748,29.0300738962202,standard,50-75 cm,44.7-69.6 cm
UTRGV,mean,BAU,AY3-2,AY3-2-5,5,esm1,-69.6,-94.6,22.4890400000002,standard,75-100 cm,69.6-94.6 cm
UTRGV,mean,BAU,AY3-2,AY3-2-5,5,esm2,-69.5979950040748,-94.727170307471,21.4919773972217,standard,75-100 cm,69.6-94.7 cm
UTRGV,mean,BAU,AY3-3,AY3-3-1,1,esm1,0,-9.2,15.842836747992,standard,0-10 cm,0-9.2 cm
UTRGV,mean,BAU,AY3-3,AY3-3-1,1,esm2,0,-9.27615158252146,15.8990058841685,standard,0-10 cm,0-9.3 cm
UTRGV,mean,BAU,AY3-3,AY3-3-2,2,esm1,-9.2,-25.2,34.1624637993601,standard,10-30 cm,9.2-25.2 cm
UTRGV,mean,BAU,AY3-3,AY3-3-2,2,esm2,-9.27615158252146,-24.9060799663884,34.7061300045889,standard,10-30 cm,9.3-24.9 cm
UTRGV,mean,BAU,AY3-3,AY3-3-3,3,esm1,-25.2,-43.5,25.2155171220483,standard,30-50 cm,25.2-43.5 cm
UTRGV,mean,BAU,AY3-3,AY3-3-3,3,esm2,-24.9060799663884,-43.1767237140731,25.742313997028,standard,30-50 cm,24.9-43.2 cm
UTRGV,mean,BAU,AY3-3,AY3-3-4,4,esm1,-43.5,-68.2,21.4106750000005,standard,50-75 cm,43.5-68.2 cm
UTRGV,mean,BAU,AY3-3,AY3-3-4,4,esm2,-43.1767237140731,-68.3433934235665,20.4823025383887,standard,50-75 cm,43.2-68.3 cm
UTRGV,mean,BAU,AY3-3,AY3-3-5,5,esm1,-68.2,-93.3,21.2956799999998,standard,75-100 cm,68.2-93.3 cm
UTRGV,mean,BAU,AY3-3,AY3-3-5,5,esm2,-68.3433934235665,-93.3782265436504,20.5494587708187,standard,75-100 cm,68.3-93.4 cm
UTRGV,mean,BAU,AZ1-1,AZ1-1-1,1,esm1,0,-7.6,24.517360608628,standard,0-10 cm,0-7.6 cm
UTRGV,mean,BAU,AZ1-1,AZ1-1-1,1,esm2,0,-7.48901013925581,25.0308368195909,standard,0-10 cm,0-7.5 cm
UTRGV,mean,BAU,AZ1-1,AZ1-1-2,2,esm1,-7.6,-28.8,35.5526109455314,standard,10-30 cm,7.6-28.8 cm
UTRGV,mean,BAU,AZ1-1,AZ1-1-2,2,esm2,-7.48901013925581,-28.8240683399273,35.363554661306,standard,10-30 cm,7.5-28.8 cm
UTRGV,mean,BAU,AZ1-1,AZ1-1-3,3,esm1,-28.8,-48.9,22.5250894901404,standard,30-50 cm,28.8-48.9 cm
UTRGV,mean,BAU,AZ1-1,AZ1-1-3,3,esm2,-28.8240683399273,-48.9911489125595,23.0226080515867,standard,30-50 cm,28.8-49 cm
UTRGV,mean,BAU,AZ1-1,AZ1-1-4,4,esm1,-48.9,-73.9,3.55082499999966,standard,50-75 cm,48.9-73.9 cm
UTRGV,mean,BAU,AZ1-1,AZ1-1-4,4,esm2,-48.9911489125595,-73.7885115850783,3.28833654111629,standard,50-75 cm,49-73.8 cm
UTRGV,mean,BAU,AZ1-1,AZ1-1-5,5,esm1,-73.9,-98.9,7.28367500000027,standard,75-100 cm,73.9-98.9 cm
UTRGV,mean,BAU,AZ1-1,AZ1-1-5,5,esm2,-73.7885115850783,-98.9623889188693,6.2470120383812,standard,75-100 cm,73.8-99 cm
UTRGV,mean,BAU,AZ1-2,AZ1-2-1,1,esm1,0,-7.5,19.7829462987,standard,0-10 cm,0-7.5 cm
UTRGV,mean,BAU,AZ1-2,AZ1-2-1,1,esm2,0,-7.50922244313487,20.0045812900955,standard,0-10 cm,0-7.5 cm
UTRGV,mean,BAU,AZ1-2,AZ1-2-2,2,esm1,-7.5,-23.3,24.4228322822777,standard,10-30 cm,7.5-23.3 cm
UTRGV,mean,BAU,AZ1-2,AZ1-2-2,2,esm2,-7.50922244313487,-22.4536127956614,26.9618682156996,standard,10-30 cm,7.5-22.5 cm
UTRGV,mean,BAU,AZ1-2,AZ1-2-3,3,esm1,-23.3,-41.3,13.962260567772,standard,30-50 cm,23.3-41.3 cm
UTRGV,mean,BAU,AZ1-2,AZ1-2-3,3,esm2,-22.4536127956614,-41.0875952309958,11.529200075637,standard,30-50 cm,22.5-41.1 cm
UTRGV,mean,BAU,AZ1-2,AZ1-2-4,4,esm1,-41.3,-65.9,11.6469600000006,standard,50-75 cm,41.3-65.9 cm
UTRGV,mean,BAU,AZ1-2,AZ1-2-4,4,esm2,-41.0875952309958,-65.9530488464102,11.1612912004125,standard,50-75 cm,41.1-66 cm
UTRGV,mean,BAU,AZ1-2,AZ1-2-5,5,esm1,-65.9,-91,11.692400000001,standard,75-100 cm,65.9-91 cm
UTRGV,mean,BAU,AZ1-2,AZ1-2-5,5,esm2,-65.9530488464102,-91.1289134996899,12.0598288581021,standard,75-100 cm,66-91.1 cm
UTRGV,mean,BAU,AZ1-3,AZ1-3-1,1,esm1,0,-7.2,13.31546671972,standard,0-10 cm,0-7.2 cm
UTRGV,mean,BAU,AZ1-3,AZ1-3-1,1,esm2,0,-7.17403476269025,13.4135012204922,standard,0-10 cm,0-7.2 cm
UTRGV,mean,BAU,AZ1-3,AZ1-3-2,2,esm1,-7.2,-25.6,25.7504688070078,standard,10-30 cm,7.2-25.6 cm
UTRGV,mean,BAU,AZ1-3,AZ1-3-2,2,esm2,-7.17403476269025,-25.2364805318379,26.0397940511469,standard,10-30 cm,7.2-25.2 cm
UTRGV,mean,BAU,AZ1-3,AZ1-3-3,3,esm1,-25.6,-45.2,16.8550500690723,standard,30-50 cm,25.6-45.2 cm
UTRGV,mean,BAU,AZ1-3,AZ1-3-3,3,esm2,-25.2364805318379,-45.1898509735518,17.3254026827688,standard,30-50 cm,25.2-45.2 cm
UTRGV,mean,BAU,AZ1-3,AZ1-3-4,4,esm1,-45.2,-70,12.6153599999999,standard,50-75 cm,45.2-70 cm
UTRGV,mean,BAU,AZ1-3,AZ1-3-4,4,esm2,-45.1898509735518,-69.9281561886641,12.3922562529492,standard,50-75 cm,45.2-69.9 cm
UTRGV,mean,BAU,AZ1-3,AZ1-3-5,5,esm1,-70,-95,7.59150000000091,standard,75-100 cm,70-95 cm
UTRGV,mean,BAU,AZ1-3,AZ1-3-5,5,esm2,-69.9281561886641,-95.1493592002214,7.53177880864737,standard,75-100 cm,69.9-95.1 cm
UTRGV,mean,BAU,AZ2-1,AZ2-1-1,1,esm1,0,-14.2,13.16610646596,standard,0-10 cm,0-14.2 cm
UTRGV,mean,BAU,AZ2-1,AZ2-1-1,1,esm2,0,-15.2752953800578,13.1541618463458,standard,0-10 cm,0-15.3 cm
UTRGV,mean,BAU,AZ2-1,AZ2-1-2,2,esm1,-14.2,-36.9,20.2504951270399,standard,10-30 cm,14.2-36.9 cm
UTRGV,mean,BAU,AZ2-1,AZ2-1-2,2,esm2,-15.2752953800578,-36.7100117945916,21.5747064156232,standard,10-30 cm,15.3-36.7 cm
UTRGV,mean,BAU,AZ2-1,AZ2-1-3,3,esm1,-36.9,-57.2,10.0240550000003,standard,30-50 cm,36.9-57.2 cm
UTRGV,mean,BAU,AZ2-1,AZ2-1-3,3,esm2,-36.7100117945916,-57.2524573530348,8.80914696119088,standard,30-50 cm,36.7-57.3 cm
UTRGV,mean,BAU,AZ2-1,AZ2-1-4,4,esm1,-57.2,-82.2,9.59922999999954,standard,50-75 cm,57.2-82.2 cm
UTRGV,mean,BAU,AZ2-1,AZ2-1-4,4,esm2,-57.2524573530348,-82.2855312724734,9.82749211701748,standard,50-75 cm,57.3-82.3 cm
UTRGV,mean,BAU,AZ2-1,AZ2-1-5,5,esm1,-82.2,-107.2,3.89125000000057,standard,75-100 cm,82.2-107.2 cm
UTRGV,mean,BAU,AZ2-1,AZ2-1-5,5,esm2,-82.2855312724734,-107.015900810568,2.04800177389871,standard,75-100 cm,82.3-107 cm
UTRGV,mean,BAU,AZ2-2,AZ2-2-1,1,esm1,0,-13.8,14.238526460318,standard,0-10 cm,0-13.8 cm
UTRGV,mean,BAU,AZ2-2,AZ2-2-1,1,esm2,0,-14.0314280989965,14.5593249029261,standard,0-10 cm,0-14 cm
UTRGV,mean,BAU,AZ2-2,AZ2-2-2,2,esm1,-13.8,-37.9,20.3651981251323,standard,10-30 cm,13.8-37.9 cm
UTRGV,mean,BAU,AZ2-2,AZ2-2-2,2,esm2,-14.0314280989965,-38.2039122106473,20.8899722757047,standard,10-30 cm,14-38.2 cm
UTRGV,mean,BAU,AZ2-2,AZ2-2-3,3,esm1,-37.9,-58.2,12.6415200000006,standard,30-50 cm,37.9-58.2 cm
UTRGV,mean,BAU,AZ2-2,AZ2-2-3,3,esm2,-38.2039122106473,-58.0444493393067,12.2583824291746,standard,30-50 cm,38.2-58 cm
UTRGV,mean,BAU,AZ2-2,AZ2-2-4,4,esm1,-58.2,-83.2,12.0286400000007,standard,50-75 cm,58.2-83.2 cm
UTRGV,mean,BAU,AZ2-2,AZ2-2-4,4,esm2,-58.0444493393067,-83.3343727000657,11.8320532651803,standard,50-75 cm,58-83.3 cm
UTRGV,mean,BAU,AZ2-2,AZ2-2-5,5,esm1,-83.2,-108.2,8.13624999999973,standard,75-100 cm,83.2-108.2 cm
UTRGV,mean,BAU,AZ2-2,AZ2-2-5,5,esm2,-83.3343727000657,-107.826732795688,6.80934811924419,standard,75-100 cm,83.3-107.8 cm
UTRGV,mean,BAU,AZ2-3,AZ2-3-1,1,esm1,0,-11.7,18.7496304544,standard,0-10 cm,0-11.7 cm
UTRGV,mean,BAU,AZ2-3,AZ2-3-1,1,esm2,0,-11.7304319267025,19.3457360782251,standard,0-10 cm,0-11.7 cm
UTRGV,mean,BAU,AZ2-3,AZ2-3-2,2,esm1,-11.7,-32.5,28.6168160183499,standard,10-30 cm,11.7-32.5 cm
UTRGV,mean,BAU,AZ2-3,AZ2-3-2,2,esm2,-11.7304319267025,-32.533138585739,27.9241179771214,standard,10-30 cm,11.7-32.5 cm
UTRGV,mean,BAU,AZ2-3,AZ2-3-3,3,esm1,-32.5,-52.7,27.7033750000002,standard,30-50 cm,32.5-52.7 cm
UTRGV,mean,BAU,AZ2-3,AZ2-3-3,3,esm2,-32.533138585739,-52.6548832175599,28.3885021248218,standard,30-50 cm,32.5-52.7 cm
UTRGV,mean,BAU,AZ2-3,AZ2-3-4,4,esm1,-52.7,-77.7,26.250000000001,standard,50-75 cm,52.7-77.7 cm
UTRGV,mean,BAU,AZ2-3,AZ2-3-4,4,esm2,-52.6548832175599,-77.6910678997944,26.0063277403211,standard,50-75 cm,52.7-77.7 cm
UTRGV,mean,BAU,AZ2-3,AZ2-3-5,5,esm1,-77.7,-102.6,22.2419799999986,standard,75-100 cm,77.7-102.6 cm
UTRGV,mean,BAU,AZ2-3,AZ2-3-5,5,esm2,-77.6910678997944,-102.607179417231,21.9251854370265,standard,75-100 cm,77.7-102.6 cm
UTRGV,mean,BAU,AZ3-1,AZ3-1-1,1,esm1,0,-14.9,20.4889498182799,standard,0-10 cm,0-14.9 cm
UTRGV,mean,BAU,AZ3-1,AZ3-1-1,1,esm2,0,-15.4512049008998,20.5256870885178,standard,0-10 cm,0-15.5 cm
UTRGV,mean,BAU,AZ3-1,AZ3-1-2,2,esm1,-14.9,-42.4,27.6696447896202,standard,10-30 cm,14.9-42.4 cm
UTRGV,mean,BAU,AZ3-1,AZ3-1-2,2,esm2,-15.4512049008998,-43.3771719358327,28.5485675103092,standard,10-30 cm,15.5-43.4 cm
UTRGV,mean,BAU,AZ3-1,AZ3-1-3,3,esm1,-42.4,-63,21.7778200000002,standard,30-50 cm,42.4-63 cm
UTRGV,mean,BAU,AZ3-1,AZ3-1-3,3,esm2,-43.3771719358327,-62.3453918867012,20.6077837416208,standard,30-50 cm,43.4-62.3 cm
UTRGV,mean,BAU,AZ3-1,AZ3-1-4,4,esm1,-63,-87.9,24.557100000001,standard,50-75 cm,63-87.9 cm
UTRGV,mean,BAU,AZ3-1,AZ3-1-4,4,esm2,-62.3453918867012,-88.1891283209083,25.6888161365669,standard,50-75 cm,62.3-88.2 cm
UTRGV,mean,BAU,AZ3-1,AZ3-1-5,5,esm1,-87.9,-112.8,21.1401000000012,standard,75-100 cm,87.9-112.8 cm
UTRGV,mean,BAU,AZ3-1,AZ3-1-5,5,esm2,-88.1891283209083,-111.650444573548,15.9035979339246,standard,75-100 cm,88.2-111.7 cm
UTRGV,mean,BAU,AZ3-2,AZ3-2-1,1,esm1,0,-11.7,17.081463049138,standard,0-10 cm,0-11.7 cm
UTRGV,mean,BAU,AZ3-2,AZ3-2-1,1,esm2,0,-11.3806873742799,17.1529978792061,standard,0-10 cm,0-11.4 cm
UTRGV,mean,BAU,AZ3-2,AZ3-2-2,2,esm1,-11.7,-39.7,23.0888218211118,standard,10-30 cm,11.7-39.7 cm
UTRGV,mean,BAU,AZ3-2,AZ3-2-2,2,esm2,-11.3806873742799,-41.2855611100597,24.0804288542402,standard,10-30 cm,11.4-41.3 cm
UTRGV,mean,BAU,AZ3-2,AZ3-2-3,3,esm1,-39.7,-60.1,14.44589,standard,30-50 cm,39.7-60.1 cm
UTRGV,mean,BAU,AZ3-2,AZ3-2-3,3,esm2,-41.2855611100597,-59.2912224618873,14.4090447175804,standard,30-50 cm,41.3-59.3 cm
UTRGV,mean,BAU,AZ3-2,AZ3-2-4,4,esm1,-60.1,-85.1,12.1945500000007,standard,50-75 cm,60.1-85.1 cm
UTRGV,mean,BAU,AZ3-2,AZ3-2-4,4,esm2,-59.2912224618873,-85.3409232165662,11.0851099955314,standard,50-75 cm,59.3-85.3 cm
UTRGV,mean,BAU,AZ3-2,AZ3-2-5,5,esm1,-85.1,-110,10.5700500000006,standard,75-100 cm,85.1-110 cm
UTRGV,mean,BAU,AZ3-2,AZ3-2-5,5,esm2,-85.3409232165662,-109.025815297982,11.6257749335079,standard,75-100 cm,85.3-109 cm
UTRGV,mean,BAU,AZ3-3,AZ3-3-1,1,esm1,0,-12.7,17.297150437056,standard,0-10 cm,0-12.7 cm
UTRGV,mean,BAU,AZ3-3,AZ3-3-1,1,esm2,0,-12.9635102241743,17.3256957182784,standard,0-10 cm,0-13 cm
UTRGV,mean,BAU,AZ3-3,AZ3-3-2,2,esm1,-12.7,-34.6,30.0429647272439,standard,10-30 cm,12.7-34.6 cm
UTRGV,mean,BAU,AZ3-3,AZ3-3-2,2,esm2,-12.9635102241743,-34.5149202814066,29.5105594221794,standard,10-30 cm,13-34.5 cm
UTRGV,mean,BAU,AZ3-3,AZ3-3-3,3,esm1,-34.6,-54.8,33.0012900000002,standard,30-50 cm,34.6-54.8 cm
UTRGV,mean,BAU,AZ3-3,AZ3-3-3,3,esm2,-34.5149202814066,-54.7514006114306,36.2885752912192,standard,30-50 cm,34.5-54.8 cm
UTRGV,mean,BAU,AZ3-3,AZ3-3-4,4,esm1,-54.8,-79.8,20.2999999999989,standard,50-75 cm,54.8-79.8 cm
UTRGV,mean,BAU,AZ3-3,AZ3-3-4,4,esm2,-54.7514006114306,-79.8198233852003,17.6026694080428,standard,50-75 cm,54.8-79.8 cm
UTRGV,mean,BAU,AZ3-3,AZ3-3-5,5,esm1,-79.8,-104.7,12.0455699999985,standard,75-100 cm,79.8-104.7 cm
UTRGV,mean,BAU,AZ3-3,AZ3-3-5,5,esm2,-79.8198233852003,-104.637674449947,12.8425360820446,standard,75-100 cm,79.8-104.6 cm
UTRGV,min,Ref,AR2-1,AR2-1-1,1,esm1,0,-5.5,10.495732932615,standard,0-10 cm,0-5.5 cm
UTRGV,min,Ref,AR2-1,AR2-1-1,1,esm2,0,-5.56484189722049,10.6897170162809,standard,0-10 cm,0-5.6 cm
UTRGV,min,Ref,AR2-1,AR2-1-2,2,esm1,-5.5,-15.6,13.5362096073509,standard,10-30 cm,5.5-15.6 cm
UTRGV,min,Ref,AR2-1,AR2-1-2,2,esm2,-5.56484189722049,-15.3319291729586,14.5244834474175,standard,10-30 cm,5.6-15.3 cm
UTRGV,min,Ref,AR2-1,AR2-1-3,3,esm1,-15.6,-33.8,18.8447220699841,standard,30-50 cm,15.6-33.8 cm
UTRGV,min,Ref,AR2-1,AR2-1-3,3,esm2,-15.3319291729586,-33.6802617086139,16.9487251552643,standard,30-50 cm,15.3-33.7 cm
UTRGV,min,Ref,AR2-1,AR2-1-4,4,esm1,-33.8,-58,27.9677,standard,50-75 cm,33.8-58 cm
UTRGV,min,Ref,AR2-1,AR2-1-4,4,esm2,-33.6802617086139,-57.9939127112315,30.7860876713482,standard,50-75 cm,33.7-58 cm
UTRGV,min,Ref,AR2-1,AR2-1-5,5,esm1,-58,-83.2,19.9379199999997,standard,75-100 cm,58-83.2 cm
UTRGV,min,Ref,AR2-1,AR2-1-5,5,esm2,-57.9939127112315,-83.2754549079043,17.9609044412799,standard,75-100 cm,58-83.3 cm
UTRGV,min,Ref,AR2-2,AR2-2-1,1,esm1,0,-4.6,14.403263305326,standard,0-10 cm,0-4.6 cm
UTRGV,min,Ref,AR2-2,AR2-2-1,1,esm2,0,-4.68650007526259,14.7101752156772,standard,0-10 cm,0-4.7 cm
UTRGV,min,Ref,AR2-2,AR2-2-2,2,esm1,-4.6,-13.2,21.725898624344,standard,10-30 cm,4.6-13.2 cm
UTRGV,min,Ref,AR2-2,AR2-2-2,2,esm2,-4.68650007526259,-12.6269024089627,21.1476689154175,standard,10-30 cm,4.7-12.6 cm
UTRGV,min,Ref,AR2-2,AR2-2-3,3,esm1,-13.2,-32.9,38.7672943348802,standard,30-50 cm,13.2-32.9 cm
UTRGV,min,Ref,AR2-2,AR2-2-3,3,esm2,-12.6269024089627,-33.0901375283428,40.2948637452636,standard,30-50 cm,12.6-33.1 cm
UTRGV,min,Ref,AR2-2,AR2-2-4,4,esm1,-32.9,-57.1,28.9516050000001,standard,50-75 cm,32.9-57.1 cm
UTRGV,min,Ref,AR2-2,AR2-2-4,4,esm2,-33.0901375283428,-56.9818144607063,27.7388770730698,standard,50-75 cm,33.1-57 cm
UTRGV,min,Ref,AR2-2,AR2-2-5,5,esm1,-57.1,-82.3,25.3613500000016,standard,75-100 cm,57.1-82.3 cm
UTRGV,min,Ref,AR2-2,AR2-2-5,5,esm2,-56.9818144607063,-82.4147042953669,25.4040392436625,standard,75-100 cm,57-82.4 cm
UTRGV,min,Ref,AR2-3,AR2-3-1,1,esm1,0,-4.7,30.214039223484,standard,0-10 cm,0-4.7 cm
UTRGV,min,Ref,AR2-3,AR2-3-1,1,esm2,0,-4.70633422397245,30.8423348715573,standard,0-10 cm,0-4.7 cm
UTRGV,min,Ref,AR2-3,AR2-3-2,2,esm1,-4.7,-13.1,27.5757801347321,standard,10-30 cm,4.7-13.1 cm
UTRGV,min,Ref,AR2-3,AR2-3-2,2,esm2,-4.70633422397245,-13.8008528062296,32.6741492089866,standard,10-30 cm,4.7-13.8 cm
UTRGV,min,Ref,AR2-3,AR2-3-3,3,esm1,-13.1,-24.4,26.5426697943684,standard,30-50 cm,13.1-24.4 cm
UTRGV,min,Ref,AR2-3,AR2-3-3,3,esm2,-13.8008528062296,-23.8206825574706,27.472058800718,standard,30-50 cm,13.8-23.8 cm
UTRGV,min,Ref,AR2-3,AR2-3-4,4,esm1,-24.4,-44.1,22.0361844556163,standard,50-75 cm,24.4-44.1 cm
UTRGV,min,Ref,AR2-3,AR2-3-4,4,esm2,-23.8206825574706,-43.6712045763772,14.4947553962036,standard,50-75 cm,23.8-43.7 cm
UTRGV,min,Ref,AR2-3,AR2-3-5,5,esm1,-44.1,-69.1,27.782705000001,standard,75-100 cm,44.1-69.1 cm
UTRGV,min,Ref,AR2-3,AR2-3-5,5,esm2,-43.6712045763772,-69.2916220096222,27.5434357022986,standard,75-100 cm,43.7-69.3 cm
UTRGV,min,Ref,AR3-1,AR3-1-1,1,esm1,0,-10,28.1752619810501,standard,0-10 cm,0-10 cm
UTRGV,min,Ref,AR3-1,AR3-1-1,1,esm2,0,-10,28.17526198105,standard,0-10 cm,0-10 cm
UTRGV,min,Ref,AR3-1,AR3-1-2,2,esm1,-10,-23.3,60.9949989636117,standard,10-30 cm,10-23.3 cm
UTRGV,min,Ref,AR3-1,AR3-1-2,2,esm2,-10,-23.3348553119776,59.0704780764385,standard,10-30 cm,10-23.3 cm
UTRGV,min,Ref,AR3-1,AR3-1-3,3,esm1,-23.3,-44,79.5406039891874,standard,30-50 cm,23.3-44 cm
UTRGV,min,Ref,AR3-1,AR3-1-3,3,esm2,-23.3348553119776,-44.1416851195722,86.8324730728571,standard,30-50 cm,23.3-44.1 cm
UTRGV,min,Ref,AR3-1,AR3-1-4,4,esm1,-44,-68.7,51.2889999999982,standard,50-75 cm,44-68.7 cm
UTRGV,min,Ref,AR3-1,AR3-1-4,4,esm2,-44.1416851195722,-68.5486266834044,48.8975709917561,standard,50-75 cm,44.1-68.5 cm
UTRGV,min,Ref,AR3-1,AR3-1-5,5,esm1,-68.7,-93.8,40.0261699999974,standard,75-100 cm,68.7-93.8 cm
UTRGV,min,Ref,AR3-1,AR3-1-5,5,esm2,-68.5486266834044,-93.9276146540185,35.5717530817073,standard,75-100 cm,68.5-93.9 cm
UTRGV,min,Ref,AR3-2,AR3-2-1,1,esm1,0,-6.3,35.122213228954,standard,0-10 cm,0-6.3 cm
UTRGV,min,Ref,AR3-2,AR3-2-1,1,esm2,0,-6.26670872868478,35.6791788834333,standard,0-10 cm,0-6.3 cm
UTRGV,min,Ref,AR3-2,AR3-2-2,2,esm1,-6.3,-17.5,27.0948113401961,standard,10-30 cm,6.3-17.5 cm
UTRGV,min,Ref,AR3-2,AR3-2-2,2,esm2,-6.26670872868478,-18.269518461084,28.4472116465214,standard,10-30 cm,6.3-18.3 cm
UTRGV,min,Ref,AR3-2,AR3-2-3,3,esm1,-17.5,-35.7,37.9520925775004,standard,30-50 cm,17.5-35.7 cm
UTRGV,min,Ref,AR3-2,AR3-2-3,3,esm2,-18.269518461084,-35.3565698869587,37.5100472856258,standard,30-50 cm,18.3-35.4 cm
UTRGV,min,Ref,AR3-2,AR3-2-4,4,esm1,-35.7,-60.1,27.6581850000003,standard,50-75 cm,35.7-60.1 cm
UTRGV,min,Ref,AR3-2,AR3-2-4,4,esm2,-35.3565698869587,-60.1727482341977,28.2457111763047,standard,50-75 cm,35.4-60.2 cm
UTRGV,min,Ref,AR3-2,AR3-2-5,5,esm1,-60.1,-85.2,16.5417600000014,standard,75-100 cm,60.1-85.2 cm
UTRGV,min,Ref,AR3-2,AR3-2-5,5,esm2,-60.1727482341977,-85.3092124409223,13.1354399412118,standard,75-100 cm,60.2-85.3 cm
UTRGV,min,Ref,AR3-3,AR3-3-1,1,esm1,0,-8.3,65.9996942557631,standard,0-10 cm,0-8.3 cm
UTRGV,min,Ref,AR3-3,AR3-3-1,1,esm2,0,-8.40561710396042,68.8488345710809,standard,0-10 cm,0-8.4 cm
UTRGV,min,Ref,AR3-3,AR3-3-2,2,esm1,-8.3,-21.6,46.6742643340705,standard,10-30 cm,8.3-21.6 cm
UTRGV,min,Ref,AR3-3,AR3-3-2,2,esm2,-8.40561710396042,-21.3035869223758,42.872482738931,standard,10-30 cm,8.4-21.3 cm
UTRGV,min,Ref,AR3-3,AR3-3-3,3,esm1,-21.6,-42.5,54.7789459162152,standard,30-50 cm,21.6-42.5 cm
UTRGV,min,Ref,AR3-3,AR3-3-3,3,esm2,-21.3035869223758,-42.8113139162276,60.6458320942954,standard,30-50 cm,21.3-42.8 cm
UTRGV,min,Ref,AR3-3,AR3-3-4,4,esm1,-42.5,-67.2,29.6574750000007,standard,50-75 cm,42.5-67.2 cm
UTRGV,min,Ref,AR3-3,AR3-3-4,4,esm2,-42.8113139162276,-66.9369040650051,27.6109563486826,standard,50-75 cm,42.8-66.9 cm
UTRGV,min,Ref,AR3-3,AR3-3-5,5,esm1,-67.2,-92.2,14.0122599999996,standard,75-100 cm,67.2-92.2 cm
UTRGV,min,Ref,AR3-3,AR3-3-5,5,esm2,-66.9369040650051,-92.4309865637325,11.5221769732149,standard,75-100 cm,66.9-92.4 cm
UTRGV,min,BAU,AX1-1,AX1-1-1,1,esm1,0,-7.1,15.17236483089,standard,0-10 cm,0-7.1 cm
UTRGV,min,BAU,AX1-1,AX1-1-1,1,esm2,0,-7.1748421206287,15.4845839128079,standard,0-10 cm,0-7.2 cm
UTRGV,min,BAU,AX1-1,AX1-1-2,2,esm1,-7.1,-19.8,21.9338247776,standard,10-30 cm,7.1-19.8 cm
UTRGV,min,BAU,AX1-1,AX1-1-2,2,esm2,-7.1748421206287,-19.4275727813279,21.653639274543,standard,10-30 cm,7.2-19.4 cm
UTRGV,min,BAU,AX1-1,AX1-1-3,3,esm1,-19.8,-40.8,36.73644276576,standard,30-50 cm,19.8-40.8 cm
UTRGV,min,BAU,AX1-1,AX1-1-3,3,esm2,-19.4275727813279,-41.106576034325,36.9164935212101,standard,30-50 cm,19.4-41.1 cm
UTRGV,min,BAU,AX1-1,AX1-1-4,4,esm1,-40.8,-65.3,39.8776200000011,standard,50-75 cm,40.8-65.3 cm
UTRGV,min,BAU,AX1-1,AX1-1-4,4,esm2,-41.106576034325,-65.1197512643768,41.058064610119,standard,50-75 cm,41.1-65.1 cm
UTRGV,min,BAU,AX1-1,AX1-1-5,5,esm1,-65.3,-90.4,36.4721599999989,standard,75-100 cm,65.3-90.4 cm
UTRGV,min,BAU,AX1-1,AX1-1-5,5,esm2,-65.1197512643768,-90.6427659142624,34.8906122933705,standard,75-100 cm,65.1-90.6 cm
UTRGV,min,BAU,AX1-2,AX1-2-1,1,esm1,0,-6.5,20.085252956015,standard,0-10 cm,0-6.5 cm
UTRGV,min,BAU,AX1-2,AX1-2-1,1,esm2,0,-6.68137075841349,20.4020551783096,standard,0-10 cm,0-6.7 cm
UTRGV,min,BAU,AX1-2,AX1-2-2,2,esm1,-6.5,-15.6,32.6663675278851,standard,10-30 cm,6.5-15.6 cm
UTRGV,min,BAU,AX1-2,AX1-2-2,2,esm2,-6.68137075841349,-15.2579037103752,32.5784815792831,standard,10-30 cm,6.7-15.3 cm
UTRGV,min,BAU,AX1-2,AX1-2-3,3,esm1,-15.6,-30.7,53.6685536432003,standard,30-50 cm,15.6-30.7 cm
UTRGV,min,BAU,AX1-2,AX1-2-3,3,esm2,-15.2579037103752,-30.6742062407617,53.6726601641059,standard,30-50 cm,15.3-30.7 cm
UTRGV,min,BAU,AX1-2,AX1-2-4,4,esm1,-30.7,-54.8,57.7016149999991,standard,50-75 cm,30.7-54.8 cm
UTRGV,min,BAU,AX1-2,AX1-2-4,4,esm2,-30.6742062407617,-54.8893134324369,57.904407400818,standard,50-75 cm,30.7-54.9 cm
UTRGV,min,BAU,AX1-2,AX1-2-5,5,esm1,-54.8,-80,55.0368000000007,standard,75-100 cm,54.8-80 cm
UTRGV,min,BAU,AX1-2,AX1-2-5,5,esm2,-54.8893134324369,-80.0767247380773,54.7625735135179,standard,75-100 cm,54.9-80.1 cm
UTRGV,min,BAU,AX1-3,AX1-3-1,1,esm1,0,-7,19.9553043339,standard,0-10 cm,0-7 cm
UTRGV,min,BAU,AX1-3,AX1-3-1,1,esm2,0,-7.11111277686032,20.2842177540551,standard,0-10 cm,0-7.1 cm
UTRGV,min,BAU,AX1-3,AX1-3-2,2,esm1,-7,-17.5,26.2412954206498,standard,10-30 cm,7-17.5 cm
UTRGV,min,BAU,AX1-3,AX1-3-2,2,esm2,-7.11111277686032,-17.1205738041631,27.6312645002229,standard,10-30 cm,7.1-17.1 cm
UTRGV,min,BAU,AX1-3,AX1-3-3,3,esm1,-17.5,-36.1,39.752614125,standard,30-50 cm,17.5-36.1 cm
UTRGV,min,BAU,AX1-3,AX1-3-3,3,esm2,-17.1205738041631,-36.0484662137287,37.1290522585672,standard,30-50 cm,17.1-36 cm
UTRGV,min,BAU,AX1-3,AX1-3-4,4,esm1,-36.1,-60.5,55.9508350000008,standard,50-75 cm,36.1-60.5 cm
UTRGV,min,BAU,AX1-3,AX1-3-4,4,esm2,-36.0484662137287,-60.4505545606457,54.4432037683223,standard,50-75 cm,36-60.5 cm
UTRGV,min,BAU,AX1-3,AX1-3-5,5,esm1,-60.5,-85.6,67.7370400000011,standard,75-100 cm,60.5-85.6 cm
UTRGV,min,BAU,AX1-3,AX1-3-5,5,esm2,-60.4505545606457,-85.7550478737054,75.0192499318765,standard,75-100 cm,60.5-85.8 cm
UTRGV,min,BAU,AX2-1,AX2-1-1,1,esm1,0,-7.4,14.57496867825,standard,0-10 cm,0-7.4 cm
UTRGV,min,BAU,AX2-1,AX2-1-1,1,esm2,0,-7.44017737752038,14.6480110323609,standard,0-10 cm,0-7.4 cm
UTRGV,min,BAU,AX2-1,AX2-1-2,2,esm1,-7.4,-19.9,21.8001544191001,standard,10-30 cm,7.4-19.9 cm
UTRGV,min,BAU,AX2-1,AX2-1-2,2,esm2,-7.44017737752038,-24.0200956414545,22.0760997229175,standard,10-30 cm,7.4-24 cm
UTRGV,min,BAU,AX2-1,AX2-1-3,3,esm1,-19.9,-39.1,35.4493228773995,standard,30-50 cm,19.9-39.1 cm
UTRGV,min,BAU,AX2-1,AX2-1-3,3,esm2,-24.0200956414545,-37.8365507060531,35.3680139776036,standard,30-50 cm,24-37.8 cm
UTRGV,min,BAU,AX2-1,AX2-1-4,4,esm1,-39.1,-63.5,38.3684600000004,standard,50-75 cm,39.1-63.5 cm
UTRGV,min,BAU,AX2-1,AX2-1-4,4,esm2,-37.8365507060531,-64.0091799115891,39.4688017198758,standard,50-75 cm,37.8-64 cm
UTRGV,min,BAU,AX2-1,AX2-1-5,5,esm1,-63.5,-88.7,32.9954550000015,standard,75-100 cm,63.5-88.7 cm
UTRGV,min,BAU,AX2-1,AX2-1-5,5,esm2,-64.0091799115891,-88.6616387492593,32.9958215160656,standard,75-100 cm,64-88.7 cm
UTRGV,min,BAU,AX2-2,AX2-2-1,1,esm1,0,-7.8,10.533172498956,standard,0-10 cm,0-7.8 cm
UTRGV,min,BAU,AX2-2,AX2-2-1,1,esm2,0,-7.96801105058492,10.4135220815545,standard,0-10 cm,0-8 cm
UTRGV,min,BAU,AX2-2,AX2-2-2,2,esm1,-7.8,-18.5,20.9669926124441,standard,10-30 cm,7.8-18.5 cm
UTRGV,min,BAU,AX2-2,AX2-2-2,2,esm2,-7.96801105058492,-18.0075117582759,20.7075537964269,standard,10-30 cm,8-18 cm
UTRGV,min,BAU,AX2-2,AX2-2-3,3,esm1,-18.5,-37.4,33.8306959362495,standard,30-50 cm,18.5-37.4 cm
UTRGV,min,BAU,AX2-2,AX2-2-3,3,esm2,-18.0075117582759,-37.3095549319637,35.2060287326191,standard,30-50 cm,18-37.3 cm
UTRGV,min,BAU,AX2-2,AX2-2-4,4,esm1,-37.4,-61.8,33.4534199999999,standard,50-75 cm,37.4-61.8 cm
UTRGV,min,BAU,AX2-2,AX2-2-4,4,esm2,-37.3095549319637,-61.7185496478807,32.5310284661552,standard,50-75 cm,37.3-61.7 cm
UTRGV,min,BAU,AX2-2,AX2-2-5,5,esm1,-61.8,-86.9,31.70247,standard,75-100 cm,61.8-86.9 cm
UTRGV,min,BAU,AX2-2,AX2-2-5,5,esm2,-61.7185496478807,-87.0419463241585,32.1760139508397,standard,75-100 cm,61.7-87 cm
UTRGV,min,BAU,AX2-3,AX2-3-1,1,esm1,0,-7.1,20.178146611869,standard,0-10 cm,0-7.1 cm
UTRGV,min,BAU,AX2-3,AX2-3-1,1,esm2,0,-7.28295647768275,20.600864835731,standard,0-10 cm,0-7.3 cm
UTRGV,min,BAU,AX2-3,AX2-3-2,2,esm1,-7.1,-17.6,29.8278759423209,standard,10-30 cm,7.1-17.6 cm
UTRGV,min,BAU,AX2-3,AX2-3-2,2,esm2,-7.28295647768275,-17.2335703928721,30.2256553043192,standard,10-30 cm,7.3-17.2 cm
UTRGV,min,BAU,AX2-3,AX2-3-3,3,esm1,-17.6,-36.1,47.0050998736596,standard,30-50 cm,17.6-36.1 cm
UTRGV,min,BAU,AX2-3,AX2-3-3,3,esm2,-17.2335703928721,-35.9618986333882,46.8346185004076,standard,30-50 cm,17.2-36 cm
UTRGV,min,BAU,AX2-3,AX2-3-4,4,esm1,-36.1,-60.4,47.9011800000012,standard,50-75 cm,36.1-60.4 cm
UTRGV,min,BAU,AX2-3,AX2-3-4,4,esm2,-35.9618986333882,-60.3982485381286,48.6379683968992,standard,50-75 cm,36-60.4 cm
UTRGV,min,BAU,AX2-3,AX2-3-5,5,esm1,-60.4,-85.6,42.1139600000027,standard,75-100 cm,60.4-85.6 cm
UTRGV,min,BAU,AX2-3,AX2-3-5,5,esm2,-60.3982485381286,-85.6883312648898,40.8956553172146,standard,75-100 cm,60.4-85.7 cm
UTRGV,min,BAU,AX3-1,AX3-1-1,1,esm1,0,-6.4,14.625016559846,standard,0-10 cm,0-6.4 cm
UTRGV,min,BAU,AX3-1,AX3-1-1,1,esm2,0,-6.48717582350139,14.7649081280801,standard,0-10 cm,0-6.5 cm
UTRGV,min,BAU,AX3-1,AX3-1-2,2,esm1,-6.4,-15.9,24.3509151856999,standard,10-30 cm,6.4-15.9 cm
UTRGV,min,BAU,AX3-1,AX3-1-2,2,esm2,-6.48717582350139,-15.7697573955614,23.0130495260064,standard,10-30 cm,6.5-15.8 cm
UTRGV,min,BAU,AX3-1,AX3-1-3,3,esm1,-15.9,-31.8,42.7128814595042,standard,30-50 cm,15.9-31.8 cm
UTRGV,min,BAU,AX3-1,AX3-1-3,3,esm2,-15.7697573955614,-31.7138267067372,43.9001067756831,standard,30-50 cm,15.8-31.7 cm
UTRGV,min,BAU,AX3-1,AX3-1-4,4,esm1,-31.8,-56,60.8855099999988,standard,50-75 cm,31.8-56 cm
UTRGV,min,BAU,AX3-1,AX3-1-4,4,esm2,-31.7138267067372,-56.0854973287486,61.9025589165196,standard,50-75 cm,31.7-56.1 cm
UTRGV,min,BAU,AX3-1,AX3-1-5,5,esm1,-56,-81.2,57.2980199999969,standard,75-100 cm,56-81.2 cm
UTRGV,min,BAU,AX3-1,AX3-1-5,5,esm2,-56.0854973287486,-81.2668443478219,56.4829431412485,standard,75-100 cm,56.1-81.3 cm
UTRGV,min,BAU,AX3-2,AX3-2-1,1,esm1,0,-6.9,24.44137486366,standard,0-10 cm,0-6.9 cm
UTRGV,min,BAU,AX3-2,AX3-2-1,1,esm2,0,-6.90574519857659,24.6184220233551,standard,0-10 cm,0-6.9 cm
UTRGV,min,BAU,AX3-2,AX3-2-2,2,esm1,-6.9,-18.1,35.0799962166179,standard,10-30 cm,6.9-18.1 cm
UTRGV,min,BAU,AX3-2,AX3-2-2,2,esm2,-6.90574519857659,-18.4304245207807,35.6000722764798,standard,10-30 cm,6.9-18.4 cm
UTRGV,min,BAU,AX3-2,AX3-2-3,3,esm1,-18.1,-36.8,55.1697681203222,standard,30-50 cm,18.1-36.8 cm
UTRGV,min,BAU,AX3-2,AX3-2-3,3,esm2,-18.4304245207807,-36.5088279882859,55.1622901132785,standard,30-50 cm,18.4-36.5 cm
UTRGV,min,BAU,AX3-2,AX3-2-4,4,esm1,-36.8,-61.2,58.7831800000007,standard,50-75 cm,36.8-61.2 cm
UTRGV,min,BAU,AX3-2,AX3-2-4,4,esm2,-36.5088279882859,-61.2038605261757,58.7843282523666,standard,50-75 cm,36.5-61.2 cm
UTRGV,min,BAU,AX3-2,AX3-2-5,5,esm1,-61.2,-86.3,55.0210850000014,standard,75-100 cm,61.2-86.3 cm
UTRGV,min,BAU,AX3-2,AX3-2-5,5,esm2,-61.2038605261757,-86.4075627338688,55.6020692985918,standard,75-100 cm,61.2-86.4 cm
UTRGV,min,BAU,AX3-3,AX3-3-1,1,esm1,0,-5.5,13.22828443228,standard,0-10 cm,0-5.5 cm
UTRGV,min,BAU,AX3-3,AX3-3-1,1,esm2,0,-5.55438799607333,13.389012756568,standard,0-10 cm,0-5.6 cm
UTRGV,min,BAU,AX3-3,AX3-3-2,2,esm1,-5.5,-15.7,19.28756592642,standard,10-30 cm,5.5-15.7 cm
UTRGV,min,BAU,AX3-3,AX3-3-2,2,esm2,-5.55438799607333,-16.038910278614,20.2046303247754,standard,10-30 cm,5.6-16 cm
UTRGV,min,BAU,AX3-3,AX3-3-3,3,esm1,-15.7,-31.8,29.0336161816999,standard,30-50 cm,15.7-31.8 cm
UTRGV,min,BAU,AX3-3,AX3-3-3,3,esm2,-16.038910278614,-31.6077187866116,28.0584385759175,standard,30-50 cm,16-31.6 cm
UTRGV,min,BAU,AX3-3,AX3-3-4,4,esm1,-31.8,-55.9,29.7149299999993,standard,50-75 cm,31.8-55.9 cm
UTRGV,min,BAU,AX3-3,AX3-3-4,4,esm2,-31.6077187866116,-56.0387532727233,30.8091441851245,standard,50-75 cm,31.6-56 cm
UTRGV,min,BAU,AX3-3,AX3-3-5,5,esm1,-55.9,-81.1,22.9221299999995,standard,75-100 cm,55.9-81.1 cm
UTRGV,min,BAU,AX3-3,AX3-3-5,5,esm2,-56.0387532727233,-81.1877413964993,21.91283399455,standard,75-100 cm,56-81.2 cm
UTRGV,min,BAU,AY1-1,AY1-1-1,1,esm1,0,-6,9.98373590687999,standard,0-10 cm,0-6 cm
UTRGV,min,BAU,AY1-1,AY1-1-1,1,esm2,0,-6.15293952542342,10.2363634278493,standard,0-10 cm,0-6.2 cm
UTRGV,min,BAU,AY1-1,AY1-1-2,2,esm1,-6,-14.8,13.2974074164481,standard,10-30 cm,6-14.8 cm
UTRGV,min,BAU,AY1-1,AY1-1-2,2,esm2,-6.15293952542342,-14.4835125024829,14.1239116902949,standard,10-30 cm,6.2-14.5 cm
UTRGV,min,BAU,AY1-1,AY1-1-3,3,esm1,-14.8,-29.2,18.7187832483842,standard,30-50 cm,14.8-29.2 cm
UTRGV,min,BAU,AY1-1,AY1-1-3,3,esm2,-14.4835125024829,-29.075492653181,17.7721880956383,standard,30-50 cm,14.5-29.1 cm
UTRGV,min,BAU,AY1-1,AY1-1-4,4,esm1,-29.2,-52.9,20.8123324026876,standard,50-75 cm,29.2-52.9 cm
UTRGV,min,BAU,AY1-1,AY1-1-4,4,esm2,-29.075492653181,-52.9773087521183,20.9577268871445,standard,50-75 cm,29.1-53 cm
UTRGV,min,BAU,AY1-1,AY1-1-5,5,esm1,-52.9,-78.1,19.0511999999987,standard,75-100 cm,52.9-78.1 cm
UTRGV,min,BAU,AY1-1,AY1-1-5,5,esm2,-52.9773087521183,-78.1743745166094,19.0485353132003,standard,75-100 cm,53-78.2 cm
UTRGV,min,BAU,AY1-2,AY1-2-1,1,esm1,0,-8.1,9.93363781171501,standard,0-10 cm,0-8.1 cm
UTRGV,min,BAU,AY1-2,AY1-2-1,1,esm2,0,-8.21177554501008,10.215514594531,standard,0-10 cm,0-8.2 cm
UTRGV,min,BAU,AY1-2,AY1-2-2,2,esm1,-8.1,-20.9,7.23274040021601,standard,10-30 cm,8.1-20.9 cm
UTRGV,min,BAU,AY1-2,AY1-2-2,2,esm2,-8.21177554501008,-20.3477293384389,8.35977066680999,standard,10-30 cm,8.2-20.3 cm
UTRGV,min,BAU,AY1-2,AY1-2-3,3,esm1,-20.9,-41.9,10.8382714049191,standard,30-50 cm,20.9-41.9 cm
UTRGV,min,BAU,AY1-2,AY1-2-3,3,esm2,-20.3477293384389,-42.3059454990454,8.54221310552768,standard,30-50 cm,20.3-42.3 cm
UTRGV,min,BAU,AY1-2,AY1-2-4,4,esm1,-41.9,-66.5,18.0322649999999,standard,50-75 cm,41.9-66.5 cm
UTRGV,min,BAU,AY1-2,AY1-2-4,4,esm2,-42.3059454990454,-66.2599953436802,18.1548036569805,standard,50-75 cm,42.3-66.3 cm
UTRGV,min,BAU,AY1-2,AY1-2-5,5,esm1,-66.5,-91.6,23.0835,standard,75-100 cm,66.5-91.6 cm
UTRGV,min,BAU,AY1-2,AY1-2-5,5,esm2,-66.2599953436802,-91.8208151314186,23.3049989918659,standard,75-100 cm,66.3-91.8 cm
UTRGV,min,BAU,AY1-3,AY1-3-1,1,esm1,0,-5.6,10.823723278634,standard,0-10 cm,0-5.6 cm
UTRGV,min,BAU,AY1-3,AY1-3-1,1,esm2,0,-5.6655375913736,10.9628113291647,standard,0-10 cm,0-5.7 cm
UTRGV,min,BAU,AY1-3,AY1-3-2,2,esm1,-5.6,-15.1,16.7008338914999,standard,10-30 cm,5.6-15.1 cm
UTRGV,min,BAU,AY1-3,AY1-3-2,2,esm2,-5.6655375913736,-14.3981715470686,17.3339489338881,standard,10-30 cm,5.7-14.4 cm
UTRGV,min,BAU,AY1-3,AY1-3-3,3,esm1,-15.1,-33.8,23.8302776786161,standard,30-50 cm,15.1-33.8 cm
UTRGV,min,BAU,AY1-3,AY1-3-3,3,esm2,-14.3981715470686,-33.8311753572622,23.7703799480861,standard,30-50 cm,14.4-33.8 cm
UTRGV,min,BAU,AY1-3,AY1-3-4,4,esm1,-33.8,-58,17.1704899999996,standard,50-75 cm,33.8-58 cm
UTRGV,min,BAU,AY1-3,AY1-3-4,4,esm2,-33.8311753572622,-57.9365766524346,16.728958247056,standard,50-75 cm,33.8-57.9 cm
UTRGV,min,BAU,AY1-3,AY1-3-5,5,esm1,-58,-83.2,14.3033600000005,standard,75-100 cm,58-83.2 cm
UTRGV,min,BAU,AY1-3,AY1-3-5,5,esm2,-57.9365766524346,-83.3027327790279,14.0981708261662,standard,75-100 cm,57.9-83.3 cm
UTRGV,min,BAU,AY2-1,AY2-1-1,1,esm1,0,-5.6,9.94916814885,standard,0-10 cm,0-5.6 cm
UTRGV,min,BAU,AY2-1,AY2-1-1,1,esm2,0,-5.59674478970865,9.98370430992847,standard,0-10 cm,0-5.6 cm
UTRGV,min,BAU,AY2-1,AY2-1-2,2,esm1,-5.6,-17.2,15.3520445204519,standard,10-30 cm,5.6-17.2 cm
UTRGV,min,BAU,AY2-1,AY2-1-2,2,esm2,-5.59674478970865,-18.230035038921802,16.6326826437244,standard,10-30 cm,5.6-18.2 cm
UTRGV,min,BAU,AY2-1,AY2-1-3,3,esm1,-17.2,-35.4,23.1928855156479,standard,30-50 cm,17.2-35.4 cm
UTRGV,min,BAU,AY2-1,AY2-1-3,3,esm2,-18.230035038921802,-34.9592774923158,21.8413496564603,standard,30-50 cm,18.2-35 cm
UTRGV,min,BAU,AY2-1,AY2-1-4,4,esm1,-35.4,-59.7,25.0453100000004,standard,50-75 cm,35.4-59.7 cm
UTRGV,min,BAU,AY2-1,AY2-1-4,4,esm2,-34.9592774923158,-59.830922046971,26.0940865156011,standard,50-75 cm,35-59.8 cm
UTRGV,min,BAU,AY2-1,AY2-1-5,5,esm1,-59.7,-84.9,21.2121000000009,standard,75-100 cm,59.7-84.9 cm
UTRGV,min,BAU,AY2-1,AY2-1-5,5,esm2,-59.830922046971,-84.9375819686195,19.9367744281643,standard,75-100 cm,59.8-84.9 cm
UTRGV,min,BAU,AY2-2,AY2-2-1,1,esm1,0,-5.7,10.026902384456,standard,0-10 cm,0-5.7 cm
UTRGV,min,BAU,AY2-2,AY2-2-1,1,esm2,0,-5.74264381203918,10.0691801072936,standard,0-10 cm,0-5.7 cm
UTRGV,min,BAU,AY2-2,AY2-2-2,2,esm1,-5.7,-16.2,19.3905048425839,standard,10-30 cm,5.7-16.2 cm
UTRGV,min,BAU,AY2-2,AY2-2-2,2,esm2,-5.74264381203918,-15.4058185186575,21.0637555125365,standard,10-30 cm,5.7-15.4 cm
UTRGV,min,BAU,AY2-2,AY2-2-3,3,esm1,-16.2,-37,23.3783902408604,standard,30-50 cm,16.2-37 cm
UTRGV,min,BAU,AY2-2,AY2-2-3,3,esm2,-15.4058185186575,-37.3867534460694,22.6890165351912,standard,30-50 cm,15.4-37.4 cm
UTRGV,min,BAU,AY2-2,AY2-2-4,4,esm1,-37,-61.4,14.8094500000008,standard,50-75 cm,37-61.4 cm
UTRGV,min,BAU,AY2-2,AY2-2-4,4,esm2,-37.3867534460694,-61.1404524359464,14.9079004318848,standard,50-75 cm,37.4-61.1 cm
UTRGV,min,BAU,AY2-2,AY2-2-5,5,esm1,-61.4,-86.5,9.71477500000077,standard,75-100 cm,61.4-86.5 cm
UTRGV,min,BAU,AY2-2,AY2-2-5,5,esm2,-61.1404524359464,-86.7101839492929,6.87330439867513,standard,75-100 cm,61.1-86.7 cm
UTRGV,min,BAU,AY2-3,AY2-3-1,1,esm1,0,-5.2,9.33055680052201,standard,0-10 cm,0-5.2 cm
UTRGV,min,BAU,AY2-3,AY2-3-1,1,esm2,0,-5.19988709892873,9.34361251473863,standard,0-10 cm,0-5.2 cm
UTRGV,min,BAU,AY2-3,AY2-3-2,2,esm1,-5.2,-17.8,19.157106146292,standard,10-30 cm,5.2-17.8 cm
UTRGV,min,BAU,AY2-3,AY2-3-2,2,esm2,-5.19988709892873,-17.4192722675556,18.9869186729826,standard,10-30 cm,5.2-17.4 cm
UTRGV,min,BAU,AY2-3,AY2-3-3,3,esm1,-17.8,-39.7,29.7719040638365,standard,30-50 cm,17.8-39.7 cm
UTRGV,min,BAU,AY2-3,AY2-3-3,3,esm2,-17.4192722675556,-40.1974199638098,31.3372925652343,standard,30-50 cm,17.4-40.2 cm
UTRGV,min,BAU,AY2-3,AY2-3-4,4,esm1,-39.7,-64.2,25.9947800000001,standard,50-75 cm,39.7-64.2 cm
UTRGV,min,BAU,AY2-3,AY2-3-4,4,esm2,-40.1974199638098,-63.8788465316222,25.1735149637114,standard,50-75 cm,40.2-63.9 cm
UTRGV,min,BAU,AY2-3,AY2-3-5,5,esm1,-64.2,-89.3,22.0581250000007,standard,75-100 cm,64.2-89.3 cm
UTRGV,min,BAU,AY2-3,AY2-3-5,5,esm2,-63.8788465316222,-89.5202945686043,21.8816534666427,standard,75-100 cm,63.9-89.5 cm
UTRGV,min,BAU,AY3-1,AY3-1-1,1,esm1,0,-6.7,10.340348280502,standard,0-10 cm,0-6.7 cm
UTRGV,min,BAU,AY3-1,AY3-1-1,1,esm2,0,-6.76529915608233,10.2655581526577,standard,0-10 cm,0-6.8 cm
UTRGV,min,BAU,AY3-1,AY3-1-2,2,esm1,-6.7,-17.7,20.1363384865501,standard,10-30 cm,6.7-17.7 cm
UTRGV,min,BAU,AY3-1,AY3-1-2,2,esm2,-6.76529915608233,-17.5244689753054,21.812416528546,standard,10-30 cm,6.8-17.5 cm
UTRGV,min,BAU,AY3-1,AY3-1-3,3,esm1,-17.7,-36.6,28.374045528198,standard,30-50 cm,17.7-36.6 cm
UTRGV,min,BAU,AY3-1,AY3-1-3,3,esm2,-17.5244689753054,-36.5343193140464,27.5729409482483,standard,30-50 cm,17.5-36.5 cm
UTRGV,min,BAU,AY3-1,AY3-1-4,4,esm1,-36.6,-61,24.64863,standard,50-75 cm,36.6-61 cm
UTRGV,min,BAU,AY3-1,AY3-1-4,4,esm2,-36.5343193140464,-60.9854947533593,24.2544985773742,standard,50-75 cm,36.5-61 cm
UTRGV,min,BAU,AY3-1,AY3-1-5,5,esm1,-61,-86.2,22.0330400000004,standard,75-100 cm,61-86.2 cm
UTRGV,min,BAU,AY3-1,AY3-1-5,5,esm2,-60.9854947533593,-86.2805670460731,22.3460556283202,standard,75-100 cm,61-86.3 cm
UTRGV,min,BAU,AY3-2,AY3-2-1,1,esm1,0,-5.9,9.877054280236,standard,0-10 cm,0-5.9 cm
UTRGV,min,BAU,AY3-2,AY3-2-1,1,esm2,0,-5.93999337915231,9.87491790078962,standard,0-10 cm,0-5.9 cm
UTRGV,min,BAU,AY3-2,AY3-2-2,2,esm1,-5.9,-14.9,16.9982251883589,standard,10-30 cm,5.9-14.9 cm
UTRGV,min,BAU,AY3-2,AY3-2-2,2,esm2,-5.93999337915231,-14.4034105964927,16.1747155326209,standard,10-30 cm,5.9-14.4 cm
UTRGV,min,BAU,AY3-2,AY3-2-3,3,esm1,-14.9,-31.3,31.3337897502048,standard,30-50 cm,14.9-31.3 cm
UTRGV,min,BAU,AY3-2,AY3-2-3,3,esm2,-14.4034105964927,-31.2267092113966,32.3428126536026,standard,30-50 cm,14.4-31.2 cm
UTRGV,min,BAU,AY3-2,AY3-2-4,4,esm1,-31.3,-55.4,33.6134099999996,standard,50-75 cm,31.3-55.4 cm
UTRGV,min,BAU,AY3-2,AY3-2-4,4,esm2,-31.2267092113966,-55.423629524029,34.4376512225815,standard,50-75 cm,31.2-55.4 cm
UTRGV,min,BAU,AY3-2,AY3-2-5,5,esm1,-55.4,-80.6,26.305440000001,standard,75-100 cm,55.4-80.6 cm
UTRGV,min,BAU,AY3-2,AY3-2-5,5,esm2,-55.423629524029,-80.6588435136037,25.39208780557,standard,75-100 cm,55.4-80.7 cm
UTRGV,min,BAU,AY3-3,AY3-3-1,1,esm1,0,-5.8,10.382059576608,standard,0-10 cm,0-5.8 cm
UTRGV,min,BAU,AY3-3,AY3-3-1,1,esm2,0,-5.85136363496129,10.4547253169986,standard,0-10 cm,0-5.9 cm
UTRGV,min,BAU,AY3-3,AY3-3-2,2,esm1,-5.8,-15.2,17.993257383144,standard,10-30 cm,5.8-15.2 cm
UTRGV,min,BAU,AY3-3,AY3-3-2,2,esm2,-5.85136363496129,-15.3921550250435,17.5922963809515,standard,10-30 cm,5.9-15.4 cm
UTRGV,min,BAU,AY3-3,AY3-3-3,3,esm1,-15.2,-30,32.0123757096481,standard,30-50 cm,15.2-30 cm
UTRGV,min,BAU,AY3-3,AY3-3-3,3,esm2,-15.3921550250435,-30.0264407622841,32.3842416831472,standard,30-50 cm,15.4-30 cm
UTRGV,min,BAU,AY3-3,AY3-3-4,4,esm1,-30,-54.1,25.1894000000006,standard,50-75 cm,30-54.1 cm
UTRGV,min,BAU,AY3-3,AY3-3-4,4,esm2,-30.0264407622841,-54.1564065965908,25.3494104357762,standard,50-75 cm,30-54.2 cm
UTRGV,min,BAU,AY3-3,AY3-3-5,5,esm1,-54.1,-79.3,19.7568000000005,standard,75-100 cm,54.1-79.3 cm
UTRGV,min,BAU,AY3-3,AY3-3-5,5,esm2,-54.1564065965908,-79.3225675164382,19.5617841044655,standard,75-100 cm,54.2-79.3 cm
UTRGV,min,BAU,AZ1-1,AZ1-1-1,1,esm1,0,-5.2,16.517943341956,standard,0-10 cm,0-5.2 cm
UTRGV,min,BAU,AZ1-1,AZ1-1-1,1,esm2,0,-5.21243516429602,16.6365001749838,standard,0-10 cm,0-5.2 cm
UTRGV,min,BAU,AZ1-1,AZ1-1-2,2,esm1,-5.2,-14.4,22.4474543305238,standard,10-30 cm,5.2-14.4 cm
UTRGV,min,BAU,AZ1-1,AZ1-1-2,2,esm2,-5.21243516429602,-13.5599352388377,23.2035795310181,standard,10-30 cm,5.2-13.6 cm
UTRGV,min,BAU,AZ1-1,AZ1-1-3,3,esm1,-14.4,-35.4,28.7965383718197,standard,30-50 cm,14.4-35.4 cm
UTRGV,min,BAU,AZ1-1,AZ1-1-3,3,esm2,-13.5599352388377,-35.8106327741895,29.6130897574393,standard,30-50 cm,13.6-35.8 cm
UTRGV,min,BAU,AZ1-1,AZ1-1-4,4,esm1,-35.4,-59.7,16.9923500000002,standard,50-75 cm,35.4-59.7 cm
UTRGV,min,BAU,AZ1-1,AZ1-1-4,4,esm2,-35.8106327741895,-59.4272419227878,16.3787742631547,standard,50-75 cm,35.8-59.4 cm
UTRGV,min,BAU,AZ1-1,AZ1-1-5,5,esm1,-59.7,-84.9,3.72277499999979,standard,75-100 cm,59.7-84.9 cm
UTRGV,min,BAU,AZ1-1,AZ1-1-5,5,esm2,-59.4272419227878,-85.0204790192377,1.22668956425844,standard,75-100 cm,59.4-85 cm
UTRGV,min,BAU,AZ1-2,AZ1-2-1,1,esm1,0,-5,12.56042947185,standard,0-10 cm,0-5 cm
UTRGV,min,BAU,AZ1-2,AZ1-2-1,1,esm2,0,-5.09755933044999,12.8415995585291,standard,0-10 cm,0-5.1 cm
UTRGV,min,BAU,AZ1-2,AZ1-2-2,2,esm1,-5,-12.9,18.195478377064,standard,10-30 cm,5-12.9 cm
UTRGV,min,BAU,AZ1-2,AZ1-2-2,2,esm2,-5.09755933044999,-12.4048015081886,19.7206745656441,standard,10-30 cm,5.1-12.4 cm
UTRGV,min,BAU,AZ1-2,AZ1-2-3,3,esm1,-12.9,-28.3,19.9161547378636,standard,30-50 cm,12.9-28.3 cm
UTRGV,min,BAU,AZ1-2,AZ1-2-3,3,esm2,-12.4048015081886,-28.0223899760314,18.9995532877793,standard,30-50 cm,12.4-28 cm
UTRGV,min,BAU,AZ1-2,AZ1-2-4,4,esm1,-28.3,-51.7,12.3837365619723,standard,50-75 cm,28.3-51.7 cm
UTRGV,min,BAU,AZ1-2,AZ1-2-4,4,esm2,-28.0223899760314,-51.792981115242,11.4634538225554,standard,50-75 cm,28-51.8 cm
UTRGV,min,BAU,AZ1-2,AZ1-2-5,5,esm1,-51.7,-77,12.0428000000007,standard,75-100 cm,51.7-77 cm
UTRGV,min,BAU,AZ1-2,AZ1-2-5,5,esm2,-51.792981115242,-77.0144902422764,12.0554382268574,standard,75-100 cm,51.8-77 cm
UTRGV,min,BAU,AZ1-3,AZ1-3-1,1,esm1,0,-4.7,9.645163407088,standard,0-10 cm,0-4.7 cm
UTRGV,min,BAU,AZ1-3,AZ1-3-1,1,esm2,0,-4.71514766652915,9.79967990294648,standard,0-10 cm,0-4.7 cm
UTRGV,min,BAU,AZ1-3,AZ1-3-2,2,esm1,-4.7,-13.3,12.1828530629159,standard,10-30 cm,4.7-13.3 cm
UTRGV,min,BAU,AZ1-3,AZ1-3-2,2,esm2,-4.71514766652915,-12.7881117245283,11.4428537961282,standard,10-30 cm,4.7-12.8 cm
UTRGV,min,BAU,AZ1-3,AZ1-3-3,3,esm1,-13.3,-31.6,24.5294491257959,standard,30-50 cm,13.3-31.6 cm
UTRGV,min,BAU,AZ1-3,AZ1-3-3,3,esm2,-12.7881117245283,-31.6988735027272,25.7634784693614,standard,30-50 cm,12.8-31.7 cm
UTRGV,min,BAU,AZ1-3,AZ1-3-4,4,esm1,-31.6,-55.8,15.6184800000004,standard,50-75 cm,31.6-55.8 cm
UTRGV,min,BAU,AZ1-3,AZ1-3-4,4,esm2,-31.6988735027272,-55.73993168264,15.252735601104,standard,50-75 cm,31.7-55.7 cm
UTRGV,min,BAU,AZ1-3,AZ1-3-5,5,esm1,-55.8,-81,11.3784999999998,standard,75-100 cm,55.8-81 cm
UTRGV,min,BAU,AZ1-3,AZ1-3-5,5,esm2,-55.73993168264,-81.0704008582053,11.2522027504282,standard,75-100 cm,55.7-81.1 cm
UTRGV,min,BAU,AZ2-1,AZ2-1-1,1,esm1,0,-9.8,8.63842545397999,standard,0-10 cm,0-9.8 cm
UTRGV,min,BAU,AZ2-1,AZ2-1-1,1,esm2,0,-9.84010604232128,8.66401963878341,standard,0-10 cm,0-9.8 cm
UTRGV,min,BAU,AZ2-1,AZ2-1-2,2,esm1,-9.8,-22.9,13.61882317054,standard,10-30 cm,9.8-22.9 cm
UTRGV,min,BAU,AZ2-1,AZ2-1-2,2,esm2,-9.84010604232128,-23.8613901415052,14.0718698513169,standard,10-30 cm,9.8-23.9 cm
UTRGV,min,BAU,AZ2-1,AZ2-1-3,3,esm1,-22.9,-43.4,14.6826779684802,standard,30-50 cm,22.9-43.4 cm
UTRGV,min,BAU,AZ2-1,AZ2-1-3,3,esm2,-23.8613901415052,-43.2177792382746,15.1371237236843,standard,30-50 cm,23.9-43.2 cm
UTRGV,min,BAU,AZ2-1,AZ2-1-4,4,esm1,-43.4,-68.1,10.9261299999998,standard,50-75 cm,43.4-68.1 cm
UTRGV,min,BAU,AZ2-1,AZ2-1-4,4,esm2,-43.2177792382746,-68.0957098087709,10.3718453264831,standard,50-75 cm,43.2-68.1 cm
UTRGV,min,BAU,AZ2-1,AZ2-1-5,5,esm1,-68.1,-93.1,6.87041500000003,standard,75-100 cm,68.1-93.1 cm
UTRGV,min,BAU,AZ2-1,AZ2-1-5,5,esm2,-68.0957098087709,-93.2614082304785,7.20821474058,standard,75-100 cm,68.1-93.3 cm
UTRGV,min,BAU,AZ2-2,AZ2-2-1,1,esm1,0,-9,9.79139108214999,standard,0-10 cm,0-9 cm
UTRGV,min,BAU,AZ2-2,AZ2-2-1,1,esm2,0,-9.00369894376003,9.82729656504548,standard,0-10 cm,0-9 cm
UTRGV,min,BAU,AZ2-2,AZ2-2-2,2,esm1,-9,-23.3,13.1319639083381,standard,10-30 cm,9-23.3 cm
UTRGV,min,BAU,AZ2-2,AZ2-2-2,2,esm2,-9.00369894376003,-23.6665441346161,13.6738823565521,standard,10-30 cm,9-23.7 cm
UTRGV,min,BAU,AZ2-2,AZ2-2-3,3,esm1,-23.3,-44.3,16.1808495949623,standard,30-50 cm,23.3-44.3 cm
UTRGV,min,BAU,AZ2-2,AZ2-2-3,3,esm2,-23.6665441346161,-44.5216847543044,16.2378676756449,standard,30-50 cm,23.7-44.5 cm
UTRGV,min,BAU,AZ2-2,AZ2-2-4,4,esm1,-44.3,-69.1,13.6346400000008,standard,50-75 cm,44.3-69.1 cm
UTRGV,min,BAU,AZ2-2,AZ2-2-4,4,esm2,-44.5216847543044,-68.9393239493099,13.5791734207122,standard,50-75 cm,44.5-68.9 cm
UTRGV,min,BAU,AZ2-2,AZ2-2-5,5,esm1,-69.1,-94.1,10.0824450000002,standard,75-100 cm,69.1-94.1 cm
UTRGV,min,BAU,AZ2-2,AZ2-2-5,5,esm2,-68.9393239493099,-94.3148554771195,9.9075920408753,standard,75-100 cm,68.9-94.3 cm
UTRGV,min,BAU,AZ2-3,AZ2-3-1,1,esm1,0,-7.8,12.478612903382,standard,0-10 cm,0-7.8 cm
UTRGV,min,BAU,AZ2-3,AZ2-3-1,1,esm2,0,-7.86108565748944,12.5649432976807,standard,0-10 cm,0-7.9 cm
UTRGV,min,BAU,AZ2-3,AZ2-3-2,2,esm1,-7.8,-19.4,16.8171525696679,standard,10-30 cm,7.8-19.4 cm
UTRGV,min,BAU,AZ2-3,AZ2-3-2,2,esm2,-7.86108565748944,-19.3829189526788,17.7897339018925,standard,10-30 cm,7.9-19.4 cm
UTRGV,min,BAU,AZ2-3,AZ2-3-3,3,esm1,-19.4,-39,27.3075059997,standard,30-50 cm,19.4-39 cm
UTRGV,min,BAU,AZ2-3,AZ2-3-3,3,esm2,-19.3829189526788,-38.9313295232686,26.1342921594399,standard,30-50 cm,19.4-38.9 cm
UTRGV,min,BAU,AZ2-3,AZ2-3-4,4,esm1,-39,-63.5,29.8065500000006,standard,50-75 cm,39-63.5 cm
UTRGV,min,BAU,AZ2-3,AZ2-3-4,4,esm2,-38.9313295232686,-63.4374230488506,31.4812007593166,standard,50-75 cm,38.9-63.4 cm
UTRGV,min,BAU,AZ2-3,AZ2-3-5,5,esm1,-63.5,-88.6,24.8697800000001,standard,75-100 cm,63.5-88.6 cm
UTRGV,min,BAU,AZ2-3,AZ2-3-5,5,esm2,-63.4374230488506,-88.744427856793,23.4682475510717,standard,75-100 cm,63.4-88.7 cm
UTRGV,min,BAU,AZ3-1,AZ3-1-1,1,esm1,0,-8,14.1007303601,standard,0-10 cm,0-8 cm
UTRGV,min,BAU,AZ3-1,AZ3-1-1,1,esm2,0,-7.97815243541365,14.1663023015059,standard,0-10 cm,0-8 cm
UTRGV,min,BAU,AZ3-1,AZ3-1-2,2,esm1,-8,-28.2,19.0791189086397,standard,10-30 cm,8-28.2 cm
UTRGV,min,BAU,AZ3-1,AZ3-1-2,2,esm2,-7.97815243541365,-28.4853280666581,19.156168475173,standard,10-30 cm,8-28.5 cm
UTRGV,min,BAU,AZ3-1,AZ3-1-3,3,esm1,-28.2,-48.9,21.9301703391606,standard,30-50 cm,28.2-48.9 cm
UTRGV,min,BAU,AZ3-1,AZ3-1-3,3,esm2,-28.4853280666581,-49.0285853486655,21.9021461917579,standard,30-50 cm,28.5-49 cm
UTRGV,min,BAU,AZ3-1,AZ3-1-4,4,esm1,-48.9,-73.8,26.1663950000005,standard,50-75 cm,48.9-73.8 cm
UTRGV,min,BAU,AZ3-1,AZ3-1-4,4,esm2,-49.0285853486655,-73.5851265085455,26.1997475808386,standard,50-75 cm,49-73.6 cm
UTRGV,min,BAU,AZ3-1,AZ3-1-5,5,esm1,-73.8,-98.8,22.4712000000011,standard,75-100 cm,73.8-98.8 cm
UTRGV,min,BAU,AZ3-1,AZ3-1-5,5,esm2,-73.5851265085455,-98.9345291218337,22.5901264511179,standard,75-100 cm,73.6-98.9 cm
UTRGV,min,BAU,AZ3-2,AZ3-2-1,1,esm1,0,-7.4,12.045587249166,standard,0-10 cm,0-7.4 cm
UTRGV,min,BAU,AZ3-2,AZ3-2-1,1,esm2,0,-7.24921873176765,12.2681606323734,standard,0-10 cm,0-7.2 cm
UTRGV,min,BAU,AZ3-2,AZ3-2-2,2,esm1,-7.4,-24.1,14.7107974711081,standard,10-30 cm,7.4-24.1 cm
UTRGV,min,BAU,AZ3-2,AZ3-2-2,2,esm2,-7.24921873176765,-23.8742847739534,14.6316048233673,standard,10-30 cm,7.2-23.9 cm
UTRGV,min,BAU,AZ3-2,AZ3-2-3,3,esm1,-24.1,-46.1,19.2270201499756,standard,30-50 cm,24.1-46.1 cm
UTRGV,min,BAU,AZ3-2,AZ3-2-3,3,esm2,-23.8742847739534,-46.7987672171179,19.7837419785041,standard,30-50 cm,23.9-46.8 cm
UTRGV,min,BAU,AZ3-2,AZ3-2-4,4,esm1,-46.1,-70.9,14.0759700000006,standard,50-75 cm,46.1-70.9 cm
UTRGV,min,BAU,AZ3-2,AZ3-2-4,4,esm2,-46.7987672171179,-70.4637772495313,14.1885084274524,standard,50-75 cm,46.8-70.5 cm
UTRGV,min,BAU,AZ3-2,AZ3-2-5,5,esm1,-70.9,-96,11.3784000000006,standard,75-100 cm,70.9-96 cm
UTRGV,min,BAU,AZ3-2,AZ3-2-5,5,esm2,-70.4637772495313,-96.2448012806844,10.4551992342848,standard,75-100 cm,70.5-96.2 cm
UTRGV,min,BAU,AZ3-3,AZ3-3-1,1,esm1,0,-8.3,11.852750021166,standard,0-10 cm,0-8.3 cm
UTRGV,min,BAU,AZ3-3,AZ3-3-1,1,esm2,0,-8.38622017388286,12.0600399798385,standard,0-10 cm,0-8.4 cm
UTRGV,min,BAU,AZ3-3,AZ3-3-2,2,esm1,-8.3,-20.8,15.4404815309579,standard,10-30 cm,8.3-20.8 cm
UTRGV,min,BAU,AZ3-3,AZ3-3-2,2,esm2,-8.38622017388286,-21.2692544687,14.5188193613002,standard,10-30 cm,8.4-21.3 cm
UTRGV,min,BAU,AZ3-3,AZ3-3-3,3,esm1,-20.8,-41,32.1419236121761,standard,30-50 cm,20.8-41 cm
UTRGV,min,BAU,AZ3-3,AZ3-3-3,3,esm2,-21.2692544687,-40.9411644258658,33.1192692826687,standard,30-50 cm,21.3-40.9 cm
UTRGV,min,BAU,AZ3-3,AZ3-3-4,4,esm1,-41,-65.6,29.6758499999995,standard,50-75 cm,41-65.6 cm
UTRGV,min,BAU,AZ3-3,AZ3-3-4,4,esm2,-40.9411644258658,-65.5694258887309,33.6202854365239,standard,50-75 cm,40.9-65.6 cm
UTRGV,min,BAU,AZ3-3,AZ3-3-5,5,esm1,-65.6,-90.7,16.8405699999987,standard,75-100 cm,65.6-90.7 cm
UTRGV,min,BAU,AZ3-3,AZ3-3-5,5,esm2,-65.5694258887309,-90.8424698282428,12.2031616720371,standard,75-100 cm,65.6-90.8 cm
WashingtonState,max,SHM,ASP10-1,ASP10-1-1,1,esm1,0,-10.5,18.2849139534884,standard,0-10 cm,0-10.5 cm
WashingtonState,max,SHM,ASP10-1,ASP10-1-1,1,esm2,0,-10.6349296907183,18.4615483780042,standard,0-10 cm,0-10.6 cm
WashingtonState,fd,SHM,ASP10-1,ASP10-1-1,1,fd,0,-10,17.663313953488373,standard,0-10 cm,0-10 cm
WashingtonState,max,SHM,ASP10-1,ASP10-1-2,2,esm1,-10.5,-37.1,29.9990399999997,standard,10-30 cm,10.5-37.1 cm
WashingtonState,max,SHM,ASP10-1,ASP10-1-2,2,esm2,-10.6349296907183,-37.0262956812402,30.9744267203804,standard,10-30 cm,10.6-37 cm
WashingtonState,fd,SHM,ASP10-1,ASP10-1-2,2,fd,-10,-30,24.864000000000004,standard,10-30 cm,10-30 cm
WashingtonState,max,SHM,ASP10-1,ASP10-1-3,3,esm1,-37.1,-61.1,11.7454799999993,standard,30-50 cm,37.1-61.1 cm
WashingtonState,max,SHM,ASP10-1,ASP10-1-3,3,esm2,-37.0262956812402,-61.1213047657515,10.5812998497187,standard,30-50 cm,37-61.1 cm
WashingtonState,fd,SHM,ASP10-1,ASP10-1-3,3,fd,-30,-50,12.134400000000001,standard,30-50 cm,30-50 cm
WashingtonState,max,SHM,ASP10-1,ASP10-1-4,4,esm1,-61.1,-91.8,10.7398000000003,standard,50-75 cm,61.1-91.8 cm
WashingtonState,max,SHM,ASP10-1,ASP10-1-4,4,esm2,-61.1213047657515,-91.8913112479198,11.0754714144643,standard,50-75 cm,61.1-91.9 cm
WashingtonState,fd,SHM,ASP10-1,ASP10-1-4,4,fd,-50,-75,10.722,standard,50-75 cm,50-75 cm
WashingtonState,max,SHM,ASP10-1,ASP10-1-5,5,esm1,-91.8,-120.5,7.37213000000061,standard,75-100 cm,91.8-120.5 cm
WashingtonState,max,SHM,ASP10-1,ASP10-1-5,5,esm2,-91.8913112479198,-121.061009708938,7.16325595184993,standard,75-100 cm,91.9-121.1 cm
WashingtonState,fd,SHM,ASP10-1,ASP10-1-5,5,fd,-75,-100,7.6356,standard,75-100 cm,75-100 cm
WashingtonState,max,SHM,ASP10-2,ASP10-2-1,1,esm1,0,-10.5,14.4816279069767,standard,0-10 cm,0-10.5 cm
WashingtonState,max,SHM,ASP10-2,ASP10-2-1,1,esm2,0,-10.6428670832842,14.6406406942232,standard,0-10 cm,0-10.6 cm
WashingtonState,fd,SHM,ASP10-2,ASP10-2-1,1,fd,0,-10,13.931627906976743,standard,0-10 cm,0-10 cm
WashingtonState,max,SHM,ASP10-2,ASP10-2-2,2,esm1,-10.5,-36.5,26.0853999999998,standard,10-30 cm,10.5-36.5 cm
WashingtonState,max,SHM,ASP10-2,ASP10-2-2,2,esm2,-10.6428670832842,-36.6027102165921,27.2719405854045,standard,10-30 cm,10.6-36.6 cm
WashingtonState,fd,SHM,ASP10-2,ASP10-2-2,2,fd,-10,-30,22,standard,10-30 cm,10-30 cm
WashingtonState,max,SHM,ASP10-2,ASP10-2-3,3,esm1,-36.5,-56.9,10.4754199999996,standard,30-50 cm,36.5-56.9 cm
WashingtonState,max,SHM,ASP10-2,ASP10-2-3,3,esm2,-36.6027102165921,-56.7661867886783,9.20179726509026,standard,30-50 cm,36.6-56.8 cm
WashingtonState,fd,SHM,ASP10-2,ASP10-2-3,3,fd,-30,-50,11.941600000000001,standard,30-50 cm,30-50 cm
WashingtonState,max,SHM,ASP10-2,ASP10-2-4,4,esm1,-56.9,-87.2,7.11386000000011,standard,50-75 cm,56.9-87.2 cm
WashingtonState,max,SHM,ASP10-2,ASP10-2-4,4,esm2,-56.7661867886783,-87.2451705416957,7.1612772446392,standard,50-75 cm,56.8-87.2 cm
WashingtonState,fd,SHM,ASP10-2,ASP10-2-4,4,fd,-50,-75,7.582000000000001,standard,50-75 cm,50-75 cm
WashingtonState,max,SHM,ASP10-2,ASP10-2-5,5,esm1,-87.2,-122.4,4.4006399999995,standard,75-100 cm,87.2-122.4 cm
WashingtonState,max,SHM,ASP10-2,ASP10-2-5,5,esm2,-87.2451705416957,-122.44103377875,4.26836102766081,standard,75-100 cm,87.2-122.4 cm
WashingtonState,fd,SHM,ASP10-2,ASP10-2-5,5,fd,-75,-100,4.7286,standard,75-100 cm,75-100 cm
WashingtonState,max,SHM,ASP10-3,ASP10-3-1,1,esm1,0,-10.4,7.44819720930231,standard,0-10 cm,0-10.4 cm
WashingtonState,max,SHM,ASP10-3,ASP10-3-1,1,esm2,0,-10.5906480553274,7.5743493427777,standard,0-10 cm,0-10.6 cm
WashingtonState,fd,SHM,ASP10-3,ASP10-3-1,1,fd,0,-10,7.164837209302325,standard,0-10 cm,0-10 cm
WashingtonState,max,SHM,ASP10-3,ASP10-3-2,2,esm1,-10.4,-30.6,12.15544,standard,10-30 cm,10.4-30.6 cm
WashingtonState,max,SHM,ASP10-3,ASP10-3-2,2,esm2,-10.5906480553274,-30.037114592765,12.4265033327382,standard,10-30 cm,10.6-30 cm
WashingtonState,fd,SHM,ASP10-3,ASP10-3-2,2,fd,-10,-30,12.3728,standard,10-30 cm,10-30 cm
WashingtonState,max,SHM,ASP10-3,ASP10-3-3,3,esm1,-30.6,-54.5,2.58559999999984,standard,30-50 cm,30.6-54.5 cm
WashingtonState,max,SHM,ASP10-3,ASP10-3-3,3,esm2,-30.037114592765,-55.164107792653,2.11458569137499,standard,30-50 cm,30-55.2 cm
WashingtonState,fd,SHM,ASP10-3,ASP10-3-3,3,fd,-30,-50,2.2,standard,30-50 cm,30-50 cm
WashingtonState,max,SHM,ASP10-3,ASP10-3-4,4,esm1,-54.5,-80.9,2.52705000000002,standard,50-75 cm,54.5-80.9 cm
WashingtonState,max,SHM,ASP10-3,ASP10-3-4,4,esm2,-55.164107792653,-80.6973549457779,2.6443819885081,standard,50-75 cm,55.2-80.7 cm
WashingtonState,fd,SHM,ASP10-3,ASP10-3-4,4,fd,-50,-75,2.4524000000000004,standard,50-75 cm,50-75 cm
WashingtonState,max,SHM,ASP10-3,ASP10-3-5,5,esm1,-80.9,-111.2,2.27175000000019,standard,75-100 cm,80.9-111.2 cm
WashingtonState,max,SHM,ASP10-3,ASP10-3-5,5,esm2,-80.6973549457779,-111.177829989299,2.26378780591142,standard,75-100 cm,80.7-111.2 cm
WashingtonState,fd,SHM,ASP10-3,ASP10-3-5,5,fd,-75,-100,2.0638,standard,75-100 cm,75-100 cm
WashingtonState,max,SHM,ASP2-1,ASP2-1-1,1,esm1,0,-11.4,25.143966,standard,0-10 cm,0-11.4 cm
WashingtonState,max,SHM,ASP2-1,ASP2-1-1,1,esm2,0,-11.6994916042159,25.4148039564115,standard,0-10 cm,0-11.7 cm
WashingtonState,fd,SHM,ASP2-1,ASP2-1-1,1,fd,0,-10,21.58812,standard,0-10 cm,0-10 cm
WashingtonState,max,SHM,ASP2-1,ASP2-1-2,2,esm1,-11.4,-33.6,52.5954615999999,standard,10-30 cm,11.4-33.6 cm
WashingtonState,max,SHM,ASP2-1,ASP2-1-2,2,esm2,-11.6994916042159,-33.0035299574446,53.6681033951834,standard,10-30 cm,11.7-33 cm
WashingtonState,fd,SHM,ASP2-1,ASP2-1-2,2,fd,-10,-30,49.973866,standard,10-30 cm,10-30 cm
WashingtonState,max,SHM,ASP2-1,ASP2-1-3,3,esm1,-33.6,-54.5,35.8634804000007,standard,30-50 cm,33.6-54.5 cm
WashingtonState,max,SHM,ASP2-1,ASP2-1-3,3,esm2,-33.0035299574446,-53.7626630205011,37.1966536705021,standard,30-50 cm,33-53.8 cm
WashingtonState,fd,SHM,ASP2-1,ASP2-1-3,3,fd,-30,-50,34.31912,standard,30-50 cm,30-50 cm
WashingtonState,max,SHM,ASP2-1,ASP2-1-4,4,esm1,-54.5,-82.9,37.1601703200019,standard,50-75 cm,54.5-82.9 cm
WashingtonState,max,SHM,ASP2-1,ASP2-1-4,4,esm2,-53.7626630205011,-82.9889173519716,35.1870482718132,standard,50-75 cm,53.8-83 cm
WashingtonState,fd,SHM,ASP2-1,ASP2-1-4,4,fd,-50,-75,36.433547999999995,standard,50-75 cm,50-75 cm
WashingtonState,max,SHM,ASP2-1,ASP2-1-5,5,esm1,-82.9,-113.9,26.468202092502,standard,75-100 cm,82.9-113.9 cm
WashingtonState,max,SHM,ASP2-1,ASP2-1-5,5,esm2,-82.9889173519716,-114.20008921262,26.4102873791204,standard,75-100 cm,83-114.2 cm
WashingtonState,fd,SHM,ASP2-1,ASP2-1-5,5,fd,-75,-100,23.638758900000003,standard,75-100 cm,75-100 cm
WashingtonState,max,SHM,ASP2-2,ASP2-2-1,1,esm1,0,-14.4,22.2536998,standard,0-10 cm,0-14.4 cm
WashingtonState,max,SHM,ASP2-2,ASP2-2-1,1,esm2,0,-15.9248378872023,25.4471799543844,standard,0-10 cm,0-15.9 cm
WashingtonState,fd,SHM,ASP2-2,ASP2-2-1,1,fd,0,-10,15.149385,standard,0-10 cm,0-10 cm
WashingtonState,max,SHM,ASP2-2,ASP2-2-2,2,esm1,-14.4,-41.6,38.0101859199998,standard,10-30 cm,14.4-41.6 cm
WashingtonState,max,SHM,ASP2-2,ASP2-2-2,2,esm2,-15.9248378872023,-40.6215566271414,35.8104082900693,standard,10-30 cm,15.9-40.6 cm
WashingtonState,fd,SHM,ASP2-2,ASP2-2-2,2,fd,-10,-30,32.29234,standard,10-30 cm,10-30 cm
WashingtonState,max,SHM,ASP2-2,ASP2-2-3,3,esm1,-41.6,-65.3,23.682537839999,standard,30-50 cm,41.6-65.3 cm
WashingtonState,max,SHM,ASP2-2,ASP2-2-3,3,esm2,-40.6215566271414,-65.2854885982339,24.7746218728109,standard,30-50 cm,40.6-65.3 cm
WashingtonState,fd,SHM,ASP2-2,ASP2-2-3,3,fd,-30,-50,21.2159716,standard,30-50 cm,30-50 cm
WashingtonState,max,SHM,ASP2-2,ASP2-2-4,4,esm1,-65.3,-93.5,21.4147634399992,standard,50-75 cm,65.3-93.5 cm
WashingtonState,max,SHM,ASP2-2,ASP2-2-4,4,esm2,-65.2854885982339,-93.6642621333989,19.9957052410348,standard,50-75 cm,65.3-93.7 cm
WashingtonState,fd,SHM,ASP2-2,ASP2-2-4,4,fd,-50,-75,24.98158,standard,50-75 cm,50-75 cm
WashingtonState,max,SHM,ASP2-2,ASP2-2-5,5,esm1,-93.5,-124,10.7508319999991,standard,75-100 cm,93.5-124 cm
WashingtonState,max,SHM,ASP2-2,ASP2-2-5,5,esm2,-93.6642621333989,-124.343843876859,9.97926245134697,standard,75-100 cm,93.7-124.3 cm
WashingtonState,fd,SHM,ASP2-2,ASP2-2-5,5,fd,-75,-100,14.9967424,standard,75-100 cm,75-100 cm
WashingtonState,max,SHM,ASP2-3,ASP2-3-1,1,esm1,0,-12.6,26.376137,standard,0-10 cm,0-12.6 cm
WashingtonState,max,SHM,ASP2-3,ASP2-3-1,1,esm2,0,-13.3769153988346,27.8521121283301,standard,0-10 cm,0-13.4 cm
WashingtonState,fd,SHM,ASP2-3,ASP2-3-1,1,fd,0,-10,19.261445,standard,0-10 cm,0-10 cm
WashingtonState,max,SHM,ASP2-3,ASP2-3-2,2,esm1,-12.6,-37.3,67.5895739999997,standard,10-30 cm,12.6-37.3 cm
WashingtonState,max,SHM,ASP2-3,ASP2-3-2,2,esm2,-13.3769153988346,-37.6301857887038,67.1030257255606,standard,10-30 cm,13.4-37.6 cm
WashingtonState,fd,SHM,ASP2-3,ASP2-3-2,2,fd,-10,-30,54.72839999999999,standard,10-30 cm,10-30 cm
WashingtonState,max,SHM,ASP2-3,ASP2-3-3,3,esm1,-37.3,-56.8,39.7620580000002,standard,30-50 cm,37.3-56.8 cm
WashingtonState,max,SHM,ASP2-3,ASP2-3-3,3,esm2,-37.6301857887038,-56.2593039891975,41.5361337214634,standard,30-50 cm,37.6-56.3 cm
WashingtonState,fd,SHM,ASP2-3,ASP2-3-3,3,fd,-30,-50,46.32506,standard,30-50 cm,30-50 cm
WashingtonState,max,SHM,ASP2-3,ASP2-3-4,4,esm1,-56.8,-85.2,31.5149653199975,standard,50-75 cm,56.8-85.2 cm
WashingtonState,max,SHM,ASP2-3,ASP2-3-4,4,esm2,-56.2593039891975,-85.2659304321039,29.8224392125392,standard,50-75 cm,56.3-85.3 cm
WashingtonState,fd,SHM,ASP2-3,ASP2-3-4,4,fd,-50,-75,36.5979371,standard,50-75 cm,50-75 cm
WashingtonState,max,SHM,ASP2-3,ASP2-3-5,5,esm1,-85.2,-116.3,16.2099516049998,standard,75-100 cm,85.2-116.3 cm
WashingtonState,max,SHM,ASP2-3,ASP2-3-5,5,esm2,-85.2659304321039,-116.262520794088,14.58136129634,standard,75-100 cm,85.3-116.3 cm
WashingtonState,fd,SHM,ASP2-3,ASP2-3-5,5,fd,-75,-100,16.210827775,standard,75-100 cm,75-100 cm
WashingtonState,max,SHM,ASP6-1,ASP6-1-1,1,esm1,0,-10.4,22.068,standard,0-10 cm,0-10.4 cm
WashingtonState,max,SHM,ASP6-1,ASP6-1-1,1,esm2,0,-10.5265767185163,22.2486472285277,standard,0-10 cm,0-10.5 cm
WashingtonState,fd,SHM,ASP6-1,ASP6-1-1,1,fd,0,-10,21.39,standard,0-10 cm,0-10 cm
WashingtonState,max,SHM,ASP6-1,ASP6-1-2,2,esm1,-10.4,-35.6,36.1369599999999,standard,10-30 cm,10.4-35.6 cm
WashingtonState,max,SHM,ASP6-1,ASP6-1-2,2,esm2,-10.5265767185163,-35.6841812902545,38.3120875246894,standard,10-30 cm,10.5-35.7 cm
WashingtonState,fd,SHM,ASP6-1,ASP6-1-2,2,fd,-10,-30,32.1692,standard,10-30 cm,10-30 cm
WashingtonState,max,SHM,ASP6-1,ASP6-1-3,3,esm1,-35.6,-56.3,14.1382400000005,standard,30-50 cm,35.6-56.3 cm
WashingtonState,max,SHM,ASP6-1,ASP6-1-3,3,esm2,-35.6841812902545,-56.3143119885829,12.1102043743653,standard,30-50 cm,35.7-56.3 cm
WashingtonState,fd,SHM,ASP6-1,ASP6-1-3,3,fd,-30,-50,15.8608,standard,30-50 cm,30-50 cm
WashingtonState,max,SHM,ASP6-1,ASP6-1-4,4,esm1,-56.3,-83.2,10.8665600000014,standard,50-75 cm,56.3-83.2 cm
WashingtonState,max,SHM,ASP6-1,ASP6-1-4,4,esm2,-56.3143119885829,-83.3115747326117,10.8855855257028,standard,50-75 cm,56.3-83.3 cm
WashingtonState,fd,SHM,ASP6-1,ASP6-1-4,4,fd,-50,-75,11.167399999999999,standard,50-75 cm,50-75 cm
WashingtonState,max,SHM,ASP6-1,ASP6-1-5,5,esm1,-83.2,-112.4,7.74084000000158,standard,75-100 cm,83.2-112.4 cm
WashingtonState,max,SHM,ASP6-1,ASP6-1-5,5,esm2,-83.3115747326117,-111.922935658792,7.3253391307905,standard,75-100 cm,83.3-111.9 cm
WashingtonState,fd,SHM,ASP6-1,ASP6-1-5,5,fd,-75,-100,7.3686,standard,75-100 cm,75-100 cm
WashingtonState,max,SHM,ASP6-2,ASP6-2-1,1,esm1,0,-12.6,21.7458,standard,0-10 cm,0-12.6 cm
WashingtonState,max,SHM,ASP6-2,ASP6-2-1,1,esm2,0,-13.3951300323797,22.8008941615534,standard,0-10 cm,0-13.4 cm
WashingtonState,fd,SHM,ASP6-2,ASP6-2-1,1,fd,0,-10,17.6235,standard,0-10 cm,0-10 cm
WashingtonState,max,SHM,ASP6-2,ASP6-2-2,2,esm1,-12.6,-45.9,39.8519999999998,standard,10-30 cm,12.6-45.9 cm
WashingtonState,max,SHM,ASP6-2,ASP6-2-2,2,esm2,-13.3951300323797,-45.6615731184666,39.3624997225964,standard,10-30 cm,13.4-45.7 cm
WashingtonState,fd,SHM,ASP6-2,ASP6-2-2,2,fd,-10,-30,31.71,standard,10-30 cm,10-30 cm
WashingtonState,max,SHM,ASP6-2,ASP6-2-3,3,esm1,-45.9,-72.3,18.1953000000003,standard,30-50 cm,45.9-72.3 cm
WashingtonState,max,SHM,ASP6-2,ASP6-2-3,3,esm2,-45.6615731184666,-76.0621005257204,19.0205800392249,standard,30-50 cm,45.7-76.1 cm
WashingtonState,fd,SHM,ASP6-2,ASP6-2-3,3,fd,-30,-50,14.6505,standard,30-50 cm,30-50 cm
WashingtonState,max,SHM,ASP6-2,ASP6-2-4,4,esm1,-72.3,-100.2,18.7519000000012,standard,50-75 cm,72.3-100.2 cm
WashingtonState,max,SHM,ASP6-2,ASP6-2-4,4,esm2,-76.0621005257204,-99.9006345347476,17.5877890819781,standard,50-75 cm,76.1-99.9 cm
WashingtonState,fd,SHM,ASP6-2,ASP6-2-4,4,fd,-50,-75,17.88,standard,50-75 cm,50-75 cm
WashingtonState,max,SHM,ASP6-2,ASP6-2-5,5,esm1,-100.2,-130.1,13.8132799999989,standard,75-100 cm,100.2-130.1 cm
WashingtonState,max,SHM,ASP6-2,ASP6-2-5,5,esm2,-99.9006345347476,-128.691076474283,12.6089386771,standard,75-100 cm,99.9-128.7 cm
WashingtonState,fd,SHM,ASP6-2,ASP6-2-5,5,fd,-75,-100,16.571,standard,75-100 cm,75-100 cm
WashingtonState,max,SHM,ASP6-3,ASP6-3-1,1,esm1,0,-10,24.2089999999999,standard,0-10 cm,0-10 cm
WashingtonState,max,SHM,ASP6-3,ASP6-3-1,1,esm2,0,-10,24.209,standard,0-10 cm,0-10 cm
WashingtonState,fd,SHM,ASP6-3,ASP6-3-1,1,fd,0,-10,24.209000000000003,standard,0-10 cm,0-10 cm
WashingtonState,max,SHM,ASP6-3,ASP6-3-2,2,esm1,-10,-38.6,48.8975000000002,standard,10-30 cm,10-38.6 cm
WashingtonState,max,SHM,ASP6-3,ASP6-3-2,2,esm2,-10,-38.1514762584124,50.9241885288861,standard,10-30 cm,10-38.2 cm
WashingtonState,fd,SHM,ASP6-3,ASP6-3-2,2,fd,-10,-30,39.321400000000004,standard,10-30 cm,10-30 cm
WashingtonState,max,SHM,ASP6-3,ASP6-3-3,3,esm1,-38.6,-66,30.4229000000005,standard,30-50 cm,38.6-66 cm
WashingtonState,max,SHM,ASP6-3,ASP6-3-3,3,esm2,-38.1514762584124,-66.7866653501343,28.9545791235211,standard,30-50 cm,38.2-66.8 cm
WashingtonState,fd,SHM,ASP6-3,ASP6-3-3,3,fd,-30,-50,22.27,standard,30-50 cm,30-50 cm
WashingtonState,max,SHM,ASP6-3,ASP6-3-4,4,esm1,-66,-94.2,28.9204400000004,standard,50-75 cm,66-94.2 cm
WashingtonState,max,SHM,ASP6-3,ASP6-3-4,4,esm2,-66.7866653501343,-94.2945912692102,29.1943192449709,standard,50-75 cm,66.8-94.3 cm
WashingtonState,fd,SHM,ASP6-3,ASP6-3-4,4,fd,-50,-75,27.593899999999998,standard,50-75 cm,50-75 cm
WashingtonState,max,SHM,ASP6-3,ASP6-3-5,5,esm1,-94.2,-119.7,16.8796699999999,standard,75-100 cm,94.2-119.7 cm
WashingtonState,max,SHM,ASP6-3,ASP6-3-5,5,esm2,-94.2945912692102,-120.409395635134,16.7067662296835,standard,75-100 cm,94.3-120.4 cm
WashingtonState,fd,SHM,ASP6-3,ASP6-3-5,5,fd,-75,-100,23.551699999999997,standard,75-100 cm,75-100 cm
WashingtonState,max,SHM,ASP9-1,ASP9-1-1,1,esm1,0,-12.6,25.380888,standard,0-10 cm,0-12.6 cm
WashingtonState,max,SHM,ASP9-1,ASP9-1-1,1,esm2,0,-13.9202494009917,26.3453716244655,standard,0-10 cm,0-13.9 cm
WashingtonState,fd,SHM,ASP9-1,ASP9-1-1,1,fd,0,-10,21.083595,standard,0-10 cm,0-10 cm
WashingtonState,max,SHM,ASP9-1,ASP9-1-2,2,esm1,-12.6,-39.4,48.1286726,standard,10-30 cm,12.6-39.4 cm
WashingtonState,max,SHM,ASP9-1,ASP9-1-2,2,esm2,-13.9202494009917,-38.6344486772447,46.0451586182589,standard,10-30 cm,13.9-38.6 cm
WashingtonState,fd,SHM,ASP9-1,ASP9-1-2,2,fd,-10,-30,33.0561,standard,10-30 cm,10-30 cm
WashingtonState,max,SHM,ASP9-1,ASP9-1-3,3,esm1,-39.4,-60.7,43.8912911999986,standard,30-50 cm,39.4-60.7 cm
WashingtonState,max,SHM,ASP9-1,ASP9-1-3,3,esm2,-38.6344486772447,-60.636947960398,45.226325879319504,standard,30-50 cm,38.6-60.6 cm
WashingtonState,fd,SHM,ASP9-1,ASP9-1-3,3,fd,-30,-50,41.21248,standard,30-50 cm,30-50 cm
WashingtonState,max,SHM,ASP9-1,ASP9-1-4,4,esm1,-60.7,-89.2,45.2899087999976,standard,50-75 cm,60.7-89.2 cm
WashingtonState,max,SHM,ASP9-1,ASP9-1-4,4,esm2,-60.636947960398,-89.1052579294532,47.8977848624992,standard,50-75 cm,60.6-89.1 cm
WashingtonState,fd,SHM,ASP9-1,ASP9-1-4,4,fd,-50,-75,45.360848,standard,50-75 cm,50-75 cm
WashingtonState,max,SHM,ASP9-1,ASP9-1-5,5,esm1,-89.2,-120.7,42.5538241999992,standard,75-100 cm,89.2-120.7 cm
WashingtonState,max,SHM,ASP9-1,ASP9-1-5,5,esm2,-89.1052579294532,-120.758831545041,39.8924434216878,standard,75-100 cm,89.1-120.8 cm
WashingtonState,fd,SHM,ASP9-1,ASP9-1-5,5,fd,-75,-100,38.6932,standard,75-100 cm,75-100 cm
WashingtonState,max,SHM,ASP9-2,ASP9-2-1,1,esm1,0,-11.4,24.4560936,standard,0-10 cm,0-11.4 cm
WashingtonState,max,SHM,ASP9-2,ASP9-2-1,1,esm2,0,-11.7952321523274,25.0824547853264,standard,0-10 cm,0-11.8 cm
WashingtonState,fd,SHM,ASP9-2,ASP9-2-1,1,fd,0,-10,22.255679999999998,standard,0-10 cm,0-10 cm
WashingtonState,max,SHM,ASP9-2,ASP9-2-2,2,esm1,-11.4,-39.1,43.6554547000002,standard,10-30 cm,11.4-39.1 cm
WashingtonState,max,SHM,ASP9-2,ASP9-2-2,2,esm2,-11.7952321523274,-39.3438686848269,43.6396483234352,standard,10-30 cm,11.8-39.3 cm
WashingtonState,fd,SHM,ASP9-2,ASP9-2-2,2,fd,-10,-30,31.434479999999997,standard,10-30 cm,10-30 cm
WashingtonState,max,SHM,ASP9-2,ASP9-2-3,3,esm1,-39.1,-58.6,30.2909448200006,standard,30-50 cm,39.1-58.6 cm
WashingtonState,max,SHM,ASP9-2,ASP9-2-3,3,esm2,-39.3438686848269,-58.5936042388149,30.150113206152,standard,30-50 cm,39.3-58.6 cm
WashingtonState,fd,SHM,ASP9-2,ASP9-2-3,3,fd,-30,-50,31.765282999999997,standard,30-50 cm,30-50 cm
WashingtonState,max,SHM,ASP9-2,ASP9-2-4,4,esm1,-58.6,-84.6,29.3924982000013,standard,50-75 cm,58.6-84.6 cm
WashingtonState,max,SHM,ASP9-2,ASP9-2-4,4,esm2,-58.5936042388149,-84.5805769182932,29.5905251244972,standard,50-75 cm,58.6-84.6 cm
WashingtonState,fd,SHM,ASP9-2,ASP9-2-4,4,fd,-50,-75,31.486933599999997,standard,50-75 cm,50-75 cm
WashingtonState,max,SHM,ASP9-2,ASP9-2-5,5,esm1,-84.6,-115.5,19.4719821799987,standard,75-100 cm,84.6-115.5 cm
WashingtonState,max,SHM,ASP9-2,ASP9-2-5,5,esm2,-84.5805769182932,-115.33913032566,18.8579149794143,standard,75-100 cm,84.6-115.3 cm
WashingtonState,fd,SHM,ASP9-2,ASP9-2-5,5,fd,-75,-100,21.7604874,standard,75-100 cm,75-100 cm
WashingtonState,max,SHM,ASP9-3,ASP9-3-1,1,esm1,0,-12.6,26.3152432,standard,0-10 cm,0-12.6 cm
WashingtonState,max,SHM,ASP9-3,ASP9-3-1,1,esm2,0,-13.7417024661238,27.1477573964646,standard,0-10 cm,0-13.7 cm
WashingtonState,fd,SHM,ASP9-3,ASP9-3-1,1,fd,0,-10,23.275109999999998,standard,0-10 cm,0-10 cm
WashingtonState,max,SHM,ASP9-3,ASP9-3-2,2,esm1,-12.6,-42.7,31.85000986,standard,10-30 cm,12.6-42.7 cm
WashingtonState,max,SHM,ASP9-3,ASP9-3-2,2,esm2,-13.7417024661238,-42.2854062523623,31.8633788570513,standard,10-30 cm,13.7-42.3 cm
WashingtonState,fd,SHM,ASP9-3,ASP9-3-2,2,fd,-10,-30,23.141451800000002,standard,10-30 cm,10-30 cm
WashingtonState,max,SHM,ASP9-3,ASP9-3-3,3,esm1,-42.7,-69.1,17.8326971000009,standard,30-50 cm,42.7-69.1 cm
WashingtonState,max,SHM,ASP9-3,ASP9-3-3,3,esm2,-42.2854062523623,-68.6571348666982,17.8068082043747,standard,30-50 cm,42.3-68.7 cm
WashingtonState,fd,SHM,ASP9-3,ASP9-3-3,3,fd,-30,-50,18.501876000000003,standard,30-50 cm,30-50 cm
WashingtonState,max,SHM,ASP9-3,ASP9-3-4,4,esm1,-69.1,-106.5,15.4357766399995,standard,50-75 cm,69.1-106.5 cm
WashingtonState,max,SHM,ASP9-3,ASP9-3-4,4,esm2,-68.6571348666982,-106.589119248746,14.6807413522558,standard,50-75 cm,68.7-106.6 cm
WashingtonState,fd,SHM,ASP9-3,ASP9-3-4,4,fd,-50,-75,14.389516200000001,standard,50-75 cm,50-75 cm
WashingtonState,max,SHM,ASP9-3,ASP9-3-5,5,esm1,-106.5,-142.3,5.44045439999937,standard,75-100 cm,106.5-142.3 cm
WashingtonState,max,SHM,ASP9-3,ASP9-3-5,5,esm2,-106.589119248746,-136.160991903855,-0.515246155777561,standard,75-100 cm,106.6-136.2 cm
WashingtonState,fd,SHM,ASP9-3,ASP9-3-5,5,fd,-75,-100,10.0191224,standard,75-100 cm,75-100 cm
WashingtonState,max,BAU,BAU3-1,BAU3-1-1,1,esm1,0,-13,16.7074,standard,0-10 cm,0-13 cm
WashingtonState,max,BAU,BAU3-1,BAU3-1-1,1,esm2,0,-14.0993318343588,18.263666405041,standard,0-10 cm,0-14.1 cm
WashingtonState,fd,BAU,BAU3-1,BAU3-1-1,1,fd,0,-10,13.749999999999998,standard,0-10 cm,0-10 cm
WashingtonState,max,BAU,BAU3-1,BAU3-1-2,2,esm1,-13,-40.5,23.9400999999995,standard,10-30 cm,13-40.5 cm
WashingtonState,max,BAU,BAU3-1,BAU3-1-2,2,esm2,-14.0993318343588,-39.9239732307782,22.9599635591727,standard,10-30 cm,14.1-39.9 cm
WashingtonState,fd,BAU,BAU3-1,BAU3-1-2,2,fd,-10,-30,19.716,standard,10-30 cm,10-30 cm
WashingtonState,max,BAU,BAU3-1,BAU3-1-3,3,esm1,-40.5,-63.8,11.6080599999993,standard,30-50 cm,40.5-63.8 cm
WashingtonState,max,BAU,BAU3-1,BAU3-1-3,3,esm2,-39.9239732307782,-63.6517658202709,11.3333241388138,standard,30-50 cm,39.9-63.7 cm
WashingtonState,fd,BAU,BAU3-1,BAU3-1-3,3,fd,-30,-50,11.9144,standard,30-50 cm,30-50 cm
WashingtonState,max,BAU,BAU3-1,BAU3-1-4,4,esm1,-63.8,-93.3,14.2635200000006,standard,50-75 cm,63.8-93.3 cm
WashingtonState,max,BAU,BAU3-1,BAU3-1-4,4,esm2,-63.6517658202709,-93.4108693442951,14.0111368201647,standard,50-75 cm,63.7-93.4 cm
WashingtonState,fd,BAU,BAU3-1,BAU3-1-4,4,fd,-50,-75,12.362,standard,50-75 cm,50-75 cm
WashingtonState,max,BAU,BAU3-1,BAU3-1-5,5,esm1,-93.3,-125.5,14.2956199999992,standard,75-100 cm,93.3-125.5 cm
WashingtonState,max,BAU,BAU3-1,BAU3-1-5,5,esm2,-93.4108693442951,-125.72189903506,14.1816629369512,standard,75-100 cm,93.4-125.7 cm
WashingtonState,fd,BAU,BAU3-1,BAU3-1-5,5,fd,-75,-100,11.99,standard,75-100 cm,75-100 cm
WashingtonState,max,BAU,BAU3-2,BAU3-2-1,1,esm1,0,-13.6,13.74926,standard,0-10 cm,0-13.6 cm
WashingtonState,max,BAU,BAU3-2,BAU3-2-1,1,esm2,0,-15.0031753713049,14.94543882747,standard,0-10 cm,0-15 cm
WashingtonState,fd,BAU,BAU3-2,BAU3-2-1,1,fd,0,-10,10.755500000000001,standard,0-10 cm,0-10 cm
WashingtonState,max,BAU,BAU3-2,BAU3-2-2,2,esm1,-13.6,-42.4,23.1246399999998,standard,10-30 cm,13.6-42.4 cm
WashingtonState,max,BAU,BAU3-2,BAU3-2-2,2,esm2,-15.0031753713049,-42.2232000477273,22.1809885745718,standard,10-30 cm,15-42.2 cm
WashingtonState,fd,BAU,BAU3-2,BAU3-2-2,2,fd,-10,-30,16.632,standard,10-30 cm,10-30 cm
WashingtonState,max,BAU,BAU3-2,BAU3-2-3,3,esm1,-42.4,-63.9,13.8459999999998,standard,30-50 cm,42.4-63.9 cm
WashingtonState,max,BAU,BAU3-2,BAU3-2-3,3,esm2,-42.2232000477273,-63.6868151278441,13.7695739030884,standard,30-50 cm,42.2-63.7 cm
WashingtonState,fd,BAU,BAU3-2,BAU3-2-3,3,fd,-30,-50,14.3808,standard,30-50 cm,30-50 cm
WashingtonState,max,BAU,BAU3-2,BAU3-2-4,4,esm1,-63.9,-91.8,16.9159199999997,standard,50-75 cm,63.9-91.8 cm
WashingtonState,max,BAU,BAU3-2,BAU3-2-4,4,esm2,-63.6868151278441,-91.8610357645038,17.5483051111376,standard,50-75 cm,63.7-91.9 cm
WashingtonState,fd,BAU,BAU3-2,BAU3-2-4,4,fd,-50,-75,16.1,standard,50-75 cm,50-75 cm
WashingtonState,max,BAU,BAU3-2,BAU3-2-5,5,esm1,-91.8,-122.3,10.8348800000003,standard,75-100 cm,91.8-122.3 cm
WashingtonState,max,BAU,BAU3-2,BAU3-2-5,5,esm2,-91.8610357645038,-122.344029401777,9.95836554913789,standard,75-100 cm,91.9-122.3 cm
WashingtonState,fd,BAU,BAU3-2,BAU3-2-5,5,fd,-75,-100,14.534999999999998,standard,75-100 cm,75-100 cm
WashingtonState,max,BAU,BAU3-3,BAU3-3-1,1,esm1,0,-13.4,14.876,standard,0-10 cm,0-13.4 cm
WashingtonState,max,BAU,BAU3-3,BAU3-3-1,1,esm2,0,-14.374516858331,16.1082440356684,standard,0-10 cm,0-14.4 cm
WashingtonState,fd,BAU,BAU3-3,BAU3-3-1,1,fd,0,-10,11.952,standard,0-10 cm,0-10 cm
WashingtonState,max,BAU,BAU3-3,BAU3-3-2,2,esm1,-13.4,-42.7,21.7535300000001,standard,10-30 cm,13.4-42.7 cm
WashingtonState,max,BAU,BAU3-3,BAU3-3-2,2,esm2,-14.374516858331,-42.2646138610824,21.3547496015644,standard,10-30 cm,14.4-42.3 cm
WashingtonState,fd,BAU,BAU3-3,BAU3-3-2,2,fd,-10,-30,17.2,standard,10-30 cm,10-30 cm
WashingtonState,max,BAU,BAU3-3,BAU3-3-3,3,esm1,-42.7,-67.6,12.5720100000009,standard,30-50 cm,42.7-67.6 cm
WashingtonState,max,BAU,BAU3-3,BAU3-3-3,3,esm2,-42.2646138610824,-67.8406800982056,12.2650728202738,standard,30-50 cm,42.3-67.8 cm
WashingtonState,fd,BAU,BAU3-3,BAU3-3-3,3,fd,-30,-50,11.1633,standard,30-50 cm,30-50 cm
WashingtonState,max,BAU,BAU3-3,BAU3-3-4,4,esm1,-67.6,-103.8,9.81396000000009,standard,50-75 cm,67.6-103.8 cm
WashingtonState,max,BAU,BAU3-3,BAU3-3-4,4,esm2,-67.8406800982056,-102.202690244178,9.4738588494602,standard,50-75 cm,67.8-102.2 cm
WashingtonState,fd,BAU,BAU3-3,BAU3-3-4,4,fd,-50,-75,11.998800000000001,standard,50-75 cm,50-75 cm
WashingtonState,max,BAU,BAU3-3,BAU3-3-5,5,esm1,-103.8,-161.1,6.18840000000186,standard,75-100 cm,103.8-161.1 cm
WashingtonState,max,BAU,BAU3-3,BAU3-3-5,5,esm2,-102.202690244178,-192.203716376146,3.47116837677405,standard,75-100 cm,102.2-192.2 cm
WashingtonState,fd,BAU,BAU3-3,BAU3-3-5,5,fd,-75,-100,6.2909999999999995,standard,75-100 cm,75-100 cm
WashingtonState,max,BAU,BAU8-1,BAU8-1-1,1,esm1,0,-11.4,22.4248604444445,standard,0-10 cm,0-11.4 cm
WashingtonState,max,BAU,BAU8-1,BAU8-1-1,1,esm2,0,-11.3230099537224,22.6634355946906,standard,0-10 cm,0-11.3 cm
WashingtonState,fd,BAU,BAU8-1,BAU8-1-1,1,fd,0,-10,20.110044444444444,standard,0-10 cm,0-10 cm
WashingtonState,max,BAU,BAU8-1,BAU8-1-2,2,esm1,-11.4,-49.4,66.8677167999994,standard,10-30 cm,11.4-49.4 cm
WashingtonState,max,BAU,BAU8-1,BAU8-1-2,2,esm2,-11.3230099537224,-49.8719698212662,65.7585779776057,standard,10-30 cm,11.3-49.9 cm
WashingtonState,fd,BAU,BAU8-1,BAU8-1-2,2,fd,-10,-30,33.266692000000006,standard,10-30 cm,10-30 cm
WashingtonState,max,BAU,BAU8-1,BAU8-1-3,3,esm1,-49.4,-82.1,60.1701771999986,standard,30-50 cm,49.4-82.1 cm
WashingtonState,max,BAU,BAU8-1,BAU8-1-3,3,esm2,-49.8719698212662,-82.5143783676417,62.1753324605725,standard,30-50 cm,49.9-82.5 cm
WashingtonState,fd,BAU,BAU8-1,BAU8-1-3,3,fd,-30,-50,37.02663999999999,standard,30-50 cm,30-50 cm
WashingtonState,max,BAU,BAU8-1,BAU8-1-4,4,esm1,-82.1,-115.5,55.4603727857128,standard,50-75 cm,82.1-115.5 cm
WashingtonState,max,BAU,BAU8-1,BAU8-1-4,4,esm2,-82.5143783676417,-115.915398088934,55.4448824404143,standard,50-75 cm,82.5-115.9 cm
WashingtonState,fd,BAU,BAU8-1,BAU8-1-4,4,fd,-50,-75,46.2833,standard,50-75 cm,50-75 cm
WashingtonState,max,BAU,BAU8-1,BAU8-1-5,5,esm1,-115.5,-146.7,46.1550558857125,standard,75-100 cm,115.5-146.7 cm
WashingtonState,max,BAU,BAU8-1,BAU8-1-5,5,esm2,-115.915398088934,-140.369451065098,25.7551645342087,standard,75-100 cm,115.9-140.4 cm
WashingtonState,fd,BAU,BAU8-1,BAU8-1-5,5,fd,-75,-100,43.787828000000005,standard,75-100 cm,75-100 cm
WashingtonState,max,BAU,BAU8-2,BAU8-2-1,1,esm1,0,-11.2,20.9330041481482,standard,0-10 cm,0-11.2 cm
WashingtonState,max,BAU,BAU8-2,BAU8-2-1,1,esm2,0,-11.2416554864618,21.0570865082181,standard,0-10 cm,0-11.2 cm
WashingtonState,fd,BAU,BAU8-2,BAU8-2-1,1,fd,0,-10,18.80326814814815,standard,0-10 cm,0-10 cm
WashingtonState,max,BAU,BAU8-2,BAU8-2-2,2,esm1,-11.2,-41.5,54.3100409259265,standard,10-30 cm,11.2-41.5 cm
WashingtonState,max,BAU,BAU8-2,BAU8-2-2,2,esm2,-11.2416554864618,-41.1954683091079,51.9963539589207,standard,10-30 cm,11.2-41.2 cm
WashingtonState,fd,BAU,BAU8-2,BAU8-2-2,2,fd,-10,-30,35.633459851851846,standard,10-30 cm,10-30 cm
WashingtonState,max,BAU,BAU8-2,BAU8-2-3,3,esm1,-41.5,-68.3,55.2662339629637,standard,30-50 cm,41.5-68.3 cm
WashingtonState,max,BAU,BAU8-2,BAU8-2-3,3,esm2,-41.1954683091079,-68.6423173380824,57.3472318431932,standard,30-50 cm,41.2-68.6 cm
WashingtonState,fd,BAU,BAU8-2,BAU8-2-3,3,fd,-30,-50,36.18489925925926,standard,30-50 cm,30-50 cm
WashingtonState,max,BAU,BAU8-2,BAU8-2-4,4,esm1,-68.3,-98.9,69.8020121999975,standard,50-75 cm,68.3-98.9 cm
WashingtonState,max,BAU,BAU8-2,BAU8-2-4,4,esm2,-68.6423173380824,-98.7807057060615,72.1134811511663,standard,50-75 cm,68.6-98.8 cm
WashingtonState,fd,BAU,BAU8-2,BAU8-2-4,4,fd,-50,-75,55.70192977777778,standard,50-75 cm,50-75 cm
WashingtonState,max,BAU,BAU8-2,BAU8-2-5,5,esm1,-98.9,-130.1,36.9281684571429,standard,75-100 cm,98.9-130.1 cm
WashingtonState,max,BAU,BAU8-2,BAU8-2-5,5,esm2,-98.7807057060615,-131.815506244371,24.1916577531312,standard,75-100 cm,98.8-131.8 cm
WashingtonState,fd,BAU,BAU8-2,BAU8-2-5,5,fd,-75,-100,55.28968885714285,standard,75-100 cm,75-100 cm
WashingtonState,max,BAU,BAU8-3,BAU8-3-1,1,esm1,0,-10.7,23.4608402444444,standard,0-10 cm,0-10.7 cm
WashingtonState,max,BAU,BAU8-3,BAU8-3-1,1,esm2,0,-11.0933111795175,23.766351907422,standard,0-10 cm,0-11.1 cm
WashingtonState,fd,BAU,BAU8-3,BAU8-3-1,1,fd,0,-10,21.368334444444443,standard,0-10 cm,0-10 cm
WashingtonState,max,BAU,BAU8-3,BAU8-3-2,2,esm1,-10.7,-34.3,56.6311216999998,standard,10-30 cm,10.7-34.3 cm
WashingtonState,max,BAU,BAU8-3,BAU8-3-2,2,esm2,-11.0933111795175,-32.491099191806,56.6496930683569,standard,10-30 cm,11.1-32.5 cm
WashingtonState,fd,BAU,BAU8-3,BAU8-3-2,2,fd,-10,-30,51.679346,standard,10-30 cm,10-30 cm
WashingtonState,max,BAU,BAU8-3,BAU8-3-3,3,esm1,-34.3,-63.1,47.220991075,standard,30-50 cm,34.3-63.1 cm
WashingtonState,max,BAU,BAU8-3,BAU8-3-3,3,esm2,-32.491099191806,-63.379737557641,47.2239398752308,standard,30-50 cm,32.5-63.4 cm
WashingtonState,fd,BAU,BAU8-3,BAU8-3-3,3,fd,-30,-50,32.7641,standard,30-50 cm,30-50 cm
WashingtonState,max,BAU,BAU8-3,BAU8-3-4,4,esm1,-63.1,-93.3,47.0618258464285,standard,50-75 cm,63.1-93.3 cm
WashingtonState,max,BAU,BAU8-3,BAU8-3-4,4,esm2,-63.379737557641,-93.2296441040984,48.1124805193832,standard,50-75 cm,63.4-93.2 cm
WashingtonState,fd,BAU,BAU8-3,BAU8-3-4,4,fd,-50,-75,41.43597225,standard,50-75 cm,50-75 cm
WashingtonState,max,BAU,BAU8-3,BAU8-3-5,5,esm1,-93.3,-124.5,33.6386033357149,standard,75-100 cm,93.3-124.5 cm
WashingtonState,max,BAU,BAU8-3,BAU8-3-5,5,esm2,-93.2296441040984,-124.533773197246,32.024356406321,standard,75-100 cm,93.2-124.5 cm
WashingtonState,fd,BAU,BAU8-3,BAU8-3-5,5,fd,-75,-100,35.50210178571429,standard,75-100 cm,75-100 cm
WashingtonState,max,BAU,BAU9-1,BAU9-1-1,1,esm1,0,-12.2,14.1697054,standard,0-10 cm,0-12.2 cm
WashingtonState,max,BAU,BAU9-1,BAU9-1-1,1,esm2,0,-13.4535306136416,14.431069930093,standard,0-10 cm,0-13.5 cm
WashingtonState,fd,BAU,BAU9-1,BAU9-1-1,1,fd,0,-10,10.78422,standard,0-10 cm,0-10 cm
WashingtonState,max,BAU,BAU9-1,BAU9-1-2,2,esm1,-12.2,-34.6,33.8238736000003,standard,10-30 cm,12.2-34.6 cm
WashingtonState,max,BAU,BAU9-1,BAU9-1-2,2,esm2,-13.4535306136416,-34.3194754912235,33.8594389751687,standard,10-30 cm,13.5-34.3 cm
WashingtonState,fd,BAU,BAU9-1,BAU9-1-2,2,fd,-10,-30,30.777140000000003,standard,10-30 cm,10-30 cm
WashingtonState,max,BAU,BAU9-1,BAU9-1-3,3,esm1,-34.6,-55.2,23.3764680000001,standard,30-50 cm,34.6-55.2 cm
WashingtonState,max,BAU,BAU9-1,BAU9-1-3,3,esm2,-34.3194754912235,-55.004321428584,24.6764702602356,standard,30-50 cm,34.3-55 cm
WashingtonState,fd,BAU,BAU9-1,BAU9-1-3,3,fd,-30,-50,23.907830999999998,standard,30-50 cm,30-50 cm
WashingtonState,max,BAU,BAU9-1,BAU9-1-4,4,esm1,-55.2,-79.2,24.7870540799997,standard,50-75 cm,55.2-79.2 cm
WashingtonState,max,BAU,BAU9-1,BAU9-1-4,4,esm2,-55.004321428584,-79.3311579256996,24.3851762698428,standard,50-75 cm,55-79.3 cm
WashingtonState,fd,BAU,BAU9-1,BAU9-1-4,4,fd,-50,-75,26.839708799999997,standard,50-75 cm,50-75 cm
WashingtonState,max,BAU,BAU9-1,BAU9-1-5,5,esm1,-79.2,-105,16.4084227199992,standard,75-100 cm,79.2-105 cm
WashingtonState,max,BAU,BAU9-1,BAU9-1-5,5,esm2,-79.3311579256996,-105.006741483109,15.3264460260689,standard,75-100 cm,79.3-105 cm
WashingtonState,fd,BAU,BAU9-1,BAU9-1-5,5,fd,-75,-100,17.934972,standard,75-100 cm,75-100 cm
WashingtonState,max,BAU,BAU9-2,BAU9-2-1,1,esm1,0,-11.9,15.2179748,standard,0-10 cm,0-11.9 cm
WashingtonState,max,BAU,BAU9-2,BAU9-2-1,1,esm2,0,-12.6492982119631,15.9605434327615,standard,0-10 cm,0-12.6 cm
WashingtonState,fd,BAU,BAU9-2,BAU9-2-1,1,fd,0,-10,12.14132,standard,0-10 cm,0-10 cm
WashingtonState,max,BAU,BAU9-2,BAU9-2-2,2,esm1,-11.9,-33.6,33.3721503800002,standard,10-30 cm,11.9-33.6 cm
WashingtonState,max,BAU,BAU9-2,BAU9-2-2,2,esm2,-12.6492982119631,-32.8467408432244,33.0697252276008,standard,10-30 cm,12.6-32.8 cm
WashingtonState,fd,BAU,BAU9-2,BAU9-2-2,2,fd,-10,-30,32.38584,standard,10-30 cm,10-30 cm
WashingtonState,max,BAU,BAU9-2,BAU9-2-3,3,esm1,-33.6,-56.3,21.3351466099997,standard,30-50 cm,33.6-56.3 cm
WashingtonState,max,BAU,BAU9-2,BAU9-2-3,3,esm2,-32.8467408432244,-54.7453546727555,21.6037786314398,standard,30-50 cm,32.8-54.7 cm
WashingtonState,fd,BAU,BAU9-2,BAU9-2-3,3,fd,-30,-50,19.4769037,standard,30-50 cm,30-50 cm
WashingtonState,max,BAU,BAU9-2,BAU9-2-4,4,esm1,-56.3,-92.2,19.4640828099994,standard,50-75 cm,56.3-92.2 cm
WashingtonState,max,BAU,BAU9-2,BAU9-2-4,4,esm2,-54.7453546727555,-94.3813248691693,18.91897196597,standard,50-75 cm,54.7-94.4 cm
WashingtonState,fd,BAU,BAU9-2,BAU9-2-4,4,fd,-50,-75,15.3923245,standard,50-75 cm,50-75 cm
WashingtonState,max,BAU,BAU9-2,BAU9-2-5,5,esm1,-92.2,-121,16.6781952000007,standard,75-100 cm,92.2-121 cm
WashingtonState,max,BAU,BAU9-2,BAU9-2-5,5,esm2,-94.3813248691693,-120.697180090131,16.6716509169456,standard,75-100 cm,94.4-120.7 cm
WashingtonState,fd,BAU,BAU9-2,BAU9-2-5,5,fd,-75,-100,15.7551228,standard,75-100 cm,75-100 cm
WashingtonState,max,BAU,BAU9-3,BAU9-3-1,1,esm1,0,-11.3,17.0234163629629,standard,0-10 cm,0-11.3 cm
WashingtonState,max,BAU,BAU9-3,BAU9-3-1,1,esm2,0,-11.4792348183913,17.3225802261696,standard,0-10 cm,0-11.5 cm
WashingtonState,fd,BAU,BAU9-3,BAU9-3-1,1,fd,0,-10,15.324240000000001,standard,0-10 cm,0-10 cm
WashingtonState,max,BAU,BAU9-3,BAU9-3-2,2,esm1,-11.3,-42.3,37.3574202962968,standard,10-30 cm,11.3-42.3 cm
WashingtonState,max,BAU,BAU9-3,BAU9-3-2,2,esm2,-11.4792348183913,-42.5966703281675,38.4288719312471,standard,10-30 cm,11.5-42.6 cm
WashingtonState,fd,BAU,BAU9-3,BAU9-3-2,2,fd,-10,-30,26.141174814814818,standard,10-30 cm,10-30 cm
WashingtonState,max,BAU,BAU9-3,BAU9-3-3,3,esm1,-42.3,-66.8,23.2811268481491,standard,30-50 cm,42.3-66.8 cm
WashingtonState,max,BAU,BAU9-3,BAU9-3-3,3,esm2,-42.5966703281675,-67.3397898018865,23.2704108233856,standard,30-50 cm,42.6-67.3 cm
WashingtonState,fd,BAU,BAU9-3,BAU9-3-3,3,fd,-30,-50,21.000685925925925,standard,30-50 cm,30-50 cm
WashingtonState,max,BAU,BAU9-3,BAU9-3-4,4,esm1,-66.8,-95,18.9224856000005,standard,50-75 cm,66.8-95 cm
WashingtonState,max,BAU,BAU9-3,BAU9-3-4,4,esm2,-67.3397898018865,-94.9331304347458,17.8219541930804,standard,50-75 cm,67.3-94.9 cm
WashingtonState,fd,BAU,BAU9-3,BAU9-3-4,4,fd,-50,-75,21.236060666666667,standard,50-75 cm,50-75 cm
WashingtonState,max,BAU,BAU9-3,BAU9-3-5,5,esm1,-95,-126.2,10.9381770000002,standard,75-100 cm,95-126.2 cm
WashingtonState,max,BAU,BAU9-3,BAU9-3-5,5,esm2,-94.9331304347458,-126.11470082429,9.78917460224331,standard,75-100 cm,94.9-126.1 cm
WashingtonState,fd,BAU,BAU9-3,BAU9-3-5,5,fd,-75,-100,15.537611700000001,standard,75-100 cm,75-100 cm
WashingtonState,max,Ref,PGL7-7a,PGL7-7a-1,1,esm1,0,-10.9,18.1243390909091,standard,0-10 cm,0-10.9 cm
WashingtonState,max,Ref,PGL7-7a,PGL7-7a-1,1,esm2,0,-11.0067394995352,18.4584796568594,standard,0-10 cm,0-11 cm
WashingtonState,fd,Ref,PGL7-7a,PGL7-7a-1,1,fd,0,-10,16.88868409090909,standard,0-10 cm,0-10 cm
WashingtonState,max,Ref,PGL7-7a,PGL7-7a-2,2,esm1,-10.9,-36.4,22.7074779999999,standard,10-30 cm,10.9-36.4 cm
WashingtonState,max,Ref,PGL7-7a,PGL7-7a-2,2,esm2,-11.0067394995352,-36.4857698209451,23.2581313298459,standard,10-30 cm,11-36.5 cm
WashingtonState,fd,Ref,PGL7-7a,PGL7-7a-2,2,fd,-10,-30,19.957324999999997,standard,10-30 cm,10-30 cm
WashingtonState,max,Ref,PGL7-7a,PGL7-7a-3,3,esm1,-36.4,-57.2,10.2121475000005,standard,30-50 cm,36.4-57.2 cm
WashingtonState,max,Ref,PGL7-7a,PGL7-7a-3,3,esm2,-36.4857698209451,-57.0660357908902,9.47577088092496,standard,30-50 cm,36.5-57.1 cm
WashingtonState,fd,Ref,PGL7-7a,PGL7-7a-3,3,fd,-30,-50,10.9324675,standard,30-50 cm,30-50 cm
WashingtonState,max,Ref,PGL7-7a,PGL7-7a-4,4,esm1,-57.2,-86.8,9.18283944000038,standard,50-75 cm,57.2-86.8 cm
WashingtonState,max,Ref,PGL7-7a,PGL7-7a-4,4,esm2,-57.0660357908902,-86.4366444248791,9.68467400894206,standard,50-75 cm,57.1-86.4 cm
WashingtonState,fd,Ref,PGL7-7a,PGL7-7a-4,4,fd,-50,-75,9.291947799999999,standard,50-75 cm,50-75 cm
WashingtonState,max,Ref,PGL7-7a,PGL7-7a-5,5,esm1,-86.8,-119.7,6.3543382000007,standard,75-100 cm,86.8-119.7 cm
WashingtonState,max,Ref,PGL7-7a,PGL7-7a-5,5,esm2,-86.4366444248791,-119.845911332641,5.79710317992706,standard,75-100 cm,86.4-119.8 cm
WashingtonState,fd,Ref,PGL7-7a,PGL7-7a-5,5,fd,-75,-100,6.569077066666665,standard,75-100 cm,75-100 cm
WashingtonState,max,Ref,PGL7-7b,PGL7-7b-1,1,esm1,0,-12.6,21.3188398,standard,0-10 cm,0-12.6 cm
WashingtonState,max,Ref,PGL7-7b,PGL7-7b-1,1,esm2,0,-13.2177404593322,22.0218664580177,standard,0-10 cm,0-13.2 cm
WashingtonState,fd,Ref,PGL7-7b,PGL7-7b-1,1,fd,0,-10,17.364505,standard,0-10 cm,0-10 cm
WashingtonState,max,Ref,PGL7-7b,PGL7-7b-2,2,esm1,-12.6,-40.6,33.0590200799993,standard,10-30 cm,12.6-40.6 cm
WashingtonState,max,Ref,PGL7-7b,PGL7-7b-2,2,esm2,-13.2177404593322,-40.4901821255263,33.3730222633612,standard,10-30 cm,13.2-40.5 cm
WashingtonState,fd,Ref,PGL7-7b,PGL7-7b-2,2,fd,-10,-30,26.320702400000002,standard,10-30 cm,10-30 cm
WashingtonState,max,Ref,PGL7-7b,PGL7-7b-3,3,esm1,-40.6,-63.2,14.0458536799993,standard,30-50 cm,40.6-63.2 cm
WashingtonState,max,Ref,PGL7-7b,PGL7-7b-3,3,esm2,-40.4901821255263,-63.5365501319437,13.5449308834772,standard,30-50 cm,40.5-63.5 cm
WashingtonState,fd,Ref,PGL7-7b,PGL7-7b-3,3,fd,-30,-50,17.770506,standard,30-50 cm,30-50 cm
WashingtonState,max,Ref,PGL7-7b,PGL7-7b-4,4,esm1,-63.2,-88.5,10.31673219,standard,50-75 cm,63.2-88.5 cm
WashingtonState,max,Ref,PGL7-7b,PGL7-7b-4,4,esm2,-63.5365501319437,-88.2091273456474,10.3611176516698,standard,50-75 cm,63.5-88.2 cm
WashingtonState,fd,Ref,PGL7-7b,PGL7-7b-4,4,fd,-50,-75,12.066327600000001,standard,50-75 cm,50-75 cm
WashingtonState,max,Ref,PGL7-7b,PGL7-7b-5,5,esm1,-88.5,-118,9.3639267500005,standard,75-100 cm,88.5-118 cm
WashingtonState,max,Ref,PGL7-7b,PGL7-7b-5,5,esm2,-88.2091273456474,-117.67007853045,8.84029975272078,standard,75-100 cm,88.2-117.7 cm
WashingtonState,fd,Ref,PGL7-7b,PGL7-7b-5,5,fd,-75,-100,9.663712500000003,standard,75-100 cm,75-100 cm
WashingtonState,max,Ref,PGL7-7c,PGL7-7c-1,1,esm1,0,-11.8,24.688062,standard,0-10 cm,0-11.8 cm
WashingtonState,max,Ref,PGL7-7c,PGL7-7c-1,1,esm2,0,-11.8604613743457,24.89620651046,standard,0-10 cm,0-11.9 cm
WashingtonState,fd,Ref,PGL7-7c,PGL7-7c-1,1,fd,0,-10,22.369229999999998,standard,0-10 cm,0-10 cm
WashingtonState,max,Ref,PGL7-7c,PGL7-7c-2,2,esm1,-11.8,-42.5,46.3046110500003,standard,10-30 cm,11.8-42.5 cm
WashingtonState,max,Ref,PGL7-7c,PGL7-7c-2,2,esm2,-11.8604613743457,-42.5825833883296,46.4510761893729,standard,10-30 cm,11.9-42.6 cm
WashingtonState,fd,Ref,PGL7-7c,PGL7-7c-2,2,fd,-10,-30,28.296098,standard,10-30 cm,10-30 cm
WashingtonState,max,Ref,PGL7-7c,PGL7-7c-3,3,esm1,-42.5,-64.8,23.5977284299989,standard,30-50 cm,42.5-64.8 cm
WashingtonState,max,Ref,PGL7-7c,PGL7-7c-3,3,esm2,-42.5825833883296,-64.8953817915328,23.3639416453596,standard,30-50 cm,42.6-64.9 cm
WashingtonState,fd,Ref,PGL7-7c,PGL7-7c-3,3,fd,-30,-50,28.2638008,standard,30-50 cm,30-50 cm
WashingtonState,max,Ref,PGL7-7c,PGL7-7c-4,4,esm1,-64.8,-95.5,25.3860775366672,standard,50-75 cm,64.8-95.5 cm
WashingtonState,max,Ref,PGL7-7c,PGL7-7c-4,4,esm2,-64.8953817915328,-95.4949364267121,25.6746410118595,standard,50-75 cm,64.9-95.5 cm
WashingtonState,fd,Ref,PGL7-7c,PGL7-7c-4,4,fd,-50,-75,24.12682583333333,standard,50-75 cm,50-75 cm
WashingtonState,max,Ref,PGL7-7c,PGL7-7c-5,5,esm1,-95.5,-128.4,12.7997959166668,standard,75-100 cm,95.5-128.4 cm
WashingtonState,max,Ref,PGL7-7c,PGL7-7c-5,5,esm2,-95.4949364267121,-128.287683970476,9.64456116815771,standard,75-100 cm,95.5-128.3 cm
WashingtonState,fd,Ref,PGL7-7c,PGL7-7c-5,5,fd,-75,-100,19.69033963333333,standard,75-100 cm,75-100 cm
WashingtonState,max,Ref,PGL9-1,PGL9-1-1,1,esm1,0,-12.6,25.380888,standard,0-10 cm,0-12.6 cm
WashingtonState,max,Ref,PGL9-1,PGL9-1-1,1,esm2,0,-13.9202494009917,26.3453716244655,standard,0-10 cm,0-13.9 cm
WashingtonState,fd,Ref,PGL9-1,PGL9-1-1,1,fd,0,-10,21.083595,standard,0-10 cm,0-10 cm
WashingtonState,max,Ref,PGL9-1,PGL9-1-2,2,esm1,-12.6,-39.4,48.1286726,standard,10-30 cm,12.6-39.4 cm
WashingtonState,max,Ref,PGL9-1,PGL9-1-2,2,esm2,-13.9202494009917,-38.6344486772447,46.0451586182589,standard,10-30 cm,13.9-38.6 cm
WashingtonState,fd,Ref,PGL9-1,PGL9-1-2,2,fd,-10,-30,33.0561,standard,10-30 cm,10-30 cm
WashingtonState,max,Ref,PGL9-1,PGL9-1-3,3,esm1,-39.4,-60.7,43.8912911999986,standard,30-50 cm,39.4-60.7 cm
WashingtonState,max,Ref,PGL9-1,PGL9-1-3,3,esm2,-38.6344486772447,-60.636947960398,45.226325879319504,standard,30-50 cm,38.6-60.6 cm
WashingtonState,fd,Ref,PGL9-1,PGL9-1-3,3,fd,-30,-50,41.21248,standard,30-50 cm,30-50 cm
WashingtonState,max,Ref,PGL9-1,PGL9-1-4,4,esm1,-60.7,-89.2,45.2899087999976,standard,50-75 cm,60.7-89.2 cm
WashingtonState,max,Ref,PGL9-1,PGL9-1-4,4,esm2,-60.636947960398,-89.1052579294532,47.8977848624992,standard,50-75 cm,60.6-89.1 cm
WashingtonState,fd,Ref,PGL9-1,PGL9-1-4,4,fd,-50,-75,45.360848,standard,50-75 cm,50-75 cm
WashingtonState,max,Ref,PGL9-1,PGL9-1-5,5,esm1,-89.2,-120.7,42.5538241999992,standard,75-100 cm,89.2-120.7 cm
WashingtonState,max,Ref,PGL9-1,PGL9-1-5,5,esm2,-89.1052579294532,-120.758831545041,39.8924434216878,standard,75-100 cm,89.1-120.8 cm
WashingtonState,fd,Ref,PGL9-1,PGL9-1-5,5,fd,-75,-100,38.6932,standard,75-100 cm,75-100 cm
WashingtonState,max,Ref,PGL9-2,PGL9-2-1,1,esm1,0,-11.4,24.4560936,standard,0-10 cm,0-11.4 cm
WashingtonState,max,Ref,PGL9-2,PGL9-2-1,1,esm2,0,-11.7952321523274,25.0824547853264,standard,0-10 cm,0-11.8 cm
WashingtonState,fd,Ref,PGL9-2,PGL9-2-1,1,fd,0,-10,22.255679999999998,standard,0-10 cm,0-10 cm
WashingtonState,max,Ref,PGL9-2,PGL9-2-2,2,esm1,-11.4,-39.1,43.6554547000002,standard,10-30 cm,11.4-39.1 cm
WashingtonState,max,Ref,PGL9-2,PGL9-2-2,2,esm2,-11.7952321523274,-39.3438686848269,43.6396483234352,standard,10-30 cm,11.8-39.3 cm
WashingtonState,fd,Ref,PGL9-2,PGL9-2-2,2,fd,-10,-30,31.434479999999997,standard,10-30 cm,10-30 cm
WashingtonState,max,Ref,PGL9-2,PGL9-2-3,3,esm1,-39.1,-58.6,30.2909448200006,standard,30-50 cm,39.1-58.6 cm
WashingtonState,max,Ref,PGL9-2,PGL9-2-3,3,esm2,-39.3438686848269,-58.5936042388149,30.150113206152,standard,30-50 cm,39.3-58.6 cm
WashingtonState,fd,Ref,PGL9-2,PGL9-2-3,3,fd,-30,-50,31.765282999999997,standard,30-50 cm,30-50 cm
WashingtonState,max,Ref,PGL9-2,PGL9-2-4,4,esm1,-58.6,-84.6,29.3924982000013,standard,50-75 cm,58.6-84.6 cm
WashingtonState,max,Ref,PGL9-2,PGL9-2-4,4,esm2,-58.5936042388149,-84.5805769182932,29.5905251244972,standard,50-75 cm,58.6-84.6 cm
WashingtonState,fd,Ref,PGL9-2,PGL9-2-4,4,fd,-50,-75,31.486933599999997,standard,50-75 cm,50-75 cm
WashingtonState,max,Ref,PGL9-2,PGL9-2-5,5,esm1,-84.6,-115.5,19.4719821799987,standard,75-100 cm,84.6-115.5 cm
WashingtonState,max,Ref,PGL9-2,PGL9-2-5,5,esm2,-84.5805769182932,-115.33913032566,18.8579149794143,standard,75-100 cm,84.6-115.3 cm
WashingtonState,fd,Ref,PGL9-2,PGL9-2-5,5,fd,-75,-100,21.7604874,standard,75-100 cm,75-100 cm
WashingtonState,max,Ref,PGL9-3,PGL9-3-1,1,esm1,0,-12.6,26.3152432,standard,0-10 cm,0-12.6 cm
WashingtonState,max,Ref,PGL9-3,PGL9-3-1,1,esm2,0,-13.7417024661238,27.1477573964646,standard,0-10 cm,0-13.7 cm
WashingtonState,fd,Ref,PGL9-3,PGL9-3-1,1,fd,0,-10,23.275109999999998,standard,0-10 cm,0-10 cm
WashingtonState,max,Ref,PGL9-3,PGL9-3-2,2,esm1,-12.6,-42.7,31.85000986,standard,10-30 cm,12.6-42.7 cm
WashingtonState,max,Ref,PGL9-3,PGL9-3-2,2,esm2,-13.7417024661238,-42.2854062523623,31.8633788570513,standard,10-30 cm,13.7-42.3 cm
WashingtonState,fd,Ref,PGL9-3,PGL9-3-2,2,fd,-10,-30,23.141451800000002,standard,10-30 cm,10-30 cm
WashingtonState,max,Ref,PGL9-3,PGL9-3-3,3,esm1,-42.7,-69.1,17.8326971000009,standard,30-50 cm,42.7-69.1 cm
WashingtonState,max,Ref,PGL9-3,PGL9-3-3,3,esm2,-42.2854062523623,-68.6571348666982,17.8068082043747,standard,30-50 cm,42.3-68.7 cm
WashingtonState,fd,Ref,PGL9-3,PGL9-3-3,3,fd,-30,-50,18.501876000000003,standard,30-50 cm,30-50 cm
WashingtonState,max,Ref,PGL9-3,PGL9-3-4,4,esm1,-69.1,-106.5,15.4357766399995,standard,50-75 cm,69.1-106.5 cm
WashingtonState,max,Ref,PGL9-3,PGL9-3-4,4,esm2,-68.6571348666982,-106.589119248746,14.6807413522558,standard,50-75 cm,68.7-106.6 cm
WashingtonState,fd,Ref,PGL9-3,PGL9-3-4,4,fd,-50,-75,14.389516200000001,standard,50-75 cm,50-75 cm
WashingtonState,max,Ref,PGL9-3,PGL9-3-5,5,esm1,-106.5,-142.3,5.44045439999937,standard,75-100 cm,106.5-142.3 cm
WashingtonState,max,Ref,PGL9-3,PGL9-3-5,5,esm2,-106.589119248746,-136.160991903855,-0.515246155777561,standard,75-100 cm,106.6-136.2 cm
WashingtonState,fd,Ref,PGL9-3,PGL9-3-5,5,fd,-75,-100,10.0191224,standard,75-100 cm,75-100 cm
WashingtonState,mean,SHM,ASP10-1,ASP10-1-1,1,esm1,0,-8.6,15.7546809302326,standard,0-10 cm,0-8.6 cm
WashingtonState,mean,SHM,ASP10-1,ASP10-1-1,1,esm2,0,-8.64963165705742,15.9811504883687,standard,0-10 cm,0-8.6 cm
WashingtonState,mean,SHM,ASP10-1,ASP10-1-2,2,esm1,-8.6,-28.3,24.6591930232557,standard,10-30 cm,8.6-28.3 cm
WashingtonState,mean,SHM,ASP10-1,ASP10-1-2,2,esm2,-8.64963165705742,-28.3356051919893,25.5489083186525,standard,10-30 cm,8.6-28.3 cm
WashingtonState,mean,SHM,ASP10-1,ASP10-1-3,3,esm1,-28.3,-48.5,13.5062399999994,standard,30-50 cm,28.3-48.5 cm
WashingtonState,mean,SHM,ASP10-1,ASP10-1-3,3,esm2,-28.3356051919893,-48.4424876733902,13.9029116532399,standard,30-50 cm,28.3-48.4 cm
WashingtonState,mean,SHM,ASP10-1,ASP10-1-4,4,esm1,-48.5,-73.8,11.0013599999996,standard,50-75 cm,48.5-73.8 cm
WashingtonState,mean,SHM,ASP10-1,ASP10-1-4,4,esm2,-48.4424876733902,-73.7190959579004,9.5692152009075,standard,50-75 cm,48.4-73.7 cm
WashingtonState,mean,SHM,ASP10-1,ASP10-1-5,5,esm1,-73.8,-101,8.37224000000018,standard,75-100 cm,73.8-101 cm
WashingtonState,mean,SHM,ASP10-1,ASP10-1-5,5,esm2,-73.7190959579004,-101.219309686946,8.50884436908069,standard,75-100 cm,73.7-101.2 cm
WashingtonState,mean,SHM,ASP10-2,ASP10-2-1,1,esm1,0,-8.6,12.3016274418604,standard,0-10 cm,0-8.6 cm
WashingtonState,mean,SHM,ASP10-2,ASP10-2-1,1,esm2,0,-8.64146704777738,12.4411905078982,standard,0-10 cm,0-8.6 cm
WashingtonState,mean,SHM,ASP10-2,ASP10-2-2,2,esm1,-8.6,-28.4,21.8700004651162,standard,10-30 cm,8.6-28.4 cm
WashingtonState,mean,SHM,ASP10-2,ASP10-2-2,2,esm2,-8.64146704777738,-28.7461465600028,22.5390970992786,standard,10-30 cm,8.6-28.7 cm
WashingtonState,mean,SHM,ASP10-2,ASP10-2-3,3,esm1,-28.4,-46,11.5367999999996,standard,30-50 cm,28.4-46 cm
WashingtonState,mean,SHM,ASP10-2,ASP10-2-3,3,esm2,-28.7461465600028,-45.923978274097,12.3112969696404,standard,30-50 cm,28.7-45.9 cm
WashingtonState,mean,SHM,ASP10-2,ASP10-2-4,4,esm1,-46,-69.8,8.47903999999988,standard,50-75 cm,46-69.8 cm
WashingtonState,mean,SHM,ASP10-2,ASP10-2-4,4,esm2,-45.923978274097,-69.3127127734671,7.16792016477329,standard,50-75 cm,45.9-69.3 cm
WashingtonState,mean,SHM,ASP10-2,ASP10-2-5,5,esm1,-69.8,-96.4,5.42611999999976,standard,75-100 cm,69.8-96.4 cm
WashingtonState,mean,SHM,ASP10-2,ASP10-2-5,5,esm2,-69.3127127734671,-96.2947680377709,5.3981082682707,standard,75-100 cm,69.3-96.3 cm
WashingtonState,mean,SHM,ASP10-3,ASP10-3-1,1,esm1,0,-8.6,6.23141813953487,standard,0-10 cm,0-8.6 cm
WashingtonState,mean,SHM,ASP10-3,ASP10-3-1,1,esm2,0,-8.69572663359608,6.29005447999242,standard,0-10 cm,0-8.7 cm
WashingtonState,mean,SHM,ASP10-3,ASP10-3-2,2,esm1,-8.6,-23.2,10.2842990697675,standard,10-30 cm,8.6-23.2 cm
WashingtonState,mean,SHM,ASP10-3,ASP10-3-2,2,esm2,-8.69572663359608,-23.0759481627339,11.1494733309767,standard,10-30 cm,8.7-23.1 cm
WashingtonState,mean,SHM,ASP10-3,ASP10-3-3,3,esm1,-23.2,-42.3,4.3749199999999,standard,30-50 cm,23.2-42.3 cm
WashingtonState,mean,SHM,ASP10-3,ASP10-3-3,3,esm2,-23.0759481627339,-41.8556417431892,3.92352448920366,standard,30-50 cm,23.1-41.9 cm
WashingtonState,mean,SHM,ASP10-3,ASP10-3-4,4,esm1,-42.3,-65.7,2.39171999999993,standard,50-75 cm,42.3-65.7 cm
WashingtonState,mean,SHM,ASP10-3,ASP10-3-4,4,esm2,-41.8556417431892,-66.5740645327856,1.82159946031916,standard,50-75 cm,41.9-66.6 cm
WashingtonState,mean,SHM,ASP10-3,ASP10-3-5,5,esm1,-65.7,-88.7,2.06183000000008,standard,75-100 cm,65.7-88.7 cm
WashingtonState,mean,SHM,ASP10-3,ASP10-3-5,5,esm2,-66.5740645327856,-88.260423379077,2.26434723577922,standard,75-100 cm,66.6-88.3 cm
WashingtonState,mean,SHM,ASP2-1,ASP2-1-1,1,esm1,0,-9.8,21.1591936,standard,0-10 cm,0-9.8 cm
WashingtonState,mean,SHM,ASP2-1,ASP2-1-1,1,esm2,0,-9.89856634920268,21.364672738664,standard,0-10 cm,0-9.9 cm
WashingtonState,mean,SHM,ASP2-1,ASP2-1-2,2,esm1,-9.8,-25.9,40.8131773999997,standard,10-30 cm,9.8-25.9 cm
WashingtonState,mean,SHM,ASP2-1,ASP2-1-2,2,esm2,-9.89856634920268,-26.170080477513,41.3478514635815,standard,10-30 cm,9.9-26.2 cm
WashingtonState,mean,SHM,ASP2-1,ASP2-1-3,3,esm1,-25.9,-43.4,32.5834254000006,standard,30-50 cm,25.9-43.4 cm
WashingtonState,mean,SHM,ASP2-1,ASP2-1-3,3,esm2,-26.170080477513,-42.3840336801707,34.965639567189,standard,30-50 cm,26.2-42.4 cm
WashingtonState,mean,SHM,ASP2-1,ASP2-1-4,4,esm1,-43.4,-66.2,38.3479545600006,standard,50-75 cm,43.4-66.2 cm
WashingtonState,mean,SHM,ASP2-1,ASP2-1-4,4,esm2,-42.3840336801707,-66.2198435149517,35.455600223925,standard,50-75 cm,42.4-66.2 cm
WashingtonState,mean,SHM,ASP2-1,ASP2-1-5,5,esm1,-66.2,-91.1,25.8285813025024,standard,75-100 cm,66.2-91.1 cm
WashingtonState,mean,SHM,ASP2-1,ASP2-1-5,5,esm2,-66.2198435149517,-91.2643860115367,26.0416492992513,standard,75-100 cm,66.2-91.3 cm
WashingtonState,mean,SHM,ASP2-2,ASP2-2-1,1,esm1,0,-12.5,19.1859275,standard,0-10 cm,0-12.5 cm
WashingtonState,mean,SHM,ASP2-2,ASP2-2-1,1,esm2,0,-13.6048746765748,21.4300588062083,standard,0-10 cm,0-13.6 cm
WashingtonState,mean,SHM,ASP2-2,ASP2-2-2,2,esm1,-12.5,-32.4,31.8847367799996,standard,10-30 cm,12.5-32.4 cm
WashingtonState,mean,SHM,ASP2-2,ASP2-2-2,2,esm2,-13.6048746765748,-32.4052217194462,29.7759429798171,standard,10-30 cm,13.6-32.4 cm
WashingtonState,mean,SHM,ASP2-2,ASP2-2-3,3,esm1,-32.4,-52.8,20.3849692799998,standard,30-50 cm,32.4-52.8 cm
WashingtonState,mean,SHM,ASP2-2,ASP2-2-3,3,esm2,-32.4052217194462,-52.0096201782677,22.2858183840269,standard,30-50 cm,32.4-52 cm
WashingtonState,mean,SHM,ASP2-2,ASP2-2-4,4,esm1,-52.8,-78.3,24.9482542399986,standard,50-75 cm,52.8-78.3 cm
WashingtonState,mean,SHM,ASP2-2,ASP2-2-4,4,esm2,-52.0096201782677,-78.4292308247413,23.2064430741896,standard,50-75 cm,52-78.4 cm
WashingtonState,mean,SHM,ASP2-2,ASP2-2-5,5,esm1,-78.3,-101.3,12.6370811999997,standard,75-100 cm,78.3-101.3 cm
WashingtonState,mean,SHM,ASP2-2,ASP2-2-5,5,esm2,-78.4292308247413,-101.04719301554,12.5633312582969,standard,75-100 cm,78.4-101 cm
WashingtonState,mean,SHM,ASP2-3,ASP2-3-1,1,esm1,0,-10.9,21.724223,standard,0-10 cm,0-10.9 cm
WashingtonState,mean,SHM,ASP2-3,ASP2-3-1,1,esm2,0,-11.24722877598,22.4031059036559,standard,0-10 cm,0-11.2 cm
WashingtonState,mean,SHM,ASP2-3,ASP2-3-2,2,esm1,-10.9,-29.3,50.3501280000001,standard,10-30 cm,10.9-29.3 cm
WashingtonState,mean,SHM,ASP2-3,ASP2-3-2,2,esm2,-11.24722877598,-30.6338158032475,53.0064286809119,standard,10-30 cm,11.2-30.6 cm
WashingtonState,mean,SHM,ASP2-3,ASP2-3-3,3,esm1,-29.3,-46.6,41.5341219999997,standard,30-50 cm,29.3-46.6 cm
WashingtonState,mean,SHM,ASP2-3,ASP2-3-3,3,esm2,-30.6338158032475,-46.1722832731514,40.9505299410257,standard,30-50 cm,30.6-46.2 cm
WashingtonState,mean,SHM,ASP2-3,ASP2-3-4,4,esm1,-46.6,-68.1,37.6694420099998,standard,50-75 cm,46.6-68.1 cm
WashingtonState,mean,SHM,ASP2-3,ASP2-3-4,4,esm2,-46.1722832731514,-68.0267865696675,36.255843270848104,standard,50-75 cm,46.2-68 cm
WashingtonState,mean,SHM,ASP2-3,ASP2-3-5,5,esm1,-68.1,-93.5,19.0226025524973,standard,75-100 cm,68.1-93.5 cm
WashingtonState,mean,SHM,ASP2-3,ASP2-3-5,5,esm2,-68.0267865696675,-93.6285313800773,17.9340977514065,standard,75-100 cm,68-93.6 cm
WashingtonState,mean,SHM,ASP6-1,ASP6-1-1,1,esm1,0,-8.5,18.8043,standard,0-10 cm,0-8.5 cm
WashingtonState,mean,SHM,ASP6-1,ASP6-1-1,1,esm2,0,-8.58857330615723,19.1190615426378,standard,0-10 cm,0-8.6 cm
WashingtonState,mean,SHM,ASP6-1,ASP6-1-2,2,esm1,-8.5,-27.9,32.9261999999999,standard,10-30 cm,8.5-27.9 cm
WashingtonState,mean,SHM,ASP6-1,ASP6-1-2,2,esm2,-8.58857330615723,-27.9184192669294,32.6658870411829,standard,10-30 cm,8.6-27.9 cm
WashingtonState,mean,SHM,ASP6-1,ASP6-1-3,3,esm1,-27.9,-45.2,14.43862,standard,30-50 cm,27.9-45.2 cm
WashingtonState,mean,SHM,ASP6-1,ASP6-1-3,3,esm2,-27.9184192669294,-45.210065352931,15.2349285295385,standard,30-50 cm,27.9-45.2 cm
WashingtonState,mean,SHM,ASP6-1,ASP6-1-4,4,esm1,-45.2,-68.1,11.6492800000011,standard,50-75 cm,45.2-68.1 cm
WashingtonState,mean,SHM,ASP6-1,ASP6-1-4,4,esm2,-45.210065352931,-68.1999426686359,11.0647982086476,standard,50-75 cm,45.2-68.2 cm
WashingtonState,mean,SHM,ASP6-1,ASP6-1-5,5,esm1,-68.1,-90.5,7.72590000000102,standard,75-100 cm,68.1-90.5 cm
WashingtonState,mean,SHM,ASP6-1,ASP6-1-5,5,esm2,-68.1999426686359,-90.5664476500294,7.55584673364075,standard,75-100 cm,68.2-90.6 cm
WashingtonState,mean,SHM,ASP6-2,ASP6-2-1,1,esm1,0,-10.7,18.73335,standard,0-10 cm,0-10.7 cm
WashingtonState,mean,SHM,ASP6-2,ASP6-2-1,1,esm2,0,-10.9814384475503,19.0449252133803,standard,0-10 cm,0-11 cm
WashingtonState,mean,SHM,ASP6-2,ASP6-2-2,2,esm1,-10.7,-31.3,32.6612999999999,standard,10-30 cm,10.7-31.3 cm
WashingtonState,mean,SHM,ASP6-2,ASP6-2-2,2,esm2,-10.9814384475503,-30.8234019660252,33.0683498043586,standard,10-30 cm,11-30.8 cm
WashingtonState,mean,SHM,ASP6-2,ASP6-2-3,3,esm1,-31.3,-61.2,19.8847499999999,standard,30-50 cm,31.3-61.2 cm
WashingtonState,mean,SHM,ASP6-2,ASP6-2-3,3,esm2,-30.8234019660252,-64.0110675072342,19.9942306519223,standard,30-50 cm,30.8-64 cm
WashingtonState,mean,SHM,ASP6-2,ASP6-2-4,4,esm1,-61.2,-83.9,17.4109000000006,standard,50-75 cm,61.2-83.9 cm
WashingtonState,mean,SHM,ASP6-2,ASP6-2-4,4,esm2,-64.0110675072342,-84.6651354733327,17.1082584714841,standard,50-75 cm,64-84.7 cm
WashingtonState,mean,SHM,ASP6-2,ASP6-2-5,5,esm1,-83.9,-108.3,14.0585400000012,standard,75-100 cm,83.9-108.3 cm
WashingtonState,mean,SHM,ASP6-2,ASP6-2-5,5,esm2,-84.6651354733327,-108.510195652832,13.690911610609,standard,75-100 cm,84.7-108.5 cm
WashingtonState,mean,SHM,ASP6-3,ASP6-3-1,1,esm1,0,-8,20.282,standard,0-10 cm,0-8 cm
WashingtonState,mean,SHM,ASP6-3,ASP6-3-1,1,esm2,0,-8.1085301480719,20.6608731660921,standard,0-10 cm,0-8.1 cm
WashingtonState,mean,SHM,ASP6-3,ASP6-3-2,2,esm1,-8,-27.5,39.991,standard,10-30 cm,8-27.5 cm
WashingtonState,mean,SHM,ASP6-3,ASP6-3-2,2,esm2,-8.1085301480719,-27.5247306676659,39.8485080942251,standard,10-30 cm,8.1-27.5 cm
WashingtonState,mean,SHM,ASP6-3,ASP6-3-3,3,esm1,-27.5,-52.3,28.0884500000004,standard,30-50 cm,27.5-52.3 cm
WashingtonState,mean,SHM,ASP6-3,ASP6-3-3,3,esm2,-27.5247306676659,-52.4901268444402,29.3455723922569,standard,30-50 cm,27.5-52.5 cm
WashingtonState,mean,SHM,ASP6-3,ASP6-3-4,4,esm1,-52.3,-78.1,28.4307600000007,standard,50-75 cm,52.3-78.1 cm
WashingtonState,mean,SHM,ASP6-3,ASP6-3-4,4,esm2,-52.4901268444402,-78.757445363414,27.8727656079679,standard,50-75 cm,52.5-78.8 cm
WashingtonState,mean,SHM,ASP6-3,ASP6-3-5,5,esm1,-78.1,-102.1,21.7817099999994,standard,75-100 cm,78.1-102.1 cm
WashingtonState,mean,SHM,ASP6-3,ASP6-3-5,5,esm2,-78.757445363414,-102.397181154383,21.7747399704115,standard,75-100 cm,78.8-102.4 cm
WashingtonState,mean,SHM,ASP9-1,ASP9-1-1,1,esm1,0,-10.7,22.2405585,standard,0-10 cm,0-10.7 cm
WashingtonState,mean,SHM,ASP9-1,ASP9-1-1,1,esm2,0,-11.1694242406461,22.6197788369384,standard,0-10 cm,0-11.2 cm
WashingtonState,mean,SHM,ASP9-1,ASP9-1-2,2,esm1,-10.7,-31.2,34.3718853000003,standard,10-30 cm,10.7-31.2 cm
WashingtonState,mean,SHM,ASP9-1,ASP9-1-2,2,esm2,-11.1694242406461,-31.1030130536182,33.8303820533849,standard,10-30 cm,11.2-31.1 cm
WashingtonState,mean,SHM,ASP9-1,ASP9-1-3,3,esm1,-31.2,-49.5,37.709419199999,standard,30-50 cm,31.2-49.5 cm
WashingtonState,mean,SHM,ASP9-1,ASP9-1-3,3,esm2,-31.1030130536182,-48.7868052212774,37.3114201387127,standard,30-50 cm,31.1-48.8 cm
WashingtonState,mean,SHM,ASP9-1,ASP9-1-4,4,esm1,-49.5,-72.8,42.9861583999986,standard,50-75 cm,49.5-72.8 cm
WashingtonState,mean,SHM,ASP9-1,ASP9-1-4,4,esm2,-48.7868052212774,-72.93192941614,46.2805283751679,standard,50-75 cm,48.8-72.9 cm
WashingtonState,mean,SHM,ASP9-1,ASP9-1-5,5,esm1,-72.8,-97.2,37.7645631999974,standard,75-100 cm,72.8-97.2 cm
WashingtonState,mean,SHM,ASP9-1,ASP9-1-5,5,esm2,-72.93192941614,-97.1550337544641,36.66594449176,standard,75-100 cm,72.9-97.2 cm
WashingtonState,mean,SHM,ASP9-2,ASP9-2-1,1,esm1,0,-9.2,20.904792,standard,0-10 cm,0-9.2 cm
WashingtonState,mean,SHM,ASP9-2,ASP9-2-1,1,esm2,0,-9.19645346834751,20.9862142357725,standard,0-10 cm,0-9.2 cm
WashingtonState,mean,SHM,ASP9-2,ASP9-2-2,2,esm1,-9.2,-31.3,34.8286092000001,standard,10-30 cm,9.2-31.3 cm
WashingtonState,mean,SHM,ASP9-2,ASP9-2-2,2,esm2,-9.19645346834751,-31.597053651086,35.1731621617704,standard,10-30 cm,9.2-31.6 cm
WashingtonState,mean,SHM,ASP9-2,ASP9-2-3,3,esm1,-31.3,-48.3,27.0170307000004,standard,30-50 cm,31.3-48.3 cm
WashingtonState,mean,SHM,ASP9-2,ASP9-2-3,3,esm2,-31.597053651086,-48.4677316939287,27.3959377693399,standard,30-50 cm,31.6-48.5 cm
WashingtonState,mean,SHM,ASP9-2,ASP9-2-4,4,esm1,-48.3,-69.7,28.2003969900009,standard,50-75 cm,48.3-69.7 cm
WashingtonState,mean,SHM,ASP9-2,ASP9-2-4,4,esm2,-48.4677316939287,-69.543228957146,29.4948540441131,standard,50-75 cm,48.5-69.5 cm
WashingtonState,mean,SHM,ASP9-2,ASP9-2-5,5,esm1,-69.7,-92.3,22.8982400100002,standard,75-100 cm,69.7-92.3 cm
WashingtonState,mean,SHM,ASP9-2,ASP9-2-5,5,esm2,-69.543228957146,-92.1050169771438,21.3821755118908,standard,75-100 cm,69.5-92.1 cm
WashingtonState,mean,SHM,ASP9-3,ASP9-3-1,1,esm1,0,-10.3,23.6258946,standard,0-10 cm,0-10.3 cm
WashingtonState,mean,SHM,ASP9-3,ASP9-3-1,1,esm2,0,-10.5755292315093,23.8556176253883,standard,0-10 cm,0-10.6 cm
WashingtonState,mean,SHM,ASP9-3,ASP9-3-2,2,esm1,-10.3,-33.8,26.3060236399998,standard,10-30 cm,10.3-33.8 cm
WashingtonState,mean,SHM,ASP9-3,ASP9-3-2,2,esm2,-10.5755292315093,-33.48568630207,26.7368062609818,standard,10-30 cm,10.6-33.5 cm
WashingtonState,mean,SHM,ASP9-3,ASP9-3-3,3,esm1,-33.8,-54.3,17.7629714400005,standard,30-50 cm,33.8-54.3 cm
WashingtonState,mean,SHM,ASP9-3,ASP9-3-3,3,esm2,-33.48568630207,-54.126399998159,17.4387837001214,standard,30-50 cm,33.5-54.1 cm
WashingtonState,mean,SHM,ASP9-3,ASP9-3-4,4,esm1,-54.3,-84.8,16.487831840001,standard,50-75 cm,54.3-84.8 cm
WashingtonState,mean,SHM,ASP9-3,ASP9-3-4,4,esm2,-54.126399998159,-84.8969561865306,16.4141960887803,standard,50-75 cm,54.1-84.9 cm
WashingtonState,mean,SHM,ASP9-3,ASP9-3-5,5,esm1,-84.8,-115.9,8.67950447999893,standard,75-100 cm,84.8-115.9 cm
WashingtonState,mean,SHM,ASP9-3,ASP9-3-5,5,esm2,-84.8969561865306,-116.319394654548,8.85956507476563,standard,75-100 cm,84.9-116.3 cm
WashingtonState,mean,BAU,BAU3-1,BAU3-1-1,1,esm1,0,-11.1,14.83438,standard,0-10 cm,0-11.1 cm
WashingtonState,mean,BAU,BAU3-1,BAU3-1-1,1,esm2,0,-11.5865351034529,15.500201231559,standard,0-10 cm,0-11.6 cm
WashingtonState,mean,BAU,BAU3-1,BAU3-1-2,2,esm1,-11.1,-31.5,20.1103199999997,standard,10-30 cm,11.1-31.5 cm
WashingtonState,mean,BAU,BAU3-1,BAU3-1-2,2,esm2,-11.5865351034529,-31.9620683256334,20.393533779382,standard,10-30 cm,11.6-32 cm
WashingtonState,mean,BAU,BAU3-1,BAU3-1-3,3,esm1,-31.5,-51.5,11.1829999999994,standard,30-50 cm,31.5-51.5 cm
WashingtonState,mean,BAU,BAU3-1,BAU3-1-3,3,esm2,-31.9620683256334,-50.8381165469373,10.9815158126902,standard,30-50 cm,32-50.8 cm
WashingtonState,mean,BAU,BAU3-1,BAU3-1-4,4,esm1,-51.5,-76.5,12.3340999999996,standard,50-75 cm,51.5-76.5 cm
WashingtonState,mean,BAU,BAU3-1,BAU3-1-4,4,esm2,-50.8381165469373,-76.7629352990915,11.5919718655981,standard,50-75 cm,50.8-76.8 cm
WashingtonState,mean,BAU,BAU3-1,BAU3-1-5,5,esm1,-76.5,-101.6,11.9659600000007,standard,75-100 cm,76.5-101.6 cm
WashingtonState,mean,BAU,BAU3-1,BAU3-1-5,5,esm2,-76.7629352990915,-101.609285994997,12.0194684140649,standard,75-100 cm,76.8-101.6 cm
WashingtonState,mean,BAU,BAU3-2,BAU3-2-1,1,esm1,0,-11.6,12.08606,standard,0-10 cm,0-11.6 cm
WashingtonState,mean,BAU,BAU3-2,BAU3-2-1,1,esm2,0,-12.3254025931397,12.6967706234309,standard,0-10 cm,0-12.3 cm
WashingtonState,mean,BAU,BAU3-2,BAU3-2-2,2,esm1,-11.6,-33.5,18.2120399999999,standard,10-30 cm,11.6-33.5 cm
WashingtonState,mean,BAU,BAU3-2,BAU3-2-2,2,esm2,-12.3254025931397,-34.4417888752928,18.5776607401962,standard,10-30 cm,12.3-34.4 cm
WashingtonState,mean,BAU,BAU3-2,BAU3-2-3,3,esm1,-33.5,-52.5,13.0801999999999,standard,30-50 cm,33.5-52.5 cm
WashingtonState,mean,BAU,BAU3-2,BAU3-2-3,3,esm2,-34.4417888752928,-52.200441083801,12.5164128541856,standard,30-50 cm,34.4-52.2 cm
WashingtonState,mean,BAU,BAU3-2,BAU3-2-4,4,esm1,-52.5,-75.8,14.9551199999998,standard,50-75 cm,52.5-75.8 cm
WashingtonState,mean,BAU,BAU3-2,BAU3-2-4,4,esm2,-52.200441083801,-75.8315491359119,14.6037922797586,standard,50-75 cm,52.2-75.8 cm
WashingtonState,mean,BAU,BAU3-2,BAU3-2-5,5,esm1,-75.8,-99.7,13.8954599999994,standard,75-100 cm,75.8-99.7 cm
WashingtonState,mean,BAU,BAU3-2,BAU3-2-5,5,esm2,-75.8315491359119,-99.7603502460826,14.2855940372804,standard,75-100 cm,75.8-99.8 cm
WashingtonState,mean,BAU,BAU3-3,BAU3-3-1,1,esm1,0,-11.4,13.156,standard,0-10 cm,0-11.4 cm
WashingtonState,mean,BAU,BAU3-3,BAU3-3-1,1,esm2,0,-11.8955944436712,13.760040301057,standard,0-10 cm,0-11.9 cm
WashingtonState,mean,BAU,BAU3-3,BAU3-3-2,2,esm1,-11.4,-33.1,18.6264899999997,standard,10-30 cm,11.4-33.1 cm
WashingtonState,mean,BAU,BAU3-3,BAU3-3-2,2,esm2,-11.8955944436712,-33.1282979351171,18.0594432679797,standard,10-30 cm,11.9-33.1 cm
WashingtonState,mean,BAU,BAU3-3,BAU3-3-3,3,esm1,-33.1,-54.5,10.8048600000007,standard,30-50 cm,33.1-54.5 cm
WashingtonState,mean,BAU,BAU3-3,BAU3-3-3,3,esm2,-33.1282979351171,-54.3848115255704,11.9240251369338,standard,30-50 cm,33.1-54.4 cm
WashingtonState,mean,BAU,BAU3-3,BAU3-3-4,4,esm1,-54.5,-81.4,11.6275500000004,standard,50-75 cm,54.5-81.4 cm
WashingtonState,mean,BAU,BAU3-3,BAU3-3-4,4,esm2,-54.3848115255704,-80.7266286987635,10.9061498523897,standard,50-75 cm,54.4-80.7 cm
WashingtonState,mean,BAU,BAU3-3,BAU3-3-5,5,esm1,-81.4,-118.8,6.42060000000059,standard,75-100 cm,81.4-118.8 cm
WashingtonState,mean,BAU,BAU3-3,BAU3-3-5,5,esm2,-80.7266286987635,-118.095637506575,6.07129417973258,standard,75-100 cm,80.7-118.1 cm
WashingtonState,mean,BAU,BAU8-1,BAU8-1-1,1,esm1,0,-9.1,18.2332011111111,standard,0-10 cm,0-9.1 cm
WashingtonState,mean,BAU,BAU8-1,BAU8-1-1,1,esm2,0,-9.09986250765146,18.298284669966,standard,0-10 cm,0-9.1 cm
WashingtonState,mean,BAU,BAU8-1,BAU8-1-2,2,esm1,-9.1,-36.6,47.3623265333333,standard,10-30 cm,9.1-36.6 cm
WashingtonState,mean,BAU,BAU8-1,BAU8-1-2,2,esm2,-9.09986250765146,-36.7375878471819,46.2511516069072,standard,10-30 cm,9.1-36.7 cm
WashingtonState,mean,BAU,BAU8-1,BAU8-1-3,3,esm1,-36.6,-65.2,52.9480951999988,standard,30-50 cm,36.6-65.2 cm
WashingtonState,mean,BAU,BAU8-1,BAU8-1-3,3,esm2,-36.7375878471819,-65.8314581795946,54.4130191420081,standard,30-50 cm,36.7-65.8 cm
WashingtonState,mean,BAU,BAU8-1,BAU8-1-4,4,esm1,-65.2,-97.3,57.2531315999987,standard,50-75 cm,65.2-97.3 cm
WashingtonState,mean,BAU,BAU8-1,BAU8-1-4,4,esm2,-65.8314581795946,-98.0410280660051,58.9014781251295,standard,50-75 cm,65.8-98 cm
WashingtonState,mean,BAU,BAU8-1,BAU8-1-5,5,esm1,-97.3,-123.7,41.2568682428558,standard,75-100 cm,97.3-123.7 cm
WashingtonState,mean,BAU,BAU8-1,BAU8-1-5,5,esm2,-98.0410280660051,-123.55893230769,38.7142251046574,standard,75-100 cm,98-123.6 cm
WashingtonState,mean,BAU,BAU8-2,BAU8-2-1,1,esm1,0,-9.1,17.1502055481482,standard,0-10 cm,0-9.1 cm
WashingtonState,mean,BAU,BAU8-2,BAU8-2-1,1,esm2,0,-9.12988862829961,17.221137765976,standard,0-10 cm,0-9.1 cm
WashingtonState,mean,BAU,BAU8-2,BAU8-2-2,2,esm1,-9.1,-31.5,40.0003898962966,standard,10-30 cm,9.1-31.5 cm
WashingtonState,mean,BAU,BAU8-2,BAU8-2-2,2,esm2,-9.12988862829961,-31.3012989444935,38.947627551008,standard,10-30 cm,9.1-31.3 cm
WashingtonState,mean,BAU,BAU8-2,BAU8-2-3,3,esm1,-31.5,-53.9,40.527087170371,standard,30-50 cm,31.5-53.9 cm
WashingtonState,mean,BAU,BAU8-2,BAU8-2-3,3,esm2,-31.3012989444935,-53.8782986997962,40.8735382159699,standard,30-50 cm,31.3-53.9 cm
WashingtonState,mean,BAU,BAU8-2,BAU8-2-4,4,esm1,-53.9,-82.3,66.1520033650784,standard,50-75 cm,53.9-82.3 cm
WashingtonState,mean,BAU,BAU8-2,BAU8-2-4,4,esm2,-53.8782986997962,-82.8022596857967,68.6181642200445,standard,50-75 cm,53.9-82.8 cm
WashingtonState,mean,BAU,BAU8-2,BAU8-2-5,5,esm1,-82.3,-107.1,46.1870854285703,standard,75-100 cm,82.3-107.1 cm
WashingtonState,mean,BAU,BAU8-2,BAU8-2-5,5,esm2,-82.8022596857967,-106.561451255785,49.8590873586832,standard,75-100 cm,82.8-106.6 cm
WashingtonState,mean,BAU,BAU8-3,BAU8-3-1,1,esm1,0,-9.1,19.5771565111111,standard,0-10 cm,0-9.1 cm
WashingtonState,mean,BAU,BAU8-3,BAU8-3-1,1,esm2,0,-9.18408240498591,19.684501713671,standard,0-10 cm,0-9.2 cm
WashingtonState,mean,BAU,BAU8-3,BAU8-3-2,2,esm1,-9.1,-23.5,42.1466469333332,standard,10-30 cm,9.1-23.5 cm
WashingtonState,mean,BAU,BAU8-3,BAU8-3-2,2,esm2,-9.18408240498591,-23.4859139348374,42.2158562813652,standard,10-30 cm,9.2-23.5 cm
WashingtonState,mean,BAU,BAU8-3,BAU8-3-3,3,esm1,-23.5,-48,40.811567,standard,30-50 cm,23.5-48 cm
WashingtonState,mean,BAU,BAU8-3,BAU8-3-3,3,esm2,-23.4859139348374,-47.0435190275162,41.3499444903682,standard,30-50 cm,23.5-47 cm
WashingtonState,mean,BAU,BAU8-3,BAU8-3-4,4,esm1,-48,-76.2,46.7226141500001,standard,50-75 cm,48-76.2 cm
WashingtonState,mean,BAU,BAU8-3,BAU8-3-4,4,esm2,-47.0435190275162,-76.9845863231444,47.3867433646243,standard,50-75 cm,47-77 cm
WashingtonState,mean,BAU,BAU8-3,BAU8-3-5,5,esm1,-76.2,-101.5,35.3668868142854,standard,75-100 cm,76.2-101.5 cm
WashingtonState,mean,BAU,BAU8-3,BAU8-3-5,5,esm2,-76.9845863231444,-101.469814636458,35.1162576845209,standard,75-100 cm,77-101.5 cm
WashingtonState,mean,BAU,BAU9-1,BAU9-1-1,1,esm1,0,-10.6,11.7075342,standard,0-10 cm,0-10.6 cm
WashingtonState,mean,BAU,BAU9-1,BAU9-1-1,1,esm2,0,-11.1109629827034,11.9087864238388,standard,0-10 cm,0-11.1 cm
WashingtonState,mean,BAU,BAU9-1,BAU9-1-2,2,esm1,-10.6,-27.2,25.5450262000001,standard,10-30 cm,10.6-27.2 cm
WashingtonState,mean,BAU,BAU9-1,BAU9-1-2,2,esm2,-11.1109629827034,-28.4176327088074,25.9092152482636,standard,10-30 cm,11.1-28.4 cm
WashingtonState,mean,BAU,BAU9-1,BAU9-1-3,3,esm1,-27.2,-44.3,21.7483846000003,standard,30-50 cm,27.2-44.3 cm
WashingtonState,mean,BAU,BAU9-1,BAU9-1-3,3,esm2,-28.4176327088074,-43.459409325457,22.6474605998359,standard,30-50 cm,28.4-43.5 cm
WashingtonState,mean,BAU,BAU9-1,BAU9-1-4,4,esm1,-44.3,-66.6,25.3055940000001,standard,50-75 cm,44.3-66.6 cm
WashingtonState,mean,BAU,BAU9-1,BAU9-1-4,4,esm2,-43.459409325457,-66.7028800736211,24.1291867348579,standard,50-75 cm,43.5-66.7 cm
WashingtonState,mean,BAU,BAU9-1,BAU9-1-5,5,esm1,-66.6,-85.3,17.4396163199995,standard,75-100 cm,66.6-85.3 cm
WashingtonState,mean,BAU,BAU9-1,BAU9-1-5,5,esm2,-66.7028800736211,-85.1947829409795,17.8482888954432,standard,75-100 cm,66.7-85.2 cm
WashingtonState,mean,BAU,BAU9-2,BAU9-2-1,1,esm1,0,-10.4,12.7890368,standard,0-10 cm,0-10.4 cm
WashingtonState,mean,BAU,BAU9-2,BAU9-2-1,1,esm2,0,-10.6996817702458,13.1344294247493,standard,0-10 cm,0-10.7 cm
WashingtonState,mean,BAU,BAU9-2,BAU9-2-2,2,esm1,-10.4,-26.2,25.5848136000001,standard,10-30 cm,10.4-26.2 cm
WashingtonState,mean,BAU,BAU9-2,BAU9-2-2,2,esm2,-10.6996817702458,-26.9669213574518,26.2753973545935,standard,10-30 cm,10.7-27 cm
WashingtonState,mean,BAU,BAU9-2,BAU9-2-3,3,esm1,-26.2,-44.3,20.2729297899999,standard,30-50 cm,26.2-44.3 cm
WashingtonState,mean,BAU,BAU9-2,BAU9-2-3,3,esm2,-26.9669213574518,-41.4149452871677,20.6310504898718,standard,30-50 cm,27-41.4 cm
WashingtonState,mean,BAU,BAU9-2,BAU9-2-4,4,esm1,-44.3,-74,20.3500359099994,standard,50-75 cm,44.3-74 cm
WashingtonState,mean,BAU,BAU9-2,BAU9-2-4,4,esm2,-41.4149452871677,-74.4131992720975,19.1242051115825,standard,50-75 cm,41.4-74.4 cm
WashingtonState,mean,BAU,BAU9-2,BAU9-2-5,5,esm1,-74,-99.2,15.5637044999999,standard,75-100 cm,74-99.2 cm
WashingtonState,mean,BAU,BAU9-2,BAU9-2-5,5,esm2,-74.4131992720975,-100.078340103635,15.5476175279924,standard,75-100 cm,74.4-100.1 cm
WashingtonState,mean,BAU,BAU9-3,BAU9-3-1,1,esm1,0,-9.1,14.0723796,standard,0-10 cm,0-9.1 cm
WashingtonState,mean,BAU,BAU9-3,BAU9-3-1,1,esm2,0,-9.1801183449955,14.2161934373798,standard,0-10 cm,0-9.2 cm
WashingtonState,mean,BAU,BAU9-3,BAU9-3-2,2,esm1,-9.1,-32.2,29.7031106666668,standard,10-30 cm,9.1-32.2 cm
WashingtonState,mean,BAU,BAU9-3,BAU9-3-2,2,esm2,-9.1801183449955,-32.2963176401554,29.9938711141692,standard,10-30 cm,9.2-32.3 cm
WashingtonState,mean,BAU,BAU9-3,BAU9-3-3,3,esm1,-32.2,-54.7,23.6257716666675,standard,30-50 cm,32.2-54.7 cm
WashingtonState,mean,BAU,BAU9-3,BAU9-3-3,3,esm2,-32.2963176401554,-55.0203366483448,24.0299005100645,standard,30-50 cm,32.3-55 cm
WashingtonState,mean,BAU,BAU9-3,BAU9-3-4,4,esm1,-54.7,-78.7,19.0263546240751,standard,50-75 cm,54.7-78.7 cm
WashingtonState,mean,BAU,BAU9-3,BAU9-3-4,4,esm2,-55.0203366483448,-78.9305848077266,19.167869052908,standard,50-75 cm,55-78.9 cm
WashingtonState,mean,BAU,BAU9-3,BAU9-3-5,5,esm1,-78.7,-103.2,14.2323385499998,standard,75-100 cm,78.7-103.2 cm
WashingtonState,mean,BAU,BAU9-3,BAU9-3-5,5,esm2,-78.9305848077266,-103.247405085635,13.4418579111161,standard,75-100 cm,78.9-103.2 cm
WashingtonState,mean,Ref,PGL7-7a,PGL7-7a-1,1,esm1,0,-8.9,15.1052179909091,standard,0-10 cm,0-8.9 cm
WashingtonState,mean,Ref,PGL7-7a,PGL7-7a-1,1,esm2,0,-9.00640114629127,15.3200709190486,standard,0-10 cm,0-9 cm
WashingtonState,mean,Ref,PGL7-7a,PGL7-7a-2,2,esm1,-8.9,-28.1,20.5575043500001,standard,10-30 cm,8.9-28.1 cm
WashingtonState,mean,Ref,PGL7-7a,PGL7-7a-2,2,esm2,-9.00640114629127,-28.1521664759108,22.0550596747564,standard,10-30 cm,9-28.2 cm
WashingtonState,mean,Ref,PGL7-7a,PGL7-7a-3,3,esm1,-28.1,-46.3,10.43765625,standard,30-50 cm,28.1-46.3 cm
WashingtonState,mean,Ref,PGL7-7a,PGL7-7a-3,3,esm2,-28.1521664759108,-46.3639318632326,8.78312049285532,standard,30-50 cm,28.2-46.4 cm
WashingtonState,mean,Ref,PGL7-7a,PGL7-7a-4,4,esm1,-46.3,-69.3,9.44535394000061,standard,50-75 cm,46.3-69.3 cm
WashingtonState,mean,Ref,PGL7-7a,PGL7-7a-4,4,esm2,-46.3639318632326,-68.9612591031776,9.78321088980801,standard,50-75 cm,46.4-69 cm
WashingtonState,mean,Ref,PGL7-7a,PGL7-7a-5,5,esm1,-69.3,-95.4,6.98148378000018,standard,75-100 cm,69.3-95.4 cm
WashingtonState,mean,Ref,PGL7-7a,PGL7-7a-5,5,esm2,-68.9612591031776,-95.3585328106839,6.85169941733061,standard,75-100 cm,69-95.4 cm
WashingtonState,mean,Ref,PGL7-7b,PGL7-7b-1,1,esm1,0,-10.7,18.4291336,standard,0-10 cm,0-10.7 cm
WashingtonState,mean,Ref,PGL7-7b,PGL7-7b-1,1,esm2,0,-11.0066292444857,18.7838873548716,standard,0-10 cm,0-11 cm
WashingtonState,mean,Ref,PGL7-7b,PGL7-7b-2,2,esm1,-10.7,-31.4,26.6683109199996,standard,10-30 cm,10.7-31.4 cm
WashingtonState,mean,Ref,PGL7-7b,PGL7-7b-2,2,esm2,-11.0066292444857,-30.9588325014262,27.7962000698877,standard,10-30 cm,11-31 cm
WashingtonState,mean,Ref,PGL7-7b,PGL7-7b-3,3,esm1,-31.4,-51.4,17.0972991999994,standard,30-50 cm,31.4-51.4 cm
WashingtonState,mean,Ref,PGL7-7b,PGL7-7b-3,3,esm2,-30.9588325014262,-51.9100312545976,16.6453760975326,standard,30-50 cm,31-51.9 cm
WashingtonState,mean,Ref,PGL7-7b,PGL7-7b-4,4,esm1,-51.4,-74.3,11.0567133299995,standard,50-75 cm,51.4-74.3 cm
WashingtonState,mean,Ref,PGL7-7b,PGL7-7b-4,4,esm2,-51.9100312545976,-74.5064282734524,10.4323101385033,standard,50-75 cm,51.9-74.5 cm
WashingtonState,mean,Ref,PGL7-7b,PGL7-7b-5,5,esm1,-74.3,-95.5,8.19482820000007,standard,75-100 cm,74.3-95.5 cm
WashingtonState,mean,Ref,PGL7-7b,PGL7-7b-5,5,esm2,-74.5064282734524,-95.1281431705709,8.16950871586182,standard,75-100 cm,74.5-95.1 cm
WashingtonState,mean,Ref,PGL7-7c,PGL7-7c-1,1,esm1,0,-9.3,21.2398794,standard,0-10 cm,0-9.3 cm
WashingtonState,mean,Ref,PGL7-7c,PGL7-7c-1,1,esm2,0,-9.28413064621383,21.3574040486776,standard,0-10 cm,0-9.3 cm
WashingtonState,mean,Ref,PGL7-7c,PGL7-7c-2,2,esm1,-9.3,-33.4,35.0349522000001,standard,10-30 cm,9.3-33.4 cm
WashingtonState,mean,Ref,PGL7-7c,PGL7-7c-2,2,esm2,-9.28413064621383,-34.07502614435,35.5995013557265,standard,10-30 cm,9.3-34.1 cm
WashingtonState,mean,Ref,PGL7-7c,PGL7-7c-3,3,esm1,-33.4,-53.1,25.9346989099997,standard,30-50 cm,33.4-53.1 cm
WashingtonState,mean,Ref,PGL7-7c,PGL7-7c-3,3,esm2,-34.07502614435,-52.9800466535633,27.0544756737011,standard,30-50 cm,34.1-53 cm
WashingtonState,mean,Ref,PGL7-7c,PGL7-7c-4,4,esm1,-53.1,-78,23.322598423333,standard,50-75 cm,53.1-78 cm
WashingtonState,mean,Ref,PGL7-7c,PGL7-7c-4,4,esm2,-52.9800466535633,-77.8273402702252,22.1734982913619,standard,50-75 cm,53-77.8 cm
WashingtonState,mean,Ref,PGL7-7c,PGL7-7c-5,5,esm1,-78,-104.1,18.6621555000008,standard,75-100 cm,78-104.1 cm
WashingtonState,mean,Ref,PGL7-7c,PGL7-7c-5,5,esm2,-77.8273402702252,-104.230160164393,19.4065742284308,standard,75-100 cm,77.8-104.2 cm
WashingtonState,mean,Ref,PGL9-1,PGL9-1-1,1,esm1,0,-10.7,22.2405585,standard,0-10 cm,0-10.7 cm
WashingtonState,mean,Ref,PGL9-1,PGL9-1-1,1,esm2,0,-11.1694242406461,22.6197788369384,standard,0-10 cm,0-11.2 cm
WashingtonState,mean,Ref,PGL9-1,PGL9-1-2,2,esm1,-10.7,-31.2,34.3718853000003,standard,10-30 cm,10.7-31.2 cm
WashingtonState,mean,Ref,PGL9-1,PGL9-1-2,2,esm2,-11.1694242406461,-31.1030130536182,33.8303820533849,standard,10-30 cm,11.2-31.1 cm
WashingtonState,mean,Ref,PGL9-1,PGL9-1-3,3,esm1,-31.2,-49.5,37.709419199999,standard,30-50 cm,31.2-49.5 cm
WashingtonState,mean,Ref,PGL9-1,PGL9-1-3,3,esm2,-31.1030130536182,-48.7868052212774,37.3114201387127,standard,30-50 cm,31.1-48.8 cm
WashingtonState,mean,Ref,PGL9-1,PGL9-1-4,4,esm1,-49.5,-72.8,42.9861583999986,standard,50-75 cm,49.5-72.8 cm
WashingtonState,mean,Ref,PGL9-1,PGL9-1-4,4,esm2,-48.7868052212774,-72.93192941614,46.2805283751679,standard,50-75 cm,48.8-72.9 cm
WashingtonState,mean,Ref,PGL9-1,PGL9-1-5,5,esm1,-72.8,-97.2,37.7645631999974,standard,75-100 cm,72.8-97.2 cm
WashingtonState,mean,Ref,PGL9-1,PGL9-1-5,5,esm2,-72.93192941614,-97.1550337544641,36.66594449176,standard,75-100 cm,72.9-97.2 cm
WashingtonState,mean,Ref,PGL9-2,PGL9-2-1,1,esm1,0,-9.2,20.904792,standard,0-10 cm,0-9.2 cm
WashingtonState,mean,Ref,PGL9-2,PGL9-2-1,1,esm2,0,-9.19645346834751,20.9862142357725,standard,0-10 cm,0-9.2 cm
WashingtonState,mean,Ref,PGL9-2,PGL9-2-2,2,esm1,-9.2,-31.3,34.8286092000001,standard,10-30 cm,9.2-31.3 cm
WashingtonState,mean,Ref,PGL9-2,PGL9-2-2,2,esm2,-9.19645346834751,-31.597053651086,35.1731621617704,standard,10-30 cm,9.2-31.6 cm
WashingtonState,mean,Ref,PGL9-2,PGL9-2-3,3,esm1,-31.3,-48.3,27.0170307000004,standard,30-50 cm,31.3-48.3 cm
WashingtonState,mean,Ref,PGL9-2,PGL9-2-3,3,esm2,-31.597053651086,-48.4677316939287,27.3959377693399,standard,30-50 cm,31.6-48.5 cm
WashingtonState,mean,Ref,PGL9-2,PGL9-2-4,4,esm1,-48.3,-69.7,28.2003969900009,standard,50-75 cm,48.3-69.7 cm
WashingtonState,mean,Ref,PGL9-2,PGL9-2-4,4,esm2,-48.4677316939287,-69.543228957146,29.4948540441131,standard,50-75 cm,48.5-69.5 cm
WashingtonState,mean,Ref,PGL9-2,PGL9-2-5,5,esm1,-69.7,-92.3,22.8982400100002,standard,75-100 cm,69.7-92.3 cm
WashingtonState,mean,Ref,PGL9-2,PGL9-2-5,5,esm2,-69.543228957146,-92.1050169771438,21.3821755118908,standard,75-100 cm,69.5-92.1 cm
WashingtonState,mean,Ref,PGL9-3,PGL9-3-1,1,esm1,0,-10.3,23.6258946,standard,0-10 cm,0-10.3 cm
WashingtonState,mean,Ref,PGL9-3,PGL9-3-1,1,esm2,0,-10.5755292315093,23.8556176253883,standard,0-10 cm,0-10.6 cm
WashingtonState,mean,Ref,PGL9-3,PGL9-3-2,2,esm1,-10.3,-33.8,26.3060236399998,standard,10-30 cm,10.3-33.8 cm
WashingtonState,mean,Ref,PGL9-3,PGL9-3-2,2,esm2,-10.5755292315093,-33.48568630207,26.7368062609818,standard,10-30 cm,10.6-33.5 cm
WashingtonState,mean,Ref,PGL9-3,PGL9-3-3,3,esm1,-33.8,-54.3,17.7629714400005,standard,30-50 cm,33.8-54.3 cm
WashingtonState,mean,Ref,PGL9-3,PGL9-3-3,3,esm2,-33.48568630207,-54.126399998159,17.4387837001214,standard,30-50 cm,33.5-54.1 cm
WashingtonState,mean,Ref,PGL9-3,PGL9-3-4,4,esm1,-54.3,-84.8,16.487831840001,standard,50-75 cm,54.3-84.8 cm
WashingtonState,mean,Ref,PGL9-3,PGL9-3-4,4,esm2,-54.126399998159,-84.8969561865306,16.4141960887803,standard,50-75 cm,54.1-84.9 cm
WashingtonState,mean,Ref,PGL9-3,PGL9-3-5,5,esm1,-84.8,-115.9,8.67950447999893,standard,75-100 cm,84.8-115.9 cm
WashingtonState,mean,Ref,PGL9-3,PGL9-3-5,5,esm2,-84.8969561865306,-116.319394654548,8.85956507476563,standard,75-100 cm,84.9-116.3 cm
WashingtonState,min,SHM,ASP10-1,ASP10-1-1,1,esm1,0,-5.8,11.9374148837209,standard,0-10 cm,0-5.8 cm
WashingtonState,min,SHM,ASP10-1,ASP10-1-1,1,esm2,0,-5.83556711224437,12.1646732443336,standard,0-10 cm,0-5.8 cm
WashingtonState,min,SHM,ASP10-1,ASP10-1-2,2,esm1,-5.8,-20.6,18.9038190697675,standard,10-30 cm,5.8-20.6 cm
WashingtonState,min,SHM,ASP10-1,ASP10-1-2,2,esm2,-5.83556711224437,-20.8495305186309,19.9561411686358,standard,10-30 cm,5.8-20.8 cm
WashingtonState,min,SHM,ASP10-1,ASP10-1-3,3,esm1,-20.6,-32.6,14.9183999999997,standard,30-50 cm,20.6-32.6 cm
WashingtonState,min,SHM,ASP10-1,ASP10-1-3,3,esm2,-20.8495305186309,-32.6413715229791,13.8131231359875,standard,30-50 cm,20.8-32.6 cm
WashingtonState,min,SHM,ASP10-1,ASP10-1-4,4,esm1,-32.6,-50.5,9.14927999999947,standard,50-75 cm,32.6-50.5 cm
WashingtonState,min,SHM,ASP10-1,ASP10-1-4,4,esm2,-32.6413715229791,-50.5633292380231,10.3218151833594,standard,50-75 cm,32.6-50.6 cm
WashingtonState,min,SHM,ASP10-1,ASP10-1-5,5,esm1,-50.5,-70.8,8.85695999999954,standard,75-100 cm,50.5-70.8 cm
WashingtonState,min,SHM,ASP10-1,ASP10-1-5,5,esm2,-50.5633292380231,-70.6889885357984,7.53309750872073,standard,75-100 cm,50.6-70.7 cm
WashingtonState,min,SHM,ASP10-2,ASP10-2-1,1,esm1,0,-5.8,9.04162651162789,standard,0-10 cm,0-5.8 cm
WashingtonState,min,SHM,ASP10-2,ASP10-2-1,1,esm2,0,-5.83248498449981,9.18119577027282,standard,0-10 cm,0-5.8 cm
WashingtonState,min,SHM,ASP10-2,ASP10-2-2,2,esm1,-5.8,-20.7,16.6600013953487,standard,10-30 cm,5.8-20.7 cm
WashingtonState,min,SHM,ASP10-2,ASP10-2-2,2,esm2,-5.83248498449981,-21.2061628108521,17.5361086864453,standard,10-30 cm,5.8-21.2 cm
WashingtonState,min,SHM,ASP10-2,ASP10-2-3,3,esm1,-20.7,-32.7,12.8088399999999,standard,30-50 cm,20.7-32.7 cm
WashingtonState,min,SHM,ASP10-2,ASP10-2-3,3,esm2,-21.2061628108521,-32.7782513153166,12.1114076259951,standard,30-50 cm,21.2-32.8 cm
WashingtonState,min,SHM,ASP10-2,ASP10-2-4,4,esm1,-32.7,-47.8,8.17211999999962,standard,50-75 cm,32.7-47.8 cm
WashingtonState,min,SHM,ASP10-2,ASP10-2-4,4,esm2,-32.7782513153166,-47.6491666695131,9.1923895763905,standard,50-75 cm,32.8-47.6 cm
WashingtonState,min,SHM,ASP10-2,ASP10-2-5,5,esm1,-47.8,-66.7,6.74909999999991,standard,75-100 cm,47.8-66.7 cm
WashingtonState,min,SHM,ASP10-2,ASP10-2-5,5,esm2,-47.6491666695131,-66.1994984767904,5.67248133369533,standard,75-100 cm,47.6-66.2 cm
WashingtonState,min,SHM,ASP10-3,ASP10-3-1,1,esm1,0,-5.8,4.36457999999999,standard,0-10 cm,0-5.8 cm
WashingtonState,min,SHM,ASP10-3,ASP10-3-1,1,esm2,0,-5.85382493359243,4.41305491923751,standard,0-10 cm,0-5.9 cm
WashingtonState,min,SHM,ASP10-3,ASP10-3-2,2,esm1,-5.8,-17.6,8.18409720930235,standard,10-30 cm,5.8-17.6 cm
WashingtonState,min,SHM,ASP10-3,ASP10-3-2,2,esm2,-5.85382493359243,-18.3013638849662,9.4103583574821,standard,10-30 cm,5.9-18.3 cm
WashingtonState,min,SHM,ASP10-3,ASP10-3-3,3,esm1,-17.6,-26.3,6.16308000000004,standard,30-50 cm,17.6-26.3 cm
WashingtonState,min,SHM,ASP10-3,ASP10-3-3,3,esm2,-18.3013638849662,-26.2225001964848,5.11412701584522,standard,30-50 cm,18.3-26.2 cm
WashingtonState,min,SHM,ASP10-3,ASP10-3-4,4,esm1,-26.3,-44.4,2.40987999999987,standard,50-75 cm,26.3-44.4 cm
WashingtonState,min,SHM,ASP10-3,ASP10-3-4,4,esm2,-26.2225001964848,-44.1629531758821,2.55818095335233,standard,50-75 cm,26.2-44.2 cm
WashingtonState,min,SHM,ASP10-3,ASP10-3-5,5,esm1,-44.4,-63,1.89719999999995,standard,75-100 cm,44.4-63 cm
WashingtonState,min,SHM,ASP10-3,ASP10-3-5,5,esm2,-44.1629531758821,-63.9950132947078,1.40958935354877,standard,75-100 cm,44.2-64 cm
WashingtonState,min,SHM,ASP2-1,ASP2-1-1,1,esm1,0,-7,15.154224,standard,0-10 cm,0-7 cm
WashingtonState,min,SHM,ASP2-1,ASP2-1-1,1,esm2,0,-7.19048734383927,15.5324540775241,standard,0-10 cm,0-7.2 cm
WashingtonState,min,SHM,ASP2-1,ASP2-1-2,2,esm1,-7,-19.6,30.8168399999999,standard,10-30 cm,7-19.6 cm
WashingtonState,min,SHM,ASP2-1,ASP2-1-2,2,esm2,-7.19048734383927,-20.3085605451346,31.5206214799281,standard,10-30 cm,7.2-20.3 cm
WashingtonState,min,SHM,ASP2-1,ASP2-1-3,3,esm1,-19.6,-29.6,24.9045395999999,standard,30-50 cm,19.6-29.6 cm
WashingtonState,min,SHM,ASP2-1,ASP2-1-3,3,esm2,-20.3085605451346,-29.5299996436568,24.0726914773302,standard,30-50 cm,20.3-29.5 cm
WashingtonState,min,SHM,ASP2-1,ASP2-1-4,4,esm1,-29.6,-45.3,26.9405092000005,standard,50-75 cm,29.6-45.3 cm
WashingtonState,min,SHM,ASP2-1,ASP2-1-4,4,esm2,-29.5299996436568,-44.2007859381404,29.7719310059329,standard,50-75 cm,29.5-44.2 cm
WashingtonState,min,SHM,ASP2-1,ASP2-1-5,5,esm1,-45.3,-63.3,30.8872080000006,standard,75-100 cm,45.3-63.3 cm
WashingtonState,min,SHM,ASP2-1,ASP2-1-5,5,esm2,-44.2007859381404,-63.2044647751892,28.4438603527596,standard,75-100 cm,44.2-63.2 cm
WashingtonState,min,SHM,ASP2-2,ASP2-2-1,1,esm1,0,-10,15.149385,standard,0-10 cm,0-10 cm
WashingtonState,min,SHM,ASP2-2,ASP2-2-1,1,esm2,0,-10,15.149385,standard,0-10 cm,0-10 cm
WashingtonState,min,SHM,ASP2-2,ASP2-2-2,2,esm1,-10,-24.6,23.5734081999999,standard,10-30 cm,10-24.6 cm
WashingtonState,min,SHM,ASP2-2,ASP2-2-2,2,esm2,-10,-25.914549027407,26.8279854867422,standard,10-30 cm,10-25.9 cm
WashingtonState,min,SHM,ASP2-2,ASP2-2-3,3,esm1,-24.6,-37.1,17.0444081199998,standard,30-50 cm,24.6-37.1 cm
WashingtonState,min,SHM,ASP2-2,ASP2-2-3,3,esm2,-25.914549027407,-36.405777139687,14.2912060372262,standard,30-50 cm,25.9-36.4 cm
WashingtonState,min,SHM,ASP2-2,ASP2-2-4,4,esm1,-37.1,-54.8,17.6869586399996,standard,50-75 cm,37.1-54.8 cm
WashingtonState,min,SHM,ASP2-2,ASP2-2-4,4,esm2,-36.405777139687,-54.1842254180926,19.3940957490796,standard,50-75 cm,36.4-54.2 cm
WashingtonState,min,SHM,ASP2-2,ASP2-2-5,5,esm1,-54.8,-75.3,20.4848955999989,standard,75-100 cm,54.8-75.3 cm
WashingtonState,min,SHM,ASP2-2,ASP2-2-5,5,esm2,-54.1842254180926,-75.4225163857,18.7729903145227,standard,75-100 cm,54.2-75.4 cm
WashingtonState,min,SHM,ASP2-3,ASP2-3-1,1,esm1,0,-8,14.719851,standard,0-10 cm,0-8 cm
WashingtonState,min,SHM,ASP2-3,ASP2-3-1,1,esm2,0,-8.12819192964903,14.6705170401192,standard,0-10 cm,0-8.1 cm
WashingtonState,min,SHM,ASP2-3,ASP2-3-2,2,esm1,-8,-22.1,37.6522760000001,standard,10-30 cm,8-22.1 cm
WashingtonState,min,SHM,ASP2-3,ASP2-3-2,2,esm2,-8.12819192964903,-23.7954548486397,41.3245800477662,standard,10-30 cm,8.1-23.8 cm
WashingtonState,min,SHM,ASP2-3,ASP2-3-3,3,esm1,-22.1,-33.4,30.9215459999998,standard,30-50 cm,22.1-33.4 cm
WashingtonState,min,SHM,ASP2-3,ASP2-3-3,3,esm2,-23.7954548486397,-34.2142670164852,29.5471973714211,standard,30-50 cm,23.8-34.2 cm
WashingtonState,min,SHM,ASP2-3,ASP2-3-4,4,esm1,-33.4,-48.3,33.6680159999999,standard,50-75 cm,33.4-48.3 cm
WashingtonState,min,SHM,ASP2-3,ASP2-3-4,4,esm2,-34.2142670164852,-47.7776192758636,34.4172630984599,standard,50-75 cm,34.2-47.8 cm
WashingtonState,min,SHM,ASP2-3,ASP2-3-5,5,esm1,-48.3,-65.1,31.8662577100001,standard,75-100 cm,48.3-65.1 cm
WashingtonState,min,SHM,ASP2-3,ASP2-3-5,5,esm2,-47.7776192758636,-65.0606906778745,29.2802249084176,standard,75-100 cm,47.8-65.1 cm
WashingtonState,min,SHM,ASP6-1,ASP6-1-1,1,esm1,0,-5.8,14.15004,standard,0-10 cm,0-5.8 cm
WashingtonState,min,SHM,ASP6-1,ASP6-1-1,1,esm2,0,-5.84581534792879,14.4151101736429,standard,0-10 cm,0-5.8 cm
WashingtonState,min,SHM,ASP6-1,ASP6-1-2,2,esm1,-5.8,-20.3,24.6984599999999,standard,10-30 cm,5.8-20.3 cm
WashingtonState,min,SHM,ASP6-1,ASP6-1-2,2,esm2,-5.84581534792879,-20.6611808538493,25.576692631176,standard,10-30 cm,5.8-20.7 cm
WashingtonState,min,SHM,ASP6-1,ASP6-1-3,3,esm1,-20.3,-31.8,16.2039799999999,standard,30-50 cm,20.3-31.8 cm
WashingtonState,min,SHM,ASP6-1,ASP6-1-3,3,esm2,-20.6611808538493,-31.8676145421467,16.7766032318378,standard,30-50 cm,20.7-31.9 cm
WashingtonState,min,SHM,ASP6-1,ASP6-1-4,4,esm1,-31.8,-47,12.60992,standard,50-75 cm,31.8-47 cm
WashingtonState,min,SHM,ASP6-1,ASP6-1-4,4,esm2,-31.8676145421467,-46.9932045837456,11.1998777996461,standard,50-75 cm,31.9-47 cm
WashingtonState,min,SHM,ASP6-1,ASP6-1-5,5,esm1,-47,-65.3,8.85680000000096,standard,75-100 cm,47-65.3 cm
WashingtonState,min,SHM,ASP6-1,ASP6-1-5,5,esm2,-46.9932045837456,-65.361494770629,8.89703711066943,standard,75-100 cm,47-65.4 cm
WashingtonState,min,SHM,ASP6-2,ASP6-2-1,1,esm1,0,-7,13.3395,standard,0-10 cm,0-7 cm
WashingtonState,min,SHM,ASP6-2,ASP6-2-1,1,esm2,0,-7.0703827253175,13.546828148626,standard,0-10 cm,0-7.1 cm
WashingtonState,min,SHM,ASP6-2,ASP6-2-2,2,esm1,-7,-23.2,25.2126000000001,standard,10-30 cm,7-23.2 cm
WashingtonState,min,SHM,ASP6-2,ASP6-2-2,2,esm2,-7.0703827253175,-22.8888266373687,27.3960587839253,standard,10-30 cm,7.1-22.9 cm
WashingtonState,min,SHM,ASP6-2,ASP6-2-3,3,esm1,-23.2,-38.1,18.5060999999998,standard,30-50 cm,23.2-38.1 cm
WashingtonState,min,SHM,ASP6-2,ASP6-2-3,3,esm2,-22.8888266373687,-37.6137004134075,16.5260610555195,standard,30-50 cm,22.9-37.6 cm
WashingtonState,min,SHM,ASP6-2,ASP6-2-4,4,esm1,-38.1,-63,15.6018,standard,50-75 cm,38.1-63 cm
WashingtonState,min,SHM,ASP6-2,ASP6-2-4,4,esm2,-37.6137004134075,-66.5137502130666,16.2576530653606,standard,50-75 cm,37.6-66.5 cm
WashingtonState,min,SHM,ASP6-2,ASP6-2-5,5,esm1,-63,-81.1,13.8827000000004,standard,75-100 cm,63-81.1 cm
WashingtonState,min,SHM,ASP6-2,ASP6-2-5,5,esm2,-66.5137502130666,-82.6062873787446,13.6528891497324,standard,75-100 cm,66.5-82.6 cm
WashingtonState,min,SHM,ASP6-3,ASP6-3-1,1,esm1,0,-5.4,15.1769,standard,0-10 cm,0-5.4 cm
WashingtonState,min,SHM,ASP6-3,ASP6-3-1,1,esm2,0,-5.43125462732537,15.3421762861809,standard,0-10 cm,0-5.4 cm
WashingtonState,min,SHM,ASP6-3,ASP6-3-2,2,esm1,-5.4,-19.9,29.43402,standard,10-30 cm,5.4-19.9 cm
WashingtonState,min,SHM,ASP6-3,ASP6-3-2,2,esm2,-5.43125462732537,-19.6636264051036,29.62606152971,standard,10-30 cm,5.4-19.7 cm
WashingtonState,min,SHM,ASP6-3,ASP6-3-3,3,esm1,-19.9,-33,22.2599800000001,standard,30-50 cm,19.9-33 cm
WashingtonState,min,SHM,ASP6-3,ASP6-3-3,3,esm2,-19.6636264051036,-32.6669497102621,23.3034415444989,standard,30-50 cm,19.7-32.7 cm
WashingtonState,min,SHM,ASP6-3,ASP6-3-4,4,esm1,-33,-54.8,24.2743000000004,standard,50-75 cm,33-54.8 cm
WashingtonState,min,SHM,ASP6-3,ASP6-3-4,4,esm2,-32.6669497102621,-55.0577373723977,24.0256030725768,standard,50-75 cm,32.7-55.1 cm
WashingtonState,min,SHM,ASP6-3,ASP6-3-5,5,esm1,-54.8,-75.2,22.4683200000006,standard,75-100 cm,54.8-75.2 cm
WashingtonState,min,SHM,ASP6-3,ASP6-3-5,5,esm2,-55.0577373723977,-76.0335244152213,22.284792877465,standard,75-100 cm,55.1-76 cm
WashingtonState,min,SHM,ASP9-1,ASP9-1-1,1,esm1,0,-6.9,16.6931115,standard,0-10 cm,0-6.9 cm
WashingtonState,min,SHM,ASP9-1,ASP9-1-1,1,esm2,0,-6.88684792081408,16.9263956857761,standard,0-10 cm,0-6.9 cm
WashingtonState,min,SHM,ASP9-1,ASP9-1-2,2,esm1,-6.9,-23.2,26.2075095000002,standard,10-30 cm,6.9-23.2 cm
WashingtonState,min,SHM,ASP9-1,ASP9-1-2,2,esm2,-6.88684792081408,-24.8501371776883,26.8735453599237,standard,10-30 cm,6.9-24.9 cm
WashingtonState,min,SHM,ASP9-1,ASP9-1-3,3,esm1,-23.2,-35.4,22.3664436000001,standard,30-50 cm,23.2-35.4 cm
WashingtonState,min,SHM,ASP9-1,ASP9-1-3,3,esm2,-24.8501371776883,-34.8087218436374,20.4724551357487,standard,30-50 cm,24.9-34.8 cm
WashingtonState,min,SHM,ASP9-1,ASP9-1-4,4,esm1,-35.4,-51.3,32.7639215999989,standard,50-75 cm,35.4-51.3 cm
WashingtonState,min,SHM,ASP9-1,ASP9-1-4,4,esm2,-34.8087218436374,-50.7166743589083,33.4793218065766,standard,50-75 cm,34.8-50.7 cm
WashingtonState,min,SHM,ASP9-1,ASP9-1-5,5,esm1,-51.3,-69.9,34.788623999999,standard,75-100 cm,51.3-69.9 cm
WashingtonState,min,SHM,ASP9-1,ASP9-1-5,5,esm2,-50.7166743589083,-70.0019931968366,37.1960077327273,standard,75-100 cm,50.7-70 cm
WashingtonState,min,SHM,ASP9-2,ASP9-2-1,1,esm1,0,-5.5,14.656935,standard,0-10 cm,0-5.5 cm
WashingtonState,min,SHM,ASP9-2,ASP9-2-1,1,esm2,0,-5.5532680879671,14.8571374599555,standard,0-10 cm,0-5.6 cm
WashingtonState,min,SHM,ASP9-2,ASP9-2-2,2,esm1,-5.5,-22.6,27.4024674,standard,10-30 cm,5.5-22.6 cm
WashingtonState,min,SHM,ASP9-2,ASP9-2-2,2,esm2,-5.5532680879671,-23.9755697680467,29.2900233689276,standard,10-30 cm,5.6-24 cm
WashingtonState,min,SHM,ASP9-2,ASP9-2-3,3,esm1,-22.6,-35.4,20.1647688000001,standard,30-50 cm,22.6-35.4 cm
WashingtonState,min,SHM,ASP9-2,ASP9-2-3,3,esm2,-23.9755697680467,-35.5670560736887,18.4070916658151,standard,30-50 cm,24-35.6 cm
WashingtonState,min,SHM,ASP9-2,ASP9-2-4,4,esm1,-35.4,-50,23.2312718000004,standard,50-75 cm,35.4-50 cm
WashingtonState,min,SHM,ASP9-2,ASP9-2-4,4,esm2,-35.5670560736887,-50.1234314998194,23.6225724309826,standard,50-75 cm,35.6-50.1 cm
WashingtonState,min,SHM,ASP9-2,ASP9-2-5,5,esm1,-50,-67,22.4430880000007,standard,75-100 cm,50-67 cm
WashingtonState,min,SHM,ASP9-2,ASP9-2-5,5,esm2,-50.1234314998194,-66.8793665826673,23.6571848834987,standard,75-100 cm,50.1-66.9 cm
WashingtonState,min,SHM,ASP9-3,ASP9-3-1,1,esm1,0,-5.7,18.4427356,standard,0-10 cm,0-5.7 cm
WashingtonState,min,SHM,ASP9-3,ASP9-3-1,1,esm2,0,-5.73373875719573,18.6512601945384,standard,0-10 cm,0-5.7 cm
WashingtonState,min,SHM,ASP9-3,ASP9-3-2,2,esm1,-5.7,-25.1,22.4885325999998,standard,10-30 cm,5.7-25.1 cm
WashingtonState,min,SHM,ASP9-3,ASP9-3-2,2,esm2,-5.73373875719573,-26.0630237129415,23.1736684782157,standard,10-30 cm,5.7-26.1 cm
WashingtonState,min,SHM,ASP9-3,ASP9-3-3,3,esm1,-25.1,-38.3,13.1635721400001,standard,30-50 cm,25.1-38.3 cm
WashingtonState,min,SHM,ASP9-3,ASP9-3-3,3,esm2,-26.0630237129415,-37.849519648043,13.1729324379863,standard,30-50 cm,26.1-37.8 cm
WashingtonState,min,SHM,ASP9-3,ASP9-3-4,4,esm1,-38.3,-56.8,15.0025933400005,standard,50-75 cm,38.3-56.8 cm
WashingtonState,min,SHM,ASP9-3,ASP9-3-4,4,esm2,-37.849519648043,-56.4296715821246,14.5710742709988,standard,50-75 cm,37.8-56.4 cm
WashingtonState,min,SHM,ASP9-3,ASP9-3-5,5,esm1,-56.8,-80.9,13.520524160001,standard,75-100 cm,56.8-80.9 cm
WashingtonState,min,SHM,ASP9-3,ASP9-3-5,5,esm2,-56.4296715821246,-80.9298104199015,13.2030924696029,standard,75-100 cm,56.4-80.9 cm
WashingtonState,min,BAU,BAU3-1,BAU3-1-1,1,esm1,0,-7.7,11.05555,standard,0-10 cm,0-7.7 cm
WashingtonState,min,BAU,BAU3-1,BAU3-1-1,1,esm2,0,-7.76047800261648,11.2458856402311,standard,0-10 cm,0-7.8 cm
WashingtonState,min,BAU,BAU3-1,BAU3-1-2,2,esm1,-7.7,-23.5,16.0027499999998,standard,10-30 cm,7.7-23.5 cm
WashingtonState,min,BAU,BAU3-1,BAU3-1-2,2,esm2,-7.76047800261648,-25.142914452472102,18.6528176311017,standard,10-30 cm,7.8-25.1 cm
WashingtonState,min,BAU,BAU3-1,BAU3-1-3,3,esm1,-23.5,-36.1,11.3971199999998,standard,30-50 cm,23.5-36.1 cm
WashingtonState,min,BAU,BAU3-1,BAU3-1-3,3,esm2,-25.142914452472102,-35.8607894871664,8.79261253947096,standard,30-50 cm,25.1-35.9 cm
WashingtonState,min,BAU,BAU3-1,BAU3-1-4,4,esm1,-36.1,-53.5,8.66867999999945,standard,50-75 cm,36.1-53.5 cm
WashingtonState,min,BAU,BAU3-1,BAU3-1-4,4,esm2,-35.8607894871664,-52.9241818834086,9.14779820933038,standard,50-75 cm,35.9-52.9 cm
WashingtonState,min,BAU,BAU3-1,BAU3-1-5,5,esm1,-53.5,-73.5,9.8988999999996,standard,75-100 cm,53.5-73.5 cm
WashingtonState,min,BAU,BAU3-1,BAU3-1-5,5,esm2,-52.9241818834086,-73.6817670706184,9.18463521631167,standard,75-100 cm,52.9-73.7 cm
WashingtonState,min,BAU,BAU3-2,BAU3-2-1,1,esm1,0,-8.2,9.15152,standard,0-10 cm,0-8.2 cm
WashingtonState,min,BAU,BAU3-2,BAU3-2-1,1,esm2,0,-8.29561711965663,9.32669874399901,standard,0-10 cm,0-8.3 cm
WashingtonState,min,BAU,BAU3-2,BAU3-2-2,2,esm1,-8.2,-24.9,13.9948199999999,standard,10-30 cm,8.2-24.9 cm
WashingtonState,min,BAU,BAU3-2,BAU3-2-2,2,esm2,-8.29561711965663,-27.0986412963417,15.8801842631854,standard,10-30 cm,8.3-27.1 cm
WashingtonState,min,BAU,BAU3-2,BAU3-2-3,3,esm1,-24.9,-38.3,11.0871599999999,standard,30-50 cm,24.9-38.3 cm
WashingtonState,min,BAU,BAU3-2,BAU3-2-3,3,esm2,-27.0986412963417,-38.3430542849986,9.09189196508827,standard,30-50 cm,27.1-38.3 cm
WashingtonState,min,BAU,BAU3-2,BAU3-2-4,4,esm1,-38.3,-54.4,10.3683999999999,standard,50-75 cm,38.3-54.4 cm
WashingtonState,min,BAU,BAU3-2,BAU3-2-4,4,esm2,-38.3430542849986,-54.0705994692055,10.6747463145951,standard,50-75 cm,38.3-54.1 cm
WashingtonState,min,BAU,BAU3-2,BAU3-2-5,5,esm1,-54.4,-72.9,11.9139999999998,standard,75-100 cm,54.4-72.9 cm
WashingtonState,min,BAU,BAU3-2,BAU3-2-5,5,esm2,-54.0705994692055,-72.9192567799375,11.5894265793855,standard,75-100 cm,54.1-72.9 cm
WashingtonState,min,BAU,BAU3-3,BAU3-3-1,1,esm1,0,-8,9.9072,standard,0-10 cm,0-8 cm
WashingtonState,min,BAU,BAU3-3,BAU3-3-1,1,esm2,0,-8.13137417762622,10.1454518288926,standard,0-10 cm,0-8.1 cm
WashingtonState,min,BAU,BAU3-3,BAU3-3-2,2,esm1,-8,-24.5,14.5147999999999,standard,10-30 cm,8-24.5 cm
WashingtonState,min,BAU,BAU3-3,BAU3-3-2,2,esm2,-8.13137417762622,-25.6043031785383,16.021377129484,standard,10-30 cm,8.1-25.6 cm
WashingtonState,min,BAU,BAU3-3,BAU3-3-3,3,esm1,-24.5,-37.9,9.78401000000002,standard,30-50 cm,24.5-37.9 cm
WashingtonState,min,BAU,BAU3-3,BAU3-3-3,3,esm2,-25.6043031785383,-37.6265647192383,8.56102685454625,standard,30-50 cm,25.6-37.6 cm
WashingtonState,min,BAU,BAU3-3,BAU3-3-4,4,esm1,-37.9,-56.6,9.44163000000065,standard,50-75 cm,37.9-56.6 cm
WashingtonState,min,BAU,BAU3-3,BAU3-3-4,4,esm2,-37.6265647192383,-56.6386512896522,10.0789991520816,standard,50-75 cm,37.6-56.6 cm
WashingtonState,min,BAU,BAU3-3,BAU3-3-5,5,esm1,-56.6,-78.1,9.58716000000043,standard,75-100 cm,56.6-78.1 cm
WashingtonState,min,BAU,BAU3-3,BAU3-3-5,5,esm2,-56.6386512896522,-77.6654993633715,8.78845625022817,standard,75-100 cm,56.6-77.7 cm
WashingtonState,min,BAU,BAU8-1,BAU8-1-1,1,esm1,0,-6.1,11.9770566666667,standard,0-10 cm,0-6.1 cm
WashingtonState,min,BAU,BAU8-1,BAU8-1-1,1,esm2,0,-6.14276931519296,12.0885538121818,standard,0-10 cm,0-6.1 cm
WashingtonState,min,BAU,BAU8-1,BAU8-1-2,2,esm1,-6.1,-25.4,33.5959637777776,standard,10-30 cm,6.1-25.4 cm
WashingtonState,min,BAU,BAU8-1,BAU8-1-2,2,esm2,-6.14276931519296,-25.1554896353874,33.3315051024077,standard,10-30 cm,6.1-25.2 cm
WashingtonState,min,BAU,BAU8-1,BAU8-1-3,3,esm1,-25.4,-43.1,32.0561651999998,standard,30-50 cm,25.4-43.1 cm
WashingtonState,min,BAU,BAU8-1,BAU8-1-3,3,esm2,-25.1554896353874,-43.3673165108469,30.9591209887226,standard,30-50 cm,25.2-43.4 cm
WashingtonState,min,BAU,BAU8-1,BAU8-1-4,4,esm1,-43.1,-68.1,46.2832999999989,standard,50-75 cm,43.1-68.1 cm
WashingtonState,min,BAU,BAU8-1,BAU8-1-4,4,esm2,-43.3673165108469,-68.6824292145335,48.0796485706327,standard,50-75 cm,43.4-68.7 cm
WashingtonState,min,BAU,BAU8-1,BAU8-1-5,5,esm1,-68.1,-93.7,45.6472687999989,standard,75-100 cm,68.1-93.7 cm
WashingtonState,min,BAU,BAU8-1,BAU8-1-5,5,esm2,-68.6824292145335,-94.4865036213228,47.381347964453,standard,75-100 cm,68.7-94.5 cm
WashingtonState,min,BAU,BAU8-2,BAU8-2-1,1,esm1,0,-6.1,11.6399968814815,standard,0-10 cm,0-6.1 cm
WashingtonState,min,BAU,BAU8-2,BAU8-2-1,1,esm2,0,-6.1651612120567,11.786867773612,standard,0-10 cm,0-6.2 cm
WashingtonState,min,BAU,BAU8-2,BAU8-2-2,2,esm1,-6.1,-22.5,29.3480212666668,standard,10-30 cm,6.1-22.5 cm
WashingtonState,min,BAU,BAU8-2,BAU8-2-2,2,esm2,-6.1651612120567,-22.6084251301634,29.5530299250126,standard,10-30 cm,6.2-22.6 cm
WashingtonState,min,BAU,BAU8-2,BAU8-2-3,3,esm1,-22.5,-36.6,25.3897266074077,standard,30-50 cm,22.5-36.6 cm
WashingtonState,min,BAU,BAU8-2,BAU8-2-3,3,esm2,-22.6084251301634,-36.2654273830934,23.2049589216623,standard,30-50 cm,22.6-36.3 cm
WashingtonState,min,BAU,BAU8-2,BAU8-2-4,4,esm1,-36.6,-56.2,35.5714202814821,standard,50-75 cm,36.6-56.2 cm
WashingtonState,min,BAU,BAU8-2,BAU8-2-4,4,esm2,-36.2654273830934,-56.2828039158018,37.5342349978483,standard,50-75 cm,36.3-56.3 cm
WashingtonState,min,BAU,BAU8-2,BAU8-2-5,5,esm1,-56.2,-79.3,54.6434743714277,standard,75-100 cm,56.2-79.3 cm
WashingtonState,min,BAU,BAU8-2,BAU8-2-5,5,esm2,-56.2828039158018,-79.639945541087,55.6120030716529,standard,75-100 cm,56.3-79.6 cm
WashingtonState,min,BAU,BAU8-3,BAU8-3-1,1,esm1,0,-6.1,13.6065634,standard,0-10 cm,0-6.1 cm
WashingtonState,min,BAU,BAU8-3,BAU8-3-1,1,esm2,0,-6.20385690922434,13.8230803768224,standard,0-10 cm,0-6.2 cm
WashingtonState,min,BAU,BAU8-3,BAU8-3-2,2,esm1,-6.1,-18,31.6761230444443,standard,10-30 cm,6.1-18 cm
WashingtonState,min,BAU,BAU8-3,BAU8-3-2,2,esm2,-6.20385690922434,-18.3476180508213,31.7047323016822,standard,10-30 cm,6.2-18.3 cm
WashingtonState,min,BAU,BAU8-3,BAU8-3-3,3,esm1,-18,-28.8,25.7991479999999,standard,30-50 cm,18-28.8 cm
WashingtonState,min,BAU,BAU8-3,BAU8-3-3,3,esm2,-18.3476180508213,-27.5738873279167,25.6900034692181,standard,30-50 cm,18.3-27.6 cm
WashingtonState,min,BAU,BAU8-3,BAU8-3-4,4,esm1,-28.8,-50.6,35.712869,standard,50-75 cm,28.8-50.6 cm
WashingtonState,min,BAU,BAU8-3,BAU8-3-4,4,esm2,-27.5738873279167,-49.8530996941379,36.1573330119884,standard,50-75 cm,27.6-49.9 cm
WashingtonState,min,BAU,BAU8-3,BAU8-3-5,5,esm1,-50.6,-73.1,37.2701820750001,standard,75-100 cm,50.6-73.1 cm
WashingtonState,min,BAU,BAU8-3,BAU8-3-5,5,esm2,-49.8530996941379,-73.9721816959809,38.0247867287331,standard,75-100 cm,49.9-74 cm
WashingtonState,min,BAU,BAU9-1,BAU9-1-1,1,esm1,0,-7.4,8.23401,standard,0-10 cm,0-7.4 cm
WashingtonState,min,BAU,BAU9-1,BAU9-1-1,1,esm2,0,-7.49399656905871,8.35127394497998,standard,0-10 cm,0-7.5 cm
WashingtonState,min,BAU,BAU9-1,BAU9-1-2,2,esm1,-7.4,-20.7,19.0159799,standard,10-30 cm,7.4-20.7 cm
WashingtonState,min,BAU,BAU9-1,BAU9-1-2,2,esm2,-7.49399656905871,-23.1373495166385,19.5958537196735,standard,10-30 cm,7.5-23.1 cm
WashingtonState,min,BAU,BAU9-1,BAU9-1-3,3,esm1,-20.7,-30.9,15.6963414000002,standard,30-50 cm,20.7-30.9 cm
WashingtonState,min,BAU,BAU9-1,BAU9-1-3,3,esm2,-23.1373495166385,-31.2636384979886,15.2279470575048,standard,30-50 cm,23.1-31.3 cm
WashingtonState,min,BAU,BAU9-1,BAU9-1-4,4,esm1,-30.9,-46.1,18.0972177000002,standard,50-75 cm,30.9-46.1 cm
WashingtonState,min,BAU,BAU9-1,BAU9-1-4,4,esm2,-31.2636384979886,-45.3047436616009,19.4305432468471,standard,50-75 cm,31.3-45.3 cm
WashingtonState,min,BAU,BAU9-1,BAU9-1-5,5,esm1,-46.1,-63.8,20.0856060000001,standard,75-100 cm,46.1-63.8 cm
WashingtonState,min,BAU,BAU9-1,BAU9-1-5,5,esm2,-45.3047436616009,-64.0388324892717,19.3462766208168,standard,75-100 cm,45.3-64 cm
WashingtonState,min,BAU,BAU9-2,BAU9-2-1,1,esm1,0,-7.6,8.97057440000001,standard,0-10 cm,0-7.6 cm
WashingtonState,min,BAU,BAU9-2,BAU9-2-1,1,esm2,0,-7.75184131647406,9.0432396671615,standard,0-10 cm,0-7.8 cm
WashingtonState,min,BAU,BAU9-2,BAU9-2-2,2,esm1,-7.6,-20,19.3636656,standard,10-30 cm,7.6-20 cm
WashingtonState,min,BAU,BAU9-2,BAU9-2-2,2,esm2,-7.75184131647406,-21.5128936196723,20.9716408216333,standard,10-30 cm,7.8-21.5 cm
WashingtonState,min,BAU,BAU9-2,BAU9-2-3,3,esm1,-20,-29.7,15.7071324000002,standard,30-50 cm,20-29.7 cm
WashingtonState,min,BAU,BAU9-2,BAU9-2-3,3,esm2,-21.5128936196723,-29.8911634468878,14.3302448492294,standard,30-50 cm,21.5-29.9 cm
WashingtonState,min,BAU,BAU9-2,BAU9-2-4,4,esm1,-29.7,-46.3,16.4851563899998,standard,50-75 cm,29.7-46.3 cm
WashingtonState,min,BAU,BAU9-2,BAU9-2-4,4,esm2,-29.8911634468878,-43.275362868024,17.5816730694073,standard,50-75 cm,29.9-43.3 cm
WashingtonState,min,BAU,BAU9-2,BAU9-2-5,5,esm1,-46.3,-69.2,16.5523412299995,standard,75-100 cm,46.3-69.2 cm
WashingtonState,min,BAU,BAU9-2,BAU9-2-5,5,esm2,-43.275362868024,-69.4345665886651,15.3798379480955,standard,75-100 cm,43.3-69.4 cm
WashingtonState,min,BAU,BAU9-3,BAU9-3-1,1,esm1,0,-5.9,9.62132039999999,standard,0-10 cm,0-5.9 cm
WashingtonState,min,BAU,BAU9-3,BAU9-3-1,1,esm2,0,-5.95650515183974,9.75903542457991,standard,0-10 cm,0-6 cm
WashingtonState,min,BAU,BAU9-3,BAU9-3-2,2,esm1,-5.9,-23.2,22.9560949777778,standard,10-30 cm,5.9-23.2 cm
WashingtonState,min,BAU,BAU9-3,BAU9-3-2,2,esm2,-5.95650515183974,-23.3589468387906,23.3809659726333,standard,10-30 cm,6-23.4 cm
WashingtonState,min,BAU,BAU9-3,BAU9-3-3,3,esm1,-23.2,-37.3,16.5532498000003,standard,30-50 cm,23.2-37.3 cm
WashingtonState,min,BAU,BAU9-3,BAU9-3-3,3,esm2,-23.3589468387906,-37.4800371279598,17.0248945803148,standard,30-50 cm,23.4-37.5 cm
WashingtonState,min,BAU,BAU9-3,BAU9-3-4,4,esm1,-37.3,-57,20.6856756370377,standard,50-75 cm,37.3-57 cm
WashingtonState,min,BAU,BAU9-3,BAU9-3-4,4,esm2,-37.4800371279598,-57.1834060635677,20.0941986220432,standard,50-75 cm,37.5-57.2 cm
WashingtonState,min,BAU,BAU9-3,BAU9-3-5,5,esm1,-57,-75.9,14.5487691425934,standard,75-100 cm,57-75.9 cm
WashingtonState,min,BAU,BAU9-3,BAU9-3-5,5,esm2,-57.1834060635677,-76.1820806561788,15.3107378432398,standard,75-100 cm,57.2-76.2 cm
WashingtonState,min,Ref,PGL7-7a,PGL7-7a-1,1,esm1,0,-6,10.4033528181818,standard,0-10 cm,0-6 cm
WashingtonState,min,Ref,PGL7-7a,PGL7-7a-1,1,esm2,0,-6.07959455922833,10.5813765128634,standard,0-10 cm,0-6.1 cm
WashingtonState,min,Ref,PGL7-7a,PGL7-7a-2,2,esm1,-6,-20.7,20.6507790227274,standard,10-30 cm,6-20.7 cm
WashingtonState,min,Ref,PGL7-7a,PGL7-7a-2,2,esm2,-6.07959455922833,-20.7353652268737,20.8069661895908,standard,10-30 cm,6.1-20.7 cm
WashingtonState,min,Ref,PGL7-7a,PGL7-7a-3,3,esm1,-20.7,-32.3,7.22427699999983,standard,30-50 cm,20.7-32.3 cm
WashingtonState,min,Ref,PGL7-7a,PGL7-7a-3,3,esm2,-20.7353652268737,-32.3757778588842,8.38134245512327,standard,30-50 cm,20.7-32.4 cm
WashingtonState,min,Ref,PGL7-7a,PGL7-7a-4,4,esm1,-32.3,-48.1,8.6383417500001,standard,50-75 cm,32.3-48.1 cm
WashingtonState,min,Ref,PGL7-7a,PGL7-7a-4,4,esm2,-32.3757778588842,-48.1239422086807,7.22223030439834,standard,50-75 cm,32.4-48.1 cm
WashingtonState,min,Ref,PGL7-7a,PGL7-7a-5,5,esm1,-48.1,-66.1,7.77301458000053,standard,75-100 cm,48.1-66.1 cm
WashingtonState,min,Ref,PGL7-7a,PGL7-7a-5,5,esm2,-48.1239422086807,-65.9880671627148,7.89125545290523,standard,75-100 cm,48.1-66 cm
WashingtonState,min,Ref,PGL7-7b,PGL7-7b-1,1,esm1,0,-7.4,13.601213,standard,0-10 cm,0-7.4 cm
WashingtonState,min,Ref,PGL7-7b,PGL7-7b-1,1,esm2,0,-7.48291206680593,13.8669190809957,standard,0-10 cm,0-7.5 cm
WashingtonState,min,Ref,PGL7-7b,PGL7-7b-2,2,esm1,-7.4,-23.1,23.1236828799998,standard,10-30 cm,7.4-23.1 cm
WashingtonState,min,Ref,PGL7-7b,PGL7-7b-2,2,esm2,-7.48291206680593,-22.987459597173,23.139371746333,standard,10-30 cm,7.5-23 cm
WashingtonState,min,Ref,PGL7-7b,PGL7-7b-3,3,esm1,-23.1,-36,13.0127563199996,standard,30-50 cm,23.1-36 cm
WashingtonState,min,Ref,PGL7-7b,PGL7-7b-3,3,esm2,-22.987459597173,-35.7443190363027,14.2891337554355,standard,30-50 cm,23-35.7 cm
WashingtonState,min,Ref,PGL7-7b,PGL7-7b-4,4,esm1,-36,-53.4,13.5128491199995,standard,50-75 cm,36-53.4 cm
WashingtonState,min,Ref,PGL7-7b,PGL7-7b-4,4,esm2,-35.7443190363027,-53.9037974962263,13.0372330628524,standard,50-75 cm,35.7-53.9 cm
WashingtonState,min,Ref,PGL7-7b,PGL7-7b-5,5,esm1,-53.4,-71.8,9.03458447999959,standard,75-100 cm,53.4-71.8 cm
WashingtonState,min,Ref,PGL7-7b,PGL7-7b-5,5,esm2,-53.9037974962263,-71.9639380419817,8.23179265496169,standard,75-100 cm,53.9-72 cm
WashingtonState,min,Ref,PGL7-7c,PGL7-7c-1,1,esm1,0,-5.8,15.5931264,standard,0-10 cm,0-5.8 cm
WashingtonState,min,Ref,PGL7-7c,PGL7-7c-1,1,esm2,0,-5.82213555182373,15.8518077769234,standard,0-10 cm,0-5.8 cm
WashingtonState,min,Ref,PGL7-7c,PGL7-7c-2,2,esm1,-5.8,-25.1,26.9879170000002,standard,10-30 cm,5.8-25.1 cm
WashingtonState,min,Ref,PGL7-7c,PGL7-7c-2,2,esm2,-5.82213555182373,-25.4699925539834,26.8101596571053,standard,10-30 cm,5.8-25.5 cm
WashingtonState,min,Ref,PGL7-7c,PGL7-7c-3,3,esm1,-25.1,-38,21.2831165999999,standard,30-50 cm,25.1-38 cm
WashingtonState,min,Ref,PGL7-7c,PGL7-7c-3,3,esm2,-25.4699925539834,-38.4361761529908,21.9656864459054,standard,30-50 cm,25.5-38.4 cm
WashingtonState,min,Ref,PGL7-7c,PGL7-7c-4,4,esm1,-38,-55,20.3559392999996,standard,50-75 cm,38-55 cm
WashingtonState,min,Ref,PGL7-7c,PGL7-7c-4,4,esm2,-38.4361761529908,-54.9134389274542,21.2667988293879,standard,50-75 cm,38.4-54.9 cm
WashingtonState,min,Ref,PGL7-7c,PGL7-7c-5,5,esm1,-55,-74.8,18.6707770466664,standard,75-100 cm,55-74.8 cm
WashingtonState,min,Ref,PGL7-7c,PGL7-7c-5,5,esm2,-54.9134389274542,-74.6830209260282,17.4981053307164,standard,75-100 cm,54.9-74.7 cm
WashingtonState,min,Ref,PGL9-1,PGL9-1-1,1,esm1,0,-6.9,16.6931115,standard,0-10 cm,0-6.9 cm
WashingtonState,min,Ref,PGL9-1,PGL9-1-1,1,esm2,0,-6.88684792081408,16.9263956857761,standard,0-10 cm,0-6.9 cm
WashingtonState,min,Ref,PGL9-1,PGL9-1-2,2,esm1,-6.9,-23.2,26.2075095000002,standard,10-30 cm,6.9-23.2 cm
WashingtonState,min,Ref,PGL9-1,PGL9-1-2,2,esm2,-6.88684792081408,-24.8501371776883,26.8735453599237,standard,10-30 cm,6.9-24.9 cm
WashingtonState,min,Ref,PGL9-1,PGL9-1-3,3,esm1,-23.2,-35.4,22.3664436000001,standard,30-50 cm,23.2-35.4 cm
WashingtonState,min,Ref,PGL9-1,PGL9-1-3,3,esm2,-24.8501371776883,-34.8087218436374,20.4724551357487,standard,30-50 cm,24.9-34.8 cm
WashingtonState,min,Ref,PGL9-1,PGL9-1-4,4,esm1,-35.4,-51.3,32.7639215999989,standard,50-75 cm,35.4-51.3 cm
WashingtonState,min,Ref,PGL9-1,PGL9-1-4,4,esm2,-34.8087218436374,-50.7166743589083,33.4793218065766,standard,50-75 cm,34.8-50.7 cm
WashingtonState,min,Ref,PGL9-1,PGL9-1-5,5,esm1,-51.3,-69.9,34.788623999999,standard,75-100 cm,51.3-69.9 cm
WashingtonState,min,Ref,PGL9-1,PGL9-1-5,5,esm2,-50.7166743589083,-70.0019931968366,37.1960077327273,standard,75-100 cm,50.7-70 cm
WashingtonState,min,Ref,PGL9-2,PGL9-2-1,1,esm1,0,-5.5,14.656935,standard,0-10 cm,0-5.5 cm
WashingtonState,min,Ref,PGL9-2,PGL9-2-1,1,esm2,0,-5.5532680879671,14.8571374599555,standard,0-10 cm,0-5.6 cm
WashingtonState,min,Ref,PGL9-2,PGL9-2-2,2,esm1,-5.5,-22.6,27.4024674,standard,10-30 cm,5.5-22.6 cm
WashingtonState,min,Ref,PGL9-2,PGL9-2-2,2,esm2,-5.5532680879671,-23.9755697680467,29.2900233689276,standard,10-30 cm,5.6-24 cm
WashingtonState,min,Ref,PGL9-2,PGL9-2-3,3,esm1,-22.6,-35.4,20.1647688000001,standard,30-50 cm,22.6-35.4 cm
WashingtonState,min,Ref,PGL9-2,PGL9-2-3,3,esm2,-23.9755697680467,-35.5670560736887,18.4070916658151,standard,30-50 cm,24-35.6 cm
WashingtonState,min,Ref,PGL9-2,PGL9-2-4,4,esm1,-35.4,-50,23.2312718000004,standard,50-75 cm,35.4-50 cm
WashingtonState,min,Ref,PGL9-2,PGL9-2-4,4,esm2,-35.5670560736887,-50.1234314998194,23.6225724309826,standard,50-75 cm,35.6-50.1 cm
WashingtonState,min,Ref,PGL9-2,PGL9-2-5,5,esm1,-50,-67,22.4430880000007,standard,75-100 cm,50-67 cm
WashingtonState,min,Ref,PGL9-2,PGL9-2-5,5,esm2,-50.1234314998194,-66.8793665826673,23.6571848834987,standard,75-100 cm,50.1-66.9 cm
WashingtonState,min,Ref,PGL9-3,PGL9-3-1,1,esm1,0,-5.7,18.4427356,standard,0-10 cm,0-5.7 cm
WashingtonState,min,Ref,PGL9-3,PGL9-3-1,1,esm2,0,-5.73373875719573,18.6512601945384,standard,0-10 cm,0-5.7 cm
WashingtonState,min,Ref,PGL9-3,PGL9-3-2,2,esm1,-5.7,-25.1,22.4885325999998,standard,10-30 cm,5.7-25.1 cm
WashingtonState,min,Ref,PGL9-3,PGL9-3-2,2,esm2,-5.73373875719573,-26.0630237129415,23.1736684782157,standard,10-30 cm,5.7-26.1 cm
WashingtonState,min,Ref,PGL9-3,PGL9-3-3,3,esm1,-25.1,-38.3,13.1635721400001,standard,30-50 cm,25.1-38.3 cm
WashingtonState,min,Ref,PGL9-3,PGL9-3-3,3,esm2,-26.0630237129415,-37.849519648043,13.1729324379863,standard,30-50 cm,26.1-37.8 cm
WashingtonState,min,Ref,PGL9-3,PGL9-3-4,4,esm1,-38.3,-56.8,15.0025933400005,standard,50-75 cm,38.3-56.8 cm
WashingtonState,min,Ref,PGL9-3,PGL9-3-4,4,esm2,-37.849519648043,-56.4296715821246,14.5710742709988,standard,50-75 cm,37.8-56.4 cm
WashingtonState,min,Ref,PGL9-3,PGL9-3-5,5,esm1,-56.8,-80.9,13.520524160001,standard,75-100 cm,56.8-80.9 cm
WashingtonState,min,Ref,PGL9-3,PGL9-3-5,5,esm2,-56.4296715821246,-80.9298104199015,13.2030924696029,standard,75-100 cm,56.4-80.9 cm
